ax,ay,az,gx,gy,gz,temp,volt,vel

0.410294,0.382139,9.647798,15.818233,0.003653,0.048242,-0.035974,3.576000,0.000000

0.587526,0.822823,9.643007,15.815292,-0.002476,0.037051,-0.014657,3.400000,0.000000

0.647401,0.712652,9.657377,15.841763,-0.009137,0.043446,0.013588,3.296000,0.000000

0.633031,0.406090,9.671748,15.847647,-0.012068,0.045844,0.019184,3.220000,0.000000

0.161212,0.446805,9.951965,15.847647,-0.034451,0.041581,-0.009061,3.168000,0.000000

0.213903,0.106712,9.769943,15.853529,-0.000610,0.043446,-0.052228,3.120000,0.000000

0.393529,0.662357,9.868139,15.859411,-0.018197,0.028791,-0.094329,3.064000,0.000000

0.118102,0.626431,9.789104,15.835880,-0.017664,0.046111,-0.072479,2.992000,0.000000

0.007931,0.937784,9.686118,15.871176,-0.014733,0.035186,-0.033309,2.944000,0.000000

-0.341742,0.523446,9.959150,15.877058,-0.026457,0.005609,0.009591,2.900000,0.000000

-0.365692,-0.056149,9.834609,15.862352,0.019907,-0.043154,-0.096461,2.852000,0.000000

-1.005162,0.104317,9.748388,15.885881,-0.014200,-0.030897,-0.216369,2.796000,0.000000

-0.145350,0.873118,9.302915,15.882940,-0.017664,-0.084722,-0.275257,2.744000,0.000000

-1.077013,0.679122,9.796288,15.879999,0.031632,-0.114033,-0.288847,2.700000,0.000000

0.098942,2.544842,8.778405,15.882940,0.006318,-0.119629,-0.160945,2.656000,0.000000

-0.978817,0.372559,9.511281,15.900587,-0.034984,-0.108970,-0.026115,2.612000,0.000000

-0.756080,1.670660,9.899275,15.882940,0.032165,-0.182514,-0.054093,2.564000,0.000000

-0.351322,1.582044,9.592712,15.906469,0.062808,-0.213690,0.042366,2.520000,0.000000

0.700091,1.000055,9.307705,15.909410,0.054547,-0.237139,0.050360,2.468000,0.000000

1.140775,1.443133,9.334050,15.912352,-0.011802,-0.238738,0.099656,2.428000,0.000000

0.609081,1.354517,9.678933,15.915293,0.028434,-0.175320,0.170801,2.384000,0.000000

1.715580,0.612061,9.681328,15.927057,0.049218,-0.216355,0.215300,2.336000,0.000000

2.175424,0.645592,8.627519,15.924116,-0.066960,-0.220618,0.182259,2.296000,0.000000

2.091598,1.150941,9.640613,15.938822,-0.125048,-0.164395,0.102587,2.256000,0.000000

1.231786,1.364097,10.057346,15.959410,-0.045909,-0.127623,0.022115,2.212000,0.000000

1.492843,0.782108,10.311218,15.947645,0.004452,-0.123359,-0.060755,2.172000,0.000000

0.707277,0.298314,10.040581,15.941763,0.095849,-0.132686,-0.116445,2.140000,0.000000

1.605409,-0.513598,9.535232,15.962351,0.059877,-0.180649,-0.168406,2.100000,0.000000

1.677259,-1.962585,9.180769,15.977058,-0.021927,-0.144943,-0.191321,2.060000,0.000000

2.019747,-1.526691,9.626243,15.962351,-0.100001,-0.131620,-0.219566,2.032000,0.000000

2.235299,-0.288466,10.263317,15.962351,-0.068025,-0.076195,-0.236886,1.984000,0.000000

2.750228,-0.693224,10.143566,15.991764,-0.048307,-0.034094,-0.207576,1.944000,0.000000

2.086808,-0.125605,10.004656,15.971176,0.010848,-0.009313,-0.103122,1.904000,0.000000

2.122733,-0.506413,9.805869,15.971176,-0.007538,-0.009846,-0.017854,1.868000,0.000000

1.437757,-0.413007,9.664562,15.977058,0.003653,-0.014110,0.080737,1.828000,0.000000

0.898878,0.391720,9.817844,15.982941,0.036428,0.016267,0.082336,1.796000,0.000000

0.225878,0.806058,9.446616,15.980000,-0.000077,-0.021571,-0.011459,1.760000,0.000000

0.434244,1.270692,9.604687,15.980000,0.016710,-0.039424,-0.060755,1.728000,0.000000

0.058226,1.565279,9.013118,15.982941,-0.082947,-0.017307,-0.053827,1.696000,0.000000

1.509608,0.142637,9.951965,15.968235,-0.029122,-0.130287,-0.037839,1.668000,0.000000

2.256854,-0.386662,9.654983,15.997646,0.060942,-0.092450,0.003996,1.636000,0.000000

1.792220,0.568951,9.688513,15.988823,0.020707,-0.059675,0.073542,1.600000,0.000000

1.952687,-0.310021,9.214299,16.003529,0.006318,-0.085522,0.131631,1.564000,0.000000

2.355050,-0.302836,9.537626,15.997646,0.003920,-0.047151,0.166005,1.536000,0.000000

2.115548,0.535421,9.540022,15.985882,0.033230,-0.009580,0.164939,1.508000,0.000000

2.122733,1.701795,9.226274,16.009411,0.040958,0.012270,0.161741,1.480000,0.000000

2.541862,0.305499,9.252620,16.015293,-0.054436,-0.034361,0.156146,1.448000,0.000000

2.151473,0.190538,9.578342,16.006470,0.034296,0.043979,0.097524,1.428000,0.000000

1.670074,0.089947,9.341235,16.006470,-0.005140,0.049841,-0.019720,1.364000,0.000000

0.980309,0.894674,9.623847,16.012352,0.018841,0.050108,-0.062354,1.332000,0.000000

1.131195,0.992869,9.458591,16.000587,-0.010736,0.025327,-0.029579,1.304000,0.000000

1.040184,1.186866,9.338840,16.015293,0.012979,0.029324,-0.005331,1.272000,0.000000

1.488053,1.083880,9.317285,16.000587,-0.020062,0.014135,0.034372,1.248000,0.000000

1.377882,1.407208,9.638218,16.000587,-0.021661,-0.005583,0.057022,1.224000,0.000000

0.997074,0.849168,10.016630,16.021175,-0.043244,0.038916,0.046097,1.200000,0.000000

0.932408,0.913834,10.088481,16.024117,-0.009404,0.026659,0.048761,1.180000,0.000000

1.327587,-0.345946,9.906460,16.021175,0.019374,0.019997,0.014388,1.160000,0.000000

1.622174,-1.052477,9.767549,16.015293,0.014844,0.001079,-0.018654,1.144000,0.000000

1.595829,-0.968652,9.803473,16.029999,-0.008071,-0.001586,-0.017588,1.128000,0.000000

1.411412,-0.676459,9.585527,16.018234,0.027368,0.010938,-0.031977,1.116000,0.000000

0.805472,0.779713,9.583132,16.024117,0.022039,0.006141,-0.036240,1.100000,0.000000

0.803077,0.985684,9.516071,16.024117,0.001788,-0.025568,-0.034375,1.084000,0.000000

0.953964,1.131781,9.587922,16.050587,-0.000877,-0.044220,-0.012525,1.076000,0.000000

2.932250,0.947364,10.193862,16.032940,-0.077884,-0.042888,0.094326,1.068000,0.000000

3.837567,0.841983,9.585527,16.027058,-0.067226,-0.054612,0.146819,1.056000,0.000000

1.837726,0.940179,9.750783,16.035881,-0.010736,0.063964,0.167870,1.044000,0.000000

1.100060,0.894674,9.631032,16.035881,0.029233,-0.001586,0.114311,1.036000,0.000000

2.012562,1.768856,10.246552,16.047646,0.044955,0.022129,0.071411,1.032000,0.000000

1.789825,-0.415402,9.434641,16.032940,-0.030188,0.079419,0.005861,1.024000,0.000000

1.073714,1.071905,9.858560,16.035881,0.028168,0.042380,-0.061821,1.016000,0.000000

1.155145,0.408485,9.808264,16.041763,-0.010469,0.041314,-0.132167,1.012000,0.000000

1.370697,0.911439,9.566367,16.056469,-0.009404,0.062898,-0.076476,1.008000,0.000000

0.968334,0.094737,9.609477,16.038822,-0.001943,0.024527,-0.109784,0.992000,0.000000

1.174305,0.228858,9.628637,16.047646,0.002054,0.013069,-0.046366,0.988000,0.000000

1.174305,0.324659,9.796288,16.068233,0.004719,0.009605,-0.015723,0.984000,0.000000

1.519188,0.533026,9.573552,16.065292,0.006051,0.028258,0.001864,0.976000,0.000000

1.444943,0.822823,9.580737,16.077057,-0.003009,0.022129,0.028510,0.976000,0.000000

1.442548,0.662357,9.544811,16.065292,-0.001943,0.033321,0.028777,0.972000,0.000000

1.313216,0.475545,9.590317,16.071175,-0.009937,0.040515,-0.008795,0.968000,0.000000

1.176700,0.137847,9.702883,16.062351,-0.013401,0.035452,-0.033043,0.964000,0.000000

0.807867,0.212093,9.645403,16.068233,-0.002209,0.035452,-0.049030,0.960000,0.000000

0.779127,0.142637,9.710068,16.062351,0.003387,0.015734,-0.081805,0.956000,0.000000

1.018629,0.281549,9.549602,16.094706,-0.001676,0.006408,-0.061288,0.956000,0.000000

0.930013,0.360584,9.633428,16.074116,0.007117,0.007474,-0.009860,0.952000,0.000000

1.368302,0.492310,9.578342,16.074116,0.003387,0.004276,0.020783,0.952000,0.000000

1.411412,0.480335,9.590317,16.082939,-0.001410,0.012004,0.052225,0.948000,0.000000

1.432967,0.324659,9.650192,16.074116,0.000455,0.017866,0.049028,0.944000,0.000000

1.782640,0.274364,9.619058,16.068233,0.004186,0.034919,0.051959,0.944000,0.000000

1.765875,0.432435,9.535232,16.077057,0.007117,0.054371,0.066881,0.944000,0.000000

1.282081,0.406090,9.755573,16.106470,0.004719,0.061832,0.064483,0.940000,0.000000

1.155145,0.463570,9.506492,16.112352,-0.001143,0.077553,-0.005331,0.936000,0.000000

1.318007,0.317474,9.688513,16.129999,-0.005407,0.079419,-0.047965,0.936000,0.000000

1.250946,0.324659,9.427456,16.106470,0.001788,0.091676,-0.090332,0.932000,0.000000

0.920433,0.377349,9.609477,16.147646,0.000722,0.087412,-0.081539,0.932000,0.000000

0.712067,0.365374,9.717253,16.135881,0.008716,0.087146,-0.080207,0.928000,0.000000

0.434244,0.374954,9.745994,16.129999,0.003120,0.061832,-0.009860,0.928000,0.000000

0.348024,0.135452,9.492122,16.165293,0.007384,0.046111,0.015986,0.928000,0.000000

-0.176486,0.765343,9.427456,16.147646,0.035096,0.014402,-0.050629,0.924000,0.000000

-0.011229,0.892279,9.504096,16.156469,0.003120,-0.020771,-0.127903,0.924000,0.000000

0.489330,1.462293,9.662168,16.162352,-0.003009,-0.042088,-0.196384,0.920000,0.000000

0.872533,1.033585,9.405901,16.162352,-0.011535,-0.000520,-0.293643,0.920000,0.000000

1.085690,0.870723,9.714858,16.165293,-0.001676,0.004543,-0.288580,0.920000,0.000000

1.385067,0.688702,9.470566,16.153528,0.003120,-0.011445,-0.168939,0.916000,0.000000

0.759967,0.647987,9.753179,16.162352,-0.024858,-0.024235,-0.103655,0.916000,0.000000

-0.037575,0.849168,9.690907,16.159410,0.005252,-0.016241,-0.067683,0.916000,0.000000

-0.183671,0.089947,9.611873,16.174116,-0.044044,-0.070600,-0.029845,0.916000,0.000000

-0.075895,0.865933,9.992681,16.153528,-0.011002,-0.078061,-0.056758,0.916000,0.000000

0.225878,0.521051,9.657377,16.144705,-0.008604,-0.084989,-0.049030,0.916000,0.000000

0.999469,-0.010644,9.547207,16.159410,-0.011002,-0.142012,0.219031,0.912000,0.000000

1.701210,0.219278,9.609477,16.150587,-0.008604,-0.118829,0.202244,0.908000,0.000000

1.332377,-0.137580,9.731624,16.156469,-0.005140,-0.110836,0.205175,0.908000,0.000000

1.756295,-0.405822,9.705278,16.168234,0.005785,-0.105506,0.149484,0.908000,0.000000

1.682050,0.030072,9.484936,16.174116,0.012180,-0.092983,0.084734,0.904000,0.000000

1.605409,0.327054,9.674143,16.162352,0.009249,-0.086588,0.005328,0.908000,0.000000

1.768270,0.592901,9.640613,16.174116,0.012180,-0.080192,-0.058357,0.908000,0.000000

1.804196,0.633617,9.568762,16.182940,0.002587,-0.057010,-0.081805,0.904000,0.000000

1.023419,-0.259726,10.220207,16.168234,0.008716,-0.069800,-0.055692,0.904000,0.000000

1.262921,0.315079,9.523256,16.177057,-0.005673,-0.021304,-0.016522,0.904000,0.000000

0.870138,0.204908,9.786709,16.185881,0.011380,-0.014110,0.052492,0.904000,0.000000

1.303637,0.379744,9.729228,16.209410,0.014312,-0.024502,0.084734,0.904000,0.000000

1.459313,0.676727,9.602292,16.206469,0.010315,-0.034361,0.122838,0.904000,0.000000

1.911971,0.556976,9.542417,16.203527,0.012713,-0.010113,0.146020,0.904000,0.000000

1.500028,0.384534,9.468171,16.203527,0.011380,0.000812,0.136694,0.904000,0.000000

1.842516,0.336634,9.619058,16.221176,0.013779,-0.005849,0.063150,0.900000,0.000000

2.175424,0.523446,9.484936,16.224117,-0.003808,0.020530,-0.018121,0.904000,0.000000

1.878441,0.487520,9.712463,16.224117,-0.003541,0.031455,-0.040237,0.904000,0.000000

1.571879,0.521051,9.566367,16.227058,-0.000610,0.038916,-0.082072,0.900000,0.000000

1.741925,0.573741,9.427456,16.230000,-0.000344,0.046377,-0.088467,0.904000,0.000000

1.777850,0.430040,9.501701,16.224117,-0.011269,0.047976,-0.068482,0.900000,0.000000

1.531163,0.475545,9.595107,16.221176,-0.005407,0.065030,-0.041569,0.900000,0.000000

1.437757,0.489915,9.563972,16.218235,-0.006739,0.063964,-0.016256,0.900000,0.000000

1.310822,0.422855,9.681328,16.224117,-0.004874,0.057569,0.006127,0.900000,0.000000

1.222206,0.458780,9.563972,16.227058,0.000455,0.059700,-0.006396,0.896000,0.000000

1.286871,0.561766,9.523256,16.230000,-0.004341,0.052772,-0.014923,0.896000,0.000000

1.344352,0.547396,9.551997,16.221176,-0.010469,0.056503,-0.023716,0.900000,0.000000

1.325192,0.415670,9.575947,16.221176,-0.012068,0.054638,-0.035707,0.896000,0.000000

1.176700,0.415670,9.585527,16.221176,-0.011535,0.063431,-0.051429,0.900000,0.000000

1.080899,0.588111,9.544811,16.218235,-0.003009,0.054904,-0.059422,0.900000,0.000000

1.186280,0.801268,9.640613,16.218235,-0.003275,0.050374,-0.049297,0.900000,0.000000

1.143170,0.909044,9.561577,16.224117,-0.004607,0.055437,-0.037306,0.896000,0.000000

0.867743,1.004844,9.614267,16.218235,-0.003009,0.052239,-0.014657,0.896000,0.000000

1.013839,0.849168,9.501701,16.215292,-0.002476,0.040515,0.002130,0.896000,0.000000

1.411412,0.767738,9.326865,16.215292,0.007916,0.044512,0.001065,0.900000,0.000000

1.665284,0.353399,9.022697,16.227058,-0.029921,0.032788,0.045297,0.892000,0.000000

0.858163,0.916229,9.789104,16.221176,-0.024858,0.053838,0.058087,0.892000,0.000000

0.843793,1.062325,9.652588,16.227058,0.063607,0.082616,0.040235,0.896000,0.000000

1.332377,-0.106445,9.041858,16.209410,-0.044577,0.006941,0.018118,0.896000,0.000000

1.327587,1.268297,9.875324,16.212351,-0.025391,0.061299,-0.004531,0.896000,0.000000

1.603014,2.195169,9.834609,16.227058,0.066538,0.101801,-0.006396,0.896000,0.000000

1.301241,1.467083,9.530441,16.230000,-0.014999,0.117523,-0.049563,0.896000,0.000000

0.704881,1.668265,9.604687,16.227058,-0.029655,0.105798,-0.089799,0.900000,0.000000

0.623451,1.481453,9.827424,16.238823,0.052416,0.144169,-0.160412,0.928000,0.000000

1.538348,0.288734,8.960427,16.218235,-0.051238,0.076488,-0.220099,0.924000,0.000000

0.839003,2.444251,9.896879,16.215292,-0.030188,0.131379,-0.259536,0.988000,0.000000

1.162330,1.814361,9.305309,16.238823,0.066538,0.162821,-0.328283,1.264000,0.000000

1.732345,0.841983,8.893367,16.224117,0.039359,0.124184,-0.396231,1.264000,0.000000

1.174305,0.921019,9.295730,16.241764,-0.022460,0.138840,-0.465511,1.244000,0.000000

0.920433,1.342542,9.595107,16.212351,-0.031520,0.146834,-0.498819,1.292000,0.000000

0.937198,1.232371,9.513677,16.232941,-0.018463,0.138040,-0.564102,1.352000,0.000000

1.049764,1.744905,9.525652,16.227058,0.008183,0.127648,-0.588084,2.256000,0.000000

1.018629,1.778436,9.549602,16.250587,-0.046442,0.179076,-0.585419,2.552000,0.000000

0.379159,1.644315,9.602292,16.247646,-0.006739,0.158558,-0.644041,3.172000,0.000000

0.829423,2.233490,9.027488,16.250587,-0.090408,0.176944,-0.662694,3.544000,0.000000

0.276173,1.285062,9.405901,16.250587,-0.006739,0.142570,-0.663759,4.388000,0.000000

0.403109,2.571187,9.259805,16.268234,-0.064828,0.175612,-0.596611,4.832000,0.000000

-0.056735,1.629945,9.099339,16.271175,-0.014733,0.185737,-0.559573,4.804000,0.000000

-0.396827,1.802386,8.996352,16.271175,-0.067759,0.167351,-0.516406,5.300000,0.000000

-0.607589,2.432276,9.336445,16.256470,-0.058433,0.140705,-0.456452,5.872000,0.000000

-0.839906,1.869447,9.865745,16.288822,0.022039,0.155094,-0.415150,6.000000,0.000000

-0.490233,1.773646,9.460986,16.291763,-0.062963,0.117789,-0.354929,6.228000,0.000000

-0.286657,2.171219,9.128078,16.279999,-0.044843,0.099403,-0.274991,6.408000,0.000000

0.106127,1.797596,9.633428,16.297646,-0.057367,0.096472,-0.189456,6.784000,0.000000

0.012721,2.523287,9.789104,16.282940,0.016177,0.082883,-0.150553,6.844000,0.000000

-0.236361,1.330567,9.499307,16.297646,-0.027257,0.063964,-0.125772,6.940000,0.000000

-1.134493,0.973709,8.838281,16.303528,0.021506,0.058635,-0.145490,7.028000,0.000000

-0.885411,0.418065,9.144843,16.312351,-0.064295,0.071425,-0.145756,7.000000,0.000000

-0.631539,1.256322,9.262199,16.309410,-0.057900,0.069559,-0.114314,7.092000,0.000000

-0.478258,1.469478,9.978311,16.315292,-0.075220,0.083149,-0.046366,7.136000,0.000000

-0.720155,2.135294,10.232183,16.315292,-0.039514,0.028524,0.069545,7.160000,0.000000

-0.894992,1.982013,9.592712,16.332939,0.026302,0.026393,0.206774,7.168000,0.000000

-1.522487,1.526959,9.860954,16.327057,0.039625,0.005076,0.295772,7.188000,0.000000

-0.703390,1.617970,9.504096,16.338821,0.089720,-0.054346,0.348532,7.204000,0.000000

-0.535739,0.818033,9.566367,16.341763,0.032697,-0.049283,0.387702,7.220000,0.000000

0.565970,0.319869,9.460986,16.347647,-0.021128,-0.031430,0.428204,7.248000,0.000000

0.649796,1.907767,9.765154,16.362352,0.007916,0.009339,0.458314,7.248000,0.000000

1.078505,2.089788,9.772339,16.353529,0.056146,0.054371,0.433000,7.252000,0.000000

-0.418383,-0.350737,9.161609,16.356470,0.000455,0.104200,0.331744,7.252000,0.000000

-0.727340,0.966524,10.229787,16.341763,-0.070956,0.099936,0.231288,7.228000,0.000000

-0.487838,2.803504,10.004656,16.347647,0.034296,0.090344,0.118308,7.248000,0.000000

-1.103358,-0.286071,9.973520,16.362352,-0.146632,0.094607,0.047962,7.268000,0.000000

-0.425568,2.372401,10.931528,16.374117,-0.027257,0.097538,-0.017055,7.276000,0.000000

-0.504603,1.189261,8.792775,16.365294,-0.125848,0.127648,-0.000534,7.284000,0.000000

-1.002767,1.335357,10.179492,16.379999,-0.006473,0.133510,-0.032776,7.280000,0.000000

-0.689020,1.249136,9.784313,16.379999,-0.093073,0.074089,-0.165208,7.272000,0.000000

0.300123,1.766461,9.643007,16.359411,0.002854,0.108197,-0.282718,7.296000,0.000000

0.352814,1.402418,9.954360,16.382940,-0.022993,0.141238,-0.347468,7.292000,0.000000

0.216298,2.293365,9.065807,16.374117,-0.057633,0.120987,-0.409554,7.304000,0.000000

0.043856,2.197564,10.057346,16.368235,-0.022993,0.138040,-0.435667,7.312000,0.000000

0.060621,1.320987,9.688513,16.391764,-0.051238,0.146301,-0.482298,7.304000,0.000000

0.692906,1.179681,9.132869,16.397646,-0.070956,0.146301,-0.550779,7.316000,0.000000

1.229391,2.832244,9.245434,16.371176,-0.016332,0.132978,-0.492158,7.332000,0.000000

0.391134,0.300709,9.453801,16.397646,-0.076552,0.190001,-0.487628,7.328000,0.000000

-0.413593,2.008358,10.507609,16.388823,-0.077352,0.209719,-0.536923,7.328000,0.000000

0.506095,1.153336,9.707673,16.377058,-0.076552,0.208653,-0.637646,7.356000,0.000000

0.621056,1.292247,9.164003,16.409410,-0.008871,0.179608,-0.635248,7.348000,0.000000

0.489330,0.556976,10.052556,16.400587,-0.021927,0.195863,-0.645906,7.360000,0.000000

-0.983607,-0.587843,8.754455,16.406469,-0.030987,0.172680,-0.662960,7.356000,0.000000

-1.381181,-0.036989,10.457314,16.403528,-0.043511,0.217446,-0.695468,7.364000,0.000000

-1.752409,0.877909,9.880115,16.418234,-0.068558,0.184938,-0.714654,7.352000,2437.822956

-0.799191,3.807017,4.867338,16.385881,-0.049639,0.176411,-0.695202,7.356000,2437.822956

-1.747618,1.814361,14.777929,16.394705,0.205632,0.024261,-0.515073,7.372000,2437.822956

-1.309330,-4.118102,10.921947,16.409410,0.070269,0.227572,-0.487361,7.372000,2437.822956

-1.958380,3.730376,10.905183,16.409410,0.180051,0.044512,-0.446326,7.388000,2437.822956

-0.133375,2.748419,9.501701,16.409410,0.149674,0.018132,-0.304035,7.392000,2437.822956

1.006654,1.241951,9.427456,16.429998,0.040958,-0.016508,-0.244614,7.396000,2437.822956

0.630636,1.177286,10.066926,16.403528,0.139549,0.063964,-0.201447,7.400000,2437.822956

-2.245783,1.900582,8.273056,16.421175,0.232011,0.171881,-0.140694,7.396000,2437.822956

2.309545,2.065838,6.984535,16.450586,0.080661,-0.117764,-0.292311,7.408000,2437.822956

-1.970355,-0.700409,9.274175,16.418234,-0.028056,0.118056,-0.458317,7.404000,2437.822956

-1.618287,0.283944,9.916039,16.435881,0.226949,0.102867,-0.510543,7.408000,2437.822956

-0.389642,1.191656,10.260922,16.441763,0.107840,0.134310,-0.562504,7.408000,2437.822956

-0.497418,2.978341,10.232183,16.429998,0.120364,0.159890,-0.566501,7.420000,2437.822956

0.359999,2.552027,10.787827,16.447645,0.158468,0.102068,-0.389836,7.416000,2437.822956

-0.626749,3.129227,9.616662,16.447645,0.237341,0.135376,-0.268329,7.420000,2437.822956

-1.371600,0.049232,9.748388,16.444704,0.093184,0.061299,-0.202513,7.436000,2437.822956

-0.648305,0.612061,8.878996,16.447645,0.114235,0.107664,-0.220366,7.432000,2437.822956

-0.765660,-1.730268,10.256132,16.447645,0.026036,0.095673,-0.228360,7.436000,2437.822956

-0.075895,-0.039384,9.130473,16.444704,-0.038448,0.014935,-0.324020,7.432000,2437.822956

-2.446964,3.155572,8.819120,16.444704,0.164863,0.231302,-0.462847,7.436000,2437.822956

-0.868646,1.095855,7.750942,16.429998,0.366308,0.187069,-0.599009,7.436000,2437.822956

-2.090106,1.146151,11.633268,16.438822,-0.207918,0.077553,-0.622724,7.432000,2437.822956

1.006654,3.172337,10.119617,16.429998,-0.014200,-0.006116,-0.605404,7.432000,2437.822956

0.685721,2.247860,9.470566,16.409410,0.103044,0.174013,-0.622191,7.444000,2437.822956

-1.457821,0.727022,9.563972,16.427057,-0.078151,0.114059,-0.683211,7.440000,2437.822956

-3.024164,1.306617,9.657377,16.406469,0.056413,0.060766,-0.768746,7.452000,2437.822956

-3.167865,1.206026,9.072993,16.424116,0.092385,0.012270,-0.806317,7.444000,2437.822956

-2.008676,1.625154,9.152028,16.406469,0.044422,-0.030364,-0.734638,7.448000,2437.822956

-1.484166,1.960457,9.542417,16.421175,0.100912,-0.034627,-0.751692,7.464000,2437.822956

-1.498536,1.076695,9.262199,16.409410,0.123828,-0.107905,-0.731707,7.472000,2437.822956

0.510885,1.792806,10.426179,16.400587,0.088122,-0.190774,-0.574494,7.472000,2437.822956

-0.291447,1.177286,10.919553,16.385881,0.118498,-0.090584,-0.340807,7.476000,16.117146

-1.951195,0.736602,9.123288,16.385881,0.168593,-0.139347,-0.107652,7.472000,16.117146

-2.588270,-0.951886,9.791499,16.382940,0.091586,-0.236872,-0.052761,7.468000,16.117146

-2.940338,0.743787,8.893367,16.356470,0.143279,-0.165727,-0.058623,7.468000,16.117146

-1.984725,0.293524,8.428732,16.377058,0.017243,-0.285635,-0.015989,7.472000,16.117146

-0.871041,1.998778,9.302915,16.391764,-0.001676,-0.324538,0.035705,7.464000,16.117146

-0.454308,2.757999,6.663603,16.377058,0.056679,-0.180649,0.040235,7.468000,16.117146

0.520465,2.916070,9.575947,16.379999,-0.037116,-0.156401,0.133230,7.480000,16.117146

0.362394,-0.580658,12.509846,16.385881,-0.027257,-0.155868,0.074075,7.480000,16.117146

-1.187184,-1.095588,11.786550,16.368235,0.140881,-0.031696,-0.082871,7.480000,16.117146

-2.023046,-0.290861,9.405901,16.382940,0.179518,0.062099,-0.144690,7.488000,16.117146

-1.529672,1.136571,8.031159,16.400587,0.021772,0.054904,-0.108452,7.488000,16.117146

-2.552345,3.866893,8.744875,16.385881,0.009515,0.077287,-0.151352,7.492000,16.117146

-1.146469,1.162916,9.204719,16.391764,0.205099,-0.099378,-0.247279,7.488000,16.117146

-0.782426,0.140242,7.408454,16.368235,-0.066960,-0.138281,-0.342139,7.492000,16.117146

-0.016019,5.723033,5.470883,16.374117,-0.147964,-0.059941,-0.414350,7.488000,16.117146

1.614989,0.755763,14.509687,16.362352,-0.371526,-0.212891,-0.464445,7.488000,16.117146

0.537230,-6.647243,20.377485,16.374117,0.241338,0.148166,-0.508945,7.492000,16.117146

-0.595614,6.017621,10.768666,16.382940,0.365243,-0.048483,-0.800188,7.504000,16.117146

1.935922,6.575660,3.413561,16.374117,0.286636,-0.030364,-0.648571,7.512000,16.117146

-0.346532,2.120924,8.452682,16.382940,-0.155425,-0.079127,-0.493756,7.512000,16.117146

-1.402736,3.150782,12.960110,16.385881,0.285570,0.061566,-0.654700,7.516000,16.117146

1.248551,2.271810,11.197375,16.385881,0.346324,-0.090318,-0.776206,7.520000,16.117146

0.587526,1.189261,8.447892,16.377058,0.116633,0.007207,-0.603539,7.532000,16.117146

-1.726063,1.958062,8.567643,16.365294,0.114235,0.040249,-0.445793,7.528000,16.117146

-2.037416,-0.149555,10.184282,16.368235,0.109439,-0.058875,-0.381842,7.532000,16.117146

0.470170,2.247860,10.943503,16.391764,0.105708,-0.090851,-0.188124,7.532000,16.117146

-2.650541,0.545001,9.930409,16.391764,0.484618,-0.031430,-0.109517,7.532000,16.117146

-3.237321,4.044125,7.671906,16.377058,0.686863,-0.075929,-0.097527,7.544000,16.117146

0.965939,2.810689,9.444221,16.368235,-0.211915,-0.136150,-0.014390,7.540000,16.117146

-0.298632,-2.266752,9.099339,16.371176,0.112636,0.012270,0.066614,7.536000,17.176176

1.476078,-0.743520,9.599897,16.356470,0.184848,-0.005050,-0.063952,7.544000,17.176176

-0.176486,0.633617,10.153147,16.382940,-0.077884,0.061566,-0.083138,7.540000,17.176176

-0.705785,3.742352,9.551997,16.362352,0.024171,0.126050,-0.071946,7.544000,17.176176

-0.717760,1.728140,10.169911,16.374117,0.029233,0.130579,-0.120176,7.536000,17.176176

-2.274523,-0.587843,9.401111,16.365294,-0.014999,0.080751,-0.176133,7.540000,17.176176

-2.116452,0.446805,9.540022,16.374117,-0.112791,0.091942,-0.215037,7.540000,17.176176

-1.139284,3.311248,11.408137,16.368235,0.056946,0.155360,-0.340274,7.540000,17.176176

0.731227,3.172337,9.396320,16.359411,0.103843,0.217180,-0.385040,7.544000,17.176176

0.491725,1.471873,9.214299,16.350588,0.124094,0.191866,-0.488161,7.544000,17.176176

-1.012347,2.010753,8.203601,16.391764,-0.012601,0.250488,-0.569965,7.552000,17.176176

-1.376390,2.058653,7.846742,16.379999,-0.057633,0.066895,-0.706393,7.556000,17.176176

0.451009,1.783226,10.864468,16.371176,-0.091474,0.059167,-0.761285,7.560000,17.176176

-1.599127,2.918465,10.507609,16.353529,0.065472,0.131112,-0.757554,7.560000,17.176176

-2.363138,3.375914,9.537626,16.368235,-0.005673,-0.006116,-0.660029,7.568000,17.176176

-3.119965,1.229976,9.508886,16.368235,0.115301,-0.021837,-0.579557,7.568000,17.176176

-3.481613,0.219278,9.437036,16.371176,0.077463,-0.106839,-0.556641,7.564000,17.176176

-2.899623,0.585716,11.139894,16.359411,-0.021128,-0.176652,-0.507346,7.568000,30.595793

-1.493746,0.633617,11.678774,16.347647,0.126226,-0.090052,-0.428473,7.576000,30.595793

-1.524882,1.469478,9.841794,16.356470,0.246933,-0.181981,-0.403692,7.580000,30.595793

-0.641119,0.703072,7.983259,16.338821,0.126759,-0.276575,-0.321888,7.576000,30.595793

-1.294960,0.300709,10.052556,16.374117,0.168593,-0.324805,-0.266997,7.576000,30.595793

-0.217201,-2.008090,11.865585,16.365294,0.177120,-0.320275,-0.151086,7.580000,30.595793

-1.769174,0.104317,9.877720,16.365294,0.224284,-0.091650,-0.112715,7.588000,30.595793

-2.106871,3.153177,4.735612,16.341763,0.172057,-0.049283,-0.044501,7.580000,30.595793

-1.726063,3.866893,4.395519,16.350588,-0.114123,-0.109237,-0.020252,7.580000,30.595793

-0.188461,0.224068,10.177097,16.341763,0.046287,-0.163862,-0.089000,7.580000,30.595793

-0.617169,-0.841716,11.889536,16.347647,0.068137,-0.067402,-0.233422,7.580000,30.595793

-0.978817,0.123477,10.979428,16.347647,0.072667,-0.072465,-0.361058,7.584000,30.595793

0.024696,2.532867,9.017907,16.341763,-0.021927,-0.080725,-0.338942,7.584000,30.595793

-0.277076,2.602323,8.948452,16.341763,0.104109,0.091409,-0.386372,7.588000,30.595793

-1.280590,1.680240,10.802197,16.359411,0.002321,-0.084456,-0.433003,7.588000,30.595793

-0.181276,1.222791,12.081138,16.353529,0.064406,-0.173987,-0.455919,7.592000,30.595793

-2.039811,2.080208,11.017749,16.338821,0.065472,-0.064471,-0.397830,7.588000,30.595793

-0.133375,-0.994997,9.350815,16.347647,-0.204188,-0.148140,-0.284583,7.588000,30.595793

0.264198,2.156849,11.731464,16.335880,0.015644,-0.032762,-0.364522,7.592000,30.595793

0.793497,1.773646,8.627519,16.368235,0.216557,-0.110836,-0.393833,7.600000,25.946595

1.377882,3.854918,8.074269,16.356470,0.178186,-0.113767,-0.344804,7.596000,25.946595

0.086966,0.643197,9.487331,16.350588,0.115301,-0.049016,-0.309098,7.604000,25.946595

-1.012347,1.095855,9.951965,16.359411,0.145145,-0.041555,-0.345870,7.604000,25.946595

-0.159721,1.304222,10.133986,16.350588,0.088122,-0.057277,-0.306433,7.604000,25.946595

-0.571664,-0.662089,8.926897,16.341763,-0.059232,-0.098045,-0.220899,7.608000,25.946595

-2.382299,0.360584,10.459709,16.335880,-0.063229,-0.068468,-0.231024,7.608000,25.946595

-0.447123,1.411998,10.780642,16.368235,0.091319,-0.082591,-0.159079,7.604000,25.946595

0.132472,0.937784,9.796288,16.350588,-0.088010,-0.030364,-0.114047,7.608000,25.946595

0.350419,3.145992,9.075388,16.341763,0.181650,-0.010379,-0.088733,7.604000,25.946595

-0.154930,0.645592,8.663445,16.341763,0.140348,-0.048217,-0.147355,7.612000,25.946595

-1.958380,-0.046569,9.183164,16.350588,0.040691,-0.047151,-0.235021,7.608000,25.946595

0.582735,1.668265,8.462263,16.371176,0.031632,-0.067669,-0.265398,7.612000,25.946595

-0.696205,1.012030,9.355605,16.388823,-0.010469,0.063431,-0.314161,7.612000,25.946595

-1.132098,2.439461,8.907737,16.359411,-0.017930,-0.090318,-0.381309,7.616000,25.946595

-0.109425,2.693333,10.335168,16.368235,0.060143,-0.076462,-0.425808,7.612000,25.946595

-1.503326,0.355794,9.240644,16.365294,0.074799,-0.057543,-0.413551,7.616000,25.946595

-0.921337,1.720955,9.872930,16.382940,-0.065361,-0.134018,-0.313095,7.616000,25.946595

-1.098568,3.057376,10.797407,16.379999,0.049485,-0.128422,-0.273125,7.620000,25.946595

-0.894992,0.497100,10.289662,16.368235,0.098514,-0.185179,-0.257937,7.624000,25.946595

-0.918942,0.806058,9.707673,16.374117,0.020440,-0.175320,-0.252874,7.624000,26.982338

-0.741710,1.091065,10.282477,16.362352,0.002854,-0.175852,-0.242216,7.616000,26.982338

-1.242269,0.801268,10.155541,16.365294,0.040425,-0.203298,-0.252075,7.620000,26.982338

-1.158444,1.761671,8.857441,16.362352,0.035629,-0.213690,-0.244614,7.624000,26.982338

-0.554899,0.767738,9.128078,16.347647,-0.097070,-0.197969,-0.292311,7.624000,133.165561

-1.172814,-0.875246,12.119457,16.350588,0.085191,-0.169457,-0.312828,7.624000,133.165561

-1.627867,1.304222,10.383068,16.362352,0.129956,-0.201433,-0.292311,7.628000,133.165561

0.621056,3.387889,8.541298,16.347647,0.050284,-0.244866,-0.192920,7.628000,133.165561

-0.942892,2.135294,8.500583,16.341763,0.161399,-0.239271,-0.147888,7.624000,133.165561

-1.402736,1.155731,11.147079,16.344706,0.194973,-0.256324,-0.105254,7.624000,133.165561

-1.067433,0.873118,10.634545,16.350588,0.176054,-0.463632,-0.078075,7.628000,133.165561

1.449733,1.821546,9.865745,16.338821,0.155537,-0.346921,0.037836,7.632000,133.165561

-1.915270,0.916229,8.000024,16.353529,0.161132,-0.255791,0.125236,7.628000,133.165561

1.523978,1.728140,8.129354,16.344706,-0.041113,-0.442048,0.281916,7.632000,133.165561

-1.129703,1.433553,10.521979,16.350588,0.059610,-0.292297,0.286979,7.632000,133.165561

0.242643,1.785621,8.809541,16.356470,-0.042179,-0.255258,0.226225,7.632000,133.165561

0.886903,1.914952,9.817844,16.327057,-0.109061,-0.137748,0.178529,7.636000,133.165561

0.098942,1.950877,9.975915,16.338821,0.058811,-0.038891,0.140691,7.632000,133.165561

0.290543,2.614298,9.535232,16.329998,0.026036,-0.017840,0.118308,7.636000,34.237416

0.180372,1.318592,8.706554,16.347647,-0.049107,-0.038358,0.067414,7.636000,34.237416

0.242643,1.943692,10.433364,16.335880,-0.057367,-0.033828,-0.016788,7.636000,34.237416

-0.521369,1.064720,10.110036,16.324116,0.039093,-0.003185,-0.037573,7.640000,34.237416

-0.466283,-0.065729,9.920830,16.335880,-0.063762,-0.011712,-0.075943,7.636000,34.237416

-1.472191,0.470755,9.743598,16.338821,-0.064028,0.001878,-0.065551,7.640000,34.237416

-0.708180,1.538934,9.386741,16.321175,0.013779,-0.007448,-0.086335,7.640000,34.237416

-0.305817,0.688702,9.307705,16.309410,-0.101600,-0.030364,-0.025315,7.640000,34.237416

0.582735,2.154454,10.325588,16.321175,0.055613,0.050907,0.021316,7.640000,34.237416

0.690511,3.761512,9.506492,16.324116,0.161665,0.018132,0.018385,7.644000,34.237416

0.158817,0.894674,11.032119,16.329998,0.072400,-0.094048,0.057288,7.644000,34.237416

0.371974,2.106554,10.581855,16.341763,0.200569,-0.015975,0.079671,7.644000,34.237416

-0.760870,-0.123210,9.415481,16.327057,0.147543,0.033321,0.060752,7.644000,34.237416

-1.199159,3.246583,7.544970,16.332939,-0.020595,-0.066070,0.087931,7.648000,34.237416

-1.850604,5.682318,3.037543,16.335880,-0.033652,0.032255,0.012789,7.648000,34.237416

-1.333280,-7.705842,15.788628,16.335880,-0.269471,-0.094048,0.068480,7.648000,34.237416

-0.504603,5.105118,12.155383,16.329998,0.092918,0.083948,-0.027713,7.652000,34.237416

0.029486,4.216566,8.304192,16.324116,0.264786,-0.007182,-0.132700,7.652000,34.237416

-0.595614,1.481453,5.149951,16.318233,-0.094139,-0.037825,-0.015989,7.652000,34.237416

-0.212411,1.218001,10.198652,16.321175,-0.265741,-0.178251,0.037303,7.652000,27.666932

-0.894992,1.208421,11.269226,16.321175,0.154471,-0.121228,-0.023184,7.656000,27.666932

-0.260311,0.379744,9.724438,16.332939,-0.033119,-0.071666,-0.065551,7.660000,27.666932

-0.370482,2.180799,7.909013,16.327057,-0.108261,-0.077794,-0.041303,7.656000,27.666932

-0.006439,0.070787,10.821357,16.309410,-0.144767,-0.001053,-0.014124,7.656000,27.666932

-0.418383,-2.740966,10.177097,16.338821,-0.251884,-0.050082,-0.044234,7.664000,27.666932

0.419874,5.452396,8.893367,16.321175,0.291965,0.066895,-0.185193,7.664000,27.666932

-1.199159,3.150782,9.305309,16.327057,-0.175143,0.009339,-0.146289,7.664000,27.666932

-1.436266,0.212093,7.839557,16.324116,-0.111192,-0.118030,-0.177199,7.664000,27.666932

-2.015861,-0.065729,10.191467,16.335880,-0.045110,-0.108171,-0.206510,7.664000,27.666932

0.944383,1.158126,10.711186,16.335880,-0.050439,-0.232875,-0.066617,7.660000,27.666932

-0.377667,2.940020,11.235696,16.321175,0.014844,-0.190241,0.019450,7.660000,27.666932

-0.427963,4.125555,8.342512,16.324116,0.213359,-0.131886,0.176663,7.668000,27.666932

-1.335675,0.758158,10.993798,16.324116,0.054814,-0.220885,0.333876,7.668000,27.666932

-0.449518,1.294642,9.377160,16.324116,-0.017930,-0.237139,0.340538,7.672000,27.666932

0.436639,1.031190,9.465776,16.327057,-0.052837,-0.161996,0.363453,7.672000,27.666932

-0.226781,1.965247,10.663286,16.344706,-0.087211,-0.023169,0.403156,7.672000,27.666932

-0.463888,2.147269,9.906460,16.327057,0.041757,-0.035693,0.247009,7.672000,28.523970

0.795892,2.238280,8.811935,16.347647,0.015910,0.008273,0.195582,7.676000,28.523970

1.418597,2.252650,9.111313,16.335880,-0.093872,0.027192,0.115110,7.680000,28.523970

0.491725,2.796319,10.093271,16.332939,0.119564,0.028524,0.043166,7.680000,28.523970

1.112035,0.652777,7.683881,16.318233,0.103576,0.065296,0.091129,7.680000,28.523970

0.182767,-0.427377,8.273056,16.315292,-0.089875,0.134043,0.099656,7.684000,28.523970

-0.883016,0.894674,10.701606,16.329998,-0.145566,0.092209,0.079404,7.684000,28.523970

0.154027,2.791529,10.136381,16.338821,0.056679,0.139373,0.097257,7.684000,28.523970

0.750387,1.258717,9.813054,16.341763,0.037760,-0.032229,0.074075,7.684000,28.523970

0.439034,-0.046569,8.534113,16.335880,-0.113058,0.004010,0.169202,7.684000,28.523970

0.470170,-0.022619,10.363909,16.321175,-0.115189,0.072757,0.199046,7.684000,28.523970

0.633031,0.334239,7.990444,16.341763,-0.039247,0.104733,0.224627,7.688000,28.523970

-0.301027,1.881422,7.806027,16.332939,-0.025125,0.123385,0.217432,7.692000,28.523970

-0.559689,1.471873,10.011841,16.329998,-0.127180,0.122053,0.115377,7.688000,28.523970

0.333654,1.562884,10.201047,16.312351,-0.021128,0.165220,0.010124,7.692000,28.523970

-0.315397,0.698282,9.310100,16.324116,-0.077085,0.216647,-0.065551,7.688000,28.523970

-1.558412,2.391561,9.029882,16.327057,-0.080283,0.182007,-0.114047,7.692000,28.523970

0.348024,0.901859,8.593988,16.324116,-0.105064,0.002144,-0.197716,7.692000,28.523970

0.834213,2.482572,11.099179,16.306469,-0.067226,0.129780,-0.178531,7.692000,28.523970

0.451009,2.987921,9.398716,16.321175,0.156603,0.097538,-0.201713,7.692000,28.523970

0.201927,1.582044,8.471843,16.303528,0.007384,0.011471,-0.164409,7.696000,28.523970

0.575550,1.555699,10.244158,16.309410,-0.186335,0.032255,-0.116445,7.700000,28.523970

-0.284262,1.953272,11.803315,16.315292,-0.015799,0.093275,-0.125772,7.700000,28.523970

0.400714,1.689820,9.518467,16.315292,0.119298,0.024794,-0.208375,7.700000,28.523970

1.116825,1.814361,8.500583,16.341763,-0.031254,-0.040223,-0.232090,7.704000,28.523970

-0.013624,1.100645,8.929292,16.321175,0.089188,-0.050882,-0.219566,7.700000,28.523970

-0.437543,2.132899,9.738809,16.318233,0.196039,-0.001852,-0.216902,7.700000,28.523970

-1.745224,-0.123210,9.458591,16.338821,-0.020062,0.014135,-0.185459,7.700000,28.523970

-1.419501,2.082603,9.532837,16.332939,-0.000610,-0.034894,-0.198249,7.700000,28.523970

-1.268615,0.537816,9.939990,16.324116,-0.021927,-0.104174,-0.124439,7.704000,28.523970

0.506095,3.385494,8.440707,16.324116,0.070802,-0.144943,-0.015989,7.708000,28.523970

0.925223,2.046678,10.715977,16.318233,0.004452,-0.106839,0.079138,7.708000,28.523970

-0.830326,1.577254,10.562695,16.327057,0.004452,-0.155335,0.115643,7.708000,28.523970

1.219811,3.742352,9.520862,16.324116,0.148076,-0.198235,0.219830,7.712000,28.523970

0.640216,0.576136,8.352092,16.321175,0.063874,-0.130820,0.241147,7.712000,28.523970

-0.839906,1.196446,9.765154,16.327057,-0.128779,-0.090851,0.208372,7.708000,15.204096

-1.225504,2.628668,10.756692,16.324116,0.039892,-0.031430,0.204642,7.712000,15.204096

-0.109425,1.237161,8.857441,16.329998,-0.006206,-0.076462,0.193184,7.712000,15.204096

-0.090265,1.198841,9.887300,16.327057,-0.045643,-0.098045,0.234752,7.716000,15.204096

0.089361,1.591624,9.923224,16.321175,0.037760,-0.034627,0.298703,7.716000,15.204096

-1.124913,2.472991,10.624966,16.315292,-0.022460,0.009339,0.320553,7.716000,15.204096

-2.200277,1.206026,11.022539,16.318233,-0.097869,-0.001852,0.393297,7.716000,15.204096

-1.359625,2.856194,9.187954,16.324116,0.145678,0.031189,0.463110,7.724000,15.204096

1.126405,1.107830,9.209509,16.324116,-0.060831,0.087412,0.459913,7.724000,15.204096

0.834213,0.077972,10.256132,16.324116,0.051883,0.165486,0.461245,7.724000,15.204096

0.240248,3.043006,8.191626,16.335880,-0.062430,0.151896,0.327481,7.720000,15.204096

0.098942,-0.939911,10.042975,16.332939,-0.103998,0.188402,0.227291,7.724000,15.204096

0.034276,1.548514,10.337564,16.327057,-0.089875,0.235566,0.081270,7.728000,15.204096

0.867743,2.544842,9.980705,16.309410,-0.075486,0.294454,-0.021318,7.724000,15.204096

0.209112,3.129227,9.786709,16.329998,0.051616,0.301382,-0.110317,7.728000,15.204096

0.000746,1.026400,9.920830,16.332939,-0.110393,0.300316,-0.213438,7.732000,31.976529

-0.784821,0.657567,9.686118,16.312351,-0.087211,0.169749,-0.234755,7.728000,31.976529

-0.782426,1.706585,9.190349,16.318233,-0.093872,0.204922,-0.325619,7.732000,31.976529

0.594711,0.655172,10.062136,16.327057,-0.089875,0.156959,-0.314427,7.732000,31.976529

-1.120123,0.087552,9.353210,16.324116,0.047353,0.206521,-0.292044,7.736000,31.976529

-0.344137,0.825218,9.449011,16.315292,-0.019796,0.145501,-0.289913,7.736000,31.976529

0.024696,0.640802,8.902946,16.321175,-0.025391,0.147633,-0.259802,7.732000,31.976529

-0.042365,1.891002,9.908854,16.318233,0.054547,0.120987,-0.223830,7.736000,31.976529

-0.813561,1.388048,9.858560,16.347647,-0.022194,0.123118,-0.241150,7.740000,31.976529

-0.320187,-0.111235,9.710068,16.341763,0.076131,0.114858,-0.247279,7.740000,31.976529

-0.777636,-0.135185,9.410690,16.338821,-0.091741,0.033321,-0.320289,7.740000,31.976529

-2.080526,1.773646,8.627519,16.332939,-0.033652,0.062898,-0.297906,7.740000,31.976529

0.067806,0.676727,8.936477,16.335880,-0.003541,0.026393,-0.299772,7.744000,31.976529

-1.290170,-0.159135,9.171188,16.335880,-0.019263,-0.012511,-0.293909,7.740000,31.976529

-0.341742,1.768856,10.548325,16.324116,-0.048307,-0.011179,-0.176932,7.740000,31.976529

-0.329767,1.984407,9.825029,16.338821,0.057745,-0.018640,-0.139894,7.744000,31.976529

-0.712970,2.231094,7.863508,16.327057,-0.062963,-0.085522,-0.123640,7.744000,31.976529

-0.346532,1.984407,10.141171,16.341763,-0.041113,-0.105240,-0.134298,7.748000,31.976529

-0.581244,0.475545,9.439431,16.321175,-0.066427,-0.036493,-0.125772,7.748000,31.976529

-0.729735,0.485125,10.387858,16.344706,-0.050972,-0.053546,-0.095928,7.748000,31.976529

-1.266220,0.389324,11.204560,16.332939,-0.000344,-0.003451,-0.091132,7.752000,31.976529

-0.219596,2.334080,8.967612,16.344706,0.015377,-0.080725,-0.101257,7.752000,31.976529

-0.260311,1.392838,10.512400,16.321175,0.092652,-0.126557,-0.037839,7.748000,31.976529

-0.492628,2.487362,9.863349,16.335880,0.136085,-0.140413,0.022648,7.756000,31.976529

0.189952,-1.409335,10.833332,16.347647,-0.090408,-0.192640,0.155080,7.756000,31.976529

-0.269891,2.944810,9.525652,16.321175,0.126492,-0.009846,0.200378,7.756000,31.976529

1.171910,0.992869,7.614426,16.315292,0.095583,-0.110569,0.274721,7.756000,31.976529

0.446219,1.270692,8.328141,16.306469,0.056679,-0.066070,0.300035,7.756000,31.976529

-0.269891,0.688702,10.361513,16.324116,-0.135174,0.056769,0.148685,7.756000,31.976529

0.015116,2.786739,9.621452,16.335880,0.035895,-0.000254,0.026911,7.756000,31.976529

-0.016019,0.932994,9.429851,16.329998,0.096382,0.007474,-0.077542,7.760000,31.976529

-0.023204,-0.015434,7.837162,16.329998,0.014045,-0.017574,-0.129769,7.756000,16.743867

-1.369205,2.484967,9.341235,16.332939,-0.164751,0.065829,-0.148154,7.760000,16.743867

-0.277076,1.479059,10.004656,16.329998,-0.021128,-0.067669,-0.185992,7.764000,16.743867

0.839003,2.513707,10.524375,16.332939,0.041224,-0.049549,-0.150553,7.760000,16.743867

-1.105753,3.157967,8.991562,16.327057,0.044688,-0.050615,-0.108185,7.764000,16.743867

-0.825536,0.312684,8.799960,16.321175,-0.099468,-0.090318,-0.011459,7.764000,16.743867

-0.181276,0.700677,9.207114,16.315292,-0.116788,0.009073,0.064483,7.764000,16.743867

-0.305817,1.912557,10.474079,16.335880,-0.058966,0.044512,0.059420,7.764000,16.743867

0.652191,1.043165,10.711186,16.327057,-0.007538,-0.044753,0.033839,7.764000,16.743867

-0.111820,0.552186,9.971126,16.312351,-0.110926,0.010671,0.084201,7.768000,16.743867

-2.181117,0.959339,7.988049,16.321175,-0.079483,0.001345,0.008259,7.768000,16.743867

0.094152,0.147428,9.288545,16.321175,-0.070690,0.058635,-0.023184,7.768000,16.743867

-1.922455,-0.475278,9.700488,16.321175,0.083059,0.032255,-0.114314,7.764000,16.743867

-0.454308,0.209698,8.881392,16.309410,-0.056301,-0.108704,-0.089266,7.772000,16.743867

0.850978,3.246583,9.384345,16.303528,-0.005407,0.029324,-0.052761,7.772000,16.743867

1.059344,2.051468,9.101733,16.312351,0.030299,0.027991,-0.055958,7.772000,34.570096

0.189952,1.855076,10.074111,16.312351,0.035096,-0.086588,-0.029046,7.776000,34.570096

0.273778,1.538934,9.484936,16.327057,0.034563,0.068227,-0.007462,7.772000,34.570096

-0.437543,1.002450,10.775852,16.312351,-0.079483,0.039716,-0.026914,7.776000,34.570096

-0.964447,3.689661,9.374765,16.303528,0.062275,0.054105,-0.045300,7.776000,34.570096

-0.224386,0.882698,10.493239,16.303528,-0.051505,0.048509,-0.051162,7.780000,34.570096

-0.231571,1.668265,10.270503,16.297646,0.018308,0.035452,-0.060222,7.780000,34.570096

0.110917,1.395233,9.401111,16.303528,0.033763,0.037051,-0.016522,7.780000,34.570096

0.350419,1.074300,10.066926,16.312351,-0.009937,0.010671,-0.012792,7.780000,34.570096

-0.768055,-0.374687,11.403347,16.312351,-0.001943,-0.054346,-0.003998,7.780000,34.570096

-0.839906,0.894674,9.535232,16.303528,0.039093,0.066895,-0.006663,7.780000,34.570096

0.182767,-0.101654,8.134145,16.306469,-0.038714,0.111128,-0.012259,7.784000,34.570096

0.182767,0.458780,9.734018,16.303528,0.035096,0.101535,-0.094329,7.780000,34.570096

0.106127,0.554581,10.045371,16.291763,0.052682,0.067961,-0.117511,7.784000,34.570096

0.989889,2.020333,9.870534,16.303528,-0.013401,0.106331,-0.167606,7.784000,34.570096

-1.019533,1.979617,9.372371,16.303528,0.044955,0.174546,-0.289913,7.784000,35.615494

-0.075895,0.576136,9.458591,16.300587,0.047353,0.021330,-0.364522,7.784000,35.615494

-0.449518,1.306617,8.696975,16.300587,-0.007272,0.054105,-0.411686,7.788000,35.615494

-0.763265,1.764066,8.004814,16.306469,-0.081615,0.075155,-0.387704,7.788000,35.615494

-0.406408,0.856353,10.902788,16.297646,-0.025924,0.061299,-0.289913,7.792000,35.615494

-1.670978,1.610784,8.981982,16.288822,0.132621,-0.087920,-0.298706,7.792000,35.615494

0.774337,-0.403427,11.535073,16.291763,-0.316901,-0.239537,-0.097527,7.792000,35.615494

0.197137,2.061048,13.108601,16.271175,0.233610,0.001878,-0.136697,7.796000,35.615494

-0.044760,0.442015,9.101733,16.288822,0.023638,-0.169191,0.003996,7.792000,35.615494

-0.621959,2.916070,7.410849,16.312351,0.031632,-0.106306,0.066348,7.792000,35.615494

-2.176327,-0.343551,10.275292,16.279999,0.234410,-0.133485,0.023181,7.792000,35.615494

-3.249296,0.073182,10.996194,16.291763,0.068137,-0.128689,0.037037,7.796000,35.615494

-0.296237,1.749696,8.059899,16.274117,0.013779,-0.139347,0.071944,7.800000,35.615494

-1.699718,-0.949491,8.213181,16.288822,0.105975,-0.053013,0.044498,7.796000,35.615494

-0.959657,0.810848,10.478869,16.291763,-0.202589,-0.222483,0.143355,7.800000,35.615494

-1.179999,2.798714,12.596066,16.300587,-0.053636,-0.157467,0.213702,7.800000,35.615494

0.716857,4.460858,11.142290,16.297646,0.236541,-0.183047,0.318421,7.796000,35.615494

-0.027994,1.948482,9.168794,16.291763,0.229880,-0.187044,0.397028,7.800000,35.615494

-0.945287,-0.252541,8.565248,16.282940,-0.112258,-0.089785,0.403689,7.800000,35.615494

-1.314120,2.278995,9.113708,16.282940,-0.147698,-0.046885,0.397028,7.800000,35.615494

-1.014742,1.914952,10.280083,16.291763,0.198704,-0.049016,0.301368,7.800000,35.615494

0.405504,0.245623,8.146120,16.277058,-0.169281,-0.008248,0.279518,7.800000,35.615494

0.575550,2.525682,9.652588,16.277058,0.016710,0.130313,0.221429,7.800000,35.615494

-0.248336,0.231253,9.183164,16.297646,0.009515,0.176411,0.167071,7.800000,35.615494

-0.363297,-0.084889,9.705278,16.291763,-0.142635,0.056503,0.125502,7.804000,35.615494

-0.849486,1.495824,9.837004,16.285881,-0.037915,0.178809,-0.112448,7.804000,35.615494

0.376764,-1.270424,9.396320,16.274117,0.013512,0.207587,-0.252608,7.804000,35.615494

0.072596,-0.163925,9.336445,16.279999,-0.036050,0.245958,-0.370384,7.804000,35.615494

-0.389642,-0.108840,10.672866,16.297646,-0.199391,0.155094,-0.435401,7.804000,18.249542

1.519188,1.486243,10.095666,16.288822,-0.022727,0.057036,-0.377312,7.804000,18.249542

-0.095055,1.970037,8.986773,16.277058,-0.041113,0.102601,-0.142559,7.804000,18.249542

-0.425568,1.395233,8.459867,16.285881,-0.045909,0.093808,0.061552,7.808000,18.249542

-0.042365,1.591624,9.939990,16.282940,-0.056834,0.055970,0.095126,7.808000,18.249542

-1.436266,1.778436,9.791499,16.268234,0.185647,-0.001586,0.153215,7.804000,18.249542

-1.603917,2.346056,8.661049,16.265293,0.030299,-0.033828,0.138826,7.808000,18.249542

-0.933312,2.278995,10.447734,16.271175,-0.071756,-0.016241,0.164406,7.808000,18.249542

-1.967960,1.138966,10.538745,16.277058,0.083858,0.015734,0.094859,7.808000,18.249542

0.467775,0.822823,9.566367,16.277058,0.050817,-0.065803,0.047163,7.812000,18.249542

0.398319,2.276600,8.344907,16.259411,-0.032319,-0.087120,0.044231,7.812000,18.249542

-0.233966,1.814361,8.040739,16.277058,0.028967,0.018132,0.009591,7.812000,18.249542

0.063016,-0.379477,9.142448,16.277058,-0.081348,-0.006116,0.118042,7.812000,18.249542

-1.522487,-1.078822,13.293017,16.259411,-0.089609,0.184405,0.165205,7.812000,18.249542

-1.661398,1.651500,11.168635,16.271175,0.075864,0.118056,0.059686,7.816000,36.597927

0.585131,2.444251,7.944938,16.277058,-0.020329,0.026393,-0.028779,7.816000,36.597927

0.944383,0.688702,7.897038,16.268234,-0.096803,0.033321,-0.059955,7.816000,36.597927

0.089361,0.465965,10.586645,16.265293,-0.072289,0.043180,-0.107652,7.812000,36.597927

-0.176486,-0.008249,9.166399,16.271175,-0.078417,0.113526,-0.139894,7.816000,36.597927

-0.207621,-0.290861,8.069479,16.253529,-0.022727,0.108729,-0.104988,7.820000,36.597927

0.702486,-0.609399,12.976874,16.265293,-0.064828,0.121786,-0.122841,7.820000,36.597927

1.447338,3.529195,13.807946,16.253529,0.051616,0.257416,-0.199315,7.820000,36.597927

-1.726063,2.755604,10.320798,16.256470,0.068403,0.274736,-0.313361,7.820000,36.597927

-1.077013,2.209539,8.256291,16.256470,0.046021,0.217180,-0.461514,7.820000,36.597927

0.098942,1.220396,9.741203,16.262352,-0.111992,0.210252,-0.541986,7.820000,36.597927

0.388739,0.810848,11.642849,16.262352,-0.020329,0.201192,-0.565968,7.816000,36.597927

0.489330,-0.559103,10.792617,16.256470,0.228814,0.040782,-0.622724,7.824000,36.597927

-1.970355,1.342542,8.804750,16.250587,0.291965,0.053838,-0.500684,7.824000,36.597927

-0.801586,3.577096,6.256449,16.247646,-0.127713,-0.139347,-0.365055,7.824000,36.597927

0.266593,0.010911,9.724438,16.241764,-0.022993,-0.209960,-0.144158,7.828000,36.597927

0.439034,0.073182,12.131433,16.259411,0.128890,-0.094315,0.028244,7.820000,36.597927

-0.190856,1.392838,12.061977,16.274117,0.060143,-0.132686,0.156679,7.828000,36.597927

-1.515302,1.045560,11.355447,16.227058,0.285304,-0.099378,0.183058,7.828000,36.597927

-1.469796,1.265902,7.121051,16.235882,0.144345,-0.105773,0.188388,7.828000,36.597927

-1.108148,-0.547128,5.334367,16.253529,-0.132776,-0.199568,0.239016,7.828000,36.597927

-0.609984,-1.615307,9.616662,16.256470,-0.239361,-0.025301,0.305898,7.828000,36.597927

-0.346532,0.937784,10.399834,16.244705,0.195240,0.029857,0.240881,7.824000,36.597927

-1.318910,0.149823,9.017907,16.238823,0.038826,-0.020505,0.249940,7.824000,36.597927

-1.433871,2.537657,9.846584,16.250587,-0.079217,-0.063938,0.120973,7.828000,36.597927

-1.041088,4.434513,9.123288,16.241764,0.178719,0.102601,-0.106853,7.824000,36.597927

-0.437543,2.207144,8.902946,16.241764,0.014045,-0.021837,-0.154550,7.828000,36.597927

-0.140560,-0.602214,12.335010,16.241764,-0.150629,-0.030097,-0.156681,7.828000,36.597927

-1.869765,0.561766,10.435759,16.250587,-0.135174,0.132178,-0.168406,7.828000,18.711397

0.441429,1.804781,8.730505,16.256470,-0.017397,0.083948,-0.190522,7.832000,18.711397

0.618661,-0.542338,8.716135,16.230000,-0.037649,0.108729,-0.242482,7.828000,18.711397

0.661771,0.758158,10.483660,16.221176,-0.002742,0.022929,-0.361058,7.828000,18.711397

0.673746,0.633617,10.433364,16.253529,-0.097603,0.053838,-0.328283,7.836000,18.711397

-0.226781,2.609508,7.509045,16.241764,0.084125,0.127382,-0.332280,7.832000,18.711397

1.325192,0.116292,7.810817,16.244705,-0.008871,-0.180649,-0.257138,7.832000,18.711397

-0.626749,-1.026132,12.993640,16.230000,-0.037116,-0.018107,-0.239285,7.832000,18.711397

-0.866251,1.400023,10.519585,16.232941,0.128890,-0.068735,-0.173468,7.828000,18.711397

0.458195,2.528077,9.159214,16.241764,0.142214,-0.124958,-0.071946,7.832000,18.711397

-0.569269,2.101763,8.708950,16.235882,-0.016065,-0.102842,-0.036773,7.836000,18.711397

-1.560807,1.194051,11.331496,16.256470,-0.090941,-0.137748,-0.086069,7.832000,18.711397

0.841398,2.020333,11.669194,16.221176,0.010048,-0.212091,-0.122041,7.836000,18.711397

-0.772846,1.708980,10.577065,16.238823,0.267451,-0.102042,-0.150819,7.840000,37.541775

-3.122360,0.487520,8.469448,16.241764,0.059610,-0.243534,-0.152684,7.836000,37.541775

-1.797914,0.633617,8.217971,16.227058,0.096648,-0.168924,-0.096727,7.840000,37.541775

-1.266220,1.402418,6.100773,16.232941,-0.006739,-0.187044,-0.019986,7.836000,37.541775

-0.363297,-0.013039,9.650192,16.221176,-0.149030,-0.300290,0.106051,7.840000,37.541775

-0.308212,-0.300441,14.176780,16.230000,0.076397,-0.157200,0.219297,7.844000,37.541775

-1.515302,3.148387,9.729228,16.218235,0.180318,-0.123093,0.296838,7.840000,37.541775

-1.781149,2.963970,7.700646,16.215292,0.133154,-0.074863,0.480697,7.844000,37.541775

-1.522487,-0.209430,8.287426,16.221176,0.063874,-0.147874,0.545714,7.840000,37.541775

-2.971473,-0.690829,13.312178,16.230000,-0.053636,-0.136150,0.468973,7.840000,37.541775

-2.011071,1.754486,9.149633,16.206469,0.160333,-0.077261,0.241147,7.840000,37.541775

-1.685348,0.506680,6.943820,16.221176,0.227748,0.055171,0.222228,7.844000,37.541775

-1.230294,2.935230,9.245434,16.209410,-0.020329,-0.098845,0.100988,7.840000,37.541775

-0.425568,0.106712,10.751902,16.224117,-0.042445,-0.016774,-0.057291,7.844000,37.541775

-0.918942,1.464688,10.732741,16.212351,-0.000610,0.029324,-0.221965,7.844000,38.019024

3.337008,0.140242,11.630874,16.203527,0.072134,-0.114033,-0.209174,7.844000,38.019024

2.252064,-0.266911,12.040422,16.203527,0.101178,0.092209,-0.097527,7.844000,38.019024

-0.423173,3.086117,5.037385,16.206469,-0.080016,0.067694,0.032241,7.844000,38.019024

-0.935707,3.328013,7.228827,16.227058,-0.213514,0.019465,0.203310,7.844000,38.019024

1.334772,-5.135985,18.940474,16.209410,-0.082681,0.043446,0.113778,7.844000,38.019024

-2.672096,8.383900,8.428732,16.200586,0.522189,0.133777,-0.138029,7.844000,38.019024

-0.114215,-0.951886,1.262834,16.200586,-0.317701,0.047710,-0.123906,7.848000,38.019024

-0.734525,0.358189,10.153147,16.212351,-0.051505,0.130846,-0.006396,7.848000,38.019024

0.046251,-0.784235,13.836687,16.206469,-0.182604,0.037051,-0.210773,7.848000,38.019024

2.091598,3.040611,9.137658,16.206469,-0.091474,0.028258,-0.320023,7.848000,38.019024

1.914366,-1.272819,13.520544,16.200586,0.034563,0.154295,-0.104188,7.848000,38.019024

-0.641119,2.896910,10.548325,16.224117,0.438253,0.172148,-0.123640,7.848000,38.019024

-3.038534,4.585399,7.619215,16.215292,-0.240160,-0.000520,-0.150819,7.848000,38.019024

0.532440,-1.785353,7.669511,16.206469,-0.137839,-0.147075,-0.166007,7.852000,38.019024

1.339562,1.936507,10.668076,16.218235,-0.027790,0.004809,-0.230225,7.852000,38.019024

1.226996,0.772528,9.365185,16.197645,-0.058699,0.045578,-0.195052,7.852000,38.019024

-0.423173,1.385653,7.070756,16.203527,-0.038448,0.076488,-0.137762,7.848000,38.019024

0.391134,-1.694342,10.414204,16.221176,-0.035517,0.003477,-0.017588,7.848000,38.019024

-1.031508,3.608231,14.236655,16.215292,0.052149,0.116990,0.011190,7.848000,38.019024

0.882113,3.028636,8.095824,16.194704,0.313815,0.008273,-0.101790,7.852000,38.019024

1.435363,0.904254,7.283913,16.197645,-0.131976,-0.195304,-0.091664,7.844000,38.019024

0.482145,1.776041,9.072993,16.194704,0.066538,0.143103,0.052758,7.848000,38.019024

0.434244,1.380862,8.754455,16.206469,0.169126,-0.045552,0.146287,7.852000,38.019024

-0.902177,0.523446,9.338840,16.191763,0.145411,-0.023969,0.056489,7.852000,38.019024

-2.861303,3.373519,10.014235,16.197645,-0.064561,-0.040490,-0.039171,7.852000,38.019024

-1.151259,1.009634,10.773457,16.194704,0.053482,-0.039690,-0.031177,7.852000,38.019024

-2.197882,1.481453,8.716135,16.177057,0.095849,-0.111369,-0.171603,7.852000,18.843664

-0.511788,2.504127,10.327983,16.200586,-0.073355,-0.220618,-0.130301,7.852000,18.843664

0.074991,-0.305231,9.741203,16.185881,-0.062163,-0.016774,-0.031444,7.852000,18.843664

-0.976422,1.740115,9.377160,16.174116,0.000988,-0.044486,0.014654,7.852000,18.843664

-0.878226,1.503009,10.668076,16.203527,0.093184,-0.089519,0.095392,7.852000,18.843664

-0.557294,0.300709,9.302915,16.185881,0.119831,-0.035960,0.084734,7.856000,18.843664

-0.018414,1.754486,9.204719,16.182940,0.084125,-0.158266,0.043166,7.856000,18.843664

-0.324977,0.650382,11.077624,16.185881,0.019907,-0.106306,0.129766,7.856000,18.843664

-1.977540,0.410880,10.251343,16.177057,0.173923,-0.127090,0.124170,7.856000,18.843664

-2.245783,-0.645324,10.579460,16.185881,-0.051771,-0.118030,0.135095,7.852000,18.843664

-2.166747,2.731653,7.566525,16.179998,0.047619,-0.095114,0.231555,7.852000,18.843664

1.145565,-1.584172,11.300361,16.177057,-0.083480,-0.144943,0.291775,7.856000,18.843664

-0.875831,2.199959,11.192585,16.177057,0.060410,-0.003718,0.324017,7.856000,18.843664

0.894088,1.926927,8.838281,16.179998,0.034829,-0.012511,0.347732,7.856000,18.843664

0.676141,2.130504,9.963940,16.179998,-0.007538,0.106864,0.292308,7.852000,37.245525

-0.461493,3.862103,9.408296,16.182940,-0.118920,0.181740,0.148152,7.856000,37.245525

1.377882,2.573582,10.914762,16.174116,0.104909,0.258748,0.025046,7.856000,37.245525

0.786312,1.522169,8.890971,16.179998,-0.038448,0.298451,-0.137762,7.856000,37.245525

-0.825536,-0.822555,11.369817,16.188822,-0.162620,0.286460,-0.219300,7.852000,37.245525

-0.085475,2.084998,11.415322,16.168234,0.035362,0.334423,-0.258203,7.856000,37.245525

0.798287,-1.095588,9.494516,16.179998,-0.155425,0.126316,-0.315759,7.856000,37.245525

-0.933312,2.118529,9.951965,16.171175,-0.102665,0.232635,-0.212905,7.856000,37.245525

-0.011229,0.465965,11.568604,16.179998,-0.041113,0.173213,-0.105254,7.856000,37.245525

-1.148864,2.518497,6.524692,16.179998,0.231212,0.202258,-0.071680,7.856000,37.245525

-0.406408,-3.548088,9.561577,16.191763,0.003653,0.079152,0.058620,7.856000,37.245525

-1.026718,10.783710,-0.296324,16.177057,0.072667,0.292589,0.058087,7.856000,37.245525

1.318007,-5.624569,15.733542,16.171175,0.197371,0.074356,0.094859,7.856000,37.245525

-0.279472,2.120924,12.038027,16.177057,-0.258812,0.085547,-0.209974,7.856000,37.245525

0.573155,2.015543,9.334050,16.162352,0.395086,0.383719,-0.259536,7.860000,37.245525

-0.298632,2.046678,8.404782,16.171175,-0.068825,-0.163062,-0.288047,7.856000,36.425122

-3.575018,3.864498,10.996194,16.185881,-0.238561,0.058635,-0.375713,7.856000,36.425122

0.508490,2.063443,7.329418,16.177057,0.088122,0.312573,-0.351732,7.860000,36.425122

0.003141,0.413275,11.410532,16.179998,-0.303578,0.054105,-0.236087,7.860000,36.425122

2.331100,-2.158976,8.886181,16.150587,0.044155,0.083149,-0.130568,7.860000,36.425122

-0.083080,6.391243,8.378437,16.182940,0.520590,0.176144,-0.315493,7.860000,36.425122

0.331258,4.348292,10.153147,16.179998,0.099047,0.303780,-0.249677,7.860000,36.425122

-5.479059,1.459898,10.512400,16.150587,0.099047,0.147899,-0.411419,7.856000,36.425122

2.208954,0.806058,9.707673,16.165293,-0.071223,-0.256857,-0.257937,7.860000,36.425122

-0.926127,2.125714,10.033396,16.182940,0.109705,-0.087120,-0.148154,7.860000,36.425122

0.015116,0.307894,10.483660,16.165293,0.157668,-0.185712,-0.095928,7.860000,36.425122

-1.855394,1.246742,9.223879,16.138823,0.044688,-0.209693,-0.074877,7.860000,36.425122

-0.485443,4.218961,9.947175,16.171175,0.182982,-0.180382,-0.070614,7.864000,36.223960

0.592316,1.177286,9.561577,16.156469,0.063341,-0.229678,0.040235,7.860000,36.223960

-1.441056,2.441856,9.573552,16.156469,0.164596,-0.102575,0.069279,7.864000,36.223960

-1.714088,1.277877,8.737690,16.147646,-0.065361,-0.062872,0.084734,7.864000,36.223960

-0.492628,1.874237,10.114826,16.135881,0.035629,-0.087920,0.049294,7.864000,36.223960

2.067648,1.210816,9.116103,16.156469,-0.104531,-0.098845,-0.108452,7.864000,36.223960

0.800682,3.481295,7.465934,16.150587,-0.008071,-0.020238,0.024780,7.860000,36.223960

1.325192,0.918624,10.177097,16.150587,0.008183,-0.086321,0.077006,7.864000,36.223960

-1.936825,0.025282,11.331496,16.135881,0.119564,-0.068202,-0.036773,7.860000,36.223960

-1.041088,1.697005,10.569880,16.165293,0.047886,-0.139880,-0.117778,7.860000,36.223960

-1.831444,4.324342,8.040739,16.147646,0.143279,-0.029831,-0.033043,7.860000,36.223960

1.167120,-2.740966,9.566367,16.138823,-0.096537,-0.080725,0.023447,7.864000,36.223960

-1.069828,2.487362,10.141171,16.156469,-0.090941,0.023195,0.014121,7.860000,36.223960

0.850978,2.073023,9.532837,16.147646,0.230679,-0.028765,0.011723,7.868000,36.223960

-0.190856,-1.205759,9.870534,16.135881,-0.075220,-0.024768,0.011190,7.864000,36.223960

-1.187184,3.407049,8.069479,16.150587,0.036161,-0.005316,-0.003465,7.860000,36.044927

-2.355953,2.580767,10.397439,16.150587,0.144079,0.077553,-0.046632,7.860000,36.044927

-1.946405,0.604876,10.368698,16.129999,-0.000344,-0.002652,0.074875,7.864000,36.044927

-2.413434,3.533985,10.157937,16.153528,-0.019263,0.111128,0.060486,7.868000,36.044927

-2.389484,3.078931,10.009445,16.144705,-0.015532,0.081284,-0.000268,7.868000,36.044927

-2.897228,1.352122,8.110195,16.144705,-0.067492,0.081017,-0.013324,7.868000,36.044927

-1.908085,-0.111235,11.326706,16.138823,-0.157823,0.060766,0.033040,7.868000,36.044927

-1.903295,0.482730,11.621294,16.129999,0.089720,-0.026900,-0.010660,7.872000,36.044927

-1.505722,0.255203,7.549760,16.141764,-0.029388,-0.099378,-0.029046,7.864000,36.044927

1.188675,1.426368,10.512400,16.129999,-0.029122,-0.146009,0.028777,7.864000,36.044927

0.853373,2.868170,8.629914,16.141764,-0.293986,-0.027166,0.058087,7.864000,36.044927

1.092875,2.317315,10.718371,16.138823,0.143279,0.115658,-0.047165,7.868000,36.044927

-1.309330,-0.815370,11.496753,16.132940,-0.085345,0.021063,-0.165741,7.868000,36.044927

-0.336952,2.041888,8.740085,16.138823,0.138217,0.072757,-0.410354,7.872000,36.044927

-0.971632,1.038375,9.290939,16.129999,0.160866,0.178809,-0.517738,7.864000,36.070300

-1.639843,1.629945,9.362790,16.132940,-0.288390,-0.076462,-0.464712,7.872000,36.070300

1.660494,0.727022,11.005774,16.144705,0.186446,0.033587,-0.357860,7.868000,36.070300

0.343234,2.825059,10.790222,16.135881,0.018841,-0.044220,-0.192121,7.868000,36.070300

-0.906967,4.594979,7.971283,16.135881,-0.012601,-0.002385,-0.057291,7.868000,36.070300

-0.933312,1.689820,10.718371,16.124117,0.115567,0.069826,0.006127,7.868000,36.070300

-0.154930,1.627550,10.145962,16.118235,-0.135440,-0.124692,-0.122041,7.868000,36.070300

-0.296237,4.868011,10.169911,16.135881,0.070802,0.075422,-0.135631,7.872000,36.070300

0.707277,-0.896801,8.016789,16.135881,-0.075753,0.012270,-0.216902,7.872000,36.070300

1.444943,2.027518,9.992681,16.138823,-0.052837,0.112460,-0.273658,7.872000,36.070300

0.836608,3.450159,9.233459,16.129999,-0.191397,0.051174,-0.355729,7.872000,36.070300

1.296451,0.573741,10.938713,16.106470,-0.043511,0.089011,-0.365588,7.872000,36.070300

-0.533344,-1.766193,9.973520,16.127058,0.015111,-0.043687,-0.365321,7.872000,36.070300

-0.566874,2.080208,10.342353,16.129999,-0.162886,-0.017041,-0.402360,7.868000,36.070300

0.211507,2.120924,9.257409,16.132940,0.101445,-0.034361,-0.371983,7.868000,36.070300

0.618661,1.895792,9.252620,16.121176,-0.113324,-0.137482,-0.251542,7.872000,36.070300

2.491566,3.102882,9.652588,16.129999,0.043089,-0.142811,0.035438,7.872000,36.070300

0.843793,2.432276,8.095824,16.147646,0.127825,-0.020505,0.136694,7.868000,36.070300

0.060621,2.013148,9.975915,16.118235,0.120897,0.058635,0.337340,7.876000,36.070300

-2.291288,-0.341156,10.498030,16.121176,0.031898,0.093541,0.305098,7.872000,36.070300

-2.925968,1.098250,10.066926,16.112352,-0.026724,0.088745,0.155346,7.872000,36.070300

-2.379904,2.616693,8.055109,16.112352,0.008449,0.048242,0.084467,7.872000,36.070300

-1.544042,0.650382,10.418994,16.121176,-0.097869,-0.021571,-0.006130,7.868000,36.070300

-0.557294,2.834639,10.478869,16.109411,0.103310,0.044512,-0.188390,7.872000,36.070300

0.211507,2.619088,9.046648,16.106470,0.148609,0.055703,-0.394366,7.872000,36.070300

0.158817,0.147428,8.352092,16.127058,-0.115722,0.057302,-0.474837,7.872000,36.070300

-1.666188,-0.010644,10.181887,16.124117,-0.176742,0.202524,-0.517738,7.872000,36.070300

0.098942,3.464530,9.417875,16.118235,0.053748,0.039716,-0.490825,7.872000,36.070300

0.166002,0.576136,8.522139,16.118235,0.039359,-0.069267,-0.531860,7.872000,36.070300

-0.075895,-0.257331,9.463381,16.112352,-0.036050,-0.053546,-0.562770,7.872000,17.966893

0.381554,0.873118,8.759245,16.112352,-0.011535,-0.098845,-0.601407,7.872000,17.966893

-0.154930,1.486243,10.351933,16.124117,-0.049906,-0.109770,-0.526531,7.876000,17.966893

-0.380062,0.525841,10.533955,16.121176,0.067871,-0.156667,-0.461514,7.872000,17.966893

-1.278195,2.358031,9.652588,16.127058,0.112903,-0.258456,-0.366121,7.872000,17.966893

-1.376390,-0.341156,10.577065,16.127058,0.053215,-0.266983,-0.221432,7.872000,17.966893

-1.802704,2.535262,9.264594,16.118235,0.093184,-0.356248,-0.055426,7.872000,17.966893

-1.397946,3.840548,8.390412,16.106470,0.128624,-0.222750,0.163607,7.872000,17.966893

0.759967,0.207303,10.682446,16.106470,0.006584,-0.298692,0.180660,7.872000,17.966893

0.786312,2.537657,9.734018,16.100588,0.071867,-0.220885,0.148152,7.872000,17.966893

0.031881,3.531590,8.443103,16.103529,0.116367,-0.106572,0.065016,7.868000,17.966893

1.291661,1.816756,8.241920,16.103529,0.001788,-0.177185,-0.034908,7.868000,17.966893

0.192347,0.791688,10.512400,16.100588,0.013246,-0.019972,-0.097527,7.872000,17.966893

-0.178881,0.166588,9.657377,16.106470,0.131555,-0.011179,-0.167340,7.872000,17.966893

-0.210016,0.116292,9.252620,16.115294,0.081993,-0.015975,-0.241683,7.872000,35.003552

0.738412,1.491034,9.837004,16.091763,0.147809,-0.026101,-0.197184,7.872000,35.003552

-0.358507,0.386930,9.029882,16.100588,-0.020595,-0.000254,-0.191854,7.868000,35.003552

-3.864816,-3.945661,9.465776,16.091763,-0.230834,-0.187577,-0.246479,7.872000,35.003552

-0.760870,4.719520,12.421230,16.088821,0.210694,-0.086854,-0.116978,7.872000,35.003552

1.274896,0.339029,8.795171,16.103529,0.131821,-0.215555,-0.162543,7.876000,35.003552

-0.930917,1.929322,6.919870,16.106470,-0.081348,-0.240603,0.004529,7.872000,35.003552

-1.144074,2.259835,9.149633,16.103529,0.050550,-0.128422,0.203043,7.868000,35.003552

-1.917665,-0.547128,11.707515,16.082939,-0.084546,-0.201699,0.315757,7.872000,35.003552

-1.160839,1.869447,10.818962,16.082939,-0.011535,-0.135883,0.424473,7.872000,35.003552

-1.824259,2.403536,9.896879,16.085880,-0.018996,-0.059941,0.442593,7.872000,35.003552

-1.589547,-1.806908,7.022856,16.088821,0.008982,-0.128689,0.413282,7.868000,35.003552

-3.814520,4.513548,9.884905,16.097647,-0.139704,0.190001,0.466042,7.872000,35.003552

-2.391879,2.355635,8.890971,16.100588,0.044688,-0.104707,0.282982,7.872000,35.003552

1.741925,1.816756,9.209509,16.082939,-0.104264,-0.195837,0.286446,7.868000,35.003552

-0.092660,1.538934,10.680051,16.074116,0.121696,0.069027,0.296838,7.868000,35.003552

-2.312843,2.283785,9.061018,16.100588,0.101711,0.087679,0.056755,7.872000,34.100114

-2.518815,0.568951,9.750783,16.097647,-0.047241,-0.007448,-0.030911,7.872000,34.100114

0.189952,1.146151,11.103970,16.103529,0.028168,-0.034361,-0.048231,7.876000,34.100114

2.024537,2.877750,9.827424,16.103529,0.129690,0.003210,-0.062354,7.876000,34.100114

0.649796,1.306617,10.998589,16.088821,-0.110126,0.052772,-0.041836,7.876000,34.100114

0.470170,0.758158,10.644126,16.103529,0.086523,0.127648,-0.107652,7.872000,34.100114

-0.459098,2.437066,8.905341,16.094706,0.034030,0.227838,-0.240084,7.872000,34.100114

-2.748737,-0.192665,8.893367,16.082939,-0.010203,0.144435,-0.650703,7.872000,34.100114

-0.169301,-0.633349,9.839399,16.088821,0.042557,0.008540,-0.764749,7.872000,34.100114

1.579064,1.783226,9.820239,16.091763,0.075331,-0.063672,-0.742899,7.872000,34.100114

1.420992,3.881263,6.649232,16.094706,0.029500,-0.081791,-0.603539,7.868000,34.100114

0.036671,0.655172,9.508886,16.082939,0.020174,-0.059941,-0.419413,7.876000,34.100114

-1.675768,3.299273,11.190190,16.085880,0.014844,-0.164661,-0.325885,7.872000,34.100114

-0.518973,3.311248,9.767549,16.082939,0.159800,-0.179050,-0.333079,7.876000,34.100114

-0.734525,0.952154,8.074269,16.091763,-0.062963,-0.214756,-0.318957,7.876000,34.100114

-0.530949,4.760235,9.472961,16.079998,0.149674,-0.181448,-0.276856,7.872000,34.073423

1.044974,2.477782,9.358000,16.091763,-0.014733,-0.233142,-0.187857,7.872000,34.073423

-1.328490,1.653895,8.026369,16.079998,-0.048307,-0.203831,-0.160945,7.876000,34.073423

0.362394,1.677845,9.362790,16.079998,0.000988,-0.207029,-0.000268,7.876000,34.073423

0.539625,0.439620,10.342353,16.059410,-0.029921,-0.113234,0.148152,7.872000,34.073423

0.261803,-0.398637,10.579460,16.082939,0.012713,-0.021304,0.242213,7.872000,34.073423

-1.560807,0.054022,8.979588,16.077057,-0.100534,-0.058875,0.205708,7.872000,34.073423

-2.897228,2.583162,9.231064,16.074116,-0.073888,-0.210226,0.128967,7.872000,34.073423

-2.310448,1.414393,10.699211,16.068233,0.147809,-0.178251,0.171068,7.872000,34.073423

-1.057853,2.101763,10.579460,16.091763,-0.034718,-0.311215,0.215300,7.872000,34.073423

1.243761,4.336317,5.897196,16.068233,0.149941,-0.226747,0.378109,7.872000,34.073423

0.381554,-0.745915,10.797407,16.074116,0.136618,-0.099378,0.601671,7.872000,34.073423

-2.925968,0.724627,9.801079,16.079998,0.026569,-0.095647,0.616326,7.876000,34.073423

-0.420778,1.907767,9.628637,16.065292,-0.004607,-0.065271,0.510807,7.876000,34.073423

-0.976422,0.688702,10.050160,16.074116,0.037494,-0.009047,0.310694,7.872000,34.073423

-2.102081,4.156691,8.785590,16.059410,0.006318,-0.041022,0.137760,7.872000,34.108324

0.817447,1.922137,9.973520,16.065292,0.004985,0.006674,0.167870,7.872000,34.108324

-1.084198,0.796478,10.201047,16.056469,-0.028056,0.089544,0.213702,7.876000,34.108324

-1.479376,2.767579,8.620334,16.056469,-0.070424,0.057835,0.164672,7.876000,34.108324

-1.496141,2.882540,9.319680,16.047646,-0.029388,0.042647,0.185989,7.876000,34.108324

-2.557135,1.210816,9.947175,16.065292,0.144612,0.078353,0.215567,7.876000,34.108324

-3.797755,1.287457,9.609477,16.059410,-0.054436,0.031189,0.096192,7.876000,34.108324

-0.617169,0.408485,9.496911,16.056469,-0.054169,-0.171056,0.135895,7.876000,34.108324

1.126405,-0.099259,10.500424,16.082939,-0.007272,-0.088719,0.205441,7.872000,34.108324

1.751505,2.255045,9.805869,16.059410,-0.031786,-0.041022,0.277919,7.876000,34.108324

-1.421896,1.531749,10.021420,16.079998,0.146477,0.142037,0.289377,7.876000,34.108324

-1.072223,-0.345946,8.555669,16.053528,-0.078684,0.062898,0.174265,7.872000,34.108324

-2.684071,1.335357,9.877720,16.062351,0.044688,0.227305,-0.026381,7.872000,34.108324

-2.664911,-0.717175,9.913645,16.050587,0.007384,0.107397,-0.170271,7.876000,34.108324

-1.088988,2.389166,10.368698,16.047646,-0.048041,0.167351,-0.161478,7.872000,34.108324

1.294056,2.434671,9.465776,16.044704,0.119564,0.066362,-0.179331,7.872000,33.777363

1.432967,1.912557,8.766430,16.044704,-0.023260,0.017066,-0.119643,7.872000,33.777363

0.194742,2.307735,9.221484,16.053528,-0.011002,0.122852,-0.011459,7.876000,33.777363

1.696420,3.833362,9.147239,16.041763,-0.042711,0.130313,-0.021318,7.876000,33.777363

-0.358507,3.471714,10.593830,16.062351,-0.125315,0.210785,-0.025049,7.872000,33.777363

0.534835,4.044125,10.076506,16.071175,0.032697,0.204390,-0.030911,7.880000,33.777363

0.422269,3.648946,9.178373,16.047646,0.003387,0.157759,-0.098859,7.880000,33.777363

1.373092,2.523287,10.021420,16.056469,-0.105064,0.117256,-0.153484,7.876000,33.777363

0.508490,1.388048,10.665681,16.056469,0.064939,0.133777,-0.188923,7.876000,33.777363

-0.430358,-1.244079,10.335168,16.053528,-0.134907,0.122053,-0.245147,7.880000,33.777363

-2.710416,1.007240,9.810658,16.041763,-0.075486,0.195596,-0.290712,7.876000,33.777363

-0.540529,0.453990,9.202324,16.047646,0.062275,0.316037,-0.252341,7.876000,33.777363

-1.546437,0.245623,11.044094,16.041763,-0.098669,0.027991,-0.362124,7.876000,33.777363

-0.334557,1.718560,9.820239,16.044704,-0.048041,-0.059408,-0.275790,7.876000,33.777363

1.313216,3.993829,8.946056,16.044704,0.180584,0.069559,0.267793,7.876000,33.777363

0.271383,2.295760,10.292058,16.041763,0.007650,-0.014376,0.185457,7.876000,33.777363

-1.316515,1.103040,10.004656,16.062351,0.072933,0.064230,0.156679,7.876000,33.777363

-1.278195,2.554422,7.080336,16.056469,-0.031254,0.090344,0.181460,7.876000,33.777363

-1.050668,2.923255,7.614426,16.047646,0.044688,0.054371,0.152415,7.876000,33.777363

-0.408803,2.319710,9.518467,16.047646,0.044155,0.047443,0.096725,7.876000,33.777363

-1.455426,4.870406,10.897998,16.047646,0.098780,0.073556,0.043166,7.880000,33.777363

-1.120123,3.119647,10.143566,16.041763,-0.037649,-0.133218,0.039702,7.880000,33.777363

-0.516578,3.869288,9.796288,16.053528,-0.112525,-0.032229,0.144155,7.880000,33.777363

-1.242269,3.148387,11.927856,16.044704,0.100379,-0.058342,0.204642,7.876000,33.777363

-2.456544,0.398905,10.682446,16.038822,0.149142,-0.096713,0.282182,7.880000,33.777363

-3.325936,0.832403,6.527087,16.032940,-0.049639,-0.220885,0.260599,7.876000,33.777363

-1.079408,0.123477,9.494516,16.041763,-0.099734,-0.177984,0.239815,7.880000,33.777363

-0.729735,1.332962,9.358000,16.053528,0.092119,-0.105773,0.164672,7.880000,33.777363

0.278568,-0.628559,10.445339,16.044704,-0.364065,-0.214490,0.243812,7.876000,33.777363

-0.842301,0.760553,11.927856,16.035881,0.163797,0.055970,0.147086,7.880000,33.777363

0.130077,3.004686,8.215575,16.041763,0.083059,-0.013310,-0.019986,7.876000,16.948419

1.387462,0.525841,8.613149,16.041763,-0.011802,-0.055678,-0.052228,7.876000,16.948419

-3.409762,2.187984,10.514794,16.053528,0.107573,0.050374,-0.105254,7.876000,16.948419

-1.405131,1.428763,8.167675,16.044704,-0.052571,-0.139614,-0.205977,7.876000,16.948419

1.808985,3.601046,6.445656,16.053528,-0.071223,-0.146009,-0.104988,7.876000,16.948419

1.085690,1.780831,10.045371,16.041763,0.004985,-0.068735,0.010924,7.872000,16.948419

1.459313,2.475386,10.507609,16.024117,0.047353,-0.079659,0.000798,7.876000,16.948419

0.577946,3.902818,8.467052,16.024117,0.072667,-0.011179,-0.009594,7.876000,16.948419

-0.425568,3.557935,7.679091,16.029999,-0.032852,0.020797,-0.014124,7.876000,16.948419

0.422269,5.270374,9.104128,16.032940,-0.093073,-0.064738,-0.058623,7.876000,16.948419

-0.317792,2.717283,11.958991,16.038822,0.012180,-0.053280,-0.117245,7.880000,16.948419

-1.273405,2.523287,9.087363,16.032940,-0.050705,-0.111102,-0.145756,7.876000,16.948419

0.436639,0.698282,8.349697,16.018234,-0.062963,-0.023702,-0.141226,7.880000,16.948419

1.095270,2.231094,9.365185,16.027058,-0.137039,0.027192,-0.039704,7.880000,16.948419

1.624569,-0.013039,12.751743,16.038822,-0.088276,0.022396,0.083668,7.880000,16.948419

0.652191,0.576136,9.492122,16.021175,0.144079,0.033321,0.201711,7.876000,33.680278

-0.722550,0.183353,8.028764,16.029999,-0.078950,-0.018107,0.109248,7.880000,33.680278

-3.318751,-0.451327,10.802197,16.024117,-0.129578,-0.080992,0.226492,7.876000,33.680278

-3.395392,1.914952,11.417717,16.035881,0.146477,0.006141,0.259533,7.880000,33.680278

-1.625473,2.446646,8.100615,16.038822,0.092652,-0.092716,0.308562,7.876000,33.680278

0.654586,1.622760,8.189230,16.024117,0.073200,-0.005316,0.560902,7.880000,33.680278

2.235299,1.605994,9.810658,16.032940,0.047086,0.115125,0.760483,7.876000,33.680278

-0.806376,3.481295,8.797565,16.044704,0.088388,0.196929,0.616326,7.880000,33.680278

-0.665070,1.677845,7.707831,16.032940,-0.049373,0.335489,0.455649,7.880000,33.680278

0.137262,4.767420,6.907895,16.032940,0.138217,0.388249,0.085800,7.876000,33.680278

0.472565,1.546119,8.325747,16.024117,-0.214313,0.449535,-0.010393,7.880000,33.680278

-0.150140,4.147110,10.859677,16.015293,0.032431,0.476981,-0.213438,7.884000,33.680278

-0.121400,1.699400,8.996352,16.029999,-0.159955,0.408500,-0.288580,7.880000,33.680278

-0.346532,3.028636,11.175820,16.029999,-0.037649,0.402904,-0.399695,7.880000,33.680278

-0.346532,0.880304,9.271779,16.012352,0.015910,0.349612,-0.434335,7.880000,33.680278

-0.432753,1.946087,9.856164,16.018234,-0.123183,0.283529,-0.473239,7.880000,33.680278

0.908458,1.742511,11.125525,16.018234,-0.039514,0.279265,-0.470574,7.880000,33.680278

1.274896,0.085157,12.061977,16.021175,-0.007005,0.270472,-0.375713,7.880000,33.680278

0.118102,0.796478,9.870534,16.012352,0.067871,0.458861,-0.410354,7.880000,33.680278

1.782640,4.753050,6.000182,16.021175,-0.005940,0.172947,-0.449257,7.884000,33.680278

1.507213,0.784503,8.914922,16.021175,-0.058699,0.084215,-0.440197,7.880000,33.680278

-1.601522,0.956944,11.276411,16.024117,0.056679,0.294187,-0.617661,7.876000,33.680278

-1.996701,2.652618,9.985496,16.029999,0.096382,0.091143,-0.785533,7.876000,33.680278

1.318007,-0.087284,9.935200,16.012352,-0.054702,-0.065803,-0.900378,7.876000,33.680278

1.717975,2.820269,8.979588,16.009411,0.164863,0.045045,-0.858010,7.880000,33.680278

0.982704,2.017938,5.918752,16.024117,0.108639,0.093541,-0.743165,7.876000,33.680278

0.254618,0.664752,11.082415,16.018234,-0.263875,-0.069267,-0.667223,7.876000,33.680278

-0.375272,4.547079,12.548166,16.012352,0.040425,0.075155,-0.613664,7.880000,33.680278

-1.534462,3.821388,9.779524,16.024117,0.159267,0.053305,-0.408222,7.880000,33.680278

-1.256639,4.846456,9.784313,16.000587,0.103843,-0.056211,-0.300571,7.880000,33.680278

-1.393156,3.555540,9.575947,16.006470,0.012180,-0.061274,-0.217968,7.880000,16.756860

-1.802704,4.230936,6.438471,16.021175,-0.020062,-0.006116,-0.237153,7.880000,16.756860

1.940712,-1.739848,14.418676,16.021175,-0.098136,-0.155868,-0.324020,7.880000,16.756860

-0.705785,2.489757,10.229787,15.991764,0.246134,-0.086588,-0.455119,7.884000,16.756860

-1.041088,-0.343551,7.813212,16.003529,-0.032852,-0.172921,-0.324819,7.884000,16.756860

-0.346532,0.317474,11.115945,16.027058,0.051883,-0.176119,-0.286182,7.880000,16.756860

-4.063602,0.755763,10.989009,16.009411,0.151273,-0.144143,-0.331214,7.876000,16.756860

-0.892597,3.371124,10.157937,16.021175,0.080394,-0.376765,-0.224096,7.880000,16.756860

0.446219,3.306458,9.748388,16.000587,0.219488,-0.405277,0.047163,7.876000,16.756860

1.219811,-1.088403,10.428574,16.006470,0.046287,-0.328269,0.352795,7.876000,16.756860

-1.424291,2.508917,10.474079,16.009411,0.238406,-0.139880,0.426872,7.880000,16.756860

-2.090106,3.227422,8.740085,16.012352,0.064939,-0.085522,0.236084,7.876000,16.756860

-1.673373,-3.413967,8.579618,16.006470,-0.083747,-0.137748,-0.033842,7.876000,16.756860

-1.474586,2.547237,11.484777,16.000587,-0.094672,0.012270,-0.112981,7.876000,16.756860

-0.097450,6.113421,6.946215,16.006470,-0.023260,-0.069800,-0.084736,7.876000,16.756860

1.849701,-0.183085,11.012959,15.991764,-0.072289,-0.032229,-0.043701,7.876000,16.756860

-1.524882,4.911121,11.635664,16.000587,-0.075753,0.077020,-0.087401,7.876000,32.834730

-2.861303,2.408326,8.773615,15.997646,-0.053370,0.001345,-0.067416,7.880000,32.834730

-1.876950,1.891002,9.118498,15.994705,-0.004074,-0.126557,0.018118,7.884000,32.834730

-2.183512,0.638407,10.622570,16.015293,-0.047508,-0.148940,0.073009,7.880000,32.834730

-1.251849,-1.464421,10.294453,15.991764,-0.200724,-0.200367,0.029043,7.880000,32.834730

0.477355,5.428446,9.892090,15.997646,0.161932,-0.071399,0.025046,7.880000,32.834730

0.762362,1.608389,9.022697,15.980000,0.051883,-0.181981,0.039435,7.880000,32.834730

-3.019374,-2.285912,11.918276,16.006470,-0.012335,0.008540,-0.167606,7.880000,32.834730

-1.105753,1.632339,9.702883,16.000587,-0.040846,0.025593,-0.354130,7.876000,32.834730

1.440153,0.293524,9.307705,15.994705,0.066272,-0.068735,-0.464712,7.876000,32.834730

-0.868646,0.492310,9.568762,16.006470,0.064939,-0.075929,-0.504415,7.872000,32.834730

0.482145,1.071905,9.923224,15.985882,0.024171,-0.183047,-0.499885,7.872000,32.834730

2.072438,1.294642,8.095824,15.991764,0.142746,-0.116964,-0.407422,7.872000,32.834730

1.569484,3.148387,9.183164,15.980000,0.054814,-0.050082,-0.336810,7.876000,32.834730

-1.431476,2.681358,8.730505,15.982941,0.033230,-0.058342,-0.327750,7.868000,32.834730

-3.067274,3.716007,9.276569,15.988823,0.173656,-0.154802,-0.385306,7.872000,32.834730

-0.756080,4.762630,8.989167,15.982941,0.081993,-0.235274,-0.363190,7.872000,32.834730

-0.835116,5.136253,9.243039,15.994705,0.129690,-0.180382,-0.245946,7.876000,32.834730

0.043856,4.994947,9.547207,15.991764,0.024171,-0.222750,-0.055426,7.880000,32.834730

0.173187,5.184154,9.511281,15.994705,0.046554,-0.230744,0.058087,7.880000,32.834730

0.613871,1.941297,9.899275,15.991764,0.044688,-0.285102,0.119107,7.880000,32.834730

0.920433,1.845496,9.520862,15.994705,0.022838,-0.229411,0.126568,7.880000,32.834730

0.051041,2.317315,9.178373,15.965292,0.024437,-0.150272,0.105518,7.880000,32.834730

-0.499813,-2.063175,9.906460,15.980000,-0.009670,-0.072731,0.020783,7.876000,32.834730

-1.177604,-0.116025,11.197375,15.985882,-0.026191,-0.068468,-0.031177,7.880000,32.834730

0.132472,1.203631,8.399992,15.965292,0.121163,0.073556,-0.067416,7.880000,32.834730

0.046251,2.403536,6.867179,15.977058,-0.075753,-0.098045,-0.118844,7.876000,32.834730

0.680931,0.556976,10.938713,15.985882,-0.050705,-0.076462,-0.107652,7.876000,32.834730

2.232904,1.752090,10.739926,15.968235,-0.038448,-0.073797,0.056489,7.872000,32.834730

2.527491,3.857313,8.857441,15.968235,0.069736,-0.026101,0.222228,7.872000,32.834730

-0.095055,2.108948,9.832214,15.991764,-0.083480,0.121786,0.243545,7.876000,32.834730

-2.904413,0.626431,9.355605,15.977058,0.023638,0.194264,0.122038,7.876000,32.834730

-1.888925,0.894674,8.742480,15.965292,-0.041113,0.026659,0.076740,7.872000,32.834730

-0.581244,1.574859,8.639494,15.968235,0.008183,0.069559,0.108182,7.876000,32.834730

-1.321305,1.320987,8.399992,15.980000,-0.004874,0.071691,0.094060,7.872000,32.834730

-1.912875,2.370006,10.354328,15.977058,-0.045643,0.076754,0.071411,7.876000,32.834730

-1.848209,1.867052,11.415322,15.968235,-0.065894,0.084215,0.013322,7.872000,32.834730

-0.042365,2.252650,9.405901,15.974117,-0.015799,0.054904,0.024780,7.876000,32.834730

-0.468678,3.095696,7.573710,15.965292,-0.014733,0.075422,0.031974,7.872000,32.834730

-2.607430,2.073023,8.572433,15.971176,-0.087477,0.013602,0.067147,7.872000,32.834730

-2.964288,0.267179,10.217813,15.968235,-0.088010,-0.012777,0.054623,7.872000,32.834730

-1.316515,1.069510,10.567485,15.959410,-0.022727,-0.133485,-0.007995,7.872000,32.834730

-0.068710,2.652618,9.190349,15.977058,0.077996,-0.077528,-0.040770,7.876000,32.834730

1.847306,0.556976,9.348420,15.988823,-0.025658,-0.030364,-0.085003,7.872000,32.834730

-0.655490,-0.058544,9.707673,15.985882,-0.070956,0.125783,-0.183594,7.872000,32.834730

-1.733248,0.806058,9.904064,15.965292,-0.047241,-0.015975,-0.340274,7.876000,32.834730

-0.703390,0.762947,10.682446,15.974117,-0.090142,0.097005,-0.503082,7.868000,32.834730

1.610199,1.778436,8.246711,15.968235,0.031898,0.004276,-0.620859,7.872000,10.662878

-1.184789,1.711375,9.719648,15.968235,0.020707,0.078086,-0.764482,7.872000,10.662878

-0.578849,0.748577,10.797407,15.971176,0.004186,-0.160931,-0.738102,7.868000,10.662878

0.324073,0.992869,8.402388,15.965292,-0.034185,-0.067669,-0.522001,7.872000,10.662878

1.579064,1.416788,8.605964,15.968235,0.094783,-0.197969,-0.249144,7.868000,10.662878

-1.723668,-0.139975,9.568762,15.968235,0.023105,-0.167859,-0.055159,7.864000,10.662878

-1.769174,1.888607,9.755573,15.968235,0.060676,-0.224349,-0.004531,7.872000,10.662878

-2.355953,2.820269,10.141171,15.959410,0.140348,-0.208094,-0.000801,7.864000,10.662878

-0.959657,3.043006,8.684999,15.956469,0.038027,-0.252327,0.065815,7.872000,10.662878

0.355209,2.080208,10.007051,15.959410,-0.013134,-0.182248,0.148418,7.868000,10.662878

-0.387247,3.009476,10.028605,15.965292,0.060676,-0.095914,0.167337,7.868000,10.662878

0.350419,1.198841,9.798684,15.968235,0.021240,-0.164128,0.163074,7.868000,10.662878

-1.390761,1.680240,9.542417,15.950586,0.002854,-0.109237,0.197181,7.868000,10.662878

-1.242269,-0.939911,10.136381,15.956469,-0.072289,-0.029032,0.102587,7.864000,10.662878

-2.252968,1.002450,6.285190,15.950586,0.043622,-0.079659,-0.076743,7.860000,10.662878

0.084571,0.899464,9.587922,15.953527,-0.158623,-0.341059,-0.073279,7.860000,10.662878

0.498910,1.246742,10.354328,15.968235,0.135286,-0.076462,-0.152951,7.864000,10.662878

-0.274681,-0.755495,9.537626,15.962351,-0.025924,-0.025301,0.159610,7.860000,30.077349

-0.959657,2.628668,9.525652,15.953527,0.157135,-0.063405,0.345601,7.860000,30.077349

0.070201,1.325777,8.464658,15.959410,0.036961,0.060766,0.345334,7.860000,30.077349

-0.447123,1.083880,9.803473,15.980000,0.090253,0.015468,0.239016,7.860000,30.077349

-2.468519,1.562884,7.391689,15.962351,0.016710,0.000812,0.056489,7.860000,30.077349

-1.493746,1.651500,8.970007,15.953527,-0.079750,0.001079,-0.015989,7.856000,30.077349

-0.272286,1.277877,10.771062,15.959410,0.048419,-0.037825,-0.008795,7.864000,30.077349

-0.708180,2.312525,7.027646,15.938822,0.079595,0.027192,0.114578,7.860000,30.077349

-1.254244,4.080050,10.007051,15.953527,-0.202322,-0.013577,0.163607,7.856000,30.077349

-0.689020,4.343502,8.632309,15.950586,0.030566,0.064230,0.208106,7.856000,30.077349

-1.515302,1.064720,13.625925,15.962351,-0.195394,-0.086588,0.223028,7.856000,30.077349

-2.542765,6.848692,10.076506,15.947645,0.237074,0.138040,0.367717,7.860000,30.077349

-2.099686,-0.415402,8.586803,15.935881,-0.112525,-0.147075,0.485493,7.860000,30.077349

-3.143915,4.899147,7.928173,15.944704,0.002854,-0.038358,0.575025,7.864000,30.077349

-1.967960,-1.105168,11.240485,15.953527,-0.024059,0.021330,0.578755,7.864000,30.077349

-3.555858,0.978499,10.818962,15.944704,0.130223,0.067694,0.444458,7.860000,30.077349

-1.709298,0.442015,10.167517,15.944704,-0.110659,-0.012511,0.321619,7.860000,30.077349

-0.140560,1.802386,11.362632,15.944704,-0.017664,0.061566,0.094060,7.860000,30.077349

3.442389,2.635853,8.701765,15.959410,0.169393,0.181474,-0.104721,7.860000,30.077349

3.332218,2.171219,8.912526,15.932940,0.137950,0.053572,-0.103922,7.856000,30.077349

1.243761,1.804781,9.197534,15.944704,0.148609,0.134576,-0.145490,7.852000,30.077349

0.264198,0.556976,8.680209,15.932940,0.093451,0.084215,-0.155615,7.852000,30.077349

0.894088,1.397628,9.154424,15.932940,-0.009137,0.074356,-0.081272,7.852000,30.077349

1.203046,2.360425,8.285031,15.932940,-0.005673,0.162022,-0.049563,7.848000,30.077349

-0.746500,2.566397,8.603569,15.929998,0.020440,0.160956,-0.005331,7.852000,30.077349

-2.003886,3.965089,9.992681,15.924116,-0.010469,0.052239,-0.057291,7.844000,30.077349

-1.266220,5.519456,9.872930,15.906469,0.023371,0.106864,-0.138828,7.852000,30.077349

0.925223,4.836876,8.665839,15.924116,0.033230,0.101002,-0.147888,7.852000,30.077349

0.839003,4.178246,8.687394,15.900587,-0.148497,0.148432,-0.175067,7.848000,30.077349

0.975519,5.809254,10.083691,15.921175,-0.025658,0.210518,-0.246213,7.852000,30.077349

0.855768,3.459739,8.979588,15.932940,-0.057367,0.154295,-0.345337,7.856000,30.077349

2.235299,4.956627,7.683881,15.927057,0.052149,0.166552,-0.401294,7.864000,30.077349

2.436481,1.902977,8.452682,15.921175,-0.170613,0.168950,-0.355196,7.856000,30.077349

0.127682,-0.863271,12.124248,15.927057,0.042557,0.255817,-0.306700,7.860000,30.077349

-0.023204,0.233648,9.597502,15.915293,-0.054169,0.168950,-0.301104,7.856000,30.077349

0.520465,0.049232,9.221484,15.932940,-0.019796,0.160157,-0.350133,7.856000,30.077349

-0.083080,-0.872851,10.445339,15.912352,0.095583,-0.172122,-0.340007,7.856000,30.077349

-2.561925,1.582044,9.389135,15.932940,0.100379,0.046910,-0.458050,7.852000,14.563371

0.704881,0.003726,7.753336,15.906469,0.114235,-0.165460,-0.308831,7.852000,14.563371

0.707277,1.500613,10.277688,15.932940,-0.002209,0.095673,-0.031177,7.844000,14.563371

-2.178722,1.512589,8.493398,15.915293,0.038826,0.128981,-0.033576,7.848000,14.563371

-2.240993,2.757999,9.410690,15.915293,0.049218,-0.026101,-0.113514,7.844000,14.563371

-0.784821,2.583162,8.514953,15.912352,0.117166,-0.006649,-0.155615,7.852000,14.563371

-0.892597,3.189102,9.360395,15.906469,0.035362,-0.077794,-0.203845,7.844000,14.563371

-0.734525,4.573424,10.342353,15.906469,0.067604,-0.087920,-0.156681,7.852000,14.563371

-0.313002,6.055941,6.917475,15.903528,0.101178,-0.027433,-0.058890,7.852000,14.563371

-0.521369,3.069351,7.492280,15.912352,-0.071223,-0.147341,0.092195,7.852000,14.563371

-1.124913,2.683753,10.016630,15.900587,-0.024326,-0.100976,0.111380,7.856000,14.563371

-1.867369,3.986644,9.925620,15.903528,0.120630,-0.196903,0.050627,7.852000,14.563371

-2.684071,2.494547,7.379714,15.918234,-0.004607,-0.193705,0.034905,7.856000,14.563371

-2.672096,0.549791,8.244316,15.894705,0.048152,-0.193439,-0.026381,7.856000,14.563371

-1.821864,-0.135185,10.751902,15.906469,0.018308,-0.241935,0.011989,7.852000,14.563371

0.197137,0.018096,8.507768,15.897646,0.093451,-0.358646,0.108182,7.852000,14.563371

-1.239874,1.550909,9.729228,15.900587,0.074532,-0.237672,0.152149,7.848000,14.563371

-1.814679,0.183353,10.658496,15.903528,0.008449,-0.199301,0.147885,7.852000,28.429130

-0.171696,-0.099259,9.319680,15.903528,0.014578,-0.201966,0.040501,7.848000,28.429130

-0.514183,1.261111,8.297007,15.944704,0.106774,-0.146009,0.007993,7.840000,28.429130

-1.785939,1.062325,10.725556,15.906469,0.027368,-0.296293,-0.184926,7.840000,28.429130

0.774337,2.005963,8.543694,15.909410,0.034296,-0.263519,-0.133765,7.836000,28.429130

2.843634,1.711375,6.838439,15.891764,0.008982,-0.251261,0.029576,7.840000,28.429130

1.344352,2.894515,8.790380,15.897646,0.022838,-0.094315,0.333077,7.836000,28.429130

-1.218319,4.683595,7.674301,15.891764,0.016443,-0.130554,0.577423,7.836000,28.429130

-2.334398,0.652777,11.776970,15.918234,-0.086411,-0.112701,0.753288,7.832000,28.429130

-2.046996,4.432117,10.538745,15.932940,0.174722,-0.061274,0.783931,7.840000,28.429130

-3.797755,5.200919,4.555985,15.900587,0.040158,-0.118030,0.678679,7.840000,28.429130

-2.423014,1.986803,11.276411,15.912352,-0.126914,-0.166526,0.488957,7.836000,28.429130

1.706000,2.827454,10.924343,15.909410,0.068936,-0.073531,0.339472,7.836000,28.429130

2.589762,2.884935,7.592870,15.912352,0.144878,0.107664,0.266728,7.848000,28.429130

4.347706,3.361544,5.842111,15.915293,-0.206319,0.118322,0.134829,7.844000,28.429130

2.371815,2.607113,9.607082,15.906469,0.022039,0.360270,0.011989,7.844000,28.429130

1.078505,2.039493,10.617781,15.874117,-0.199924,0.272337,-0.270461,7.844000,28.429130

2.755018,2.896910,8.316167,15.891764,-0.005407,0.376258,-0.422611,7.840000,28.429130

0.743202,2.274205,7.839557,15.900587,0.020440,0.386650,-0.568632,7.840000,28.429130

1.488053,3.596256,10.155541,15.906469,-0.151162,0.229171,-0.563569,7.836000,28.429130

1.670074,-1.222524,10.244158,15.915293,-0.065361,0.174013,-0.371716,7.840000,28.429130

-0.916547,-3.888180,9.487331,15.888823,0.159800,0.188135,-0.249677,7.832000,28.429130

-0.473468,0.818033,10.229787,15.897646,-0.062430,0.257149,-0.187591,7.832000,28.429130

-1.050668,1.953272,9.336445,15.906469,-0.058699,0.183073,0.010124,7.832000,28.429130

0.434244,1.098250,9.607082,15.894705,-0.074420,0.140439,0.118042,7.828000,28.429130

2.925065,-0.154345,9.389135,15.891764,-0.098402,0.136442,0.014921,7.824000,28.429130

2.146683,1.807176,9.904064,15.903528,0.072933,0.373860,-0.118577,7.828000,28.429130

-0.016019,2.271810,8.265871,15.897646,0.083858,0.393311,-0.248344,7.820000,28.429130

0.168397,2.645433,6.321115,15.894705,-0.138105,0.370129,-0.365588,7.816000,28.429130

-0.174091,-0.228591,10.620175,15.891764,-0.233232,0.359471,-0.386372,7.812000,28.429130

0.228273,1.340147,10.227392,15.891764,-0.018463,0.474316,-0.421545,7.820000,28.429130

-0.744105,4.556659,9.698093,15.900587,0.007384,0.396242,-0.449257,7.812000,28.429130

-3.175050,0.657567,8.227551,15.879999,0.022838,0.115125,-0.227560,7.816000,28.429130

-4.729418,3.201077,6.857599,15.877058,0.114768,-0.070067,-0.193453,7.824000,28.429130

-7.349569,4.374637,8.711345,15.879999,-0.134907,-0.002652,-0.012525,7.820000,28.429130

-6.961576,1.495824,12.373330,15.885881,-0.110659,-0.154802,-0.039704,7.828000,28.429130

-6.144874,2.523287,7.700646,15.885881,0.015644,-0.251261,-0.000801,7.836000,28.429130

-6.302946,2.920860,11.060859,15.882940,-0.152494,-0.434055,0.027711,7.832000,28.429130

-3.383417,0.473150,10.627360,15.894705,0.033230,-0.536376,-0.115646,7.828000,13.279688

-1.560807,1.591624,9.745994,15.885881,0.055080,-0.532113,-0.061288,7.836000,13.279688

-0.703390,-0.307626,10.660891,15.879999,0.004452,-0.608854,0.166005,7.824000,13.279688

0.633031,0.667147,8.567643,15.903528,0.121163,-0.607255,0.262198,7.820000,13.279688

1.143170,0.022887,8.371252,15.885881,0.061475,-0.598462,0.371181,7.824000,13.279688

2.580182,1.476663,9.037067,15.874117,0.112636,-0.325604,0.573160,7.820000,13.279688

-1.378785,0.803663,9.190349,15.885881,0.094783,-0.353050,0.692268,7.812000,13.279688

-3.199000,3.272928,9.511281,15.888823,0.212826,-0.169457,0.573426,7.820000,13.279688

-2.628986,2.798714,9.963940,15.888823,-0.037649,-0.208094,0.379175,7.816000,13.279688

0.434244,0.439620,8.548483,15.894705,-0.055235,-0.259255,0.327481,7.812000,13.279688

-0.849486,3.517220,8.234735,15.868235,0.106508,-0.036226,0.273656,7.812000,13.279688

0.106127,2.125714,9.259805,15.885881,-0.014200,-0.129754,0.170268,7.816000,13.279688

0.302518,2.101763,9.425060,15.879999,0.015644,-0.095647,0.173999,7.812000,13.279688

0.491725,3.469320,9.719648,15.879999,0.009515,-0.157999,0.180927,7.808000,13.279688

0.743202,3.720797,8.716135,15.879999,0.073200,-0.031696,0.114844,7.816000,13.279688

0.973124,3.881263,7.228827,15.856470,0.076930,-0.009047,0.018118,7.820000,13.279688

0.067806,3.864498,10.014235,15.885881,-0.010736,-0.007448,-0.060222,7.816000,13.279688

2.561022,3.979459,9.559182,15.874117,0.003387,0.054904,-0.175334,7.820000,13.279688

3.205282,5.100328,9.056228,15.888823,0.036161,0.138573,-0.198782,7.820000,13.279688

4.927301,6.652301,10.332773,15.879999,-0.030188,0.168151,-0.126038,7.824000,13.279688

5.011127,3.502850,11.717094,15.885881,-0.001943,0.345082,0.023714,7.824000,13.279688

3.904628,2.573582,9.044252,15.894705,-0.011002,0.508423,0.176397,7.824000,13.279688

2.908299,2.197564,7.909013,15.885881,0.010315,0.497498,0.233686,7.820000,13.279688

0.326468,1.613179,9.995075,15.882940,-0.291587,0.541731,0.132963,7.824000,13.279688

2.479591,-1.212944,9.757969,15.871176,-0.182071,0.571042,-0.139095,7.820000,13.279688

-2.240993,-0.513598,9.875324,15.897646,0.005785,0.769290,-0.425009,7.816000,13.279688

-3.009794,0.971314,8.491003,15.871176,-0.096270,0.657909,-0.516672,7.812000,13.279688

-1.955985,0.858748,8.098220,15.865294,-0.051771,0.516950,-0.602473,7.820000,13.279688

0.063016,0.736602,10.148356,15.891764,-0.188733,0.339752,-0.715453,7.816000,13.279688

0.166002,0.693492,9.175979,15.885881,-0.005407,0.395976,-0.733040,7.816000,13.279688

0.949174,1.989197,8.536509,15.868235,-0.035250,0.362402,-0.671753,7.804000,13.279688

0.510885,2.298155,9.116103,15.847647,-0.099201,0.331492,-0.576626,7.804000,13.279688

1.916761,0.976104,9.829819,15.882940,-0.068025,0.176677,-0.569432,7.800000,13.279688

2.273619,0.777318,9.841794,15.856470,0.089720,0.275801,-0.641909,7.796000,13.279688

2.537071,2.278995,9.075388,15.865294,0.035895,0.240628,-0.614464,7.796000,13.279688

-0.004044,3.112462,8.474237,15.862352,0.070802,0.376524,-0.582222,7.800000,13.279688

-1.862579,2.856194,7.837162,15.859411,0.077996,0.294987,-0.671487,7.796000,13.279688

-4.403695,2.331685,8.871811,15.874117,0.022305,0.288858,-0.778338,7.796000,13.279688

-4.279154,1.438343,7.741362,15.868235,0.108373,-0.066603,-1.043468,7.804000,13.279688

-7.636971,0.501890,9.360395,15.877058,0.112103,-0.234208,-1.077309,7.808000,13.279688

-6.769974,3.351964,11.626083,15.874117,0.083592,-0.274177,-1.013092,7.812000,13.279688

-6.985526,1.309012,9.944780,15.859411,0.351920,-0.706646,-0.686675,7.812000,12.611441

-6.535263,-0.274096,7.810817,15.871176,0.343393,-1.091950,-0.412219,7.816000,12.611441

-4.432436,-0.669274,9.427456,15.865294,0.131289,-1.045320,-0.102323,7.816000,12.611441

-0.600404,0.118687,10.620175,15.877058,0.160599,-0.846805,0.205441,7.812000,12.611441

1.150355,0.533026,8.878996,15.862352,0.006584,-1.104208,0.653098,7.804000,12.611441

4.350101,-0.616584,10.268107,15.850588,0.100645,-0.795378,0.828164,7.800000,12.611441

5.042262,0.935389,9.547207,15.871176,0.312217,-0.560624,0.844418,7.792000,12.611441

0.271383,-0.796210,11.343472,15.853529,0.107040,-0.472425,0.864403,7.788000,12.611441

-2.070946,0.885094,9.037067,15.862352,0.208563,-0.387157,0.887319,7.788000,12.611441

-3.692374,2.899305,6.778563,15.844706,0.230413,-0.289632,0.678412,7.788000,12.611441

-3.848051,1.888607,9.537626,15.850588,-0.047241,-0.400214,0.461245,7.784000,12.611441

-0.250731,2.008358,10.354328,15.853529,0.210428,-0.383693,0.443659,7.780000,12.611441

1.892811,5.435631,8.210786,15.859411,0.133687,-0.300290,0.399159,7.792000,12.611441

0.656981,3.859708,7.726991,15.862352,0.021772,-0.260321,0.327747,7.792000,12.611441

0.474960,3.411839,9.719648,15.850588,0.047353,-0.196903,0.208106,7.784000,12.611441

-0.744105,2.583162,10.378279,15.838821,-0.001410,-0.175320,0.080204,7.784000,12.611441

-1.306935,3.847733,7.652746,15.832939,0.068936,-0.237139,-0.017321,7.796000,12.611441

-1.249454,6.288258,8.780800,15.865294,0.085990,-0.209427,-0.041569,7.796000,12.611441

0.870138,3.117252,10.521979,15.838821,-0.033119,-0.171323,0.008792,7.800000,12.611441

2.321520,4.594979,9.168794,15.856470,0.265852,-0.185445,0.125769,7.800000,12.611441

2.769388,7.806700,6.673183,15.838821,0.096116,-0.238205,0.251539,7.804000,12.611441

2.093993,4.115975,8.316167,15.844706,-0.023793,-0.232342,0.369049,7.800000,12.611441

2.802919,1.282667,9.003537,15.832939,0.083059,-0.083656,0.435398,7.812000,12.611441

3.217257,2.001173,8.958032,15.847647,0.131555,-0.001320,0.430336,7.812000,12.611441

5.571561,1.292247,10.349538,15.868235,-0.091474,0.225440,0.544648,7.804000,12.611441

3.456759,-0.683644,10.603411,15.862352,-0.094405,0.407967,0.631248,7.808000,12.611441

2.472406,2.425091,10.129196,15.850588,0.127292,0.584099,0.579288,7.808000,12.611441

2.702328,2.358031,10.440549,15.865294,-0.011802,0.528141,0.422608,7.808000,12.611441

2.774179,-2.214062,9.590317,15.841763,0.103044,0.544396,0.393297,7.800000,12.611441

-0.990792,1.263507,8.050320,15.850588,0.194973,0.517749,0.312293,7.804000,12.611441

-3.517538,1.131781,9.094548,15.847647,0.024704,0.446337,0.030642,7.800000,12.611441

-2.890043,-1.308744,9.951965,15.832939,-0.003009,0.331759,-0.145756,7.788000,12.611441

-0.130980,1.299432,9.669353,15.850588,0.039892,0.257149,-0.268063,7.792000,12.611441

-0.202831,0.717442,8.067084,15.844706,0.060676,0.265143,-0.170537,7.788000,12.611441

-0.514183,2.971155,9.070598,15.841763,0.072400,0.284861,0.011457,7.780000,12.611441

1.080899,1.318592,8.541298,15.838821,-0.157024,0.145501,0.327481,7.776000,12.611441

2.256854,-0.046569,9.951965,15.850588,-0.110926,0.395710,0.447656,7.784000,12.611441

1.523978,4.638089,7.650351,15.856470,0.152339,0.508423,0.450320,7.776000,12.611441

-0.576454,3.227422,8.064690,15.841763,-0.132509,0.441275,0.329080,7.776000,12.611441

-1.179999,3.246583,11.168635,15.841763,-0.211915,0.519615,-0.059422,7.784000,12.611441

0.659376,5.054823,9.844189,15.868235,-0.100001,0.581168,-0.401827,7.780000,12.611441

0.451009,6.043966,8.117380,15.865294,0.085457,0.503094,-0.622458,7.784000,12.611441

-1.105753,4.135135,9.326865,15.847647,0.004719,0.296319,-0.796991,7.792000,12.611441

-5.335358,1.907767,9.700488,15.841763,-0.244157,0.296053,-0.886256,7.788000,12.611441

-3.965406,3.277718,9.051437,15.844706,-0.177009,0.089278,-0.905174,7.796000,11.957583

-3.725904,3.943534,9.853769,15.844706,0.043889,-0.092450,-0.827900,7.796000,11.957583

-6.096974,2.070628,8.931686,15.841763,-0.007538,-0.206762,-0.795392,7.796000,11.957583

-0.952472,1.289852,10.169911,15.844706,0.192042,-0.614183,-0.545983,7.796000,11.957583

1.193465,-0.640534,12.313455,15.844706,-0.172745,-0.717304,-0.161478,7.792000,11.957583

2.570602,-3.054714,11.755415,15.850588,0.055347,-0.295761,0.038369,7.792000,11.957583

2.204164,1.970037,6.555827,15.868235,0.250930,-0.320275,0.152948,7.788000,11.957583

2.850819,3.634576,6.505531,15.853529,0.023638,-0.310150,0.334143,7.780000,11.957583

-1.692533,-1.181808,11.853611,15.841763,-0.082148,-0.232875,0.411417,7.772000,11.957583

-1.632658,0.798873,9.144843,15.853529,0.162465,-0.236872,0.297904,7.772000,11.957583

-0.404013,2.104158,9.839399,15.847647,0.210694,-0.036226,0.152415,7.772000,11.957583

-2.360744,3.797437,10.502819,15.856470,-0.107728,-0.152670,0.160676,7.768000,11.957583

-1.776359,-0.494438,12.902629,15.827057,0.073733,-0.111369,0.072743,7.772000,11.957583

-2.753527,0.561766,7.080336,15.853529,0.193907,-0.159598,-0.128436,7.772000,11.957583

-3.007399,4.295601,7.389294,15.841763,0.029766,-0.096980,-0.272060,7.772000,11.957583

-2.921178,1.759276,10.859677,15.847647,0.059877,-0.203298,-0.323753,7.768000,11.957583

-1.721273,2.283785,8.704160,15.853529,0.072400,-0.175852,-0.355462,7.772000,11.957583

-1.287775,6.137372,6.419311,15.841763,0.202434,-0.224615,-0.216369,7.776000,11.957583

-0.375272,3.526800,9.247829,15.844706,0.007650,-0.450309,-0.027447,7.772000,11.957583

-0.035179,-0.554313,9.207114,15.835880,-0.288390,-0.269114,0.199313,7.772000,11.957583

-2.149982,7.131305,8.203601,15.856470,0.255993,-0.029565,0.222228,7.784000,11.957583

2.014957,5.153018,7.226432,15.832939,-0.272669,-0.250195,0.156679,7.788000,11.957583

1.899996,6.374478,10.996194,15.821175,0.071867,0.033587,0.168137,7.792000,11.957583

1.703605,2.025123,9.041858,15.838821,0.056679,-0.073797,0.117242,7.792000,11.957583

3.147801,5.564962,8.735295,15.835880,-0.060298,0.015734,0.093527,7.792000,11.957583

3.030446,0.791688,8.912526,15.838821,-0.258013,0.193997,0.221695,7.792000,11.957583

2.949015,0.259993,11.738649,15.832939,-0.084013,0.242760,0.466042,7.792000,11.957583

1.876046,4.139925,10.850098,15.838821,0.014578,0.482843,0.710388,7.792000,11.957583

0.587526,-2.367343,13.027170,15.832939,-0.416825,0.406368,0.760216,7.796000,11.957583

0.110917,0.422855,8.170071,15.841763,-0.009670,0.500429,0.544648,7.796000,11.957583

-3.486403,2.264625,12.663127,15.838821,0.026036,0.560117,0.362921,7.784000,11.957583

-3.603759,-0.113630,10.821357,15.847647,-0.017131,0.480978,-0.026381,7.784000,11.957583

-3.000214,-0.571078,7.104286,15.832939,-0.000077,0.417293,-0.339475,7.780000,11.957583

-2.056576,2.271810,8.725715,15.844706,-0.009404,0.363468,-0.547582,7.780000,11.957583

-0.950077,1.989197,9.302915,15.841763,-0.143701,0.280065,-0.727977,7.776000,11.957583

-0.152535,2.214329,10.577065,15.844706,-0.067492,0.233700,-0.853481,7.772000,11.957583

0.764757,4.705150,9.532837,15.829998,0.253861,0.082083,-0.791661,7.780000,11.957583

1.456918,3.488480,7.532995,15.835880,-0.065361,-0.071666,-0.541720,7.772000,11.957583

1.914366,0.877909,8.850256,15.838821,-0.132776,0.086080,-0.233422,7.776000,11.957583

0.908458,3.780672,10.545930,15.844706,0.160866,0.252886,0.075408,7.772000,11.957583

1.552718,6.482255,9.741203,15.835880,-0.005407,0.248622,0.581953,7.776000,11.957583

1.126405,2.724468,7.791657,15.832939,0.027901,0.290457,0.780734,7.776000,11.957583

-0.562084,2.940020,6.996511,15.832939,0.110771,0.357073,0.575291,7.784000,11.957583

-4.042047,4.309972,8.124565,15.844706,-0.094672,0.553189,0.259000,7.784000,11.957583

-6.108949,3.316038,9.463381,15.844706,-0.161554,0.480445,-0.200381,7.784000,11.828084

-6.901700,2.228699,10.778247,15.815292,-0.114656,0.352543,-0.609934,7.792000,11.828084

-8.161481,2.451436,10.071716,15.824116,0.052416,0.167618,-0.908905,7.788000,11.828084

-6.346056,0.949759,9.535232,15.818233,-0.081881,-0.149206,-1.047732,7.792000,11.828084

-3.507958,1.083880,10.224998,15.832939,-0.087211,-0.325871,-1.046133,7.792000,11.828084

0.096547,0.042047,8.658654,15.821175,0.063874,-0.328003,-0.901710,7.796000,11.828084

2.268829,0.549791,11.022539,15.841763,0.112636,-0.420199,-0.397297,7.788000,11.828084

-0.382457,-2.288307,9.992681,15.835880,0.011647,-0.332532,-0.236886,7.788000,11.828084

2.129918,-0.544733,8.177256,15.835880,0.090520,-0.211558,-0.351465,7.780000,11.828084

0.268988,0.315079,10.574670,15.841763,0.109172,-0.047950,-0.202513,7.776000,11.828084

-3.184630,-1.684762,10.023815,15.847647,-0.001410,-0.032762,-0.086335,7.768000,11.828084

-3.804940,1.117410,9.108918,15.844706,0.175521,-0.060208,-0.341873,7.772000,11.828084

-2.183512,2.997501,7.501860,15.844706,0.186180,-0.180915,-0.430871,7.764000,11.828084

-2.696046,0.434830,8.852651,15.853529,-0.018463,-0.310416,-0.398363,7.760000,11.828084

-3.014584,2.702913,9.585527,15.862352,0.155004,-0.353316,-0.357061,7.768000,11.828084

-1.096173,3.090906,8.301796,15.850588,0.059610,-0.427127,-0.265931,7.764000,11.828084

-0.516578,1.258717,8.091035,15.832939,0.135552,-0.519323,-0.212638,7.768000,11.828084

-1.999095,2.554422,8.984377,15.838821,0.103843,-0.382361,-0.189989,7.764000,11.828084

-1.745224,3.866893,8.011999,15.838821,-0.105863,-0.358912,-0.248877,7.768000,11.828084

-0.614774,5.141044,9.037067,15.850588,0.064140,-0.287234,-0.350666,7.772000,11.828084

-1.177604,5.440421,8.677814,15.859411,0.125160,-0.332266,-0.473772,7.776000,11.828084

-2.322423,4.456068,7.226432,15.841763,0.184848,-0.460967,-0.450323,7.780000,11.828084

-2.628986,4.487203,7.736571,15.850588,0.032697,-0.527316,-0.227560,7.780000,23.725366

0.113312,4.420143,8.919712,15.868235,-0.128512,-0.572349,0.088464,7.788000,23.725366

2.316730,4.697965,10.713581,15.847647,-0.050439,-0.390888,0.432467,7.788000,23.725366

3.935763,4.259676,10.042975,15.859411,0.039892,-0.253393,0.614728,7.796000,23.725366

4.613554,3.589071,10.747111,15.865294,-0.014733,-0.032496,0.801518,7.792000,23.725366

5.602696,1.512589,9.801079,15.865294,-0.107195,0.150298,0.766611,7.796000,23.725366

2.024537,2.123319,9.743598,15.853529,-0.053903,0.357339,0.604869,7.796000,23.725366

-0.107030,-1.066847,9.607082,15.850588,0.022572,0.423422,0.254470,7.788000,23.725366

-2.396669,-0.542338,8.026369,15.850588,0.020707,0.437544,-0.065818,7.784000,23.725366

-2.866093,0.573741,9.837004,15.850588,0.008716,0.220910,-0.246213,7.780000,23.725366

-2.054181,-0.432167,11.314732,15.856470,-0.036849,0.146034,-0.454053,7.780000,23.725366

-2.439779,-0.044174,9.444221,15.853529,0.026569,0.109529,-0.521202,7.772000,23.725366

-1.694928,2.123319,9.434641,15.832939,0.001521,-0.011712,-0.549447,7.776000,23.725366

0.053436,2.772369,8.807145,15.841763,0.088122,0.019731,-0.429272,7.776000,23.725366

0.779127,4.978182,7.669511,15.859411,0.020174,-0.032229,-0.072746,7.776000,23.725366

1.341957,1.670660,9.034673,15.850588,-0.031786,-0.028232,0.223028,7.776000,23.725366

1.365907,2.592742,10.126801,15.844706,0.038293,0.070892,0.455383,7.772000,23.725366

-0.128585,2.772369,9.168794,15.832939,-0.084812,0.114858,0.736501,7.784000,23.725366

0.022301,4.647669,8.201205,15.838821,-0.032852,0.221710,0.963794,7.780000,23.725366

-1.021928,4.484808,10.304033,15.838821,-0.072022,0.361069,0.936614,7.784000,23.725366

-1.213529,3.596256,9.413086,15.821175,0.099047,0.362935,0.739166,7.788000,24.828152

-1.352440,4.997342,7.358159,15.832939,0.023105,0.338687,0.408752,7.788000,24.828152

-3.883976,2.829849,9.266990,15.853529,-0.132509,0.333091,0.144688,7.792000,24.828152

-5.155731,1.907767,10.287268,15.856470,-0.064828,0.364267,-0.114047,7.788000,24.828152

-6.772369,3.026241,9.013118,15.832939,-0.081615,0.195863,-0.443128,7.796000,24.828152

-7.421420,1.792806,10.409413,15.856470,-0.155692,0.145501,-0.516139,7.796000,24.828152

-5.285062,0.080367,10.579460,15.850588,0.044155,-0.134551,-0.605671,7.796000,24.828152

-2.540370,1.814361,9.413086,15.850588,0.116900,-0.300557,-0.583288,7.796000,24.828152

-1.656608,0.236043,9.547207,15.832939,0.005252,-0.389822,-0.518004,7.792000,24.828152

-1.077013,-0.166320,10.598620,15.856470,-0.107728,-0.580076,-0.318158,7.788000,24.828152

3.123851,-0.468093,8.577224,15.841763,0.115567,-0.459635,-0.171603,7.788000,24.828152

3.629200,0.767738,10.955479,15.844706,-0.020861,-0.157200,-0.081272,7.784000,24.828152

0.489330,1.196446,10.280083,15.844706,0.166728,-0.011978,0.153481,7.776000,24.828152

-1.057853,0.252808,9.029882,15.853529,0.119298,-0.101776,0.053291,7.776000,24.828152

-1.632658,1.517379,6.802514,15.856470,-0.010203,-0.133485,-0.205977,7.772000,24.828152

0.333654,0.602481,8.562854,15.850588,-0.164485,-0.190774,-0.304568,7.768000,24.828152

-0.916547,1.119806,12.133828,15.847647,-0.070690,-0.114300,-0.441796,7.772000,24.828152

-0.291447,3.742352,9.832214,15.859411,0.111570,-0.240869,-0.567033,7.776000,24.828152

-0.971632,3.651341,7.657536,15.850588,0.127825,-0.361310,-0.587285,7.772000,24.828152

-1.179999,1.426368,8.747270,15.868235,0.014578,-0.328802,-0.424476,7.772000,24.828152

-0.370482,2.420301,8.249105,15.856470,0.193108,-0.412471,-0.236087,7.780000,24.828152

-2.923573,4.286021,7.861113,15.844706,0.042024,-0.395418,-0.062354,7.780000,24.828152

-0.899782,6.530155,8.795171,15.856470,0.006584,-0.505200,0.246210,7.780000,24.828152

1.131195,5.454791,9.458591,15.847647,0.018841,-0.452707,0.505744,7.784000,24.828152

2.623292,4.060890,8.790380,15.871176,0.173390,-0.364508,0.678412,7.792000,24.828152

2.139498,3.268138,7.715016,15.871176,0.004719,-0.159865,0.701061,7.792000,24.828152

4.716539,3.713611,8.026369,15.850588,-0.062163,-0.057010,0.675215,7.792000,24.828152

5.966740,2.468201,8.867022,15.859411,-0.073621,0.236365,0.625919,7.796000,24.828152

4.797970,1.989197,11.441668,15.838821,-0.098669,0.350411,0.448988,7.792000,24.828152

3.942948,0.822823,10.280083,15.853529,0.034296,0.591293,0.309362,7.792000,24.828152

2.625687,1.493428,9.101733,15.856470,-0.055235,0.678959,0.054091,7.792000,24.828152

0.245038,-2.106286,7.506649,15.850588,-0.324895,0.711734,-0.207309,7.784000,24.828152

-0.061525,-2.245197,8.907737,15.865294,-0.138904,0.769556,-0.261667,7.784000,24.828152

-3.254086,0.676727,11.173425,15.865294,0.080927,0.750904,-0.393033,7.776000,24.828152

-4.432436,0.410880,10.026211,15.853529,-0.093606,0.479112,-0.957401,7.772000,24.828152

-6.278996,1.519774,8.138935,15.862352,0.095050,0.305645,-1.201214,7.780000,24.828152

-2.648146,1.742511,8.620334,15.850588,-0.154892,-0.018107,-1.249444,7.776000,24.828152

-0.150140,1.119806,11.226115,15.844706,-0.045376,-0.003451,-1.132733,7.780000,24.828152

0.525255,4.195011,10.763877,15.844706,0.088655,-0.048750,-0.888920,7.780000,24.828152

1.169515,4.017779,9.460986,15.850588,0.125959,-0.187044,-0.531594,7.780000,24.828152

1.806591,2.214329,8.292216,15.862352,0.158201,-0.113234,-0.228626,7.780000,24.828152

1.181490,1.778436,8.455077,15.859411,-0.046708,-0.104707,0.114844,7.772000,24.828152

-0.054340,2.669383,9.561577,15.841763,-0.002476,-0.034094,0.480431,7.780000,12.451557

-0.334557,3.665711,8.593988,15.832939,0.071335,0.032521,0.665622,7.776000,12.451557

-3.905531,2.717283,9.032277,15.853529,-0.033918,0.080218,0.657895,7.780000,12.451557

-5.028795,3.021451,9.343630,15.853529,0.048685,0.155360,0.468706,7.780000,12.451557

-4.755763,4.092025,8.996352,15.859411,0.028434,0.079952,0.324816,7.784000,12.451557

-7.464530,4.226146,9.913645,15.859411,0.027635,-0.052747,0.168936,7.792000,12.451557

-7.035821,1.677845,10.253737,15.847647,-0.146099,-0.205430,0.008525,7.792000,12.451557

-6.437067,1.831126,10.713581,15.853529,-0.058699,-0.302955,-0.032776,7.788000,12.451557

-5.847892,1.083880,9.887300,15.847647,0.077996,-0.410606,0.033306,7.792000,12.451557

-4.106713,-0.331576,8.673024,15.865294,-0.055768,-0.683996,0.212902,7.792000,12.451557

-0.401617,-0.930331,9.135263,15.844706,0.061209,-0.639497,0.391166,7.792000,12.451557

2.065253,-1.088403,11.285991,15.850588,-0.122117,-0.716238,0.576357,7.784000,12.451557

1.938317,-1.737453,11.570998,15.847647,0.053215,-0.471626,0.692535,7.780000,12.451557

6.491249,-4.041461,12.263159,15.853529,0.356183,-0.207561,0.646970,7.784000,12.451557

0.836608,2.458621,9.046648,15.847647,0.414272,0.271538,0.826299,7.780000,12.451557

-1.591942,1.804781,10.651311,15.847647,0.000455,0.135642,0.355460,7.768000,12.451557

-1.086593,4.398587,9.532837,15.862352,-0.056035,0.176677,0.061285,7.772000,12.451557

-2.751132,3.141202,9.444221,15.850588,-0.075753,0.078619,-0.260868,7.772000,12.451557

-2.276918,1.474268,10.854887,15.865294,0.111570,-0.032762,-0.634449,7.772000,12.451557

-2.727181,1.237161,9.312495,15.853529,0.050284,-0.152937,-0.961664,7.768000,12.451557

-2.921178,2.554422,8.225156,15.874117,-0.036316,-0.286967,-1.005364,7.772000,24.676373

-1.465006,5.526641,9.925620,15.844706,0.100645,-0.440716,-0.726911,7.772000,24.676373

0.280963,5.699083,10.086086,15.853529,0.135019,-0.438851,0.102853,7.772000,24.676373

0.577946,7.892920,6.675578,15.847647,0.280774,-0.501203,0.606201,7.780000,24.676373

3.152592,6.855877,8.337722,15.850588,-0.410430,-0.421797,0.825233,7.772000,24.676373

4.263881,1.112620,10.256132,15.847647,-0.228436,-0.181182,0.969922,7.780000,24.676373

4.280646,2.877750,8.752060,15.865294,0.187512,-0.042621,0.915297,7.784000,24.676373

4.979991,3.486085,7.173742,15.847647,-0.158889,0.119654,0.530792,7.784000,24.676373

5.588326,1.455108,9.623847,15.871176,-0.082414,0.365866,0.363986,7.788000,24.676373

1.171910,0.224068,10.842913,15.850588,-0.016332,0.551857,0.259000,7.792000,24.676373

1.210231,2.626273,8.483818,15.841763,-0.065094,0.559851,0.099389,7.784000,24.676373

0.474960,-0.271701,8.780800,15.853529,-0.118120,0.613942,0.012256,7.784000,24.676373

0.019906,-2.041620,9.446616,15.871176,-0.106662,0.460726,-0.241949,7.780000,24.676373

-1.790729,3.433394,8.821516,15.847647,0.077730,0.519348,-0.331747,7.776000,24.676373

-1.965565,1.263507,9.580737,15.835880,-0.207918,0.356007,-0.488960,7.768000,24.676373

-0.418383,-1.380595,10.011841,15.853529,-0.141835,0.166552,-0.589150,7.772000,24.676373

0.280963,0.362979,11.341076,15.847647,0.144345,0.191866,-0.646972,7.772000,24.676373

1.770665,4.288416,9.616662,15.821175,-0.203122,0.312307,-0.642442,7.768000,24.676373

2.379000,2.559212,5.602609,15.832939,0.073733,0.297918,-0.419680,7.772000,24.676373

1.035394,2.494547,7.341393,15.865294,0.101178,0.275002,-0.171603,7.768000,24.676373

-0.602799,4.805741,12.061977,15.868235,-0.173811,0.337354,-0.086602,7.768000,24.676373

1.226996,2.065838,9.683722,15.859411,-0.020062,0.289125,0.080737,7.772000,24.676373

0.534835,4.733890,7.449169,15.856470,0.092652,0.400506,0.419677,7.776000,24.646415

-0.710575,2.250255,6.790539,15.832939,-0.096803,0.301382,0.576890,7.776000,24.646415

0.041461,3.105277,9.319680,15.856470,0.072667,0.437278,0.562235,7.780000,24.646415

-1.668583,1.740115,7.988049,15.844706,-0.038448,0.484708,0.429270,7.780000,24.646415

-4.521051,4.822506,7.439589,15.844706,-0.036849,0.605149,0.248075,7.784000,24.646415

-3.428922,4.295601,9.925620,15.874117,-0.054969,0.518282,-0.037306,7.788000,24.646415

-6.683753,3.225028,11.733860,15.838821,-0.187933,0.499363,-0.338142,7.788000,24.646415

-7.636971,0.073182,10.574670,15.874117,0.143279,0.175612,-0.692804,7.796000,24.646415

-8.192616,0.269574,9.542417,15.829998,0.077197,0.036785,-0.858543,7.792000,24.646415

-6.626273,1.792806,9.202324,15.850588,-0.066693,-0.143610,-0.916632,7.792000,24.646415

-1.371600,1.325777,10.428574,15.838821,-0.251884,-0.375433,-0.729309,7.788000,24.646415

1.167120,0.549791,11.750625,15.859411,0.104109,-0.360777,-0.611000,7.788000,24.646415

0.522860,-0.207035,9.880115,15.865294,0.232811,-0.462300,-0.411952,7.788000,24.646415

3.411253,0.336634,8.091035,15.847647,0.077463,-0.383427,-0.206776,7.788000,24.646415

4.587208,1.790411,10.129196,15.844706,0.055080,-0.043421,-0.068482,7.772000,24.646415

0.558785,2.623878,11.103970,15.859411,0.363644,0.067961,-0.150020,7.776000,24.646415

-2.415829,0.868328,9.120893,15.841763,0.092652,-0.069534,-0.289913,7.772000,24.646415

-0.823141,-0.913566,7.717412,15.850588,-0.236696,-0.081791,-0.464712,7.772000,24.646415

-1.536857,5.205709,9.128078,15.829998,0.153405,0.146834,-0.632583,7.776000,24.646415

-1.637448,2.975945,11.300361,15.838821,-0.094672,-0.135883,-0.822038,7.772000,24.646415

-1.407526,1.680240,9.238249,15.844706,0.123561,-0.238471,-0.858010,7.776000,24.646415

-1.309330,4.144715,8.409573,15.847647,0.194174,-0.340793,-0.794326,7.768000,24.646415

-2.379904,3.536380,7.518625,15.850588,0.189910,-0.394352,-0.691205,7.772000,24.646415

-2.930758,1.438343,8.725715,15.850588,0.021506,-0.406342,-0.655499,7.772000,24.646415

-2.430199,5.828414,9.326865,15.847647,0.170459,-0.390888,-0.666690,7.784000,24.646415

0.395924,5.684713,8.364067,15.829998,0.061742,-0.412471,-0.640577,7.780000,24.646415

-0.039970,5.677528,9.832214,15.829998,0.099580,-0.373568,-0.486029,7.788000,24.646415

0.156422,5.248819,9.853769,15.838821,0.125160,-0.431656,-0.365588,7.784000,24.646415

3.571720,5.696688,9.535232,15.832939,0.106241,-0.498006,-0.158014,7.788000,24.646415

3.892653,2.508917,9.647798,15.844706,0.109705,-0.340526,0.136694,7.792000,24.646415

4.956041,2.832244,10.567485,15.832939,-0.025924,-0.269914,0.417012,7.792000,24.646415

3.480709,2.777159,11.245275,15.835880,-0.014733,-0.099911,0.436464,7.788000,24.646415

1.880836,4.104000,10.294453,15.829998,0.138483,0.027991,0.318954,7.788000,24.646415

1.801800,-1.119538,8.088639,15.841763,0.117433,0.093008,0.200911,7.784000,24.646415

-2.130822,-2.506254,7.726991,15.838821,0.085990,0.062631,0.232354,7.788000,24.646415

-3.072064,-1.457236,9.465776,15.829998,-0.001943,0.093275,0.160409,7.784000,24.646415

-2.892438,-0.298046,11.673985,15.829998,-0.107995,0.183872,-0.047965,7.780000,24.646415

-0.590824,0.080367,9.099339,15.829998,0.035096,0.065829,-0.142026,7.784000,24.646415

2.070043,3.577096,8.249105,15.838821,0.125959,0.067161,0.009058,7.784000,24.646415

0.889298,2.674173,8.718530,15.829998,-0.042445,0.083682,0.150017,7.776000,24.646415

-1.084198,3.244188,9.578342,15.832939,0.061209,0.092742,0.073009,7.776000,24.646415

-0.933312,4.139925,7.880273,15.821175,-0.055235,0.086613,0.096458,7.772000,12.687516

-1.239874,2.417906,8.395202,15.841763,-0.143168,0.159357,0.151083,7.776000,12.687516

-1.220714,3.198682,11.173425,15.847647,-0.048574,0.191599,0.328813,7.784000,12.687516

-1.685348,4.784185,8.833491,15.838821,0.090786,0.256083,0.541717,7.784000,12.687516

-1.112938,4.365057,6.519902,15.835880,-0.110126,0.202791,0.747959,7.780000,12.687516

-2.114057,4.195011,8.972402,15.844706,0.014844,0.216114,0.852945,7.788000,12.687516

-3.936666,4.254886,9.264594,15.838821,-0.119986,0.267808,0.803117,7.792000,12.687516

-5.311408,3.311248,10.418994,15.841763,0.003120,0.282996,0.539852,7.788000,12.687516

-5.788016,3.632181,10.629756,15.832939,-0.074420,0.178543,0.121239,7.796000,12.687516

-4.360585,3.531590,10.069321,15.841763,-0.107195,0.024527,-0.399429,7.792000,12.687516

-4.372560,-0.901591,11.721885,15.841763,-0.077352,-0.094581,-0.634715,7.792000,12.687516

-1.496141,0.312684,10.795012,15.835880,0.101978,-0.124159,-0.780203,7.800000,12.687516

0.771942,1.385653,11.453642,15.832939,-0.047774,-0.308551,-0.699465,7.792000,12.687516

4.563258,0.209698,8.043135,15.827057,0.158734,-0.378097,-0.625389,7.784000,12.687516

4.421952,-2.793657,7.820397,15.838821,0.120897,-0.464698,-0.619527,7.788000,12.687516

3.502264,0.858748,11.257251,15.832939,0.020707,0.008540,-0.657098,7.784000,12.687516

-1.342860,1.613179,10.430969,15.827057,-0.021661,0.059167,-0.506280,7.776000,12.687516

-0.995582,1.838311,9.156818,15.835880,0.121962,-0.156134,-0.463113,7.776000,12.687516

-2.327213,2.108948,9.037067,15.815292,0.073466,-0.167059,-0.494023,7.776000,12.687516

-2.573900,2.065838,10.560300,15.829998,0.149142,-0.259788,-0.265931,7.776000,12.687516

-3.725904,1.998778,7.707831,15.827057,0.094250,-0.371969,-0.165475,7.776000,25.674437

-3.474427,-0.084889,8.550879,15.838821,0.070535,-0.399681,-0.141493,7.776000,25.674437

-1.225504,1.819151,8.409573,15.844706,-0.022460,-0.415669,-0.009594,7.768000,25.674437

0.046251,3.716007,8.526928,15.827057,0.125959,-0.426594,0.197447,7.772000,25.674437

0.137262,3.306458,9.808264,15.821175,0.097714,-0.427393,0.262731,7.776000,25.674437

0.091757,5.275165,9.312495,15.818233,0.037227,-0.387424,0.173732,7.776000,25.674437

0.264198,4.894356,9.803473,15.838821,0.009515,-0.349852,-0.270727,7.780000,25.674437

1.576669,4.705150,8.787985,15.818233,0.013512,-0.222750,-0.438332,7.788000,25.674437

0.704881,4.674015,7.724597,15.821175,-0.032586,-0.117764,-0.445793,7.788000,25.674437

3.133431,3.225028,10.984219,15.829998,0.028434,-0.229944,-0.190256,7.788000,25.674437

3.739371,1.519774,9.626243,15.835880,0.226682,-0.187310,0.196382,7.792000,25.674437

1.926342,3.850127,8.045529,15.824116,0.048685,-0.191307,0.458048,7.796000,25.674437

2.041302,0.978499,9.664562,15.824116,-0.014466,-0.031430,0.622721,7.792000,25.674437

2.623292,-1.792538,9.808264,15.829998,-0.227636,0.127915,0.630982,7.792000,25.674437

0.060621,-0.700409,11.101574,15.835880,-0.218310,0.255017,0.575558,7.784000,25.674437

1.466498,-0.803395,10.641730,15.838821,0.159800,0.272071,0.450587,7.784000,25.674437

0.724042,2.238280,8.807145,15.829998,0.152339,0.290990,0.244078,7.776000,25.674437

-0.526159,0.307894,11.000983,15.832939,0.018308,0.345082,0.115910,7.780000,25.674437

-2.030231,-0.036989,11.482383,15.821175,0.020707,0.221976,-0.111916,7.776000,25.674437

-0.930917,2.159244,8.198811,15.827057,0.126759,0.248622,-0.278988,7.780000,25.674437

-0.360902,6.357713,9.017907,15.844706,-0.029388,0.245958,-0.263000,7.772000,25.674437

0.235458,2.106554,10.064531,15.838821,-0.032319,0.182806,-0.135897,7.776000,25.674437

2.395765,2.001173,8.771220,15.824116,0.118232,0.198527,0.017319,7.776000,25.674437

3.054396,5.402101,8.371252,15.835880,0.076397,0.363201,0.372247,7.780000,25.674437

1.787430,4.652460,5.585844,15.815292,0.055347,0.436478,0.931552,7.776000,25.674437

0.633031,5.351805,4.951164,15.821175,-0.111992,0.425287,1.277420,7.784000,25.674437

-0.408803,4.870406,4.412284,15.838821,-0.187667,0.548659,1.260366,7.780000,25.674437

-0.674650,1.198841,13.077465,15.835880,-0.335021,0.756233,0.822835,7.780000,25.674437

-1.474586,-0.621374,14.119299,15.818233,0.324474,0.853226,0.097790,7.792000,25.674437

-10.228383,6.568475,4.426655,15.824116,-0.083480,0.751437,-0.985380,7.796000,25.674437

-8.475228,-1.050082,9.432246,15.829998,-0.474647,0.225973,-1.692038,7.792000,25.674437

-4.741393,-0.527968,12.648757,15.824116,-0.110659,0.207854,-1.975821,7.792000,25.674437

-5.773646,0.602481,11.384187,15.827057,-0.001143,-0.068202,-1.755456,7.796000,25.674437

-3.586993,0.784503,8.510163,15.829998,-0.056035,-0.460701,-1.412519,7.792000,25.674437

-0.001649,0.786898,9.858560,15.827057,0.138750,-0.639764,-1.084770,7.788000,25.674437

2.323915,-0.420192,12.404465,15.821175,-0.085079,-0.629904,-0.914501,7.784000,25.674437

4.750070,-1.509926,9.935200,15.835880,0.180584,-0.609920,-0.683744,7.784000,25.674437

6.982228,-0.051359,8.780800,15.835880,0.241871,-0.415402,-0.435401,7.784000,25.674437

2.654428,8.678487,11.226115,15.809410,0.461702,-0.060474,-0.039971,7.776000,25.674437

-1.508116,0.978499,12.102693,15.824116,-0.135174,-0.232342,0.026911,7.776000,25.674437

-1.915270,-2.903827,8.282637,15.827057,0.074799,-0.362643,-0.276323,7.776000,12.775789

-1.189579,3.105277,6.620492,15.821175,0.335132,-0.280306,-0.452455,7.776000,12.775789

-2.363138,2.099368,9.918435,15.806469,0.170192,-0.278174,-0.500418,7.780000,12.775789

-4.334239,0.846773,9.573552,15.832939,0.165662,-0.365041,-0.617128,7.780000,12.775789

-3.407367,3.270533,8.232341,15.821175,0.180051,-0.428992,-0.823903,7.776000,12.775789

-1.563202,2.643038,7.968888,15.815292,0.181117,-0.520122,-0.854280,7.776000,12.775789

-2.126032,3.890843,8.129354,15.838821,0.255460,-0.553696,-0.828700,7.780000,12.775789

-1.093778,4.599769,8.383227,15.832939,0.299426,-0.596597,-0.885723,7.780000,12.775789

0.182767,5.483531,8.134145,15.824116,0.242403,-0.647225,-0.856412,7.784000,12.775789

1.607804,5.945770,7.686276,15.815292,0.203500,-0.793512,-0.364788,7.788000,12.775789

2.031722,6.585240,9.484936,15.812351,0.038826,-0.815362,0.052225,7.788000,12.775789

3.119061,4.027359,11.321917,15.818233,0.099580,-0.615515,0.439662,7.792000,12.775789

4.553678,5.806859,9.695698,15.806469,0.155803,-0.605124,0.703726,7.792000,12.775789

4.062699,1.493428,10.148356,15.821175,-0.095737,-0.282437,1.040002,7.792000,12.775789

3.030446,0.921019,10.965058,15.829998,-0.045110,-0.140413,1.046663,7.788000,12.775789

1.246156,0.142637,9.975915,15.829998,0.111037,-0.131353,0.815107,7.788000,12.775789

1.198256,-2.051200,9.609477,15.824116,-0.045909,-0.015708,0.652299,7.784000,12.775789

-2.001491,-1.371015,9.731624,15.824116,0.119831,0.131112,0.671218,7.788000,12.775789

-2.959498,-1.481186,10.536350,15.838821,0.074266,0.050907,0.496152,7.780000,12.775789

-2.535580,-0.614189,10.390254,15.818233,0.034030,0.093008,0.332011,7.780000,12.775789

0.096547,0.997660,9.341235,15.821175,0.020973,0.051440,0.341071,7.772000,25.769206

2.379000,1.941297,9.796288,15.821175,0.017243,0.044246,0.405555,7.772000,25.769206

3.600460,0.959339,8.809541,15.806469,0.130223,0.111927,0.524663,7.772000,25.769206

1.768270,3.742352,6.771379,15.818233,0.049218,0.205189,0.570495,7.768000,25.769206

2.297570,4.211776,5.482858,15.809410,-0.020861,0.328828,0.576890,7.768000,25.769206

1.626964,2.599927,11.961387,15.827057,0.019641,0.439676,0.552908,7.776000,25.769206

-0.281867,1.292247,11.307546,15.835880,0.031365,0.436745,0.517202,7.772000,25.769206

-2.945128,4.532709,7.722201,15.835880,0.209362,0.569443,0.439662,7.776000,25.769206

-2.173932,4.362662,7.190507,15.818233,-0.076552,0.348546,0.366651,7.780000,25.769206

-0.116610,3.375914,8.931686,15.815292,-0.027523,0.487373,0.432734,7.784000,25.769206

-2.329608,4.147110,8.531718,15.821175,-0.075486,0.519348,0.304565,7.784000,25.769206

-3.852841,4.283627,9.959150,15.818233,-0.003808,0.530540,0.025046,7.788000,25.769206

-4.978500,5.042848,10.680051,15.827057,-0.074420,0.413296,-0.322954,7.788000,25.769206

-5.256322,2.125714,10.299243,15.827057,-0.043244,0.148965,-0.582488,7.788000,25.769206

-5.105436,-2.592475,8.167675,15.809410,-0.157823,-0.183846,-0.726911,7.788000,25.769206

-1.611102,-1.021342,8.953242,15.812351,-0.071489,-0.077261,-0.838026,7.792000,25.769206

-0.008834,3.126832,9.650192,15.829998,-0.024592,-0.017840,-0.611000,7.780000,25.769206

1.871256,-1.361435,11.240485,15.809410,-0.284126,-0.296027,-0.448191,7.776000,25.769206

4.364471,-1.404545,11.525493,15.815292,-0.072289,-0.216888,-0.259269,7.776000,25.769206

5.681732,4.185431,9.068203,15.832939,0.141947,0.147633,-0.224363,7.772000,25.769206

1.456918,1.194051,8.821516,15.827057,0.045754,0.184671,0.035971,7.772000,25.769206

-2.423014,1.644315,10.215417,15.821175,0.039892,0.204390,0.025579,7.764000,24.965551

-2.719996,3.129227,10.244158,15.824116,0.075065,0.048242,-0.315493,7.768000,24.965551

-1.795519,4.075260,8.371252,15.824116,0.094517,-0.078594,-0.493756,7.772000,24.965551

-1.764384,2.099368,8.596384,15.824116,-0.029655,-0.118563,-0.635514,7.768000,24.965551

-3.079249,0.897069,10.450130,15.829998,0.008183,-0.126557,-0.777539,7.772000,24.965551

-4.365375,1.931717,10.500424,15.824116,0.091319,-0.202765,-0.892917,7.776000,24.965551

-2.770292,2.901700,8.725715,15.818233,0.035895,-0.440716,-0.952871,7.776000,24.965551

0.532440,3.478900,7.674301,15.809410,0.085457,-0.440983,-0.823370,7.776000,24.965551

1.665284,4.331527,7.585685,15.824116,0.159800,-0.515859,-0.551046,7.776000,24.965551

2.292779,5.378150,8.225156,15.821175,0.022838,-0.493209,-0.408222,7.780000,24.965551

2.687958,4.750655,8.579618,15.824116,0.009515,-0.460967,-0.200115,7.780000,24.965551

1.689234,5.423656,10.795012,15.815292,0.029766,-0.358646,0.038369,7.780000,24.965551

2.905905,6.451119,10.191467,15.824116,-0.042711,-0.358113,0.202510,7.788000,24.965551

4.271066,2.796319,9.844189,15.835880,0.056146,-0.272578,0.354394,7.792000,24.965551

3.432809,4.544683,7.247987,15.841763,0.102777,-0.063405,0.450587,7.792000,24.965551

2.412530,0.782108,9.894485,15.821175,-0.114656,0.111661,0.462844,7.788000,24.965551

2.307150,-0.602214,10.605805,15.821175,-0.274800,0.207854,0.382372,7.792000,24.965551

1.804196,1.591624,8.699369,15.812351,0.100379,0.184405,0.222495,7.788000,24.965551

-4.796478,-2.350578,11.403347,15.821175,-0.093606,0.139906,0.101521,7.780000,24.965551

-4.389325,0.719837,9.935200,15.818233,0.151007,0.005076,0.025046,7.776000,25.507576

-2.379904,1.100645,9.834609,15.829998,0.110238,-0.211026,0.134829,7.772000,25.507576

0.163607,-0.008249,8.876601,15.800587,-0.021128,-0.261387,0.431135,7.776000,25.507576

-0.166906,2.839429,9.860954,15.827057,0.069203,-0.111102,0.799386,7.768000,25.507576

-0.375272,3.419024,9.647798,15.815292,0.058011,-0.043421,0.979515,7.772000,25.507576

1.250946,3.921978,8.318562,15.815292,0.088655,0.062631,0.967524,7.772000,25.507576

0.661771,5.126673,9.195139,15.821175,0.069736,0.282729,0.803383,7.776000,25.507576

0.932408,3.881263,8.838281,15.806469,0.043089,0.304579,0.604336,7.776000,25.507576

-0.224386,3.129227,8.881392,15.812351,-0.030987,0.435945,0.446323,7.784000,25.507576

-0.032785,3.747142,7.710226,15.809410,-0.022993,0.446604,0.239016,7.784000,25.507576

-0.346532,4.580609,8.862231,15.821175,-0.164218,0.515351,0.203310,7.788000,25.507576

-2.111661,2.942415,10.155541,15.821175,0.043356,0.509223,0.166538,7.784000,25.507576

-2.753527,3.883658,8.934082,15.794704,0.035362,0.453798,0.060486,7.788000,25.507576

-3.649264,2.736444,9.722043,15.800587,-0.010203,0.328561,-0.079141,7.792000,25.507576

-4.425251,3.021451,8.297007,15.821175,0.089987,0.247556,-0.301104,7.792000,25.507576

-4.849169,1.194051,10.385464,15.827057,-0.005407,0.120187,-0.527864,7.796000,25.507576

-4.959340,-1.536271,9.599897,15.824116,-0.020329,-0.096447,-0.534792,7.796000,25.507576

-3.165470,0.104317,9.104128,15.809410,-0.037649,-0.149739,-0.537723,7.796000,25.507576

-2.001491,-0.276491,9.343630,15.827057,-0.078684,-0.160931,-0.371716,7.792000,25.507576

0.268988,-1.739848,10.057346,15.806469,-0.094139,-0.324538,-0.322421,7.784000,25.507576

2.283200,0.741392,9.259805,15.812351,0.010048,-0.065004,-0.404225,7.780000,25.927603

6.476879,0.588111,8.428732,15.809410,0.043089,0.002411,-0.483631,7.784000,25.927603

1.512003,0.130662,9.551997,15.800587,0.002054,0.195596,-0.323753,7.772000,25.927603

-1.730853,2.573582,9.293335,15.777058,-0.054969,0.100203,-0.464978,7.776000,25.927603

-1.007557,3.019056,8.040739,15.794704,0.023904,-0.096713,-0.670954,7.772000,25.927603

0.443824,2.911280,8.953242,15.797646,-0.062163,-0.120162,-0.768479,7.768000,25.927603

0.079781,2.487362,10.114826,15.809410,-0.056301,-0.172921,-0.653101,7.776000,25.927603

-0.518973,3.359149,9.508886,15.797646,0.064140,-0.187044,-0.597410,7.776000,25.927603

-0.375272,3.974669,8.718530,15.800587,-0.060031,-0.251261,-0.624856,7.776000,25.927603

-1.467401,2.726864,10.457314,15.785881,-0.093339,-0.292563,-0.759419,7.776000,25.927603

-0.923732,3.572305,8.840676,15.815292,0.081993,-0.269114,-0.896648,7.776000,25.927603

-1.476981,3.160362,7.269543,15.809410,0.156070,-0.373301,-0.969125,7.776000,25.927603

-2.248178,4.683595,8.941267,15.818233,0.101445,-0.517724,-0.921162,7.784000,25.927603

1.198256,4.448883,10.174702,15.803528,0.111037,-0.605390,-0.696801,7.780000,25.927603

1.411412,3.663316,10.622570,15.800587,0.141681,-0.605390,-0.265132,7.788000,25.927603

2.503541,7.674974,7.394083,15.800587,0.251996,-0.654685,0.126835,7.784000,25.927603

4.656664,5.385335,7.906618,15.809410,0.114235,-0.581408,0.567031,7.788000,25.927603

5.722447,3.241793,11.331496,15.806469,-0.076819,-0.350918,0.912633,7.788000,25.927603

5.547611,1.970037,10.007051,15.818233,0.104109,-0.114566,1.083435,7.788000,25.927603

3.837567,0.571346,11.245275,15.809410,-0.035783,0.181207,1.103153,7.788000,25.927603

1.988612,-1.356645,10.524375,15.821175,-0.163419,0.324831,0.784464,7.784000,25.927603

-0.305817,-0.058544,9.595107,15.821175,0.063607,0.340019,0.608333,7.780000,25.927603

-0.681835,-0.219010,10.318403,15.797646,0.028701,0.283529,0.376777,7.776000,25.927603

-2.252968,-0.769865,9.669353,15.800587,0.075864,0.289125,0.155613,7.772000,25.927603

-4.322265,0.707862,9.695698,15.809410,-0.011269,0.207854,0.025579,7.768000,25.927603

-3.165470,0.928204,9.343630,15.806469,-0.029921,0.060766,0.015986,7.768000,25.927603

0.862953,2.530472,8.986773,15.821175,0.044422,0.144169,0.437797,7.764000,25.927603

-0.492628,3.169942,8.280241,15.803528,0.075864,0.201991,0.685340,7.772000,25.927603

0.077386,4.484808,8.141330,15.812351,0.043356,0.261146,0.793258,7.772000,25.927603

0.055831,3.943534,9.187954,15.815292,-0.015266,0.334690,0.837490,7.768000,25.927603

-1.074618,3.699241,9.300520,15.812351,0.061742,0.354941,0.787129,7.772000,25.927603

0.479750,5.296720,7.616820,15.815292,0.023904,0.374926,0.596608,7.776000,25.927603

-1.000372,5.464371,9.470566,15.809410,0.021240,0.445805,0.413282,7.780000,25.927603

-0.511788,3.775882,10.533955,15.803528,-0.130910,0.440742,0.190519,7.780000,25.927603

-1.996701,2.564002,9.784313,15.824116,-0.040580,0.604350,0.007460,7.788000,25.927603

-2.791847,6.070311,8.665839,15.809410,0.053482,0.657376,-0.268063,7.784000,25.927603

-3.622919,2.640643,13.046330,15.815292,-0.108261,0.370662,-0.466577,7.788000,25.927603

-4.121083,-0.111235,10.989009,15.812351,-0.017930,0.244625,-0.646706,7.788000,25.927603

-8.568634,2.111343,9.183164,15.809410,0.012713,0.147899,-0.895848,7.792000,25.927603

-4.477941,-0.199850,11.192585,15.809410,-0.031786,-0.450309,-0.939015,7.792000,25.927603

-2.772687,-1.450051,10.869258,15.791763,-0.000610,-0.452441,-0.851615,7.788000,25.927603

-1.893715,0.281549,9.513677,15.797646,0.167794,-0.513460,-0.587551,7.780000,12.576068

2.549047,-0.175900,8.735295,15.797646,-0.025391,-0.777525,-0.370917,7.780000,12.576068

3.792062,-0.769865,9.271779,15.785881,0.136884,-0.614716,-0.100991,7.776000,12.576068

5.387145,0.758158,9.034673,15.797646,0.098247,-0.320275,0.214501,7.772000,12.576068

1.121615,3.433394,10.723162,15.809410,0.130223,-0.078327,0.562767,7.776000,12.576068

-0.782426,1.507799,9.084968,15.800587,0.039359,-0.056477,0.490023,7.768000,12.576068

-0.473468,2.619088,8.720924,15.794704,0.045754,-0.029298,0.199046,7.768000,12.576068

0.242643,4.664434,8.953242,15.794704,0.066272,0.060233,0.030109,7.768000,12.576068

0.486935,1.917347,9.561577,15.794704,-0.033385,0.011471,-0.316026,7.776000,12.576068

-1.148864,1.744905,10.117222,15.800587,0.020707,-0.014643,-0.573429,7.772000,12.576068

-1.769174,2.681358,8.740085,15.782940,-0.011535,-0.027966,-0.752225,7.776000,12.576068

-1.852999,3.675291,8.953242,15.774117,0.028967,-0.105240,-0.823637,7.768000,12.576068

-1.874555,4.192616,10.275292,15.788822,0.055613,-0.164395,-0.871334,7.772000,12.576068

0.180372,4.583004,7.736571,15.791763,-0.053103,-0.230211,-0.865738,7.780000,12.576068

-0.928522,4.889566,8.857441,15.794704,-0.045643,-0.251528,-0.707459,7.776000,12.576068

2.946620,7.389967,8.938871,15.782940,-0.016598,-0.531047,-0.333879,7.780000,12.576068

4.575233,5.610467,10.040581,15.782940,0.012713,-0.397549,0.108715,7.784000,12.576068

5.403910,4.235726,10.533955,15.788822,-0.037915,-0.369571,0.428737,7.788000,12.576068

3.916603,3.222633,9.734018,15.803528,-0.036050,0.052506,0.766078,7.792000,12.576068

3.114271,2.365216,9.652588,15.785881,-0.050172,0.204656,0.834026,7.792000,12.576068

1.885626,0.374954,10.574670,15.788822,-0.101067,0.232368,0.718115,7.788000,12.576068

0.752782,-2.420033,9.386741,15.800587,-0.170347,0.283529,0.472703,7.784000,25.381827

-0.384852,-2.709831,8.074269,15.800587,-0.029921,0.385584,0.264596,7.784000,25.381827

-2.602640,-1.763798,11.144685,15.785881,-0.093073,0.346947,-0.039171,7.776000,25.381827

-2.976264,0.827613,9.920830,15.785881,-0.000877,0.401838,-0.198782,7.776000,25.381827

-3.373837,0.707862,8.696975,15.794704,-0.007005,0.245691,-0.261135,7.772000,25.381827

-2.799032,0.693492,8.553273,15.794704,-0.007272,0.078619,-0.242216,7.768000,25.381827

-1.706903,1.855076,9.619058,15.794704,-0.027790,0.081550,-0.170537,7.768000,25.381827

-0.138165,3.972274,9.868139,15.794704,-0.033119,0.004809,0.038636,7.768000,25.381827

0.525255,3.213053,8.052714,15.797646,0.059877,0.065563,0.256602,7.772000,25.381827

0.865348,4.444093,8.011999,15.794704,0.066005,0.079685,0.609398,7.772000,25.381827

-0.181276,4.307577,8.613149,15.762352,-0.118653,0.160157,1.016020,7.776000,25.381827

-0.121400,4.163876,9.154424,15.797646,0.063607,0.453798,1.042133,7.776000,25.381827

0.228273,5.792489,8.522139,15.791763,0.087056,0.544662,0.630449,7.780000,25.381827

-1.287775,4.147110,7.365344,15.785881,-0.003808,0.536668,0.170535,7.784000,25.381827

-1.620682,1.732930,9.302915,15.785881,-0.040846,0.575572,-0.448458,7.788000,25.381827

-5.059930,3.605836,9.161609,15.779999,-0.057633,0.620870,-0.851882,7.792000,25.381827

-6.746024,2.896910,9.604687,15.782940,-0.070424,0.270206,-1.102890,7.792000,25.381827

-4.746183,0.101922,11.602134,15.771175,-0.139171,0.108197,-1.203079,7.796000,25.381827

-2.842142,-0.123210,11.029724,15.765293,-0.040580,-0.114566,-1.161245,7.792000,25.381827

0.228273,0.233648,10.447734,15.753529,-0.040846,-0.304021,-0.848684,7.788000,25.416672

1.028209,-0.130395,10.117222,15.785881,0.180318,-0.244067,-0.596611,7.788000,25.416672

1.476078,-0.911171,9.856164,15.779999,0.121962,-0.323206,-0.491358,7.788000,25.416672

0.949174,-1.258449,9.190349,15.782940,0.076664,-0.361044,-0.354130,7.780000,25.416672

1.509608,1.107830,10.871653,15.782940,0.059877,-0.065004,-0.347202,7.772000,25.416672

-0.911757,-0.611794,11.882351,15.782940,0.123028,-0.039957,-0.208375,7.776000,25.416672

-1.127308,0.956944,9.460986,15.785881,0.151007,-0.148407,-0.253407,7.772000,25.416672

-1.627867,1.888607,7.453959,15.765293,0.249864,-0.202765,-0.297107,7.768000,25.416672

-0.756080,2.288575,7.362948,15.765293,0.014312,-0.253926,-0.195851,7.768000,25.416672

-1.687743,3.136412,8.902946,15.779999,0.071068,-0.312281,-0.164142,7.768000,25.416672

-1.081803,2.523287,9.882509,15.788822,0.036161,-0.311748,-0.274458,7.764000,25.416672

-2.463729,3.933954,9.561577,15.777058,0.157402,-0.359445,-0.400228,7.764000,25.416672

-2.849328,3.292088,8.689790,15.791763,0.021772,-0.409540,-0.488161,7.772000,25.416672

-2.526000,2.516102,8.205996,15.777058,-0.043777,-0.436453,-0.507612,7.768000,25.416672

-0.871041,5.200919,9.183164,15.765293,0.126226,-0.441516,-0.434335,7.772000,25.416672

0.712067,6.254727,7.216852,15.768234,0.211227,-0.623509,-0.278188,7.776000,25.416672

0.762362,5.550592,8.086245,15.782940,0.211494,-0.549166,-0.025848,7.784000,25.416672

1.021024,5.438026,9.104128,15.762352,0.094250,-0.476156,0.187322,7.788000,25.416672

0.453404,3.110067,9.429851,15.738823,-0.044843,-0.445246,0.438596,7.784000,25.416672

3.190912,1.744905,10.160332,15.774117,-0.044577,-0.340260,0.649634,7.788000,25.416672

3.988453,1.522169,10.220207,15.765293,-0.019796,-0.192107,0.733303,7.792000,25.416672

1.650914,0.413275,9.243039,15.777058,0.006584,-0.001852,0.715450,7.788000,25.416672

0.197137,0.456385,11.453642,15.771175,-0.103465,0.081017,0.518268,7.788000,25.416672

0.994679,-3.526532,9.367580,15.756470,-0.081615,0.144968,0.357591,7.780000,25.416672

-0.068710,-1.502741,8.462263,15.768234,0.018042,0.274736,0.233153,7.780000,25.416672

-0.662675,-0.441747,10.258528,15.753529,0.068403,0.138040,0.172666,7.776000,25.416672

-0.404013,0.456385,9.140054,15.777058,0.017509,0.222509,0.093527,7.764000,25.416672

-1.896110,-0.880036,9.381950,15.779999,0.010581,0.165220,-0.074611,7.764000,25.416672

0.647401,1.301827,9.707673,15.779999,0.018308,0.124984,-0.085003,7.760000,25.416672

0.106127,3.373519,8.843071,15.768234,0.019108,0.284062,-0.015190,7.760000,25.416672

0.407899,3.778277,8.649075,15.765293,0.040425,0.197195,0.140691,7.760000,25.416672

0.810262,3.881263,8.629914,15.759411,-0.113058,0.137507,0.227824,7.764000,25.416672

0.041461,4.331527,8.807145,15.768234,0.018308,0.157492,0.273389,7.764000,25.416672

-0.466283,3.356754,7.875483,15.759411,0.062541,0.197994,0.196382,7.768000,25.416672

-0.183671,4.717125,10.160332,15.756470,-0.056834,0.141238,0.127634,7.764000,25.416672

-1.136889,4.113580,8.270661,15.777058,-0.041379,0.196129,0.086599,7.776000,25.416672

-1.412316,3.701637,6.242079,15.768234,-0.153027,0.249422,0.163873,7.776000,25.416672

-0.689020,3.907608,11.022539,15.762352,-0.093339,0.365866,0.394363,7.780000,25.416672

-5.335358,2.746024,9.757969,15.768234,0.147010,0.398108,0.577156,7.780000,25.416672

-6.669384,1.251532,10.624966,15.765293,-0.007272,-0.081525,0.268326,7.788000,25.416672

-5.594020,1.313802,10.057346,15.779999,0.096116,0.027991,0.078605,7.784000,25.416672

-5.043165,0.746182,9.310100,15.771175,0.074266,-0.229145,-0.064485,7.788000,12.559324

-2.008676,0.327054,9.092153,15.765293,-0.097070,-0.401813,-0.006663,7.788000,12.559324

-0.643515,-1.881154,10.498030,15.791763,-0.000344,-0.219019,0.153481,7.784000,12.559324

1.907181,0.245623,9.772339,15.765293,0.017776,-0.274977,0.278185,7.784000,12.559324

5.023102,-2.523019,9.846584,15.750587,-0.079750,-0.143877,0.470571,7.776000,12.559324

6.412213,1.359308,9.470566,15.753529,0.160866,0.126050,0.479631,7.776000,12.559324

2.980150,1.989197,10.339958,15.762352,0.058278,0.317103,0.461778,7.768000,12.559324

0.096547,-0.022619,8.143725,15.744705,-0.116522,0.259281,0.113245,7.760000,12.559324

-1.345255,1.232371,9.551997,15.765293,-0.058699,0.273936,-0.219833,7.764000,12.559324

0.051041,3.759117,9.173584,15.750587,0.109705,0.210785,-0.446859,7.756000,12.559324

-0.394432,2.484967,8.318562,15.791763,-0.029388,0.170815,-0.602739,7.760000,12.559324

-0.327372,1.098250,9.449011,15.779999,-0.098935,0.136442,-0.765282,7.760000,12.559324

0.405504,3.078931,9.027488,15.759411,-0.001676,0.143103,-0.896648,7.764000,12.559324

0.707277,3.955508,7.712621,15.744705,0.197904,-0.021837,-0.850550,7.756000,12.559324

-0.315397,2.889725,8.162886,15.779999,-0.027257,-0.003451,-0.659230,7.760000,12.559324

-3.012189,4.300392,7.779682,15.756470,-0.125848,-0.073531,-0.390369,7.764000,12.559324

0.786312,5.617652,8.591594,15.768234,-0.084013,-0.074597,-0.133499,7.760000,12.559324

-2.200277,4.597374,9.875324,15.762352,-0.019796,0.015468,-0.136963,7.768000,12.559324

-0.339347,5.864339,8.419152,15.765293,-0.028056,-0.088986,-0.294709,7.768000,12.559324

1.962267,4.503968,9.384345,15.768234,-0.124515,-0.091650,-0.444461,7.772000,12.559324

2.058068,3.169942,10.433364,15.779999,-0.045110,0.038117,-0.483364,7.780000,12.559324

0.393529,3.660921,9.621452,15.747646,0.040691,0.030390,-0.469242,7.784000,12.559324

1.603014,1.768856,10.562695,15.777058,-0.078151,-0.055678,-0.395965,7.776000,12.559324

2.237694,0.382139,10.483660,15.774117,-0.099201,-0.004251,-0.204378,7.780000,12.559324

-0.792006,0.547396,10.232183,15.771175,-0.048574,0.044246,-0.086602,7.780000,12.559324

-2.027836,-3.799565,10.076506,15.771175,-0.000077,0.025327,0.067680,7.772000,12.559324

-1.457821,-3.454682,11.448853,15.735882,0.034563,-0.060474,0.144954,7.772000,12.559324

0.805472,-0.592633,10.316008,15.735882,0.040425,-0.152404,0.051959,7.768000,12.559324

-0.459098,-0.331576,8.416758,15.756470,0.064406,-0.039690,0.030642,7.768000,12.559324

-1.570387,-0.003459,9.583132,15.768234,0.119031,-0.108970,0.053025,7.756000,12.559324

-0.013624,0.542606,9.841794,15.750587,0.148342,-0.095914,0.029310,7.748000,12.559324

-1.857789,2.678963,9.820239,15.753529,0.014312,-0.064471,0.008525,7.748000,12.559324

-0.004044,3.265743,8.823911,15.738823,0.015111,-0.088986,-0.045566,7.748000,12.559324

0.168397,3.677686,8.177256,15.744705,0.082259,-0.025035,-0.065285,7.748000,12.559324

0.245038,4.269256,7.954518,15.747646,0.075598,-0.088986,-0.012792,7.756000,12.559324

-1.093778,4.745865,9.681328,15.747646,-0.119719,-0.045019,0.302700,7.752000,12.559324

-1.170419,4.906332,7.808422,15.747646,0.032964,-0.005583,0.829230,7.760000,12.559324

-2.001491,5.545802,8.153305,15.753529,-0.133842,-0.071666,1.447956,7.764000,12.559324

-1.160839,3.239398,9.896879,15.718235,-0.037116,0.022129,1.725610,7.772000,12.559324

-1.639843,6.316998,10.581855,15.750587,0.013779,0.162555,1.564400,7.772000,12.559324

-3.745065,5.864339,9.484936,15.750587,0.041224,0.214249,1.111414,7.776000,12.559324

-2.743947,2.468201,9.755573,15.730000,-0.003541,0.229437,0.532391,7.780000,12.559324

-3.134335,3.447764,10.260922,15.732941,-0.033652,0.325896,0.005328,7.784000,12.559324

-3.972592,4.451278,9.547207,15.747646,-0.080549,0.263544,-0.297906,7.784000,12.249891

-2.099686,0.791688,9.846584,15.741764,-0.081348,-0.083390,-0.423410,7.780000,12.249891

1.009049,1.759276,10.521979,15.738823,-0.042179,0.027991,-0.313894,7.784000,12.249891

0.268988,0.671937,9.971126,15.750587,0.050284,0.022129,-0.240617,7.780000,12.249891

3.871098,-1.586567,7.918593,15.747646,-0.022993,-0.061540,-0.126305,7.780000,12.249891

4.208795,-0.702804,9.813054,15.747646,0.032431,0.057036,-0.173468,7.776000,12.249891

2.680773,1.637130,11.982942,15.724117,-0.053903,0.350944,-0.171337,7.776000,12.249891

-1.726063,-0.355527,9.966335,15.721176,-0.033652,0.248356,-0.167606,7.768000,12.249891

-2.554740,1.670660,8.510163,15.724117,0.262122,0.128714,-0.338942,7.764000,12.249891

-3.127150,2.130504,8.579618,15.730000,0.023105,0.116990,-0.607536,7.764000,12.249891

-3.155890,-0.010644,10.299243,15.730000,-0.162353,0.035452,-0.712256,7.760000,12.249891

-1.843419,2.209539,10.636941,15.741764,-0.020861,-0.039957,-0.771943,7.764000,12.249891

-0.250731,3.471714,9.199929,15.741764,0.152339,-0.201166,-0.686409,7.756000,12.249891

0.479750,2.314920,9.142448,15.735882,0.087855,-0.297359,-0.507079,7.764000,12.249891

-1.467401,5.483531,9.221484,15.732941,0.126226,-0.194505,-0.173735,7.764000,12.249891

0.333654,5.085958,8.443103,15.730000,0.073999,-0.173454,-0.020785,7.768000,12.249891

-0.102240,4.087235,8.500583,15.738823,0.004452,-0.184379,0.049294,7.764000,12.249891

-1.306935,4.391402,9.480146,15.718235,0.042823,-0.157200,-0.034109,7.768000,12.249891

0.503700,4.745865,9.310100,15.738823,-0.163952,-0.295228,-0.208641,7.768000,12.249891

1.452128,5.428446,9.120893,15.724117,0.135552,-0.280839,-0.344804,7.772000,12.249891

0.417479,4.147110,9.554392,15.721176,0.253595,-0.297359,-0.434602,7.776000,12.249891

1.569484,2.496942,8.970007,15.730000,-0.150096,-0.245932,-0.297373,7.780000,24.855174

2.925065,2.552027,9.757969,15.727058,-0.134641,-0.108171,-0.026381,7.780000,24.855174

2.448456,1.002450,11.216536,15.718235,-0.127180,-0.000254,0.250740,7.776000,24.855174

1.104850,2.211934,10.589040,15.727058,-0.067226,0.018132,0.330146,7.776000,24.855174

3.166962,0.097132,12.026052,15.721176,-0.386714,0.125783,0.414614,7.776000,24.855174

1.349142,-1.126723,9.511281,15.732941,0.126759,0.299783,0.488957,7.772000,24.855174

0.043856,-0.333971,8.692184,15.694704,0.239472,0.199327,0.438862,7.776000,24.855174

-1.105753,-0.899196,9.240644,15.715292,-0.028056,0.198794,0.225159,7.764000,24.855174

-2.456544,0.686307,9.801079,15.706469,-0.069891,0.220644,-0.038905,7.760000,24.855174

-1.024323,1.570069,9.034673,15.732941,0.065472,0.179875,-0.284317,7.764000,24.855174

-0.811166,1.601204,8.840676,15.709410,0.018841,0.078886,-0.441530,7.760000,24.855174

-1.558412,1.459898,9.678933,15.721176,0.037760,-0.022370,-0.502017,7.756000,24.855174

-1.958380,5.148229,9.499307,15.697645,-0.021394,0.009339,-0.488960,7.764000,24.855174

0.182767,3.636971,8.752060,15.721176,-0.043511,-0.046618,-0.259269,7.760000,24.855174

1.363512,6.216407,7.729386,15.691763,-0.002209,0.013336,0.071677,7.760000,24.855174

0.769547,4.293207,9.520862,15.703527,-0.057633,-0.009313,0.492954,7.764000,24.855174

1.100060,5.636813,9.302915,15.706469,-0.001410,0.086347,0.743695,7.772000,24.855174

-1.357230,4.230936,8.294611,15.718235,0.064939,0.123118,0.913699,7.776000,24.855174

-1.819469,2.762789,8.883786,15.682940,-0.110126,0.107131,0.982712,7.780000,24.855174

-2.291288,5.184154,8.787985,15.697645,-0.025125,0.267541,0.747692,7.780000,24.855174

-4.434831,4.702755,9.202324,15.715292,0.098247,0.339486,0.386369,7.788000,24.855174

-7.270534,2.032308,11.590158,15.700586,-0.214580,0.128981,-0.069548,7.784000,25.107157

-6.096974,2.310130,12.050002,15.674116,-0.040313,0.047443,-0.396498,7.788000,25.107157

-4.633617,0.777318,9.470566,15.697645,-0.063762,-0.154003,-0.587818,7.788000,25.107157

-2.066156,0.978499,8.886181,15.718235,-0.027257,-0.361044,-0.560372,7.784000,25.107157

-1.088988,0.394115,10.002260,15.706469,-0.014733,-0.311215,-0.307499,7.784000,25.107157

-0.432753,-0.238171,10.670471,15.694704,-0.077884,-0.457503,-0.037306,7.780000,25.107157

3.370538,1.344937,8.831096,15.700586,0.234942,-0.288300,0.232887,7.780000,25.107157

2.711908,1.953272,9.647798,15.706469,0.044155,-0.191574,0.408752,7.772000,25.107157

1.557508,-0.453722,8.708950,15.709410,0.020707,-0.274444,0.537986,7.768000,25.107157

0.460589,0.885094,8.764035,15.712351,0.121163,-0.068202,0.548645,7.768000,25.107157

0.113312,4.724310,8.867022,15.694704,0.005785,0.073823,0.561702,7.772000,25.107157

0.537230,3.339988,9.338840,15.700586,-0.129578,0.051174,0.511873,7.772000,25.107157

-1.654213,3.062166,9.305309,15.682940,-0.021394,0.106065,0.221163,7.768000,25.107157

0.321678,1.541329,9.997471,15.685881,0.005785,0.087945,-0.124972,7.764000,25.107157

0.333654,3.064561,8.373647,15.700586,0.045488,0.104466,-0.680813,7.772000,25.107157

-0.645909,3.105277,7.882668,15.677057,-0.038714,0.038117,-1.170305,7.772000,25.107157

-1.546437,4.151900,8.656260,15.694704,0.027901,-0.114300,-1.357095,7.768000,25.107157

0.113312,4.171061,10.387858,15.688822,0.093717,-0.280306,-1.224663,7.772000,25.107157

1.907181,5.160203,9.317285,15.679998,0.121696,-0.379163,-0.964595,7.772000,25.107157

3.207677,6.082286,7.087521,15.688822,-0.014733,-0.433788,-0.502816,7.776000,25.107157

3.375329,5.002132,8.217971,15.677057,0.077197,-0.319476,0.114311,7.780000,25.107157

4.043539,2.604717,9.714858,15.685881,-0.094139,-0.283770,0.595276,7.784000,25.107157

3.753741,4.568634,10.742321,15.685881,0.000455,-0.123892,0.888651,7.784000,25.107157

4.321361,2.053863,9.968730,15.677057,-0.010203,0.075155,1.001365,7.784000,25.107157

4.007614,3.138807,9.762758,15.679998,0.078795,0.270472,1.016553,7.784000,25.107157

3.176542,-0.343551,9.856164,15.677057,-0.202322,0.492435,0.765279,7.784000,25.107157

0.951569,-2.391293,9.058622,15.688822,0.039625,0.596889,0.375444,7.780000,25.107157

-2.408644,-0.997392,8.483818,15.694704,0.130489,0.665370,0.193983,7.780000,25.107157

-2.576295,0.506680,10.624966,15.691763,-0.093339,0.538267,-0.067683,7.776000,25.107157

-2.387089,0.511470,10.605805,15.706469,-0.073355,0.510555,-0.328283,7.764000,25.107157

-2.949918,1.004844,9.293335,15.688822,0.191776,0.422089,-0.606203,7.768000,25.107157

-3.426527,1.069510,8.565248,15.677057,-0.069358,0.257416,-0.666157,7.760000,25.107157

0.031881,1.210816,8.368856,15.685881,-0.007005,0.161489,-0.613132,7.764000,25.107157

-0.669860,3.459739,9.377160,15.662352,-0.061630,0.205189,-0.557174,7.768000,25.107157

1.066530,1.354517,10.349538,15.682940,-0.126914,0.146834,-0.475903,7.764000,25.107157

1.322797,2.415511,9.453801,15.682940,0.080661,0.217180,-0.177465,7.768000,25.107157

-1.800309,3.543565,7.099496,15.679998,-0.051505,0.127915,0.245144,7.760000,25.107157

-0.466283,1.253927,7.916198,15.685881,-0.042445,0.058635,0.394630,7.768000,25.107157

-1.572782,2.571187,11.331496,15.665293,-0.034451,0.167085,0.238216,7.772000,25.107157

-3.407367,4.468043,9.683722,15.659410,0.099580,0.247290,0.004529,7.776000,25.107157

-3.912716,3.910003,8.852651,15.679998,-0.141569,0.124984,-0.263266,7.776000,12.707556

-3.457662,3.138807,10.304033,15.677057,-0.050439,0.002944,-0.511076,7.776000,12.707556

-5.304223,2.710098,9.338840,15.679998,0.052949,-0.065803,-0.618194,7.776000,12.707556

-7.057377,2.015543,9.973520,15.679998,0.049218,-0.404744,-0.524399,7.780000,12.707556

-6.082604,-0.034594,10.165122,15.668234,0.059344,-0.603525,-0.235554,7.784000,12.707556

-3.072064,1.306617,9.465776,15.668234,0.102511,-0.751678,0.012256,7.780000,12.707556

-0.212411,-0.604609,8.720924,15.674116,0.121696,-0.775393,0.264329,7.776000,12.707556

0.010326,0.925809,8.225156,15.671175,0.127292,-0.648823,0.548112,7.776000,12.707556

1.976637,0.085157,9.913645,15.677057,0.047619,-0.761537,0.687738,7.772000,12.707556

3.334613,-1.347065,10.955479,15.677057,-0.031786,-0.512395,0.774339,7.764000,12.707556

5.494921,1.764066,10.280083,15.682940,-0.028589,-0.128955,0.715983,7.764000,12.707556

-2.818192,2.635853,10.062136,15.688822,-0.051771,-0.084989,-0.628053,7.760000,12.707556

0.029486,4.266861,7.767707,15.668234,0.031898,-0.467096,-0.091931,7.764000,12.707556

2.513121,4.535103,10.414204,15.694704,0.072134,-0.361843,0.289643,7.768000,12.707556

3.384908,5.713453,8.981982,15.679998,0.098514,-0.216621,0.267261,7.772000,24.855530

2.838844,5.428446,8.244316,15.677057,0.097448,-0.176652,0.275787,7.780000,24.855530

2.881954,2.561607,8.110195,15.677057,-0.088276,-0.130287,0.268060,7.780000,24.855530

1.243761,3.622601,10.462104,15.668234,-0.006206,0.013602,0.300302,7.784000,24.855530

2.642452,3.426209,10.208232,15.659410,0.069203,0.074089,0.282182,7.784000,24.855530

3.511845,2.413116,10.799802,15.665293,0.002587,0.217713,0.427404,7.784000,24.855530

2.321520,0.959339,10.847702,15.679998,0.000455,0.294187,0.660026,7.784000,24.855530

2.369420,-0.022619,9.956755,15.659410,0.062275,0.451933,0.672816,7.788000,24.855530

-0.284262,-0.551918,9.669353,15.674116,0.003920,0.440742,0.553175,7.784000,24.855530

1.607804,-2.939753,7.796447,15.668234,-0.008871,0.482043,0.492688,7.776000,24.855530

-2.080526,-2.077546,8.977192,15.659410,-0.063229,0.603550,0.480697,7.776000,24.855530

-1.948800,0.262388,11.879955,15.671175,-0.178607,0.555854,0.340271,7.768000,24.855530

-1.385971,1.323382,10.371094,15.674116,-0.023793,0.591293,-0.071413,7.768000,24.855530

-1.014742,1.270692,8.764035,15.677057,0.172324,0.446604,-0.411153,7.764000,24.855530

-2.691256,3.162757,8.040739,15.674116,0.033230,0.346148,-0.668822,7.756000,24.855530

-1.903295,1.170101,8.716135,15.674116,-0.098669,0.188135,-0.852148,7.760000,24.855530

-1.766779,3.227422,9.760364,15.694704,-0.032053,0.268607,-0.890785,7.760000,24.855530

-0.157326,3.936348,8.768826,15.668234,0.011114,0.120454,-0.783668,7.760000,24.855530

2.977755,4.527918,8.083850,15.674116,0.066272,-0.003984,-0.457251,7.768000,24.855530

2.886744,2.841825,8.500583,15.677057,-0.004341,0.060233,-0.056225,7.768000,24.855530

2.046093,4.068075,9.063413,15.679998,-0.078684,0.187869,0.273656,7.768000,24.855530

0.558785,4.412958,8.014394,15.668234,-0.099468,0.326429,0.544914,7.768000,24.855530

-0.756080,5.215289,7.782077,15.656469,-0.039247,0.374126,0.612329,7.772000,24.855530

-3.369047,2.882540,6.833649,15.665293,-0.038182,0.402371,0.417279,7.772000,24.855530

-7.215448,3.756722,9.750783,15.668234,-0.118920,0.458861,0.048228,7.776000,24.855530

-7.323224,3.471714,9.963940,15.688822,-0.060564,0.265409,-0.334145,7.780000,24.855530

-5.311408,2.700518,9.676538,15.665293,-0.060831,0.013602,-0.548115,7.784000,24.855530

-7.960299,-0.508808,11.772180,15.677057,-0.123716,-0.075929,-0.661361,7.784000,24.855530

-3.464847,-0.410612,13.252302,15.671175,0.034563,-0.340526,-0.699998,7.784000,24.855530

-0.983607,1.155731,11.856006,15.659410,0.092119,-0.461234,-0.549713,7.784000,24.855530

0.961149,-2.283517,10.838122,15.671175,0.013512,-0.439384,-0.206776,7.780000,24.855530

3.885468,2.271810,8.435918,15.644705,0.121429,-0.328802,-0.154283,7.764000,24.855530

5.260209,0.873118,9.233459,15.647646,0.350587,-0.216088,-0.244614,7.764000,24.855530

2.589762,-2.077546,9.432246,15.650587,0.099580,-0.197436,-0.042902,7.756000,24.855530

0.680931,1.280272,8.263476,15.653528,0.136085,-0.131620,-0.058090,7.756000,24.855530

0.568365,2.920860,6.273214,15.650587,0.169126,-0.127090,-0.053827,7.752000,24.855530

-0.559689,4.199801,9.650192,15.644705,-0.008071,-0.053280,-0.047432,7.752000,24.855530

-1.306935,3.157967,8.649075,15.635881,0.076131,-0.035960,-0.076210,7.756000,24.855530

-1.898505,0.968919,10.533955,15.650587,0.136618,-0.035693,-0.219300,7.756000,24.855530

-2.473310,5.042848,8.682605,15.653528,-0.031254,-0.120428,-0.398896,7.764000,24.855530

-1.960775,4.918307,10.730347,15.662352,-0.080016,-0.078061,-0.580090,7.764000,24.855530

-1.666188,4.269256,9.463381,15.659410,0.121429,-0.281105,-0.676816,7.764000,24.855530

-2.039811,2.137689,8.740085,15.632940,0.007384,-0.358379,-0.683211,7.764000,12.561857

-3.179840,4.978182,9.482541,15.632940,0.031898,-0.372235,-0.698399,7.768000,12.561857

0.194742,5.081168,5.899591,15.647646,0.188578,-0.547301,-0.778605,7.776000,12.561857

-0.030389,6.872643,8.318562,15.632940,-0.032053,-0.561957,-0.692537,7.772000,12.561857

1.516793,2.963970,8.989167,15.647646,-0.044310,-0.455372,-0.023450,7.776000,12.561857

2.431691,1.177286,8.761641,15.653528,-0.163685,-0.435120,0.319221,7.780000,12.561857

2.711908,4.513548,11.051279,15.641764,0.048152,-0.279773,0.811643,7.784000,12.561857

2.968175,0.089947,10.028605,15.647646,-0.043777,-0.210226,1.067181,7.780000,12.561857

1.265316,-0.171110,10.615385,15.644705,-0.108261,-0.150539,1.090097,7.776000,12.561857

1.332377,0.921019,10.926738,15.650587,0.023638,0.048509,1.019218,7.776000,12.561857

-0.071105,-0.135185,10.565090,15.656469,0.144878,-0.014643,0.936881,7.772000,12.561857

-0.921337,-1.790143,9.537626,15.650587,0.058011,0.068494,0.783132,7.768000,12.561857

-2.698441,-1.474001,8.946056,15.638823,0.101711,0.204123,0.647769,7.768000,12.561857

-3.752250,2.120924,8.138935,15.641764,0.050284,0.208653,0.528927,7.764000,12.561857

0.189952,2.516102,9.882509,15.656469,-0.084546,0.129780,0.454317,7.764000,12.561857

1.291661,1.582044,9.037067,15.659410,0.016443,0.233700,0.440461,7.768000,12.561857

0.513280,3.026241,8.313771,15.665293,0.137417,0.300050,0.544382,7.764000,12.561857

2.084413,2.290970,7.664721,15.662352,-0.106662,0.351743,0.561702,7.764000,12.561857

2.259249,5.358990,9.005932,15.656469,-0.024592,0.529740,0.544382,7.764000,12.561857

2.264039,4.283627,8.778405,15.647646,0.002321,0.593691,0.534256,7.772000,12.561857

0.613871,4.580609,7.815607,15.635881,-0.051238,0.621670,0.417279,7.768000,25.305967

-0.643515,4.786581,9.044252,15.647646,-0.071489,0.601685,0.239815,7.772000,25.305967

-3.390602,3.466924,9.276569,15.624117,0.084658,0.599287,0.042899,7.780000,25.305967

-6.214330,3.694452,8.062294,15.632940,-0.040313,0.486840,-0.135631,7.784000,25.305967

-5.598810,4.357872,9.458591,15.638823,-0.136240,0.336288,-0.301370,7.784000,25.305967

-6.942416,1.814361,11.084809,15.632940,0.055613,0.158292,-0.329615,7.780000,25.305967

-6.813085,4.494388,11.726674,15.650587,0.207763,-0.106039,-0.297906,7.788000,25.305967

-6.413116,0.954549,8.776011,15.650587,-0.053103,-0.442581,-0.259003,7.784000,25.305967

-1.230294,-1.749428,9.487331,15.647646,-0.059499,-0.597663,-0.171870,7.780000,25.305967

-0.662675,-0.769865,8.378437,15.632940,0.176854,-0.382627,-0.019453,7.784000,25.305967

0.446219,-2.027250,9.489726,15.629999,-0.119986,-0.527316,0.021849,7.780000,25.305967

2.343075,-3.301401,10.311218,15.632940,-0.154892,-0.269381,0.198780,7.780000,25.305967

5.516476,0.521051,11.003379,15.638823,0.175788,-0.020771,0.288578,7.772000,25.305967

2.079623,2.772369,10.074111,15.650587,0.186180,0.192399,0.566498,7.764000,25.305967

-0.147745,1.862262,8.421547,15.647646,0.034030,-0.135350,0.535855,7.768000,25.305967

-0.727340,0.456385,9.056228,15.647646,0.093717,-0.075396,0.383172,7.764000,25.305967

0.319283,1.663475,9.671748,15.638823,-0.032852,0.000279,0.419411,7.764000,25.305967

-0.123795,2.017938,11.678774,15.621176,-0.040846,0.018132,0.477233,7.764000,25.305967

0.328863,3.689661,10.098062,15.635881,0.128890,0.020264,0.356525,7.768000,25.305967

0.829423,1.744905,7.583290,15.641764,0.060143,0.039449,0.143888,7.760000,25.305967

0.527650,3.263348,7.439589,15.627058,0.027368,0.069559,-0.058090,7.764000,25.496055

-1.146469,4.233331,9.623847,15.627058,-0.025125,0.119654,-0.390369,7.760000,25.496055

-0.952472,1.764066,8.977192,15.638823,-0.003541,0.035452,-0.969125,7.772000,25.496055

-1.117728,3.787857,8.874207,15.624117,0.078263,0.026659,-1.388271,7.772000,25.496055

-0.753685,5.002132,6.967770,15.629999,-0.021661,-0.104707,-1.477802,7.768000,25.496055

1.322797,5.835599,9.427456,15.635881,-0.118653,-0.255258,-1.148455,7.772000,25.496055

3.008890,2.164034,10.869258,15.615294,-0.045376,-0.316811,-0.461514,7.772000,25.496055

3.035236,4.990157,8.625124,15.627058,0.032697,-0.125225,0.009591,7.780000,25.496055

4.503383,5.634418,7.674301,15.641764,-0.081615,-0.142012,0.452985,7.780000,25.496055

5.758373,2.362821,10.157937,15.618235,-0.080016,-0.100710,0.852679,7.780000,25.496055

3.504659,1.637130,10.854887,15.644705,-0.013401,0.109795,0.893980,7.780000,25.496055

0.199532,-2.712226,8.323352,15.624117,-0.017664,0.624601,0.231288,7.772000,25.496055

-2.547555,-0.389057,10.050160,15.618235,0.012446,0.597422,-0.038905,7.772000,25.496055

-2.945128,0.394115,10.366303,15.632940,-0.208718,0.538267,-0.426341,7.764000,25.496055

-3.292406,-0.712384,11.163845,15.629999,-0.119986,0.361069,-0.693870,7.768000,25.496055

-0.880621,2.379586,9.049043,15.627058,0.097448,0.172148,-0.890785,7.764000,25.496055

0.889298,2.774764,8.155700,15.615294,-0.006473,0.149232,-0.790063,7.764000,25.496055

1.339562,3.682476,9.851375,15.632940,0.059344,0.130846,-0.502283,7.764000,25.496055

0.934803,1.982013,8.843071,15.632940,0.029500,0.015468,-0.291778,7.768000,25.496055

3.262763,2.075418,8.677814,15.609411,0.033497,0.138040,-0.114047,7.768000,25.496055

1.452128,5.660763,8.256291,15.624117,-0.010736,0.299783,0.235019,7.768000,25.496055

0.328863,1.847891,7.772497,15.632940,-0.059232,0.258748,0.462578,7.768000,25.496055

0.621056,3.445369,8.646679,15.641764,0.027901,0.333624,0.386369,7.772000,25.496055

-2.873278,4.427328,7.621611,15.632940,0.003653,0.493768,0.219297,7.772000,25.496055

-2.444569,3.064561,8.110195,15.624117,-0.148763,0.409566,-0.079407,7.780000,25.496055

-4.489916,3.857313,10.435759,15.624117,-0.093339,0.379455,-0.369851,7.780000,25.496055

-6.568793,3.069351,10.557905,15.635881,-0.043777,0.289924,-0.625922,7.784000,25.496055

-6.017938,2.278995,10.272898,15.638823,-0.001410,0.043446,-0.748761,7.788000,25.496055

-6.540052,0.420460,9.911250,15.629999,0.003387,-0.189442,-0.789530,7.784000,25.496055

-5.974828,0.185748,9.851375,15.621176,0.233344,-0.448177,-0.708791,7.784000,25.496055

-4.305500,-0.326786,10.567485,15.624117,0.007650,-0.635500,-0.567033,7.784000,25.496055

-0.950077,-1.320719,9.966335,15.609411,0.147276,-0.717837,-0.285649,7.780000,25.496055

-1.251849,-1.153068,10.399834,15.615294,0.231212,-0.687993,-0.108185,7.776000,25.496055

3.789667,-1.090798,7.233617,15.632940,0.132887,-0.705313,0.150284,7.776000,25.496055

4.400397,0.281549,9.068203,15.621176,0.019374,-0.547568,0.232354,7.772000,25.496055

1.634149,1.364097,11.695539,15.618235,0.125426,-0.211558,0.339205,7.772000,25.496055

-0.107030,0.439620,9.432246,15.618235,0.211494,-0.377298,0.391965,7.764000,25.496055

-1.941615,2.449041,7.403664,15.635881,0.236541,-0.236073,0.315490,7.760000,25.496055

-2.046996,3.433394,8.476633,15.632940,0.016443,-0.163862,0.326149,7.760000,25.496055

-1.532067,1.364097,10.730347,15.621176,-0.067492,-0.128422,0.344535,7.764000,25.496055

-2.375113,3.399864,9.784313,15.618235,0.116100,-0.075396,0.215833,7.768000,25.496055

-3.096014,2.255045,8.172465,15.618235,-0.064028,-0.081525,0.006927,7.764000,12.701582

-2.631381,2.269415,9.266990,15.624117,-0.048840,-0.208094,-0.106320,7.764000,12.701582

-1.659003,3.117252,9.003537,15.621176,0.067338,-0.262453,-0.265931,7.768000,12.701582

-1.963170,4.338712,8.392807,15.618235,0.042557,-0.291231,-0.436200,7.768000,12.701582

-0.741710,3.328013,9.255014,15.618235,-0.075486,-0.352251,-0.447925,7.772000,12.701582

1.737135,4.365057,8.337722,15.615294,0.210694,-0.366906,-0.220099,7.776000,12.701582

2.144288,5.490716,8.479028,15.621176,0.061209,-0.331999,-0.040504,7.780000,12.701582

4.110600,4.039334,9.137658,15.603529,-0.114923,-0.176385,0.063417,7.784000,12.701582

5.715262,5.347015,10.704001,15.609411,-0.081615,0.027192,0.148951,7.780000,12.701582

5.770348,4.269256,10.804592,15.609411,-0.033918,0.071158,0.191852,7.780000,12.701582

4.472247,1.464688,12.715817,15.624117,0.025503,0.158292,0.138026,7.780000,12.701582

1.895206,2.267020,9.346025,15.621176,0.127025,0.204123,-0.061021,7.784000,12.701582

1.694025,0.121082,7.959308,15.612352,-0.112258,0.268074,-0.228626,7.776000,12.701582

-0.198041,-2.257172,8.000024,15.615294,-0.118387,0.329360,-0.292844,7.776000,12.701582

-3.263666,-0.034594,10.083691,15.609411,0.037227,0.197195,-0.286182,7.772000,12.701582

-2.712811,0.616851,12.191308,15.603529,-0.058699,0.064497,-0.359992,7.772000,12.701582

-2.437384,0.231253,9.872930,15.603529,0.081460,-0.041822,-0.397030,7.768000,12.701582

0.403109,2.599927,8.538903,15.632940,0.030566,-0.162796,-0.051429,7.772000,12.701582

1.904786,1.452713,10.347143,15.624117,-0.000610,-0.203565,0.281650,7.764000,12.701582

1.042579,2.942415,10.064531,15.603529,0.147010,-0.082857,0.564633,7.764000,12.701582

0.134867,2.894515,8.241920,15.621176,0.053748,-0.062606,0.808712,7.764000,25.554565

0.582735,4.463253,8.165280,15.609411,-0.029122,0.055171,0.977916,7.768000,25.554565

-0.404013,2.990316,8.929292,15.612352,-0.114123,0.212916,1.009359,7.764000,25.554565

-0.746500,2.966366,9.784313,15.600588,0.103310,0.251020,0.854277,7.768000,25.554565

-0.617169,4.798556,6.919870,15.594706,0.027102,0.325896,0.680277,7.776000,25.554565

-1.414711,4.345897,8.989167,15.606470,-0.009404,0.352276,0.421542,7.780000,25.554565

-2.746342,4.496783,11.487172,15.615294,0.059877,0.345348,0.166538,7.784000,25.554565

-4.159403,3.368729,8.950847,15.603529,-0.092540,0.308843,-0.022917,7.788000,25.554565

-4.932994,2.405931,10.124407,15.606470,-0.139437,0.242760,-0.202779,7.788000,25.554565

-5.409603,4.422538,11.388977,15.606470,-0.021394,0.164953,-0.401560,7.792000,25.554565

-7.021451,0.303104,13.843872,15.606470,0.032964,-0.043421,-0.417814,7.788000,25.554565

-4.475546,-0.161530,9.027488,15.612352,0.048419,-0.352517,-0.274458,7.788000,25.554565

-4.334239,-1.086008,10.442944,15.594706,0.073200,-0.375166,-0.094862,7.788000,25.554565

-2.365534,-1.200969,10.098062,15.597647,0.000189,-0.389555,0.168669,7.784000,25.554565

1.665284,-2.151791,9.607082,15.609411,-0.119453,-0.571283,0.285646,7.784000,25.554565

4.745279,-2.154186,10.095666,15.618235,0.145678,-0.314946,0.367450,7.776000,25.554565

3.028050,1.993988,9.106524,15.603529,0.194973,-0.005050,0.483362,7.776000,25.554565

-1.896110,3.263348,10.069321,15.603529,-0.018463,0.101801,0.624320,7.764000,25.554565

-1.352440,-0.765075,9.738809,15.591763,-0.035250,-0.030630,0.429003,7.768000,25.554565

0.300123,1.771251,8.033554,15.600588,0.209096,-0.017574,0.219830,7.768000,25.554565

-2.300868,4.077655,8.134145,15.603529,-0.036316,0.067428,0.108182,7.768000,25.554565

-1.156049,1.934112,9.870534,15.618235,-0.028056,-0.136682,0.045031,7.764000,25.554565

0.060621,0.918624,11.154264,15.615294,0.023904,-0.084189,-0.074877,7.768000,25.554565

-0.633934,1.598809,9.494516,15.621176,0.127025,-0.025568,-0.141759,7.768000,25.554565

-2.329608,3.816597,8.318562,15.609411,0.073466,-0.013577,-0.244880,7.768000,25.554565

-0.425568,3.251373,8.993958,15.597647,-0.069091,-0.083923,-0.446592,7.772000,25.554565

-0.406408,4.681200,9.398716,15.594706,0.063607,-0.029565,-0.615796,7.772000,25.554565

0.312098,6.364898,8.493398,15.594706,0.065206,-0.059941,-0.725312,7.776000,25.554565

1.200651,3.725587,8.605964,15.585880,-0.016065,-0.037558,-0.713321,7.780000,25.554565

1.952687,4.683595,6.541457,15.597647,0.014578,-0.078327,-0.464445,7.780000,25.554565

2.608922,4.767420,7.810817,15.588821,-0.169015,-0.008780,-0.107386,7.780000,25.554565

3.794457,1.407208,11.592553,15.585880,-0.196727,-0.007715,0.131098,7.780000,25.554565

3.768112,2.602323,9.187954,15.606470,-0.019263,0.123385,0.261665,7.784000,25.554565

2.558627,2.734049,9.041858,15.606470,-0.127180,0.253152,0.459913,7.780000,25.554565

2.510726,2.947205,9.468171,15.597647,-0.200191,0.297651,0.509741,7.780000,25.554565

1.021024,-2.058385,9.135263,15.588821,-0.094405,0.411164,0.397561,7.776000,25.554565

-0.935707,-2.417639,9.695698,15.591763,0.172590,0.312040,0.274455,7.776000,25.554565

-1.266220,0.068392,9.135263,15.603529,-0.010736,0.270739,0.092728,7.772000,25.554565

-0.514183,0.410880,9.659773,15.591763,-0.137039,0.288059,-0.125239,7.772000,25.554565

0.158817,1.141361,8.869416,15.597647,0.024970,0.352010,-0.298972,7.764000,25.554565

0.034276,1.047955,9.777128,15.594706,-0.083214,0.248889,-0.362124,7.768000,25.554565

0.980309,1.105435,9.130473,15.577057,-0.042179,0.292322,-0.431138,7.768000,12.842905

1.284476,4.171061,9.029882,15.579998,0.035362,0.336821,-0.486029,7.764000,12.842905

0.494120,2.370006,8.692184,15.585880,-0.057900,0.328295,-0.366387,7.760000,12.842905

1.945502,3.749537,8.771220,15.579998,0.074799,0.269673,-0.281386,7.760000,12.842905

-1.187184,2.990316,9.652588,15.603529,-0.153293,0.457262,0.038902,7.768000,12.842905

-0.825536,3.862103,9.204719,15.597647,0.077197,0.449535,0.087931,7.772000,12.842905

-0.516578,5.598492,7.777287,15.597647,0.103310,0.342151,0.067680,7.776000,12.842905

-2.413434,2.223909,7.770102,15.579998,-0.179407,0.385584,0.021849,7.772000,12.842905

-5.040770,2.504127,8.713739,15.574116,-0.128779,0.382120,-0.083404,7.776000,12.842905

-4.317474,2.875355,10.337564,15.582939,-0.119986,0.329094,-0.263000,7.776000,12.842905

-5.397628,2.346056,10.105247,15.597647,-0.181805,0.256616,-0.407156,7.780000,12.842905

-6.453832,3.318433,11.482383,15.568233,0.044422,0.092209,-0.632583,7.776000,12.842905

-5.871842,0.767738,10.356724,15.571175,0.084125,-0.185179,-0.763683,7.784000,12.842905

-3.685189,-0.312416,10.026211,15.565292,-0.010736,-0.438584,-0.759686,7.780000,12.842905

-1.718878,-1.591357,9.130473,15.574116,0.035895,-0.455638,-0.600874,7.776000,12.842905

-0.962052,-1.684762,10.304033,15.574116,0.114768,-0.457503,-0.534259,7.776000,12.842905

-0.899782,-2.877482,10.241762,15.568233,-0.023260,-0.674137,-0.467909,7.772000,12.842905

0.743202,0.391720,10.699211,15.579998,0.152073,-0.488146,-0.414350,7.768000,12.842905

2.793339,0.331844,8.847861,15.550587,0.219754,-0.409806,-0.396764,7.756000,12.842905

2.084413,0.415670,9.537626,15.579998,0.113169,-0.422330,-0.272060,7.760000,12.842905

-0.830326,1.838311,9.010722,15.553528,0.138483,-0.317877,-0.350666,7.748000,12.842905

-1.599127,3.217843,8.450288,15.562351,0.133420,-0.325071,-0.451922,7.752000,24.860201

-1.266220,2.647828,9.300520,15.565292,0.032697,-0.360511,-0.380243,7.752000,24.860201

-1.702113,2.120924,9.597502,15.565292,0.126759,-0.387157,-0.184393,7.752000,24.860201

-1.175209,3.507640,8.198811,15.556469,0.032431,-0.521454,0.025046,7.756000,24.860201

-0.993187,4.053705,9.049043,15.556469,0.039359,-0.443914,0.162274,7.760000,24.860201

-1.227899,2.980736,9.748388,15.577057,0.135818,-0.413004,0.212902,7.760000,24.860201

-2.212252,4.480018,6.773774,15.574116,0.100379,-0.382094,0.220097,7.768000,24.860201

-2.607430,3.795042,8.134145,15.582939,-0.168748,-0.393019,0.245677,7.764000,24.860201

-1.357230,1.404813,11.920671,15.577057,-0.030987,-0.409540,0.257668,7.768000,24.860201

0.410294,8.671302,8.847861,15.577057,0.360979,-0.448710,0.163873,7.768000,24.860201

1.785035,4.951837,6.433681,15.565292,0.057745,-0.418067,0.116176,7.768000,24.860201

2.786154,2.082603,9.187954,15.571175,-0.111192,-0.403145,0.267261,7.772000,24.860201

4.769230,3.763907,9.381950,15.571175,0.122762,-0.236606,0.429803,7.780000,24.860201

5.272184,3.797437,11.630874,15.544704,-0.069624,-0.010646,0.576890,7.776000,24.860201

5.339244,1.340147,9.250224,15.553528,-0.104531,0.083948,0.697331,7.780000,24.860201

2.819684,-0.544733,10.232183,15.574116,-0.089342,0.256083,0.756486,7.776000,24.860201

0.367184,0.722232,12.138618,15.568233,0.036961,0.256350,0.615527,7.772000,24.860201

-1.726063,-5.545534,7.085126,15.577057,0.188578,0.297651,0.470571,7.764000,24.860201

-5.977223,2.925650,9.951965,15.562351,0.053215,0.391979,0.399159,7.760000,24.860201

-4.540211,-0.784235,10.749507,15.571175,-0.287590,0.154827,0.296838,7.760000,24.860201

-1.852999,-0.288466,9.362790,15.582939,0.090520,0.043979,0.302167,7.752000,24.649959

-0.916547,2.951995,8.819120,15.565292,0.174722,0.097538,0.535322,7.756000,24.649959

-0.938102,1.153336,8.311377,15.556469,0.010581,0.115924,0.822035,7.752000,24.649959

1.279686,2.432276,9.365185,15.574116,0.132621,0.254751,0.965126,7.752000,24.649959

0.264198,4.204591,8.416758,15.556469,0.040691,0.406901,0.876927,7.756000,24.649959

1.576669,2.918465,8.100615,15.568233,-0.017397,0.429017,0.694666,7.752000,24.649959

0.829423,2.992711,9.496911,15.574116,0.037760,0.561716,0.429536,7.756000,24.649959

-0.904572,3.730376,10.356724,15.568233,-0.014999,0.700010,0.122305,7.760000,24.649959

-0.696205,6.075101,7.104286,15.571175,0.064140,0.668034,-0.203845,7.760000,24.649959

-4.109108,1.605994,9.221484,15.568233,-0.217511,0.562782,-0.573162,7.764000,24.649959

-4.164193,1.306617,9.599897,15.577057,-0.184736,0.455664,-0.591282,7.768000,24.649959

-5.388048,4.556659,8.459867,15.585880,-0.004874,0.500163,-0.658164,7.768000,24.649959

-5.433554,4.041729,8.658654,15.565292,-0.118387,0.208919,-0.735704,7.776000,24.649959

-4.077972,1.304222,11.970966,15.562351,-0.035517,-0.037026,-0.805251,7.776000,24.649959

-4.727023,-0.398637,11.525493,15.562351,-0.037382,-0.300823,-0.780470,7.780000,24.649959

-1.728458,0.329449,10.505215,15.559410,0.101178,-0.364241,-0.860142,7.776000,24.649959

-1.944010,-1.878759,9.070598,15.562351,0.115034,-0.317344,-0.857744,7.768000,24.649959

-1.187184,-1.517111,9.384345,15.565292,-0.052304,-0.431656,-0.763150,7.768000,24.649959

3.796852,-0.817765,10.052556,15.556469,-0.057900,-0.427926,-0.639511,7.768000,24.649959

5.365590,1.170101,9.314890,15.556469,0.194174,-0.464964,-0.547049,7.756000,24.649959

2.970570,2.250255,9.381950,15.568233,0.285304,-0.268848,-0.292311,7.760000,24.649959

-1.148864,-0.056149,9.580737,15.547646,0.149142,-0.360777,-0.130035,7.752000,24.453960

-1.814679,0.262388,10.289662,15.562351,-0.056301,-0.345589,0.071944,7.752000,24.453960

1.047369,2.092183,7.959308,15.559410,0.107840,-0.375699,0.495885,7.744000,24.453960

0.412689,3.945928,9.142448,15.550587,0.089454,-0.251528,0.642173,7.748000,24.453960

-0.181276,2.228699,9.573552,15.556469,0.007117,-0.203032,0.643772,7.752000,24.453960

-1.515302,3.105277,9.290939,15.553528,0.083325,-0.162796,0.383705,7.748000,24.453960

-1.716483,3.316038,9.013118,15.559410,-0.008338,-0.092983,0.010124,7.752000,24.453960

-1.436266,1.558094,7.894643,15.574116,-0.024592,-0.074330,-0.247012,7.756000,24.453960

-2.724787,3.874078,8.064690,15.547646,0.020440,-0.159598,-0.470041,7.756000,24.453960

-2.763107,4.911121,10.682446,15.571175,0.068137,-0.250195,-0.676017,7.756000,24.453960

-1.905690,2.880145,8.426337,15.556469,0.159534,-0.366107,-0.727710,7.756000,24.453960

-1.924850,3.256163,7.159372,15.574116,0.094517,-0.454572,-0.589416,7.760000,24.453960

1.507213,3.910003,8.665839,15.562351,0.067604,-0.562223,-0.190522,7.756000,24.453960

2.113153,3.809412,9.401111,15.568233,0.007916,-0.478820,0.253138,7.764000,24.453960

3.368143,4.192616,9.154424,15.579998,0.108639,-0.452707,0.544648,7.768000,24.453960

6.333178,2.130504,8.517348,15.568233,-0.098669,-0.317344,0.899310,7.760000,24.453960

5.279369,1.625154,12.758928,15.559410,-0.044310,-0.019972,1.012290,7.760000,24.453960

2.963385,1.577254,10.203442,15.562351,0.081460,0.285394,0.988042,7.764000,24.453960

1.135985,0.885094,9.959150,15.562351,-0.047774,0.309109,0.806048,7.764000,24.453960

0.333654,-1.378200,8.871811,15.553528,0.002321,0.446071,0.665356,7.756000,24.453960

-2.051786,-2.657140,9.080178,15.562351,0.115834,0.353076,0.578755,7.760000,24.453960

-2.691256,0.137847,10.411809,15.550587,0.096382,0.383719,0.446057,7.756000,24.453960

-2.617011,0.899464,9.791499,15.550587,-0.014999,0.297918,0.239548,7.744000,23.920604

-1.393156,2.049073,8.086245,15.538822,0.070269,0.185737,0.181193,7.748000,23.920604

1.385067,3.016661,8.754455,15.535881,0.032964,0.205722,0.280317,7.752000,23.920604

1.425782,2.233490,8.177256,15.556469,0.034829,0.298717,0.497751,7.748000,23.920604

1.679655,2.204749,9.262199,15.556469,-0.005940,0.347213,0.610731,7.744000,23.920604

2.683168,3.957904,9.262199,15.553528,0.078263,0.466855,0.567031,7.752000,23.920604

2.405345,4.211776,8.737690,15.556469,0.039359,0.612610,0.407686,7.752000,23.920604

2.247274,2.228699,8.191626,15.556469,-0.053103,0.604616,0.115377,7.752000,23.920604

-1.069828,1.850286,8.962822,15.547646,-0.020329,0.749838,-0.287781,7.752000,23.920604

-2.044601,6.154137,8.941267,15.541763,-0.037649,0.789808,-0.556908,7.756000,23.920604

-2.133217,2.956785,8.316167,15.538822,-0.101067,0.570509,-0.636314,7.760000,23.920604

-3.251691,4.827296,9.358000,15.547646,-0.013667,0.593958,-0.522534,7.760000,23.920604

-3.141520,3.725587,8.249105,15.529999,-0.012068,0.296852,-0.484963,7.772000,23.920604

-5.280272,2.365216,9.575947,15.556469,0.033763,0.299517,-0.567300,7.772000,23.920604

-5.081486,1.206026,10.704001,15.556469,-0.006473,0.079952,-0.677082,7.776000,23.920604

-3.201395,1.227581,10.989009,15.544704,-0.017397,-0.023969,-0.792727,7.772000,23.920604

-3.230135,1.471873,10.589040,15.538822,-0.012868,-0.007715,-0.750093,7.772000,23.920604

-1.069828,0.283944,10.749507,15.532940,0.018308,-0.305353,-0.647772,7.772000,23.920604

-0.447123,-1.507531,10.186677,15.547646,0.046820,-0.244067,-0.599009,7.768000,23.920604

1.382672,-2.302677,9.959150,15.518234,-0.042179,-0.354649,-0.705594,7.760000,23.920604

1.785035,-2.300282,10.014235,15.544704,-0.080016,-0.240603,-0.800188,7.752000,24.420717

1.341957,0.669542,11.441668,15.550587,0.017243,-0.074064,-0.735171,7.748000,24.420717

-0.073500,-0.333971,9.508886,15.541763,0.163264,-0.114033,-0.562504,7.744000,24.420717

-1.225504,-0.238171,8.797565,15.544704,0.043889,-0.084722,-0.593946,7.748000,24.420717

-1.110543,2.518497,7.944938,15.562351,0.049218,-0.112168,-0.657631,7.744000,24.420717

-0.164511,2.923255,9.575947,15.568233,0.092385,-0.131087,-0.529196,7.748000,24.420717

-0.518973,2.219119,10.663286,15.577057,0.110238,-0.085522,-0.357328,7.744000,24.420717

-1.330885,3.704032,9.149633,15.579998,0.059344,-0.106039,-0.176399,7.748000,24.420717

-0.392037,5.141044,8.593988,15.579998,0.165396,-0.062606,-0.026381,7.748000,24.420717

-1.747618,2.832244,8.287426,15.579998,0.139549,-0.089519,0.029576,7.744000,24.420717

-0.576454,5.138649,8.910131,15.591763,0.238406,-0.106039,-0.370917,7.748000,24.420717

-2.312843,7.133700,8.361671,15.591763,0.068403,0.048509,-1.260369,7.748000,24.420717

-0.734525,3.277718,9.621452,15.594706,-0.073088,-0.246465,-1.724280,7.756000,24.420717

-0.808771,3.390284,10.617781,15.594706,0.210961,-0.317877,-1.605171,7.756000,24.420717

1.679655,6.017621,9.611873,15.597647,0.147543,-0.508664,-1.101024,7.764000,24.420717

1.971847,6.127791,9.075388,15.597647,0.067871,-0.698918,-0.402893,7.764000,24.420717

4.239931,4.257281,9.171188,15.606470,0.225616,-0.656284,0.224360,7.764000,24.420717

5.344034,4.336317,8.953242,15.609411,0.140348,-0.438318,0.667487,7.772000,24.420717

4.067489,2.370006,8.541298,15.612352,-0.053370,-0.170790,0.887052,7.772000,24.420717

3.420834,2.132899,10.682446,15.606470,-0.026990,0.010671,0.871331,7.772000,24.420717

0.951569,0.123477,10.016630,15.606470,-0.216978,0.062898,0.448988,7.764000,24.420717

-2.236202,-1.670392,9.896879,15.600588,0.112370,0.271272,0.117242,7.760000,24.420717

-1.783544,-2.817607,9.681328,15.612352,-0.043777,0.149232,-0.206776,7.760000,24.001561

-2.652936,0.643197,8.361671,15.606470,0.047086,0.139106,-0.484697,7.760000,24.001561

-1.932035,1.572464,9.846584,15.621176,-0.024858,0.102601,-0.666690,7.752000,24.001561

-4.109108,-0.025014,9.022697,15.629999,0.020707,0.059967,-0.681879,7.752000,24.001561

-3.613339,-1.481186,9.494516,15.627058,0.221353,-0.149206,-0.681612,7.752000,24.001561

-2.092501,4.891962,9.434641,15.624117,0.210428,-0.163062,-0.421279,7.752000,24.001561

-0.540529,3.845338,8.835886,15.624117,-0.014733,-0.211026,-0.080739,7.748000,24.001561

1.538348,0.959339,8.390412,15.618235,0.071601,-0.180116,0.151349,7.752000,24.001561

1.440153,7.363622,8.617939,15.618235,0.225883,0.021863,0.457781,7.756000,24.001561

2.117943,3.366334,7.456354,15.624117,-0.109061,-0.171589,0.688271,7.752000,24.001561

1.198256,1.924532,9.353210,15.632940,0.103310,0.137241,0.855077,7.752000,24.001561

-2.097291,5.078773,9.568762,15.624117,0.036694,0.257416,0.872663,7.756000,24.001561

-1.910480,4.185431,8.081454,15.644705,-0.142102,0.275801,0.783931,7.756000,24.001561

-3.220556,3.435789,8.574828,15.635881,-0.117854,0.361069,0.520933,7.760000,24.001561

-5.177287,3.538775,9.214299,15.650587,-0.001143,0.421290,0.235285,7.768000,24.001561

-6.640643,2.360425,8.280241,15.647646,-0.130644,0.295786,0.019717,7.764000,24.001561

-6.422697,2.935230,10.366303,15.647646,-0.116788,0.197461,-0.299505,7.772000,24.001561

-7.718402,-0.104050,10.383068,15.647646,0.023904,-0.328535,-0.576893,7.768000,24.001561

-3.960617,-1.323114,9.753179,15.662352,0.015111,-0.529448,-0.461781,7.776000,24.001561

-1.826654,-0.774655,10.253737,15.659410,0.063074,-0.564888,-0.289913,7.768000,24.001561

0.060621,1.328172,8.491003,15.662352,0.125160,-0.651488,-0.080739,7.768000,24.376048

6.618185,-1.392570,7.659931,15.668234,-0.107728,-0.815629,0.082869,7.756000,24.376048

5.688917,-0.271701,10.696816,15.674116,0.089720,-0.302422,0.273656,7.752000,24.376048

3.983663,0.942574,11.091994,15.665293,0.146477,0.025327,0.395695,7.752000,24.376048

-0.621959,0.176168,9.494516,15.674116,0.047619,-0.033295,0.472437,7.748000,24.376048

0.920433,3.253768,8.347301,15.662352,0.051350,0.039982,0.224094,7.748000,24.376048

0.405504,3.339988,8.306586,15.682940,0.024970,0.135909,-0.070081,7.748000,24.376048

0.843793,1.376073,9.496911,15.674116,0.001788,0.117789,-0.189723,7.744000,24.376048

-1.388366,3.383099,8.883786,15.671175,0.168060,0.126316,-0.382109,7.748000,24.376048

-2.981054,1.823941,8.929292,15.650587,-0.083214,0.033321,-0.573162,7.748000,24.376048

-1.105753,0.619246,9.082573,15.656469,-0.168482,-0.002652,-0.665891,7.744000,24.376048

-0.092660,4.096815,9.942385,15.682940,-0.071223,0.045844,-0.873732,7.752000,24.376048

0.022301,4.333922,8.708950,15.685881,0.017509,0.021063,-1.316859,7.752000,24.376048

-0.198041,4.829691,8.189230,15.677057,0.155270,-0.046618,-1.783168,7.752000,24.376048

1.231786,4.719520,9.180769,15.656469,-0.095737,-0.197436,-1.903609,7.752000,24.376048

1.535953,6.939703,10.275292,15.679998,0.142746,-0.330401,-1.569732,7.764000,24.376048

1.852096,6.834322,9.501701,15.679998,0.286636,-0.446312,-1.017355,7.760000,24.376048

1.052159,3.917188,9.257409,15.691763,0.160333,-0.521987,-0.518271,7.772000,24.376048

3.348983,4.197406,8.452682,15.677057,0.056413,-0.432989,0.087931,7.776000,24.376048

3.542980,4.362662,9.214299,15.703527,0.081460,-0.249929,0.536921,7.776000,24.376048

0.963544,0.592901,10.088481,15.674116,0.127558,-0.111635,0.678679,7.780000,24.376048

0.762362,-0.777050,9.741203,15.685881,-0.035517,-0.066603,0.664556,7.776000,24.376048

-1.795519,-3.622333,8.639494,15.700586,-0.295318,0.087945,0.510807,7.772000,24.376048

-3.021769,-2.058385,10.287268,15.691763,0.097981,-0.053280,0.304565,7.768000,24.376048

-2.166747,-2.463144,10.217813,15.694704,0.148875,-0.017840,0.008525,7.764000,24.376048

-1.908085,-1.476396,9.956755,15.691763,-0.053636,-0.037825,-0.132700,7.760000,24.376048

-2.269733,1.064720,9.063413,15.694704,-0.009404,-0.051681,-0.113248,7.752000,24.376048

-3.366652,0.413275,8.498188,15.682940,0.031365,-0.141479,-0.071680,7.752000,24.376048

-1.965565,-1.093193,10.612990,15.674116,0.106508,-0.328802,0.007460,7.748000,24.376048

0.647401,3.347173,8.787985,15.694704,0.064673,-0.322407,0.174798,7.748000,24.376048

1.495238,5.952955,7.334208,15.688822,-0.060298,-0.182514,0.544115,7.748000,24.376048

3.147801,3.488480,10.624966,15.700586,-0.077618,-0.088186,0.876927,7.752000,24.376048

3.286713,4.154295,9.817844,15.688822,0.156070,0.068494,1.221729,7.756000,24.376048

2.458036,4.935072,6.958190,15.679998,0.101445,0.103667,1.492722,7.752000,24.376048

0.985099,4.101605,7.877878,15.668234,-0.111459,0.246491,1.408519,7.756000,24.376048

0.563575,3.148387,8.965217,15.677057,-0.000610,0.452733,1.130066,7.756000,24.376048

0.628241,5.378150,8.649075,15.679998,0.005252,0.522279,0.764213,7.764000,24.376048

-2.593060,5.148229,7.561735,15.697645,0.044422,0.588895,0.345601,7.768000,24.376048

-3.249296,3.157967,8.948452,15.688822,0.006584,0.576371,-0.394366,7.772000,24.376048

-4.877909,4.321947,9.175979,15.706469,0.036961,0.444739,-0.637113,7.772000,24.376048

-7.318434,4.156691,8.684999,15.703527,-0.120252,0.241694,-0.695468,7.772000,24.376048

-8.180641,1.167706,11.568604,15.682940,-0.103731,-0.104174,-0.867870,7.772000,24.376048

-6.633458,-1.428495,9.837004,15.688822,0.303690,-0.391954,-0.883857,7.784000,24.376048

-5.809572,0.494705,9.690907,15.697645,-0.068025,-0.460168,-0.428207,7.776000,24.376048

-0.533344,-1.797328,10.241762,15.721176,0.014312,-0.609653,0.363453,7.772000,12.251869

0.795892,-0.686039,10.459709,15.694704,0.259990,-0.517457,0.682143,7.760000,12.251869

4.359682,-1.117143,8.780800,15.691763,0.011380,-0.541439,0.764746,7.764000,12.251869

4.077069,0.482730,9.266990,15.715292,-0.071223,-0.031430,0.849748,7.756000,12.251869

5.444625,0.964129,10.251343,15.700586,-0.076019,0.268340,0.698930,7.752000,12.251869

2.273619,2.334080,9.013118,15.721176,0.019374,0.469253,0.440728,7.752000,12.251869

0.592316,4.573424,9.168794,15.721176,0.166195,0.550524,-0.261401,7.756000,12.251869

-0.792006,2.005963,8.574828,15.706469,-0.042978,0.458328,-0.954736,7.756000,12.251869

-2.152377,-1.224919,7.774892,15.715292,-0.061897,0.389581,-1.329649,7.756000,12.251869

-4.458781,3.201077,8.850256,15.703527,0.003653,0.393844,-1.528164,7.752000,12.251869

-4.911439,1.534144,9.379556,15.732941,-0.133842,0.036518,-1.608102,7.748000,12.251869

-2.377509,1.799991,10.304033,15.727058,0.064939,-0.087120,-1.450889,7.752000,12.251869

-0.904572,4.238121,8.914922,15.718235,0.088122,-0.197169,-1.123940,7.760000,12.251869

1.056949,4.987762,7.427614,15.685881,0.101978,-0.321874,-0.916099,7.760000,12.251869

0.721647,5.979300,8.735295,15.718235,0.096382,-0.292829,-0.762084,7.764000,12.251869

1.009049,5.438026,10.054951,15.718235,0.242670,-0.361577,-0.744498,7.768000,12.251869

1.739530,4.475228,9.310100,15.730000,0.022039,-0.389822,-0.681079,7.768000,12.251869

0.415084,4.329132,9.899275,15.709410,0.141414,-0.296293,-0.400494,7.776000,12.251869

1.737135,1.704190,10.007051,15.706469,-0.030188,-0.305353,-0.120975,7.772000,12.251869

3.049606,3.447764,11.944621,15.721176,-0.119186,-0.157467,0.054623,7.776000,12.251869

4.690194,2.235884,9.695698,15.732941,-0.120252,-0.088453,0.187322,7.776000,24.791980

4.654269,1.519774,9.314890,15.703527,0.038560,0.035985,0.270725,7.776000,24.791980

2.182609,-1.335090,10.169911,15.709410,-0.105863,0.061033,0.151882,7.768000,24.791980

-0.415988,-5.071320,9.120893,15.727058,-0.145832,0.154028,-0.094063,7.768000,24.791980

-1.390761,-2.669116,9.113708,15.727058,0.080394,0.041314,-0.432736,7.764000,24.791980

-2.161957,-1.792538,8.888577,15.715292,-0.060831,0.021596,-0.635781,7.756000,24.791980

-2.193092,0.475545,9.393926,15.730000,0.009249,0.035719,-0.757821,7.752000,24.791980

-2.008676,1.938902,9.204719,15.738823,0.255194,-0.066869,-0.852948,7.756000,24.791980

-2.221832,0.937784,8.524533,15.715292,0.044422,-0.238471,-0.799655,7.748000,24.791980

-0.789611,1.742511,9.197534,15.721176,0.000988,-0.324006,-0.494023,7.756000,24.791980

-0.016019,5.071588,9.999866,15.721176,0.096648,-0.215555,-0.005331,7.756000,24.791980

-1.043483,2.937625,9.233459,15.730000,0.129157,-0.296293,0.639242,7.752000,24.791980

0.036671,3.713611,8.577224,15.727058,0.137417,-0.316811,1.154581,7.756000,24.791980

0.630636,3.613021,8.086245,15.735882,0.002321,-0.187843,1.467141,7.752000,24.791980

2.017352,4.286021,9.286150,15.727058,0.014312,0.110861,1.613696,7.760000,24.791980

-0.221991,5.399705,8.407177,15.718235,0.023105,0.279532,1.508709,7.760000,24.791980

-0.466283,3.804622,7.897038,15.732941,0.018575,0.393045,1.093561,7.764000,24.791980

-2.011071,5.042848,8.124565,15.732941,-0.009937,0.480711,0.479098,7.768000,24.791980

-3.919901,3.481295,8.890971,15.718235,0.039093,0.437811,-0.129502,7.776000,24.791980

-5.931717,4.348292,10.725556,15.735882,-0.052304,0.328828,-0.588350,7.772000,24.791980

-7.193893,0.971314,10.751902,15.732941,-0.095205,-0.029565,-1.050929,7.776000,24.791980

-4.044442,0.906649,9.492122,15.732941,-0.074687,-0.363176,-0.973655,7.776000,24.706317

0.237853,1.811966,10.246552,15.724117,-0.040580,-0.459635,-0.705327,7.780000,24.706317

0.443824,0.279154,10.859677,15.738823,0.213625,-0.470826,-0.318424,7.772000,24.706317

1.267711,1.052745,8.462263,15.744705,0.245601,-0.458303,0.085800,7.772000,24.706317

2.896324,-1.208153,9.051437,15.718235,0.022572,-0.568618,0.251006,7.768000,24.706317

4.072279,-1.888339,10.330379,15.741764,0.026302,-0.272578,0.414081,7.764000,24.706317

1.042579,0.791688,10.308823,15.735882,0.212826,-0.046352,0.498816,7.760000,24.706317

0.771942,-0.458512,9.022697,15.750587,0.029766,-0.035960,0.396761,7.752000,24.706317

2.376605,0.202513,7.573710,15.756470,-0.140770,0.191066,0.253937,7.756000,24.706317

-0.056735,2.022728,8.045529,15.744705,0.006584,0.396242,0.160143,7.752000,24.706317

-3.469637,2.793924,10.107641,15.750587,-0.005407,0.282463,-0.142292,7.752000,24.706317

-2.880463,1.091065,9.631032,15.741764,-0.029921,0.099670,-0.586752,7.748000,24.706317

-2.708021,2.130504,8.993958,15.750587,-0.020861,0.071691,-0.908638,7.748000,24.706317

-1.594337,1.373677,9.401111,15.738823,-0.033119,-0.057543,-0.899845,7.752000,24.706317

-1.541647,3.838153,8.383227,15.730000,-0.026191,-0.180116,-0.842556,7.756000,24.706317

-0.605194,4.228541,8.847861,15.727058,0.064406,-0.227280,-0.793793,7.760000,24.706317

1.104850,4.765025,8.991562,15.762352,0.082792,-0.281105,-0.700265,7.756000,24.706317

0.565970,5.083563,8.766430,15.744705,0.170192,-0.318410,-0.458050,7.756000,24.706317

1.322797,3.196287,8.263476,15.750587,-0.083480,-0.465764,-0.306966,7.768000,24.706317

1.550323,5.131464,9.053833,15.744705,0.036694,-0.288033,-0.274191,7.768000,24.706317

1.691630,4.262071,10.414204,15.762352,0.093984,-0.220885,-0.165208,7.768000,24.706317

3.463944,3.684871,8.383227,15.759411,-0.024326,-0.216888,0.015720,7.768000,24.706317

3.598065,1.857471,10.447734,15.744705,-0.142635,-0.056211,0.298170,7.768000,24.706317

1.461708,-2.570920,8.237131,15.753529,0.086523,0.094873,0.386902,7.764000,24.706317

-0.547714,0.219278,9.068203,15.747646,-0.164485,0.153229,0.415414,7.764000,24.706317

0.465380,0.250413,10.129196,15.768234,-0.103731,0.272337,0.471904,7.764000,24.706317

-1.206344,-1.050082,11.326706,15.738823,-0.020329,0.313373,0.398360,7.760000,24.706317

-1.282985,2.013148,10.126801,15.765293,0.117965,0.339486,0.211570,7.760000,24.706317

-2.456544,0.504285,9.187954,15.744705,0.071867,0.158292,0.095925,7.760000,24.706317

-0.643515,0.868328,8.902946,15.738823,0.007650,0.111128,0.111913,7.752000,24.706317

-3.009794,3.239398,9.209509,15.765293,-0.029921,0.168151,0.085800,7.760000,24.706317

-3.129545,2.142479,8.965217,15.747646,-0.030987,0.056769,0.012256,7.756000,24.706317

-1.091383,2.587952,10.646521,15.765293,0.065739,0.097538,-0.045566,7.752000,24.706317

-0.020809,3.222633,8.553273,15.756470,0.107307,0.037850,-0.045566,7.760000,24.706317

1.124010,4.202196,8.043135,15.774117,0.024704,0.099936,0.031441,7.760000,24.706317

0.913248,1.423973,8.258686,15.768234,-0.025658,0.117789,0.367184,7.764000,24.706317

0.877323,3.002291,9.077783,15.771175,0.058544,0.283262,0.595542,7.760000,24.706317

-2.063761,5.279954,8.637099,15.753529,0.040958,0.387449,0.645904,7.768000,24.706317

-2.789452,2.951995,9.257409,15.774117,0.024437,0.387449,0.279784,7.776000,24.706317

-6.583163,3.059771,10.646521,15.785881,0.054814,0.474050,-0.133765,7.776000,24.706317

-8.753051,1.574859,8.689790,15.777058,-0.101600,0.236365,-0.451655,7.780000,12.336488

-6.358031,0.386930,10.141171,15.777058,-0.299315,0.036785,-0.634182,7.772000,12.336488

-6.808295,0.221673,12.617621,15.779999,0.012446,-0.164395,-0.736237,7.780000,12.336488

-1.867369,0.592901,9.235854,15.771175,0.029766,-0.576079,-0.616595,7.776000,12.336488

-0.511788,-2.000905,9.051437,15.774117,-0.026724,-0.443381,-0.334945,7.772000,12.336488

-0.051945,-1.790143,11.611713,15.777058,-0.108261,-0.398349,-0.155082,7.768000,12.336488

6.941513,1.311407,10.727951,15.794704,0.127025,-0.382627,-0.115113,7.764000,12.336488

5.150038,0.691097,8.814330,15.782940,-0.017131,-0.191574,-0.173468,7.760000,12.336488

3.490289,2.319710,9.808264,15.779999,0.182716,-0.043954,-0.297373,7.756000,12.336488

-0.157326,0.887489,11.051279,15.791763,0.100112,-0.053546,-0.419680,7.752000,12.336488

-0.394432,0.202513,8.366462,15.771175,0.018308,-0.066070,-0.596611,7.748000,12.336488

-2.722391,2.317315,8.972402,15.788822,-0.001676,0.010138,-0.754090,7.744000,12.336488

-1.081803,0.674332,10.586645,15.785881,-0.033385,-0.222750,-0.511876,7.744000,12.336488

-2.056576,2.748419,6.893525,15.779999,0.010048,-0.275509,-0.423677,7.744000,12.336488

-1.302145,5.102723,8.761641,15.791763,-0.043511,-0.254992,-0.490026,7.752000,12.336488

-0.142955,1.213211,11.053674,15.800587,0.014312,-0.319476,-0.634182,7.744000,12.336488

-0.748895,5.073983,9.757969,15.785881,0.235475,-0.359978,-0.794059,7.756000,12.336488

-1.148864,4.879986,8.467052,15.782940,-0.017930,-0.461500,-0.883591,7.756000,12.336488

-0.138165,4.350687,8.325747,15.779999,0.104109,-0.461500,-0.788997,7.764000,12.336488

0.692906,3.917188,8.893367,15.785881,0.087589,-0.518257,-0.510810,7.764000,12.336488

1.832936,6.111026,8.562854,15.777058,0.110238,-0.525451,-0.120975,7.772000,12.336488

3.183727,5.131464,9.190349,15.777058,-0.048307,-0.536909,0.203310,7.768000,12.336488

4.065094,1.447923,9.702883,15.782940,-0.042179,-0.437519,0.463377,7.772000,12.336488

1.365907,4.010594,8.910131,15.788822,0.049485,-0.148140,0.652299,7.768000,12.336488

1.356327,0.995264,9.573552,15.797646,-0.124249,-0.183047,0.637910,7.768000,12.336488

0.048646,-2.549365,9.149633,15.779999,0.034030,-0.100177,0.647502,7.768000,12.336488

0.357604,0.968919,10.696816,15.782940,0.030299,-0.079127,0.465509,7.772000,12.336488

-0.938102,-1.634467,11.913486,15.777058,0.060410,-0.052480,0.463643,7.760000,12.336488

0.915643,-0.961466,10.371094,15.791763,0.136884,-0.074064,0.461778,7.756000,12.336488

1.071320,-1.155463,8.967612,15.785881,0.039359,-0.031430,0.389833,7.760000,12.336488

-1.196764,0.597691,9.307705,15.788822,0.006051,0.036252,0.421542,7.752000,12.336488

-1.268615,1.998778,8.852651,15.791763,0.020174,0.021596,0.395429,7.748000,12.336488

0.328863,2.231094,8.823911,15.791763,0.043356,0.039716,0.326948,7.744000,12.336488

0.671351,2.506522,9.731624,15.779999,-0.067492,0.142304,0.182792,7.748000,12.336488

0.098942,2.451436,11.111155,15.788822,-0.048041,0.189468,0.052225,7.752000,12.336488

-0.229176,4.005804,9.171188,15.774117,0.118232,0.269406,-0.078608,7.748000,12.336488

-0.789611,3.802227,9.164003,15.782940,-0.071489,0.145501,-0.131101,7.752000,12.336488

-0.111820,2.511312,8.165280,15.782940,0.117965,0.049841,0.097257,7.752000,12.336488

-1.362020,4.875196,7.822792,15.777058,0.107307,0.045045,0.374378,7.760000,12.336488

-1.620682,5.485926,9.460986,15.777058,-0.093339,0.038117,0.587548,7.756000,12.336488

-2.171537,0.856353,10.066926,15.777058,0.032165,0.027458,0.762348,7.760000,12.336488

-5.155731,4.994947,8.550879,15.777058,0.084658,0.004809,0.905971,7.768000,12.099242

-5.150941,2.700518,9.899275,15.791763,-0.080283,-0.177451,1.182026,7.768000,12.099242

-6.166430,3.754327,11.384187,15.785881,0.163797,-0.070866,1.316323,7.768000,12.099242

-6.377191,3.548355,9.460986,15.788822,-0.003009,-0.248064,1.113545,7.772000,12.099242

-3.409762,-1.802118,11.343472,15.794704,-0.102399,-0.345056,0.927821,7.772000,12.099242

-1.807494,-4.386344,12.411650,15.788822,0.041224,-0.223549,0.837490,7.776000,12.099242

-2.102081,1.131781,9.798684,15.791763,0.123828,-0.039957,0.668819,7.776000,12.099242

1.320402,1.179681,9.928015,15.797646,-0.101600,-0.211026,0.451919,7.768000,12.099242

5.082977,-3.813935,10.862072,15.803528,0.141414,-0.156134,0.459646,7.764000,12.099242

4.409977,1.481453,10.617781,15.800587,0.354584,0.344016,0.453784,7.760000,12.099242

0.149237,1.402418,10.361513,15.803528,0.021772,0.158025,0.412216,7.752000,12.099242

1.207836,0.104317,9.949570,15.797646,0.142214,0.266209,0.085800,7.748000,12.099242

3.384908,4.245306,8.936477,15.800587,0.168593,0.268074,-0.241416,7.752000,12.099242

3.756136,3.057376,7.142607,15.797646,0.126226,0.266209,-0.409554,7.744000,12.099242

0.391134,2.990316,7.303073,15.794704,0.100645,0.285128,-0.528929,7.748000,12.099242

-2.650541,3.668106,9.911250,15.797646,0.055080,0.309376,-0.640844,7.748000,12.099242

-0.588429,2.477782,8.795171,15.797646,-0.165284,0.111661,-0.728776,7.748000,12.099242

-0.075895,3.799832,9.722043,15.818233,-0.004874,0.170016,-0.638712,7.752000,12.099242

1.191071,3.610626,8.826305,15.809410,0.046554,0.012803,-0.499885,7.752000,12.099242

0.798287,3.900423,8.457473,15.818233,0.051883,-0.018640,-0.504148,7.752000,12.099242

0.063016,4.906332,9.575947,15.785881,-0.014200,-0.114566,-0.326951,7.760000,24.109955

1.686840,6.714571,9.753179,15.794704,-0.058166,-0.167059,-0.098060,7.760000,24.109955

2.448456,2.552027,7.952123,15.794704,-0.129045,-0.002918,0.163607,7.764000,24.109955

3.308268,3.366334,10.081296,15.794704,-0.037915,0.060233,0.172400,7.768000,24.109955

5.851779,3.086117,10.926738,15.800587,-0.096537,0.239829,0.103386,7.764000,24.109955

6.359523,4.027359,9.700488,15.806469,-0.019263,0.375458,0.044498,7.772000,24.109955

4.318966,1.337752,8.361671,15.800587,0.032964,0.454864,0.014121,7.764000,24.109955

1.916761,-3.902550,8.972402,15.803528,-0.082681,0.482043,-0.029579,7.760000,24.109955

0.331258,-1.536271,8.364067,15.794704,-0.166883,0.680292,-0.136963,7.756000,24.109955

-4.204908,0.360584,10.610596,15.806469,-0.136240,0.547060,-0.136164,7.752000,24.109955

-3.500773,-2.151791,9.250224,15.809410,-0.083747,0.307510,-0.221698,7.744000,24.109955

-5.174891,0.413275,10.007051,15.782940,0.083059,0.317903,-0.278721,7.748000,24.109955

-2.497260,-0.475278,10.122011,15.803528,-0.122117,-0.022370,-0.135631,7.736000,24.109955

-1.587152,-0.659694,9.063413,15.788822,0.014045,0.093541,0.249141,7.736000,24.109955

-1.944010,4.484808,7.384504,15.791763,0.173123,0.146834,0.445790,7.740000,24.109955

-3.055299,7.306141,6.814489,15.797646,-0.003808,0.156426,0.474835,7.736000,24.109955

0.841398,0.578531,9.003537,15.777058,-0.199658,-0.066070,0.266195,7.740000,24.109955

0.882113,5.200919,9.937595,15.774117,0.106774,0.308310,0.136427,7.744000,24.109955

-1.527277,5.284745,8.792775,15.782940,-0.107195,0.220910,0.001065,7.748000,24.109955

0.082176,2.990316,9.008327,15.788822,-0.070157,0.175612,-0.257671,7.748000,24.109955

-0.911757,4.274046,9.540022,15.782940,-0.052038,0.217713,-0.346936,7.752000,24.109955

-1.529672,3.217843,8.443103,15.779999,0.094783,0.107664,-0.175334,7.760000,24.109955

-3.390602,2.338870,9.075388,15.771175,-0.032053,0.070625,0.152682,7.756000,23.645614

-4.590507,1.845496,9.346025,15.768234,-0.017930,-0.049283,0.309628,7.764000,23.645614

-4.614457,4.511153,9.813054,15.788822,0.031365,-0.005316,0.344002,7.764000,23.645614

-4.954550,4.238121,9.544811,15.794704,-0.008604,-0.152670,0.229423,7.764000,23.645614

-4.731813,-0.453722,8.895761,15.785881,0.022039,-0.320275,0.202510,7.764000,23.645614

-4.750973,-1.124328,8.850256,15.774117,-0.030454,-0.342125,0.227291,7.772000,23.645614

-3.292406,0.530631,7.825187,15.779999,-0.029921,-0.323739,0.289910,7.768000,23.645614

-2.193092,-0.482463,9.784313,15.788822,-0.201257,-0.339727,0.396228,7.764000,23.645614

-0.111820,-0.247751,11.606923,15.782940,-0.099468,-0.319476,0.374112,7.764000,23.645614

2.491566,-1.054872,11.616504,15.771175,-0.018996,-0.112967,0.295239,7.760000,23.645614

0.800682,0.449200,11.202166,15.759411,-0.089609,-0.029565,0.115910,7.752000,23.645614

-0.404013,1.026400,9.772339,15.771175,0.012446,0.008540,0.284581,7.748000,23.645614

1.689234,0.636012,8.189230,15.744705,0.052682,-0.029565,0.288578,7.740000,23.645614

2.127523,1.280272,9.846584,15.768234,-0.014999,0.179875,0.280850,7.736000,23.645614

0.738412,3.847733,8.819120,15.774117,0.033497,0.146567,0.330679,7.736000,23.645614

0.259408,2.458621,8.922107,15.765293,-0.078417,0.066628,0.269392,7.732000,23.645614

-0.935707,2.647828,10.246552,15.747646,0.169926,0.060500,0.098590,7.736000,23.645614

0.086966,2.892120,7.990444,15.782940,-0.026191,0.054638,-0.193720,7.744000,23.645614

-1.704508,2.930440,8.766430,15.777058,0.032964,0.000812,-0.272326,7.736000,23.645614

-2.066156,4.051310,6.874364,15.782940,-0.018197,-0.062073,-0.413551,7.736000,23.645614

-1.867369,3.124437,9.278965,15.774117,-0.015266,-0.040490,-0.640577,7.744000,23.645614

-0.356112,4.180641,10.351933,15.768234,-0.126114,-0.175320,-0.621125,7.748000,23.593385

0.455800,5.406890,9.607082,15.771175,-0.017930,-0.190508,-0.522268,7.744000,23.593385

1.706000,2.120924,10.651311,15.765293,0.127558,-0.141212,-0.046632,7.756000,23.593385

2.774179,4.674015,6.634862,15.759411,0.063074,-0.112701,0.088464,7.760000,23.593385

2.218534,2.817874,6.864784,15.756470,-0.319033,0.023195,0.146553,7.760000,23.593385

4.683009,5.090748,9.595107,15.762352,-0.297982,0.084748,0.156412,7.756000,23.593385

4.038749,3.239398,11.479987,15.753529,-0.083214,0.325363,0.010124,7.760000,23.593385

2.196979,0.489915,13.264277,15.759411,0.022838,0.347213,-0.119377,7.760000,23.593385

1.021024,-2.798447,8.318562,15.735882,-0.184469,0.474582,-0.334412,7.756000,23.593385

-3.163075,-0.580658,12.579302,15.753529,-0.088543,0.135642,-0.359193,7.752000,23.593385

-0.830326,2.152059,12.227234,15.765293,0.232544,0.037850,-0.348001,7.752000,23.593385

-4.240834,-0.250146,7.444379,15.759411,0.070002,0.130046,-0.540920,7.740000,23.593385

-3.256481,-2.908617,9.580737,15.750587,0.085191,-0.099378,-0.532926,7.740000,23.593385

-2.399064,6.652301,6.553432,15.744705,-0.053370,0.082616,-0.237686,7.740000,23.593385

0.221088,0.279154,9.482541,15.721176,-0.236163,-0.268581,0.049294,7.732000,23.593385

1.461708,-1.780563,11.724279,15.730000,0.251463,-0.110836,0.184924,7.736000,23.593385

-1.594337,4.118370,8.493398,15.744705,0.119298,-0.057810,0.507876,7.740000,23.593385

2.963385,4.987762,6.316325,15.738823,0.126492,-0.032496,0.778336,7.744000,23.593385

1.808985,6.170902,8.153305,15.747646,0.066538,0.046910,0.887585,7.736000,23.593385

1.959872,3.584280,10.469289,15.732941,0.134753,0.175079,0.752222,7.744000,23.593385

0.362394,3.478900,7.664721,15.744705,-0.158623,0.112726,0.526795,7.744000,23.458306

-0.698600,0.616851,9.204719,15.732941,-0.080016,0.265143,0.398360,7.740000,23.458306

-5.107831,7.653419,9.231064,15.750587,0.106241,0.656043,0.175065,7.748000,23.458306

-2.499655,6.805582,7.753336,15.738823,-0.031254,0.005342,0.112979,7.748000,23.458306

-3.747460,0.080367,10.296848,15.747646,-0.187667,-0.081258,0.118042,7.748000,23.458306

-6.633458,1.366493,9.496911,15.747646,-0.031520,0.075155,0.282449,7.756000,23.458306

-6.650223,3.859708,10.514794,15.730000,-0.034984,-0.069800,0.249141,7.756000,23.458306

-4.923414,8.132422,5.473278,15.756470,-0.043244,-0.111635,0.328547,7.752000,23.458306

0.211507,-2.982863,10.114826,15.724117,0.213625,-0.840143,0.149751,7.752000,23.458306

2.091598,1.656290,9.257409,15.741764,0.419867,-0.138814,0.476700,7.752000,23.458306

0.896483,-0.070519,9.554392,15.738823,0.135552,-0.446312,0.474835,7.752000,23.458306

3.638781,-5.188676,9.152028,15.747646,-0.090675,-0.185978,0.411950,7.748000,23.458306

4.409977,4.314762,7.525810,15.700586,0.101978,0.195063,0.207839,7.736000,23.458306

5.094953,0.396510,9.822634,15.727058,-0.050705,0.125250,0.241680,7.732000,23.458306

0.920433,0.676727,8.871811,15.741764,0.157668,0.250221,0.031175,7.732000,23.458306

-2.626591,2.257440,7.715016,15.735882,0.028434,0.104466,-0.362390,7.724000,23.458306

-1.091383,3.804622,9.518467,15.735882,0.041491,0.239829,-0.605671,7.724000,23.458306

-1.654213,2.070628,9.875324,15.735882,-0.446935,0.025060,-0.614730,7.728000,23.458306

-0.830326,1.467083,12.960110,15.741764,0.132088,0.084481,-0.641376,7.728000,23.458306

0.216298,3.191497,5.293652,15.741764,0.032697,-0.006116,-0.603805,7.732000,23.458306

3.269948,6.336158,13.163686,15.735882,-0.179673,-0.130820,-0.405824,7.736000,23.458306

0.580340,4.506363,10.991404,15.741764,0.285037,-0.042621,-0.314161,7.732000,23.458306

-4.640802,0.236043,8.265871,15.750587,0.167794,-0.220085,-0.258736,7.740000,22.904327

-2.763107,4.827296,6.225314,15.727058,-0.133042,-0.268048,-0.071946,7.740000,22.904327

-3.201395,5.459581,7.568920,15.732941,0.150740,-0.162263,-0.171870,7.736000,22.904327

-3.026559,2.652618,9.829819,15.730000,0.108106,-0.329868,-0.493756,7.744000,22.904327

-1.031508,1.210816,6.733058,15.730000,-0.219110,-0.422330,-0.772743,7.740000,22.904327

-0.166906,6.688226,5.858876,15.730000,-0.057633,-0.144410,-0.748494,7.748000,22.904327

5.492526,4.844061,12.493081,15.741764,-0.039514,-0.545702,-0.485496,7.752000,22.904327

4.273461,5.450001,8.469448,15.727058,0.065739,-0.417534,0.008525,7.752000,22.904327

6.807391,1.208421,10.433364,15.715292,0.017243,-0.033295,0.653631,7.752000,22.904327

2.522702,1.924532,10.172307,15.721176,-0.127447,0.046111,0.858541,7.744000,22.904327

2.297570,3.026241,10.806987,15.730000,-0.057367,0.114059,0.770075,7.748000,22.904327

1.902391,-4.973124,13.640295,15.732941,-0.590825,0.183605,0.779135,7.736000,22.904327

-1.014742,-0.642929,10.368698,15.724117,0.233077,0.453265,0.764746,7.736000,22.904327

-3.091224,0.109107,6.974955,15.741764,0.177653,0.319501,0.347199,7.732000,22.904327

-4.286339,2.106554,9.432246,15.727058,0.078529,0.233434,0.127101,7.720000,22.904327

-2.533185,-3.710949,10.526770,15.735882,-0.174344,0.041314,-0.074611,7.728000,22.904327

-0.894992,3.165152,7.080336,15.730000,0.143279,0.127382,-0.132700,7.728000,22.904327

-0.195646,6.041571,7.679091,15.703527,-0.027790,0.136442,-0.132433,7.724000,22.904327

-0.207621,-0.539943,16.909496,15.706469,-0.088010,-0.047418,0.056755,7.720000,22.904327

2.228114,3.421419,9.542417,15.712351,0.221353,0.215048,0.361855,7.724000,22.904327

1.768270,5.289535,5.746310,15.724117,0.061209,0.135376,0.531591,7.732000,22.904327

2.237694,6.685831,5.406218,15.727058,-0.041912,0.318169,0.600339,7.732000,22.904327

1.538348,1.419183,9.149633,15.724117,-0.004874,0.381587,0.715983,7.732000,22.706458

-2.169142,3.792647,7.892248,15.730000,0.110505,0.565979,0.723711,7.736000,22.706458

-0.971632,4.781791,11.894326,15.724117,0.010315,0.497498,0.719980,7.740000,22.706458

-1.271010,1.136571,7.168952,15.721176,-0.096803,0.498298,0.575025,7.740000,22.706458

-4.525841,7.095379,1.835243,15.712351,0.122229,0.628331,0.145221,7.740000,22.706458

-3.064879,5.014107,17.436401,15.718235,-0.086678,0.563048,-0.532926,7.748000,22.706458

-5.263507,-0.357922,12.112272,15.712351,0.252529,0.302981,-0.710124,7.756000,22.706458

-9.826020,2.652618,2.824386,15.709410,0.359380,0.259014,-0.829233,7.752000,22.706458

-8.111186,4.319552,8.129354,15.718235,-0.508488,-0.165460,-1.061588,7.744000,22.706458

-5.309012,-1.133908,13.146921,15.741764,-0.101333,-0.281372,-1.003765,7.748000,22.706458

-0.909362,-5.181491,10.677656,15.721176,0.236808,-0.669074,-0.888387,7.752000,22.706458

-4.791688,1.754486,9.226274,15.750587,0.210694,-0.499871,-0.682412,7.748000,22.706458

0.199532,-2.317048,7.952123,15.730000,0.170459,-0.696254,-0.398363,7.740000,22.706458

3.899837,-2.259567,7.700646,15.718235,0.043089,-0.757007,-0.184660,7.740000,22.706458

4.465062,-0.573473,11.144685,15.715292,-0.172212,-0.397549,0.055423,7.728000,22.706458

1.878441,0.195328,8.141330,15.718235,-0.242025,-0.376499,0.257135,7.720000,22.706458

2.692748,-1.002182,10.308823,15.715292,0.412673,-0.153736,0.203043,7.716000,22.706458

0.103732,10.644798,9.978311,15.715292,0.579745,-0.075929,0.127368,7.720000,22.706458

-0.909362,3.217843,7.370133,15.724117,-0.373125,-0.360777,0.082602,7.716000,22.706458

0.067806,-1.066847,10.399834,15.715292,-0.097070,-0.268315,0.238749,7.716000,22.706458

0.515675,3.632181,10.933923,15.735882,0.537910,-0.023436,0.455117,7.724000,22.706458

0.381554,8.589871,5.360712,15.721176,0.142214,-0.155601,0.537986,7.732000,22.706458

0.237853,-0.791420,10.236973,15.712351,0.044688,0.002411,0.610198,7.720000,22.751736

-2.571505,1.265902,10.232183,15.712351,-0.070424,0.060500,0.373846,7.724000,22.751736

-2.628986,5.464371,6.685158,15.727058,0.111304,0.211584,-0.409821,7.724000,22.751736

-1.994306,2.537657,10.133986,15.718235,-0.231100,0.002677,-1.125006,7.724000,22.751736

-2.197882,4.659645,11.230906,15.712351,0.012979,-0.200633,-1.305135,7.736000,22.751736

-1.074618,6.225987,8.103010,15.730000,0.176587,-0.349586,-1.224929,7.740000,22.751736

-2.013466,2.504127,9.532837,15.715292,0.107040,-0.444180,-0.810314,7.748000,22.751736

0.240248,1.467083,11.218930,15.727058,-0.181538,-0.556094,-0.256338,7.744000,22.751736

1.916761,4.877591,8.663445,15.724117,-0.025924,-0.415935,0.294173,7.748000,22.751736

1.751505,5.605677,10.107641,15.721176,0.055880,-0.310682,0.617925,7.748000,22.751736

5.449415,0.844378,10.339958,15.721176,-0.153826,-0.118297,0.858807,7.744000,22.751736

2.750228,1.297037,10.998589,15.712351,0.065206,0.092475,0.779401,7.740000,22.751736

1.586249,1.378468,9.628637,15.724117,-0.058433,0.110861,0.596075,7.736000,22.751736

1.600619,-4.297729,9.334050,15.718235,-0.070157,0.223575,0.428470,7.732000,22.751736

-2.363138,-1.234499,9.202324,15.700586,0.085990,0.262212,0.312826,7.732000,22.751736

-1.275800,2.178404,8.979588,15.724117,0.089188,0.223575,0.103386,7.724000,22.751736

-0.710575,-1.416520,11.027328,15.718235,-0.085345,0.140971,0.034372,7.728000,22.751736

0.458195,0.049232,9.408296,15.694704,-0.002742,0.166552,0.145221,7.724000,22.751736

0.249828,5.308695,8.354486,15.694704,0.018841,0.196129,0.303499,7.720000,22.751736

2.455641,1.309012,8.847861,15.712351,-0.187401,-0.070333,0.494819,7.716000,22.751736

3.679496,0.782108,9.417875,15.706469,0.109172,0.019198,0.637377,7.712000,22.751736

2.127523,4.171061,9.542417,15.694704,0.148076,0.231036,0.669619,7.716000,22.751736

1.274896,3.696846,7.501860,15.712351,0.025769,0.301115,0.628317,7.716000,22.615632

1.222206,4.300392,9.427456,15.712351,0.104376,0.419958,0.284048,7.724000,22.615632

-0.063920,4.784185,8.593988,15.712351,-0.016332,0.424221,-0.107386,7.724000,22.615632

0.027091,3.466924,8.955637,15.691763,-0.116255,0.371728,-0.334945,7.720000,22.615632

-0.016019,5.107513,8.807145,15.703527,0.053215,0.390380,-0.348801,7.732000,22.615632

-0.056735,5.517062,7.303073,15.697645,0.081727,0.328028,-0.325619,7.732000,22.615632

-0.423173,2.884935,7.626400,15.694704,-0.037382,0.183339,-0.192654,7.736000,22.615632

-3.196605,1.802386,9.987890,15.694704,-0.093339,0.135909,0.034106,7.740000,22.615632

-5.134176,3.629786,10.620175,15.712351,-0.051238,0.127648,0.230755,7.736000,22.615632

-5.455109,4.274046,8.328141,15.700586,0.014312,0.064230,0.350663,7.736000,22.615632

-5.840707,2.547237,9.868139,15.715292,-0.026457,-0.141479,0.314957,7.740000,22.615632

-5.469479,0.719837,10.459709,15.721176,-0.065094,-0.177718,0.287512,7.744000,22.615632

-3.757040,-1.519506,10.347143,15.700586,-0.015799,-0.421797,0.224893,7.740000,22.615632

-1.680558,-1.296769,9.973520,15.712351,-0.078417,-0.354382,0.256868,7.736000,22.615632

-1.948800,-0.489648,11.156660,15.706469,0.079595,-0.313614,0.250207,7.732000,22.615632

1.392252,-2.034435,8.668234,15.685881,-0.095737,-0.506532,0.115110,7.736000,22.615632

3.497474,0.818033,10.574670,15.706469,0.004186,0.016800,0.078339,7.716000,22.615632

-0.205226,0.425250,9.688513,15.685881,0.097448,-0.096713,0.261665,7.724000,22.615632

-0.205226,2.453831,8.998747,15.700586,0.116367,0.061033,0.281650,7.716000,22.615632

-0.360902,2.106554,8.282637,15.694704,0.032964,0.051440,0.305898,7.712000,22.615632

0.558785,3.193892,9.118498,15.715292,0.024970,0.027725,0.390899,7.712000,22.615632

0.223483,1.661080,9.669353,15.718235,0.038027,0.094873,0.486559,7.720000,22.615632

-0.641119,1.359308,8.622729,15.706469,0.030832,0.103400,0.361855,7.716000,22.352171

-1.807494,2.920860,8.799960,15.706469,0.009515,0.127382,0.278985,7.716000,22.352171

-1.196764,3.634576,9.769943,15.697645,-0.057367,0.018132,0.123904,7.720000,22.352171

-1.405131,2.264625,9.578342,15.679998,0.010048,0.085814,-0.170537,7.720000,22.352171

-0.959657,4.491993,8.165280,15.694704,0.051616,0.119122,-0.308032,7.720000,22.352171

-1.285380,7.732454,9.013118,15.703527,0.016443,0.079152,-0.451655,7.720000,22.352171

1.021024,5.339830,9.389135,15.697645,0.038560,-0.043954,-0.469508,7.732000,22.352171

0.563575,3.526800,8.749665,15.697645,0.097981,-0.098045,-0.414350,7.732000,22.352171

1.365907,2.195169,7.597661,15.697645,-0.062696,-0.085522,-0.357328,7.732000,22.352171

1.250946,2.583162,9.135263,15.691763,0.015377,-0.104441,-0.208641,7.736000,22.352171

3.109481,2.829849,9.168794,15.688822,-0.064295,-0.022637,-0.120709,7.740000,22.352171

4.057909,2.722074,10.289662,15.685881,-0.073088,0.116990,-0.038372,7.740000,22.352171

4.812340,2.681358,9.841794,15.700586,-0.029388,0.155627,-0.005597,7.744000,22.352171

-0.811166,0.133057,10.797407,15.712351,-0.220175,0.247823,0.017319,7.740000,22.352171

0.000746,-2.309863,8.220366,15.703527,-0.110926,0.241694,0.021049,7.732000,22.352171

-1.596732,-1.428495,10.361513,15.694704,-0.035517,0.196662,0.074608,7.728000,22.352171

-0.602799,-0.573473,11.297966,15.706469,0.031099,0.206255,-0.029046,7.728000,22.352171

-1.946405,0.645592,10.256132,15.706469,-0.028855,0.303780,-0.181196,7.720000,22.352171

-2.655331,0.681517,9.432246,15.694704,-0.002476,0.151896,-0.149753,7.720000,22.352171

-1.824259,1.960457,8.546088,15.691763,0.055347,0.063964,-0.104188,7.720000,22.352171

-0.983607,1.069510,9.307705,15.694704,0.009515,0.066362,-0.057024,7.720000,22.352171

-1.462611,2.221514,8.802356,15.677057,-0.058433,0.021863,0.071411,7.720000,22.817161

-1.153654,3.737562,8.407177,15.688822,0.004186,0.016267,0.208639,7.720000,22.817161

0.460589,5.708663,8.210786,15.688822,0.024704,0.025860,0.207573,7.724000,22.817161

0.216298,3.344779,9.822634,15.682940,-0.062163,0.052239,0.239548,7.724000,22.817161

-0.696205,3.172337,9.266990,15.685881,-0.053636,0.133777,0.240614,7.728000,22.817161

0.027091,6.230777,8.589199,15.674116,-0.035517,0.259547,0.164140,7.736000,22.817161

1.253341,4.333922,9.427456,15.671175,0.009515,0.213449,0.147352,7.740000,22.817161

0.992284,3.670501,8.625124,15.674116,0.084658,0.259547,0.212902,7.736000,22.817161

-1.912875,4.544683,10.816567,15.685881,0.064140,0.343749,0.268593,7.748000,22.817161

-3.122360,3.886053,7.231222,15.679998,0.078529,0.119921,0.253671,7.748000,22.817161

-5.467084,3.306458,8.591594,15.671175,0.064939,0.044778,0.294440,7.744000,22.817161

-8.180641,1.404813,10.830937,15.679998,-0.048041,-0.112168,0.205441,7.748000,22.817161

-6.185590,0.664752,11.664404,15.679998,-0.065627,-0.247264,0.165472,7.752000,22.817161

-5.189261,1.785621,9.892090,15.668234,0.094783,-0.249396,0.212369,7.752000,22.817161

-2.475704,0.221673,8.052714,15.685881,-0.008871,-0.408208,0.330945,7.752000,22.817161

-1.306935,-0.884826,9.384345,15.685881,-0.013134,-0.368238,0.414881,7.744000,22.817161

0.724042,-3.277451,9.942385,15.697645,-0.122650,-0.428725,0.283781,7.736000,22.817161

1.816171,-1.081218,9.068203,15.694704,0.024704,-0.035160,0.189453,7.736000,22.817161

2.235299,-0.262121,10.093271,15.677057,0.019374,0.029057,-0.021052,7.728000,22.817161

-0.011229,0.398905,10.157937,15.685881,-0.010736,0.045311,0.051159,7.724000,22.817161

-0.499813,1.009634,8.996352,15.677057,0.007117,0.083682,-0.202513,7.720000,22.817161

-0.993187,0.995264,9.674143,15.700586,-0.004874,0.027991,-0.495622,7.720000,22.817161

0.359999,1.764066,9.719648,15.674116,0.072933,-0.021837,-0.511343,7.712000,23.445671

0.189952,2.482572,9.520862,15.691763,0.036161,-0.079127,-0.327217,7.720000,23.445671

-0.523764,3.208262,8.146120,15.671175,-0.057900,-0.095114,-0.142026,7.708000,23.445671

1.444943,2.449041,8.965217,15.694704,-0.000344,-0.142012,-0.018121,7.716000,23.445671

0.795892,1.704190,8.213181,15.677057,0.115301,-0.123093,0.046363,7.712000,23.445671

-0.538134,2.480176,8.059899,15.691763,-0.131177,-0.078594,-0.014124,7.720000,23.445671

-1.156049,1.237161,10.133986,15.682940,-0.038714,-0.138015,-0.191588,7.720000,23.445671

-0.126190,2.211934,10.859677,15.688822,-0.056567,-0.112168,-0.286715,7.728000,23.445671

-0.636329,6.788817,8.376042,15.674116,0.086789,-0.051947,-0.280853,7.728000,23.445671

-1.285380,6.800792,6.704318,15.709410,0.042823,-0.060741,-0.244081,7.728000,23.445671

1.238971,2.532867,8.661049,15.682940,-0.093872,-0.222483,-0.192654,7.740000,23.445671

1.124010,2.484967,9.681328,15.671175,-0.089076,-0.108970,-0.174801,7.740000,23.445671

2.422111,4.439303,10.550720,15.674116,0.035629,-0.044753,-0.314960,7.736000,23.445671

3.622015,3.361544,9.358000,15.691763,-0.062163,0.040515,-0.393566,7.736000,23.445671

2.527491,1.251532,10.160332,15.688822,-0.073888,0.040782,-0.304035,7.740000,23.445671

1.476078,3.924373,8.912526,15.691763,-0.002476,0.050907,-0.235821,7.736000,23.445671

0.879718,-1.035712,8.948452,15.682940,-0.243624,-0.012511,-0.040770,7.740000,23.445671

-0.059130,-0.015434,9.935200,15.682940,0.123028,0.105798,0.219564,7.736000,23.445671

-0.004044,1.371283,9.405901,15.688822,-0.262277,0.013602,0.270458,7.728000,23.445671

-0.746500,0.231253,10.462104,15.694704,-0.130644,0.018132,0.387702,7.728000,23.445671

0.043856,-1.332695,9.336445,15.671175,0.070535,0.010138,0.424473,7.724000,23.445671

-2.085316,-0.046569,8.215575,15.688822,0.034829,0.096739,0.371181,7.728000,23.445671

-1.479376,4.432117,8.464658,15.668234,-0.040846,0.057835,0.424740,7.720000,22.682090

-0.586034,2.887330,10.368698,15.691763,-0.071489,0.023195,0.466042,7.716000,22.682090

-1.002767,1.826336,9.554392,15.679998,-0.037116,0.073556,0.455117,7.720000,22.682090

-0.933312,4.154295,8.847861,15.688822,0.004985,0.107930,0.385037,7.724000,22.682090

1.104850,3.672896,9.211904,15.671175,-0.090408,0.123118,0.342669,7.732000,22.682090

1.500028,3.395074,8.823911,15.665293,0.037760,0.243293,0.377310,7.736000,22.682090

1.009049,4.650064,8.886181,15.691763,-0.024592,0.349612,0.472437,7.740000,22.682090

-0.190856,4.204591,9.674143,15.656469,0.002054,0.472717,0.534522,7.736000,22.682090

-0.478258,4.271651,9.180769,15.679998,0.163531,0.415428,0.443126,7.740000,22.682090

-3.060089,2.757999,9.647798,15.668234,-0.088809,0.404769,0.245411,7.740000,22.682090

-4.180958,1.871841,9.848979,15.694704,-0.066160,0.346414,0.047429,7.740000,22.682090

-5.687426,3.660921,9.726833,15.674116,0.078263,0.395177,-0.234222,7.748000,22.682090

-6.470597,2.949600,9.259805,15.665293,0.166728,0.164687,-0.443395,7.744000,22.682090

-7.807018,1.162916,9.813054,15.682940,-0.069091,-0.127889,-0.461514,7.744000,22.682090

-6.666988,1.263507,8.711345,15.679998,0.032431,-0.386624,-0.314427,7.752000,22.682090

-3.313961,-1.687157,10.193862,15.691763,-0.130111,-0.775393,-0.222497,7.740000,22.682090

-0.940497,-0.836926,9.690907,15.668234,0.142746,-0.577678,0.070345,7.744000,22.682090

-0.396827,-0.039384,9.551997,15.679998,0.016443,-0.577678,0.401291,7.740000,22.682090

4.457877,1.024005,7.832372,15.668234,0.041491,-0.787117,0.636844,7.736000,22.682090

3.962108,-1.495556,9.240644,15.677057,0.054547,-0.458303,0.871331,7.736000,22.682090

3.217257,0.353399,10.174702,15.700586,0.090253,-0.130287,0.878259,7.732000,22.682090

-1.462611,3.775882,11.889536,15.679998,0.044422,0.100469,0.998700,7.728000,23.874009

-1.127308,2.746024,8.706554,15.674116,0.089454,0.008540,0.691735,7.732000,23.874009

-0.451913,-0.623769,8.823911,15.677057,0.004985,0.126316,0.431401,7.732000,23.874009

-0.348927,2.906490,6.189389,15.668234,0.171524,0.059967,0.252872,7.728000,23.874009

-2.727181,0.736602,9.266990,15.694704,-0.108794,0.037318,0.050893,7.732000,23.874009

-1.654213,-1.220129,11.614109,15.671175,-0.067492,0.009073,-0.085802,7.732000,23.874009

-0.262706,4.293207,8.388017,15.685881,0.049485,0.027725,-0.246213,7.736000,23.874009

-0.051945,4.240516,8.634704,15.682940,0.004719,0.102068,-0.418347,7.732000,23.874009

1.871256,3.871683,6.788144,15.679998,0.045754,-0.048483,-0.511343,7.732000,23.874009

2.824474,3.572305,9.528047,15.682940,-0.152227,-0.050882,-0.664825,7.732000,23.874009

2.196979,4.309972,10.268107,15.679998,0.028168,0.032255,-0.707193,7.740000,23.874009

2.228114,4.168665,7.700646,15.679998,0.135818,0.034386,-0.664559,7.740000,23.874009

-0.207621,3.773487,9.449011,15.688822,-0.221774,-0.092716,-0.559306,7.744000,23.874009

2.750228,2.920860,9.659773,15.682940,0.010848,-0.067402,-0.133765,7.740000,23.874009

2.343075,3.835757,9.367580,15.677057,0.059344,-0.002652,0.067947,7.744000,23.874009

4.182450,2.025123,9.846584,15.662352,-0.216445,0.025060,0.165205,7.740000,23.874009

3.044816,0.034862,9.671748,15.688822,0.092119,0.141771,0.244345,7.744000,23.874009

1.502423,1.352122,10.452524,15.691763,-0.085079,0.280598,0.207839,7.740000,23.874009

3.394488,1.146151,9.803473,15.691763,-0.098669,0.324831,0.117242,7.740000,23.874009

1.420992,-1.215339,8.105405,15.679998,-0.062696,0.399973,0.156679,7.740000,23.874009

-0.703390,-1.109958,9.801079,15.688822,0.002854,0.399973,0.106317,7.736000,23.874009

-1.206344,2.257440,11.659614,15.665293,-0.290255,0.106065,-0.151618,7.732000,23.723014

0.896483,0.396510,10.601015,15.679998,0.112903,0.275002,-0.061288,7.724000,23.723014

-0.578849,3.862103,7.513834,15.679998,0.035629,0.081817,0.028244,7.736000,23.723014

1.382672,1.040770,8.170071,15.668234,-0.030721,-0.050349,0.132431,7.732000,23.723014

1.770665,3.531590,8.653864,15.671175,-0.005673,0.176677,0.257135,7.728000,23.723014

0.197137,3.234608,9.743598,15.650587,-0.124782,0.299517,0.379175,7.732000,23.723014

-0.976422,1.529354,9.954360,15.656469,-0.013134,0.384518,0.322685,7.736000,23.723014

-1.390761,3.989039,7.341393,15.679998,0.013512,0.480978,0.197980,7.732000,23.723014

-1.809889,3.419024,8.285031,15.688822,-0.144767,0.445272,0.076207,7.740000,23.723014

-2.470914,3.078931,9.848979,15.674116,-0.022194,0.460726,-0.038372,7.740000,23.723014

-3.325936,4.209381,9.784313,15.688822,0.062541,0.345615,-0.071147,7.744000,23.723014

-3.898346,4.386612,8.112590,15.679998,0.150740,0.280598,-0.157747,7.748000,23.723014

-6.348451,1.730535,10.948293,15.662352,-0.070157,-0.044220,-0.202779,7.748000,23.723014

-5.507799,2.734049,10.069321,15.685881,0.035096,-0.170523,-0.233156,7.748000,23.723014

-6.595138,-0.817765,7.909013,15.679998,0.038826,-0.363176,-0.375181,7.748000,23.723014

-6.386771,-1.766193,11.927856,15.685881,-0.145832,-0.366107,-0.321888,7.748000,23.723014

-2.593060,-2.034435,9.264594,15.682940,-0.028589,-0.379963,-0.151352,7.744000,23.723014

-2.566715,0.676727,10.313613,15.688822,-0.034185,-0.494275,0.152682,7.744000,23.723014

0.783917,-3.576828,11.214140,15.691763,-0.106129,-0.498006,0.392764,7.740000,23.723014

0.743202,-1.042897,10.179492,15.662352,-0.003541,-0.312281,0.397028,7.740000,23.723014

3.451969,3.651341,7.691066,15.662352,0.120097,-0.252327,0.437797,7.728000,23.889329

1.715580,1.893397,11.377002,15.662352,0.119831,-0.107638,0.519867,7.724000,23.889329

-0.365692,2.329290,9.825029,15.674116,0.181117,-0.015442,0.527861,7.720000,23.889329

-1.467401,1.876631,6.898314,15.674116,0.160333,-0.060741,0.419677,7.724000,23.889329

-2.085316,3.062166,8.114985,15.682940,-0.123982,-0.074597,0.339205,7.724000,23.889329

-1.699718,0.949759,10.308823,15.665293,-0.144767,-0.043954,0.310161,7.724000,23.889329

-1.441056,1.953272,10.562695,15.688822,-0.050972,-0.001053,0.176130,7.720000,23.889329

-2.925968,2.547237,10.294453,15.674116,0.124893,-0.072199,0.051159,7.728000,23.889329

-0.770451,3.818992,7.125842,15.665293,-0.013401,-0.232076,-0.118577,7.728000,23.889329

-0.221991,3.191497,8.962822,15.671175,-0.064561,-0.126024,-0.312562,7.724000,23.889329

-2.013466,3.306458,9.872930,15.697645,0.078795,-0.298159,-0.364256,7.732000,23.889329

-0.281867,4.010594,7.794052,15.679998,-0.026990,-0.197436,-0.495888,7.732000,23.889329

1.238971,-0.029804,8.795171,15.682940,-0.067226,-0.313081,-0.638978,7.732000,23.889329

0.491725,4.491993,9.743598,15.674116,0.101978,-0.229411,-0.422078,7.740000,23.889329

1.840121,6.451119,7.892248,15.671175,-0.128779,-0.153470,-0.282718,7.736000,23.889329

2.398160,2.542447,11.460827,15.656469,-0.049107,-0.103375,0.077006,7.736000,23.889329

3.883072,5.006922,8.514953,15.647646,0.149941,-0.024502,0.317888,7.744000,23.889329

4.177660,2.132899,10.998589,15.659410,-0.026724,-0.033561,0.365052,7.744000,23.889329

3.521425,2.178404,11.688354,15.647646,0.190177,0.046377,0.421809,7.744000,23.889329

1.797010,1.914952,10.486054,15.662352,0.008982,0.073290,0.532657,7.744000,23.889329

1.535953,-2.800842,7.434799,15.668234,-0.117854,0.200126,0.557971,7.748000,23.889329

-0.392037,0.976104,12.011682,15.662352,0.341261,0.436478,0.444192,7.744000,23.889329

-0.518973,1.943692,7.513834,15.668234,-0.147698,0.326962,0.157478,7.732000,23.433880

0.427059,-1.797328,8.656260,15.671175,-0.160754,0.276601,0.167604,7.724000,23.433880

0.992284,5.967325,10.090877,15.677057,0.229613,0.515351,0.181460,7.724000,23.433880

-0.641119,4.245306,8.189230,15.659410,-0.266806,0.388515,0.125769,7.724000,23.433880

0.431849,-1.232104,9.264594,15.656469,0.127825,0.343749,-0.073811,7.732000,23.433880

-2.317633,7.416312,9.463381,15.668234,0.019641,0.490837,-0.386372,7.736000,23.433880

-3.311566,6.206827,6.522296,15.668234,-0.233232,0.290457,-0.355196,7.732000,23.433880

0.879718,-3.033159,10.639336,15.659410,-0.311039,-0.017041,-0.465778,7.732000,23.433880

0.233063,6.848692,5.346342,15.677057,0.529384,0.418892,-0.318158,7.736000,23.433880

-2.109267,5.239239,6.301955,15.656469,-0.360601,0.000546,0.259000,7.736000,23.433880

0.034276,2.961576,10.086086,15.677057,0.246933,0.258215,0.499616,7.744000,23.433880

-3.948641,2.221514,6.627677,15.665293,0.008449,0.161489,0.581153,7.748000,23.433880

-3.761830,-0.374687,9.686118,15.674116,-0.177275,0.130846,0.535322,7.748000,23.433880

-5.323382,2.386771,12.471525,15.671175,-0.068025,0.444472,0.288045,7.752000,23.433880

-6.609508,1.965247,9.750783,15.653528,0.173923,0.236365,-0.198516,7.752000,23.433880

-5.982013,2.123319,9.587922,15.659410,0.039359,-0.220085,-0.492424,7.752000,23.433880

-5.289852,-5.049765,12.054792,15.662352,-0.319299,-0.357846,-0.596078,7.748000,23.433880

-2.365534,-5.495238,9.262199,15.662352,0.093451,-0.268315,-0.945144,7.748000,23.433880

-2.727181,5.284745,9.951965,15.671175,-0.053103,-0.183580,-0.881193,7.740000,23.433880

3.459154,-1.215339,11.786550,15.659410,-0.171146,-0.597396,-0.806050,7.736000,23.922831

4.819525,3.057376,8.984377,15.644705,0.215224,-0.136416,-0.607802,7.736000,23.922831

2.398160,7.040294,11.448853,15.671175,0.117699,-0.147075,-0.187324,7.732000,23.922831

2.865189,-0.010644,13.039145,15.677057,0.429194,-0.293629,0.010924,7.728000,23.922831

-3.421737,5.514667,5.360712,15.659410,0.584541,-0.387157,0.156679,7.724000,23.922831

-2.478099,5.984090,4.948769,15.662352,-0.339817,-0.686927,0.189720,7.720000,23.922831

1.459313,-3.964821,10.799802,15.662352,-0.054702,-0.415935,0.510541,7.728000,23.922831

-2.760712,6.233172,12.452366,15.665293,0.145944,-0.078061,0.732771,7.724000,23.922831

-0.274681,0.932994,8.701765,15.665293,-0.010469,-0.274710,0.570228,7.736000,23.922831

1.090480,6.053546,9.590317,15.668234,0.088921,-0.214490,0.639509,7.732000,23.922831

1.914366,2.142479,8.392807,15.659410,-0.074420,-0.205430,0.804982,7.732000,23.922831

1.765875,7.016344,6.570197,15.665293,0.495543,0.067694,0.789261,7.740000,23.922831

0.043856,5.548197,7.885063,15.647646,-0.058966,-0.068735,0.556372,7.736000,23.922831

1.983822,2.810689,7.695856,15.653528,-0.196727,0.089278,0.388234,7.736000,23.922831

-0.250731,3.572305,8.390412,15.665293,-0.027257,0.273137,0.107650,7.740000,23.922831

0.161212,1.550909,12.318244,15.650587,-0.151961,0.303247,-0.324553,7.748000,23.922831

1.789825,1.888607,8.153305,15.653528,-0.270004,0.336288,-0.569165,7.748000,23.922831

1.195861,-1.344670,16.619699,15.668234,-0.377388,0.237697,-0.514274,7.748000,23.922831

4.244720,-1.842834,11.697934,15.644705,0.150740,0.285661,-0.498020,7.756000,23.922831

1.631754,4.654854,6.014553,15.647646,0.207763,0.435412,-0.477502,7.752000,23.922831

1.677259,3.658526,9.298124,15.621176,-0.596953,0.130313,-0.650436,7.744000,23.922831

4.108204,-3.598383,9.061018,15.644705,0.107307,0.402904,-0.588084,7.736000,23.922831

-1.534462,2.070628,6.929450,15.644705,0.372437,0.252353,-0.597144,7.732000,23.922831

-2.576295,1.742511,6.943820,15.644705,-0.334488,0.059700,-0.688007,7.732000,23.922831

0.343234,-3.852255,12.751743,15.644705,-0.356338,0.110062,-0.621925,7.724000,23.922831

-0.219596,3.864498,11.230906,15.656469,0.614119,0.346148,-0.608868,7.736000,23.922831

-1.754804,8.084522,5.243356,15.650587,-0.464522,-0.203032,-0.430605,7.724000,23.922831

3.063976,-9.102138,14.507292,15.650587,-0.424286,-0.318410,-0.278721,7.716000,23.922831

-0.698600,1.845496,11.697934,15.644705,0.679135,0.406635,-0.243282,7.728000,23.922831

-1.556017,7.708505,7.997629,15.650587,-0.014733,-0.296293,-0.046632,7.728000,23.922831

-1.194369,4.147110,8.632309,15.638823,-0.223373,-0.246731,0.203310,7.720000,23.922831

-1.175209,0.250413,7.437194,15.644705,0.108639,0.008806,0.240881,7.728000,23.922831

-1.445846,3.859708,10.260922,15.653528,0.261322,-0.062339,0.385303,7.732000,23.922831

-4.195329,5.380546,5.296047,15.641764,0.120897,-0.028499,0.715450,7.732000,23.922831

-4.276759,2.489757,9.525652,15.644705,-0.156491,-0.334664,0.711720,7.732000,23.922831

-2.631381,-2.067966,11.652429,15.635881,0.145411,-0.249396,0.634712,7.740000,23.922831

-3.364257,8.027042,8.081454,15.662352,0.696988,0.022396,0.601671,7.748000,23.922831

-8.796161,4.642879,6.955795,15.659410,-0.337419,-0.186244,0.740231,7.744000,23.922831

-3.038534,-0.954281,8.510163,15.644705,0.113969,-0.492143,0.427671,7.748000,23.922831

-5.895792,3.390284,13.115786,15.644705,0.202168,-0.200101,0.514271,7.748000,23.922831

-6.477782,1.610784,10.567485,15.629999,-0.116255,-0.474290,0.478832,7.740000,23.922831

1.301241,1.900582,9.956755,15.624117,0.148076,-0.551831,0.529460,7.744000,11.769087

-1.256639,-0.882431,9.676538,15.644705,0.139282,-0.590468,0.537187,7.744000,11.769087

0.146842,-0.750705,8.582014,15.629999,0.137417,-0.711708,0.567031,7.732000,11.769087

0.831818,-3.030763,11.187795,15.632940,-0.202322,-0.639764,0.657895,7.732000,11.769087

4.340521,-2.123051,8.447892,15.650587,0.202434,-0.475356,0.783665,7.728000,11.769087

0.180372,3.397469,9.470566,15.641764,0.389757,-0.026367,0.927022,7.728000,11.769087

-1.287775,1.203631,7.798842,15.662352,-0.114656,-0.297359,1.028277,7.720000,11.769087

-2.061366,-0.664484,11.796130,15.632940,-0.282794,-0.187310,0.972587,7.724000,11.769087

-0.593219,-2.386503,11.539863,15.650587,0.117965,-0.067935,0.977650,7.724000,11.769087

0.046251,6.815162,6.536667,15.618235,0.275711,0.242494,0.853212,7.724000,11.769087

-0.423173,-0.207035,10.749507,15.644705,-0.016598,-0.201699,0.725043,7.724000,11.769087

0.803077,1.392838,8.268266,15.635881,0.246933,0.063964,0.637910,7.724000,11.769087

-1.819469,4.230936,5.355922,15.644705,0.105175,0.207587,0.431401,7.728000,11.769087

0.647401,3.921978,7.746151,15.656469,-0.065627,-0.084456,0.253671,7.724000,11.769087

2.345470,2.058653,13.542099,15.624117,-0.090142,-0.090318,0.235019,7.724000,11.769087

1.258131,3.330408,7.173742,15.638823,0.170192,0.098337,0.113512,7.744000,11.769087

0.470170,5.114698,8.241920,15.635881,-0.003275,0.130579,0.081003,7.740000,11.769087

1.428177,1.629945,10.648915,15.644705,-0.006206,0.083948,0.064216,7.736000,11.769087

3.610040,2.410721,10.926738,15.627058,0.113969,0.116990,0.060752,7.744000,11.769087

1.308426,1.960457,10.414204,15.635881,0.021772,0.296852,0.111114,7.744000,11.769087

2.486776,1.241951,10.828542,15.638823,0.156603,0.299783,0.085800,7.744000,11.769087

3.842357,-2.513439,8.237131,15.641764,0.116100,0.246224,0.143355,7.740000,11.769087

3.023261,3.356754,9.841794,15.632940,-0.195661,0.426086,0.315757,7.736000,11.769087

0.841398,4.324342,11.858400,15.615294,-0.066160,0.518282,0.418078,7.728000,11.769087

0.376764,-4.759967,8.019184,15.647646,0.434523,0.363734,0.491888,7.732000,11.769087

-4.511471,2.235884,10.011841,15.650587,0.398550,0.295253,0.653631,7.732000,11.769087

-0.751290,0.291129,9.724438,15.612352,-0.099468,0.074889,0.793790,7.724000,11.769087

-0.047155,-2.563735,8.907737,15.627058,-0.079217,0.281397,1.014155,7.716000,11.769087

-1.644633,0.894674,10.011841,15.627058,0.132621,0.443406,1.136994,7.720000,11.769087

0.158817,3.301668,9.300520,15.644705,0.219488,0.369330,1.156979,7.720000,11.769087

1.274896,1.972432,9.877720,15.629999,0.127292,0.456729,1.053858,7.716000,11.769087

1.780245,3.112462,9.415481,15.644705,0.105708,0.617673,0.887585,7.720000,11.769087

0.709672,4.166270,8.847861,15.629999,0.115834,0.733584,0.561968,7.724000,11.769087

1.128800,3.074141,8.050320,15.644705,0.120897,0.767958,0.170268,7.720000,11.769087

1.648519,3.886053,7.992838,15.647646,-0.025391,0.782613,-0.156148,7.724000,11.769087

1.246156,3.354359,9.475356,15.638823,-0.007538,0.828178,-0.422611,7.724000,11.769087

1.749110,3.591465,9.882509,15.653528,-0.050172,0.816720,-0.856145,7.724000,11.769087

-0.768055,4.685990,7.465934,15.632940,-0.022460,0.811391,-1.248112,7.732000,11.769087

0.187557,3.907608,9.401111,15.653528,-0.183937,0.767958,-1.449557,7.732000,11.769087

-2.183512,4.642879,9.523256,15.629999,-0.109594,0.571575,-1.300072,7.740000,11.769087

-3.682794,2.839429,9.068203,15.641764,-0.021927,0.313106,-1.125272,7.744000,11.769087

-5.756881,1.024005,9.822634,15.644705,-0.052038,0.147633,-1.096761,7.748000,11.769087

-5.304223,1.713770,10.874047,15.650587,-0.013667,-0.019439,-1.064785,7.752000,11.769087

-5.249137,0.183353,10.960268,15.650587,-0.050972,-0.187310,-0.940614,7.752000,11.556144

-1.795519,-0.326786,11.918276,15.647646,0.058811,-0.260321,-0.791928,7.752000,11.556144

-1.266220,0.578531,10.301638,15.650587,0.331402,-0.327203,-0.642176,7.744000,11.556144

-0.157326,-0.554313,8.426337,15.647646,0.208563,-0.549433,-0.476703,7.740000,11.556144

1.804196,-2.997233,8.035949,15.638823,0.027635,-0.647225,-0.312295,7.736000,11.556144

0.580340,-1.093193,10.476475,15.653528,0.056413,-0.217154,-0.158546,7.732000,11.556144

1.116825,0.185748,11.329102,15.635881,0.036161,-0.176652,-0.006396,7.732000,11.556144

1.521583,1.117410,8.263476,15.635881,0.162998,-0.173454,0.050893,7.720000,11.556144

-1.862579,2.585557,7.825187,15.653528,0.050018,-0.101776,-0.061821,7.712000,11.556144

-1.735643,0.173773,10.397439,15.647646,0.016443,-0.176119,-0.121242,7.716000,11.556144

-1.682953,1.253927,9.243039,15.635881,0.114501,-0.223549,-0.127370,7.716000,11.556144

-3.268456,2.348450,9.666958,15.650587,0.052682,-0.146542,-0.057024,7.712000,11.556144

-2.166747,1.816756,8.780800,15.638823,0.000988,-0.218753,0.010391,7.712000,11.556144

-1.553622,3.768697,9.262199,15.624117,0.034563,-0.226214,0.065016,7.712000,11.556144

-1.553622,3.464530,9.381950,15.638823,0.052949,-0.247531,0.155613,7.716000,11.556144

-0.636329,3.830968,8.435918,15.629999,0.060676,-0.296560,0.021582,7.716000,11.556144

-1.172814,2.832244,9.017907,15.612352,0.000988,-0.191574,-0.131634,7.720000,11.556144

-1.354835,4.441698,10.337564,15.624117,0.172857,-0.235806,-0.349867,7.724000,11.556144

-0.004044,5.045243,8.756850,15.624117,-0.025391,-0.267516,-0.406623,7.732000,11.556144

-0.581244,6.551710,5.082890,15.618235,0.061742,-0.230211,-0.393300,7.736000,11.556144

1.334772,3.371124,8.419152,15.627058,-0.079483,-0.163862,-0.338942,7.736000,11.556144

1.631754,2.540052,12.339800,15.612352,0.084391,-0.160131,-0.246746,7.740000,22.917670

3.957318,1.862262,10.280083,15.600588,-0.065894,-0.064205,-0.045833,7.740000,22.917670

2.817289,2.202354,9.997471,15.612352,-0.193796,0.078619,0.166005,7.744000,22.917670

1.797010,2.044283,11.606923,15.621176,-0.036316,0.211850,0.337873,7.740000,22.917670

2.932250,0.348609,9.338840,15.624117,0.014844,0.208120,0.349331,7.740000,22.917670

2.371815,-0.422587,8.100615,15.632940,0.041491,0.336288,0.334676,7.736000,22.917670

-0.368087,-0.453722,11.101574,15.627058,-0.089875,0.371195,0.204908,7.736000,22.917670

-1.354835,-0.446537,10.363909,15.612352,0.011380,0.339486,-0.131634,7.732000,22.917670

-1.831444,1.124595,8.838281,15.609411,-0.045909,0.315238,-0.387171,7.724000,22.917670

-0.480653,0.609666,10.610596,15.609411,-0.131976,0.141771,-0.484963,7.716000,22.917670

1.871256,-2.697856,9.451406,15.624117,0.120364,0.157226,-0.558773,7.724000,22.917670

-0.772846,6.575660,8.282637,15.612352,0.371638,0.386916,-0.665092,7.720000,22.917670

-0.181276,4.834481,9.638218,15.606470,-0.168748,0.175878,-0.619527,7.724000,22.917670

0.575550,1.364097,7.923383,15.609411,-0.114656,0.222242,-0.599275,7.720000,22.917670

0.103732,3.454949,9.643007,15.603529,0.088122,0.181740,-0.532393,7.720000,22.917670

-1.759594,3.478900,10.090877,15.609411,0.121962,0.138840,-0.400228,7.724000,22.917670

-1.704508,2.681358,9.223879,15.609411,-0.041912,0.086080,-0.336810,7.732000,22.917670

-1.132098,1.799991,7.923383,15.612352,0.079595,0.065296,-0.355995,7.732000,22.917670

-1.862579,6.393639,6.802514,15.635881,0.089987,0.030922,-0.207576,7.732000,22.917670

-2.854117,3.409444,9.887300,15.635881,-0.074953,-0.067402,0.025579,7.732000,22.917670

-4.746183,-0.147160,11.422507,15.618235,0.003120,-0.180649,0.111913,7.740000,22.917670

-4.470756,4.372242,8.977192,15.618235,-0.065361,-0.243800,0.207573,7.740000,23.395070

-4.336635,1.105435,11.460827,15.606470,0.104642,-0.417800,0.137227,7.744000,23.395070

-4.691098,-1.644047,10.601015,15.609411,0.281307,-0.483617,0.007726,7.748000,23.395070

-5.141361,-1.811698,8.684999,15.615294,-0.026457,-0.670940,0.090329,7.740000,23.395070

-1.436266,0.243228,8.146120,15.624117,-0.057633,-0.484150,0.259267,7.740000,23.395070

-1.060248,-1.323114,10.169911,15.618235,0.070269,-0.476422,0.246210,7.728000,23.395070

4.589603,-0.640534,9.142448,15.624117,0.061475,-0.356248,0.112712,7.728000,23.395070

6.388263,0.832403,8.455077,15.609411,0.237074,-0.225414,-0.053027,7.720000,23.395070

0.103732,0.851563,8.548483,15.612352,0.053748,-0.063672,-0.020252,7.716000,23.395070

-0.988397,1.629945,8.998747,15.612352,0.033497,-0.147075,-0.140960,7.708000,23.395070

0.731227,1.725745,10.327983,15.629999,-0.018996,-0.123093,-0.256072,7.708000,23.395070

1.880836,3.404654,9.501701,15.603529,0.032964,-0.079659,-0.219033,7.708000,23.395070

1.358722,3.926768,8.670630,15.600588,0.012446,-0.023969,-0.021318,7.708000,23.395070

-0.559689,3.739957,8.538903,15.606470,0.009782,-0.023436,0.123371,7.704000,23.395070

-1.601522,2.865775,9.671748,15.618235,-0.067226,-0.004784,0.037303,7.712000,23.395070

-0.360902,3.203472,8.143725,15.606470,0.026835,-0.098845,-0.214504,7.712000,23.395070

-1.201554,4.975787,7.889853,15.600588,-0.114390,-0.003718,-0.534259,7.712000,23.395070

-2.638566,3.119647,9.523256,15.600588,-0.051238,0.013069,-0.911569,7.720000,23.395070

-1.982330,3.318433,10.122011,15.627058,-0.050972,-0.166793,-1.192421,7.720000,23.395070

-0.923732,5.016502,9.240644,15.594706,0.050018,-0.252594,-1.117278,7.720000,23.395070

-0.696205,3.584280,9.504096,15.609411,0.083858,-0.370104,-0.821505,7.736000,23.395070

-1.306935,4.508758,9.391530,15.609411,0.035096,-0.479087,-0.454053,7.736000,23.395070

0.249828,5.433236,9.044252,15.615294,0.129690,-0.472692,-0.106053,7.736000,23.395070

3.677101,5.212894,7.015671,15.603529,0.173656,-0.529182,0.291775,7.740000,23.395070

2.101178,1.304222,8.893367,15.612352,-0.063495,-0.255791,0.553708,7.736000,23.395070

3.437599,-0.343551,11.254856,15.621176,-0.071223,-0.095647,0.472703,7.740000,23.395070

2.316730,-0.276491,10.785432,15.603529,-0.046975,-0.033295,0.501748,7.740000,23.395070

1.801800,0.501890,10.074111,15.615294,0.036694,0.155094,0.412216,7.740000,23.395070

1.193465,-2.784076,7.590475,15.618235,-0.157024,0.226772,0.217699,7.740000,23.395070

-2.317633,-0.683644,9.671748,15.603529,0.020973,0.267275,0.131365,7.732000,23.395070

-2.423014,0.873118,11.985336,15.600588,0.022039,0.175612,0.018651,7.732000,23.395070

-1.347650,-1.497951,11.139894,15.609411,-0.017664,0.079685,-0.156948,7.724000,23.395070

-1.031508,2.140084,7.913803,15.600588,0.168860,0.152696,-0.248611,7.724000,23.395070

-3.438502,3.268138,7.549760,15.606470,0.007650,-0.021038,-0.126305,7.716000,23.395070

-1.457821,-0.410612,11.391372,15.591763,-0.058966,-0.265917,0.083401,7.716000,23.395070

-1.441056,1.517379,7.683881,15.615294,0.042823,-0.062606,0.216633,7.720000,23.395070

-1.067433,4.053705,9.530441,15.609411,-0.075753,-0.104707,0.554241,7.720000,23.395070

3.404068,0.401300,7.925778,15.606470,0.183782,-0.173454,0.962195,7.720000,23.395070

-1.414711,4.475228,9.190349,15.585880,0.100379,0.011204,1.259034,7.720000,23.395070

-0.636329,0.624036,9.947175,15.624117,-0.152227,0.082883,1.256103,7.724000,23.395070

1.006654,4.151900,9.089758,15.588821,-0.016065,0.332025,1.245444,7.724000,23.395070

-0.135770,5.512271,6.723478,15.624117,0.134220,0.533471,1.001365,7.720000,23.395070

-1.999095,2.120924,8.744875,15.606470,0.125426,0.418892,0.578222,7.724000,23.395070

-3.019374,5.222474,8.426337,15.597647,-0.005407,0.622203,0.127634,7.732000,23.395070

-4.578532,5.332645,9.362790,15.603529,-0.223373,0.430083,-0.273392,7.732000,23.395070

-0.344137,1.486243,10.368698,15.597647,-0.001410,0.227838,-0.395965,7.736000,11.374693

-3.474427,3.608231,9.944780,15.609411,-0.171413,0.108996,-0.142026,7.744000,11.374693

-1.532067,-0.032199,9.480146,15.606470,0.055880,-0.012777,0.144421,7.740000,11.374693

-2.693651,2.216724,9.516071,15.597647,-0.031254,-0.036226,0.123637,7.736000,11.374693

-1.647028,-1.739848,10.771062,15.615294,-0.242825,-0.062872,0.105518,7.732000,11.374693

-0.844696,-1.969770,11.084809,15.618235,0.004719,-0.036226,-0.068482,7.728000,11.374693

0.752782,-0.841716,11.103970,15.600588,-0.031520,-0.153203,-0.316026,7.728000,11.374693

1.943107,-0.700409,9.338840,15.597647,0.004452,0.014668,-0.462314,7.720000,11.374693

2.012562,-0.508808,11.202166,15.609411,0.020440,0.025060,-0.608069,7.720000,11.374693

1.583854,1.445528,8.816726,15.582939,0.167794,-0.003185,-0.712522,7.716000,11.374693

-0.612379,0.784503,7.655141,15.597647,0.060143,-0.000254,-0.660029,7.712000,11.374693

-3.139125,1.306617,9.319680,15.594706,-0.130644,-0.088719,-0.574494,7.704000,11.374693

-2.152377,0.391720,11.875166,15.603529,-0.006739,-0.203565,-0.603006,7.708000,11.374693

-2.138007,0.731812,8.823911,15.603529,0.293298,-0.302156,-0.487095,7.696000,11.374693

-2.142797,4.499178,6.100773,15.591763,0.098780,-0.428725,-0.329615,7.696000,11.374693

-0.619564,1.886212,6.551037,15.597647,-0.144500,-0.457770,-0.209974,7.696000,11.374693

0.185162,0.863538,10.972243,15.597647,0.162998,-0.388223,-0.048764,7.704000,11.374693

-0.265101,6.206827,11.120734,15.600588,0.042557,-0.462033,0.163074,7.704000,11.374693

-0.538134,7.701320,7.027646,15.597647,0.226682,-0.390355,0.290976,7.708000,11.374693

-0.063920,6.367293,6.342670,15.597647,-0.006473,-0.504934,0.397294,7.712000,11.374693

2.086808,4.662040,10.660891,15.597647,0.058011,-0.253659,0.511074,7.720000,11.374693

1.811381,4.887171,8.464658,15.591763,-0.052038,-0.142012,0.382106,7.720000,22.056734

-0.732130,2.087393,11.676379,15.582939,-0.449067,-0.107372,0.207040,7.716000,22.056734

1.614989,5.485926,9.650192,15.591763,0.282906,-0.108970,0.221695,7.724000,22.056734

2.580182,1.970037,10.610596,15.603529,0.206964,-0.141212,0.130032,7.732000,22.056734

2.225719,1.062325,9.496911,15.594706,0.047619,0.042114,0.115643,7.732000,22.056734

1.167120,0.980894,9.693303,15.603529,-0.179940,0.214515,0.189720,7.732000,22.056734

2.017352,-1.126723,9.563972,15.594706,-0.146898,0.187336,0.352529,7.728000,22.056734

0.395924,3.787857,12.792459,15.594706,-0.001410,0.396242,0.310694,7.736000,22.056734

2.731068,1.874237,11.204560,15.574116,-0.236430,0.104200,0.130299,7.720000,22.056734

-1.742828,-1.854809,10.648915,15.579998,0.040691,0.412497,0.134562,7.716000,22.056734

-1.405131,2.868170,8.905341,15.582939,0.367374,0.112726,0.066081,7.716000,22.056734

0.189952,2.647828,7.722201,15.585880,-0.015799,0.072757,-0.059156,7.716000,22.056734

-0.636329,-6.707118,11.590158,15.597647,0.082259,-0.038624,-0.017055,7.708000,22.056734

-0.133375,5.358990,5.849296,15.594706,0.401215,0.120187,0.200911,7.712000,22.056734

-0.495023,2.746024,6.038503,15.574116,-0.262277,0.085547,0.605401,7.708000,22.056734

1.102455,-5.586249,14.586328,15.577057,-0.204721,0.175612,0.991239,7.704000,22.056734

-0.691415,6.369689,8.450288,15.574116,0.317279,0.520148,1.145254,7.708000,22.056734

-0.729735,3.229818,3.566843,15.582939,-0.179673,0.284861,1.081303,7.700000,22.056734

2.091598,2.995106,9.887300,15.582939,0.126492,0.499363,0.698397,7.696000,22.056734

-2.954708,-0.355527,9.662168,15.571175,-0.037382,0.482843,0.339738,7.708000,22.056734

-2.341583,8.168348,6.141489,15.559410,0.232278,0.764227,-0.205177,7.712000,22.056734

-3.570228,4.669225,9.266990,15.574116,-0.141036,0.455131,-0.684810,7.716000,22.056734

-1.081803,3.778277,10.004656,15.585880,0.034829,0.390913,-0.685876,7.712000,22.056734

-6.578373,3.107671,7.930568,15.577057,0.031632,0.436212,-0.671220,7.716000,22.114767

-0.861461,3.313643,7.166557,15.568233,0.034563,0.004809,-0.744498,7.716000,22.114767

-2.796637,3.581886,7.281518,15.574116,-0.244690,0.119921,-0.481233,7.720000,22.114767

-5.088671,-3.809145,12.648757,15.582939,-0.318767,-0.170790,-0.261401,7.720000,22.114767

-9.291930,0.568951,7.252778,15.579998,-0.046975,-0.143877,-0.266997,7.728000,22.114767

-6.470597,-2.288307,12.758928,15.553528,-0.473848,-0.579810,-0.268063,7.724000,22.114767

-1.067433,3.610626,8.584409,15.565292,0.597065,-0.034094,-0.268596,7.724000,22.114767

-0.715365,1.632339,8.320956,15.582939,-0.046975,-0.648024,-0.290712,7.716000,22.114767

-1.972750,-4.788708,12.512241,15.588821,-0.277198,-0.615782,-0.187324,7.712000,22.114767

3.032840,-2.302677,10.071716,15.571175,0.329803,-0.523852,-0.301370,7.700000,22.114767

1.959872,-3.344511,11.448853,15.562351,0.107840,-0.551565,-0.345337,7.700000,22.114767

2.383790,2.219119,10.418994,15.579998,-0.009404,-0.190774,-0.132433,7.692000,22.114767

-0.142955,0.885094,5.183481,15.565292,0.137950,-0.073797,0.101254,7.680000,22.114767

0.350419,1.766461,7.669511,15.553528,-0.098136,-0.188909,0.155879,7.684000,22.114767

1.823356,-0.245356,15.352734,15.565292,0.101178,-0.098312,0.398360,7.680000,22.114767

-1.714088,4.700360,6.311535,15.559410,0.267184,0.006941,0.681343,7.684000,22.114767

-1.742828,2.353240,7.348578,15.568233,-0.231100,-0.152670,0.502547,7.672000,22.114767

0.235458,-0.911171,11.736255,15.553528,-0.208451,-0.118563,0.595809,7.680000,22.114767

-0.535739,2.015543,8.632309,15.568233,0.335932,0.089278,0.612862,7.688000,22.114767

-4.976105,8.541971,7.226432,15.579998,0.028701,0.167884,0.390100,7.680000,22.114767

-1.594337,0.109107,8.946056,15.547646,-0.367263,-0.132419,0.364519,7.684000,22.114767

-3.639684,3.744747,10.066926,15.574116,0.263987,0.052506,0.258734,7.696000,22.114767

-4.128268,6.712176,7.200087,15.568233,-0.211116,-0.150006,-0.226494,7.696000,22.114767

-0.617169,2.080208,8.471843,15.556469,-0.093606,-0.138015,-0.341340,7.704000,22.114767

-0.969237,3.481295,11.369817,15.577057,-0.192996,-0.268848,-0.252341,7.704000,20.851174

0.532440,4.348292,11.520702,15.562351,-0.157290,-0.229411,-0.241683,7.708000,20.851174

-1.036298,6.118211,6.148674,15.562351,0.136351,-0.125225,0.125236,7.716000,20.851174

1.734740,5.960140,7.782077,15.556469,-0.252684,-0.250195,0.311760,7.712000,20.851174

5.279369,-0.132790,11.377002,15.585880,-0.205520,-0.162796,0.501481,7.712000,20.851174

3.380118,1.045560,9.882509,15.582939,0.178186,0.092475,0.636045,7.720000,20.851174

0.918038,4.820111,8.534113,15.565292,0.157402,0.155627,0.500415,7.716000,20.851174

3.147801,1.596414,10.941108,15.556469,-0.275600,0.187869,0.490023,7.716000,20.851174

1.073714,-2.889457,10.780642,15.571175,-0.038981,0.235033,0.533989,7.712000,20.851174

0.805472,0.571346,7.849137,15.553528,0.035629,0.362402,0.289377,7.708000,20.851174

0.676141,-0.980627,10.677656,15.541763,0.031898,0.268074,0.120440,7.704000,20.851174

-0.495023,0.451595,11.235696,15.562351,0.310351,0.253152,0.097524,7.700000,20.851174

-0.669860,-0.662089,9.132869,15.565292,0.011114,0.169749,-0.038905,7.696000,20.851174

-1.170419,-0.274096,8.498188,15.556469,0.034296,0.142037,-0.068482,7.696000,20.851174

-3.567833,2.844219,8.297007,15.550587,-0.009404,0.209452,0.042100,7.696000,20.851174

-1.426686,3.557935,9.389135,15.547646,0.043356,0.061299,0.109248,7.692000,20.851174

1.507213,3.493270,9.056228,15.550587,0.299426,0.158558,0.220363,7.696000,20.851174

-0.399222,5.306300,7.655141,15.565292,-0.109860,-0.011712,0.514538,7.692000,20.851174

1.492843,-0.264516,9.432246,15.571175,-0.053636,-0.020505,0.769809,7.700000,20.851174

0.022301,4.762630,9.920830,15.574116,0.123828,0.371994,1.011224,7.700000,20.851174

1.789825,4.805741,7.755732,15.565292,0.176321,0.276334,1.050927,7.704000,20.851174

0.233063,3.387889,9.508886,15.582939,-0.176476,0.393045,0.948605,7.712000,20.851174

0.958754,5.073983,7.667116,15.577057,0.230413,0.612610,0.564899,7.716000,21.702762

-0.054340,7.382782,5.085285,15.559410,0.147276,0.546527,-0.027181,7.712000,21.702762

-1.975145,4.199801,8.325747,15.562351,-0.242292,0.471918,-0.337076,7.720000,21.702762

-3.371442,-0.128000,10.433364,15.553528,-0.101600,0.479645,-0.460715,7.728000,21.702762

-8.235726,4.032149,9.084968,15.562351,-0.139704,0.617406,-0.416216,7.728000,21.702762

-6.231095,0.825218,10.452524,15.547646,-0.183937,-0.010646,-0.555043,7.724000,21.702762

-6.010753,1.677845,11.350657,15.559410,-0.132509,0.045311,-0.317625,7.728000,21.702762

-3.757040,1.301827,10.622570,15.559410,0.059877,-0.350918,-0.205710,7.732000,21.702762

-0.054340,-0.432167,7.724597,15.568233,-0.089342,-0.308551,-0.207576,7.732000,21.702762

-0.073500,-1.160253,11.851215,15.553528,-0.113590,-0.124958,-0.259802,7.720000,21.702762

6.294857,3.840548,6.948610,15.550587,0.131555,-0.158799,-0.019986,7.720000,21.702762

3.181332,-4.716857,9.765154,15.553528,-0.008604,-0.162796,-0.042902,7.716000,21.702762

0.680931,1.371283,10.560300,15.544704,0.240272,0.170815,-0.206510,7.708000,21.702762

-1.620682,-0.750705,9.980705,15.550587,-0.094405,-0.183047,-0.456185,7.700000,21.702762

1.533558,0.446805,11.398557,15.538822,0.085990,0.121786,-0.562770,7.696000,21.702762

-1.615892,0.442015,6.994115,15.559410,-0.013401,0.091676,-0.450056,7.692000,21.702762

-2.803822,4.647669,9.437036,15.559410,0.139282,0.010138,-0.433536,7.688000,21.702762

-2.185907,0.681517,9.214299,15.553528,0.034030,-0.193439,-0.365588,7.692000,21.702762

-3.182235,4.104000,9.817844,15.550587,0.057212,-0.208627,-0.144158,7.696000,21.702762

0.225878,2.499337,8.114985,15.544704,-0.045376,-0.253926,0.029842,7.700000,21.702762

-0.111820,1.874237,9.456196,15.547646,0.048152,-0.167326,0.184391,7.704000,21.702762

0.479750,4.159085,6.426496,15.568233,-0.050705,-0.159598,0.093261,7.692000,21.702762

-0.880621,2.638248,13.374448,15.562351,-0.003808,-0.053813,0.026645,7.696000,21.702762

-1.699718,3.138807,7.624006,15.544704,0.128890,-0.150006,-0.164409,7.708000,22.195503

-2.530790,6.740916,7.640771,15.553528,0.020174,-0.048217,-0.374115,7.704000,22.195503

0.189952,2.858590,9.678933,15.571175,-0.085079,-0.313347,-0.418347,7.704000,22.195503

-1.043483,5.574542,7.964098,15.556469,0.255727,-0.204364,-0.277655,7.720000,22.195503

-0.506998,4.743470,9.532837,15.559410,-0.166084,-0.250195,-0.036240,7.724000,22.195503

0.012721,3.117252,10.069321,15.562351,-0.037382,-0.283770,0.356792,7.720000,22.195503

0.946778,0.913834,9.140054,15.565292,0.157935,-0.246998,0.556106,7.728000,22.195503

5.775138,2.736444,8.443103,15.547646,-0.053103,-0.161730,0.900375,7.720000,22.195503

0.934803,1.984407,10.524375,15.553528,0.050817,0.201458,0.951003,7.720000,22.195503

-0.396827,-1.102773,11.444062,15.574116,-0.030454,0.168417,0.808179,7.716000,22.195503

-1.021928,-0.841716,7.123446,15.547646,0.083858,0.196396,0.300568,7.720000,22.195503

-1.575177,0.262388,12.243999,15.565292,-0.252950,0.207321,-0.034908,7.716000,22.195503

-1.747618,-3.514557,11.729070,15.553528,0.000455,0.127648,-0.146556,7.708000,22.195503

-2.609826,1.194051,8.570039,15.541763,0.114501,0.252619,-0.391168,7.712000,22.195503

-3.903136,2.738839,7.494675,15.550587,-0.139970,0.173480,-0.481233,7.704000,22.195503

-3.591784,-0.915961,10.754296,15.550587,-0.180206,-0.096180,-0.212905,7.696000,22.195503

1.164725,-1.442865,10.713581,15.568233,0.070002,-0.097246,-0.040770,7.708000,22.195503

-0.375272,3.371124,10.778247,15.562351,0.085990,-0.143344,-0.095395,7.704000,22.195503

3.284317,4.238121,7.815607,15.571175,0.087056,-0.160931,0.142023,7.704000,22.195503

2.472406,6.017621,6.967770,15.559410,0.044155,0.005076,0.257401,7.704000,22.195503

2.014957,-1.097983,10.744717,15.565292,-0.069624,0.123118,0.309628,7.712000,22.195503

2.180214,5.639207,8.696975,15.547646,0.263454,0.311241,0.261132,7.712000,22.195503

-1.675768,4.860826,7.856322,15.550587,-0.072555,0.239296,0.177196,7.712000,22.527830

-0.298632,0.080367,9.231064,15.538822,-0.037649,0.173213,0.050360,7.716000,22.527830

-1.735643,6.139767,9.405901,15.556469,0.318878,0.432481,-0.048764,7.720000,22.527830

-4.477941,3.045401,10.260922,15.538822,-0.423753,0.167618,-0.022651,7.720000,22.527830

-2.930758,3.284903,8.845466,15.550587,-0.064295,0.135109,0.189187,7.732000,22.527830

-4.403695,4.664434,11.300361,15.541763,0.065472,0.125517,0.594743,7.736000,22.527830

-5.340147,3.100487,11.764995,15.529999,0.179252,-0.031963,0.834826,7.736000,22.527830

-5.045560,1.481453,9.561577,15.544704,-0.102932,-0.180116,0.697065,7.728000,22.527830

-2.511630,0.362979,9.460986,15.527058,0.178719,-0.187577,0.454850,7.732000,22.527830

-3.553463,-1.775773,10.004656,15.544704,-0.070690,-0.326404,0.344002,7.732000,22.527830

-1.544042,-1.869179,9.614267,15.538822,-0.006473,-0.171323,0.373579,7.732000,22.527830

-0.942892,2.556817,9.420271,15.547646,0.084658,-0.176385,0.332011,7.720000,22.527830

3.516634,0.475545,8.641890,15.550587,0.061475,-0.113234,0.240881,7.720000,22.527830

4.206400,-2.453564,9.769943,15.532940,-0.036316,-0.136949,0.135095,7.712000,22.527830

1.576669,3.447764,10.316008,15.541763,0.078795,0.144702,0.232354,7.708000,22.527830

-0.703390,0.166588,10.567485,15.541763,-0.096803,0.213716,0.101787,7.708000,22.527830

-0.988397,3.878868,8.634704,15.535881,0.109439,0.243293,-0.064219,7.704000,22.527830

0.601896,3.689661,7.959308,15.529999,0.009782,0.107131,-0.120442,7.708000,22.527830

1.444943,1.649105,10.157937,15.524117,-0.131976,0.089544,-0.022651,7.704000,22.527830

-1.117728,0.271969,8.311377,15.562351,-0.050705,0.142570,-0.140960,7.708000,22.527830

-1.330885,3.809412,9.005932,15.553528,0.070802,0.036785,-0.180929,7.712000,22.527830

0.000746,3.816597,5.973837,15.559410,0.266119,-0.035427,-0.131367,7.712000,23.055072

-3.009794,4.650064,7.219247,15.550587,-0.119186,-0.056211,-0.124706,7.708000,23.055072

-1.769174,0.042047,11.228511,15.527058,-0.289456,-0.189442,-0.107386,7.712000,23.055072

1.061739,4.633299,8.330537,15.541763,0.154737,-0.080725,-0.261667,7.720000,23.055072

-1.599127,4.925492,11.027328,15.532940,-0.188466,-0.139614,-0.623790,7.716000,23.055072

2.170634,4.860826,10.447734,15.565292,-0.014466,-0.171856,-0.586485,7.724000,23.055072

2.201769,4.800951,8.399992,15.544704,0.201368,-0.108171,-0.401027,7.724000,23.055072

0.391134,2.334080,6.994115,15.524117,-0.117321,-0.142545,-0.127104,7.728000,23.055072

3.327428,2.695728,9.803473,15.553528,-0.317701,-0.225681,0.161208,7.724000,23.055072

3.636385,2.001173,11.549443,15.547646,-0.119453,0.021330,0.470838,7.732000,23.055072

3.353773,2.664593,10.828542,15.541763,-0.001943,0.030656,0.628850,7.732000,23.055072

1.593434,1.071905,11.034513,15.538822,0.019108,0.111661,0.607267,7.728000,23.055072

2.153868,-2.609240,6.289979,15.535881,-0.035783,0.159091,0.469239,7.724000,23.055072

-1.944010,-1.299164,9.700488,15.544704,0.102777,0.382120,0.405288,7.724000,23.055072

-0.176486,-2.590080,11.075230,15.547646,-0.088010,0.214782,0.290709,7.720000,23.055072

0.158817,1.725745,9.928015,15.535881,0.028168,0.315238,0.159610,7.724000,23.055072

-0.023204,2.930440,6.395360,15.544704,0.104109,0.383985,-0.018387,7.712000,23.055072

-1.833839,-3.416362,10.742321,15.547646,-0.178341,0.168950,-0.010393,7.704000,23.055072

-1.132098,1.982013,11.434483,15.538822,0.048419,0.247024,0.104985,7.704000,23.055072

-2.772687,2.427486,10.229787,15.529999,0.136618,0.267008,0.104718,7.708000,23.055072

-0.669860,2.393956,7.990444,15.529999,0.033497,0.087679,0.232354,7.708000,23.055072

0.486935,3.050191,11.444062,15.544704,-0.069624,0.171082,0.384504,7.704000,23.055072

1.780245,5.318275,7.738966,15.529999,0.102777,0.252619,0.374378,7.712000,23.062501

1.215021,7.500138,7.820397,15.562351,-0.146099,0.410099,0.413548,7.708000,23.062501

2.014957,2.360425,9.022697,15.562351,0.156603,0.397308,0.400225,7.716000,23.062501

-1.639843,3.943534,6.804909,15.541763,0.040158,0.568910,0.227558,7.716000,23.062501

0.031881,2.698123,12.157778,15.538822,-0.056567,0.368530,0.217699,7.724000,23.062501

-3.014584,6.951678,6.457631,15.550587,-0.066427,0.644053,-0.091931,7.728000,23.062501

-4.348610,4.422538,8.414362,15.529999,-0.222041,0.397575,-0.362390,7.732000,23.062501

0.956359,-0.892011,9.899275,15.527058,0.099313,0.276334,-0.611533,7.728000,23.062501

-6.446647,3.078931,11.276411,15.544704,0.121696,0.481777,-0.564369,7.736000,23.062501

-8.197406,5.279954,7.947333,15.538822,-0.081881,0.280331,-0.416482,7.736000,23.062501

-6.358031,0.971314,8.354486,15.527058,-0.026990,-0.333865,-0.522268,7.736000,23.062501

0.613871,-1.701528,9.791499,15.535881,0.150740,-0.373568,-0.240617,7.736000,23.062501

-3.225345,-1.002182,9.561577,15.529999,-0.338485,-0.412471,-0.134565,7.724000,23.062501

2.925065,-5.725160,9.147239,15.527058,-0.078417,-0.551565,-0.239285,7.728000,23.062501

4.019588,5.093143,9.197534,15.529999,-0.014999,-0.276309,-0.499086,7.712000,23.062501

2.276014,-3.801960,12.253579,15.547646,-0.499428,-0.309350,-0.446060,7.700000,23.062501

-0.562084,-3.473842,10.524375,15.506470,0.466232,0.141238,-0.660562,7.712000,23.062501

-3.757040,4.779396,8.234735,15.518234,0.260789,-0.117231,-0.927024,7.704000,23.062501

-1.670978,3.404654,9.058622,15.521175,-0.227103,-0.338128,-0.817775,7.700000,23.062501

-0.526159,1.649105,10.031001,15.529999,0.075065,-0.432456,-0.514007,7.700000,23.062501

-0.832721,0.216883,9.556787,15.521175,0.281840,-0.424728,-0.309897,7.704000,23.062501

-2.921178,3.189102,7.889853,15.527058,0.068936,-0.374633,0.013055,7.708000,23.073039

-0.528554,4.535103,7.042016,15.527058,-0.135440,-0.509463,0.444991,7.704000,23.073039

-0.358507,3.569910,9.393926,15.538822,-0.078151,-0.316545,0.602204,7.712000,23.073039

-1.251849,4.489598,9.971126,15.535881,0.234942,-0.300024,0.692268,7.712000,23.073039

-1.407526,6.587635,7.868298,15.535881,0.255727,-0.337595,0.506544,7.716000,23.073039

-1.704508,4.420143,7.207272,15.515293,-0.172479,-0.335996,0.360256,7.716000,23.073039

-0.756080,1.560489,9.065807,15.521175,-0.093073,-0.300557,0.217699,7.724000,23.073039

-0.777636,7.507323,11.027328,15.521175,0.202701,-0.248064,0.059953,7.732000,23.073039

0.515675,2.008358,9.961545,15.518234,-0.167949,-0.393286,-0.102856,7.736000,23.073039

0.975519,2.140084,11.611713,15.529999,0.023638,-0.185445,-0.000534,7.736000,23.073039

2.616107,5.081168,8.103010,15.512352,0.136884,-0.126290,0.184391,7.740000,23.073039

2.865189,2.137689,9.396320,15.521175,-0.336353,-0.092716,0.340271,7.728000,23.073039

1.820961,1.107830,11.942226,15.515293,0.008449,0.035452,0.479631,7.732000,23.073039

0.520465,-0.092074,12.260764,15.521175,-0.064828,0.074622,0.435132,7.732000,23.073039

1.277291,-0.072914,7.973679,15.521175,0.064673,0.148432,0.326682,7.732000,23.073039

-0.322582,-1.014157,9.444221,15.515293,-0.045643,0.126849,0.329080,7.724000,23.073039

0.307308,-0.025014,13.336127,15.527058,-0.055768,0.068494,0.312026,7.720000,23.073039

-0.415988,0.767738,9.204719,15.532940,0.183249,0.344016,0.134296,7.720000,23.073039

-2.617011,1.768856,8.550879,15.527058,0.087855,0.134843,0.109515,7.720000,23.073039

0.096547,0.841983,8.744875,15.512352,-0.086411,0.082350,0.258467,7.720000,23.073039

-1.000372,1.742511,10.596226,15.500587,0.101445,0.189201,0.400492,7.720000,23.073039

1.085690,4.609349,9.906460,15.506470,-0.152494,0.078086,0.484960,7.712000,23.493470

2.024537,1.577254,7.358159,15.509411,0.038027,0.150564,0.477233,7.716000,23.493470

2.070043,3.038216,6.998906,15.518234,0.037494,0.257149,0.530526,7.716000,23.493470

0.494120,2.609508,11.353051,15.485882,-0.195661,0.371994,0.610198,7.716000,23.493470

0.642611,3.593861,10.852492,15.515293,0.007650,0.470852,0.563833,7.716000,23.493470

-1.014742,4.149505,8.502978,15.515293,0.012180,0.543063,0.441261,7.728000,23.493470

-0.782426,2.992711,6.888734,15.527058,-0.054702,0.468454,0.272323,7.724000,23.493470

-1.970355,4.070470,8.878996,15.518234,-0.198592,0.582233,0.096725,7.720000,23.493470

-2.578690,3.675291,9.848979,15.497646,-0.080549,0.536135,-0.095395,7.732000,23.493470

-2.688861,2.827454,10.081296,15.524117,-0.003009,0.455930,-0.280586,7.728000,23.493470

-3.795360,2.358031,8.419152,15.518234,-0.050172,0.215847,-0.359992,7.732000,23.493470

-6.583163,2.393956,8.512558,15.506470,-0.137039,0.007207,-0.315226,7.728000,23.493470

-4.300709,-0.168715,11.204560,15.515293,-0.007005,-0.188909,-0.321622,7.740000,23.493470

-1.824259,2.156849,9.156818,15.506470,-0.006206,-0.249929,-0.207842,7.736000,23.493470

-1.290170,3.095696,10.289662,15.500587,-0.009937,-0.314146,0.023980,7.736000,23.493470

-2.006281,-0.791420,10.373488,15.518234,0.008183,-0.348254,-0.065018,7.732000,23.493470

2.206559,-1.747033,11.664404,15.509411,0.161132,-0.268315,-0.146023,7.724000,23.493470

3.420834,1.146151,8.050320,15.506470,0.274112,-0.225681,-0.109517,7.728000,23.493470

0.702486,2.657408,7.444379,15.515293,0.153405,-0.238471,0.031708,7.716000,23.493470

-0.241151,0.319869,10.787827,15.509411,0.136884,-0.320275,0.005861,7.720000,23.493470

0.599501,5.014107,9.599897,15.509411,0.164863,-0.312281,0.093261,7.716000,23.493470

1.452128,2.302945,7.784472,15.503529,0.088122,-0.241935,0.196648,7.712000,23.557561

0.994679,0.034862,9.671748,15.512352,0.041757,-0.246199,0.391166,7.712000,23.557561

0.506095,0.844378,10.263317,15.506470,0.092385,-0.211825,0.474302,7.716000,23.557561

0.333654,2.257440,10.272898,15.503529,0.064140,-0.168392,0.340005,7.712000,23.557561

1.823356,2.860985,9.046648,15.506470,0.076397,-0.099911,0.150284,7.712000,23.557561

1.557508,5.751773,8.423943,15.497646,0.065206,-0.014110,0.039702,7.712000,23.557561

0.824632,4.242911,8.649075,15.509411,-0.086411,-0.044486,-0.121242,7.716000,23.557561

0.573155,3.850127,8.953242,15.494705,0.310085,-0.054878,-0.256605,7.720000,23.557561

-0.114215,5.112303,8.670630,15.518234,0.039359,-0.131087,-0.380510,7.724000,23.557561

2.278409,1.845496,7.731781,15.503529,0.004985,-0.074064,-0.397830,7.716000,23.557561

0.388739,6.355319,9.654983,15.500587,0.049751,-0.001852,-0.240350,7.728000,23.557561

3.622015,3.747142,9.848979,15.521175,-0.212714,-0.095114,-0.244347,7.728000,23.557561

4.318966,2.590347,10.275292,15.512352,0.027635,0.143903,-0.087667,7.732000,23.557561

3.250787,4.575819,10.363909,15.509411,-0.019796,0.106864,0.018385,7.728000,23.557561

4.283041,3.131622,8.718530,15.500587,-0.050172,0.197994,0.082869,7.728000,23.557561

1.971847,0.073182,9.353210,15.500587,-0.225238,0.255817,0.120173,7.728000,23.557561

1.133590,-3.485817,12.421230,15.503529,-0.188999,0.317903,0.048495,7.724000,23.557561

0.472565,1.134176,8.488607,15.503529,0.084391,0.648050,-0.120442,7.724000,23.557561

-1.687743,1.996382,8.977192,15.503529,-0.051771,0.330160,-0.200115,7.724000,23.557561

-0.988397,-2.266752,11.065649,15.494705,0.003387,0.199327,-0.114847,7.716000,23.557561

-2.959498,0.602481,9.118498,15.521175,-0.004874,0.194797,-0.128436,7.712000,23.557561

-2.545160,2.894515,8.864626,15.524117,0.038826,0.106864,-0.146289,7.712000,23.557561

0.702486,1.452713,8.514953,15.497646,-0.003275,-0.011978,-0.090599,7.704000,22.905081

0.661771,0.638407,10.143566,15.503529,-0.075486,0.025593,-0.002666,7.704000,22.905081

-1.021928,3.026241,8.507768,15.515293,-0.016332,0.108729,0.089530,7.712000,22.905081

-1.115333,2.238280,9.480146,15.509411,-0.074953,0.036518,0.183325,7.704000,22.905081

1.329982,4.108790,7.882668,15.506470,0.029500,0.120987,0.450320,7.704000,22.905081

-0.135770,0.676727,9.607082,15.512352,-0.110659,0.200126,0.843086,7.712000,22.905081

0.542020,4.257281,7.882668,15.497646,0.059610,0.333624,1.057322,7.708000,22.905081

1.119220,2.494547,9.990285,15.497646,-0.080283,0.313106,0.884388,7.716000,22.905081

-1.920060,6.999578,8.103010,15.497646,0.018308,0.613409,0.382905,7.720000,22.905081

-2.056576,1.893397,12.188913,15.500587,-0.105064,0.461259,0.011457,7.720000,22.905081

-3.364257,4.647669,7.027646,15.491764,-0.042978,0.450601,-0.225695,7.724000,22.905081

-5.256322,5.581727,7.113866,15.497646,-0.167682,0.304046,-0.458317,7.724000,22.905081

-4.209699,0.844378,12.749348,15.485882,-0.179140,0.164953,-0.544651,7.732000,22.905081

-3.388207,3.220237,13.712146,15.485882,-0.157024,0.089011,-0.453521,7.732000,22.905081

-4.310289,2.245465,9.602292,15.497646,0.248799,-0.060741,-0.532393,7.736000,22.905081

-3.263666,-1.785353,10.842913,15.474117,0.065739,-0.368505,-0.460981,7.732000,22.905081

-3.309171,-1.960190,9.506492,15.485882,0.240272,-0.234741,-0.346669,7.732000,22.905081

-2.494864,1.335357,6.555827,15.477058,0.111570,-0.556894,-0.299772,7.724000,22.905081

0.110917,-0.551918,9.834609,15.480000,0.113702,-0.564355,-0.286449,7.720000,22.905081

2.572997,-1.744638,10.517190,15.491764,0.079595,-0.364774,-0.048498,7.720000,22.905081

2.491566,3.641761,9.681328,15.491764,0.539243,-0.140413,0.084467,7.716000,22.905081

-5.407208,3.744747,6.402545,15.497646,-0.222840,-0.229411,0.192651,7.704000,22.911281

0.815052,-7.095111,11.039304,15.497646,-0.381918,-0.498805,-0.015190,7.704000,22.911281

0.223483,4.580609,7.362948,15.482941,0.666878,0.138307,0.001597,7.708000,22.911281

-2.274523,6.542130,12.533796,15.494705,-0.340616,-0.421531,-0.032776,7.704000,22.911281

0.582735,-2.918198,9.585527,15.474117,0.419601,-0.397016,0.249940,7.704000,22.911281

-1.472191,7.049874,5.851691,15.497646,0.054281,-0.308551,0.294440,7.700000,22.911281

-0.641119,1.570069,11.206955,15.477058,-0.356604,-0.377565,0.382905,7.704000,22.911281

2.783759,1.946087,10.929133,15.480000,0.106774,-0.358646,0.596875,7.696000,22.911281

1.035394,1.754486,10.292058,15.465292,0.020440,-0.089252,0.504679,7.704000,22.911281

-0.183671,3.486085,8.802356,15.477058,0.266119,0.031189,0.298703,7.712000,22.911281

0.163607,2.741234,4.642206,15.494705,-0.150895,-0.208627,0.097257,7.708000,22.911281

-1.572782,6.008040,7.307863,15.471176,0.032697,0.076221,-0.011992,7.720000,22.911281

0.606686,2.590347,13.170872,15.491764,-0.344347,-0.023169,-0.235821,7.720000,22.911281

3.222047,-0.927936,13.072676,15.468235,0.270116,-0.021038,-0.204112,7.724000,22.911281

4.534518,9.600570,7.353368,15.477058,0.509932,0.115125,-0.322154,7.732000,22.911281

3.406464,3.332803,2.453158,15.485882,-0.062430,0.009872,-0.342939,7.728000,22.911281

5.686522,1.014425,8.644284,15.506470,-0.722990,0.099137,0.011989,7.724000,22.911281

3.727396,0.269574,15.022222,15.488823,-0.498362,0.380255,0.075408,7.716000,22.911281

3.063976,0.121082,11.003379,15.482941,0.428661,0.506824,0.034905,7.728000,22.911281

4.057909,0.394115,7.561735,15.506470,-0.064561,0.391713,-0.216902,7.720000,22.911281

-1.726063,-0.997392,10.478869,15.497646,-0.144500,0.497232,-0.270194,7.716000,22.911281

-2.341583,-1.133908,10.452524,15.500587,-0.177541,0.391713,-0.289380,7.708000,22.911281

-2.933153,-1.064452,13.415163,15.494705,-0.036050,0.274469,-0.403692,7.708000,22.911281

-0.169301,1.555699,6.457631,15.494705,0.214958,0.203324,-0.487628,7.712000,22.366933

-1.139284,7.104959,8.677814,15.497646,-0.133575,-0.091650,-0.469242,7.704000,22.366933

1.483263,1.026400,15.527571,15.491764,-0.214846,-0.006649,-0.263533,7.700000,22.366933

-1.594337,1.249136,7.269543,15.494705,-0.019796,0.016533,-0.137230,7.700000,22.366933

1.562299,3.699241,7.928173,15.480000,-0.073355,0.018132,0.117509,7.708000,22.366933

1.555114,2.875355,6.627677,15.488823,0.240538,0.184405,0.237683,7.708000,22.366933

1.205441,2.137689,10.265713,15.471176,-0.131710,-0.053280,0.425806,7.708000,22.366933

-0.868646,2.801109,13.419953,15.474117,-0.048307,0.264077,0.485493,7.708000,22.366933

-0.138165,3.119647,7.645561,15.482941,0.117433,0.380788,0.282182,7.708000,22.366933

-0.351322,5.981695,6.134304,15.497646,-0.178874,0.216647,0.205974,7.716000,22.366933

-0.962052,-1.356645,14.212705,15.494705,-0.133842,0.291523,-0.048764,7.712000,22.366933

-5.201237,4.338712,8.275451,15.480000,0.346057,0.545994,-0.288314,7.728000,22.366933

-7.213053,8.882064,4.086562,15.500587,-0.104264,-0.011179,-0.436733,7.716000,22.366933

0.896483,-2.657140,6.843229,15.485882,-0.067759,-0.180116,-0.496421,7.724000,22.366933

-8.772211,6.697806,11.520702,15.474117,0.165129,0.241161,-0.128703,7.728000,22.366933

-5.694611,-1.378200,10.339958,15.485882,-0.419756,-0.486814,0.045297,7.724000,22.366933

-6.283785,-0.865666,12.143408,15.482941,0.098514,-0.419399,0.078872,7.728000,22.366933

-3.206185,1.929322,7.932963,15.465292,0.129690,-0.482817,-0.017055,7.732000,22.366933

-3.076854,0.655172,12.064372,15.480000,0.020973,-0.778857,0.236884,7.728000,22.366933

0.137262,-2.800842,8.912526,15.474117,0.238140,-0.967779,0.388767,7.724000,22.366933

-2.643356,0.418065,7.585685,15.485882,-0.113590,-0.722633,0.496951,7.720000,22.366933

1.902391,-1.416520,10.486054,15.485882,0.235742,-0.948327,0.354127,7.712000,22.366933

5.442230,8.580292,7.748547,15.485882,0.083858,-0.391687,0.591545,7.708000,22.569573

2.422111,-4.594711,11.051279,15.474117,-0.086944,-0.347454,0.947006,7.704000,22.569573

1.485658,1.713770,9.863349,15.462351,0.461969,0.006941,0.965659,7.712000,22.569573

-1.721273,7.092984,13.384028,15.474117,0.124627,-0.033561,0.840688,7.704000,22.569573

2.309545,0.827613,6.936635,15.497646,0.006318,-0.463365,0.891582,7.708000,22.569573

1.495238,6.937308,4.790698,15.471176,0.309818,0.111128,0.674682,7.716000,22.569573

-0.380062,-3.598383,13.726516,15.477058,-0.377921,-0.097779,0.288844,7.708000,22.569573

1.507213,2.549632,9.472961,15.474117,0.422532,0.126050,0.155879,7.716000,22.569573

-1.014742,5.672738,7.566525,15.474117,0.035629,0.225707,-0.344537,7.712000,22.569573

-0.871041,2.084998,11.115945,15.480000,-0.250019,0.017066,-0.452988,7.708000,22.569573

1.265316,0.307894,10.426179,15.474117,-0.012601,-0.044220,-0.242216,7.708000,22.569573

-1.043483,9.854442,11.573393,15.485882,0.219221,0.144169,-0.243814,7.716000,22.569573

2.208954,3.581886,11.283596,15.468235,-0.399238,-0.424728,-0.236886,7.712000,22.569573

5.231469,3.677686,8.464658,15.474117,0.247733,-0.016508,-0.152951,7.720000,22.569573

0.946778,2.350845,9.125683,15.471176,0.127292,0.187869,-0.249144,7.720000,22.569573

3.277133,1.570069,7.358159,15.474117,0.083325,0.060766,-0.570764,7.724000,22.569573

1.593434,3.268138,8.325747,15.471176,-0.381385,0.146301,-0.786332,7.720000,22.569573

1.358722,-3.691789,12.730187,15.474117,-0.276399,-0.112701,-0.888920,7.724000,22.569573

1.820961,-2.005695,12.356565,15.477058,-0.296650,0.004543,-0.642442,7.724000,22.569573

-0.183671,2.015543,9.207114,15.462351,0.210694,0.153495,-0.228893,7.716000,22.569573

-1.800309,-0.139975,9.949570,15.477058,-0.016598,-0.002119,-0.168939,7.712000,22.569573

-1.189579,-1.986535,9.911250,15.453527,0.430259,-0.106039,0.065548,7.716000,22.543448

-2.439779,2.549632,6.160649,15.471176,0.259191,-0.107638,0.308029,7.712000,22.543448

-1.567992,-0.748310,8.610754,15.471176,-0.450399,-0.321074,0.552642,7.704000,22.543448

-2.102081,-3.313376,13.537310,15.482941,-0.038981,-0.050882,0.842553,7.704000,22.543448

-1.005162,5.270374,8.529324,15.480000,0.567488,0.070092,1.040801,7.700000,22.543448

0.283358,2.080208,8.299401,15.474117,-0.290522,-0.233675,0.945141,7.700000,22.543448

0.537230,0.398905,11.120734,15.453527,0.002054,0.009872,1.180960,7.696000,22.543448

-0.289052,0.267179,6.524692,15.465292,0.161932,0.124451,1.187622,7.708000,22.543448

-1.244664,4.518338,8.907737,15.465292,-0.059499,0.188668,1.067714,7.704000,22.543448

2.860399,3.905213,11.930251,15.477058,0.253861,0.263278,1.133264,7.704000,22.543448

1.665284,4.149505,9.516071,15.468235,0.145944,0.345348,1.209738,7.708000,22.543448

-1.491351,3.795042,6.737848,15.471176,0.153405,0.354674,0.956599,7.712000,22.543448

-2.741552,3.287298,7.389294,15.462351,0.142746,0.375458,0.766878,7.716000,22.543448

-3.440897,6.388849,11.159055,15.468235,-0.096537,0.440209,0.643772,7.716000,22.543448

-2.391879,2.317315,9.786709,15.482941,0.055347,0.302714,0.709322,7.716000,22.543448

-4.233649,0.652777,11.472802,15.474117,0.133687,0.265942,0.625120,7.720000,22.543448

-1.369205,10.091549,9.008327,15.450586,0.095050,0.330426,0.682409,7.736000,22.543448

-2.700836,3.893238,10.648915,15.474117,-0.064561,0.160157,0.705591,7.724000,22.543448

-3.503168,1.572464,11.609319,15.465292,0.173390,0.081017,0.558770,7.732000,22.543448

-3.706744,-0.705199,9.923224,15.497646,0.113169,0.106598,0.429003,7.732000,22.543448

-4.073183,0.870723,8.598779,15.459410,0.089987,-0.056211,0.233953,7.732000,22.543448

-3.000214,-3.373251,10.136381,15.459410,-0.085345,-0.083923,0.112979,7.732000,22.543448

-3.005004,0.159403,9.504096,15.474117,-0.039514,0.057036,-0.018920,7.724000,22.543448

-2.473310,-3.995956,13.477434,15.462351,-0.203921,-0.045819,-0.074611,7.728000,22.801088

3.844752,-0.080099,9.566367,15.456469,0.315681,0.052239,-0.047698,7.724000,22.801088

-0.564479,1.819151,6.309140,15.471176,0.066538,0.141238,-0.100991,7.716000,22.801088

1.744320,-0.408217,10.605805,15.474117,0.027901,0.011737,-0.019453,7.712000,22.801088

0.803077,0.101922,11.688354,15.462351,0.027102,0.085281,0.099656,7.708000,22.801088

1.344352,-1.732663,7.166557,15.456469,-0.101067,0.081550,0.279518,7.704000,22.801088

1.485658,3.610626,8.249105,15.459410,0.208030,0.302981,0.274988,7.700000,22.801088

-1.541647,5.224869,7.451564,15.450586,-0.123716,0.237164,0.075408,7.696000,22.801088

1.037789,-0.848901,10.332773,15.462351,-0.169814,0.234500,-0.249943,7.692000,22.801088

0.451009,0.396510,12.890654,15.450586,0.204299,0.186537,-0.483897,7.696000,22.801088

-0.892597,3.969878,6.500741,15.456469,0.112370,0.221710,-0.585686,7.700000,22.801088

-2.288893,3.507640,6.998906,15.438822,-0.067226,-0.067669,-0.533459,7.708000,22.801088

0.249828,6.206827,10.284873,15.438822,-0.134375,-0.103108,-0.378911,7.704000,22.801088

-1.558412,3.335198,10.404624,15.453527,-0.013933,-0.028232,-0.554510,7.708000,22.801088

-1.350045,2.626273,8.304192,15.453527,0.252529,-0.082058,-0.689073,7.716000,22.801088

-0.844696,4.853641,6.115143,15.465292,-0.076819,-0.153203,-0.770877,7.716000,22.801088

4.776415,3.579490,8.881392,15.462351,-0.053903,-0.149473,-0.676816,7.720000,22.801088

1.231786,1.012030,10.316008,15.459410,-0.112525,0.057036,-0.363190,7.724000,22.801088

0.506095,1.735325,9.226274,15.435881,-0.004341,0.120454,-0.219833,7.720000,22.801088

2.575392,2.575977,10.359118,15.447645,-0.105330,0.099670,-0.084203,7.724000,22.801088

1.969452,2.221514,9.906460,15.435881,0.188844,0.203057,0.015720,7.728000,22.801088

2.599342,1.991592,9.825029,15.459410,-0.097603,0.107397,0.028777,7.724000,22.801088

1.864071,-2.326628,10.521979,15.462351,-0.163152,0.090876,-0.011193,7.724000,22.801088

-0.995582,-3.342116,9.288545,15.453527,0.166462,0.165752,-0.103389,7.720000,22.801088

-2.205067,0.420460,11.446457,15.456469,0.062008,0.056769,-0.106053,7.712000,22.801088

-0.578849,0.415670,10.028605,15.447645,0.035895,0.050907,-0.063153,7.712000,22.801088

-1.831444,1.579649,9.451406,15.444704,-0.019529,0.150031,0.073009,7.708000,22.801088

-3.160680,-0.463302,8.960427,15.453527,-0.025924,-0.052747,0.132164,7.712000,22.801088

-1.450636,2.686148,9.089758,15.465292,0.006584,-0.091650,0.292308,7.716000,22.801088

1.056949,4.250096,9.027488,15.450586,0.058811,0.013069,0.527594,7.708000,22.801088

1.591039,1.907767,8.253896,15.447645,-0.041379,0.065296,0.669086,7.708000,22.801088

0.434244,2.022728,9.032277,15.435881,-0.013134,0.222509,0.730639,7.704000,22.801088

0.189952,3.196287,9.571157,15.447645,-0.056035,0.324564,0.649901,7.708000,22.801088

-0.576454,2.896910,9.451406,15.453527,-0.032319,0.418892,0.552642,7.708000,22.801088

-1.867369,3.804622,9.240644,15.450586,0.002854,0.357073,0.383172,7.712000,22.801088

-2.274523,2.611902,7.897038,15.429998,-0.007005,0.349345,0.290443,7.716000,22.801088

-0.564479,2.168824,9.899275,15.441763,-0.083480,0.322699,0.194250,7.720000,22.801088

-3.625314,3.778277,7.806027,15.435881,-0.054169,0.358405,0.307496,7.724000,22.801088

-2.288893,2.808294,9.379556,15.459410,-0.062696,0.256616,0.310960,7.724000,22.801088

-2.741552,3.122042,9.432246,15.438822,-0.062163,0.289924,0.248875,7.724000,22.801088

-4.992870,3.797437,10.076506,15.444704,-0.070157,0.222509,0.165472,7.724000,22.801088

-2.731972,1.335357,9.851375,15.438822,-0.032586,0.031722,-0.022118,7.732000,22.801088

-1.764384,0.499495,8.914922,15.447645,0.132354,-0.008514,-0.284317,7.736000,22.801088

-2.602640,0.470755,7.686276,15.435881,0.063874,-0.013044,-0.452188,7.732000,22.801088

-1.704508,-3.871415,10.577065,15.424116,-0.128512,-0.198235,-0.559306,7.728000,11.347737

-0.758475,-1.804513,9.037067,15.435881,-0.135174,-0.035960,-0.685076,7.724000,11.347737

1.768270,-0.446537,9.017907,15.435881,-0.053103,-0.207828,-0.795392,7.716000,11.347737

1.339562,0.961734,9.369975,15.438822,0.029766,-0.128156,-0.760485,7.712000,11.347737

-1.057853,1.493428,9.798684,15.441763,0.016976,-0.105506,-0.822571,7.712000,11.347737

-1.405131,0.013306,9.259805,15.429998,-0.044577,-0.150272,-0.742899,7.708000,11.347737

-2.252968,4.604559,9.439431,15.453527,0.157668,-0.399148,-0.450856,7.712000,11.347737

-1.227899,3.138807,8.011999,15.421175,0.113702,-0.521188,-0.253940,7.712000,11.347737

-1.278195,2.904095,9.257409,15.435881,0.123828,-0.527849,-0.068749,7.720000,11.347737

-3.613339,3.129227,8.301796,15.421175,0.177920,-0.579010,0.040767,7.724000,11.347737

-2.602640,1.447923,8.347301,15.438822,0.063607,-0.668009,0.090329,7.720000,11.347737

-1.826654,1.965247,9.235854,15.432940,0.113436,-0.593133,0.187855,7.724000,11.347737

-1.026718,4.044125,9.391530,15.447645,0.107573,-0.523852,0.341870,7.724000,11.347737

0.060621,3.435789,9.489726,15.456469,0.010848,-0.559292,0.423408,7.732000,11.347737

1.413807,4.417747,8.457473,15.432940,-0.043777,-0.513993,0.490823,7.732000,11.347737

0.582735,3.445369,10.088481,15.432940,0.126492,-0.228079,0.460446,7.732000,11.347737

1.634149,4.046519,9.429851,15.450586,0.131022,-0.226480,0.424473,7.740000,11.347737

4.065094,3.981854,8.160490,15.447645,-0.035783,-0.180915,0.395163,7.740000,11.347737

3.078346,2.123319,10.397439,15.447645,-0.018463,-0.018640,0.529460,7.744000,11.347737

4.086649,0.832403,9.492122,15.462351,-0.140237,0.048509,0.508942,7.740000,11.347737

4.819525,2.511312,9.621452,15.432940,-0.098669,0.264610,0.543849,7.744000,11.347737

3.751347,0.243228,9.745994,15.435881,-0.071756,0.328828,0.648302,7.740000,11.347737

1.888021,0.353399,9.961545,15.438822,-0.134907,0.431149,0.681343,7.736000,11.347737

1.306031,-1.557826,9.475356,15.415293,-0.051505,0.510022,0.596608,7.740000,11.347737

-0.169301,1.117410,8.000024,15.424116,0.119831,0.485241,0.496152,7.732000,11.347737

-1.249454,-0.159135,9.865745,15.435881,0.023638,0.410099,0.377310,7.728000,11.347737

-0.849486,-2.161371,9.985496,15.424116,-0.126914,0.577703,0.254204,7.728000,11.347737

-1.659003,2.053863,9.930409,15.438822,-0.017664,0.588095,0.284048,7.720000,11.347737

0.034276,0.808453,9.130473,15.432940,-0.108528,0.478313,0.253937,7.728000,11.347737

-0.574059,1.170101,10.181887,15.415293,-0.056834,0.535336,0.118574,7.720000,11.347737

-1.697323,2.130504,9.034673,15.441763,-0.011002,0.546794,-0.017854,7.720000,11.347737

-0.856671,1.594019,8.943662,15.415293,-0.058966,0.399174,-0.116179,7.720000,11.347737

0.776732,1.594019,9.717253,15.412352,-0.019796,0.507357,-0.246479,7.716000,11.347737

-0.121400,4.276442,8.970007,15.415293,-0.044843,0.518282,-0.389037,7.720000,11.347737

-0.566874,2.736444,10.213022,15.412352,-0.097070,0.468987,-0.325619,7.720000,11.347737

-1.587152,4.084840,7.703041,15.415293,-0.022460,0.464723,-0.326151,7.724000,11.347737

-1.187184,3.929163,8.467052,15.418234,-0.050172,0.370396,-0.346403,7.724000,11.347737

-1.462611,4.762630,9.741203,15.427057,-0.020329,0.291789,-0.382641,7.736000,11.347737

-4.537817,3.275323,9.956755,15.400587,0.021506,0.211850,-0.404225,7.740000,11.347737

-4.619247,3.213053,10.100456,15.418234,-0.072822,0.043713,-0.402360,7.740000,11.347737

-4.554582,3.545960,10.454919,15.421175,0.124361,0.006941,-0.499885,7.744000,11.347737

-5.455109,0.695887,10.117222,15.418234,0.064140,-0.123359,-0.548115,7.744000,11.347737

-5.134176,-0.638139,10.052556,15.415293,0.194973,-0.251528,-0.575827,7.748000,11.910915

-2.506840,0.453990,9.939990,15.412352,-0.021128,-0.339460,-0.423677,7.744000,11.910915

-1.067433,-0.688434,9.774734,15.403528,0.023105,-0.496673,-0.287781,7.736000,11.910915

-1.225504,-0.992602,9.666958,15.403528,0.041224,-0.444447,-0.172669,7.736000,11.910915

2.158659,2.092183,10.299243,15.412352,0.113969,-0.229678,0.034372,7.728000,11.910915

0.072596,0.760553,8.867022,15.421175,0.077996,-0.241136,0.043699,7.724000,11.910915

-0.324977,1.287457,9.259805,15.418234,0.058811,-0.229944,-0.032243,7.716000,11.910915

-0.653095,2.750814,9.578342,15.427057,0.044955,-0.193705,-0.150553,7.716000,11.910915

0.877323,1.617970,8.558064,15.438822,0.057478,-0.209693,-0.189190,7.720000,11.910915

-0.078290,1.888607,8.924501,15.412352,0.038293,-0.238738,-0.215836,7.716000,11.910915

0.201927,2.731653,9.269384,15.415293,0.036161,-0.271779,-0.308032,7.716000,11.910915

0.283358,3.227422,8.670630,15.400587,0.111304,-0.196903,-0.402093,7.724000,11.910915

1.061739,4.293207,7.976073,15.400587,0.046287,-0.238738,-0.511609,7.728000,11.910915

0.673746,5.258399,7.877878,15.391764,0.081993,-0.231543,-0.692804,7.724000,11.910915

1.444943,4.750655,9.657377,15.415293,-0.008871,-0.282171,-0.893717,7.732000,11.910915

1.952687,4.353082,8.471843,15.424116,0.093451,-0.309350,-0.857478,7.736000,11.910915

1.576669,4.630904,8.694579,15.400587,0.065472,-0.308018,-0.624056,7.740000,11.910915

1.902391,2.765184,9.686118,15.421175,-0.154892,-0.291497,-0.365588,7.744000,11.910915

2.264039,3.251373,8.663445,15.400587,-0.072289,-0.225414,-0.012792,7.744000,11.910915

4.630319,2.702913,9.803473,15.397646,-0.091208,-0.247264,0.323218,7.748000,11.910915

3.868702,0.992869,11.585368,15.397646,-0.089875,-0.101509,0.634179,7.744000,11.910915

2.295175,0.140242,9.757969,15.412352,-0.012335,0.069559,0.682409,7.748000,11.910915

1.097665,-0.391452,8.814330,15.415293,-0.050172,0.175878,0.613662,7.740000,11.910915

-0.521369,-0.990207,9.487331,15.403528,0.016443,0.267008,0.603270,7.736000,11.910915

-0.715365,-0.913566,9.585527,15.418234,0.035629,0.260080,0.523864,7.736000,11.910915

-1.168024,0.525841,9.832214,15.418234,-0.083214,0.314438,0.303499,7.736000,11.910915

-0.327372,1.426368,8.646679,15.435881,0.040958,0.411431,0.179328,7.732000,11.910915

0.149237,1.644315,9.326865,15.418234,0.027102,0.355474,0.224360,7.736000,11.910915

-0.281867,1.440738,10.349538,15.424116,-0.097336,0.441808,0.173466,7.724000,11.910915

-1.747618,1.366493,9.144843,15.406469,-0.031254,0.442607,0.044764,7.728000,11.910915

0.762362,2.295760,7.693461,15.406469,-0.008338,0.365066,-0.048231,7.728000,11.910915

-0.346532,3.050191,10.296848,15.412352,0.093451,0.497232,-0.133765,7.732000,11.910915

-0.667465,2.468201,8.419152,15.409410,0.016976,0.384785,-0.080207,7.732000,11.910915

-1.122518,1.816756,7.267148,15.406469,-0.062430,0.320567,-0.140694,7.732000,11.910915

-1.256639,3.478900,9.372371,15.415293,-0.066427,0.467122,-0.317092,7.736000,11.910915

-2.341583,3.881263,10.771062,15.418234,0.016976,0.464990,-0.384240,7.740000,11.910915

-3.594178,3.589071,9.187954,15.388823,0.059877,0.289658,-0.397830,7.744000,11.910915

-4.779713,2.571187,8.912526,15.406469,0.102244,0.147633,-0.567833,7.740000,11.910915

-6.137689,2.010753,10.711186,15.412352,-0.037116,0.037850,-0.753557,7.748000,11.910915

-4.944970,0.506680,10.349538,15.403528,0.037494,-0.104973,-0.799655,7.748000,12.136052

-6.166430,0.415670,9.638218,15.415293,0.091053,-0.436719,-0.761285,7.752000,12.136052

-6.631063,0.897069,10.179492,15.388823,0.074266,-0.645892,-0.478035,7.748000,12.136052

-4.681518,-1.308744,9.065807,15.400587,0.147809,-0.976039,-0.240084,7.748000,12.136052

-1.309330,-1.725478,8.598779,15.394705,0.169659,-1.097280,0.016253,7.744000,12.136052

-0.744105,-2.324233,8.701765,15.397646,0.210428,-0.954456,0.370115,7.736000,12.136052

1.634149,0.707862,9.005932,15.406469,0.096648,-0.996024,0.611797,7.740000,12.136052

2.429296,0.906649,9.511281,15.406469,0.093451,-0.706912,0.937947,7.732000,12.136052

3.267552,0.511470,9.937595,15.391764,0.073733,-0.627773,1.134063,7.732000,12.136052

1.643729,1.186866,10.332773,15.391764,0.080128,-0.383960,1.132731,7.732000,12.136052

1.260526,1.680240,9.963940,15.385881,0.092385,-0.308284,0.990173,7.720000,12.136052

1.888021,1.766461,10.064531,15.409410,0.044155,-0.222483,0.727175,7.720000,12.136052

1.729950,1.926927,8.601173,15.400587,0.078529,-0.011712,0.420210,7.728000,12.136052

0.642611,2.444251,7.806027,15.394705,0.125693,0.038650,0.188921,7.728000,12.136052

-0.320187,3.533985,6.891129,15.385881,-0.032319,-0.013577,-0.102589,7.724000,12.136052

0.470170,1.965247,10.320798,15.391764,-0.040313,-0.083390,-0.295775,7.728000,12.136052

0.793497,3.395074,9.475356,15.391764,0.090253,-0.013310,-0.317358,7.736000,12.136052

0.673746,3.148387,8.725715,15.415293,0.000988,-0.051681,-0.351199,7.736000,12.136052

0.295333,4.494388,7.698251,15.403528,0.142214,-0.053013,-0.156948,7.736000,12.136052

1.643729,2.973551,9.108918,15.415293,-0.011802,-0.080992,-0.028246,7.744000,12.136052

2.958595,4.422538,9.908854,15.400587,-0.000077,0.086880,0.097790,7.748000,12.136052

5.042262,3.179522,9.657377,15.394705,-0.029122,0.155360,0.025046,7.744000,12.136052

2.553837,2.702913,8.965217,15.374117,-0.038182,0.325097,0.021049,7.748000,12.136052

3.104691,2.647828,9.616662,15.385881,-0.107728,0.381054,-0.037306,7.752000,12.136052

2.903510,0.564161,10.198652,15.391764,-0.087744,0.395976,0.032507,7.748000,12.136052

2.338285,0.178563,9.472961,15.400587,-0.000344,0.387449,0.054890,7.748000,12.136052

0.204322,-1.002182,8.780800,15.377058,0.010315,0.434880,-0.019187,7.744000,12.136052

-0.449518,-0.604609,8.174860,15.385881,-0.080549,0.370129,-0.057824,7.744000,12.136052

0.022301,-0.343551,9.360395,15.382940,-0.039514,0.437011,-0.045833,7.744000,12.136052

-1.730853,0.899464,9.913645,15.377058,-0.041113,0.334956,-0.104988,7.736000,12.136052

-1.900900,0.157008,8.656260,15.379999,-0.105597,0.327229,-0.200115,7.736000,12.136052

-1.182394,0.973709,11.046489,15.397646,-0.003275,0.189734,-0.137230,7.728000,12.136052

0.645006,2.154454,11.142290,15.388823,-0.020329,0.351743,-0.077275,7.728000,12.136052

-0.102240,1.617970,9.705278,15.385881,-0.063762,0.348812,-0.160412,7.732000,12.136052

-0.890202,2.508917,7.892248,15.388823,-0.041912,0.386383,-0.232890,7.728000,12.136052

-0.978817,2.130504,8.368856,15.391764,-0.048574,0.245158,-0.203845,7.732000,12.136052

-1.021928,1.902977,10.502819,15.403528,-0.012068,0.290990,-0.142825,7.732000,12.136052

-2.360744,1.792806,10.828542,15.385881,-0.075220,0.341618,-0.042635,7.732000,12.136052

-2.549950,2.046678,8.929292,15.397646,0.046554,0.230503,0.075940,7.736000,12.136052

-2.341583,3.977064,7.327023,15.406469,0.111037,0.226239,0.197447,7.740000,12.136052

-0.466283,4.130345,9.243039,15.377058,0.016976,0.150031,0.155613,7.736000,12.136052

-2.195487,3.656131,9.379556,15.388823,0.125426,0.271538,0.103386,7.744000,12.146880

-5.534144,5.323065,11.089600,15.385881,-0.113324,0.165486,0.030109,7.744000,12.146880

-4.638407,2.822664,11.221325,15.385881,0.026302,0.033321,-0.202246,7.744000,12.146880

-6.329291,0.315079,8.500583,15.382940,-0.030987,-0.199301,-0.392234,7.748000,12.146880

-2.830167,-0.839321,10.162726,15.368235,-0.049906,-0.413271,-0.498553,7.752000,12.146880

-3.014584,-0.784235,10.653706,15.377058,0.014578,-0.274444,-0.442862,7.752000,12.146880

-2.549950,0.980894,10.110036,15.406469,-0.076019,-0.493742,-0.266197,7.748000,12.146880

-0.293842,-2.491884,13.094231,15.377058,-0.105863,-0.499338,-0.174268,7.740000,12.146880

-0.478258,0.473150,9.575947,15.391764,0.264253,-0.491877,-0.125772,7.732000,12.146880

3.775297,-0.616584,6.668393,15.388823,0.013779,-0.631237,-0.123373,7.736000,12.146880

0.352814,-0.614189,10.574670,15.377058,0.022572,-0.348787,0.009858,7.732000,12.146880

1.241366,-0.525573,11.757810,15.379999,0.110238,-0.371702,-0.014923,7.720000,12.146880

0.642611,1.584439,8.692184,15.382940,0.159267,-0.301889,0.039435,7.724000,12.146880

-1.208739,1.682635,8.428732,15.365294,0.096382,-0.282704,0.006394,7.720000,12.146880

-1.826654,0.585716,8.210786,15.377058,0.083858,-0.339194,-0.043168,7.720000,12.146880

0.654586,-0.310021,9.748388,15.382940,0.008449,-0.395684,-0.014390,7.716000,12.146880

0.144447,1.471873,9.312495,15.365294,0.342327,-0.260321,-0.044234,7.712000,12.146880

-0.748895,5.845179,6.864784,15.382940,0.130489,-0.295761,-0.270727,7.716000,12.146880

1.164725,-0.343551,7.956913,15.385881,0.258924,-0.415402,-0.411419,7.720000,12.146880

1.032999,9.126356,7.018065,15.377058,0.378566,-0.342924,-0.371450,7.720000,12.146880

0.132472,3.723191,8.553273,15.382940,-0.230567,-0.503068,-0.372782,7.724000,12.146880

1.195861,3.795042,7.825187,15.382940,0.060143,-0.381561,-0.240883,7.728000,23.214838

-0.669860,3.938743,9.583132,15.377058,0.033763,-0.366107,-0.095661,7.732000,23.214838

0.587526,3.864498,8.910131,15.379999,-0.022727,-0.478820,0.190253,7.732000,23.214838

1.725160,2.757999,9.997471,15.365294,-0.167949,-0.207029,0.430336,7.736000,23.214838

3.154986,1.469478,10.110036,15.374117,-0.129045,-0.108437,0.620856,7.744000,23.214838

2.369420,3.433394,9.398716,15.377058,0.148076,0.050374,0.748225,7.740000,23.214838

4.639899,1.752090,9.355605,15.394705,-0.166350,-0.034361,0.752489,7.744000,23.214838

3.212467,-2.752941,11.336287,15.382940,-0.135707,0.182540,0.821503,7.740000,23.214838

0.807867,-0.712384,9.393926,15.371176,0.116367,0.280331,0.583285,7.740000,23.214838

2.256854,1.388048,8.481422,15.371176,-0.088809,0.356273,0.318421,7.744000,23.214838

-0.897387,-0.429772,9.757969,15.362352,-0.082947,0.371195,0.209172,7.732000,23.214838

-2.073341,0.386930,11.781760,15.379999,0.049218,0.378922,-0.009328,7.728000,23.214838

-2.085316,2.611902,8.414362,15.371176,0.055613,0.346680,-0.276589,7.728000,23.214838

-0.950077,3.416629,9.590317,15.362352,-0.107995,0.245691,-0.319223,7.724000,23.214838

1.116825,-0.274096,9.540022,15.379999,-0.065894,0.175612,-0.182262,7.732000,23.214838

-0.550109,0.863538,11.233300,15.388823,0.288768,0.180674,-0.195318,7.736000,23.214838

1.952687,1.361702,7.135422,15.379999,-0.084812,0.083416,0.077806,7.732000,23.214838

-0.451913,3.095696,11.523098,15.368235,-0.006206,0.209186,0.602470,7.728000,23.214838

-0.080685,3.287298,8.107800,15.368235,0.240005,0.180408,0.760483,7.736000,23.214838

1.262921,2.108948,10.715977,15.388823,0.018841,0.101269,0.678679,7.736000,23.214838

-1.565597,4.860826,7.259963,15.371176,0.208030,0.491370,0.626718,7.744000,23.932644

-2.037416,6.848692,5.279282,15.379999,0.108639,0.306445,0.403423,7.744000,23.932644

-2.961893,1.495824,11.803315,15.359411,-0.116255,0.227039,0.371181,7.748000,23.932644

-5.977223,1.764066,13.321757,15.391764,-0.028056,0.351477,0.438862,7.752000,23.932644

-7.977064,4.547079,7.988049,15.379999,-0.019796,0.157492,0.379974,7.756000,23.932644

-2.727181,4.017779,13.606765,15.379999,-0.107728,-0.222217,0.239548,7.756000,23.932644

-2.528395,-2.137421,11.913486,15.374117,-0.013134,-0.190774,0.458314,7.756000,23.932644

-3.620524,2.346056,6.534272,15.371176,0.176854,-0.039157,0.448721,7.752000,23.932644

-2.430199,-1.375805,11.856006,15.350588,-0.124515,-0.176918,0.403156,7.748000,23.932644

1.095270,-2.884667,10.375883,15.374117,-0.025924,-0.276309,0.495619,7.744000,23.932644

-1.290170,-2.314652,10.914762,15.356470,-0.384849,-0.088186,0.321619,7.740000,23.932644

1.279686,-6.577787,13.767231,15.371176,0.040425,-0.166526,0.235552,7.744000,23.932644

2.132313,3.490875,7.949728,15.356470,0.259723,0.232901,-0.058357,7.736000,23.932644

-2.406249,-1.883549,9.278965,15.350588,0.033763,-0.041289,-0.231557,7.732000,23.932644

-2.308053,0.573741,7.944938,15.347647,-0.070157,-0.088186,-0.436467,7.728000,23.932644

-1.496141,-0.899196,11.839240,15.350588,0.073999,-0.158266,-0.598742,7.732000,23.932644

-1.230294,6.851088,7.643166,15.359411,0.376168,-0.074597,-0.547848,7.728000,23.932644

-1.826654,3.395074,7.655141,15.353529,-0.134375,-0.441249,-0.403692,7.724000,23.932644

0.048646,0.947364,10.814172,15.356470,-0.121051,-0.414603,0.059686,7.720000,23.932644

-0.030389,6.506205,7.657536,15.371176,0.145145,-0.395418,0.358124,7.728000,23.932644

-0.863856,3.059771,12.208074,15.356470,0.107307,-0.448444,0.488158,7.728000,23.932644

2.211349,4.240516,6.055268,15.350588,0.205632,-0.587270,0.644838,7.732000,24.040872

0.039066,3.629786,9.096943,15.356470,0.243203,-0.210759,0.674149,7.740000,24.040872

0.575550,4.355477,9.324470,15.353529,-0.008071,-0.404477,0.677613,7.748000,24.040872

3.023261,3.735167,5.401427,15.362352,-0.103198,-0.096447,0.473502,7.744000,24.040872

2.357445,2.765184,11.245275,15.356470,-0.079217,0.199327,0.217166,7.748000,24.040872

4.757255,2.204749,11.063254,15.362352,0.037227,0.187336,-0.019720,7.756000,24.040872

5.092557,3.830968,6.534272,15.344706,-0.076019,0.289658,-0.134298,7.756000,24.040872

2.374210,-1.208153,11.867981,15.353529,-0.226837,0.448736,-0.066084,7.752000,24.040872

0.331258,-1.826069,11.228511,15.359411,0.027102,0.302981,0.005594,7.756000,24.040872

1.392252,0.964129,10.076506,15.341763,-0.132509,0.429017,0.144155,7.744000,24.040872

1.646124,0.401300,10.747111,15.350588,0.319411,0.519881,0.272323,7.748000,24.040872

-3.153495,6.649906,10.198652,15.353529,0.110238,0.456729,0.261132,7.740000,24.040872

2.276014,-5.741925,11.978151,15.359411,-0.379520,0.057302,0.054890,7.732000,24.040872

0.609081,-1.900314,6.630073,15.359411,0.374302,0.442074,0.204908,7.736000,24.040872

0.451009,4.319552,7.286308,15.341763,0.216290,0.314705,0.245144,7.732000,24.040872

-0.770451,2.585557,11.721885,15.344706,-0.322763,0.385318,0.092728,7.724000,24.040872

0.000746,-0.575868,10.054951,15.338821,-0.001143,0.453798,0.014654,7.724000,24.040872

-2.607430,4.185431,7.604846,15.359411,0.101445,0.498564,0.029576,7.732000,24.040872

-1.297355,5.291930,9.128078,15.335880,-0.121051,0.424754,0.022648,7.732000,24.040872

-0.351322,0.183353,12.016472,15.350588,-0.169814,0.409033,0.062084,7.732000,24.040872

-1.551227,2.748419,8.292216,15.362352,0.111037,0.426086,0.119107,7.736000,24.289405

-0.269891,4.487203,6.931845,15.359411,0.076664,0.376791,-0.015190,7.732000,24.289405

-0.950077,2.322105,10.330379,15.350588,-0.204987,0.420491,-0.051695,7.736000,24.289405

-3.455267,1.275482,10.924343,15.359411,-0.151162,0.499097,-0.036773,7.740000,24.289405

-3.570228,4.820111,9.707673,15.377058,0.064673,0.419958,-0.223297,7.744000,24.289405

-4.233649,3.519615,9.317285,15.353529,0.070002,0.375192,-0.454053,7.744000,24.289405

-5.311408,1.953272,9.614267,15.362352,0.009249,0.188402,-0.609934,7.752000,24.289405

-5.486244,1.598809,9.068203,15.371176,0.018575,-0.029298,-0.626721,7.748000,24.289405

-4.008517,0.037257,9.530441,15.353529,-0.021927,-0.237405,-0.705860,7.756000,24.289405

-4.748578,-0.980627,10.502819,15.344706,-0.011269,-0.378364,-0.665891,7.748000,24.289405

-2.473310,-0.793815,10.272898,15.362352,0.105975,-0.491877,-0.575560,7.748000,24.289405

-1.505722,-1.548246,9.781919,15.365294,0.021772,-0.511862,-0.467110,7.744000,24.289405

1.219811,-0.769865,11.444062,15.353529,0.108373,-0.616581,-0.306167,7.732000,24.289405

3.540585,0.104317,10.016630,15.362352,0.101978,-0.403678,-0.195585,7.728000,24.289405

1.277291,0.547396,11.180610,15.371176,0.187246,-0.317344,-0.038638,7.732000,24.289405

1.888021,6.554105,3.312970,15.350588,0.315947,-0.297892,0.012789,7.724000,24.289405

1.191071,-0.721965,7.966493,15.365294,-0.179673,-0.383960,-0.057291,7.716000,24.289405

1.509608,1.879027,11.125525,15.362352,0.068137,-0.347721,-0.071946,7.720000,24.289405

2.702328,3.565120,8.941267,15.350588,-0.009404,-0.345589,0.059953,7.716000,24.289405

-0.720155,2.041888,8.641890,15.362352,0.052949,-0.269114,0.255003,7.720000,24.289405

-0.818351,2.501732,8.620334,15.353529,0.095050,-0.337062,0.192118,7.716000,24.289405

0.235458,2.858590,8.835886,15.356470,0.058544,-0.302689,0.240348,7.724000,24.289405

1.083295,1.833521,7.875483,15.356470,-0.032586,-0.262719,0.304032,7.720000,23.340447

0.410294,4.475228,7.992838,15.353529,0.060143,-0.145476,0.270458,7.720000,23.340447

-0.265101,4.496783,9.834609,15.365294,0.101178,-0.121228,0.135628,7.728000,23.340447

2.218534,4.362662,7.092311,15.365294,-0.085079,-0.185179,-0.149220,7.724000,23.340447

1.957477,7.639049,6.045688,15.353529,-0.105597,-0.056211,-0.370917,7.732000,23.340447

2.481986,4.211776,9.623847,15.359411,-0.128512,-0.095914,-0.470041,7.736000,23.340447

3.174147,0.456385,7.355763,15.350588,0.333267,-0.103108,-0.511876,7.744000,23.340447

2.290385,5.842784,8.878996,15.365294,-0.243624,-0.220352,-0.366654,7.744000,23.340447

2.235299,2.348450,10.818962,15.350588,0.108906,-0.031430,0.033573,7.752000,23.340447

2.141893,2.832244,9.417875,15.356470,0.066272,0.145768,0.275254,7.752000,23.340447

1.193465,-0.391452,11.712304,15.353529,-0.290788,0.175079,0.367717,7.752000,23.340447

2.122733,-2.731386,11.446457,15.356470,-0.097336,0.133777,0.296038,7.752000,23.340447

3.341798,2.762789,8.761641,15.344706,0.012180,0.310708,0.251539,7.744000,23.340447

0.745597,-1.057267,9.985496,15.362352,-0.036316,0.367731,0.092461,7.740000,23.340447

-0.942892,0.312684,8.500583,15.359411,0.040158,0.275801,-0.192121,7.736000,23.340447

-0.471073,1.895792,10.179492,15.350588,0.070535,0.336821,-0.366920,7.732000,23.340447

0.982704,0.104317,10.385464,15.353529,-0.114123,0.200126,-0.502017,7.728000,23.340447

1.157540,1.368887,8.886181,15.347647,0.041224,0.217180,-0.346669,7.728000,23.340447

-0.023204,1.946087,8.270661,15.344706,-0.156757,0.225174,-0.322954,7.728000,23.340447

1.734740,2.626273,8.234735,15.338821,-0.090941,0.249155,-0.321089,7.728000,23.340447

2.477196,2.312525,9.930409,15.350588,0.117699,0.294720,-0.156948,7.732000,23.340447

-0.317792,2.698123,9.202324,15.356470,0.011913,0.260347,0.091928,7.724000,23.740739

-0.698600,1.747301,8.773615,15.356470,-0.017664,0.233700,0.158810,7.724000,23.740739

-1.824259,3.330408,10.126801,15.350588,-0.158356,0.364267,0.228091,7.728000,23.740739

-1.611102,4.616534,8.737690,15.356470,-0.016065,0.243826,0.155613,7.728000,23.740739

-0.437543,4.877591,8.591594,15.347647,0.103576,0.138573,0.154014,7.732000,23.740739

-2.765502,1.651500,9.686118,15.356470,-0.105064,0.211318,0.271524,7.740000,23.740739

-3.325936,1.938902,10.481264,15.338821,-0.052837,0.208120,0.262731,7.744000,23.740739

-4.190538,3.941139,8.289822,15.347647,-0.052571,0.199593,0.118574,7.744000,23.740739

-4.200119,2.506522,10.615385,15.344706,-0.126114,0.208120,-0.123906,7.748000,23.740739

-4.540211,-1.018947,10.074111,15.359411,0.026036,0.105532,-0.429006,7.744000,23.740739

-4.157008,-0.604609,9.465776,15.368235,-0.151961,0.027991,-0.654966,7.744000,23.740739

-0.518973,-0.020224,9.302915,15.359411,-0.045110,0.007207,-0.832164,7.744000,23.740739

-1.179999,-2.118261,10.854887,15.356470,-0.045110,-0.042621,-0.796191,7.740000,23.740739

-0.758475,-2.127841,12.919394,15.350588,-0.037649,-0.209427,-0.768746,7.736000,23.740739

1.250946,2.508917,9.549602,15.353529,0.176321,-0.206229,-0.816176,7.728000,23.740739

1.488053,-0.379477,10.323193,15.347647,0.288235,-0.426594,-0.851083,7.720000,23.740739

0.268988,2.190379,10.265713,15.335880,0.285570,-0.306686,-0.797257,7.716000,23.740739

2.134708,3.529195,7.832372,15.353529,0.114768,-0.516125,-0.637380,7.716000,23.740739

-0.861461,0.820428,8.548483,15.341763,0.201635,-0.508398,-0.452988,7.712000,23.740739

-1.764384,1.050350,8.986773,15.335880,0.161399,-0.541439,-0.297906,7.712000,23.740739

-1.797914,4.060890,9.757969,15.338821,0.097181,-0.505733,-0.042635,7.716000,23.740739

-2.269733,3.445369,8.186835,15.324116,0.127825,-0.410872,0.124170,7.712000,23.740739

-0.600404,2.113739,9.178373,15.335880,0.014844,-0.538241,0.222495,7.712000,22.979261

-0.626749,4.688385,9.094548,15.344706,0.175788,-0.421797,0.297637,7.724000,22.979261

-1.508116,4.594979,9.199929,15.347647,-0.052038,-0.466030,0.157212,7.720000,22.979261

-1.407526,3.007081,9.791499,15.338821,0.096382,-0.488413,0.116976,7.724000,22.979261

-1.278195,4.331527,9.269384,15.335880,0.205365,-0.472159,0.202510,7.736000,22.979261

-2.073341,3.823783,8.167675,15.338821,0.224817,-0.473491,0.206774,7.740000,22.979261

0.544415,2.633458,9.769943,15.332939,0.066805,-0.350918,0.136694,7.744000,22.979261

2.029327,4.132740,10.227392,15.335880,-0.117054,-0.275243,0.179328,7.744000,22.979261

2.187399,1.129385,10.900393,15.332939,0.047086,-0.122560,0.390100,7.748000,22.979261

2.508331,1.457503,11.472802,15.338821,-0.105863,-0.196903,0.474835,7.744000,22.979261

3.459154,1.627550,9.633428,15.332939,0.068403,-0.022370,0.604869,7.744000,22.979261

3.272343,-1.720688,8.962822,15.327057,-0.028589,-0.077261,0.642440,7.744000,22.979261

2.697538,0.298314,9.096943,15.327057,0.216024,0.032788,0.681077,7.748000,22.979261

0.091757,1.596414,8.486213,15.344706,0.042823,0.125517,0.580354,7.744000,22.979261

0.309703,-1.275214,11.559023,15.338821,-0.089609,0.140439,0.464443,7.744000,22.979261

-0.854276,0.065997,9.820239,15.315292,0.101711,0.152962,0.319754,7.736000,22.979261

0.201927,3.320828,10.098062,15.315292,0.119298,0.094873,0.323751,7.736000,22.979261

1.820961,2.295760,9.901670,15.315292,0.101978,0.170016,0.255270,7.740000,22.979261

0.671351,4.350687,7.432404,15.347647,-0.093872,0.380521,0.278718,7.732000,22.979261

0.920433,0.983289,13.927697,15.327057,0.053215,0.467654,0.353861,7.740000,22.979261

0.357604,4.008199,9.477751,15.329998,0.100912,0.418625,0.536121,7.736000,22.979261

1.270106,4.503968,7.327023,15.318233,-0.042179,0.425287,0.577689,7.736000,22.979261

2.340680,1.869447,8.488607,15.312351,0.027102,0.480445,0.624320,7.740000,22.979261

0.870138,3.845338,8.931686,15.344706,0.034829,0.605948,0.621656,7.740000,22.979261

0.005536,2.087393,9.738809,15.338821,-0.051505,0.600886,0.514271,7.744000,22.979261

-1.884135,3.284903,9.657377,15.329998,0.007384,0.730386,0.274721,7.748000,22.979261

-3.572623,3.672896,8.294611,15.327057,0.040158,0.764760,-0.160145,7.748000,22.979261

-5.943693,3.397469,9.065807,15.332939,-0.117587,0.643520,-0.517738,7.756000,22.979261

-5.318593,2.068233,9.702883,15.315292,-0.154892,0.314971,-0.727710,7.756000,22.979261

-5.337753,-0.841716,7.607240,15.329998,0.240005,0.105265,-0.977652,7.756000,22.979261

-8.664435,2.863380,11.812895,15.335880,0.049218,0.213183,-0.999769,7.756000,22.979261

-6.374796,-1.380595,11.611713,15.332939,-0.412561,-0.167592,-0.849750,7.760000,22.979261

0.570760,-1.919474,9.892090,15.327057,-0.001143,-0.651754,-0.824703,7.756000,22.979261

-1.139284,2.434671,10.260922,15.327057,0.168060,-0.459635,-0.582222,7.748000,22.979261

-0.219596,1.028795,9.065807,15.329998,0.020707,-0.506532,-0.462580,7.748000,22.979261

4.795575,1.768856,8.893367,15.297646,0.144878,-0.479087,-0.376246,7.744000,22.979261

3.861517,0.758158,8.165280,15.327057,0.164863,-0.524652,-0.139894,7.744000,22.979261

2.956200,1.459898,8.974797,15.327057,0.000988,-0.373035,0.148685,7.740000,22.979261

-0.253126,0.415670,10.227392,15.321175,0.195772,-0.313347,0.302966,7.736000,22.979261

-1.014742,2.075418,10.045371,15.324116,0.089188,-0.304287,0.285114,7.736000,22.979261

-0.492628,0.762947,9.844189,15.329998,0.018841,-0.364774,0.266195,7.732000,12.268170

-0.090265,0.485125,8.598779,15.324116,0.108639,-0.349053,0.454051,7.728000,12.268170

0.149237,1.993988,8.625124,15.324116,0.059610,-0.307218,0.587282,7.732000,12.268170

-0.691415,2.623878,7.695856,15.324116,0.121429,-0.281105,0.562501,7.728000,12.268170

1.847306,2.693333,10.459709,15.315292,0.073466,-0.135084,0.335475,7.732000,12.268170

2.812499,4.949442,8.924501,15.327057,0.017243,-0.080725,0.024247,7.732000,12.268170

3.918998,3.505245,7.506649,15.318233,0.092385,0.106864,-0.379177,7.740000,12.268170

1.248551,5.042848,9.377160,15.318233,-0.129312,0.021863,-0.834295,7.744000,12.268170

3.547770,4.587794,9.504096,15.309410,-0.124515,0.095406,-0.926225,7.748000,12.268170

2.517911,5.849969,8.917316,15.315292,-0.020329,0.110062,-0.859076,7.748000,12.268170

2.170634,3.505245,8.811935,15.303528,-0.070157,0.094873,-0.585419,7.748000,12.268170

4.254301,4.920702,10.502819,15.315292,0.029233,0.008007,-0.133499,7.752000,12.268170

4.750070,1.390443,10.081296,15.315292,-0.152494,0.053305,0.354927,7.748000,12.268170

1.904786,0.382139,8.086245,15.312351,0.163531,0.190001,0.536654,7.752000,12.268170

0.877323,-2.350578,10.193862,15.327057,-0.125848,0.061299,0.431135,7.748000,12.268170

0.757572,-1.699132,10.821357,15.318233,0.018308,0.127382,0.264063,7.748000,12.268170

-1.603917,0.509075,8.701765,15.329998,0.155537,0.360004,0.149218,7.748000,12.268170

-0.940497,0.851563,9.128078,15.300587,0.035629,0.147899,0.116976,7.740000,12.268170

-0.253126,-1.203363,9.880115,15.300587,-0.045110,0.095673,0.116443,7.740000,12.268170

-0.396827,0.750972,9.427456,15.300587,0.006318,0.099137,0.213169,7.732000,12.268170

0.815052,-0.130395,8.740085,15.315292,-0.050972,0.170016,0.362121,7.728000,24.057365

-0.305817,1.622760,9.434641,15.306469,-0.007272,0.256883,0.415947,7.732000,24.057365

-0.629144,3.366334,7.837162,15.309410,-0.054169,0.264876,0.428204,7.736000,24.057365

-1.802704,1.471873,9.408296,15.306469,-0.124249,0.336288,0.405821,7.732000,24.057365

-0.897387,4.075260,7.973679,15.306469,0.091852,0.417560,0.257135,7.740000,24.057365

0.939593,2.973551,10.538745,15.312351,-0.076286,0.406635,0.207839,7.740000,24.057365

-0.964447,3.560330,9.032277,15.291763,-0.021128,0.502028,0.173466,7.744000,24.057365

-0.775241,4.185431,7.662326,15.297646,-0.037915,0.468187,0.135628,7.744000,24.057365

-0.938102,3.601046,9.669353,15.291763,-0.102133,0.499630,0.051159,7.744000,24.057365

-2.755922,3.862103,10.042975,15.291763,0.030566,0.384785,-0.044501,7.748000,24.057365

-2.765502,5.119488,7.705436,15.294704,0.084924,0.322699,-0.148687,7.748000,24.057365

-4.865934,2.111343,9.666958,15.291763,-0.052304,0.251820,-0.274191,7.752000,24.057365

-3.462452,2.140084,11.127919,15.294704,0.007384,0.120454,-0.431671,7.752000,24.057365

-6.484967,-0.264516,11.422507,15.300587,-0.060298,-0.028499,-0.679214,7.752000,24.057365

-6.573583,-2.101496,10.045371,15.294704,-0.165284,-0.224615,-0.784733,7.756000,24.057365

-5.261112,1.452713,10.469289,15.312351,-0.088543,-0.373301,-0.897447,7.748000,24.057365

-0.813561,-0.635744,10.136381,15.279999,0.231478,-0.653353,-0.927557,7.752000,24.057365

-0.926127,-0.906381,6.848019,15.297646,0.435056,-0.684796,-0.830298,7.748000,24.057365

0.549205,-2.379318,8.958032,15.297646,-0.081881,-1.016541,-0.622191,7.736000,24.057365

2.860399,-0.688434,11.611713,15.279999,-0.036050,-0.721834,-0.266730,7.740000,24.057365

2.347865,3.062166,10.349538,15.282940,0.343659,-0.585139,-0.015723,7.732000,24.057365

2.369420,1.735325,9.250224,15.277058,0.112370,-0.668808,0.117775,7.728000,24.157689

3.444784,1.505404,8.100615,15.282940,0.129690,-0.671473,0.309628,7.728000,24.157689

2.173028,2.245465,8.735295,15.285881,0.015111,-0.431390,0.573426,7.724000,24.157689

0.398319,3.957904,7.336603,15.300587,0.215491,-0.342391,0.734369,7.724000,24.157689

0.065411,0.990474,9.041858,15.282940,-0.023793,-0.301356,0.666155,7.728000,24.157689

0.518070,3.809412,9.765154,15.285881,-0.027523,-0.162529,0.509209,7.732000,24.157689

1.011444,2.499337,10.138777,15.288822,-0.021394,-0.106306,0.207573,7.732000,24.157689

0.086966,4.027359,8.893367,15.282940,0.170725,-0.050882,-0.168939,7.736000,24.157689

0.060621,4.355477,9.010722,15.291763,-0.024858,-0.108704,-0.462047,7.740000,24.157689

0.882113,2.698123,8.560458,15.297646,0.051083,-0.160398,-0.643508,7.740000,24.157689

0.824632,5.085958,9.211904,15.268234,-0.058166,-0.196903,-0.564902,7.744000,24.157689

0.836608,3.984249,10.040581,15.279999,-0.061630,-0.163595,-0.399962,7.740000,24.157689

2.113153,3.026241,10.107641,15.288822,-0.037116,-0.175852,-0.082605,7.748000,24.157689

2.699933,0.686307,8.747270,15.300587,-0.137572,-0.091384,0.359457,7.752000,24.157689

3.018471,3.969878,8.934082,15.297646,-0.030721,0.030922,0.600605,7.752000,24.157689

4.227955,1.280272,11.027328,15.294704,-0.239894,0.038916,0.712786,7.744000,24.157689

4.680614,-0.058544,8.835886,15.285881,0.140615,0.147367,0.636844,7.748000,24.157689

2.865189,1.531749,7.853928,15.285881,0.154737,0.246757,0.516403,7.748000,24.157689

1.890416,-2.357763,8.517348,15.288822,-0.130644,0.292322,0.475901,7.744000,24.157689

-1.021928,-2.319443,10.665681,15.285881,-0.018996,0.337621,0.562767,7.740000,24.157689

-2.976264,-0.254936,10.009445,15.274117,0.064140,0.472451,0.456715,7.740000,24.157689

-2.930758,0.372559,9.137658,15.282940,-0.099468,0.367997,0.419144,7.740000,23.777896

-2.315238,1.780831,8.941267,15.279999,-0.021927,0.354674,0.516403,7.736000,23.777896

-0.837511,1.404813,10.253737,15.303528,0.006851,0.383186,0.729573,7.728000,23.777896

-1.963170,2.681358,8.249105,15.291763,0.027901,0.431682,0.673083,7.736000,23.777896

-0.063920,3.768697,8.495793,15.274117,-0.060564,0.421023,0.699729,7.728000,23.777896

1.126405,3.143597,9.520862,15.277058,0.118232,0.504959,0.749291,7.740000,23.777896

-0.969237,1.677845,10.402228,15.282940,0.016710,0.531605,0.595009,7.740000,23.777896

-0.830326,3.186707,6.982141,15.279999,-0.067492,0.569177,0.330945,7.736000,23.777896

-0.461493,3.086117,7.573710,15.277058,0.019907,0.652579,-0.075410,7.740000,23.777896

-2.528395,2.702913,7.537785,15.282940,0.120364,0.688552,-0.451389,7.744000,23.777896

-3.213370,2.262230,7.441984,15.268234,-0.008338,0.484442,-0.771677,7.744000,23.777896

-3.876791,1.115016,10.201047,15.277058,-0.224439,0.370396,-0.943012,7.748000,23.777896

-6.619088,3.225028,9.290939,15.268234,0.073733,0.396775,-0.828167,7.752000,23.777896

-4.794084,3.787857,9.659773,15.268234,0.043356,-0.040223,-0.742899,7.748000,23.777896

-6.405931,0.422855,9.975915,15.288822,-0.204454,-0.232342,-0.594213,7.752000,23.777896

-5.172496,-1.320719,10.845307,15.285881,0.001788,-0.335197,-0.528396,7.752000,23.777896

-2.070946,-0.463302,9.949570,15.279999,0.035895,-0.313880,-0.350399,7.756000,23.777896

-1.584757,1.124595,9.657377,15.277058,0.202967,-0.377298,-0.128703,7.748000,23.777896

-1.841024,-1.414125,9.255014,15.277058,-0.067226,-0.478554,-0.029046,7.744000,23.777896

0.894088,-0.645324,10.737532,15.279999,0.070802,-0.401280,0.029842,7.744000,23.777896

1.832936,0.439620,9.099339,15.265293,-0.020595,-0.304820,0.072210,7.740000,24.112426

-0.581244,0.470755,10.981823,15.259411,0.093717,-0.136150,0.232887,7.736000,24.112426

-2.432594,0.772528,10.196257,15.277058,0.059077,-0.154269,-0.023716,7.728000,24.112426

-0.818351,-0.542338,8.900552,15.282940,-0.056834,-0.314946,-0.153217,7.732000,24.112426

0.676141,3.773487,7.925778,15.256470,0.092385,-0.129754,-0.217435,7.736000,24.112426

-1.491351,2.968760,8.938871,15.285881,-0.014999,-0.126557,-0.340274,7.728000,24.112426

-2.497260,0.463570,9.959150,15.271175,-0.049639,-0.205430,-0.451922,7.728000,24.112426

-0.495023,3.553145,9.578342,15.288822,0.107840,-0.270980,-0.515873,7.728000,24.112426

-0.027994,3.574700,7.310258,15.291763,0.051883,-0.250195,-0.664292,7.736000,24.112426

-1.946405,3.054981,8.910131,15.271175,0.028701,-0.404211,-0.596611,7.732000,24.112426

-1.536857,3.902818,8.440707,15.271175,0.195240,-0.340526,-0.402893,7.740000,24.112426

-0.890202,3.627391,7.846742,15.256470,0.084658,-0.463898,-0.293643,7.740000,24.112426

1.492843,3.787857,8.747270,15.285881,0.050284,-0.575280,-0.155615,7.744000,24.112426

3.839962,3.941139,11.020144,15.256470,-0.036583,-0.572615,0.057022,7.744000,24.112426

2.671193,5.679923,9.717253,15.259411,0.275178,-0.360777,0.213169,7.744000,24.112426

5.499711,4.693175,8.656260,15.288822,-0.066960,-0.304554,0.355460,7.744000,24.112426

7.913890,0.815638,11.137500,15.262352,-0.234298,-0.208361,0.510541,7.752000,24.112426

7.312741,1.922137,9.705278,15.268234,-0.010469,0.116457,0.762081,7.748000,24.112426

5.981110,2.096973,10.701606,15.268234,-0.246555,0.404503,0.752755,7.744000,24.112426

2.072438,-2.302677,10.220207,15.256470,-0.074154,0.467122,0.731705,7.744000,24.112426

0.736017,-0.652509,9.290939,15.253529,0.013246,0.441275,0.630715,7.736000,24.112426

-0.372877,0.667147,9.793894,15.259411,0.076397,0.661906,0.421009,7.740000,23.756743

-2.157167,1.007240,9.401111,15.262352,-0.126647,0.607814,0.124970,7.732000,23.756743

-3.620524,-0.599819,9.777128,15.274117,0.003920,0.557452,-0.065551,7.732000,23.756743

-3.491193,3.962693,8.445498,15.265293,-0.034984,0.378922,-0.172136,7.728000,23.756743

-1.812284,4.312366,8.867022,15.274117,-0.045643,0.262745,-0.246746,7.728000,23.756743

0.918038,2.405931,10.045371,15.247646,0.037227,0.118056,-0.109784,7.728000,23.756743

-0.334557,1.778436,10.366303,15.262352,-0.110926,0.170815,0.124970,7.728000,23.756743

0.975519,5.169784,10.138777,15.235882,-0.002209,0.299517,0.292042,7.736000,23.756743

2.984940,4.108790,8.991562,15.271175,0.062541,0.385051,0.352262,7.740000,23.756743

-0.198041,2.793924,8.934082,15.259411,0.062808,0.458595,0.597674,7.736000,23.756743

-0.478258,3.004686,8.771220,15.244705,-0.038448,0.520414,0.615794,7.740000,23.756743

0.307308,1.879027,8.308981,15.259411,0.022305,0.486573,0.329879,7.744000,23.756743

-2.126032,3.454949,10.112432,15.256470,-0.053636,0.666702,0.179861,7.740000,23.756743

-3.256481,4.563844,9.271779,15.259411,0.139815,0.702408,-0.177199,7.748000,23.756743

-4.243229,2.863380,9.108918,15.241764,0.092652,0.506558,-0.527331,7.748000,23.756743

-6.892120,1.162916,9.954360,15.256470,0.070802,0.264077,-0.983781,7.756000,23.756743

-7.179523,-1.021342,8.074269,15.256470,0.086523,-0.270980,-1.042136,7.756000,23.756743

-6.056259,-2.142211,10.715977,15.256470,-0.160221,-0.359179,-0.949407,7.752000,23.756743

-3.615734,-2.259567,8.134145,15.259411,0.018042,-0.552897,-0.866271,7.752000,23.756743

-0.902177,-1.921869,10.795012,15.241764,0.174988,-0.639497,-0.733306,7.752000,23.756743

-2.420619,-1.177018,8.222761,15.244705,0.132621,-0.672805,-0.511609,7.740000,24.177500

4.613554,0.188143,9.360395,15.238823,0.109972,-0.697586,-0.236886,7.732000,24.177500

0.659376,0.856353,10.304033,15.232941,0.128624,-0.497206,0.007993,7.728000,24.177500

0.712067,2.001173,9.911250,15.244705,0.186180,-0.502802,0.094593,7.724000,24.177500

-0.130980,0.645592,10.071716,15.241764,0.166995,-0.456704,0.186256,7.724000,24.177500

-1.393156,1.282667,9.044252,15.238823,0.006584,-0.403145,0.202510,7.720000,24.177500

-0.696205,2.331685,9.908854,15.241764,0.008449,-0.362909,0.233953,7.724000,24.177500

-0.487838,2.578372,10.344748,15.241764,0.038293,-0.354649,0.315757,7.720000,24.177500

0.750387,1.694610,8.124565,15.241764,0.192841,-0.404211,0.407420,7.716000,24.177500

0.161212,4.307577,8.926897,15.238823,0.047086,-0.447111,0.349597,7.724000,24.177500

1.873651,1.634735,9.080178,15.238823,0.014312,-0.422863,0.203576,7.724000,24.177500

-0.023204,5.157809,10.002260,15.244705,0.031898,-0.192373,0.099389,7.724000,24.177500

0.470170,3.304063,8.867022,15.235882,-0.118653,-0.243001,0.057288,7.724000,24.177500

0.292938,4.247701,10.148356,15.241764,0.008183,-0.150272,0.029310,7.732000,24.177500

0.913248,5.040452,9.480146,15.238823,0.209895,-0.114566,0.025846,7.736000,24.177500

0.345629,3.787857,7.669511,15.238823,0.063607,-0.159065,0.047962,7.744000,24.177500

0.185162,4.530313,10.327983,15.227058,-0.191664,-0.082058,0.150284,7.744000,24.177500

3.681891,1.167706,12.754138,15.247646,-0.142102,-0.034361,0.213968,7.752000,24.177500

3.813617,6.685831,10.167517,15.227058,0.039892,-0.087653,0.281117,7.744000,24.177500

5.664967,3.359149,10.268107,15.232941,0.136618,0.000279,0.593677,7.744000,24.177500

3.085531,-0.156740,10.462104,15.238823,0.057478,0.151097,0.674415,7.748000,24.177500

0.747992,-0.262121,9.817844,15.230000,0.080394,0.314705,0.539585,7.744000,24.177500

1.361117,-1.517111,9.113708,15.230000,0.000988,0.352010,0.396495,7.744000,24.177500

-0.377667,-0.719570,8.002419,15.227058,-0.077884,0.465789,0.307230,7.736000,24.177500

-1.055458,0.906649,9.978311,15.253529,0.007384,0.454598,0.115643,7.732000,24.177500

-0.171696,0.777318,10.816567,15.224117,0.056946,0.407434,-0.073279,7.728000,24.177500

0.405504,2.092183,8.189230,15.232941,0.122762,0.348546,-0.001600,7.720000,24.177500

-0.099845,1.673055,8.917316,15.221176,0.004719,0.311507,-0.033309,7.720000,24.177500

1.344352,1.119806,9.549602,15.221176,-0.081881,0.342151,-0.050629,7.720000,24.177500

-0.221991,3.181917,9.410690,15.212351,-0.005673,0.445805,-0.016522,7.728000,24.177500

0.673746,4.137530,8.593988,15.218235,-0.044843,0.411964,-0.007995,7.724000,24.177500

-0.681835,2.899305,8.572433,15.221176,0.054814,0.456197,-0.127104,7.720000,24.177500

-0.298632,2.585557,7.973679,15.200586,-0.042711,0.417826,-0.247279,7.732000,24.177500

0.573155,2.142479,8.177256,15.221176,-0.161820,0.394111,-0.334678,7.732000,24.177500

0.769547,3.160362,10.076506,15.218235,-0.116788,0.420757,-0.386372,7.724000,24.177500

-0.657885,3.529195,8.752060,15.224117,-0.008871,0.389847,-0.419413,7.736000,24.177500

-7.059772,5.727823,4.994274,15.224117,-0.064828,0.174546,-0.452188,7.744000,24.177500

-5.776042,-0.638139,10.775852,15.215292,0.192308,-0.455105,-0.474837,7.748000,24.177500

-1.055458,-0.087284,7.753336,15.221176,0.086789,-0.508664,-0.255006,7.736000,11.659641

-2.269733,-3.730109,11.077624,15.221176,0.076930,-0.610186,-0.144424,7.732000,11.659641

2.113153,-1.634467,9.106524,15.221176,-0.013667,-0.717304,-0.003732,7.728000,11.659641

3.758532,2.092183,5.882826,15.206469,0.234143,-0.468961,0.389833,7.720000,11.659641

0.685721,0.607271,11.338681,15.218235,-0.065894,-0.203565,0.641907,7.716000,11.659641

-0.162116,-1.284794,12.761323,15.212351,0.081727,-0.133485,0.636311,7.716000,11.659641

-0.387247,4.944652,9.463381,15.221176,0.229613,-0.028765,0.494553,7.712000,11.659641

-0.808771,1.816756,8.337722,15.215292,-0.089609,-0.161996,0.265395,7.716000,11.659641

-2.061366,-1.620097,6.476791,15.221176,0.113969,-0.157733,0.081803,7.712000,11.659641

-3.263666,8.755128,7.930568,15.209410,0.302357,-0.009580,-0.174001,7.716000,11.659641

-2.329608,-0.307626,12.648757,15.215292,-0.401370,-0.301623,-0.448458,7.712000,11.659641

-0.506998,1.869447,11.968572,15.218235,0.273580,-0.205696,-0.453521,7.720000,11.659641

-1.833839,4.204591,8.141330,15.230000,0.164863,-0.207029,-0.479101,7.720000,11.659641

-2.633776,3.071746,6.869575,15.218235,-0.005940,-0.361044,-0.342939,7.720000,11.659641

-1.948800,5.330250,8.172465,15.212351,0.145411,-0.446312,-0.124439,7.724000,11.659641

1.040184,4.379427,8.989167,15.209410,0.084658,-0.512661,0.005061,7.728000,11.659641

0.958754,2.496942,9.130473,15.209410,0.283705,-0.473225,0.036770,7.736000,11.659641

-1.306935,4.503968,8.431128,15.224117,0.159534,-0.276309,0.091928,7.736000,11.659641

3.909418,4.899147,8.208390,15.215292,-0.247888,-0.245932,0.079404,7.740000,11.659641

6.148761,2.609508,9.643007,15.215292,-0.161287,-0.169724,0.311760,7.736000,11.659641

5.739213,1.273087,10.675261,15.209410,0.018841,-0.050349,0.422875,7.744000,11.659641

3.796852,0.918624,9.894485,15.200586,0.067338,0.130313,0.483095,7.740000,11.659641

3.404068,4.657249,8.704160,15.218235,-0.062696,0.183605,0.511340,7.744000,11.659641

3.126246,-0.235776,11.640453,15.197645,-0.190332,0.145235,0.460179,7.728000,11.659641

1.861676,-4.762362,11.209351,15.203527,0.088655,0.172680,0.431135,7.732000,11.659641

1.114430,-0.777050,8.237131,15.206469,0.039359,0.346680,0.416213,7.728000,11.659641

-1.553622,2.171219,10.131592,15.206469,0.079328,0.411697,0.498017,7.716000,11.659641

1.128800,-0.147160,9.446616,15.197645,-0.054702,0.212117,0.403423,7.716000,11.659641

-2.533185,1.711375,8.625124,15.194704,0.178985,0.373327,0.325616,7.712000,11.659641

0.314493,1.850286,9.439431,15.200586,0.043356,0.080484,0.449787,7.712000,11.659641

-0.770451,2.956785,9.389135,15.206469,-0.007538,0.176677,0.532391,7.716000,11.659641

0.359999,3.268138,8.689790,15.212351,0.014312,0.210252,0.593677,7.712000,11.659641

1.674865,4.690780,8.141330,15.209410,0.063341,0.242494,0.691735,7.712000,11.659641

2.256854,3.328013,8.847861,15.200586,-0.003009,0.376258,0.786330,7.720000,11.659641

0.407899,4.036940,9.937595,15.203527,0.092119,0.521480,0.786596,7.724000,11.659641

-0.375272,2.063443,9.863349,15.197645,0.093184,0.517217,0.645904,7.720000,11.659641

-0.921337,3.936348,7.547365,15.203527,0.184048,0.604083,0.443392,7.720000,11.659641

-2.231412,4.228541,7.535390,15.197645,-0.054169,0.619272,0.223561,7.716000,11.659641

-2.102081,-0.765075,9.401111,15.209410,-0.080283,0.722659,0.088731,7.728000,11.659641

-5.028795,4.894356,7.870693,15.191763,0.084125,0.785011,-0.130568,7.728000,11.659641

-5.910162,4.820111,10.337564,15.203527,-0.116522,0.457529,-0.370651,7.728000,11.659641

-4.750973,0.932994,10.586645,15.203527,-0.229502,0.354941,-0.429272,7.736000,11.659641

-5.900582,1.998778,9.049043,15.203527,-0.043244,0.498831,-0.487095,7.736000,11.659641

-5.938902,0.123477,11.319521,15.191763,-0.165551,0.161489,-0.569432,7.736000,11.252177

-4.334239,-0.008249,9.963940,15.194704,0.099580,0.002144,-0.618194,7.732000,11.252177

-2.897228,-0.844111,8.579618,15.209410,0.046554,-0.280839,-0.632317,7.728000,11.252177

-1.539252,-2.915802,9.140054,15.206469,-0.277465,-0.509463,-0.686409,7.728000,11.252177

-1.414711,0.061207,12.670312,15.197645,0.142214,-0.207295,-0.674418,7.728000,11.252177

2.491566,-1.524296,10.756692,15.188822,0.193374,-0.531846,-0.636580,7.720000,11.252177

0.118102,-0.135185,9.492122,15.206469,0.038293,-0.250995,-0.433269,7.708000,11.252177

-1.254244,-0.983022,9.959150,15.191763,-0.020062,-0.261120,-0.245946,7.704000,11.252177

0.961149,1.229976,9.037067,15.203527,0.120364,-0.194771,-0.276589,7.704000,11.252177

1.658099,3.696846,10.251343,15.194704,0.138483,-0.139880,-0.077542,7.696000,11.252177

-3.450477,0.992869,10.926738,15.191763,-0.058433,-0.247264,0.084734,7.696000,11.252177

-3.107990,3.141202,9.736413,15.188822,0.302357,-0.255525,0.047962,7.704000,11.252177

-2.870883,2.355635,7.408454,15.194704,0.192841,-0.473491,0.140158,7.700000,11.252177

-1.479376,0.312684,8.950847,15.171175,-0.101333,-0.409806,0.288311,7.692000,11.252177

-2.576295,3.787857,10.112432,15.191763,0.079595,-0.321341,0.354660,7.696000,11.252177

-1.275800,2.990316,8.876601,15.182940,0.162465,-0.357313,0.298970,7.696000,11.252177

-0.768055,2.827454,7.580895,15.179998,0.246667,-0.358113,0.293374,7.700000,11.252177

2.537071,5.691898,6.079218,15.182940,0.058811,-0.265384,0.204375,7.712000,11.252177

0.613871,3.512430,8.864626,15.179998,-0.174610,-0.124425,0.063950,7.704000,11.252177

-0.324977,2.705308,8.596384,15.185881,0.141947,-0.131620,-0.126837,7.708000,11.252177

-1.067433,3.622601,8.986773,15.188822,0.095583,-0.277641,-0.190788,7.724000,11.252177

0.022301,2.655013,9.456196,15.182940,-0.277465,-0.212358,-0.017854,7.720000,11.252177

1.758690,3.972274,10.442944,15.188822,0.077197,-0.101243,0.005328,7.724000,11.252177

2.252064,2.571187,8.347301,15.177057,0.152339,-0.142278,-0.063419,7.728000,11.252177

3.813617,3.795042,8.613149,15.191763,0.061475,-0.115099,0.096458,7.724000,21.411219

2.723883,0.231253,10.280083,15.174116,0.030033,-0.004517,0.336541,7.724000,21.411219

2.108363,-1.895524,9.571157,15.185881,-0.247888,0.086080,0.342669,7.728000,21.411219

0.726437,1.131781,10.440549,15.147646,-0.155159,0.205189,0.376777,7.716000,21.411219

1.576669,0.796478,10.768666,15.200586,0.060676,0.184938,0.479898,7.716000,21.411219

1.171910,-2.458354,10.682446,15.174116,0.008183,0.218778,0.587016,7.712000,21.411219

-0.506998,1.287457,12.121853,15.177057,0.059877,0.269406,0.642173,7.700000,21.411219

-0.681835,-0.082494,10.823752,15.174116,0.077996,0.288858,0.460446,7.704000,21.411219

-0.899782,1.864656,7.676696,15.174116,0.221353,0.229970,0.431668,7.696000,21.411219

-2.236202,5.330250,6.239684,15.182940,-0.030454,0.174812,0.471371,7.692000,21.411219

-1.062643,2.676568,11.918276,15.185881,0.009515,0.196129,0.513472,7.688000,21.411219

0.271383,-0.446537,10.924343,15.188822,0.075598,0.192399,0.540385,7.692000,21.411219

-0.533344,4.997342,8.371252,15.182940,-0.044843,0.336821,0.544648,7.700000,21.411219

0.884508,5.732613,8.795171,15.182940,0.052949,0.369596,0.628051,7.700000,21.411219

3.032840,1.323382,11.384187,15.179998,0.029500,0.310974,0.648302,7.700000,21.411219

2.139498,4.760235,10.203442,15.182940,0.104376,0.543863,0.611797,7.708000,21.411219

0.158817,6.788817,6.524692,15.188822,0.181650,0.600086,0.436464,7.712000,21.411219

1.581459,2.628668,7.145002,15.179998,0.055880,0.665903,0.256336,7.712000,21.411219

0.455800,1.934112,7.453959,15.177057,0.034563,0.802065,0.037570,7.712000,21.411219

-3.175050,4.760235,8.986773,15.188822,-0.077618,0.717330,-0.316825,7.720000,21.411219

-3.316356,3.117252,8.572433,15.168234,-0.077884,0.601152,-0.575827,7.716000,21.411219

-4.329450,2.314920,8.895761,15.185881,-0.135440,0.574506,-0.809248,7.712000,21.411219

-3.737880,-1.488371,8.764035,15.185881,0.056146,0.379722,-1.087168,7.724000,21.411219

-6.681359,4.875196,9.805869,15.185881,-0.010203,0.296053,-1.061588,7.728000,21.545336

-7.706427,2.911280,11.590158,15.191763,-0.187401,0.028258,-1.012026,7.720000,21.545336

-4.396510,-3.425942,8.701765,15.194704,0.097181,-0.425261,-1.082372,7.728000,21.545336

-1.009952,0.906649,7.777287,15.182940,0.178186,-0.432456,-0.827367,7.716000,21.545336

-0.803981,-2.206877,11.709909,15.194704,-0.221241,-0.633368,-0.568899,7.712000,21.545336

-0.993187,-3.002023,12.050002,15.168234,0.150207,-0.439384,-0.454053,7.708000,21.545336

1.830541,-0.824950,8.610754,15.171175,0.192042,-0.460967,-0.413018,7.712000,21.545336

3.404068,-0.841716,9.745994,15.182940,0.003120,-0.216888,-0.266197,7.704000,21.545336

1.064134,-0.254936,8.814330,15.168234,0.049751,-0.157999,-0.331747,7.680000,21.545336

-1.151259,-0.530363,10.342353,15.182940,0.116100,-0.126290,-0.523600,7.676000,21.545336

0.101337,0.885094,9.027488,15.174116,0.023904,-0.209693,-0.751159,7.676000,21.545336

-0.324977,1.876631,7.712621,15.179998,0.042290,-0.234208,-0.729576,7.668000,21.545336

-2.037416,2.889725,7.719806,15.177057,0.145678,-0.219286,-0.606203,7.668000,21.545336

-2.480494,2.940020,8.754455,15.197645,0.234676,-0.290698,-0.368785,7.676000,21.545336

-2.006281,1.555699,8.249105,15.185881,0.032964,-0.479353,-0.171337,7.672000,21.545336

0.379159,2.271810,9.298124,15.165293,0.170459,-0.441782,-0.091398,7.672000,21.545336

-2.631381,2.992711,7.794052,15.179998,0.129956,-0.416202,-0.036507,7.672000,21.545336

-1.350045,3.498060,8.182045,15.171175,0.035629,-0.505200,0.047163,7.680000,21.545336

-3.996542,2.255045,10.701606,15.168234,0.012180,-0.496940,0.228890,7.680000,21.545336

-3.919901,7.239080,10.275292,15.153528,0.222152,-0.451375,0.455649,7.680000,21.545336

-1.750014,3.232213,7.940148,15.182940,0.165662,-0.595531,0.629916,7.688000,21.545336

-2.686466,4.412958,7.777287,15.174116,0.030566,-0.687194,0.802051,7.696000,21.545336

-0.471073,2.602323,9.961545,15.191763,-0.029921,-0.636832,0.762614,7.692000,21.545336

0.745597,3.330408,9.358000,15.168234,0.026036,-0.470560,0.667221,7.704000,21.545336

1.667679,3.986644,8.373647,15.159410,0.029766,-0.423663,0.644838,7.700000,20.076484

2.481986,2.628668,9.252620,15.165293,0.002321,-0.315479,0.657895,7.696000,20.076484

2.838844,1.395233,10.842913,15.159410,0.002587,-0.238471,0.610464,7.704000,20.076484

2.067648,1.182076,10.050160,15.177057,0.113169,-0.127889,0.568630,7.700000,20.076484

2.137103,1.158126,8.572433,15.168234,-0.002742,-0.083124,0.504945,7.708000,20.076484

-0.238756,-0.755495,10.100456,15.188822,-0.129045,-0.074330,0.486826,7.696000,20.076484

0.120497,-0.219010,10.383068,15.168234,0.070002,-0.074597,0.484960,7.700000,20.076484

0.379159,0.770133,10.414204,15.182940,0.043889,-0.056477,0.575558,7.696000,20.076484

0.764757,-1.112353,9.401111,15.174116,0.125693,-0.079659,0.855077,7.684000,20.076484

-1.163234,-0.607004,9.113708,15.162352,0.142480,-0.163329,1.192951,7.684000,20.076484

-1.759594,-0.300441,10.407019,15.165293,0.030566,-0.122560,1.339506,7.680000,20.076484

-0.806376,-0.252541,10.311218,15.174116,0.102511,-0.185445,1.568130,7.676000,20.076484

0.063016,0.394115,10.759087,15.182940,0.111037,-0.105240,1.720813,7.684000,20.076484

2.699933,1.989197,9.484936,15.171175,0.120630,-0.017574,1.860973,7.676000,20.076484

3.885468,2.494547,9.880115,15.168234,0.245601,0.120720,1.816740,7.672000,20.076484

3.090321,3.826177,10.459709,15.168234,0.386560,0.376791,1.580654,7.680000,20.076484

1.557508,4.412958,10.320798,15.188822,0.423331,0.408766,1.206541,7.688000,20.076484

1.435363,3.490875,8.014394,15.165293,0.235742,0.541198,0.928887,7.688000,20.076484

0.882113,2.954390,10.744717,15.200586,0.184581,0.612610,0.687738,7.688000,20.076484

1.315612,1.105435,10.385464,15.162352,0.286636,0.560117,0.355993,7.700000,20.076484

1.246156,4.535103,7.247987,15.168234,0.208563,0.692815,0.127634,7.708000,20.076484

0.441429,5.636813,6.802514,15.162352,0.162731,0.683756,0.120440,7.708000,20.076484

1.797010,3.296878,7.750942,15.171175,0.107573,0.732252,0.231288,7.704000,20.076484

-1.005162,2.003568,9.930409,15.141764,0.157135,0.780215,0.207839,7.704000,20.076484

-2.487679,4.405772,8.905341,15.185881,0.161132,0.833507,0.072210,7.704000,20.076484

-0.368087,3.840548,8.146120,15.182940,0.092918,0.640589,0.014121,7.712000,20.829311

-2.018256,2.477782,9.748388,15.159410,0.098247,0.641654,0.035438,7.712000,20.829311

-2.415829,2.293365,10.385464,15.168234,-0.020861,0.453532,-0.014124,7.708000,20.829311

-5.064721,3.287298,10.395043,15.171175,0.234676,0.541997,-0.067416,7.712000,20.829311

-0.990792,1.452713,9.228669,15.171175,0.068936,0.301915,-0.108185,7.712000,20.829311

-5.153336,-0.724360,9.420271,15.150587,-0.031786,0.171082,-0.128703,7.704000,20.829311

-2.631381,-0.527968,8.253896,15.150587,-0.085345,0.055437,-0.315759,7.696000,20.829311

-2.454149,0.362979,8.062294,15.177057,-0.120785,-0.135350,-0.209441,7.684000,20.829311

4.309386,-0.441747,9.688513,15.168234,-0.206586,-0.178784,-0.001067,7.684000,20.829311

5.897284,1.821546,9.281360,15.168234,0.136085,-0.182780,0.113245,7.676000,20.829311

4.551283,2.437066,9.439431,15.171175,0.134220,0.006674,0.257668,7.680000,20.829311

1.171910,0.990474,9.487331,15.174116,0.007117,-0.050882,0.349864,7.668000,20.829311

-0.964447,-0.099259,8.718530,15.165293,0.072667,-0.036759,0.338672,7.664000,20.829311

-2.212252,2.039493,8.481422,15.156469,-0.126381,0.048775,0.185457,7.668000,20.829311

-1.716483,2.243070,10.275292,15.171175,-0.138904,-0.058342,0.207573,7.664000,20.829311

-1.733248,2.587952,9.504096,15.168234,-0.088010,-0.072731,0.165472,7.664000,20.829311

-1.395551,3.354359,10.078901,15.144705,0.000455,-0.119096,0.039968,7.672000,20.829311

1.068924,2.415511,8.565248,15.174116,0.118498,-0.221418,0.044764,7.664000,20.829311

0.213903,0.794083,8.165280,15.165293,-0.058433,-0.136949,0.175065,7.664000,20.829311

2.446061,5.890685,9.803473,15.165293,-0.091741,-0.077794,0.276054,7.672000,20.829311

2.778969,2.374796,7.770102,15.162352,0.066005,-0.081791,0.419411,7.668000,20.829311

1.157540,4.082445,7.760522,15.150587,-0.087211,0.041847,0.429003,7.672000,20.829311

1.686840,4.262071,8.967612,15.171175,-0.044843,0.126050,0.286979,7.684000,20.829311

1.780245,4.369847,9.235854,15.162352,0.048152,0.272071,0.173466,7.692000,20.829311

-0.358507,4.733890,8.337722,15.165293,-0.036583,0.183605,0.035172,7.696000,20.035755

0.544415,3.411839,9.101733,15.156469,-0.123716,0.187869,0.098590,7.692000,20.035755

0.462985,3.086117,9.738809,15.159410,-0.151695,0.234233,0.019983,7.696000,20.035755

-0.621959,1.926927,9.209509,15.147646,0.010848,0.168417,-0.058890,7.696000,20.035755

-0.248336,1.790411,8.907737,15.162352,-0.106396,0.181207,-0.061554,7.696000,20.035755

1.282081,1.914952,11.309941,15.159410,-0.153826,0.084481,0.111913,7.696000,20.035755

2.410136,-0.575868,9.961545,15.162352,0.020440,0.109795,0.319221,7.700000,20.035755

0.331258,-0.317206,9.137658,15.156469,-0.048041,0.169216,0.437264,7.700000,20.035755

2.196979,-0.681249,9.504096,15.168234,-0.097603,0.197728,0.502014,7.692000,20.035755

1.706000,0.765343,11.374607,15.156469,0.071335,0.292322,0.546780,7.680000,20.035755

-1.103358,0.624036,10.122011,15.156469,-0.133309,0.360004,0.221962,7.676000,20.035755

-1.316515,1.206026,8.069479,15.144705,-0.056567,0.316037,-0.017588,7.672000,20.035755

-1.539252,1.594019,8.299401,15.159410,-0.044044,0.312307,-0.176932,7.680000,20.035755

-1.556017,-0.331576,9.391530,15.162352,-0.108794,0.265143,-0.342672,7.680000,20.035755

-0.715365,2.192774,9.892090,15.159410,-0.083480,0.216647,-0.317891,7.676000,20.035755

0.688116,2.070628,11.039304,15.147646,-0.090142,0.128981,-0.264599,7.668000,20.035755

1.095270,2.724468,8.936477,15.135881,0.028701,0.231302,-0.134032,7.672000,20.035755

-0.183671,1.843101,9.568762,15.159410,0.004985,0.305379,-0.045033,7.676000,20.035755

0.415084,-0.705199,8.936477,15.147646,-0.058699,0.306445,-0.036773,7.680000,20.035755

-0.950077,1.012030,11.736255,15.159410,-0.153826,0.412230,-0.043435,7.676000,20.035755

0.795892,1.021610,8.361671,15.156469,-0.118920,0.268873,-0.280053,7.672000,20.035755

0.671351,1.459898,9.336445,15.156469,0.194174,0.401838,-0.442596,7.676000,20.035755

-2.590665,1.488638,11.103970,15.153528,-0.085878,0.243826,-0.721315,7.668000,20.035755

-0.114215,0.839588,9.343630,15.150587,0.018841,0.264610,-0.952072,7.672000,20.035755

-0.298632,0.257598,10.385464,15.144705,-0.051505,0.168417,-1.041870,7.664000,20.035755

-1.778754,2.839429,8.855046,15.150587,0.004985,0.168417,-1.134599,7.672000,20.035755

0.201927,-1.524296,9.887300,15.144705,-0.066693,0.075688,-1.290746,7.664000,20.035755

1.449733,0.089947,9.719648,15.132940,-0.091208,-0.013044,-1.368553,7.664000,20.035755

1.799406,1.761671,11.355447,15.162352,0.177387,0.084481,-1.247312,7.668000,20.035755

-1.259035,0.415670,9.427456,15.135881,0.169126,-0.002385,-1.121009,7.656000,20.035755

1.576669,2.714888,8.749665,15.132940,0.253595,-0.041289,-0.916099,7.664000,20.035755

-0.308212,0.068392,9.434641,15.135881,0.030566,-0.134817,-0.617128,7.652000,20.035755

-2.293683,1.095855,10.426179,15.141764,0.067604,-0.137482,-0.405291,7.648000,20.035755

-1.043483,0.674332,10.040581,15.144705,0.126226,-0.227280,-0.297107,7.656000,20.035755

-0.770451,0.394115,9.128078,15.129999,0.215491,-0.206762,-0.204911,7.656000,20.035755

-2.363138,0.262388,10.560300,15.147646,0.101445,-0.375433,-0.025315,7.644000,20.035755

-1.294960,1.730535,8.967612,15.132940,0.246400,-0.297093,0.083135,7.644000,20.035755

-1.987120,1.922137,9.015512,15.159410,0.140881,-0.332799,0.201444,7.648000,20.035755

-1.702113,0.410880,9.810658,15.147646,0.071068,-0.362643,0.275521,7.632000,20.035755

-0.281867,-0.657299,9.192744,15.168234,-0.038182,-0.309084,0.395695,7.636000,20.035755

-1.309330,1.325777,9.499307,15.141764,-0.002209,-0.309084,0.469239,7.636000,20.035755

-1.407526,-0.039384,10.325588,15.141764,0.132621,-0.229678,0.532391,7.620000,20.035755

-0.835116,0.003726,10.007051,15.141764,0.103576,-0.262719,0.615527,7.624000,20.035755

-1.685348,3.141202,8.962822,15.168234,-0.045643,-0.209960,0.704526,7.624000,20.035755

-1.711693,0.286339,9.180769,15.141764,0.067338,-0.189709,0.713319,7.620000,20.035755

-0.945287,2.410721,9.568762,15.153528,0.098780,-0.168924,0.779401,7.616000,20.035755

-1.433871,-1.545851,7.406059,15.150587,-0.237229,-0.041555,0.823634,7.616000,20.035755

-1.661398,2.849010,6.929450,15.141764,-0.052304,-0.003718,0.805781,7.596000,20.035755

-1.062643,-1.672787,8.838281,15.159410,-0.232433,-0.063938,0.650434,7.588000,20.035755

0.932408,-0.858481,8.677814,15.141764,-0.161021,-0.058609,0.507343,7.584000,20.035755

-1.773964,-3.500187,12.208074,15.138823,-0.420555,-0.055944,0.424473,7.552000,20.035755

-1.055458,1.055140,11.051279,15.147646,0.103576,0.121520,0.254470,7.556000,20.035755

0.053436,-4.230668,7.401269,15.156469,-0.279597,-0.111901,0.065016,7.556000,20.035755

-1.352440,-1.054872,9.484936,15.135881,-0.198059,0.007207,-0.058357,7.540000,20.035755

-0.439938,2.312525,10.802197,15.150587,-0.339817,0.017866,-0.261135,7.528000,20.035755

2.726278,0.978499,11.731464,15.138823,0.106774,-0.124692,-0.261934,7.524000,20.035755

0.850978,-4.177978,11.087204,15.150587,-0.167416,-0.051148,-0.239285,7.520000,8.939873

1.207836,-1.957795,10.512400,15.138823,-0.252684,0.059167,0.014388,7.520000,8.939873

-1.833839,-2.170951,9.865745,15.135881,0.132887,0.115658,0.173732,7.488000,8.939873

-2.003886,-2.578105,7.932963,15.124117,-0.244956,-0.138548,0.132697,7.460000,8.939873

-1.206344,-1.869179,10.490845,15.141764,-0.056035,-0.094848,0.067680,7.420000,8.939873

-0.456703,-0.345946,9.350815,15.132940,-0.119719,-0.143344,0.019184,7.376000,8.939873

0.640216,-2.841557,10.191467,15.132940,0.066805,-0.128689,0.023181,7.396000,8.939873

1.203046,-0.798605,11.130315,15.129999,-0.111192,-0.109770,0.013588,7.300000,8.939873

0.879718,-0.048964,9.853769,15.141764,-0.029122,-0.017574,0.017585,7.228000,8.939873

0.680931,-0.259726,9.096943,15.141764,0.058544,0.019731,0.071944,7.200000,8.939873

0.992284,-0.846506,8.811935,15.129999,-0.081082,-0.013577,0.079138,7.052000,8.939873

0.922828,-0.341156,10.926738,15.141764,-0.034185,0.024794,-0.014657,6.908000,8.939873

0.949174,0.468360,10.622570,15.138823,0.000722,0.053039,-0.139361,6.760000,8.939873

-0.459098,-0.077704,9.573552,15.147646,0.056946,0.077553,-0.305634,6.624000,8.939873

-0.952472,1.179681,8.972402,15.141764,0.076930,0.019731,-0.503882,6.624000,8.939873

-0.921337,1.965247,8.776011,15.141764,-0.011269,-0.032496,-0.460981,6.604000,8.939873

-1.469796,2.573582,8.452682,15.150587,0.010848,-0.031430,-0.324020,6.488000,8.939873

-0.808771,2.599927,10.653706,15.132940,-0.050439,-0.045552,-0.317092,6.956000,8.939873

0.944383,3.423814,10.620175,15.147646,0.017776,-0.086588,-0.367453,6.844000,8.939873

-0.425568,2.398746,9.487331,15.138823,0.076131,0.000279,-0.438599,7.196000,8.939873

-0.111820,1.170101,8.541298,15.141764,0.036694,-0.049283,-0.386105,7.184000,8.939873

-0.420778,1.045560,9.980705,15.132940,-0.021661,-0.030630,-0.442862,7.168000,8.939873

0.185162,1.155731,10.351933,15.129999,0.018042,-0.045819,-0.551046,7.132000,8.939873

1.282081,-0.738730,11.012959,15.132940,0.079861,-0.088986,-0.514807,6.996000,8.939873

1.701210,0.077972,10.526770,15.138823,0.126759,0.009872,-0.375980,6.808000,8.939873

1.394647,-0.611794,9.820239,15.129999,-0.031254,-0.011445,-0.255006,6.644000,8.939873

0.965939,-1.979350,10.339958,15.135881,-0.029655,-0.012777,-0.184660,6.504000,8.939873

1.248551,-1.900314,10.589040,15.153528,-0.001676,0.018932,-0.130035,6.356000,8.939873

0.046251,-1.636862,10.071716,15.144705,0.020707,0.066362,-0.039971,6.216000,8.939873

-0.480653,-3.457077,10.658496,15.132940,-0.078684,-0.035960,0.073809,6.080000,8.939873

-0.324977,-2.245197,10.002260,15.144705,-0.046708,-0.048217,0.120440,5.932000,8.939873

-1.330885,-1.287189,10.476475,15.127058,0.017776,-0.077528,0.170268,5.780000,8.939873

-1.244664,-2.273937,10.500424,15.138823,0.026569,-0.190508,0.203310,5.644000,8.939873

-0.815956,-1.675182,9.262199,15.138823,0.098780,-0.209960,0.149751,5.508000,8.939873

-1.191974,2.099368,10.016630,15.129999,0.158734,-0.170523,0.123904,5.340000,8.939873

-1.266220,3.684871,11.048884,15.129999,0.072134,-0.261387,0.168669,5.212000,8.939873

0.086966,1.742511,9.657377,15.129999,0.112636,-0.299757,0.147619,5.076000,8.939873

0.316888,2.482572,8.495793,15.141764,0.109439,-0.249396,0.046630,4.936000,8.939873

0.910853,1.637130,9.312495,15.138823,0.044422,-0.300557,0.061552,4.804000,8.939873

1.013839,1.098250,9.496911,15.138823,0.077463,-0.270447,0.114311,4.676000,8.939873

1.411412,1.524564,9.396320,15.135881,0.088655,-0.227813,0.140424,4.552000,8.939873

2.050883,1.783226,9.609477,15.156469,0.051883,-0.175586,0.158544,4.284000,8.939873

2.252064,2.511312,9.475356,15.150587,0.073200,-0.132952,0.164406,4.168000,8.939873

2.297570,2.532867,9.274175,15.153528,0.032697,-0.084722,0.182525,4.024000,8.939873

2.034117,2.465806,9.211904,15.159410,0.023105,-0.032762,0.169202,3.876000,8.939873

1.751505,2.128109,9.353210,15.153528,0.004186,-0.006116,0.124437,3.760000,8.939873

1.923947,1.852681,9.300520,15.147646,-0.001143,0.020797,0.079138,3.644000,8.939873

2.005377,1.627550,9.413086,15.153528,-0.004607,0.054105,0.029310,3.532000,8.939873

1.495238,1.579649,9.487331,15.162352,-0.012601,0.073823,-0.027447,3.420000,8.939873

1.353932,1.519774,9.511281,15.159410,-0.009404,0.091942,-0.095395,3.308000,8.939873

1.341957,1.744905,9.504096,15.144705,-0.009670,0.111128,-0.121775,3.240000,8.939873

0.874928,1.862262,9.458591,15.153528,-0.012601,0.127382,-0.121508,3.184000,8.939873

0.379159,1.845496,9.444221,15.141764,-0.018463,0.129514,-0.127903,3.140000,8.939873

0.115707,1.823941,9.508886,15.159410,-0.019263,0.133244,-0.130035,3.092000,8.939873

-0.116610,1.608389,9.456196,15.165293,-0.019263,0.108463,-0.101790,3.036000,8.939873

-0.126190,1.366493,9.537626,15.150587,-0.016865,0.100203,-0.071680,2.988000,8.939873

-0.399222,1.246742,9.573552,15.135881,-0.008338,0.081284,-0.063686,2.944000,8.939873

-0.262706,1.550909,9.504096,15.147646,0.008183,0.056769,-0.063153,2.900000,8.939873

-0.178881,1.802386,9.578342,15.147646,-0.009937,0.055703,-0.055692,2.856000,8.939873

-0.432753,1.713770,9.444221,15.147646,0.003920,0.030656,-0.055692,2.812000,8.939873

-0.054340,1.512589,9.367580,15.144705,-0.008871,0.015468,-0.039171,2.772000,8.939873

-0.176486,1.689820,9.669353,15.156469,0.020707,0.005609,0.004529,2.720000,8.939873

-0.111820,2.044283,9.487331,15.147646,0.000722,-0.003984,0.035438,2.676000,8.939873

-0.439938,1.591624,9.439431,15.153528,0.000189,-0.004784,0.046896,2.636000,8.939873

-0.023204,1.574859,9.551997,15.141764,0.002587,-0.037558,0.055689,2.584000,8.939873

-0.214806,1.495824,9.520862,15.174116,0.011380,-0.046618,0.063150,2.544000,8.939873

-0.380062,1.447923,9.523256,15.168234,0.018308,-0.069534,0.054091,2.500000,8.939873

-0.269891,1.622760,9.518467,15.162352,0.023371,-0.093249,0.033306,2.444000,8.939873

0.060621,1.742511,9.472961,15.159410,0.025237,-0.106039,0.030109,2.408000,8.939873

0.120497,1.850286,9.391530,15.144705,0.020973,-0.113767,0.015187,2.360000,8.939873

0.474960,1.900582,9.456196,15.144705,0.022039,-0.118297,0.001331,2.320000,8.939873

0.903668,1.838311,9.482541,15.150587,0.016976,-0.113234,0.015720,2.284000,8.939873

1.241366,1.759276,9.456196,15.144705,0.016177,-0.100710,0.040501,2.244000,8.939873

1.559904,1.814361,9.465776,15.147646,0.013246,-0.077794,0.056222,2.208000,8.939873

1.696420,1.883817,9.465776,15.141764,0.007916,-0.049816,0.049028,2.164000,8.939873

1.765875,1.910162,9.432246,15.156469,0.004186,-0.014376,0.037303,2.128000,8.939873

1.567089,1.955667,9.451406,15.165293,-0.001676,0.011737,0.017852,2.092000,8.939873

1.447338,1.965247,9.449011,15.159410,-0.004874,0.029590,-0.002932,2.056000,8.939873

1.143170,1.898187,9.460986,15.174116,-0.006739,0.051973,-0.015190,2.020000,8.939873

0.771942,1.831126,9.458591,15.159410,-0.011535,0.058635,-0.029579,1.976000,8.939873

0.604291,1.728140,9.444221,15.171175,-0.013667,0.064763,-0.031444,1.944000,8.939873

0.462985,1.701795,9.444221,15.153528,-0.016865,0.065030,-0.027447,1.912000,8.939873

0.367184,1.771251,9.494516,15.168234,-0.013134,0.063697,-0.016522,1.876000,8.939873

0.268988,1.740115,9.465776,15.150587,-0.014733,0.057569,-0.003732,1.848000,8.939873

0.307308,1.766461,9.470566,15.156469,-0.013401,0.051707,0.009325,1.808000,8.939873

0.350419,1.716165,9.501701,15.177057,-0.012868,0.047976,0.009325,1.776000,8.939873

0.343234,1.694610,9.496911,15.159410,-0.013134,0.044246,0.006394,1.740000,8.939873

0.187557,1.658685,9.496911,15.168234,-0.010203,0.042114,-0.002133,1.712000,8.939873

0.127682,1.625154,9.484936,15.162352,-0.011002,0.036785,-0.012259,1.680000,8.939873

0.245038,1.665870,9.516071,15.179998,-0.007805,0.026126,-0.015723,1.656000,8.939873

0.355209,1.589229,9.506492,15.168234,-0.007005,0.021330,-0.012259,1.624000,8.939873

0.328863,1.622760,9.518467,15.156469,-0.003808,0.018665,-0.005864,1.592000,8.939873

0.381554,1.701795,9.465776,15.165293,-0.001943,0.017333,-0.000801,1.560000,8.939873

0.491725,1.843101,9.484936,15.165293,-0.003275,0.017066,-0.004798,1.536000,8.939873

0.501305,1.910162,9.432246,15.177057,-0.007805,0.023195,-0.018121,1.500000,8.939873

0.429454,1.857471,9.496911,15.174116,-0.011002,0.026926,-0.029845,1.472000,8.939873

0.422269,1.720955,9.475356,15.171175,-0.012068,0.028524,-0.036507,1.448000,8.939873

0.371974,1.615574,9.422666,15.168234,-0.012601,0.028524,-0.043968,1.420000,8.939873

0.271383,1.610784,9.446616,15.159410,-0.012068,0.026393,-0.050363,1.392000,8.939873

0.319283,1.723350,9.525652,15.156469,-0.010736,0.022129,-0.041037,1.368000,8.939873

0.319283,1.816756,9.501701,15.174116,-0.011269,0.027458,-0.025049,1.344000,8.939873

0.247433,1.881422,9.542417,15.171175,-0.012068,0.018932,0.009858,1.320000,8.939873

0.383949,1.742511,9.456196,15.174116,-0.014466,0.022929,0.046630,1.292000,8.939873

0.352814,1.555699,9.542417,15.188822,-0.010469,0.024794,0.074342,1.272000,8.939873

0.405504,1.510194,9.587922,15.185881,-0.009937,0.027991,0.089797,1.244000,8.939873

0.225878,1.495824,9.544811,15.174116,-0.000877,0.028791,0.087132,1.228000,8.939873

0.228273,1.617970,9.449011,15.182940,-0.002742,0.021330,0.065282,1.208000,8.939873

0.154027,1.768856,9.451406,15.197645,-0.000877,0.022929,0.039702,1.192000,8.939873

0.115707,1.910162,9.580737,15.182940,-0.004341,0.014935,0.019983,1.172000,8.939873

0.168397,1.788016,9.432246,15.174116,-0.005407,0.013336,0.000532,1.160000,8.939873

0.247433,1.840706,9.420271,15.203527,-0.012868,0.011471,0.000798,1.144000,8.939873

0.290543,1.675450,9.592712,15.191763,-0.009404,0.007207,0.007726,1.132000,8.939873

0.374369,1.694610,9.504096,15.188822,-0.008871,0.011471,0.011989,1.120000,8.939873

0.348024,1.697005,9.472961,15.188822,-0.005140,0.012803,0.016253,1.112000,8.939873

0.254618,1.687425,9.540022,15.182940,-0.011002,0.012537,0.015986,1.096000,8.939873

0.213903,1.675450,9.506492,15.182940,-0.006739,0.006408,0.021849,1.080000,8.939873

0.235458,1.668265,9.458591,15.174116,-0.005940,0.009872,0.019184,1.068000,8.939873

0.189952,1.649105,9.575947,15.159410,-0.008871,-0.001053,0.014121,1.060000,8.939873

0.144447,1.656290,9.561577,15.191763,-0.004874,0.000013,0.010124,1.052000,8.939873

0.204322,1.658685,9.487331,15.197645,-0.003009,-0.005316,0.010391,1.044000,8.939873

0.252223,1.620364,9.513677,15.182940,-0.001943,-0.005849,0.011457,1.036000,8.939873

0.362394,1.661080,9.523256,15.188822,-0.003009,-0.002918,0.014121,1.032000,8.939873

0.364789,1.680240,9.566367,15.188822,-0.003808,-0.004517,0.020516,1.028000,8.939873

0.573155,1.744905,9.453801,15.197645,-0.003009,0.001612,0.021849,1.020000,8.939873

0.534835,1.730535,9.542417,15.206469,-0.005140,0.010138,0.025579,1.016000,8.939873

0.556390,1.764066,9.549602,15.191763,-0.007538,0.011204,0.020783,1.012000,8.939873

0.609081,1.752090,9.458591,15.203527,-0.007272,0.021863,0.013855,1.008000,8.939873

0.637821,1.766461,9.492122,15.206469,-0.011269,0.031988,0.006394,1.004000,8.939873

0.446219,1.740115,9.535232,15.188822,-0.010736,0.037318,-0.003998,1.000000,8.939873

0.336049,1.708980,9.508886,15.194704,-0.012335,0.039449,-0.011726,0.996000,8.939873

0.280963,1.725745,9.475356,15.179998,-0.014466,0.042913,-0.011992,0.996000,8.939873

0.137262,1.663475,9.556787,15.174116,-0.012601,0.038383,-0.005331,0.984000,8.939873

-0.008834,1.625154,9.516071,15.174116,-0.012335,0.034386,-0.000801,0.984000,8.939873

0.024696,1.591624,9.520862,15.179998,-0.010203,0.027458,0.005861,0.980000,8.939873

0.086966,1.582044,9.518467,15.203527,-0.008871,0.022662,0.012789,0.976000,8.939873

0.091757,1.584439,9.542417,15.177057,-0.006739,0.019731,0.017052,0.976000,8.939873

0.060621,1.610784,9.568762,15.194704,-0.005940,0.017599,0.015453,0.972000,8.939873

0.130077,1.697005,9.525652,15.185881,-0.008604,0.011204,0.008525,0.972000,8.939873

0.185162,1.687425,9.563972,15.168234,-0.003808,0.011471,-0.001334,0.968000,8.939873

0.113312,1.656290,9.477751,15.168234,-0.004607,0.010671,-0.011459,0.964000,8.939873

0.163607,1.665870,9.513677,15.182940,-0.006473,0.007740,-0.011459,0.960000,8.939873

0.242643,1.694610,9.542417,15.185881,-0.004874,0.009073,-0.001067,0.960000,8.939873

0.189952,1.685030,9.520862,15.188822,-0.007005,0.006941,0.011457,0.960000,8.939873

0.336049,1.692215,9.506492,15.174116,-0.008338,0.011204,0.012789,0.952000,8.939873

0.348024,1.692215,9.518467,15.182940,-0.008071,0.014135,0.007726,0.952000,8.939873

0.443824,1.682635,9.540022,15.174116,-0.009937,0.021330,-0.001867,0.948000,8.939873

0.407899,1.641920,9.532837,15.203527,-0.009937,0.031455,-0.006663,0.948000,8.939873

0.357604,1.620364,9.520862,15.194704,-0.010736,0.032521,-0.009061,0.944000,8.939873

0.302518,1.644315,9.511281,15.188822,-0.009404,0.038383,-0.012259,0.944000,8.939873

0.257013,1.649105,9.532837,15.209410,-0.009937,0.038383,-0.011726,0.944000,8.939873

0.233063,1.668265,9.535232,15.194704,-0.011002,0.042647,-0.002133,0.940000,8.939873

0.098942,1.663475,9.537626,15.188822,-0.011002,0.041581,0.000798,0.940000,8.939873

0.134867,1.653895,9.530441,15.194704,-0.010736,0.039716,-0.002133,0.940000,8.939873

0.189952,1.649105,9.520862,15.174116,-0.013667,0.045045,-0.000534,0.936000,8.939873

0.051041,1.641920,9.494516,15.191763,-0.011269,0.044778,-0.001867,0.936000,8.939873

-0.035179,1.594019,9.561577,15.182940,-0.011002,0.041314,-0.001600,0.936000,8.939873

0.007931,1.644315,9.525652,15.194704,-0.009137,0.038383,0.004529,0.932000,8.939873

-0.023204,1.632339,9.496911,15.188822,-0.010736,0.040515,0.007193,0.932000,8.939873

-0.090265,1.620364,9.573552,15.177057,-0.011269,0.034919,0.000798,0.928000,8.939873

-0.030389,1.637130,9.523256,15.182940,-0.009137,0.034120,-0.006929,0.928000,8.939873

0.041461,1.627550,9.518467,15.177057,-0.011002,0.033054,-0.004531,0.928000,8.939873

0.034276,1.644315,9.537626,15.179998,-0.011269,0.035452,-0.002399,0.924000,8.939873

0.015116,1.617970,9.528047,15.177057,-0.009670,0.034120,-0.002133,0.924000,8.939873

0.051041,1.649105,9.511281,15.174116,-0.011535,0.034653,0.011723,0.928000,8.939873

0.122892,1.649105,9.504096,15.174116,-0.012601,0.039716,0.012789,0.920000,8.939873

0.067806,1.629945,9.547207,15.194704,-0.012601,0.044512,0.013588,0.924000,8.939873

0.017511,1.613179,9.547207,15.177057,-0.009937,0.043180,0.010391,0.920000,8.939873

-0.128585,1.562884,9.518467,15.188822,-0.012068,0.045844,0.009325,0.920000,8.939873

-0.190856,1.550909,9.635822,15.203527,-0.013933,0.038117,0.007726,0.920000,8.939873

-0.231571,1.553304,9.528047,15.197645,-0.011535,0.039716,-0.004265,0.920000,8.939873

-0.219596,1.517379,9.516071,15.179998,-0.007005,0.030390,-0.025582,0.916000,8.939873

-0.236361,1.534144,9.547207,15.191763,-0.005140,0.030922,-0.043701,0.920000,8.939873

-0.322582,1.555699,9.556787,15.200586,-0.006739,0.026659,-0.048231,0.920000,8.939873

-0.329767,1.579649,9.520862,15.174116,-0.004874,0.018932,-0.049563,0.916000,8.939873

-0.377667,1.529354,9.587922,15.191763,-0.003808,0.010938,-0.046632,0.916000,8.939873

-0.293842,1.570069,9.559182,15.206469,-0.002742,0.001345,-0.038372,0.912000,8.939873

-0.291447,1.548514,9.537626,15.191763,-0.000344,-0.001852,-0.031977,0.916000,8.939873

-0.186066,1.594019,9.547207,15.185881,-0.001676,-0.003984,-0.018654,0.912000,8.939873

-0.245941,1.574859,9.542417,15.191763,-0.000344,-0.004251,-0.005331,0.912000,8.939873

-0.159721,1.651500,9.513677,15.168234,-0.001143,-0.006116,0.000265,0.912000,8.939873

-0.037575,1.670660,9.554392,15.174116,-0.002209,-0.002119,0.011190,0.912000,8.939873

-0.051945,1.644315,9.506492,15.182940,-0.002209,-0.001320,0.015986,0.912000,8.939873

0.003141,1.627550,9.504096,15.188822,-0.004074,-0.000520,0.009591,0.912000,8.939873

0.070201,1.617970,9.575947,15.212351,-0.004607,0.006941,0.004262,0.908000,8.939873

0.084571,1.620364,9.547207,15.185881,-0.005673,0.008273,0.003729,0.912000,8.939873

-0.039970,1.639525,9.551997,15.171175,-0.007005,0.014668,0.001331,0.908000,8.939873

-0.004044,1.622760,9.535232,15.215292,-0.006206,0.016267,-0.003199,0.908000,8.939873

-0.020809,1.620364,9.523256,15.188822,-0.007805,0.021863,-0.007729,0.908000,8.939873

-0.157326,1.615574,9.544811,15.203527,-0.007005,0.020264,-0.013058,0.908000,8.939873

-0.284262,1.584439,9.549602,15.182940,-0.007538,0.019198,-0.014657,0.904000,8.939873

-0.324977,1.570069,9.585527,15.194704,-0.007272,0.014668,-0.007462,0.904000,8.939873

-0.277076,1.572464,9.516071,15.185881,-0.005140,0.012004,0.003196,0.908000,8.939873

-0.339347,1.579649,9.532837,15.188822,-0.002742,0.007474,0.011457,0.908000,8.939873

-0.360902,1.608389,9.540022,15.177057,-0.003009,0.002677,0.011190,0.908000,8.939873

-0.308212,1.596414,9.549602,15.182940,-0.003275,-0.004251,0.017052,0.904000,8.939873

-0.238756,1.558094,9.568762,15.179998,-0.001143,-0.007981,0.021582,0.904000,8.939873

-0.253126,1.572464,9.523256,15.188822,-0.001410,-0.013843,0.016786,0.904000,8.939873

-0.102240,1.608389,9.504096,15.185881,-0.000877,-0.012511,0.013855,0.904000,8.939873

-0.114215,1.610784,9.611873,15.182940,-0.000610,-0.009846,0.010924,0.900000,8.939873

-0.140560,1.629945,9.530441,15.191763,-0.000344,-0.012777,-0.000001,0.904000,8.939873

-0.068710,1.620364,9.525652,15.177057,-0.003009,-0.009313,-0.010660,0.904000,8.939873

0.010326,1.651500,9.542417,15.200586,-0.001676,-0.005583,-0.011992,0.904000,8.939873

-0.114215,1.615574,9.508886,15.179998,-0.003275,-0.002119,-0.012259,0.900000,8.939873

-0.188461,1.617970,9.544811,15.179998,-0.003009,-0.005050,-0.009860,0.900000,8.939873

-0.123795,1.673055,9.480146,15.168234,-0.003275,-0.005849,0.004795,0.900000,8.939873

-0.363297,1.749696,9.425060,15.188822,-0.007805,-0.009580,0.020516,0.900000,8.939873

-0.454308,1.680240,9.561577,15.191763,-0.007272,-0.018906,0.035705,0.900000,8.939873

-0.504603,1.596414,9.611873,15.174116,-0.007538,-0.017840,0.051692,0.900000,8.939873

-0.612379,1.467083,9.583132,15.194704,-0.005407,-0.033029,0.058620,0.900000,8.939873

-0.521369,1.325777,9.623847,15.185881,-0.000344,-0.045552,0.049561,0.900000,8.939873

-0.320187,1.294642,9.585527,15.182940,0.005785,-0.057810,0.031974,0.896000,8.939873

-0.255521,1.512589,9.568762,15.179998,0.011380,-0.069001,0.027178,0.900000,8.939873

-0.305817,1.582044,9.587922,15.174116,0.015910,-0.070600,0.022914,0.896000,8.939873

-0.190856,1.697005,9.523256,15.188822,0.014045,-0.078860,0.010657,0.900000,8.939873

0.015116,1.673055,9.487331,15.185881,0.011380,-0.075130,0.008259,0.904000,8.939873

-0.008834,1.555699,9.542417,15.194704,0.009249,-0.073797,0.001597,0.900000,8.939873

-0.013624,1.500613,9.604687,15.177057,0.010581,-0.077794,-0.012525,0.896000,8.939873

0.156422,1.514984,9.573552,15.185881,0.017243,-0.076462,-0.024516,0.896000,8.939873

0.257013,1.598809,9.547207,15.165293,0.015111,-0.075929,-0.027980,0.900000,8.939873

0.173187,1.651500,9.551997,15.185881,0.018308,-0.068202,-0.036507,0.900000,8.939873

0.201927,1.730535,9.516071,15.200586,0.016710,-0.066869,-0.040237,0.896000,8.939873

0.228273,1.692215,9.566367,15.188822,0.015111,-0.060474,-0.029845,0.896000,8.939873

0.261803,1.603599,9.547207,15.179998,0.013512,-0.062606,-0.040504,0.896000,8.939873

0.410294,1.498219,9.599897,15.185881,0.013512,-0.061007,-0.089799,0.896000,8.939873

0.084571,1.876631,9.209509,15.191763,0.026036,-0.059408,-0.068482,0.896000,8.939873

0.288148,1.639525,9.257409,15.194704,0.004719,-0.026633,0.005328,0.896000,8.939873

-0.475863,1.816756,9.609477,15.191763,-0.005407,-0.015176,0.097790,0.896000,8.939873

0.213903,1.677845,9.583132,15.182940,-0.011002,-0.032496,0.129766,0.896000,8.939873

0.374369,1.749696,9.592712,15.185881,-0.001410,-0.029032,0.108449,0.896000,8.939873

0.621056,1.598809,9.575947,15.200586,0.004452,-0.025035,0.047962,0.896000,8.939873

0.712067,1.685030,9.413086,15.174116,-0.000077,-0.009047,-0.026914,0.896000,8.939873

0.774337,1.833521,9.451406,15.182940,-0.002742,0.005609,-0.063686,0.896000,8.939873

0.568365,1.891002,9.480146,15.191763,-0.009404,0.026926,-0.067416,0.892000,8.939873

0.245038,1.823941,9.477751,15.182940,-0.012601,0.031189,-0.062087,0.896000,8.939873

0.098942,1.579649,9.508886,15.171175,-0.011535,0.029590,-0.039971,0.896000,8.939873

-0.071105,1.534144,9.559182,15.194704,-0.009937,0.027192,-0.044501,0.896000,8.939873

-0.147745,1.572464,9.518467,15.191763,-0.005673,0.017333,-0.054093,0.892000,8.939873

-0.142955,1.639525,9.499307,15.185881,-0.006206,0.014402,-0.050629,0.896000,8.939873

-0.174091,1.689820,9.513677,15.194704,-0.005407,0.006941,-0.035974,0.896000,8.939873

-0.198041,1.670660,9.537626,15.197645,-0.004607,-0.001852,-0.019986,0.892000,8.939873

-0.092660,1.653895,9.542417,15.197645,-0.003541,-0.009846,-0.002666,0.892000,8.939873

0.005536,1.613179,9.556787,15.200586,-0.001676,-0.011978,0.015986,0.892000,8.939873

0.027091,1.615574,9.513677,15.188822,-0.000077,-0.015975,0.025313,0.892000,8.939873

0.041461,1.656290,9.520862,15.191763,0.001255,-0.018906,0.027178,0.892000,8.939873

0.091757,1.706585,9.492122,15.206469,0.000722,-0.021837,0.025046,0.892000,8.939873

0.120497,1.711375,9.511281,15.185881,0.000455,-0.019972,0.025046,0.892000,8.939873

0.115707,1.675450,9.525652,15.194704,0.000455,-0.020771,0.024780,0.892000,8.939873

0.127682,1.651500,9.504096,15.171175,0.000455,-0.021837,0.023181,0.892000,8.939873

0.225878,1.634735,9.513677,15.188822,0.000189,-0.021837,0.027977,0.892000,8.939873

0.199532,1.608389,9.563972,15.200586,0.002054,-0.022104,0.042633,0.896000,8.939873

0.297728,1.656290,9.501701,15.197645,0.003120,-0.022637,0.058087,0.896000,8.939873

0.374369,1.701795,9.508886,15.188822,0.003387,-0.019173,0.078072,0.892000,8.939873

0.383949,1.718560,9.501701,15.168234,0.002854,-0.012511,0.077806,0.892000,8.939873

0.367184,1.759276,9.537626,15.191763,0.000455,-0.011445,0.058354,0.892000,8.939873

0.369579,1.735325,9.487331,15.194704,-0.000344,-0.005583,0.022648,0.892000,8.939873

0.427059,1.708980,9.484936,15.191763,-0.002742,-0.002652,-0.009860,0.892000,8.939873

0.491725,1.704190,9.492122,15.197645,-0.003541,0.001079,-0.022651,0.892000,8.939873

0.597106,1.713770,9.496911,15.188822,-0.005940,0.012004,-0.005064,0.892000,8.939873

0.803077,1.783226,9.484936,15.191763,-0.007805,0.025860,0.024513,0.892000,8.939873

0.896483,1.823941,9.528047,15.188822,-0.008071,0.043713,0.039435,0.892000,8.939873

0.920433,1.874237,9.480146,15.185881,-0.011802,0.059434,0.037037,0.892000,8.939873

0.906063,1.905372,9.432246,15.194704,-0.017131,0.077820,0.023980,0.892000,8.939873

0.752782,1.876631,9.480146,15.182940,-0.021927,0.094341,-0.002932,0.892000,8.939873

0.673746,1.828731,9.492122,15.185881,-0.025658,0.110062,-0.047432,0.892000,8.939873

0.324073,1.728140,9.434641,15.188822,-0.030188,0.126050,-0.091398,0.888000,8.939873

0.027091,1.598809,9.513677,15.179998,-0.029921,0.123118,-0.112981,0.892000,8.939873

-0.301027,1.622760,9.530441,15.200586,-0.029655,0.124717,-0.112715,0.892000,8.939873

-0.502208,1.629945,9.518467,15.185881,-0.027790,0.109529,-0.098859,0.892000,8.939873

-0.777636,1.639525,9.487331,15.182940,-0.025658,0.102334,-0.080739,0.892000,8.939873

-0.820746,1.510194,9.590317,15.194704,-0.022460,0.077553,-0.073811,0.892000,8.939873

-0.806376,1.481453,9.561577,15.197645,-0.021661,0.065296,-0.065818,0.892000,8.939873

-0.799191,1.421578,9.528047,15.206469,-0.016332,0.042380,-0.057024,0.892000,8.939873

-0.653095,1.447923,9.556787,15.182940,-0.009670,0.023195,-0.042635,0.888000,8.939873

-0.578849,1.534144,9.559182,15.179998,-0.002209,0.006674,-0.018654,0.892000,8.939873

-0.485443,1.589229,9.551997,15.185881,-0.000610,-0.007448,0.001864,0.888000,8.939873

-0.356112,1.601204,9.516071,15.191763,-0.003541,-0.014376,0.009858,0.892000,8.939873

-0.255521,1.586834,9.542417,15.174116,-0.000877,-0.018107,0.007993,0.892000,8.939873

-0.162116,1.565279,9.542417,15.200586,-0.000610,-0.018640,0.000798,0.888000,8.939873

-0.123795,1.601204,9.518467,15.200586,0.000722,-0.019705,-0.000268,0.892000,8.939873

-0.099845,1.651500,9.573552,15.182940,0.000455,-0.020771,0.004529,0.892000,8.939873

-0.128585,1.594019,9.528047,15.185881,0.000189,-0.017307,0.005328,0.892000,8.939873

-0.150140,1.582044,9.547207,15.171175,0.000988,-0.020238,-0.001067,0.892000,8.939873

-0.121400,1.653895,9.494516,15.177057,0.001521,-0.020771,-0.003998,0.888000,8.939873

-0.073500,1.792806,9.547207,15.185881,-0.002209,-0.017840,0.002663,0.892000,8.939873

-0.039970,1.701795,9.460986,15.185881,-0.004874,-0.015975,0.012789,0.888000,8.939873

-0.095055,1.574859,9.571157,15.206469,-0.006739,-0.014643,0.007993,0.888000,8.939873

-0.018414,1.503009,9.544811,15.203527,-0.002742,-0.015176,-0.011193,0.888000,8.939873

-0.004044,1.586834,9.547207,15.200586,0.000189,-0.011445,-0.019453,0.888000,8.939873

-0.027994,1.692215,9.578342,15.191763,0.002321,-0.010113,-0.008795,0.888000,8.939873

-0.123795,1.673055,9.468171,15.179998,-0.003009,-0.007182,0.010924,0.892000,8.939873

-0.128585,1.720955,9.561577,15.179998,-0.006739,-0.007448,0.020516,0.888000,8.939873

-0.011229,1.663475,9.549602,15.191763,-0.005407,-0.009580,0.010391,0.888000,8.939873

-0.023204,1.567674,9.492122,15.185881,-0.003541,-0.002385,-0.008528,0.892000,8.939873

-0.092660,1.567674,9.561577,15.182940,-0.002209,-0.006649,-0.018654,0.892000,8.939873

-0.181276,1.584439,9.544811,15.185881,-0.002742,-0.000787,-0.018387,0.888000,8.939873

-0.224386,1.682635,9.607082,15.185881,-0.000077,-0.009313,-0.009594,0.888000,8.939873

-0.018414,1.730535,9.482541,15.174116,-0.001676,-0.009313,0.006927,0.888000,8.939873

-0.095055,1.646710,9.525652,15.185881,-0.002742,-0.006649,0.019450,0.888000,8.939873

-0.104635,1.560489,9.556787,15.185881,-0.003009,-0.007981,0.012522,0.892000,8.939873

-0.080685,1.534144,9.516071,15.185881,-0.001943,-0.007448,-0.005597,0.888000,8.939873

-0.166906,1.605994,9.559182,15.185881,0.000455,-0.010912,-0.012792,0.888000,8.939873

-0.147745,1.661080,9.484936,15.171175,-0.001143,-0.013044,-0.003465,0.888000,8.939873

-0.195646,1.632339,9.499307,15.191763,-0.003808,-0.010379,0.010657,0.888000,8.939873

-0.183671,1.625154,9.623847,15.171175,0.002054,-0.018373,0.011989,0.888000,8.939873

-0.025599,1.620364,9.446616,15.174116,0.001521,-0.016508,0.005328,0.888000,8.939873

0.034276,1.718560,9.590317,15.191763,-0.000610,-0.019173,-0.003465,0.888000,8.939873

0.142052,1.742511,9.499307,15.200586,-0.003541,-0.012244,-0.001334,0.888000,8.939873

0.146842,1.677845,9.487331,15.191763,-0.002742,-0.006915,0.004262,0.888000,8.939873

0.139657,1.495824,9.559182,15.197645,-0.001676,-0.004784,-0.001334,0.888000,8.939873

0.245038,1.625154,9.607082,15.200586,-0.007272,0.000546,-0.000801,0.888000,8.939873

0.151632,1.673055,9.427456,15.188822,-0.002209,0.011204,0.002663,0.892000,8.939873

-0.004044,1.706585,9.585527,15.182940,-0.005940,0.012803,0.004529,0.888000,8.939873

-0.087870,1.704190,9.420271,15.188822,-0.009937,0.017066,0.000532,0.892000,8.939873

-0.291447,1.579649,9.573552,15.177057,-0.005407,0.014135,-0.009594,0.888000,8.939873

-0.372877,1.548514,9.554392,15.185881,-0.007272,0.003210,-0.023716,0.888000,8.939873

-0.356112,1.565279,9.520862,15.188822,-0.004341,-0.001852,-0.019720,0.884000,8.939873

-0.387247,1.546119,9.597502,15.197645,-0.002209,-0.009580,-0.010393,0.888000,8.939873

-0.322582,1.644315,9.561577,15.179998,0.001788,-0.017307,-0.000001,0.888000,8.939873

-0.317792,1.500613,9.449011,15.182940,-0.002209,-0.022637,0.012789,0.892000,8.939873

-0.327372,1.634735,9.678933,15.188822,0.000189,-0.030897,0.013322,0.888000,8.939873

-0.210016,1.605994,9.508886,15.188822,0.004985,-0.034627,0.000265,0.884000,8.939873

-0.097450,1.785621,9.559182,15.185881,0.002587,-0.040223,0.004262,0.888000,8.939873

0.149237,1.780831,9.575947,15.159410,0.006051,-0.036759,0.005328,0.892000,8.939873

0.127682,1.637130,9.549602,15.203527,0.000722,-0.032762,0.007460,0.888000,8.939873

0.254618,1.620364,9.482541,15.171175,0.002054,-0.026633,0.009591,0.888000,8.939873

0.247433,1.589229,9.487331,15.171175,0.002321,-0.020238,0.013055,0.884000,8.939873

0.173187,1.610784,9.551997,15.182940,-0.000077,-0.012777,0.010657,0.888000,8.939873

0.039066,1.785621,9.544811,15.179998,0.002054,-0.011978,-0.001334,0.884000,8.939873

0.182767,1.819151,9.472961,15.188822,-0.002742,-0.011445,-0.002133,0.888000,8.939873

0.086966,1.713770,9.475356,15.165293,-0.007272,-0.001320,0.000532,0.884000,8.939873

0.031881,1.546119,9.571157,15.179998,-0.003808,-0.002119,-0.005331,0.892000,8.939873

0.122892,1.505404,9.561577,15.174116,-0.004341,-0.002918,-0.010660,0.888000,8.939873

0.060621,1.608389,9.511281,15.165293,-0.001676,0.000546,-0.009061,0.888000,8.939873

0.000746,1.711375,9.607082,15.191763,-0.001143,-0.001852,0.001597,0.888000,8.939873

0.048646,1.811966,9.401111,15.188822,-0.004074,0.001345,0.019717,0.884000,8.939873

0.007931,1.653895,9.561577,15.185881,-0.001410,0.002677,0.029842,0.884000,8.939873

-0.004044,1.601204,9.607082,15.191763,-0.005673,-0.001320,0.014921,0.884000,8.939873

0.170792,1.711375,9.415481,15.206469,-0.002476,0.001612,-0.011992,0.888000,8.939873

0.216298,1.668265,9.616662,15.194704,-0.006739,0.006674,-0.014657,0.884000,8.939873

0.199532,1.632339,9.499307,15.194704,-0.007272,0.012803,-0.007995,0.888000,8.939873

0.077386,1.584439,9.537626,15.197645,-0.005407,0.014668,0.002663,0.888000,8.939873

0.110917,1.656290,9.547207,15.197645,-0.004074,0.017866,0.003996,0.888000,8.939873

-0.008834,1.716165,9.489726,15.191763,-0.008071,0.018399,0.004262,0.888000,8.939873

-0.078290,1.670660,9.537626,15.200586,-0.008071,0.016001,-0.003465,0.884000,8.939873

-0.126190,1.637130,9.516071,15.171175,-0.010203,0.016533,-0.017055,0.888000,8.939873

-0.193251,1.582044,9.530441,15.182940,-0.007005,0.014668,-0.025049,0.888000,8.939873

-0.219596,1.553304,9.597502,15.191763,-0.005940,0.007207,-0.024782,0.888000,8.939873

-0.207621,1.644315,9.513677,15.227058,-0.001410,0.000812,-0.019187,0.888000,8.939873

-0.123795,1.670660,9.518467,15.206469,-0.002209,0.000013,-0.000801,0.888000,8.939873

-0.140560,1.661080,9.549602,15.188822,-0.005940,-0.001852,0.011723,0.888000,8.939873

-0.004044,1.617970,9.542417,15.182940,-0.004074,-0.000520,0.011190,0.884000,8.939873

-0.083080,1.586834,9.561577,15.197645,-0.002742,-0.002119,-0.001334,0.884000,8.939873

0.027091,1.656290,9.535232,15.191763,-0.001943,-0.003185,-0.002932,0.884000,8.939873

0.034276,1.718560,9.528047,15.206469,-0.005140,-0.001320,0.003996,0.884000,8.939873

-0.001649,1.673055,9.506492,15.188822,-0.005140,0.001612,0.007993,0.884000,8.939873

0.017511,1.586834,9.559182,15.194704,-0.004074,0.001079,0.008525,0.888000,8.939873

-0.011229,1.605994,9.501701,15.200586,-0.003009,0.005342,0.003996,0.884000,8.939873

-0.071105,1.637130,9.544811,15.200586,-0.004074,0.002144,-0.000534,0.888000,8.939873

-0.047155,1.694610,9.477751,15.197645,-0.005407,0.004010,0.000532,0.888000,8.939873

-0.107030,1.637130,9.561577,15.215292,-0.004074,0.001878,-0.000001,0.888000,8.939873

-0.119005,1.634735,9.518467,15.185881,-0.003275,-0.001053,-0.007196,0.884000,8.939873

-0.071105,1.663475,9.568762,15.200586,-0.001676,-0.001320,-0.011992,0.888000,0.000000

-0.056735,1.673055,9.482541,15.197645,-0.004607,-0.002119,-0.004531,0.888000,0.000000

0.019906,1.625154,9.484936,15.188822,-0.004607,0.001878,0.003729,0.888000,0.000000

-0.075895,1.637130,9.585527,15.212351,-0.003009,-0.002918,-0.006396,0.884000,0.000000

-0.085475,1.613179,9.508886,15.203527,-0.002742,0.000013,-0.013058,0.888000,0.000000

-0.190856,1.668265,9.590317,15.203527,-0.001410,-0.004784,-0.010393,0.884000,0.000000

-0.090265,1.723350,9.511281,15.194704,-0.003009,-0.008780,-0.004531,0.884000,0.000000

-0.016019,1.656290,9.489726,15.179998,-0.004607,-0.005316,0.005594,0.888000,0.000000

-0.111820,1.543724,9.568762,15.200586,-0.003808,-0.004251,0.009591,0.888000,0.000000

-0.054340,1.524564,9.544811,15.188822,-0.001676,-0.009313,0.008259,0.884000,0.000000

