ax,ay,az,gx,gy,gz,temp,volt,vel

1.581459,1.407208,9.451406,16.021175,-0.001410,-0.016774,0.042899,0.916000,0.000000

1.670074,1.409603,9.403505,16.038822,-0.004874,-0.023436,0.019450,0.920000,0.000000

1.753900,1.445528,9.425060,16.050587,-0.005407,-0.014376,0.013322,0.916000,0.000000

1.722765,1.467083,9.410690,16.050587,-0.003808,-0.012244,0.012789,0.916000,0.000000

1.650914,1.433553,9.401111,16.050587,-0.005407,-0.007981,0.013588,0.916000,0.000000

1.607804,1.356912,9.398716,16.065292,-0.008338,-0.009313,0.008525,0.912000,0.000000

1.617384,1.285062,9.489726,16.065292,-0.004074,-0.007182,-0.000001,0.912000,0.000000

1.636544,1.210816,9.405901,16.062351,-0.003541,-0.010912,0.001065,0.908000,0.000000

1.670074,1.189261,9.396320,16.088821,-0.003541,-0.011978,0.014121,0.912000,0.000000

1.579064,1.313802,9.475356,16.085880,0.000189,-0.007715,0.026112,0.908000,0.000000

1.667679,1.361702,9.463381,16.082939,0.002054,-0.001852,0.032241,0.912000,0.000000

1.476078,1.411998,9.401111,16.106470,0.000988,-0.006382,0.029310,0.908000,0.000000

1.636544,1.385653,9.408296,16.106470,-0.003275,-0.012511,0.023447,0.908000,0.000000

1.720370,1.400023,9.410690,16.100588,-0.006206,-0.008248,0.014921,0.904000,0.000000

1.737135,1.309012,9.410690,16.109411,-0.004607,0.001878,-0.009594,0.904000,0.000000

1.547928,1.409603,9.427456,16.106470,-0.003541,-0.000254,-0.024516,0.904000,0.000000

1.490448,1.416788,9.427456,16.118235,-0.006739,-0.004517,-0.026914,0.904000,0.000000

1.480868,1.347332,9.429851,16.138823,-0.004341,0.001612,-0.024782,0.908000,0.000000

1.466498,1.503009,9.468171,16.141764,-0.004874,-0.005050,-0.016256,0.904000,0.000000

1.387462,1.400023,9.420271,16.141764,-0.006473,-0.010113,-0.000534,0.900000,0.000000

1.574274,1.280272,9.425060,16.141764,-0.009937,-0.019705,0.014388,0.900000,0.000000

1.670074,1.251532,9.432246,16.159410,0.001255,-0.007981,0.014921,0.904000,0.000000

1.454523,1.421578,9.444221,16.159410,-0.005140,-0.010113,0.005594,0.900000,0.000000

1.545533,1.388048,9.408296,16.174116,-0.008338,-0.015176,-0.005864,0.900000,0.000000

1.641334,1.340147,9.453801,16.194704,-0.006206,-0.011978,-0.012525,0.900000,0.000000

1.624569,1.337752,9.417875,16.174116,-0.006206,-0.010379,-0.005864,0.900000,0.000000

1.617384,1.352122,9.475356,16.177057,-0.006739,-0.011712,0.009591,0.900000,0.000000

1.674865,1.313802,9.484936,16.191763,-0.004874,-0.009313,0.020250,0.900000,0.000000

1.466498,1.241951,9.410690,16.194704,-0.002742,-0.008514,0.023447,0.900000,0.000000

1.607804,1.225186,9.429851,16.194704,-0.005407,-0.013044,0.021849,0.900000,0.000000

1.672469,1.323382,9.451406,16.200586,-0.003541,-0.008514,0.011989,0.900000,0.000000

1.682050,1.380862,9.405901,16.212351,-0.007272,-0.007182,-0.006663,0.900000,0.000000

1.665284,1.455108,9.489726,16.185881,-0.008871,-0.006915,-0.020252,0.900000,0.000000

1.526373,1.368887,9.487331,16.206469,0.001521,-0.001852,-0.022651,0.896000,0.000000

1.559904,1.270692,9.451406,16.206469,-0.008871,-0.003451,-0.020519,0.896000,0.000000

1.619779,1.297037,9.437036,16.203527,-0.007805,0.000812,-0.013058,0.896000,0.000000

1.607804,1.364097,9.441826,16.197645,-0.000610,-0.001852,0.003729,0.896000,0.000000

1.715580,1.330567,9.415481,16.235882,-0.003808,-0.006382,0.012256,0.896000,0.000000

1.758690,1.325777,9.401111,16.218235,-0.004341,-0.000787,0.010124,0.896000,0.000000

1.528768,1.337752,9.460986,16.230000,-0.001943,0.001612,0.002397,0.896000,0.000000

1.550323,1.292247,9.494516,16.227058,-0.005407,-0.003185,-0.006929,0.896000,0.000000

1.531163,1.253927,9.439431,16.247646,0.000189,0.002944,-0.013324,0.892000,0.000000

1.567089,1.330567,9.463381,16.262352,-0.003541,-0.001852,-0.007196,0.892000,0.000000

1.626964,1.344937,9.472961,16.265293,-0.003541,-0.001320,0.001597,0.892000,0.000000

1.658099,1.301827,9.398716,16.253529,0.000722,0.003743,0.013055,0.896000,0.000000

1.564694,1.366493,9.386741,16.238823,-0.003541,-0.000520,0.014921,0.892000,0.000000

1.559904,1.309012,9.516071,16.253529,0.000722,0.002944,0.005061,0.892000,0.000000

1.612594,1.364097,9.396320,16.279999,-0.006206,0.007207,-0.001867,0.892000,0.000000

1.717975,1.337752,9.449011,16.271175,-0.004874,-0.000787,-0.000801,0.888000,0.000000

1.715580,1.309012,9.425060,16.265293,-0.003541,0.009339,-0.000801,0.892000,0.000000

1.629359,1.373677,9.401111,16.279999,-0.001410,0.010671,-0.000534,0.892000,0.000000

1.662889,1.486243,9.480146,16.282940,-0.005140,0.010138,0.001331,0.888000,0.000000

1.694025,1.392838,9.422666,16.291763,-0.002742,0.011737,-0.002666,0.892000,0.000000

1.717975,1.289852,9.362790,16.288822,-0.002476,0.011737,-0.005597,0.892000,0.000000

1.672469,1.318592,9.417875,16.294704,0.000988,0.016267,-0.006929,0.892000,0.000000

1.514398,1.330567,9.470566,16.303528,-0.002476,0.018932,-0.022651,0.892000,0.000000

1.394647,1.380862,9.429851,16.288822,-0.001410,0.014668,-0.043435,0.888000,0.000000

1.353932,1.337752,9.444221,16.297646,-0.004074,0.012270,-0.041836,0.888000,0.000000

1.320402,1.354517,9.542417,16.327057,-0.007538,0.004809,-0.026648,0.892000,0.000000

1.440153,1.349727,9.489726,16.327057,-0.001676,0.004809,-0.009061,0.892000,0.000000

1.490448,1.206026,9.460986,16.312351,-0.001410,0.002144,-0.009594,0.888000,0.000000

1.509608,1.093460,9.482541,16.324116,-0.001676,0.002144,-0.015456,0.888000,0.000000

1.401832,1.215606,9.449011,16.332939,0.003120,-0.002385,-0.015190,0.888000,0.000000

1.437757,1.395233,9.429851,16.324116,0.004985,-0.006915,-0.007995,0.888000,0.000000

1.504818,1.620364,9.477751,16.329998,-0.000877,-0.007715,0.010124,0.892000,0.000000

1.346747,1.512589,9.384345,16.327057,-0.000344,-0.010646,0.021849,0.892000,0.000000

1.279686,1.380862,9.489726,16.318233,-0.006206,-0.013577,0.006127,0.888000,0.000000

1.203046,1.426368,9.504096,16.338821,-0.003808,-0.019972,-0.018654,0.884000,0.000000

1.404227,1.344937,9.516071,16.347647,-0.009670,-0.034094,-0.027447,0.892000,0.000000

1.770665,1.103040,9.185558,16.344706,-0.013667,-0.022370,-0.026648,0.884000,0.000000

0.747992,1.136571,9.789104,16.353529,-0.008604,-0.048217,-0.023983,0.884000,0.000000

0.249828,1.244346,9.904064,16.362352,-0.005407,-0.070866,-0.045833,0.888000,0.000000

0.558785,1.711375,9.508886,16.353529,0.001521,-0.101243,-0.010660,0.888000,0.000000

1.562299,1.541329,8.859837,16.347647,-0.046442,-0.164395,0.050627,0.884000,0.000000

2.244879,0.837193,9.278965,16.344706,-0.019263,-0.138015,0.078339,0.888000,0.000000

3.114271,1.179681,9.214299,16.353529,-0.000344,-0.104441,0.062617,0.888000,0.000000

2.295175,1.984407,8.838281,16.362352,-0.023526,-0.050349,0.053558,0.888000,0.000000

2.383790,1.955667,9.887300,16.353529,0.009515,-0.032229,0.058887,0.884000,0.000000

2.618502,1.479059,9.231064,16.371176,0.011380,-0.024235,0.007726,0.884000,0.000000

1.629359,1.404813,9.259805,16.347647,-0.036583,-0.020771,-0.003998,0.884000,0.000000

2.240089,1.507799,9.623847,16.365294,-0.046708,-0.058875,0.028777,0.884000,0.000000

2.951410,1.392838,9.245434,16.391764,-0.019529,-0.005849,0.010391,0.884000,0.000000

1.799406,1.792806,9.286150,16.368235,0.011114,0.012537,0.005061,0.884000,0.000000

2.620897,1.958062,9.013118,16.374117,0.001255,-0.000254,0.026112,0.888000,0.000000

2.400555,2.238280,9.195139,16.388823,-0.002476,0.052239,0.105251,0.884000,0.000000

1.895206,2.597533,9.266990,16.394705,0.020973,0.061299,0.153215,0.884000,0.000000

2.640057,2.070628,8.814330,16.391764,-0.014999,0.048775,0.095925,0.888000,0.000000

1.744320,3.469320,9.453801,16.397646,-0.000610,0.063164,0.037836,0.888000,0.000000

2.426901,2.439461,9.961545,16.394705,0.044422,0.089011,-0.047965,0.884000,0.000000

2.019747,2.410721,8.687394,16.418234,-0.023260,0.069027,-0.173735,0.948000,0.000000

0.280963,2.937625,9.379556,16.403528,0.083325,0.134043,-0.258470,0.952000,0.000000

2.017352,2.944810,9.238249,16.409410,0.056946,0.055171,-0.244614,1.132000,0.000000

2.537071,1.421578,9.202324,16.397646,0.040425,0.101801,-0.262200,1.152000,0.000000

1.789825,2.738839,8.761641,16.412352,0.044688,0.067694,-0.273392,1.376000,0.000000

1.799406,3.150782,9.092153,16.412352,0.007384,0.123918,-0.241150,2.196000,0.000000

1.440153,3.246583,9.096943,16.418234,0.068936,0.150831,-0.070347,3.620000,0.000000

0.685721,2.714888,8.625124,16.432940,0.018308,0.150031,-0.138828,3.824000,0.000000

1.509608,3.498060,9.463381,16.424116,0.004985,0.110595,-0.158546,4.108000,0.000000

1.612594,2.894515,9.669353,16.456469,0.062008,0.145235,-0.127903,5.044000,0.000000

2.012562,2.508917,9.504096,16.435881,0.000988,0.164154,-0.127370,5.228000,0.000000

1.626964,2.611902,9.262199,16.421175,0.074532,0.187869,-0.100991,5.208000,0.000000

0.939593,1.277877,8.955637,16.427057,0.050018,0.170282,-0.044767,5.260000,0.000000

0.118102,2.173614,9.322075,16.444704,-0.032319,0.190001,-0.041569,5.612000,0.000000

-0.265101,3.062166,9.022697,16.438822,0.096915,0.183605,-0.037573,5.604000,0.000000

-0.063920,1.555699,9.247829,16.444704,0.020973,0.139906,-0.044767,5.560000,0.000000

0.410294,2.578372,9.192744,16.450586,-0.014733,0.130579,-0.065018,6.052000,0.000000

1.018629,3.440579,9.681328,16.435881,-0.003275,0.125517,-0.110050,6.228000,0.000000

1.009049,3.246583,9.156818,16.462351,0.056146,0.108996,-0.177732,6.336000,0.000000

1.191071,3.304063,9.164003,16.438822,0.059610,0.109262,-0.202246,6.736000,0.000000

1.037789,3.318433,9.384345,16.453527,0.048685,0.160423,-0.137230,6.780000,0.000000

1.284476,2.532867,9.089758,16.456469,0.048152,0.160157,0.011989,6.892000,0.000000

-0.202831,2.731653,9.939990,16.438822,0.019907,0.123918,0.114311,7.104000,0.000000

-0.068710,2.317315,10.155541,16.468235,0.026569,0.110328,0.222228,7.120000,0.000000

-0.348927,1.852681,9.542417,16.453527,0.010581,0.097538,0.302966,7.140000,0.000000

-0.384852,2.417906,10.136381,16.465292,0.014312,0.073024,0.272323,7.168000,0.000000

0.168397,1.668265,9.832214,16.468235,0.052682,0.061832,0.229423,7.188000,0.000000

0.048646,2.803504,9.686118,16.468235,0.074532,0.113792,0.208639,7.176000,0.000000

0.120497,2.432276,9.820239,16.474117,0.096382,0.112726,0.208106,7.212000,0.000000

-0.451913,2.417906,9.714858,16.474117,0.046287,0.133510,0.225426,7.236000,0.000000

-0.598009,1.783226,10.054951,16.465292,0.058011,0.077820,0.230755,7.216000,0.000000

-0.454308,1.637130,10.581855,16.468235,0.040158,0.074089,0.284048,7.224000,0.000000

0.793497,2.190379,8.483818,16.465292,0.009515,0.081817,0.467907,7.232000,0.000000

0.161212,0.822823,9.657377,16.471176,-0.009137,0.095140,0.662158,7.204000,0.000000

0.992284,1.993988,10.550720,16.477058,0.024704,0.059434,0.814308,7.208000,0.000000

0.666561,1.986803,9.401111,16.482941,0.148875,0.094341,0.833227,7.208000,0.000000

-0.358507,2.178404,8.680209,16.474117,0.016976,0.089811,0.781533,7.192000,0.000000

0.779127,2.250255,9.781919,16.488823,0.100379,0.092475,0.685607,7.196000,0.000000

1.217416,1.340147,9.410690,16.480000,-0.023793,0.122053,0.525996,7.220000,0.000000

1.049764,3.275323,9.796288,16.485882,0.017509,0.098337,0.283515,7.256000,0.000000

1.650914,2.779554,8.802356,16.471176,0.073200,0.188402,-0.071413,7.236000,0.000000

1.732345,2.027518,9.389135,16.480000,-0.005407,0.097805,-0.336277,7.252000,0.000000

2.671193,2.192774,9.777128,16.482941,0.043889,0.277400,-0.537723,7.264000,0.000000

0.621056,1.840706,9.671748,16.485882,0.012979,0.346414,-0.781269,7.280000,0.000000

-0.221991,-0.034594,9.243039,16.497646,0.056413,0.224108,-0.905707,7.228000,0.000000

0.096547,-0.839321,9.104128,16.491764,-0.124249,0.157492,-0.929156,7.232000,0.000000

-0.938102,2.087393,9.595107,16.485882,0.068403,0.131912,-0.865738,7.188000,0.000000

-0.186066,1.134176,11.044094,16.480000,-0.089609,0.098071,-0.808182,7.212000,0.000000

-0.552504,-0.209430,8.663445,16.480000,-0.019529,0.087679,-0.713854,7.172000,0.000000

-0.983607,2.255045,9.245434,16.506470,0.060410,0.163887,-0.590482,7.144000,0.000000

-1.000372,1.989197,9.494516,16.488823,-0.054702,0.139373,-0.518004,7.208000,0.000000

-1.136889,1.881422,9.626243,16.482941,-0.039514,0.203057,-0.491891,7.192000,0.000000

0.874928,1.931717,8.960427,16.509411,-0.090675,0.080751,-0.408488,7.240000,0.000000

1.950292,3.852523,8.991562,16.503529,0.068670,-0.341592,-0.463646,7.204000,0.000000

-2.904413,1.016820,10.701606,16.497646,0.177387,0.067694,-0.422611,7.196000,0.000000

-0.727340,0.909044,8.582014,16.509411,-0.081082,0.131912,-0.278721,7.208000,0.000000

-2.770292,3.119647,9.444221,16.485882,0.005518,0.153762,-0.383974,7.204000,0.000000

-0.478258,2.092183,8.488607,16.488823,-0.019529,0.062898,-0.443928,7.240000,1724.734795

0.072596,1.900582,9.396320,16.506470,-0.041113,0.043713,-0.407955,7.252000,1724.734795

0.072596,1.917347,9.920830,16.503529,0.031099,0.086080,-0.364256,7.228000,1724.734795

-1.455426,2.643038,10.028605,16.506470,0.058011,0.094341,-0.423677,7.248000,1724.734795

-1.536857,1.625154,9.535232,16.512352,-0.017131,-0.002385,-0.470841,7.248000,1724.734795

-0.993187,2.257440,9.025092,16.503529,0.058011,-0.015708,-0.271793,7.256000,1724.734795

-1.912875,2.180799,8.780800,16.506470,-0.017131,-0.047684,-0.175867,7.268000,1724.734795

-2.046996,2.003568,9.120893,16.524117,0.028434,-0.088986,-0.191854,7.268000,1724.734795

-0.686625,2.528077,8.910131,16.509411,0.083592,-0.187044,-0.105254,7.280000,1724.734795

0.163607,2.808294,9.401111,16.532940,0.091319,-0.140146,-0.065018,7.292000,1724.734795

-0.442333,2.405931,9.319680,16.535881,0.040425,-0.104707,-0.061288,7.312000,1724.734795

-1.323700,1.922137,9.525652,16.532940,-0.009404,-0.106039,-0.022651,7.296000,1724.734795

-1.728458,2.367611,8.989167,16.547646,0.029766,-0.130554,0.035705,7.300000,1724.734795

-1.819469,2.961576,9.494516,16.541763,0.084924,-0.225414,0.111646,7.304000,1724.734795

-1.024323,2.561607,9.666958,16.527058,-0.005673,-0.207295,0.216100,7.316000,1724.734795

-1.548832,3.359149,9.626243,16.535881,0.044155,-0.189176,0.339472,7.332000,1724.734795

-1.026718,3.246583,9.250224,16.550587,-0.032053,-0.231543,0.468173,7.316000,1724.734795

-0.906967,2.825059,9.913645,16.559410,0.128890,-0.153203,0.564633,7.336000,1724.734795

-0.739315,3.217843,8.680209,16.559410,0.074532,-0.179583,0.717049,7.336000,1724.734795

-1.215924,2.884935,9.434641,16.547646,-0.025924,-0.209160,0.900908,7.356000,1724.734795

-1.287775,2.568792,9.247829,16.553528,0.063341,-0.145476,1.080238,7.352000,1724.734795

-1.321305,2.748419,9.717253,16.568233,-0.052571,-0.136682,1.146587,7.348000,1724.734795

-0.748895,2.484967,9.307705,16.559410,0.068403,-0.096980,1.124470,7.352000,1724.734795

-0.339347,2.360425,9.034673,16.550587,0.019374,-0.092450,1.100489,7.372000,1724.734795

0.027091,3.145992,9.255014,16.565292,-0.006473,-0.087120,1.011757,7.372000,1724.734795

-0.518973,2.918465,9.523256,16.550587,0.046287,-0.009580,0.891849,7.388000,1724.734795

-0.277076,2.152059,10.095666,16.550587,-0.009937,0.005609,0.761282,7.388000,1724.734795

-0.933312,3.210657,10.354328,16.556469,0.028434,0.050641,0.605401,7.404000,1724.734795

-0.621959,3.193892,8.491003,16.562351,0.047353,0.016267,0.422608,7.408000,1724.734795

-1.120123,2.096973,9.760364,16.568233,0.012180,0.023994,0.281383,7.404000,1724.734795

-0.923732,2.664593,9.238249,16.565292,0.030832,0.058368,0.219031,7.416000,1724.734795

-0.485443,2.837034,10.119617,16.550587,0.058544,0.014135,0.167071,7.420000,1724.734795

-0.051945,1.589229,8.972402,16.562351,0.033497,-0.034361,0.210504,7.412000,1724.734795

0.074991,1.059930,10.620175,16.568233,-0.015266,-0.022637,0.407420,7.412000,1724.734795

-0.672255,3.028636,8.615544,16.577057,-0.009937,0.039716,0.735169,7.416000,1724.734795

-2.813402,1.811966,11.669194,16.588821,0.194174,-0.027433,0.986176,7.416000,1724.734795

-2.334398,-0.207035,9.446616,16.574116,0.031898,-0.115365,1.132198,7.412000,1724.734795

-3.005004,1.876631,9.674143,16.582939,0.042024,-0.076195,1.138326,7.416000,1724.734795

-1.905690,1.795201,10.536350,16.574116,0.042557,-0.132153,1.188421,7.404000,1724.734795

0.266593,0.358189,9.657377,16.582939,0.117965,-0.199568,1.166571,7.408000,1724.734795

1.428177,1.210816,9.563972,16.591763,0.133687,-0.086854,1.162308,7.416000,1724.734795

1.737135,1.407208,9.789104,16.588821,0.105442,0.013069,1.066382,7.424000,1724.734795

0.371974,2.032308,9.475356,16.579998,0.104909,0.199860,0.994703,7.420000,1724.734795

0.422269,1.172496,10.095666,16.579998,0.086523,0.090610,0.429003,7.440000,1724.734795

1.078505,2.216724,10.131592,16.585880,0.141947,0.077287,0.187322,7.436000,11.713164

1.528768,3.014266,10.373488,16.579998,0.372171,-0.024235,-0.172669,7.444000,11.713164

2.307150,-0.235776,10.957873,16.597647,0.129157,0.176411,-0.284850,7.428000,11.713164

-0.008834,0.204908,9.616662,16.600588,0.160599,0.242760,-0.256871,7.428000,11.713164

0.577946,1.541329,8.713739,16.597647,0.050550,0.199860,-0.244880,7.428000,11.713164

1.502423,2.434671,9.880115,16.579998,0.104376,0.235299,-0.258736,7.416000,11.713164

0.961149,1.483848,9.147239,16.591763,0.045754,0.246491,-0.267796,7.432000,11.713164

-0.957262,2.587952,9.295730,16.597647,0.017776,0.268873,-0.349867,7.428000,11.713164

-0.080685,3.713611,9.456196,16.621176,0.078529,0.250488,-0.483098,7.420000,11.713164

0.661771,1.179681,9.271779,16.615294,-0.036050,0.161223,-0.554243,7.420000,11.713164

0.474960,3.943534,9.247829,16.597647,0.075598,0.141238,-0.577692,7.432000,11.713164

2.125128,2.070628,9.211904,16.612352,0.134220,0.042114,-0.492424,7.420000,11.713164

0.400714,1.620364,8.910131,16.609411,-0.004874,0.123118,-0.270461,7.436000,11.713164

-1.419501,1.845496,8.474237,16.612352,-0.014999,0.078619,0.033839,7.432000,11.713164

-0.439938,3.586675,9.710068,16.600588,-0.002742,0.045311,0.257668,7.424000,11.713164

-0.492628,2.913675,8.955637,16.606470,0.130223,0.054371,0.420210,7.436000,11.713164

-0.233966,4.506363,8.526928,16.615294,0.057745,0.051973,0.438063,7.432000,11.713164

-0.657885,3.229818,9.166399,16.612352,0.020973,0.034120,0.339738,7.444000,11.713164

-0.677045,3.306458,9.338840,16.609411,-0.012868,0.041314,0.171601,7.440000,11.713164

0.886903,2.470596,10.186677,16.585880,-0.089076,0.057036,-0.002932,7.444000,11.713164

1.258131,4.475228,8.811935,16.606470,0.073466,0.074889,-0.137230,7.452000,11.713164

0.101337,2.870565,9.190349,16.621176,-0.011269,0.143103,-0.250210,7.456000,11.713164

0.757572,1.687425,9.705278,16.627058,0.059877,0.049308,-0.271793,7.452000,11.713164

0.659376,2.027518,8.680209,16.624117,0.003120,0.064230,-0.339208,7.464000,11.713164

-0.964447,3.993829,7.983259,16.615294,0.093984,0.105532,-0.288847,7.464000,11.713164

-0.114215,1.186866,9.003537,16.624117,-0.099201,0.006941,-0.295508,7.460000,11.713164

-0.902177,1.675450,11.115945,16.621176,-0.049906,0.022929,-0.338675,7.468000,11.713164

0.029486,2.719678,9.638218,16.635881,0.072667,0.060766,-0.417282,7.464000,11.713164

1.171910,2.192774,8.826305,16.627058,-0.046442,0.047177,-0.402893,7.468000,11.713164

0.649796,2.008358,10.272898,16.624117,-0.070956,0.014135,-0.256605,7.460000,11.713164

0.369579,1.962852,10.301638,16.618235,0.112103,0.003743,-0.196384,7.460000,11.713164

1.464103,1.287457,9.111313,16.612352,0.010848,-0.039690,-0.107119,7.468000,11.713164

0.393529,0.820428,9.937595,16.612352,-0.117054,-0.032496,0.077539,7.460000,11.713164

-0.538134,1.289852,10.248947,16.603529,0.073466,0.037318,0.242746,7.460000,11.713164

-0.988397,-0.551918,9.492122,16.612352,0.055080,-0.034361,0.274721,7.460000,15.305130

-0.748895,0.240833,9.221484,16.618235,-0.050972,-0.050615,0.310694,7.452000,15.305130

-1.900900,2.020333,10.050160,16.627058,0.052416,0.006408,0.370648,7.452000,15.305130

0.187557,1.431158,9.496911,16.612352,0.175255,0.005609,0.507876,7.460000,15.305130

0.671351,2.290970,9.528047,16.624117,0.034563,0.043446,0.566231,7.452000,15.305130

1.054554,2.298155,9.578342,16.629999,-0.015532,0.084481,0.618192,7.444000,15.305130

1.706000,1.742511,8.831096,16.621176,0.027901,0.108996,0.639509,7.456000,15.305130

0.448614,1.555699,9.051437,16.615294,0.104109,0.199593,0.500682,7.460000,15.305130

0.230668,1.888607,10.138777,16.627058,-0.012335,0.248889,0.387169,7.448000,15.305130

-0.303422,2.611902,9.743598,16.632940,0.127558,0.270739,0.210238,7.452000,15.305130

-0.305817,1.162916,9.516071,16.638823,-0.092273,0.265942,0.021849,7.460000,15.305130

-0.952472,4.456068,8.960427,16.621176,0.090786,0.321367,-0.126571,7.456000,15.305130

-0.947682,1.225186,8.215575,16.638823,-0.128512,0.205189,-0.215836,7.456000,15.305130

-0.231571,3.294483,10.011841,16.621176,-0.007005,0.187069,-0.317092,7.460000,15.305130

-0.255521,3.339988,9.808264,16.641764,0.063074,0.170815,-0.211839,7.456000,15.305130

-0.061525,3.562725,8.687394,16.635881,0.002854,0.108729,-0.157214,7.460000,15.305130

-1.299750,4.056099,8.155700,16.638823,0.097181,0.107131,-0.156681,7.460000,15.305130

-1.757199,4.678805,9.736413,16.632940,0.020440,0.060500,-0.118844,7.468000,15.305130

-2.123636,3.869288,8.560458,16.650587,0.015644,-0.001053,-0.138029,7.476000,15.305130

-2.478099,3.948323,8.946056,16.644705,-0.039780,0.042913,-0.104455,7.488000,15.305130

-2.205067,4.077655,9.413086,16.635881,0.009782,0.041048,0.012522,7.492000,15.305130

-2.073341,3.323223,8.495793,16.638823,-0.000610,-0.082058,0.202510,7.492000,15.305130

-2.652936,3.481295,8.673024,16.632940,0.024171,-0.046352,0.429803,7.500000,15.305130

-3.325936,2.844219,9.372371,16.641764,-0.117321,-0.134551,0.675481,7.504000,15.305130

-1.833839,3.210657,10.301638,16.618235,0.005785,-0.212624,0.871331,7.504000,15.305130

-2.643356,2.666988,10.790222,16.641764,0.170459,-0.061540,0.962195,7.508000,15.305130

-3.915111,0.612061,8.732900,16.629999,-0.001410,-0.174254,0.930752,7.504000,15.305130

-3.122360,-0.168715,10.668076,16.644705,0.050018,-0.250462,0.887852,7.512000,15.305130

-2.420619,0.523446,11.379396,16.629999,0.028701,-0.215289,0.861738,7.512000,15.305130

-2.667306,0.738997,10.392649,16.635881,0.089188,-0.199834,0.802850,7.512000,15.305130

-2.305658,1.579649,9.573552,16.632940,0.228281,-0.190774,0.697598,7.508000,15.305130

-0.181276,0.552186,9.829819,16.638823,0.002054,-0.278441,0.665089,7.512000,16.784730

2.120338,-0.180690,9.568762,16.644705,0.015111,-0.081791,0.650167,7.496000,16.784730

0.726437,0.152218,10.122011,16.641764,0.022838,-0.077261,0.557438,7.496000,16.784730

3.708236,1.385653,9.032277,16.635881,0.148076,-0.011712,0.485493,7.500000,16.784730

2.213744,1.562884,9.590317,16.629999,0.120630,0.055703,0.610464,7.504000,16.784730

1.818566,2.494547,9.908854,16.632940,0.121163,0.074356,0.511873,7.496000,16.784730

1.840121,2.374796,9.027488,16.638823,0.162998,0.227039,0.385836,7.496000,16.784730

0.223483,3.059771,8.397597,16.638823,0.138750,0.203857,0.382639,7.500000,16.784730

-1.491351,2.475386,9.305309,16.647646,0.151540,0.222775,0.249940,7.504000,16.784730

-2.291288,0.578531,10.792617,16.638823,-0.034451,0.201192,0.158011,7.500000,16.784730

-1.275800,2.820269,10.038186,16.627058,0.117166,0.144435,0.085000,7.496000,16.784730

0.122892,3.093302,10.038186,16.627058,-0.056834,0.089011,-0.070081,7.504000,16.784730

0.237853,3.543565,9.401111,16.624117,0.072933,0.037051,-0.066350,7.496000,16.784730

1.066530,3.838153,8.292216,16.618235,-0.013401,0.039982,-0.176133,7.496000,16.784730

-0.748895,3.502850,9.523256,16.629999,0.020440,0.089011,-0.211573,7.508000,16.784730

1.076110,3.522010,9.159214,16.618235,0.033497,0.050374,-0.248611,7.504000,16.784730

1.023419,3.517220,9.209509,16.632940,-0.052837,0.089544,-0.334412,7.508000,16.784730

0.439034,2.688543,9.635822,16.629999,0.054547,0.071158,-0.315493,7.512000,16.784730

0.225878,3.253768,9.266990,16.600588,0.050284,0.147899,-0.342406,7.524000,16.784730

1.765875,4.120765,6.699528,16.629999,0.026036,0.079952,-0.340807,7.524000,16.784730

1.854491,3.993829,9.729228,16.641764,-0.186601,0.111661,-0.365321,7.516000,16.784730

1.677259,3.648946,9.777128,16.615294,0.014844,0.183605,-0.383174,7.524000,16.784730

0.970729,3.665711,8.294611,16.624117,0.045754,0.135909,-0.453521,7.524000,16.784730

1.262921,2.688543,8.579618,16.606470,-0.115456,0.046111,-0.449524,7.520000,16.784730

2.110758,2.037098,9.892090,16.621176,-0.111725,0.023195,-0.304834,7.532000,16.784730

1.674865,2.916070,10.208232,16.612352,0.006318,0.077553,-0.193720,7.528000,16.784730

2.441271,1.929322,10.481264,16.627058,-0.094405,0.093275,-0.071680,7.528000,16.784730

1.648519,2.540052,8.486213,16.635881,0.117699,0.205722,0.112179,7.524000,16.784730

0.834213,1.706585,9.609477,16.618235,-0.126914,0.193465,0.177996,7.524000,16.784730

1.581459,-0.520783,10.054951,16.621176,-0.195661,0.134310,0.212636,7.520000,16.784730

0.956359,1.673055,9.369975,16.618235,0.106774,0.300849,0.191852,7.524000,16.784730

-3.199000,0.276759,10.141171,16.624117,0.038560,0.135376,0.163074,7.516000,16.784730

-1.172814,0.612061,10.378279,16.629999,-0.139704,0.176144,0.121239,7.520000,16.784730

-1.069828,0.497100,9.956755,16.629999,-0.008071,0.283795,0.265129,7.516000,16.784730

0.065411,2.140084,8.673024,16.618235,0.040425,0.235832,0.383705,7.512000,16.784730

0.685721,0.865933,9.159214,16.594706,0.010581,0.260880,0.443392,7.512000,16.784730

-1.606312,-0.070519,9.300520,16.609411,-0.126381,0.229437,0.344535,7.512000,16.784730

-1.009952,3.953113,9.743598,16.609411,0.021772,0.308843,0.254737,7.512000,16.784730

-0.186066,1.407208,8.423943,16.624117,0.020973,0.309909,0.088198,7.508000,16.784730

-2.111661,3.395074,9.374765,16.603529,-0.085079,0.294454,-0.067150,7.516000,16.784730

-1.912875,3.385494,9.432246,16.629999,0.054814,0.270206,-0.183860,7.520000,16.784730

-0.763265,2.221514,8.546088,16.618235,-0.041113,0.193997,-0.276589,7.516000,16.784730

-0.231571,4.080050,9.417875,16.612352,-0.087211,0.156693,-0.270994,7.524000,16.784730

0.264198,3.083721,9.520862,16.632940,-0.005673,0.225440,-0.158546,7.524000,16.784730

-0.564479,3.459739,8.304192,16.621176,0.071335,0.219311,-0.008795,7.528000,16.784730

-0.576454,2.975945,7.566525,16.621176,-0.102399,0.123651,0.069012,7.528000,16.784730

0.285753,3.421419,9.966335,16.606470,-0.122117,0.176944,0.109515,7.528000,16.784730

-1.120123,5.277560,8.771220,16.609411,0.070269,0.284861,0.095925,7.540000,16.784730

-3.280431,3.476505,9.300520,16.618235,-0.005407,0.099670,-0.019187,7.532000,16.784730

-1.922455,3.771092,9.113708,16.615294,0.043356,0.146834,-0.165208,7.540000,16.784730

-2.164352,4.012989,9.305309,16.627058,0.000722,0.085814,-0.062620,7.548000,16.784730

-3.495983,1.582044,8.972402,16.621176,-0.039780,-0.001320,0.043699,7.548000,16.784730

-2.985843,2.640643,10.114826,16.591763,-0.061364,-0.028765,0.110314,7.556000,16.784730

-2.602640,2.389166,9.760364,16.609411,0.010581,-0.018107,0.044498,7.552000,16.784730

-3.079249,0.559371,9.070598,16.629999,0.040425,-0.101243,-0.111916,7.556000,16.784730

-2.569110,1.277877,8.696975,16.632940,0.010048,-0.134551,-0.198782,7.552000,16.784730

-1.663793,-0.369897,9.743598,16.615294,0.071601,-0.154535,-0.265132,7.548000,9.298337

-1.594337,-0.726755,9.583132,16.606470,-0.001676,-0.192906,-0.313361,7.548000,9.298337

-1.606312,1.232371,10.155541,16.585880,0.063341,-0.305353,-0.301104,7.540000,9.298337

-0.411198,-0.583053,10.229787,16.600588,0.103044,-0.369038,-0.261401,7.536000,9.298337

-0.387247,-1.081218,9.614267,16.597647,0.052416,-0.374900,-0.173468,7.536000,9.298337

1.241366,-0.700409,8.570039,16.615294,0.060676,-0.264851,-0.160412,7.524000,9.298337

-0.085475,1.704190,10.478869,16.612352,-0.069891,-0.184379,0.017052,7.524000,9.298337

2.343075,4.400982,9.346025,16.621176,0.140615,-0.163329,0.145221,7.524000,9.298337

1.540743,1.416788,8.876601,16.606470,0.098514,-0.135350,0.244611,7.520000,9.298337

2.462826,2.815479,8.708950,16.615294,0.006051,-0.025568,0.252339,7.516000,9.298337

-1.189579,2.829849,9.908854,16.615294,0.045488,0.138573,0.210504,7.520000,9.298337

-2.717601,2.566397,8.670630,16.600588,0.032697,-0.005050,-0.004798,7.516000,9.298337

-2.708021,2.817874,9.075388,16.594706,-0.053903,-0.017307,-0.252608,7.516000,9.298337

-2.121242,3.253768,9.221484,16.597647,0.020174,-0.047418,-0.417282,7.528000,9.298337

-2.073341,4.441698,8.605964,16.612352,0.022838,-0.161463,-0.441530,7.524000,9.298337

-2.099686,2.750814,8.771220,16.612352,0.016443,-0.202765,-0.445793,7.524000,9.298337

-1.400341,3.735167,9.619058,16.612352,0.013779,-0.264052,-0.408755,7.528000,9.298337

0.103732,3.807017,8.890971,16.603529,0.092385,-0.331467,-0.256338,7.532000,9.298337

0.800682,3.294483,9.037067,16.609411,-0.005940,-0.313347,-0.247811,7.544000,9.298337

0.597106,5.897870,8.263476,16.621176,0.094783,-0.186511,-0.328816,7.540000,9.298337

0.142052,3.610626,9.386741,16.624117,0.026302,-0.242735,-0.680547,7.552000,9.298337

0.118102,4.175850,9.451406,16.621176,0.069469,-0.240336,-0.695468,7.552000,9.298337

0.412689,4.499178,8.438313,16.615294,0.028434,-0.305620,-0.584886,7.556000,9.298337

0.391134,5.478741,8.627519,16.618235,0.046287,-0.258456,-0.361324,7.564000,9.298337

0.858163,2.841825,9.496911,16.627058,0.068137,-0.316278,-0.017055,7.568000,9.298337

1.210231,3.656131,9.144843,16.627058,0.060143,-0.220352,0.153215,7.564000,9.298337

2.649637,2.530472,8.531718,16.624117,0.026835,-0.187044,0.213968,7.564000,9.298337

2.465221,1.531749,8.457473,16.615294,-0.040846,-0.108171,0.413015,7.568000,18.977556

2.196979,1.428763,10.145962,16.638823,-0.055502,-0.106572,0.565965,7.572000,18.977556

2.101178,2.405931,9.959150,16.632940,0.125959,0.009872,0.527328,7.572000,18.977556

2.002982,1.926927,11.441668,16.629999,-0.040313,0.084748,0.401824,7.560000,18.977556

1.222206,-1.538666,9.025092,16.632940,-0.008338,0.192932,0.518002,7.560000,18.977556

-0.547714,-0.935121,10.622570,16.615294,-0.002742,0.189201,0.567031,7.556000,18.977556

-1.211134,2.573582,10.833332,16.629999,0.046554,0.265942,0.416746,7.548000,18.977556

0.786312,-0.089679,8.907737,16.635881,-0.017131,0.187336,0.230489,7.544000,18.977556

-1.460216,1.766461,9.108918,16.629999,-0.007538,0.166019,0.212369,7.548000,18.977556

-0.940497,2.750814,8.898156,16.624117,0.065206,0.227305,0.152415,7.540000,18.977556

-1.412316,1.785621,9.108918,16.629999,-0.069624,0.176677,-0.029046,7.544000,18.977556

-1.500932,3.263348,9.846584,16.627058,-0.021394,0.159091,-0.109784,7.540000,18.977556

-0.267496,4.108790,8.981982,16.621176,0.058278,0.092742,-0.037306,7.540000,18.977556

-0.245941,2.918465,8.701765,16.644705,-0.025924,0.160157,0.227824,7.540000,18.977556

0.558785,2.674173,8.776011,16.627058,-0.006473,0.151896,0.321885,7.540000,18.977556

0.968334,2.702913,9.202324,16.606470,-0.038714,0.054638,0.475368,7.544000,18.977556

0.704881,4.048914,9.561577,16.638823,-0.007272,0.188135,0.580620,7.544000,18.977556

0.295333,3.131622,8.670630,16.635881,0.066805,0.277134,0.565699,7.556000,18.977556

0.350419,5.869129,8.325747,16.615294,-0.121318,0.335755,0.557971,7.556000,18.977556

0.805472,4.355477,8.146120,16.624117,0.041757,0.293921,0.458581,7.560000,18.977556

0.379159,3.282508,9.930409,16.618235,0.032431,0.465256,0.281117,7.568000,18.977556

-2.030231,3.787857,8.605964,16.624117,-0.119719,0.539866,0.177996,7.568000,18.977556

-3.534303,2.465806,8.464658,16.624117,-0.039514,0.396509,-0.037839,7.564000,18.977556

-2.643356,2.626273,8.823911,16.629999,0.002854,0.316304,-0.300571,7.572000,18.977556

-3.359467,1.900582,10.481264,16.629999,-0.028056,0.276068,-0.353864,7.576000,18.977556

-4.439620,1.725745,11.024934,16.632940,0.011114,0.151630,-0.397030,7.576000,18.977556

-4.056417,1.898187,10.227392,16.629999,-0.023260,0.094607,-0.446326,7.576000,19.657580

-4.391720,1.488638,8.998747,16.635881,0.101445,0.014935,-0.434868,7.572000,19.657580

-4.068392,0.973709,8.744875,16.621176,0.091053,-0.063672,-0.470574,7.576000,19.657580

-2.988239,-1.131513,9.468171,16.627058,-0.111725,-0.233408,-0.474837,7.572000,19.657580

-1.579967,0.214488,9.695698,16.635881,0.014578,-0.312281,-0.493756,7.564000,19.657580

-0.827931,-1.129118,10.414204,16.624117,0.076131,-0.406875,-0.418614,7.564000,19.657580

0.956359,1.483848,9.666958,16.632940,0.015377,-0.400214,-0.327484,7.552000,19.657580

1.401832,1.392838,10.601015,16.612352,-0.038448,-0.358113,-0.170537,7.548000,19.657580

3.511845,1.316197,9.106524,16.618235,0.170192,-0.192906,-0.281652,7.540000,19.657580

1.856886,-0.343551,9.868139,16.638823,-0.160221,-0.073797,-0.093796,7.540000,19.657580

-0.008834,3.414234,10.598620,16.612352,0.089720,0.084215,-0.172403,7.536000,19.657580

-0.478258,2.631063,8.802356,16.627058,0.068403,-0.097779,-0.522268,7.540000,19.657580

0.149237,2.973551,8.831096,16.635881,-0.014200,-0.180915,-0.717318,7.532000,19.657580

0.685721,4.317157,8.673024,16.647646,0.035362,-0.175053,-0.702130,7.536000,19.657580

-0.700995,3.277718,9.331655,16.624117,-0.038448,-0.262453,-0.344537,7.540000,19.657580

-0.130980,3.941139,9.384345,16.612352,-0.047241,-0.308018,-0.118844,7.544000,19.657580

-1.112938,3.931558,8.361671,16.641764,0.068137,-0.272845,0.201444,7.540000,19.657580

-1.582362,2.655013,8.126960,16.629999,0.014578,-0.330667,0.341337,7.548000,19.657580

-2.514025,4.841666,8.553273,16.635881,0.017509,-0.222483,0.355193,7.556000,19.657580

-1.282985,4.048914,7.703041,16.627058,-0.052038,-0.267516,0.374112,7.556000,19.657580

-0.404013,3.265743,9.566367,16.627058,-0.078684,-0.301356,0.375711,7.560000,19.657580

-0.902177,3.284903,10.320798,16.629999,-0.066960,-0.265384,0.255803,7.560000,19.657580

-1.282985,3.711217,9.367580,16.618235,0.067871,-0.251261,0.186256,7.560000,19.657580

-0.981212,3.866893,9.171188,16.609411,0.053748,-0.262186,0.206241,7.576000,19.657580

0.415084,4.214171,9.616662,16.635881,0.006318,-0.226480,0.264063,7.576000,19.657580

0.427059,2.853800,9.293335,16.641764,-0.016065,-0.121761,0.299502,7.576000,19.657580

0.968334,3.306458,9.123288,16.635881,-0.013134,-0.078061,0.301101,7.580000,19.657580

-0.250731,2.472991,9.202324,16.632940,-0.018996,-0.011179,0.465242,7.584000,19.657580

1.025814,0.058812,10.634545,16.638823,-0.093339,-0.078594,0.545980,7.588000,19.657580

1.653309,3.050191,11.360236,16.671175,0.095849,0.066628,0.551843,7.592000,19.657580

2.182609,2.638248,9.810658,16.638823,0.028701,0.153495,0.528927,7.584000,19.657580

3.111876,0.118687,9.808264,16.647646,0.029500,0.211850,0.606201,7.584000,19.657580

4.608763,0.444410,10.627360,16.635881,0.036694,0.387716,0.712786,7.588000,19.657580

3.174147,0.216883,8.819120,16.632940,0.124893,0.511088,0.630449,7.580000,19.657580

1.174305,-1.145883,8.869416,16.638823,0.047886,0.593691,0.511340,7.576000,19.657580

-0.875831,1.507799,10.584250,16.644705,-0.007272,0.668301,0.369316,7.576000,19.657580

-1.249454,0.152218,9.530441,16.629999,0.091852,0.582233,0.065548,7.572000,19.657580

-3.654054,2.710098,9.120893,16.650587,0.115034,0.470852,-0.446859,7.564000,19.657580

-4.063602,0.695887,8.481422,16.638823,0.019907,0.331759,-0.681879,7.560000,19.657580

-5.457504,3.148387,9.678933,16.656469,-0.006473,0.278466,-0.733040,7.564000,19.657580

-2.973868,2.561607,8.464658,16.638823,-0.069624,0.096206,-0.689873,7.564000,19.657580

-1.474586,3.105277,8.677814,16.659410,-0.003541,0.033854,-0.652568,7.572000,19.657580

-0.883016,3.811807,10.064531,16.659410,-0.026990,-0.034361,-0.465245,7.568000,19.657580

1.310822,4.154295,9.872930,16.641764,0.018841,-0.021837,-0.261135,7.572000,19.657580

2.046093,1.737720,9.221484,16.644705,0.034563,0.001345,0.030109,7.580000,19.657580

0.350419,4.147110,8.922107,16.656469,-0.019263,0.038383,0.244611,7.572000,19.657580

-0.126190,4.199801,8.948452,16.641764,0.061475,0.063697,0.354127,7.576000,19.657580

0.343234,3.373519,8.876601,16.647646,0.137151,0.210785,0.391699,7.572000,19.657580

-1.663793,3.847733,8.481422,16.650587,-0.102399,0.277400,0.328547,7.576000,19.657580

-1.826654,3.124437,9.477751,16.635881,-0.061630,0.260080,0.194516,7.588000,19.657580

-1.127308,3.950719,9.674143,16.647646,-0.074953,0.262478,0.095392,7.580000,19.657580

-1.975145,3.047796,9.839399,16.644705,0.029233,0.260347,0.047695,7.588000,19.657580

-2.727181,2.487362,9.152028,16.644705,-0.060564,0.220644,-0.053294,7.596000,19.657580

-2.516420,2.846615,9.334050,16.650587,-0.040047,0.226772,0.002663,7.596000,19.657580

-3.802545,2.089788,9.817844,16.653528,0.032165,0.215314,0.056489,7.600000,9.738879

-3.603759,2.429881,9.187954,16.659410,0.083858,0.092209,0.036238,7.600000,9.738879

-0.159721,-0.415402,9.719648,16.629999,0.151007,-0.474024,-0.309098,7.588000,9.738879

4.069884,1.416788,8.601173,16.644705,0.048685,-0.339194,0.042633,7.564000,9.738879

-0.427963,2.925650,10.215417,16.627058,0.112103,-0.076995,0.449787,7.564000,9.738879

2.596947,2.882540,8.610754,16.632940,-0.048041,-0.183047,0.476434,7.556000,9.738879

3.602855,4.290812,8.150910,16.644705,0.156070,-0.011978,0.611797,7.564000,9.738879

0.290543,1.675450,9.173584,16.635881,0.040425,0.119122,0.735169,7.560000,9.738879

-2.293683,2.142479,9.647798,16.632940,0.007650,0.233167,0.624320,7.564000,9.738879

-2.892438,2.396351,9.487331,16.624117,0.016710,0.123385,0.519601,7.564000,9.738879

-3.337911,3.735167,8.895761,16.638823,0.097714,0.132711,0.443925,7.568000,9.738879

-3.036139,2.736444,8.155700,16.638823,-0.019263,0.070092,0.323751,7.564000,9.738879

-3.148705,3.797437,9.183164,16.644705,-0.018996,0.036785,0.236617,7.564000,9.738879

-1.879345,4.824901,9.841794,16.641764,-0.059232,-0.018640,0.112979,7.576000,9.738879

-0.214806,4.887171,8.457473,16.638823,0.003653,0.006408,-0.027980,7.576000,9.738879

0.340838,6.020016,8.778405,16.635881,0.028701,0.025060,-0.119110,7.580000,9.738879

0.872533,4.384217,8.536509,16.621176,-0.048307,-0.011445,-0.262200,7.592000,9.738879

0.894088,3.778277,8.593988,16.635881,-0.040047,0.003477,-0.479367,7.596000,9.738879

0.376764,4.501573,10.174702,16.647646,-0.051238,0.030390,-0.566501,7.596000,9.738879

1.449733,4.379427,8.689790,16.627058,0.046287,-0.001320,-0.537989,7.600000,19.542135

1.315612,2.722074,8.347301,16.650587,-0.016865,0.014402,-0.526265,7.600000,19.542135

1.222206,4.001014,8.661049,16.635881,-0.044843,-0.016508,-0.476969,7.608000,19.542135

3.346588,3.689661,9.731624,16.650587,-0.081881,-0.001586,-0.406623,7.604000,19.542135

4.115389,1.486243,8.682605,16.638823,-0.005940,0.200393,-0.324286,7.604000,19.542135

2.345470,0.430040,9.585527,16.644705,-0.129578,0.254751,-0.250476,7.600000,19.542135

1.643729,2.077813,10.979428,16.653528,-0.248687,0.325896,-0.302170,7.604000,19.542135

1.959872,2.075418,11.060859,16.653528,-0.040580,0.405569,-0.350932,7.600000,19.542135

1.919157,-1.507531,9.554392,16.671175,-0.016598,0.241428,-0.365854,7.600000,19.542135

-2.025441,-1.234499,9.930409,16.644705,-0.085612,0.390114,-0.369851,7.592000,19.542135

-2.830167,-0.525573,10.476475,16.647646,-0.055768,0.293921,-0.517471,7.588000,19.542135

-2.068551,-0.013039,9.480146,16.647646,0.051350,0.117789,-0.762883,7.584000,19.542135

-0.962052,0.830008,8.833491,16.647646,0.029233,0.091143,-0.720516,7.588000,19.542135

-2.037416,1.081485,8.950847,16.650587,-0.005673,0.016800,-0.646972,7.576000,19.542135

-0.674650,1.847891,10.936318,16.671175,0.013246,-0.020505,-0.691471,7.572000,19.542135

-0.660280,4.099210,8.792775,16.659410,0.134753,-0.030364,-0.625122,7.576000,19.542135

-1.160839,2.312525,7.715016,16.653528,0.093451,-0.118829,-0.523334,7.580000,19.542135

-1.033903,3.562725,10.581855,16.650587,0.077463,-0.120162,-0.395698,7.580000,19.542135

-1.965565,3.905213,8.481422,16.650587,0.070535,-0.131886,-0.204112,7.588000,19.542135

-1.306935,3.893238,8.878996,16.644705,0.063341,-0.193972,0.070878,7.584000,19.542135

-1.716483,4.460858,9.848979,16.644705,0.041491,-0.117231,0.141490,7.592000,19.542135

-2.645751,2.554422,9.077783,16.653528,0.034030,-0.093249,0.191585,7.588000,19.542135

-2.255363,3.991434,8.570039,16.647646,0.071867,-0.048483,0.211570,7.592000,19.542135

-0.878226,4.125555,9.075388,16.638823,-0.033119,-0.019173,0.292308,7.600000,19.542135

-1.460216,4.288416,8.902946,16.632940,0.046820,0.014402,0.352262,7.600000,19.542135

-1.536857,4.542289,9.925620,16.644705,-0.015799,0.020530,0.333876,7.608000,19.542135

-1.132098,3.811807,8.035949,16.647646,0.145411,0.007740,0.347999,7.612000,20.213109

-2.231412,3.227422,8.512558,16.644705,0.032697,-0.051681,0.317888,7.616000,20.213109

-3.560648,2.930440,9.743598,16.644705,-0.068025,-0.031696,0.298970,7.612000,20.213109

-3.196605,2.281390,9.477751,16.638823,-0.008871,-0.044753,0.210771,7.616000,20.213109

-3.910321,0.597691,9.724438,16.635881,0.034563,-0.100444,0.061818,7.616000,20.213109

-5.378468,1.124595,10.787827,16.641764,-0.004074,-0.101509,-0.019187,7.616000,20.213109

-4.825219,3.117252,9.992681,16.638823,0.151540,-0.231277,-0.115646,7.616000,20.213109

-4.537817,-0.611794,8.651469,16.629999,0.189644,-0.487880,-0.229958,7.616000,20.213109

-1.132098,-0.396242,9.923224,16.638823,0.242936,-0.533712,-0.218234,7.616000,20.213109

0.359999,0.259993,9.171188,16.618235,0.129157,-0.579277,-0.098060,7.608000,20.213109

2.798129,-2.820002,10.500424,16.638823,-0.056567,-0.453506,-0.047432,7.604000,20.213109

1.466498,0.971314,10.301638,16.632940,0.181916,-0.252594,-0.050896,7.596000,20.213109

2.793339,1.797596,8.131750,16.659410,-0.023793,-0.260321,0.010391,7.596000,20.213109

0.194742,-0.659694,10.201047,16.632940,0.094517,-0.142545,0.037570,7.588000,20.213109

-0.545319,2.781949,8.795171,16.632940,0.190177,-0.303488,0.005594,7.588000,20.213109

1.224601,1.043165,8.076665,16.638823,0.058011,-0.265650,-0.018387,7.576000,20.213109

0.688116,4.523129,9.178373,16.635881,0.058278,-0.218486,0.102320,7.580000,20.213109

0.697697,2.178404,9.001143,16.629999,0.006051,-0.211292,0.225159,7.580000,20.213109

-0.756080,2.360425,8.483818,16.629999,0.080661,-0.275509,0.397294,7.580000,20.213109

0.070201,2.358031,8.958032,16.638823,-0.040580,-0.236073,0.390899,7.580000,20.213109

-1.175209,4.082445,10.498030,16.650587,-0.017930,-0.129754,0.376777,7.584000,20.213109

-0.605194,4.743470,8.696975,16.653528,0.143279,-0.167326,0.395962,7.580000,20.213109

-1.591942,4.554264,7.786867,16.627058,0.070269,-0.127090,0.344535,7.588000,20.213109

-1.500932,3.677686,8.941267,16.644705,-0.088276,-0.192906,0.339738,7.592000,20.213109

-1.285380,4.697965,9.346025,16.638823,-0.023526,-0.178784,0.428470,7.600000,20.213109

-1.294960,5.085958,9.487331,16.644705,0.024704,-0.125758,0.457248,7.600000,20.213109

-0.171696,4.048914,8.744875,16.641764,0.068137,-0.038358,0.535322,7.608000,20.213109

0.307308,2.118529,8.313771,16.638823,-0.044843,-0.020771,0.544115,7.608000,20.213109

0.441429,3.433394,8.167675,16.621176,-0.139437,-0.050882,0.521466,7.612000,20.213109

1.090480,3.354359,9.492122,16.635881,-0.102399,0.066095,0.349064,7.620000,20.213109

1.104850,2.128109,9.841794,16.647646,0.021506,0.160690,0.219830,7.620000,20.213109

0.992284,2.633458,9.487331,16.647646,-0.081348,0.239829,0.081003,7.624000,20.213109

1.883231,3.155572,9.755573,16.641764,-0.178341,0.249688,0.004529,7.620000,20.213109

2.343075,4.041729,9.228669,16.638823,0.054547,0.389847,0.055689,7.620000,20.213109

1.928736,-0.602214,8.869416,16.656469,-0.058966,0.359737,0.006394,7.620000,20.213109

1.670074,-0.700409,9.482541,16.650587,-0.230567,0.342151,-0.069015,7.620000,20.213109

1.143170,1.728140,10.301638,16.650587,0.053215,0.456996,-0.105254,7.616000,20.213109

2.252064,0.339029,8.356882,16.650587,0.025237,0.383452,-0.123906,7.616000,20.213109

-0.780031,0.449200,9.973520,16.653528,0.003920,0.326429,0.077539,7.612000,20.213109

-0.298632,0.032467,10.114826,16.647646,0.039093,0.244359,0.103386,7.596000,20.213109

-2.339188,-0.791420,8.546088,16.635881,-0.001410,0.324564,-0.015989,7.600000,20.213109

-2.523605,1.752090,10.555510,16.653528,-0.009404,0.145501,-0.084470,7.596000,20.213109

-0.260311,2.403536,9.178373,16.650587,0.132887,0.226506,-0.122574,7.592000,20.213109

-1.376390,2.403536,9.798684,16.656469,-0.033918,0.152696,-0.305900,7.596000,20.213109

-1.062643,3.646551,7.889853,16.659410,0.009782,0.069027,-0.303236,7.592000,20.213109

0.498910,4.535103,7.015671,16.659410,0.013512,-0.016508,-0.184127,7.596000,20.213109

1.969452,2.597533,9.393926,16.662352,-0.107728,0.019198,-0.057557,7.600000,20.213109

1.861676,2.025123,9.425060,16.665293,-0.000077,0.066095,0.099656,7.592000,20.213109

0.839003,3.342384,8.603569,16.650587,-0.033918,0.135909,0.367450,7.600000,20.213109

-0.152535,3.610626,8.562854,16.659410,-0.127447,0.188935,0.458048,7.596000,20.213109

-0.727340,4.319552,10.203442,16.653528,-0.028589,0.288059,0.428470,7.604000,20.213109

-0.928522,4.532709,9.195139,16.662352,-0.073621,0.329893,0.378908,7.604000,20.213109

-1.505722,3.545960,8.366462,16.653528,0.008716,0.277134,0.399426,7.600000,20.213109

-2.382299,3.031031,8.847861,16.653528,-0.042978,0.313906,0.307496,7.612000,10.078555

-2.602640,5.126673,8.653864,16.641764,-0.108261,0.347746,0.260599,7.612000,10.078555

-1.345255,3.591465,9.817844,16.656469,-0.171679,0.258481,0.185723,7.612000,10.078555

-1.476981,4.398587,9.820239,16.671175,-0.038448,0.340552,-0.036773,7.624000,10.078555

-1.395551,2.899305,9.623847,16.668234,0.069469,0.215314,-0.103922,7.624000,10.078555

-3.060089,1.538934,9.628637,16.644705,0.091319,0.167351,-0.181462,7.624000,10.078555

-3.713929,0.341424,8.979588,16.641764,-0.005940,0.033054,-0.296041,7.624000,10.078555

-4.389325,2.142479,10.368698,16.629999,-0.081348,0.017333,-0.435667,7.632000,10.078555

-3.280431,-0.202245,10.057346,16.647646,-0.041113,-0.106839,-0.373582,7.624000,10.078555

-0.581244,0.331844,9.841794,16.662352,0.067871,-0.193972,-0.329882,7.620000,10.078555

-1.498536,0.406090,9.954360,16.659410,0.077463,-0.228878,-0.289646,7.616000,10.078555

1.715580,1.143756,10.723162,16.662352,-0.041379,-0.373834,-0.209174,7.612000,10.078555

2.932250,0.219278,9.932805,16.647646,0.040691,-0.115099,-0.095661,7.612000,10.078555

4.503383,1.934112,9.190349,16.647646,0.089454,0.004809,-0.022651,7.600000,10.078555

0.204322,1.208421,9.168794,16.650587,0.195506,0.015734,-0.046899,7.604000,10.078555

-1.797914,1.704190,9.262199,16.659410,0.101445,0.094341,-0.354396,7.596000,10.078555

-1.431476,1.833521,8.914922,16.659410,0.052682,-0.049016,-0.540121,7.604000,10.078555

-0.138165,3.943534,7.906618,16.653528,-0.027523,-0.015708,-0.671753,7.604000,10.078555

-1.364415,3.122042,9.235854,16.659410,-0.033918,0.042380,-0.781802,7.596000,10.078555

-2.197882,3.181917,9.219090,16.653528,0.046554,-0.075663,-0.748228,7.604000,10.078555

-1.654213,3.905213,8.567643,16.659410,0.125693,-0.192640,-0.622724,7.608000,10.078555

-1.560807,2.990316,8.785590,16.671175,0.051883,-0.178517,-0.515073,7.604000,10.078555

-1.548832,4.307577,9.858560,16.659410,-0.001943,-0.185712,-0.494556,7.608000,10.078555

-1.199159,3.586675,9.063413,16.656469,0.020174,-0.254192,-0.498286,7.612000,10.078555

-0.631539,4.800951,8.119775,16.677057,0.160866,-0.283237,-0.498020,7.616000,10.078555

-1.009952,5.002132,8.452682,16.647646,0.155803,-0.309350,-0.405024,7.620000,20.408377

-0.988397,3.778277,7.976073,16.665293,0.102511,-0.406875,-0.261401,7.624000,20.408377

-0.885411,3.299273,8.603569,16.677057,0.012446,-0.409806,-0.041569,7.632000,20.408377

-0.456703,4.180641,9.096943,16.677057,0.236275,-0.431656,0.229689,7.632000,20.408377

-0.514183,3.725587,7.281518,16.659410,0.217090,-0.511595,0.368783,7.632000,20.408377

0.132472,1.706585,8.208390,16.656469,-0.068025,-0.404744,0.426072,7.636000,20.408377

2.175424,3.306458,9.748388,16.653528,-0.073088,-0.233941,0.465775,7.640000,20.408377

3.408859,3.272928,10.790222,16.674116,0.004452,-0.111635,0.414881,7.636000,20.408377

3.320243,1.514984,10.174702,16.665293,0.082526,-0.027433,0.354127,7.632000,20.408377

2.905905,0.485125,9.571157,16.662352,-0.042445,0.054904,0.387435,7.636000,20.408377

2.285594,0.765343,10.627360,16.659410,-0.096270,0.225174,0.235285,7.628000,20.408377

1.909576,-0.774655,9.556787,16.653528,-0.073621,0.262745,0.190786,7.628000,20.408377

1.040184,-2.269147,8.570039,16.665293,-0.026724,0.343749,0.215567,7.616000,20.408377

-3.469637,-1.462026,11.539863,16.671175,-0.045110,0.292322,0.262731,7.616000,20.408377

-4.283944,0.916229,9.460986,16.662352,0.151540,0.369330,0.160676,7.608000,20.408377

-3.335516,-1.282399,10.193862,16.644705,-0.167416,0.162821,0.023447,7.608000,20.408377

-3.522328,1.464688,8.143725,16.653528,0.110238,0.271805,0.019184,7.612000,20.408377

-2.183512,2.822664,8.253896,16.644705,0.004452,0.094607,-0.038105,7.604000,20.408377

-0.997977,2.152059,10.002260,16.671175,-0.041379,0.121786,-0.118044,7.604000,20.408377

-0.897387,2.726864,9.896879,16.662352,-0.089609,0.047443,-0.312562,7.600000,20.408377

-0.049550,5.155414,8.253896,16.662352,-0.046175,0.048775,-0.454586,7.600000,20.408377

-0.715365,4.738680,9.446616,16.638823,0.080128,0.050108,-0.539321,7.604000,20.408377

-0.193251,3.409444,8.869416,16.659410,-0.019263,-0.036493,-0.611799,7.612000,20.408377

0.139657,4.662040,8.811935,16.644705,0.003653,-0.041822,-0.568899,7.620000,20.408377

0.261803,3.569910,9.233459,16.659410,0.140082,-0.064738,-0.450323,7.620000,20.408377

-1.326095,4.513548,8.653864,16.647646,-0.009937,-0.038624,0.206241,7.620000,20.650576

-0.224386,3.648946,9.401111,16.653528,-0.017930,-0.017840,0.429803,7.628000,20.650576

-0.200436,2.662198,8.246711,16.665293,-0.016865,0.049308,0.578222,7.632000,20.650576

-1.553622,3.857313,8.167675,16.650587,-0.101333,0.050641,0.585150,7.632000,20.650576

-2.858907,4.468043,10.105247,16.656469,-0.133842,0.165220,0.540651,7.636000,20.650576

-3.996542,1.488638,10.871653,16.668234,-0.164751,0.076754,0.436731,7.636000,20.650576

-3.481613,3.102882,10.299243,16.653528,0.018308,0.162288,0.359190,7.640000,20.650576

-4.051627,1.766461,9.451406,16.650587,0.038293,0.132178,0.293640,7.640000,20.650576

-4.494706,0.710257,9.367580,16.632940,-0.009404,-0.012511,0.246476,7.644000,20.650576

-4.159403,0.588111,9.935200,16.638823,-0.070157,-0.063938,0.197181,7.644000,20.650576

-1.874555,0.255203,9.355605,16.644705,-0.003275,-0.138015,0.200378,7.636000,20.650576

-0.792006,-1.093193,10.047766,16.665293,-0.042711,-0.096180,0.176397,7.624000,20.650576

0.362394,0.944969,11.075230,16.638823,-0.072289,-0.138015,0.074075,7.624000,20.650576

3.885468,0.401300,9.001143,16.650587,0.088122,-0.122826,0.072210,7.624000,20.650576

4.421952,-0.487253,9.690907,16.644705,-0.106396,0.020530,-0.001334,7.612000,20.650576

2.481986,0.609666,9.233459,16.627058,0.139815,0.286726,-0.013591,7.612000,20.650576

-1.659003,1.723350,8.105405,16.653528,-0.017397,0.395443,-0.206776,7.612000,20.650576

-3.814520,0.647987,10.160332,16.656469,-0.096004,0.082350,-0.700265,7.604000,20.650576

-1.357230,1.982013,9.815449,16.638823,-0.009404,0.069027,-1.281686,7.604000,20.650576

-0.643515,2.712493,8.890971,16.638823,-0.015532,0.038916,-1.611300,7.600000,20.650576

-1.596732,4.017779,8.629914,16.638823,0.003387,-0.065537,-1.610501,7.604000,20.650576

-2.262548,3.246583,9.161609,16.641764,0.063341,-0.304554,-1.439432,7.608000,20.650576

-1.261430,4.072865,9.585527,16.641764,0.090786,-0.434321,-1.113015,7.612000,20.650576

-0.645909,3.943534,9.640613,16.635881,0.149408,-0.456970,-0.689606,7.608000,20.650576

-1.086593,2.875355,8.225156,16.632940,0.147543,-0.454306,-0.320556,7.620000,20.650576

-1.230294,3.538775,8.294611,16.632940,0.056946,-0.489745,0.057555,7.616000,20.462541

-0.483048,4.659645,8.603569,16.629999,0.093984,-0.428725,0.287778,7.620000,20.462541

-1.448241,4.396193,9.681328,16.641764,0.111304,-0.363176,0.368516,7.624000,20.462541

-1.021928,3.095696,8.998747,16.632940,0.176587,-0.373568,0.410617,7.628000,20.462541

-1.503326,3.263348,7.042016,16.638823,0.107307,-0.433522,0.496418,7.632000,20.462541

-2.027836,2.734049,9.326865,16.629999,-0.172212,-0.346921,0.608333,7.636000,20.462541

-0.528554,4.743470,10.478869,16.632940,0.026835,-0.230477,0.627251,7.640000,20.462541

-0.044760,2.844219,9.532837,16.629999,0.161132,-0.298159,0.637377,7.636000,20.462541

0.975519,1.428763,9.760364,16.629999,0.028701,-0.353849,0.557438,7.644000,20.462541

2.393370,2.928045,9.793894,16.618235,-0.032852,-0.234474,0.604069,7.644000,20.462541

1.667679,0.932994,10.845307,16.627058,-0.163952,0.080484,0.609665,7.640000,20.462541

1.380277,2.604717,10.780642,16.635881,0.004186,0.149232,0.601404,7.636000,20.462541

1.698815,-0.379477,10.304033,16.621176,0.058011,0.109529,0.578489,7.632000,20.462541

0.268988,0.073182,12.548166,16.615294,-0.141303,0.163887,0.507610,7.640000,20.462541

0.855768,0.645592,10.148356,16.627058,0.075331,0.268340,0.418611,7.636000,20.462541

-0.071105,0.092342,7.674301,16.624117,-0.018730,0.315504,0.346933,7.628000,20.462541

-2.207462,1.268297,7.336603,16.644705,0.050550,0.257416,0.354127,7.624000,20.462541

-1.900900,1.457503,11.760204,16.627058,-0.080283,0.050374,0.128167,7.616000,20.462541

1.104850,1.287457,11.532678,16.624117,0.063607,-0.010379,0.122571,7.616000,20.462541

3.365748,1.414393,7.746151,16.624117,0.061475,0.128448,0.161475,7.620000,20.462541

0.091757,2.350845,8.191626,16.606470,0.001788,0.209452,0.239548,7.612000,20.462541

-0.075895,1.864656,9.805869,16.624117,-0.062696,0.289125,0.166804,7.612000,20.462541

1.009049,2.710098,8.749665,16.615294,-0.065894,0.200925,-0.000001,7.620000,20.462541

1.610199,4.223751,9.223879,16.629999,-0.041379,0.322432,-0.007462,7.620000,20.462541

0.491725,4.199801,8.838281,16.624117,0.040691,0.316570,-0.069015,7.620000,20.617309

0.137262,3.701637,8.023974,16.624117,0.006318,0.332558,-0.194785,7.620000,20.617309

-0.032785,3.397469,8.524533,16.612352,-0.073621,0.346414,-0.180396,7.620000,20.617309

0.137262,3.277718,9.554392,16.632940,-0.167682,0.327229,-0.109251,7.632000,20.617309

-1.788334,3.821388,10.754296,16.600588,-0.082414,0.471385,-0.206776,7.632000,20.617309

-1.436266,3.555540,8.531718,16.606470,0.128624,0.427685,-0.176133,7.636000,20.617309

0.415084,5.200919,9.851375,16.621176,0.215224,0.300849,-0.177199,7.640000,20.617309

-0.997977,3.371124,7.796447,16.629999,0.047886,0.189468,-0.208908,7.640000,20.617309

-3.093619,2.815479,9.329260,16.624117,-0.093606,0.164687,-0.288047,7.640000,20.617309

-3.735485,2.125714,10.361513,16.615294,-0.058699,0.107397,-0.350932,7.640000,20.617309

-3.852841,3.086117,9.568762,16.615294,0.110771,0.059434,-0.404225,7.640000,20.617309

-3.929481,0.355794,9.221484,16.624117,0.073466,-0.155868,-0.337076,7.652000,20.617309

-4.082763,-0.422587,9.484936,16.609411,-0.045643,-0.250995,-0.227560,7.644000,20.617309

-3.883976,0.168983,10.874047,16.629999,0.088921,-0.319209,-0.099658,7.644000,20.617309

-2.190697,-1.914684,9.626243,16.624117,0.033497,-0.423130,-0.001600,7.636000,20.617309

-1.476981,0.149823,10.282477,16.624117,0.062008,-0.401546,0.057821,7.632000,20.617309

3.792062,-1.074032,10.989009,16.606470,0.049485,-0.462300,0.034639,7.624000,20.617309

3.787271,1.582044,8.804750,16.627058,0.086523,-0.282704,0.170801,7.616000,20.617309

3.679496,1.694610,9.221484,16.638823,0.081727,-0.128955,0.269392,7.616000,20.617309

2.110758,-0.365107,9.518467,16.621176,0.027102,-0.124692,0.346666,7.612000,20.617309

-1.723668,2.987921,10.177097,16.635881,0.125160,0.070092,0.241414,7.608000,20.617309

-1.282985,2.492151,9.362790,16.624117,-0.049906,-0.077528,0.079404,7.608000,20.617309

-0.780031,2.343660,8.177256,16.638823,0.085990,-0.130820,0.049294,7.604000,20.617309

-0.516578,3.634576,8.325747,16.653528,0.007117,-0.108437,0.060486,7.608000,20.617309

-0.626749,3.524405,9.860954,16.644705,-0.052571,-0.105506,0.035705,7.608000,20.617309

-1.706903,4.214171,9.501701,16.632940,0.099047,-0.069800,-0.027447,7.612000,20.617309

-0.317792,4.508758,8.716135,16.624117,0.101711,-0.107905,0.048761,7.616000,20.617309

0.446219,3.890843,8.584409,16.638823,-0.058166,-0.131087,0.154014,7.620000,20.073930

-0.899782,3.818992,8.689790,16.627058,0.025503,-0.061540,0.140158,7.616000,20.073930

-1.407526,3.126832,9.674143,16.641764,0.024171,-0.107638,0.063683,7.624000,20.073930

-1.182394,4.894356,9.865745,16.644705,-0.015266,-0.001586,-0.050896,7.628000,20.073930

-0.593219,3.222633,8.110195,16.656469,-0.128246,-0.116165,-0.183061,7.632000,20.073930

-0.346532,3.589071,9.628637,16.635881,-0.180473,-0.094048,-0.030645,7.640000,20.073930

-0.171696,4.913517,10.122011,16.650587,-0.017397,-0.038091,0.071411,7.644000,20.073930

1.310822,3.857313,8.740085,16.627058,0.082792,-0.021837,0.034905,7.644000,20.073930

1.368302,2.331685,8.598779,16.635881,-0.078684,-0.013843,0.015986,7.648000,20.073930

2.886744,3.162757,9.417875,16.641764,-0.079483,0.095673,-0.148954,7.644000,20.073930

3.217257,3.454949,10.311218,16.641764,-0.128779,0.168684,-0.177998,7.648000,20.073930

3.607645,2.092183,9.860954,16.641764,-0.038182,0.218512,-0.106320,7.652000,20.073930

1.107245,0.398905,9.676538,16.662352,-0.051238,0.326429,-0.119377,7.644000,20.073930

0.439034,1.799991,10.447734,16.656469,-0.102133,0.332558,-0.188124,7.648000,20.073930

-0.564479,0.123477,10.179492,16.679998,-0.094139,0.340019,-0.227560,7.644000,20.073930

0.494120,-1.153068,8.938871,16.659410,0.078263,0.305379,-0.268596,7.640000,20.073930

-3.402577,-0.084889,10.347143,16.659410,-0.071756,0.156160,-0.282185,7.632000,20.073930

-3.972592,-0.841716,10.162726,16.653528,0.141947,0.096206,-0.275790,7.636000,20.073930

-2.638566,1.067115,8.091035,16.668234,0.054814,-0.068202,-0.168939,7.632000,20.073930

1.682050,0.647987,9.372371,16.662352,0.034829,-0.116964,0.052758,7.624000,20.073930

0.939593,1.855076,9.647798,16.665293,0.044688,0.050374,0.261398,7.628000,20.073930

-0.233966,3.739957,9.106524,16.644705,0.070802,0.108729,0.276054,7.624000,20.073930

-1.194369,4.580609,8.186835,16.650587,0.079062,0.153229,0.108715,7.628000,20.073930

0.956359,2.746024,8.560458,16.650587,0.081727,0.122852,-0.075677,7.624000,20.073930

0.036671,2.195169,9.281360,16.671175,-0.096803,0.209719,-0.144424,7.628000,20.795714

-0.827931,4.096815,9.104128,16.659410,-0.084013,0.251287,-0.212372,7.620000,20.795714

0.271383,3.265743,8.754455,16.659410,-0.040047,0.171615,-0.191055,7.624000,20.795714

-0.447123,4.314762,10.433364,16.662352,-0.030721,0.218246,-0.054093,7.636000,20.795714

-0.904572,5.574542,8.117380,16.671175,0.110238,0.257149,0.102587,7.632000,20.795714

-0.928522,5.150623,9.633428,16.662352,-0.034718,0.275269,0.391699,7.644000,20.795714

-0.518973,4.216566,9.144843,16.647646,0.080128,0.242227,0.358924,7.648000,20.795714

-0.157326,2.671778,9.111313,16.656469,-0.122384,0.215847,0.250473,7.648000,20.795714

-1.151259,4.180641,9.353210,16.671175,-0.036316,0.352010,0.122838,7.652000,20.795714

-1.472191,4.994947,9.149633,16.665293,0.030566,0.291789,-0.079407,7.652000,20.795714

-3.701954,1.833521,9.769943,16.647646,-0.127713,0.244892,-0.293643,7.652000,20.795714

-3.927086,-0.075309,9.238249,16.644705,-0.157024,0.160423,-0.496154,7.656000,20.795714

-3.309171,1.900582,9.379556,16.644705,0.092652,0.090876,-0.614997,7.656000,20.795714

-3.464847,0.262388,10.265713,16.644705,-0.005673,-0.002918,-0.729842,7.656000,20.795714

-3.788175,0.997660,11.166240,16.659410,-0.024858,-0.089785,-0.801787,7.652000,20.795714

-0.518973,-1.416520,9.822634,16.638823,-0.046175,-0.265650,-0.820439,7.656000,20.795714

0.106127,0.923414,8.960427,16.653528,0.166195,-0.164395,-0.751159,7.652000,20.795714

0.970729,-0.798605,10.210628,16.665293,0.020174,-0.288833,-0.734372,7.644000,20.795714

-0.356112,-1.876364,11.513517,16.641764,0.027901,-0.167592,-0.853214,7.636000,20.795714

1.749110,0.037257,9.654983,16.632940,0.161132,-0.112168,-0.975520,7.628000,20.795714

-0.260311,0.588111,8.960427,16.647646,0.072400,-0.100710,-0.996571,7.620000,20.795714

-0.964447,1.342542,8.277846,16.632940,0.104109,-0.197702,-1.096761,7.616000,20.795714

-1.294960,-0.317206,8.996352,16.647646,0.090520,-0.285102,-1.065851,7.616000,20.795714

-1.603917,2.743629,9.164003,16.644705,0.103310,-0.350652,-1.002167,7.612000,20.795714

-1.019533,3.294483,10.826147,16.627058,0.259990,-0.360511,-0.797257,7.612000,20.795714

-2.734366,3.193892,9.702883,16.635881,0.161132,-0.403678,-0.540654,7.616000,20.655891

-3.007399,2.420301,7.952123,16.650587,0.167794,-0.492676,-0.367986,7.616000,20.655891

-2.710416,2.269415,9.096943,16.641764,0.185647,-0.569684,-0.118844,7.624000,20.655891

-2.664911,5.497901,10.208232,16.632940,0.209629,-0.516924,0.206241,7.624000,20.655891

-1.093778,5.957745,7.671906,16.627058,0.390290,-0.506532,0.483895,7.628000,20.655891

-2.894833,3.490875,7.798842,16.627058,-0.028589,-0.580609,0.677346,7.632000,20.655891

-1.026718,5.229659,9.135263,16.635881,0.094517,-0.390888,0.735968,7.640000,20.655891

0.144447,5.325460,8.043135,16.627058,0.148076,-0.399947,0.645371,7.640000,20.655891

-0.827931,4.990157,7.904223,16.612352,0.073466,-0.497739,0.437530,7.640000,20.655891

-0.346532,4.123160,8.936477,16.629999,0.083858,-0.460967,0.245677,7.652000,20.655891

-0.883016,4.422538,10.830937,16.627058,0.117965,-0.273378,0.147885,7.652000,20.655891

0.204322,3.011871,7.916198,16.627058,0.137151,-0.369837,0.267527,7.660000,20.655891

0.642611,2.837034,7.010880,16.629999,-0.048041,-0.357047,0.527594,7.660000,20.655891

1.598224,4.501573,8.970007,16.624117,0.076664,-0.292297,0.739166,7.656000,20.655891

2.127523,2.942415,9.231064,16.624117,0.170192,-0.230477,0.845484,7.656000,20.655891

3.466339,1.797596,8.265871,16.656469,0.067604,-0.080459,0.915031,7.656000,20.655891

1.614989,0.516261,8.934082,16.635881,0.001521,0.078353,0.879058,7.656000,20.655891

0.510885,-0.084889,10.059741,16.627058,-0.200457,0.122852,0.881457,7.652000,20.655891

1.859281,0.439620,11.269226,16.653528,-0.042711,0.193997,0.812443,7.656000,20.655891

1.533558,-0.956676,11.223721,16.662352,0.032431,0.308576,0.694400,7.656000,20.655891

1.018629,-0.915961,10.366303,16.650587,-0.023260,0.285927,0.531325,7.644000,20.655891

-0.229176,1.498219,9.484936,16.653528,-0.022460,0.372794,0.448988,7.632000,20.655891

0.661771,0.259993,9.403505,16.644705,-0.013933,0.366665,0.478565,7.628000,20.655891

-1.170419,1.596414,9.173584,16.641764,-0.034451,0.406635,0.431401,7.628000,20.655891

0.278568,2.834639,8.867022,16.656469,0.022039,0.326962,0.290443,7.624000,20.655891

-0.758475,3.112462,8.510163,16.635881,-0.004341,0.280864,0.251273,7.632000,20.655891

-0.207621,3.342384,9.856164,16.656469,-0.007538,0.275269,0.240081,7.628000,20.655891

-1.455426,3.210657,8.536509,16.653528,-0.038182,0.334956,0.115910,7.628000,20.655891

-1.579967,4.305182,8.637099,16.665293,-0.033918,0.338687,0.034905,7.640000,20.655891

0.647401,5.220079,8.306586,16.644705,0.127025,0.334423,0.032241,7.636000,20.655891

1.270106,2.662198,8.062294,16.677057,-0.065094,0.278200,0.128434,7.648000,20.655891

0.000746,2.875355,8.344907,16.659410,-0.024592,0.343483,0.165738,7.648000,20.655891

0.860558,4.204591,8.440707,16.662352,-0.130111,0.475382,0.155879,7.656000,20.655891

-0.145350,2.441856,8.105405,16.677057,0.012979,0.508423,0.046630,7.656000,20.655891

-0.760870,3.445369,9.961545,16.656469,-0.163685,0.608613,-0.042635,7.660000,20.655891

-1.694928,3.081326,9.635822,16.671175,-0.135174,0.618206,-0.199315,7.660000,20.655891

-1.467401,4.137530,8.644284,16.677057,-0.010469,0.623269,-0.383174,7.660000,20.655891

-2.523605,3.522010,8.570039,16.668234,-0.098402,0.487906,-0.603006,7.668000,20.655891

-2.983449,1.594019,9.947175,16.679998,-0.109594,0.286460,-0.716519,7.668000,20.655891

-5.002450,1.445528,10.110036,16.656469,-0.071756,0.207054,-0.746629,7.672000,20.655891

-3.917506,0.228858,9.338840,16.656469,0.010581,-0.081791,-0.852148,7.668000,20.655891

-4.444410,1.234766,8.634704,16.671175,-0.034984,-0.147075,-0.830565,7.664000,20.655891

-4.248019,-0.501623,10.232183,16.679998,0.062541,-0.328003,-0.824436,7.664000,20.655891

-3.273246,-1.703923,11.257251,16.671175,0.103310,-0.502269,-0.834295,7.664000,20.655891

-2.173932,-0.554313,9.164003,16.662352,0.168060,-0.575546,-0.751692,7.660000,20.655891

2.908299,1.294642,9.504096,16.665293,0.124893,-0.697053,-0.604338,7.656000,20.655891

3.693866,0.216883,10.785432,16.659410,0.058811,-0.556361,-0.287514,7.648000,20.655891

3.892653,2.295760,8.922107,16.662352,0.258391,-0.349586,-0.219566,7.648000,20.655891

2.745438,0.458780,9.082573,16.656469,0.144612,-0.290698,-0.025582,7.644000,20.655891

-1.029113,3.672896,9.846584,16.659410,0.113169,-0.288033,0.174265,7.636000,10.605674

-1.311725,2.525682,9.528047,16.668234,0.081460,-0.321874,0.236884,7.636000,10.605674

-0.792006,2.403536,9.154424,16.659410,0.177387,-0.306419,0.267793,7.644000,10.605674

-0.964447,1.445528,8.838281,16.647646,-0.014733,-0.295228,0.330412,7.644000,10.605674

0.944383,5.529037,9.266990,16.656469,0.000189,-0.173188,0.251806,7.656000,10.605674

1.313216,1.043165,11.159055,16.671175,-0.008071,0.296319,0.003996,7.668000,10.605674

-4.408485,0.494705,9.664562,16.659410,0.044422,0.088478,-0.174534,7.640000,10.605674

0.673746,3.450159,9.068203,16.668234,-0.079217,0.184138,0.346933,7.640000,21.228665

-1.764384,4.774605,8.914922,16.688822,-0.011269,0.244625,0.031441,7.660000,21.228665

-2.815797,3.651341,9.226274,16.677057,-0.058433,0.155893,0.183591,7.660000,21.228665

-2.834957,3.531590,8.373647,16.688822,-0.078950,0.219045,0.224094,7.668000,21.228665

-2.411039,3.912398,10.395043,16.688822,0.066272,0.171348,0.181460,7.672000,21.228665

-3.115175,2.231094,8.890971,16.679998,-0.067492,0.127115,0.285380,7.668000,21.228665

-4.259994,2.434671,9.132869,16.671175,-0.092540,0.099403,0.054091,7.672000,21.228665

-4.882699,1.174891,8.984377,16.674116,-0.002476,-0.042088,-0.153484,7.672000,21.228665

-4.104318,1.064720,10.110036,16.665293,0.075864,-0.122027,-0.285916,7.672000,21.228665

-3.043324,-1.569802,9.235854,16.685881,-0.008871,-0.170790,-0.270194,7.668000,21.228665

-1.639843,-0.872851,9.195139,16.677057,0.000988,-0.205963,-0.256338,7.672000,21.228665

1.056949,-0.686039,9.061018,16.659410,-0.057367,-0.280839,-0.130301,7.660000,21.228665

3.143012,0.001331,11.185400,16.668234,-0.062963,-0.053546,-0.005597,7.660000,21.228665

4.180055,1.467083,10.835728,16.677057,0.131821,-0.035960,-0.006130,7.664000,21.228665

-0.272286,1.150941,8.433522,16.656469,0.043889,0.150298,-0.049030,7.656000,21.439320

-2.406249,0.298314,9.214299,16.668234,0.004985,0.114858,-0.002666,7.652000,21.439320

-4.470756,1.129385,11.848821,16.653528,-0.005140,0.171615,-0.028246,7.644000,21.439320

-1.855394,3.924373,9.369975,16.665293,0.192575,-0.038624,-0.059955,7.644000,21.439320

-0.849486,0.748577,7.310258,16.659410,0.009515,-0.073797,-0.001867,7.640000,21.439320

-2.126032,0.988079,9.046648,16.685881,-0.068025,-0.022104,0.028510,7.648000,21.439320

-2.894833,3.222633,9.542417,16.679998,0.120897,-0.041289,0.003996,7.644000,21.439320

-2.873278,2.080208,8.634704,16.668234,0.003920,-0.142012,-0.217435,7.648000,21.439320

-3.304381,1.574859,9.240644,16.662352,0.038293,-0.128955,-0.413018,7.648000,21.439320

-3.119965,3.632181,9.652588,16.659410,0.046554,-0.144943,-0.568899,7.648000,21.439320

-1.443451,4.161480,8.459867,16.679998,0.049751,-0.254725,-0.736237,7.652000,21.439320

-1.800309,3.986644,9.041858,16.668234,0.056946,-0.279240,-0.626721,7.656000,21.439320

-0.832721,5.277560,9.535232,16.665293,0.072400,-0.355981,-0.455919,7.652000,21.439320

0.343234,4.115975,9.013118,16.656469,0.119298,-0.405810,-0.324819,7.660000,21.439320

-0.080685,3.905213,9.113708,16.665293,0.002854,-0.438584,-0.228093,7.656000,21.439320

0.180372,4.333922,8.435918,16.647646,0.050817,-0.392486,-0.133765,7.664000,21.439320

1.332377,4.453673,9.592712,16.665293,0.000455,-0.400214,-0.026381,7.668000,21.439320

2.280804,2.928045,9.262199,16.665293,-0.045909,-0.337329,0.090862,7.672000,21.439320

2.798129,3.344779,9.336445,16.659410,0.056679,-0.236339,0.155613,7.668000,21.439320

3.315453,1.534144,9.156818,16.656469,-0.047774,-0.177185,0.126302,7.672000,21.439320

2.410136,2.401141,10.038186,16.656469,-0.007805,-0.123892,0.219564,7.664000,21.439320

3.238812,1.586834,11.784155,16.662352,-0.152227,-0.042888,0.361588,7.664000,21.439320

2.108363,0.715047,10.620175,16.653528,0.020440,0.113792,0.454051,7.660000,21.439320

1.562299,0.003726,8.359277,16.668234,0.155803,0.190800,0.438329,7.660000,21.439320

1.571879,0.183353,9.183164,16.677057,-0.122917,0.189734,0.450320,7.660000,21.439320

-1.311725,0.504285,9.815449,16.659410,-0.067226,0.303247,0.492421,7.656000,21.439320

-3.828890,-0.915961,10.586645,16.665293,-0.003808,0.193465,0.465509,7.644000,21.439320

-4.312685,1.617970,10.251343,16.671175,0.094517,0.103134,0.389034,7.640000,21.439320

-1.891320,2.243070,8.301796,16.671175,0.072933,0.046644,0.385836,7.644000,21.439320

0.357604,1.129385,8.694579,16.671175,-0.149296,-0.164927,0.486559,7.636000,21.439320

1.083295,2.683753,8.747270,16.671175,-0.015799,0.097272,0.585150,7.644000,21.439320

-0.159721,5.220079,9.089758,16.679998,0.078795,0.211850,0.657895,7.640000,21.439320

0.367184,3.634576,8.237131,16.665293,-0.058699,0.191333,0.670951,7.644000,21.439320

0.371974,2.676568,8.419152,16.677057,-0.081082,0.269939,0.747426,7.648000,21.439320

1.040184,5.052428,9.324470,16.697645,-0.011002,0.334956,0.749558,7.648000,21.439320

-0.219596,3.462135,9.748388,16.677057,0.013246,0.383452,0.731971,7.648000,21.439320

-0.693810,4.491993,8.641890,16.668234,0.039359,0.452466,0.592345,7.652000,21.439320

-0.799191,3.876473,7.894643,16.668234,-0.052304,0.485774,0.425273,7.664000,21.439320

-0.384852,3.557935,7.889853,16.679998,-0.157290,0.520947,0.325882,7.660000,21.439320

-1.244664,3.538775,9.477751,16.656469,-0.019796,0.590494,-0.024782,7.672000,21.439320

-1.965565,4.247701,9.518467,16.674116,0.017243,0.550258,-0.371716,7.672000,21.439320

-2.897228,2.983131,8.057505,16.679998,-0.055502,0.491903,-0.524133,7.672000,21.439320

-3.266061,2.647828,9.918435,16.674116,-0.050972,0.393045,-0.660828,7.672000,21.439320

-4.209699,1.519774,10.304033,16.674116,-0.093073,0.283795,-0.854280,7.680000,21.439320

-4.789293,0.921019,9.791499,16.668234,0.004719,0.159890,-0.942213,7.676000,21.439320

-3.632499,1.024005,10.457314,16.662352,-0.090408,-0.064205,-0.944611,7.676000,21.439320

-2.219437,0.008516,11.556628,16.671175,0.122495,-0.213690,-0.772743,7.676000,21.439320

-1.963170,-1.555431,9.834609,16.665293,0.153405,-0.314679,-0.754357,7.672000,21.439320

-3.757040,-0.748310,9.834609,16.656469,0.107573,-0.364241,-0.573962,7.672000,21.439320

-0.198041,-0.128000,10.248947,16.653528,-0.049906,-0.540640,-0.397563,7.664000,10.579446

2.582577,0.305499,10.395043,16.650587,0.176321,-0.388490,-0.153484,7.664000,10.579446

2.115548,1.232371,9.147239,16.615294,0.230946,-0.312015,-0.120975,7.656000,10.579446

-0.590824,1.687425,8.663445,16.632940,-0.031520,-0.069800,0.059686,7.652000,10.579446

-2.140402,1.622760,9.434641,16.629999,0.010048,-0.110836,0.059686,7.652000,10.579446

-1.211134,2.360425,9.298124,16.612352,0.210428,-0.215822,-0.008795,7.652000,10.579446

-0.962052,2.724468,9.154424,16.635881,0.089987,-0.204630,-0.055159,7.660000,10.579446

-1.381181,1.685030,8.895761,16.624117,0.059610,-0.183313,0.060752,7.660000,10.579446

-1.905690,2.616693,9.046648,16.638823,0.078529,-0.174787,0.087398,7.652000,10.579446

-1.273405,2.930440,9.106524,16.624117,0.066272,-0.228079,0.019983,7.652000,10.579446

-1.024323,3.201077,9.305309,16.621176,0.156869,-0.224882,0.014921,7.652000,10.579446

-1.158444,3.237003,8.095824,16.624117,0.127025,-0.246199,0.042100,7.652000,10.579446

-2.061366,2.262230,8.344907,16.621176,-0.060564,-0.188909,0.037836,7.656000,10.579446

-1.876950,5.806859,8.929292,16.615294,0.095583,-0.172122,0.111646,7.660000,10.579446

0.259408,5.047637,8.955637,16.609411,0.017243,-0.290698,0.112446,7.664000,10.579446

-0.408803,4.161480,9.061018,16.612352,0.076131,-0.266716,0.078872,7.668000,10.579446

-1.855394,3.404654,10.028605,16.615294,0.025237,-0.239271,0.134296,7.680000,10.579446

-1.053063,3.275323,7.224037,16.615294,-0.011002,-0.185978,0.048228,7.668000,10.579446

-0.351322,4.372242,10.378279,16.600588,-0.037649,-0.145209,-0.063686,7.672000,10.579446

1.545533,2.180799,10.735136,16.627058,-0.052304,-0.188376,-0.124706,7.676000,10.579446

2.563417,3.953113,9.551997,16.618235,-0.016065,-0.104973,-0.123906,7.680000,10.579446

3.420834,1.764066,9.408296,16.609411,-0.056567,0.002144,0.085267,7.676000,10.579446

4.031564,-0.374687,9.944780,16.618235,-0.153826,0.057569,0.262731,7.680000,10.579446

2.474801,3.438184,10.181887,16.603529,0.050284,0.249422,0.261665,7.676000,10.579446

2.771783,2.427486,10.045371,16.612352,-0.159156,0.248089,0.205175,7.668000,10.579446

1.028209,-2.695461,8.941267,16.603529,-0.047241,0.193465,0.248875,7.664000,21.353302

-1.771569,-0.211825,11.147079,16.612352,0.099846,0.207854,0.364253,7.668000,21.353302

-1.618287,0.796478,9.554392,16.609411,0.049485,0.188135,0.292042,7.660000,21.353302

-4.578532,-1.775773,8.950847,16.621176,-0.084280,0.182007,0.204642,7.652000,21.353302

1.394647,2.211934,8.507768,16.627058,0.096648,0.166552,0.473769,7.656000,21.353302

1.107245,2.935230,9.147239,16.609411,-0.063762,0.305912,0.572627,7.656000,21.353302

1.186280,2.199959,8.100615,16.624117,0.047619,0.271005,0.466042,7.660000,21.353302

1.121615,3.917188,8.148515,16.618235,-0.043511,0.373593,0.461245,7.656000,21.353302

0.431849,3.184312,9.465776,16.603529,-0.079217,0.451933,0.282182,7.648000,21.353302

0.086966,4.166270,10.148356,16.618235,-0.009404,0.527076,-0.012259,7.660000,21.353302

-0.885411,3.375914,8.479028,16.618235,0.011380,0.470319,-0.223563,7.652000,21.353302

-1.776359,2.968760,7.683881,16.612352,-0.142901,0.411697,-0.398096,7.660000,21.353302

-1.278195,4.223751,8.754455,16.621176,-0.087211,0.460726,-0.723713,7.664000,21.353302

-1.314120,4.209381,9.757969,16.606470,-0.089342,0.312573,-0.676283,7.668000,21.353302

-2.516420,3.383099,9.434641,16.618235,-0.030987,0.279265,-0.662161,7.672000,21.353302

-2.973868,2.925650,9.013118,16.612352,-0.092806,0.212383,-0.657098,7.672000,21.353302

-3.678004,3.605836,8.833491,16.606470,-0.046708,0.147367,-0.518537,7.680000,21.353302

-2.458939,2.810689,8.433522,16.600588,-0.086944,0.136708,-0.406890,7.680000,21.353302

-2.964288,2.607113,9.724438,16.600588,0.017243,0.041048,-0.218234,7.684000,21.353302

-3.982172,1.898187,9.939990,16.597647,-0.040580,0.007474,-0.139095,7.680000,21.353302

-3.728300,2.736444,10.462104,16.600588,0.093184,-0.111635,-0.111383,7.684000,21.353302

-2.813402,1.447923,9.472961,16.600588,0.182183,-0.305620,-0.256338,7.688000,21.353302

-3.067274,-1.148278,9.460986,16.609411,-0.046975,-0.412471,-0.278455,7.688000,21.353302

-2.264943,0.738997,10.404624,16.588821,-0.057633,-0.329868,-0.262733,7.680000,21.557913

-0.744105,-0.192665,9.834609,16.594706,0.218422,-0.426594,-0.290712,7.680000,21.557913

2.036512,-2.151791,9.302915,16.609411,0.054014,-0.575813,-0.422877,7.680000,21.557913

3.212467,-1.775773,10.165122,16.574116,0.133154,-0.353316,-0.482032,7.664000,21.557913

1.871256,1.071905,9.650192,16.594706,-0.059765,-0.191307,-0.345603,7.668000,21.557913

0.374369,1.431158,8.711345,16.597647,0.118232,-0.081791,-0.294442,7.660000,21.557913

-1.783544,2.211934,8.706554,16.585880,0.163797,-0.187044,-0.357594,7.656000,21.557913

0.211507,2.456226,8.823911,16.568233,0.091852,-0.247264,-0.329615,7.660000,21.557913

1.361117,3.090906,9.875324,16.591763,0.055347,-0.209427,-0.244880,7.660000,21.557913

0.465380,2.767579,9.142448,16.588821,0.019108,-0.128156,-0.183860,7.656000,21.557913

-1.007557,3.244188,8.486213,16.582939,0.046287,-0.074064,-0.241683,7.660000,21.557913

-0.966842,3.550750,8.162886,16.571175,0.121163,-0.237672,-0.265664,7.656000,21.557913

-0.787216,2.159244,8.876601,16.582939,0.072933,-0.285369,-0.276589,7.660000,21.557913

-1.496141,3.043006,9.939990,16.571175,0.046820,-0.288033,-0.342939,7.664000,21.557913

-1.675768,3.390284,8.996352,16.582939,0.123295,-0.225414,-0.452455,7.660000,21.557913

-1.977540,3.965089,7.995234,16.588821,0.064140,-0.274444,-0.527331,7.664000,21.557913

-2.811007,4.240516,9.477751,16.568233,0.039093,-0.356248,-0.537723,7.672000,21.557913

-2.945128,4.817716,9.015512,16.588821,0.193907,-0.391154,-0.541986,7.672000,21.557913

-1.488956,5.675133,9.575947,16.588821,0.053482,-0.525451,-0.397563,7.676000,21.557913

0.642611,5.011713,9.645403,16.585880,0.159267,-0.501203,0.102853,7.684000,21.557913

1.923947,4.204591,9.724438,16.565292,0.136351,-0.464698,0.411150,7.684000,21.557913

4.148920,1.898187,8.677814,16.571175,0.145678,-0.370370,0.614728,7.684000,21.557913

2.709513,2.338870,10.095666,16.582939,-0.066160,-0.202232,0.732771,7.692000,21.557913

2.575392,1.320987,10.917158,16.585880,-0.144500,-0.089785,0.710121,7.688000,21.557913

1.986217,1.531749,11.156660,16.585880,0.105708,0.103400,0.670951,7.680000,21.557913

2.252064,-0.496833,8.507768,16.609411,0.234143,0.059167,0.649634,7.680000,21.557913

-0.013624,-3.368461,8.330537,16.597647,-0.125048,0.194797,0.640574,7.672000,21.557913

-2.928363,-0.350737,11.039304,16.612352,-0.120518,0.326429,0.553441,7.672000,21.557913

-1.591942,0.003726,10.289662,16.591763,0.110771,0.275002,0.343735,7.660000,21.557913

-1.659003,0.911439,9.513677,16.597647,0.086523,0.155893,0.262997,7.660000,21.557913

-0.111820,1.536539,7.968888,16.615294,-0.071489,0.092475,0.308029,7.660000,21.557913

0.963544,1.383258,9.317285,16.615294,-0.016332,0.150031,0.316556,7.656000,21.557913

1.641334,3.248978,9.575947,16.606470,0.037494,0.275801,0.353594,7.656000,21.557913

0.441429,4.127950,9.250224,16.618235,0.022838,0.338687,0.312026,7.656000,21.557913

-0.174091,3.110067,8.332932,16.627058,0.014045,0.338154,0.193184,7.656000,21.557913

-0.018414,1.993988,8.668234,16.615294,-0.066960,0.328828,0.082602,7.664000,21.557913

0.659376,4.626114,8.419152,16.627058,-0.033119,0.479379,-0.159346,7.664000,21.557913

-0.104635,3.648946,8.215575,16.629999,-0.018730,0.425820,-0.355995,7.668000,21.557913

-1.805099,4.585399,8.773615,16.621176,-0.031520,0.406635,-0.474038,7.664000,21.557913

-2.377509,3.620206,9.753179,16.629999,-0.179140,0.316037,-0.496154,7.664000,21.557913

-1.120123,4.139925,9.233459,16.638823,0.047086,0.264344,-0.534259,7.676000,21.557913

-1.536857,4.539894,8.615544,16.618235,-0.017397,0.160423,-0.524666,7.672000,21.557913

-2.183512,3.301668,8.574828,16.618235,-0.056035,0.123118,-0.351998,7.680000,21.557913

-2.070946,3.795042,9.623847,16.638823,-0.018730,0.065296,-0.176666,7.680000,21.557913

-3.297196,2.822664,9.580737,16.632940,0.163531,0.038916,-0.128969,7.688000,21.557913

-4.691098,0.889884,9.561577,16.627058,-0.074953,-0.024768,-0.065551,7.684000,21.557913

-5.000055,0.880304,9.468171,16.615294,-0.105597,-0.023702,-0.125239,7.688000,21.557913

-4.913834,-0.005854,9.980705,16.638823,-0.024326,-0.071133,-0.031977,7.688000,21.557913

-3.426527,-1.409335,9.633428,16.629999,0.017509,-0.167326,-0.078874,7.684000,10.747454

-3.706744,-1.361435,9.827424,16.624117,-0.132776,-0.226747,-0.036773,7.684000,10.747454

-3.311566,0.077972,11.398557,16.612352,-0.085878,-0.266183,0.062351,7.672000,10.747454

-0.698600,0.396510,10.313613,16.632940,0.161399,-0.472425,0.129499,7.668000,10.747454

1.670074,-1.337485,8.361671,16.629999,0.057212,-0.415935,0.264063,7.668000,10.747454

2.544257,0.741392,10.603411,16.629999,0.055080,-0.126290,0.348265,7.664000,10.747454

0.079781,1.390443,8.878996,16.621176,0.084391,-0.070067,0.444991,7.660000,10.747454

-2.332003,0.909044,8.201205,16.624117,0.049751,-0.035160,0.369849,7.652000,10.747454

-1.110543,2.659803,9.951965,16.629999,-0.007805,-0.097779,0.199579,7.656000,10.747454

1.500028,4.844061,8.943662,16.641764,0.016976,0.016001,0.134029,7.652000,10.747454

-0.253126,4.274046,7.719806,16.647646,0.032964,0.024527,0.027178,7.652000,10.747454

-2.401459,2.307735,8.941267,16.621176,-0.058966,0.033321,-0.163343,7.664000,10.747454

-2.715206,4.405772,9.408296,16.621176,-0.036583,0.066362,-0.257937,7.660000,10.747454

-1.134493,2.937625,9.298124,16.624117,-0.046708,-0.033295,-0.352798,7.668000,10.747454

-2.425409,3.450159,9.255014,16.627058,0.038560,-0.099644,-0.415683,7.668000,10.747454

-2.133217,3.874078,9.506492,16.632940,-0.003808,-0.281105,-0.406623,7.668000,10.747454

-0.990792,2.779554,8.615544,16.638823,0.146743,-0.295761,-0.285649,7.672000,10.747454

-1.251849,4.980577,7.362948,16.635881,0.075598,-0.367439,-0.029845,7.668000,10.747454

-1.421896,3.807017,9.420271,16.641764,-0.033385,-0.345589,0.128167,7.676000,10.747454

0.769547,3.902818,8.744875,16.635881,0.100645,-0.354382,0.203310,7.680000,10.747454

1.763480,3.553145,7.343788,16.635881,-0.048574,-0.346655,0.294706,7.684000,10.747454

0.594711,3.756722,8.696975,16.635881,-0.131710,-0.324272,0.377576,7.684000,10.747454

1.864071,3.766302,9.844189,16.629999,0.127558,-0.185978,0.478832,7.688000,10.747454

2.024537,1.706585,11.338681,16.647646,0.056946,-0.159598,0.441261,7.688000,10.747454

2.865189,1.594019,10.490845,16.629999,-0.052837,-0.045286,0.533723,7.692000,10.747454

2.582577,1.498219,9.959150,16.656469,-0.023260,0.093275,0.686140,7.688000,10.747454

4.491407,1.811966,11.760204,16.629999,-0.098669,0.147633,0.734103,7.684000,10.747454

3.705841,1.184471,11.889536,16.647646,0.049218,0.263544,0.676547,7.680000,10.747454

3.138221,-1.505136,9.240644,16.656469,0.031898,0.480178,0.500149,7.680000,10.747454

-0.511788,-0.647719,7.341393,16.644705,-0.005407,0.568644,0.345334,7.680000,10.747454

-1.457821,2.037098,10.050160,16.644705,-0.097070,0.405835,0.240614,7.672000,10.747454

-2.952313,0.827613,9.781919,16.656469,0.063074,0.388782,-0.064219,7.672000,10.747454

-2.109267,1.711375,9.037067,16.659410,0.063074,0.221443,-0.308565,7.664000,10.747454

-0.322582,2.966366,8.320956,16.659410,-0.043511,0.231569,-0.359726,7.672000,10.747454

-1.472191,1.723350,8.364067,16.668234,-0.008338,0.270472,-0.293110,7.672000,10.747454

-0.154930,3.584280,9.597502,16.650587,-0.024059,0.161756,-0.234755,7.672000,10.747454

1.246156,3.785462,9.389135,16.647646,-0.135174,0.166019,-0.133233,7.664000,10.747454

2.769388,2.987921,8.500583,16.662352,-0.054169,0.179875,-0.108718,7.668000,10.747454

1.526373,5.409286,8.297007,16.671175,0.047353,0.244359,-0.031710,7.672000,10.747454

2.146683,4.010594,9.101733,16.662352,-0.089342,0.257149,-0.083138,7.672000,10.747454

0.707277,3.205868,8.270661,16.650587,0.038560,0.330959,-0.114047,7.680000,10.747454

1.368302,3.910003,7.518625,16.659410,-0.103731,0.259814,-0.177732,7.676000,10.747454

0.846188,3.313643,8.081454,16.671175,-0.060031,0.383719,-0.210507,7.684000,10.747454

-0.478258,2.693333,8.855046,16.647646,-0.017131,0.396775,-0.244347,7.688000,10.747454

-1.488956,2.547237,7.875483,16.659410,-0.128512,0.391180,-0.264066,7.688000,10.747454

-2.933153,2.118529,7.932963,16.656469,-0.070157,0.240895,-0.280586,7.692000,10.747454

-3.634894,3.351964,9.245434,16.656469,-0.055502,0.250488,-0.249144,7.696000,10.747454

-5.364098,1.203631,10.093271,16.653528,-0.026191,0.147633,-0.272326,7.696000,10.747454

-5.445529,1.174891,10.122011,16.656469,0.018575,0.030922,-0.246479,7.696000,10.808927

-5.110226,0.643197,8.433522,16.644705,0.072933,-0.132686,-0.215303,7.692000,10.808927

-5.263507,-1.014157,10.404624,16.635881,-0.038182,-0.319742,-0.210773,7.688000,10.808927

-4.652777,-2.230827,11.400951,16.662352,-0.123450,-0.384226,-0.143625,7.684000,10.808927

-2.686466,0.954549,11.575788,16.638823,0.091586,-0.308284,-0.053827,7.684000,10.808927

-2.791847,-0.583053,9.159214,16.656469,0.137151,-0.385025,0.027444,7.676000,10.808927

1.636544,-0.741125,9.401111,16.644705,-0.036583,-0.656284,0.043965,7.672000,10.808927

4.263881,-0.324391,9.458591,16.638823,0.086523,-0.333865,0.047962,7.668000,10.808927

2.668797,1.423973,9.781919,16.635881,0.064673,-0.184912,0.030642,7.664000,10.808927

-0.210016,1.328172,8.105405,16.627058,0.121163,-0.061807,-0.140427,7.664000,10.808927

-3.972592,2.154454,10.052556,16.638823,0.063341,-0.055145,-0.336810,7.660000,10.808927

-2.207462,1.526959,9.501701,16.635881,0.065206,-0.253393,-0.472706,7.664000,10.808927

-0.633934,2.487362,9.494516,16.629999,0.028168,-0.273378,-0.521735,7.652000,10.808927

0.101337,2.075418,8.811935,16.629999,0.057478,-0.215289,-0.513208,7.664000,10.808927

-1.072223,3.304063,8.838281,16.641764,0.086256,-0.256058,-0.392234,7.652000,10.808927

-0.732130,3.737562,8.019184,16.647646,0.060410,-0.386624,-0.214770,7.660000,10.808927

0.860558,3.047796,9.513677,16.659410,0.108106,-0.361843,-0.011726,7.656000,10.808927

0.712067,5.016502,8.361671,16.641764,0.056679,-0.343990,0.236617,7.660000,10.808927

0.664166,4.331527,8.668234,16.638823,-0.014999,-0.335996,0.286446,7.660000,10.808927

0.333654,4.391402,9.434641,16.647646,0.099313,-0.243800,0.210504,7.668000,10.808927

-0.952472,3.792647,8.491003,16.632940,-0.010203,-0.222483,0.123371,7.676000,10.808927

-2.621801,5.078773,9.633428,16.629999,-0.005940,-0.285102,0.085800,7.680000,10.808927

-0.619564,3.720797,9.966335,16.638823,0.158201,-0.300290,0.110314,7.684000,10.808927

-0.241151,2.858590,9.899275,16.650587,-0.029388,-0.266983,0.071411,7.684000,10.808927

0.642611,3.239398,10.574670,16.641764,-0.060031,-0.205163,0.082869,7.684000,10.808927

2.525096,3.663316,9.937595,16.659410,-0.002476,-0.136682,0.155613,7.684000,21.075425

3.222047,2.736444,8.946056,16.662352,0.115034,-0.161996,0.276587,7.684000,21.075425

5.094953,2.530472,9.331655,16.662352,0.129956,-0.001852,0.501748,7.684000,21.075425

3.387303,1.062325,8.285031,16.644705,0.100912,0.206255,0.682942,7.684000,21.075425

0.757572,-2.915802,9.745994,16.641764,-0.095737,0.331226,0.675215,7.680000,21.075425

0.170792,-0.065729,9.995075,16.653528,-0.019796,0.313639,0.579288,7.680000,21.075425

-1.960775,1.452713,9.360395,16.635881,0.095849,0.452466,0.482829,7.672000,21.075425

-0.921337,-0.065729,10.083691,16.650587,-0.080816,0.306711,0.402890,7.676000,21.075425

-1.079408,2.173614,8.567643,16.650587,0.123028,0.235033,0.070345,7.664000,21.075425

-1.287775,2.678963,9.398716,16.665293,-0.078684,0.176144,0.057022,7.664000,21.075425

-0.638724,3.407049,9.796288,16.656469,0.005518,0.215314,0.076473,7.668000,21.075425

-1.546437,1.910162,9.312495,16.662352,0.023371,0.233434,0.020516,7.656000,21.075425

-0.353717,4.561449,9.693303,16.674116,0.075331,0.135376,-0.058357,7.668000,21.075425

0.405504,4.324342,9.829819,16.685881,-0.053903,0.150564,-0.097793,7.668000,21.075425

0.055831,2.765184,9.619058,16.679998,-0.024059,0.204123,-0.084470,7.668000,21.075425

0.910853,5.378150,8.011999,16.671175,0.051083,0.284328,-0.019453,7.672000,21.075425

1.804196,4.836876,7.748547,16.671175,-0.030188,0.319768,0.250207,7.676000,21.075425

1.761085,4.206986,8.344907,16.665293,-0.061364,0.404769,0.473769,7.676000,21.075425

0.827027,4.206986,8.970007,16.685881,-0.085079,0.441008,0.540918,7.680000,21.075425

-0.530949,4.381822,7.949728,16.677057,0.104642,0.532405,0.359457,7.688000,21.075425

-1.357230,4.389007,7.468329,16.659410,-0.050705,0.506558,0.094326,7.684000,21.075425

-2.439779,3.375914,9.324470,16.671175,-0.148763,0.549192,-0.103122,7.688000,21.075425

-2.729577,2.628668,10.598620,16.665293,-0.078684,0.515618,-0.341873,7.700000,21.075425

-2.765502,3.397469,8.917316,16.668234,-0.042711,0.476448,-0.480433,7.696000,21.442266

-3.977382,1.919742,8.682605,16.682940,-0.062430,0.262212,-0.584354,7.692000,21.442266

-5.814362,0.449200,10.186677,16.674116,-0.169015,0.143370,-0.684010,7.696000,21.442266

-6.336476,-1.847624,10.675261,16.671175,-0.175410,0.007474,-0.748761,7.692000,21.442266

-5.804781,0.892279,11.108760,16.662352,0.047353,-0.087387,-0.755689,7.692000,21.442266

-4.085157,-0.583053,9.633428,16.665293,0.126759,-0.298159,-0.726112,7.692000,21.442266

-1.110543,-1.263239,9.437036,16.677057,0.038027,-0.518257,-0.682678,7.688000,21.442266

-0.114215,-0.733940,10.066926,16.656469,0.003920,-0.478287,-0.431937,7.680000,21.442266

1.138380,-0.070519,11.173425,16.665293,0.132354,-0.491078,-0.290445,7.672000,21.442266

-0.126190,-0.171110,9.319680,16.653528,0.124094,-0.490012,-0.172403,7.676000,21.442266

2.165843,0.909044,8.510163,16.644705,-0.024592,-0.271246,-0.126571,7.664000,21.442266

0.918038,2.729259,8.759245,16.656469,0.202434,-0.118297,0.139359,7.664000,21.442266

-2.930758,2.944810,10.054951,16.665293,0.061475,-0.136150,0.169735,7.656000,21.442266

-1.512907,1.656290,9.365185,16.650587,0.029500,-0.361577,0.138026,7.664000,21.442266

0.965939,4.008199,7.853928,16.632940,0.140348,-0.260854,0.215567,7.660000,21.442266

-0.631539,3.040611,8.222761,16.632940,-0.002476,-0.220352,0.185190,7.652000,21.442266

-0.724945,2.302945,10.016630,16.647646,0.031632,-0.233675,0.170002,7.660000,21.442266

-0.782426,4.518338,8.359277,16.671175,0.079861,-0.282704,0.327747,7.668000,21.442266

-1.218319,3.967484,8.081454,16.644705,0.038560,-0.227546,0.281650,7.664000,21.442266

-1.824259,4.396193,9.911250,16.662352,0.058544,-0.202765,0.106850,7.664000,21.442266

-1.881740,4.020175,8.476633,16.653528,0.082792,-0.213957,-0.066617,7.676000,21.442266

-0.351322,4.254886,8.981982,16.638823,0.009515,-0.325071,-0.199848,7.672000,21.442266

-0.289052,5.023687,8.627519,16.638823,0.044688,-0.304021,-0.250210,7.676000,21.442266

-0.763265,4.036940,9.300520,16.662352,0.010048,-0.383427,-0.264332,7.680000,21.442266

0.407899,2.564002,10.031001,16.644705,0.025769,-0.345856,-0.077275,7.684000,21.442266

0.913248,5.200919,9.995075,16.653528,0.036161,-0.303222,0.123637,7.692000,21.442266

3.296293,6.324183,8.740085,16.659410,0.068670,-0.317344,0.223294,7.692000,21.442266

2.101178,1.713770,8.526928,16.677057,0.177120,-0.260588,0.307763,7.692000,21.442266

3.286713,1.835916,8.426337,16.647646,-0.045110,-0.196104,0.362121,7.696000,21.442266

4.321361,2.631063,10.016630,16.659410,0.082259,0.121253,0.334409,7.696000,21.442266

3.267552,2.899305,9.678933,16.656469,0.022305,0.247556,0.435931,7.688000,21.442266

1.955082,0.786898,11.820080,16.671175,-0.160221,0.338953,0.354127,7.688000,21.442266

0.609081,-1.794933,9.092153,16.662352,0.103310,0.450601,0.242480,7.680000,21.442266

-0.844696,-0.501623,8.907737,16.650587,-0.013401,0.369063,0.361322,7.676000,21.442266

-4.025282,1.309012,9.757969,16.668234,0.038293,0.503094,0.359989,7.676000,21.442266

-4.147428,-0.372292,8.912526,16.653528,-0.084812,0.276601,0.143622,7.668000,21.442266

-1.829049,1.342542,9.008327,16.659410,0.042557,0.149498,0.113778,7.664000,21.442266

-1.108148,2.326895,10.069321,16.679998,-0.000077,0.234500,0.109248,7.664000,21.442266

-3.052904,1.131781,9.199929,16.677057,-0.047508,0.163621,-0.140427,7.660000,21.442266

-1.589547,2.863380,9.784313,16.656469,-0.029655,0.102867,-0.472439,7.660000,21.442266

0.051041,3.759117,8.277846,16.679998,-0.091741,0.065296,-0.512409,7.664000,21.442266

2.551442,4.918307,7.906618,16.677057,-0.051505,0.055703,-0.467110,7.660000,21.442266

1.979032,4.602164,9.499307,16.665293,0.019907,0.171615,-0.382109,7.660000,21.442266

1.085690,2.920860,8.457473,16.671175,-0.016865,0.205722,-0.171870,7.664000,21.442266

-0.329767,2.959180,8.756850,16.656469,-0.093606,0.189734,0.108982,7.668000,21.442266

0.118102,4.286021,9.039463,16.668234,-0.081881,0.250488,0.375444,7.672000,21.442266

-0.509393,4.353082,9.338840,16.662352,0.007916,0.334690,0.431401,7.680000,21.442266

-2.887648,3.193892,10.112432,16.682940,-0.076552,0.324831,0.375711,7.680000,21.442266

-2.437384,4.947047,8.701765,16.647646,0.064406,0.280065,0.225159,7.680000,10.607748

-4.092343,4.865616,8.984377,16.659410,-0.100800,0.393578,0.027711,7.688000,10.607748

-4.123478,3.445369,10.076506,16.659410,-0.022993,0.237964,-0.113248,7.692000,10.607748

-3.658844,0.657567,9.983100,16.653528,0.070002,0.140971,-0.205444,7.696000,10.607748

-5.064721,1.807176,9.580737,16.656469,-0.062963,0.005076,-0.161744,7.688000,10.607748

-4.073183,1.989197,9.985496,16.659410,-0.034718,-0.212891,-0.098592,7.696000,10.607748

-4.408485,0.049232,10.852492,16.647646,-0.003275,-0.177451,-0.162810,7.692000,10.607748

-4.121083,-0.674064,11.142290,16.671175,0.053215,-0.360245,-0.185459,7.692000,10.607748

-4.020492,-0.551918,10.502819,16.671175,0.101711,-0.485482,-0.019187,7.684000,10.607748

1.267711,0.442015,10.148356,16.650587,0.047886,-0.564088,0.082602,7.684000,10.607748

-0.171696,-2.748151,10.792617,16.653528,0.069736,-0.490278,0.151616,7.680000,10.607748

4.218375,1.409603,8.304192,16.659410,0.011114,-0.276309,0.125236,7.672000,10.607748

0.405504,1.265902,8.981982,16.641764,0.076131,-0.085522,0.160409,7.672000,10.607748

-0.456703,1.275482,9.592712,16.635881,0.081460,-0.118563,0.117242,7.664000,10.607748

0.968334,1.871841,9.872930,16.632940,-0.046175,-0.067136,-0.031444,7.668000,10.607748

1.995797,3.359149,9.645403,16.653528,0.121163,0.017333,-0.120442,7.660000,10.607748

2.151473,3.797437,8.423943,16.638823,0.073200,0.025593,-0.111649,7.660000,10.607748

-0.109425,4.254886,8.165280,16.650587,-0.093606,0.023461,-0.188124,7.668000,10.607748

0.096547,3.155572,9.547207,16.644705,-0.036583,-0.025035,-0.313628,7.668000,10.607748

-2.090106,3.407049,8.438313,16.635881,0.094250,0.073024,-0.388237,7.668000,10.607748

-1.342860,2.750814,8.627519,16.632940,-0.094672,-0.070600,-0.538256,7.672000,10.607748

0.015116,3.488480,9.099339,16.635881,-0.004341,-0.161730,-0.647772,7.672000,10.607748

1.274896,5.629627,7.839557,16.638823,0.058278,-0.226214,-0.726644,7.672000,10.607748

0.534835,4.080050,8.366462,16.627058,0.009782,-0.269647,-0.800988,7.680000,10.607748

-1.766779,3.675291,9.578342,16.632940,-0.013667,-0.211558,-0.696268,7.680000,10.607748

0.034276,7.001974,10.019026,16.629999,0.089987,-0.244333,-0.577692,7.684000,10.607748

1.538348,4.218961,8.816726,16.641764,0.160067,-0.342391,-0.483897,7.696000,10.607748

0.879718,1.572464,9.089758,16.632940,-0.076286,-0.337862,-0.248877,7.692000,10.607748

-0.348927,5.224869,10.076506,16.641764,-0.009670,-0.205163,0.005861,7.696000,10.607748

2.996915,2.532867,8.404782,16.632940,0.063341,-0.235274,0.120706,7.692000,10.607748

2.053277,2.813084,8.890971,16.641764,0.067071,-0.178517,0.308296,7.696000,10.607748

4.412372,2.379586,10.447734,16.656469,-0.132509,-0.019439,0.564899,7.696000,10.607748

1.296451,0.604876,10.184282,16.624117,-0.055502,0.180408,0.601138,7.696000,10.607748

1.224601,0.815638,9.930409,16.635881,-0.051771,0.180941,0.490823,7.692000,10.607748

1.023419,0.923414,9.607082,16.653528,-0.051771,0.374126,0.470571,7.692000,10.607748

-0.387247,-1.371015,10.196257,16.641764,-0.069624,0.272604,0.482296,7.680000,10.607748

-3.575018,-1.050082,10.383068,16.644705,0.065472,0.338953,0.357858,7.680000,10.607748

-3.215765,1.725745,9.920830,16.635881,-0.000877,0.171881,0.136960,7.672000,10.607748

-1.148864,1.577254,7.961703,16.635881,-0.057633,0.061832,0.043166,7.672000,10.607748

0.822237,0.851563,9.446616,16.641764,-0.027257,0.175878,-0.038905,7.668000,10.607748

-1.800309,3.366334,8.313771,16.641764,0.051083,0.272071,-0.146822,7.672000,10.607748

-0.837511,2.990316,10.222602,16.629999,-0.112258,0.133777,-0.285383,7.672000,10.607748

-0.248336,2.403536,10.548325,16.641764,-0.117321,0.186537,-0.510810,7.668000,10.607748

-0.818351,4.240516,9.853769,16.653528,-0.037649,0.223042,-0.629119,7.676000,10.607748

-0.739315,4.848851,8.919712,16.644705,0.051616,0.132445,-0.425808,7.680000,10.607748

-0.653095,3.761512,8.843071,16.650587,-0.030188,0.076221,-0.147089,7.680000,10.607748

-1.706903,3.318433,9.887300,16.641764,-0.077352,0.107131,0.167604,7.684000,10.607748

-0.001649,4.788976,9.544811,16.641764,0.107840,0.038383,0.519601,7.688000,10.607748

-0.650700,4.228541,7.755732,16.653528,0.106508,0.026393,0.754887,7.692000,10.778680

-2.339188,2.314920,8.435918,16.632940,-0.061630,-0.004517,0.724777,7.696000,10.778680

-3.057694,0.942574,9.626243,16.650587,-0.088809,0.055970,0.544382,7.692000,10.778680

-2.061366,2.892120,8.910131,16.659410,-0.066160,0.162555,0.382372,7.696000,10.778680

-3.917506,1.397628,9.049043,16.656469,-0.117321,0.131379,0.288311,7.696000,10.778680

-5.534144,2.640643,10.445339,16.641764,0.015910,0.075422,0.139891,7.704000,10.778680

-5.500614,1.819151,9.954360,16.650587,-0.093073,-0.095647,0.018385,7.700000,10.778680

-4.767738,0.422855,10.304033,16.632940,0.001521,-0.263252,-0.029845,7.704000,10.778680

-3.055299,-1.069242,10.217813,16.647646,0.007384,-0.420998,-0.073545,7.700000,10.778680

-1.548832,0.327054,10.862072,16.641764,-0.106929,-0.499071,0.052758,7.692000,10.778680

0.364789,-2.158976,12.181728,16.650587,-0.036583,-0.333332,0.232354,7.684000,10.778680

6.215822,0.319869,9.408296,16.665293,0.024437,-0.088986,0.138559,7.684000,10.778680

1.461708,1.246742,7.849137,16.656469,0.156869,0.231036,0.160942,7.676000,10.778680

-2.969078,1.373677,9.123288,16.653528,0.038826,-0.084456,-0.171870,7.668000,10.778680

-0.923732,1.972432,8.459867,16.638823,0.021240,-0.156667,-0.305367,7.668000,10.778680

1.947897,2.892120,9.099339,16.671175,0.026302,-0.172388,-0.360525,7.668000,10.778680

1.380277,2.844219,8.931686,16.644705,-0.008871,-0.037026,-0.436200,7.668000,10.778680

-2.245783,2.956785,9.714858,16.659410,-0.003541,-0.050882,-0.375713,7.672000,10.778680

-1.318910,4.446488,8.364067,16.644705,0.092385,-0.198502,-0.103389,7.676000,10.778680

-0.849486,2.853800,9.348420,16.665293,-0.082947,-0.142811,0.111380,7.672000,10.778680

-2.339188,2.959180,10.488449,16.656469,0.029766,-0.142545,0.354127,7.672000,10.778680

0.175582,5.141044,8.577224,16.671175,0.123028,-0.256324,0.416213,7.680000,10.778680

1.871256,3.716007,7.825187,16.668234,0.025769,-0.218753,0.359723,7.684000,21.626743

-2.554740,2.767579,8.783195,16.656469,0.034829,-0.065803,0.176130,7.680000,21.626743

-1.120123,2.676568,8.835886,16.674116,-0.086411,-0.159598,-0.039704,7.688000,21.626743

-0.286657,3.213053,9.317285,16.674116,-0.093872,-0.065271,-0.098326,7.696000,21.626743

0.920433,4.027359,8.835886,16.665293,-0.057367,-0.084722,-0.091664,7.696000,21.626743

1.435363,4.204591,9.367580,16.665293,0.043889,0.011204,-0.007462,7.696000,21.626743

2.838844,3.438184,9.403505,16.662352,0.003387,-0.015442,0.091928,7.696000,21.626743

4.139339,1.294642,10.090877,16.685881,-0.141835,0.035452,0.178262,7.704000,21.626743

1.816171,1.395233,10.466894,16.677057,-0.041912,0.252619,0.325349,7.700000,21.626743

1.658099,2.779554,9.338840,16.668234,-0.000877,0.274736,0.407420,7.700000,21.626743

1.751505,1.256322,9.731624,16.682940,-0.008071,0.337088,0.479898,7.696000,21.626743

3.588485,0.602481,9.662168,16.697645,0.030832,0.474849,0.421276,7.688000,21.626743

-1.908085,-0.350737,10.371094,16.671175,0.062008,0.477780,0.296305,7.688000,21.626743

-1.915270,-0.628559,9.489726,16.674116,-0.039514,0.445005,0.094593,7.684000,21.626743

-3.215765,0.650382,8.605964,16.694704,0.021506,0.407434,-0.039704,7.676000,21.626743

-1.960775,1.589229,7.956913,16.691763,-0.080016,0.228371,-0.152418,7.676000,21.626743

-0.253126,2.609508,9.386741,16.674116,-0.013134,0.201192,-0.179863,7.672000,21.626743

-0.633934,3.344779,10.059741,16.691763,0.114235,0.259281,-0.139361,7.672000,21.626743

-2.509235,3.179522,8.783195,16.694704,0.014045,0.213183,-0.163343,7.676000,21.626743

-2.466124,4.851246,7.880273,16.682940,-0.003009,0.166552,-0.145223,7.680000,21.626743

0.027091,2.638248,8.570039,16.682940,-0.113324,0.011471,-0.085003,7.680000,21.626743

1.049764,2.439461,9.334050,16.691763,-0.100001,0.139373,-0.098859,7.680000,21.626743

-0.135770,3.440579,9.896879,16.688822,-0.100800,0.203324,-0.069282,7.688000,21.626743

-0.820746,5.296720,9.084968,16.685881,-0.111459,0.297118,-0.023716,7.684000,21.821381

0.307308,4.125555,9.020303,16.697645,-0.048840,0.322432,-0.000001,7.692000,21.821381

-1.498536,3.507640,8.423943,16.688822,-0.053903,0.307510,-0.081272,7.696000,21.821381

-2.320028,1.663475,8.610754,16.674116,-0.124515,0.251020,-0.147355,7.696000,21.821381

-3.278036,3.519615,9.827424,16.674116,-0.089076,0.283529,-0.257937,7.700000,21.821381

-3.527118,4.051310,9.077783,16.679998,0.024171,0.167618,-0.405291,7.704000,21.821381

-5.330568,0.283944,9.865745,16.662352,-0.035517,0.081817,-0.443661,7.700000,21.821381

-5.462294,0.243228,11.106364,16.665293,-0.123982,-0.041822,-0.477769,7.704000,21.821381

-5.450319,-0.302836,9.772339,16.668234,0.035362,-0.462833,-0.415683,7.700000,21.821381

-3.244506,-0.994997,10.672866,16.682940,0.003120,-0.487880,-0.261934,7.704000,21.821381

-1.666188,-0.599819,10.732741,16.665293,0.075598,-0.396217,-0.119377,7.704000,21.821381

-2.765502,-1.390175,9.611873,16.671175,0.144079,-0.448976,-0.036507,7.692000,21.821381

1.365907,-0.058544,8.783195,16.662352,0.093984,-0.415669,-0.055426,7.688000,21.821381

3.947738,-1.888339,9.901670,16.671175,-0.025391,-0.437519,-0.288847,7.680000,21.821381

4.144130,3.052586,9.544811,16.677057,-0.016598,-0.048483,-0.262733,7.676000,21.821381

0.474960,2.032308,10.780642,16.668234,0.120364,-0.016508,-0.167073,7.676000,21.821381

-2.394274,1.069510,9.520862,16.665293,0.149941,-0.064738,-0.347202,7.672000,21.821381

-0.562084,1.062325,7.676696,16.665293,0.025769,-0.206762,-0.433802,7.668000,21.821381

1.021024,5.006922,9.089758,16.653528,0.071867,-0.229944,-0.179331,7.676000,21.821381

-0.885411,4.420143,9.607082,16.644705,0.070002,-0.164395,-0.016522,7.672000,21.821381

-2.399064,1.390443,8.902946,16.668234,0.019641,-0.191041,-0.042102,7.676000,21.821381

-3.718719,2.741234,9.626243,16.659410,0.051616,-0.189975,0.024780,7.684000,21.821381

-2.042206,5.373360,9.020303,16.665293,-0.085079,-0.170790,0.126035,7.684000,21.893632

-0.243546,4.652460,9.178373,16.682940,0.084658,-0.234474,0.194250,7.684000,21.893632

-0.693810,3.845338,9.410690,16.677057,0.166195,-0.209160,0.171601,7.692000,21.893632

-0.899782,2.587952,8.189230,16.674116,-0.024059,-0.265650,0.131631,7.692000,21.893632

-0.538134,3.565120,8.074269,16.682940,-0.056035,-0.246199,0.150550,7.696000,21.893632

0.539625,4.640484,8.649075,16.682940,0.021506,-0.181182,0.161741,7.700000,21.893632

0.865348,4.487203,9.223879,16.694704,-0.007805,-0.084722,0.179061,7.704000,21.893632

1.236576,1.984407,8.946056,16.685881,-0.066160,-0.048217,0.237417,7.704000,21.893632

2.295175,2.312525,9.389135,16.668234,-0.131710,0.021330,0.240348,7.704000,21.893632

2.625687,3.854918,10.589040,16.662352,-0.030188,0.143370,0.213435,7.708000,21.893632

3.811222,1.867052,9.341235,16.694704,-0.024326,0.286726,0.279518,7.704000,21.893632

2.259249,-0.561498,10.435759,16.694704,-0.257480,0.379722,0.213435,7.700000,21.893632

1.823356,-0.017829,9.911250,16.703527,-0.139970,0.449269,0.071411,7.700000,21.893632

-1.352440,-0.207035,10.380673,16.709410,-0.017930,0.600619,-0.070347,7.696000,21.893632

-2.358348,1.033585,9.365185,16.703527,0.035362,0.372261,-0.224629,7.684000,21.893632

-3.531908,0.310289,9.726833,16.691763,0.002054,0.287259,-0.405024,7.680000,21.893632

-3.486403,1.433553,9.884905,16.674116,0.055347,0.174013,-0.583288,7.684000,21.893632

-2.942733,1.505404,8.840676,16.679998,0.006851,0.088745,-0.651236,7.680000,21.893632

-2.451754,2.983131,8.608358,16.697645,0.050550,-0.083390,-0.508678,7.680000,21.893632

-1.920060,3.318433,9.449011,16.685881,0.097181,-0.120961,-0.318158,7.688000,21.893632

-0.621959,1.879027,7.971283,16.694704,0.038560,-0.137215,-0.119377,7.680000,21.893632

-0.305817,2.777159,9.348420,16.691763,0.039093,-0.207295,0.211303,7.688000,21.893632

-0.950077,5.433236,9.496911,16.697645,-0.112525,-0.088719,0.481230,7.696000,22.187452

-1.050668,4.616534,9.832214,16.697645,-0.020595,0.067161,0.569695,7.692000,22.187452

1.107245,4.767420,9.865745,16.685881,0.041491,0.075955,0.687472,7.700000,22.187452

-0.135770,3.603441,8.981982,16.694704,0.005785,0.163088,0.793524,7.696000,22.187452

-1.292565,4.501573,7.861113,16.679998,0.084658,0.083682,0.776204,7.700000,22.187452

-1.910480,4.456068,7.662326,16.679998,-0.044310,0.158558,0.750091,7.700000,22.187452

-1.493746,2.616693,9.913645,16.691763,-0.134375,0.205455,0.626718,7.704000,22.187452

-2.418224,2.980736,11.027328,16.674116,0.064673,0.301648,0.364786,7.708000,22.187452

-3.754645,2.578372,8.725715,16.668234,0.068137,0.213183,0.048495,7.712000,22.187452

-6.724469,1.737720,9.355605,16.662352,-0.139437,0.119388,-0.215037,7.708000,22.187452

-3.883976,1.414393,9.427456,16.665293,-0.124515,-0.131087,-0.445260,7.712000,22.187452

-3.618129,1.007240,12.263159,16.653528,-0.004607,-0.169990,-0.508945,7.712000,22.187452

-2.849328,-1.148278,10.502819,16.679998,0.119298,-0.406342,-0.505747,7.704000,22.187452

-2.118846,0.451595,8.831096,16.659410,0.092119,-0.506266,-0.408755,7.700000,22.187452

2.611317,-0.559103,9.307705,16.647646,-0.016332,-0.679733,-0.235021,7.700000,22.187452

1.782640,-0.293256,9.532837,16.656469,0.000455,-0.470826,0.040767,7.692000,22.187452

3.940553,-1.186598,9.882509,16.656469,0.044155,-0.367439,0.105251,7.684000,22.187452

2.723883,-0.489648,9.195139,16.662352,0.077197,-0.172921,0.217699,7.688000,22.187452

0.985099,4.060890,8.304192,16.641764,0.196305,-0.101243,0.385570,7.688000,22.187452

0.501305,5.138649,9.496911,16.656469,0.066272,-0.194771,0.446856,7.676000,22.187452

1.533558,2.429881,10.320798,16.641764,0.023904,-0.224615,0.488957,7.680000,22.187452

2.388580,3.371124,7.980864,16.632940,0.136618,-0.045552,0.435398,7.688000,22.187452

1.255736,4.458463,7.868298,16.647646,0.128624,-0.010113,0.223294,7.684000,22.187452

1.150355,2.815479,7.624006,16.629999,-0.076019,0.055970,0.000532,7.684000,22.347854

0.297728,2.657408,9.379556,16.629999,0.106241,0.133244,-0.349867,7.688000,22.347854

-0.324977,3.665711,8.553273,16.635881,-0.029388,0.063697,-0.750626,7.692000,22.347854

-0.947682,3.392679,8.232341,16.632940,-0.039247,0.036518,-0.881193,7.696000,22.347854

-2.269733,3.984249,9.214299,16.635881,-0.011535,0.002944,-0.844421,7.696000,22.347854

-3.529513,3.392679,9.444221,16.624117,-0.013134,-0.076728,-0.773542,7.696000,22.347854

-1.536857,3.122042,8.893367,16.629999,-0.019263,-0.295494,-0.597677,7.700000,22.347854

1.114430,4.058495,9.175979,16.644705,0.000189,-0.268581,-0.367720,7.704000,22.347854

0.556390,3.869288,9.523256,16.618235,0.125160,-0.198768,-0.157481,7.708000,22.347854

2.019747,2.884935,9.413086,16.621176,-0.066160,-0.345589,0.014654,7.712000,22.347854

3.444784,4.166270,8.934082,16.621176,0.046287,-0.172921,0.211037,7.716000,22.347854

2.687958,2.336475,10.112432,16.629999,0.076131,0.130313,0.573160,7.708000,22.347854

2.065253,0.731812,10.828542,16.627058,-0.011002,0.142570,0.545980,7.708000,22.347854

3.157382,0.897069,9.173584,16.612352,0.056146,0.237697,0.549444,7.708000,22.347854

2.400555,-0.877641,9.796288,16.624117,-0.060831,0.332558,0.486826,7.696000,22.347854

-1.546437,-1.265634,10.327983,16.618235,-0.016332,0.482310,0.353061,7.696000,22.347854

-1.261430,0.279154,9.214299,16.629999,0.117699,0.449002,0.148951,7.688000,22.347854

-2.547555,2.243070,8.768826,16.612352,0.048152,0.315504,0.002663,7.688000,22.347854

-1.144074,2.132899,7.966493,16.612352,-0.129045,0.185471,-0.018387,7.688000,22.347854

-0.066315,0.980894,9.166399,16.609411,0.007384,0.216647,-0.091132,7.680000,22.347854

-1.551227,1.548514,10.047766,16.603529,0.034296,0.143103,-0.179863,7.680000,22.347854

-1.232689,3.478900,8.558064,16.609411,-0.099734,0.093008,-0.179863,7.684000,22.293141

-0.732130,2.937625,8.878996,16.603529,-0.109594,0.135109,-0.131101,7.684000,22.293141

0.007931,4.705150,8.498188,16.615294,0.090520,0.243826,-0.037306,7.680000,22.293141

-1.314120,4.245306,9.223879,16.615294,-0.048041,0.188668,0.140957,7.688000,22.293141

-1.067433,3.155572,8.941267,16.606470,-0.014200,0.108729,0.325882,7.692000,22.293141

-0.703390,4.791370,9.022697,16.594706,-0.082414,0.191066,0.462311,7.696000,22.293141

-0.986002,3.902818,7.789262,16.618235,-0.029655,0.206521,0.547313,7.700000,22.293141

-0.916547,3.945928,7.621611,16.612352,-0.011802,0.310708,0.502014,7.696000,22.293141

-2.207462,3.284903,10.016630,16.597647,-0.085878,0.411164,0.371181,7.708000,22.293141

-2.219437,3.028636,9.609477,16.618235,-0.030188,0.438077,0.176397,7.704000,22.293141

-3.290011,2.231094,9.113708,16.597647,0.027368,0.324831,-0.209174,7.704000,22.293141

-5.141361,3.423814,9.360395,16.627058,-0.001676,0.306178,-0.435401,7.708000,22.293141

-7.047797,-1.387780,12.016472,16.600588,-0.221241,0.077553,-0.630185,7.708000,22.293141

-5.297038,-0.190270,11.415322,16.606470,0.038027,-0.075929,-0.833762,7.704000,22.293141

-6.113739,-0.999787,10.016630,16.600588,0.127558,-0.164395,-0.847618,7.700000,22.293141

-5.220397,-1.368620,8.469448,16.603529,0.112636,-0.390621,-0.809781,7.696000,22.293141

-5.069510,-1.476396,8.186835,16.609411,-0.005140,-0.508398,-0.812978,7.696000,22.293141

-0.061525,-0.216615,9.164003,16.600588,0.044688,-0.719969,-0.855346,7.692000,22.293141

2.189794,0.786898,9.659773,16.609411,0.180584,-0.603791,-0.672819,7.688000,22.293141

3.837567,1.016820,8.910131,16.600588,0.178985,-0.561690,-0.441530,7.684000,22.293141

4.206400,1.395233,8.850256,16.594706,0.223485,-0.432722,0.103386,7.676000,22.293141

0.918038,3.134017,9.441826,16.597647,0.163264,-0.286168,0.178795,7.668000,22.293141

1.030604,2.293365,9.063413,16.594706,0.181384,-0.367705,0.101521,7.668000,22.293141

0.886903,4.307577,7.820397,16.594706,0.018575,-0.277641,0.169735,7.668000,22.293141

1.607804,4.480018,8.565248,16.588821,0.063607,-0.179849,0.280850,7.672000,21.757375

0.630636,2.650223,9.008327,16.585880,0.031099,-0.096447,0.205974,7.672000,21.757375

-1.551227,3.550750,9.286150,16.594706,0.010315,-0.092983,0.061285,7.672000,21.757375

-1.639843,3.445369,8.687394,16.585880,-0.018197,-0.080192,-0.031444,7.672000,21.757375

-1.946405,3.823783,8.464658,16.579998,-0.011269,-0.122027,-0.116179,7.684000,21.757375

-1.666188,3.720797,8.823911,16.585880,-0.034718,-0.171856,-0.253141,7.684000,21.757375

0.779127,5.888289,10.227392,16.591763,-0.027790,-0.298425,-0.214770,7.688000,21.757375

1.076110,5.332645,9.829819,16.612352,0.188312,-0.253393,-0.047432,7.696000,21.757375

1.121615,4.415352,7.770102,16.597647,0.027901,-0.339727,0.077806,7.700000,21.757375

2.000587,3.948323,8.720924,16.594706,0.003653,-0.247264,0.230489,7.696000,21.757375

2.582577,3.938743,8.840676,16.585880,-0.019796,-0.161463,0.377576,7.700000,21.757375

3.176542,2.360425,10.213022,16.594706,0.035362,-0.047684,0.430869,7.704000,21.757375

3.310663,3.850127,9.803473,16.606470,-0.079750,0.110062,0.412749,7.700000,21.757375

2.383790,-0.654904,9.750783,16.603529,-0.132509,0.206521,0.429536,7.700000,21.757375

0.870138,0.767738,10.007051,16.603529,-0.084812,0.296319,0.376510,7.700000,21.757375

0.374369,0.298314,11.582973,16.597647,-0.073888,0.340818,0.187322,7.700000,21.757375

1.054554,0.719837,10.042975,16.624117,0.148875,0.511088,0.009058,7.688000,21.757375

-0.205226,-0.669274,9.695698,16.629999,-0.075220,0.234766,-0.012525,7.688000,21.757375

-2.734366,-0.151950,8.701765,16.635881,-0.046442,0.303514,-0.002932,7.684000,21.757375

-4.061207,0.964129,9.329260,16.618235,0.010848,0.168151,-0.025049,7.676000,21.757375

-2.593060,-0.048964,8.246711,16.618235,-0.041912,0.028791,-0.038372,7.676000,21.757375

-2.329608,3.533985,10.457314,16.644705,-0.096270,0.051440,0.082069,7.668000,21.757375

-1.397946,4.295601,10.232183,16.638823,-0.007005,0.062365,0.256868,7.676000,21.443226

-0.133375,2.911280,7.494675,16.629999,0.032697,0.016533,0.365052,7.672000,21.443226

-0.760870,4.001014,8.395202,16.632940,-0.046975,-0.000254,0.421542,7.680000,21.443226

-0.272286,4.233331,9.425060,16.629999,-0.018730,0.009605,0.472170,7.680000,21.443226

1.018629,5.718243,8.907737,16.632940,-0.023793,0.163621,0.378908,7.692000,21.443226

1.308426,4.477623,8.838281,16.635881,-0.088543,0.155627,0.221163,7.688000,21.443226

1.226996,3.955508,9.190349,16.615294,-0.135440,0.215314,0.222228,7.696000,21.443226

-0.593219,4.571029,8.217971,16.627058,-0.028322,0.296586,0.175597,7.704000,21.443226

1.186280,3.598651,7.734177,16.644705,0.004985,0.378390,0.192118,7.700000,21.443226

-1.122518,2.427486,7.913803,16.621176,-0.147964,0.421023,0.233953,7.704000,21.443226

-2.245783,3.177127,8.261081,16.615294,-0.065894,0.389847,0.261665,7.708000,21.443226

-2.082921,4.032149,9.772339,16.618235,-0.094139,0.280065,0.209172,7.708000,21.443226

-3.706744,1.823941,9.678933,16.627058,-0.003541,0.190267,0.123371,7.704000,21.443226

-4.782108,2.508917,10.050160,16.615294,0.046287,0.135642,0.001065,7.716000,21.443226

-6.841825,-0.348342,10.938713,16.627058,0.042024,-0.049016,-0.128436,7.708000,21.443226

-5.888607,0.585716,10.399834,16.632940,-0.102665,-0.094848,-0.204378,7.708000,21.443226

-4.717443,0.145033,11.084809,16.609411,0.052416,-0.329068,-0.384773,7.704000,21.443226

-2.624196,-0.283676,11.192585,16.615294,0.086256,-0.442581,-0.386372,7.704000,21.443226

-1.991910,1.129385,9.925620,16.641764,0.112636,-0.564355,-0.281119,7.700000,21.443226

2.795734,-0.937516,9.180769,16.609411,0.054281,-0.491078,-0.193453,7.692000,21.443226

5.415885,0.113897,8.483818,16.606470,0.099047,-0.522520,-0.172669,7.684000,21.443226

3.976478,0.133057,8.407177,16.606470,0.055347,-0.193705,0.006927,7.684000,21.443226

-0.315397,2.621483,9.295730,16.618235,-0.071223,-0.070333,0.281383,7.684000,21.443226

1.890416,2.573582,9.307705,16.597647,0.056146,-0.073797,0.247809,7.680000,21.443226

1.349142,6.010436,8.766430,16.591763,0.079328,0.073024,0.267261,7.688000,21.443226

-1.330885,4.827296,9.425060,16.609411,-0.010469,0.096206,0.024780,7.688000,21.443226

-1.297355,4.872801,8.395202,16.582939,-0.022460,-0.006649,-0.299239,7.692000,21.443226

-2.106871,3.466924,8.574828,16.591763,-0.059499,0.041048,-0.500418,7.688000,21.443226

-1.687743,2.798714,9.005932,16.591763,-0.103731,-0.066603,-0.517738,7.692000,21.443226

-1.934430,3.795042,9.813054,16.612352,-0.079217,-0.114566,-0.473505,7.700000,21.443226

-1.287775,5.622442,9.008327,16.591763,0.121163,-0.248863,-0.334678,7.700000,21.443226

0.166002,4.403378,8.625124,16.609411,-0.001943,-0.350119,0.007460,7.708000,21.443226

0.288148,4.599769,8.823911,16.585880,0.037494,-0.271779,0.360256,7.708000,21.443226

1.200651,4.197406,8.119775,16.585880,-0.037382,-0.226214,0.419944,7.708000,21.443226

2.984940,3.275323,9.413086,16.585880,-0.048307,-0.069534,0.395163,7.712000,21.443226

3.760927,3.071746,10.294453,16.591763,-0.107462,-0.021304,0.342936,7.716000,21.443226

3.887863,2.951995,10.471684,16.597647,-0.005140,0.178276,0.272057,7.716000,21.443226

3.947738,2.322105,8.862231,16.582939,-0.054702,0.301115,0.150284,7.720000,21.443226

2.503541,-1.236894,9.331655,16.582939,0.042290,0.478579,0.037037,7.716000,21.443226

0.345629,0.693492,9.130473,16.582939,-0.089609,0.542264,-0.111383,7.716000,21.443226

0.180372,-1.708713,10.751902,16.577057,-0.418423,0.470053,-0.159612,7.712000,21.443226

-1.077013,-1.428495,9.810658,16.565292,0.038293,0.584099,-0.024516,7.704000,21.443226

-2.233808,0.736602,9.516071,16.559410,0.242936,0.287792,-0.006396,7.704000,21.443226

-2.851722,-0.877641,10.318403,16.585880,-0.167416,0.191333,-0.305634,7.696000,21.443226

-0.660280,-0.357922,8.912526,16.579998,0.019374,0.038383,-0.283251,7.696000,11.236325

-0.863856,2.290970,9.080178,16.577057,-0.040846,0.122852,-0.118044,7.700000,11.236325

-0.114215,1.876631,9.913645,16.574116,-0.013667,0.123918,-0.017854,7.692000,11.236325

-0.588429,4.451278,8.407177,16.550587,0.085457,0.126316,0.026911,7.692000,11.236325

0.276173,3.476505,8.632309,16.571175,-0.060298,0.126849,0.182525,7.692000,11.236325

-0.145350,1.893397,8.977192,16.565292,0.006584,0.201458,0.293640,7.692000,11.236325

-1.405131,3.579490,8.414362,16.556469,0.067338,0.235033,0.291509,7.696000,11.236325

-2.535580,1.934112,9.290939,16.562351,-0.123716,0.155094,0.323218,7.700000,11.236325

-2.269733,5.521852,8.426337,16.565292,0.028967,0.236365,0.284847,7.696000,11.236325

-2.475704,4.178246,8.047924,16.577057,0.032964,0.178010,0.292042,7.704000,11.236325

-1.785939,5.809254,8.653864,16.547646,0.067604,0.255817,0.313359,7.712000,11.236325

-2.533185,2.631063,8.572433,16.550587,0.001788,0.141238,0.261132,7.712000,11.236325

-2.015861,3.105277,8.819120,16.568233,-0.041912,0.125250,0.183058,7.716000,11.236325

-4.054022,2.837034,10.090877,16.568233,-0.052571,0.256883,0.075940,7.720000,11.236325

-2.288893,2.882540,10.581855,16.547646,-0.023793,0.167351,-0.086868,7.720000,11.236325

-3.735485,1.735325,8.593988,16.568233,0.088122,0.123118,-0.188124,7.716000,11.236325

-2.861303,-0.089679,9.441826,16.541763,-0.037382,-0.056744,-0.438865,7.720000,11.236325

-1.268615,0.240833,10.383068,16.550587,-0.029921,-0.105773,-0.605404,7.716000,11.236325

0.240248,-1.038107,11.805710,16.541763,0.004719,-0.209427,-0.697334,7.712000,11.236325

0.551600,0.590506,10.263317,16.544704,0.242936,-0.221684,-0.775407,7.708000,11.236325

2.625687,-0.080099,10.895603,16.568233,0.158468,-0.244866,-0.638978,7.692000,11.236325

2.946620,-2.733781,8.620334,16.547646,0.103044,-0.278707,-0.379710,7.696000,22.829053

3.047211,2.808294,9.111313,16.547646,-0.027257,-0.071399,-0.178798,7.688000,22.829053

0.405504,2.552027,8.943662,16.559410,0.047086,-0.019705,-0.049830,7.688000,22.829053

-0.380062,2.956785,9.192744,16.571175,0.079861,-0.056477,-0.181196,7.684000,22.829053

-0.447123,3.351964,8.792775,16.532940,0.054547,-0.154535,-0.319756,7.680000,22.829053

0.534835,3.981854,9.408296,16.550587,0.026835,-0.198502,-0.197184,7.680000,22.829053

-2.111661,3.783067,9.662168,16.553528,0.054814,-0.123093,-0.085003,7.684000,22.829053

-2.645751,3.838153,8.780800,16.544704,0.073200,-0.150006,-0.106053,7.692000,22.829053

-1.103358,4.724310,9.420271,16.553528,0.049218,-0.226747,-0.080739,7.688000,22.829053

-2.499655,2.456226,8.083850,16.553528,0.006851,-0.176652,-0.138562,7.692000,22.829053

-3.416947,4.408167,8.541298,16.562351,0.079595,-0.223549,-0.221432,7.696000,22.829053

-2.997819,4.266861,9.693303,16.550587,-0.056567,-0.262186,-0.381043,7.708000,22.829053

-1.941615,3.486085,9.995075,16.556469,0.061742,-0.305620,-0.418880,7.704000,22.829053

-0.806376,4.422538,9.298124,16.529999,0.088388,-0.383693,-0.316825,7.708000,22.829053

0.333654,3.387889,9.037067,16.544704,-0.004074,-0.302422,-0.315759,7.716000,22.829053

-0.142955,2.633458,9.269384,16.562351,0.048152,-0.289365,-0.231291,7.712000,22.829053

0.862953,4.472833,9.147239,16.568233,-0.022727,-0.329335,-0.126305,7.712000,22.829053

3.087926,3.172337,8.100615,16.568233,0.093717,-0.211825,-0.028513,7.716000,22.829053

2.972965,2.884935,10.251343,16.559410,0.032165,-0.193172,0.039968,7.712000,22.829053

2.529886,0.633617,10.059741,16.550587,-0.009137,-0.042088,0.185989,7.712000,22.829053

-0.063920,0.257598,10.145962,16.544704,0.148342,-0.040490,0.284048,7.712000,22.829053

0.599501,-2.743361,9.508886,16.541763,0.021506,0.025593,0.203842,7.708000,22.829053

-0.775241,-0.698014,11.024934,16.547646,-0.178607,0.037051,0.167337,7.700000,22.829053

-2.413434,0.880304,10.320798,16.562351,0.002321,0.267541,0.122305,7.704000,22.829053

-3.357072,0.856353,9.650192,16.541763,0.088122,-0.014376,0.014388,7.700000,22.829053

-1.388366,2.092183,8.071875,16.550587,0.081993,-0.075130,-0.093796,7.700000,22.829053

0.386344,3.751932,8.761641,16.550587,0.007650,-0.070600,-0.017588,7.696000,22.829053

0.965939,2.384376,9.204719,16.550587,0.141148,-0.015975,0.094326,7.700000,22.829053

-1.556017,2.587952,8.146120,16.553528,0.011647,-0.044753,0.220097,7.704000,22.829053

1.684445,2.381981,7.868298,16.547646,-0.101333,-0.130287,0.466574,7.704000,22.829053

0.343234,5.507482,9.666958,16.535881,0.082792,0.155627,0.693068,7.704000,22.829053

0.336049,4.020175,8.261081,16.544704,0.058011,0.200925,0.845751,7.704000,22.829053

-0.861461,4.319552,9.132869,16.556469,-0.070956,0.257948,0.843352,7.708000,22.829053

-1.659003,2.837034,9.219090,16.544704,-0.105064,0.286193,0.725576,7.712000,22.829053

-1.972750,4.405772,9.434641,16.538822,0.034829,0.308043,0.500149,7.712000,22.829053

-2.473310,3.174732,9.063413,16.529999,-0.068292,0.343749,0.380507,7.716000,22.829053

-2.530790,3.704032,9.207114,16.535881,-0.051505,0.284861,0.257135,7.716000,22.829053

-3.117570,2.784344,7.731781,16.535881,0.010848,0.268340,0.072743,7.728000,22.829053

-4.255204,0.456385,7.602450,16.527058,-0.063229,0.116723,-0.162011,7.724000,22.829053

-5.591625,-0.084889,11.000983,16.512352,-0.069358,-0.035960,-0.322154,7.728000,22.829053

-6.559213,0.839588,10.950688,16.527058,-0.111992,-0.122027,-0.374914,7.724000,22.829053

-3.278036,1.919742,10.507609,16.527058,0.142746,-0.340260,-0.340274,7.720000,22.829053

-0.873436,-0.515993,9.386741,16.527058,0.155537,-0.467096,-0.172136,7.724000,22.829053

-1.043483,-2.362553,8.704160,16.553528,-0.009937,-0.470826,0.014121,7.720000,22.829053

1.224601,-0.738730,8.871811,16.532940,-0.122650,-0.457503,0.277919,7.716000,11.377723

1.979032,0.679122,10.488449,16.541763,0.011647,-0.144943,0.518801,7.712000,11.377723

1.186280,0.659962,10.486054,16.544704,0.068403,-0.132419,0.595809,7.704000,11.377723

0.654586,0.149823,9.580737,16.544704,0.071068,-0.044220,0.466841,7.704000,11.377723

-0.827931,1.234766,9.839399,16.527058,0.066005,-0.053280,0.401025,7.700000,11.377723

-0.190856,1.919742,10.751902,16.547646,-0.003808,-0.066603,0.339472,7.692000,11.377723

1.397042,3.675291,8.622729,16.556469,0.051616,0.054904,0.320020,7.696000,11.377723

0.985099,2.990316,7.561735,16.556469,0.070802,0.022929,0.323751,7.700000,11.377723

-1.661398,2.808294,8.668234,16.524117,0.006851,0.022929,0.262198,7.700000,11.377723

-1.254244,2.757999,9.341235,16.529999,0.026835,-0.010646,0.152415,7.696000,11.377723

-0.794401,3.062166,9.346025,16.532940,0.047619,-0.014376,-0.000801,7.696000,11.377723

0.709672,3.426209,8.143725,16.532940,-0.019263,-0.051681,-0.198782,7.700000,11.377723

0.707277,3.799832,9.544811,16.541763,0.014045,0.037051,-0.322154,7.708000,11.377723

0.120497,3.292088,9.834609,16.527058,0.018575,0.010138,-0.550513,7.704000,11.377723

1.353932,5.002132,8.035949,16.532940,-0.028855,0.039716,-0.837759,7.708000,11.377723

1.816171,2.844219,7.968888,16.529999,-0.101067,-0.081791,-0.927024,7.708000,11.377723

-0.097450,5.267980,8.450288,16.544704,-0.061630,-0.102575,-0.755422,7.712000,11.377723

0.110917,4.793766,9.904064,16.535881,-0.017131,-0.019705,-0.578491,7.720000,11.377723

1.785035,3.292088,9.422666,16.532940,-0.053636,-0.075130,-0.403692,7.716000,11.377723

3.351378,2.662198,9.506492,16.527058,0.079861,-0.105240,-0.077275,7.720000,11.377723

2.321520,-0.053754,8.960427,16.532940,0.066272,-0.023702,0.208905,7.720000,11.377723

2.089203,-1.392570,9.535232,16.529999,-0.207652,0.074889,0.289643,7.720000,11.377723

1.614989,2.468201,10.730347,16.544704,-0.014733,0.235566,0.313891,7.720000,11.377723

-1.191974,-2.015275,10.054951,16.515293,0.102244,0.298451,0.340538,7.708000,22.627350

-1.364415,-0.832135,9.729228,16.538822,0.020707,0.159624,0.422075,7.700000,22.627350

-2.336793,0.832403,9.834609,16.532940,0.007117,0.114325,0.423674,7.692000,22.627350

0.359999,1.416788,8.263476,16.532940,-0.020062,0.122586,0.535855,7.696000,22.627350

0.956359,3.902818,8.311377,16.538822,0.105975,0.193198,0.742097,7.692000,22.627350

-0.447123,2.640643,9.032277,16.538822,-0.054969,0.188935,0.822035,7.684000,22.627350

-1.057853,4.036940,8.356882,16.538822,-0.006206,0.292322,0.651499,7.696000,22.627350

0.096547,3.687266,8.416758,16.562351,-0.017930,0.276334,0.495885,7.696000,22.627350

1.574274,4.717125,7.956913,16.556469,-0.038182,0.370662,0.257934,7.704000,22.627350

-1.220714,3.442974,8.086245,16.556469,-0.109061,0.451667,-0.006396,7.704000,22.627350

-1.450636,3.941139,9.044252,16.568233,-0.035517,0.366399,-0.295508,7.704000,22.627350

-0.600404,2.856194,9.092153,16.565292,-0.092540,0.399174,-0.507346,7.704000,22.627350

-1.970355,2.784344,10.428574,16.547646,-0.052304,0.393578,-0.723980,7.708000,22.627350

-1.946405,2.525682,9.930409,16.556469,-0.102932,0.264077,-0.767413,7.712000,22.627350

-3.390602,4.513548,7.176137,16.582939,-0.050172,0.208653,-0.689073,7.712000,22.627350

-1.469796,4.245306,9.140054,16.565292,-0.049373,0.094607,-0.614730,7.712000,22.627350

-1.891320,2.944810,10.696816,16.559410,-0.001676,-0.004784,-0.503349,7.720000,22.627350

-3.064879,0.942574,9.386741,16.574116,-0.010736,-0.136416,-0.318158,7.720000,22.627350

-4.293524,0.688702,9.286150,16.568233,-0.053636,-0.169191,-0.155882,7.724000,22.627350

-4.497101,2.104158,11.470407,16.568233,-0.038448,-0.160398,-0.130035,7.724000,22.627350

-2.353559,0.142637,12.217653,16.562351,0.114768,-0.286967,-0.134831,7.724000,22.627350

-1.053063,0.001331,8.759245,16.571175,0.178186,-0.394885,-0.096194,7.716000,22.408515

-3.428922,-0.219010,9.664562,16.577057,0.097981,-0.455638,-0.074344,7.712000,22.408515

-0.971632,-0.132790,10.361513,16.579998,0.140082,-0.577678,-0.040504,7.704000,22.408515

1.564694,0.786898,10.042975,16.559410,-0.038182,-0.496673,0.134296,7.696000,22.408515

3.176542,0.559371,9.707673,16.574116,0.010848,-0.386091,0.281383,7.696000,22.408515

1.200651,0.394115,8.258686,16.571175,0.069469,-0.210226,0.539585,7.692000,22.408515

-0.178881,1.888607,8.495793,16.553528,0.047619,-0.072465,0.613928,7.688000,22.408515

0.431849,3.692056,9.633428,16.550587,0.022305,-0.078860,0.527061,7.692000,22.408515

1.512003,2.317315,9.379556,16.538822,-0.015266,-0.039157,0.232887,7.692000,22.408515

1.650914,2.947205,8.469448,16.541763,0.075065,0.003477,0.004262,7.692000,22.408515

-0.684230,3.809412,7.846742,16.565292,0.065206,0.051707,-0.225962,7.688000,22.408515

-2.437384,3.428604,9.302915,16.562351,-0.023526,-0.007981,-0.508145,7.696000,22.408515

-1.486561,2.501732,9.635822,16.556469,-0.049107,-0.126557,-0.481766,7.696000,22.408515

-0.763265,3.833362,9.319680,16.553528,0.035895,-0.102309,-0.366121,7.700000,22.408515

-0.969237,5.038058,8.368856,16.541763,0.036161,-0.084722,-0.292311,7.708000,22.408515

0.307308,2.623878,8.380832,16.547646,0.008183,-0.189176,-0.192121,7.708000,22.408515

0.908458,3.457345,7.839557,16.544704,-0.089609,-0.228878,-0.054626,7.708000,22.408515

1.816171,5.485926,9.944780,16.544704,-0.000077,-0.122293,0.031441,7.712000,22.408515

3.159777,3.818992,9.187954,16.547646,-0.026191,-0.020238,-0.007196,7.716000,22.408515

2.714303,2.322105,7.904223,16.553528,-0.042445,0.030390,0.066881,7.720000,22.408515

1.780245,2.772369,7.631191,16.553528,-0.077085,0.090344,0.182259,7.712000,22.408515

1.595829,0.157008,9.238249,16.550587,-0.148231,0.271805,0.186789,7.716000,22.408515

1.967057,0.391720,10.059741,16.553528,-0.277198,0.474050,0.191852,7.716000,22.408515

0.577946,1.591624,11.072834,16.535881,-0.102932,0.573174,0.133763,7.712000,22.134824

-0.219596,1.637130,10.696816,16.544704,-0.100267,0.464457,-0.032510,7.716000,22.134824

0.494120,0.346214,10.555510,16.544704,-0.013933,0.478046,-0.235021,7.712000,22.134824

-2.315238,-1.394965,9.834609,16.521175,0.077463,0.517749,-0.380776,7.704000,22.134824

-2.834957,-0.817765,7.425219,16.550587,0.000455,0.370662,-0.377312,7.696000,22.134824

-2.569110,1.859866,9.544811,16.544704,-0.032586,0.193731,-0.555842,7.704000,22.134824

-3.045719,0.942574,9.504096,16.521175,-0.037116,0.215847,-0.828700,7.692000,22.134824

-1.419501,1.893397,10.023815,16.535881,0.003120,0.075955,-0.901710,7.700000,22.134824

-1.694928,3.071746,8.646679,16.529999,0.109972,0.086347,-0.829233,7.696000,22.134824

-1.936825,2.868170,9.369975,16.518234,0.013512,-0.041289,-0.745563,7.700000,22.134824

-1.160839,2.817874,9.077783,16.521175,0.011913,-0.129222,-0.616862,7.700000,22.134824

0.175582,4.216566,8.862231,16.532940,0.097448,-0.191840,-0.498286,7.696000,22.134824

0.546810,4.336317,9.295730,16.521175,0.125959,-0.188110,-0.211573,7.704000,22.134824

0.199532,5.246424,8.596384,16.524117,0.026835,-0.170257,-0.015190,7.700000,22.134824

-2.779872,1.570069,8.593988,16.527058,0.180051,-0.147607,0.047962,7.704000,22.134824

-2.506840,1.491034,8.716135,16.524117,-0.072822,-0.266983,0.124170,7.712000,22.134824

-2.566715,5.279954,9.686118,16.521175,-0.153826,-0.214490,0.392764,7.712000,22.134824

-0.619564,3.179522,11.032119,16.515293,0.057478,-0.270180,0.510541,7.708000,22.134824

-1.848209,3.222633,8.146120,16.541763,0.173123,-0.118563,0.726642,7.712000,22.134824

-3.567833,2.089788,8.318562,16.524117,-0.029388,-0.299225,0.802850,7.712000,22.134824

-4.413275,0.418065,9.928015,16.535881,-0.111725,-0.297626,0.734369,7.712000,22.134824

-4.909044,0.734207,11.051279,16.521175,-0.042978,-0.209427,0.638443,7.712000,22.134824

-3.268456,2.204749,9.274175,16.535881,0.108639,-0.233408,0.594477,7.712000,22.301017

-1.503326,0.937784,9.425060,16.524117,0.125426,-0.332266,0.487359,7.716000,22.301017

-2.458939,-0.269306,10.148356,16.521175,0.027901,-0.412205,0.497484,7.704000,22.301017

-2.226622,-1.179413,9.918435,16.532940,-0.041379,-0.425794,0.464443,7.704000,22.301017

1.341957,0.164193,10.641730,16.535881,-0.037915,-0.388490,0.394363,7.704000,22.301017

2.834054,-1.593752,9.468171,16.509411,0.011114,-0.444713,0.317355,7.700000,22.301017

0.898878,-0.451327,8.023974,16.515293,0.149142,-0.040756,0.661359,7.688000,22.301017

0.132472,1.644315,9.968730,16.500587,-0.034451,0.005875,0.804715,7.692000,22.301017

0.903668,2.346056,9.343630,16.488823,0.009782,0.055703,0.638176,7.692000,22.301017

2.920275,4.135135,8.929292,16.503529,0.089720,0.056236,0.543849,7.684000,22.301017

1.250946,2.884935,8.816726,16.500587,-0.027257,0.144169,0.583019,7.688000,22.301017

0.690511,3.941139,6.704318,16.518234,0.115034,0.267275,0.328813,7.688000,22.301017

-1.467401,2.750814,9.729228,16.509411,-0.064295,0.275269,0.018385,7.692000,22.301017

-1.294960,3.598651,9.784313,16.506470,-0.080283,0.201192,-0.095395,7.688000,22.301017

-0.581244,4.427328,8.536509,16.488823,-0.053903,0.197195,-0.287514,7.692000,22.301017

-1.036298,2.080208,10.876443,16.515293,-0.070157,0.146834,-0.503349,7.700000,22.301017

-0.717760,3.960299,8.196416,16.488823,0.025769,0.023994,-0.612066,7.704000,22.301017

-1.524882,5.833204,9.214299,16.509411,-0.051771,-0.175053,-0.596611,7.708000,22.301017

-0.008834,1.550909,10.318403,16.500587,0.020973,-0.180915,-0.516939,7.712000,22.301017

-0.437543,3.474110,9.997471,16.515293,-0.108794,-0.150006,-0.455386,7.720000,22.301017

2.024537,4.745865,9.590317,16.500587,-0.217777,-0.214756,-0.351732,7.720000,22.301017

3.511845,4.015384,9.621452,16.506470,0.109439,-0.151071,-0.297640,7.720000,22.301017

4.108204,4.305182,9.695698,16.512352,0.138483,-0.078594,-0.214770,7.716000,22.301017

2.723883,1.471873,9.760364,16.509411,0.098514,-0.009047,-0.018387,7.720000,22.301017

2.510726,-0.199850,9.334050,16.500587,-0.086411,0.029324,0.212636,7.720000,22.301017

0.661771,0.715047,10.581855,16.491764,-0.110659,0.166552,0.293107,7.724000,22.301017

2.422111,1.457503,11.848821,16.497646,-0.280662,0.231036,0.301368,7.712000,22.301017

-2.085316,-2.489489,11.099179,16.500587,-0.169814,0.334690,0.493754,7.712000,22.301017

-2.279313,-0.504018,10.016630,16.509411,0.128890,0.234766,0.279784,7.708000,22.301017

-2.360744,0.674332,9.312495,16.494705,0.085191,0.190001,-0.078608,7.696000,22.301017

-0.897387,1.079090,8.878996,16.494705,-0.010469,0.135909,-0.185459,7.704000,22.301017

-0.178881,3.002291,8.744875,16.491764,-0.042179,0.149498,-0.144424,7.700000,22.301017

-0.408803,2.171219,9.899275,16.491764,-0.024858,0.140705,-0.182528,7.696000,22.301017

-0.104635,3.531590,9.017907,16.488823,0.004452,0.164154,-0.188390,7.700000,22.301017

0.585131,3.126832,8.979588,16.485882,-0.032053,0.135909,-0.038905,7.696000,22.301017

1.464103,4.434513,8.989167,16.494705,0.065739,0.176411,0.090862,7.700000,22.301017

-0.439938,3.294483,9.116103,16.503529,-0.036583,0.240362,0.231288,7.700000,22.301017

-0.732130,3.874078,8.615544,16.497646,0.019374,0.258215,0.331744,7.708000,22.301017

-0.303422,5.002132,6.759404,16.500587,0.098247,0.280065,0.392231,7.712000,22.301017

-0.861461,3.627391,8.572433,16.485882,-0.080016,0.357605,0.484427,7.712000,22.301017

-3.079249,2.264625,11.750625,16.482941,-0.097070,0.409299,0.451386,7.712000,22.301017

-2.583480,2.101763,11.137500,16.477058,-0.054702,0.438077,0.348532,7.716000,22.301017

-3.747460,2.810689,10.943503,16.477058,-0.009670,0.584099,0.119907,7.724000,22.301017

-3.436107,4.544683,9.164003,16.480000,-0.006739,0.471651,-0.154017,7.728000,22.301017

-3.862421,2.777159,6.598937,16.477058,0.178985,0.345881,-0.421012,7.728000,22.301017

-6.439462,-0.403427,9.932805,16.471176,-0.051505,0.163621,-0.625122,7.724000,11.166433

-6.652618,-1.083612,12.232023,16.477058,0.078529,-0.060474,-0.685609,7.724000,11.166433

-6.101764,-1.371015,8.479028,16.482941,0.026302,-0.247797,-0.717052,7.720000,11.166433

-3.759435,-0.935121,9.171188,16.482941,-0.040047,-0.377032,-0.647772,7.716000,11.166433

-2.015861,-1.268029,10.747111,16.491764,0.007650,-0.412205,-0.507079,7.712000,11.166433

-1.505722,-0.815370,10.375883,16.482941,0.209895,-0.503335,-0.467110,7.712000,11.166433

1.507213,2.197564,9.535232,16.480000,0.051616,-0.389289,-0.268329,7.704000,11.166433

3.895048,0.058812,8.984377,16.462351,0.124627,-0.422064,-0.271260,7.708000,11.166433

2.587367,3.502850,9.470566,16.465292,0.067871,-0.117231,-0.127903,7.700000,11.166433

-1.666188,1.534144,10.289662,16.462351,-0.000344,-0.275509,0.011457,7.696000,11.166433

-1.081803,0.736602,9.813054,16.477058,0.019108,-0.306153,-0.094862,7.692000,11.166433

0.467775,5.914635,9.209509,16.465292,0.097448,-0.176918,0.032241,7.696000,11.166433

0.187557,3.359149,9.518467,16.468235,-0.091208,-0.250195,-0.022384,7.692000,11.166433

-1.077013,4.099210,9.286150,16.459410,0.075598,-0.181448,-0.060222,7.704000,11.166433

-0.255521,5.919425,6.804909,16.468235,0.095849,-0.238738,-0.111383,7.708000,11.166433

0.137262,4.106395,8.601173,16.447645,-0.057367,-0.244866,-0.100458,7.708000,11.166433

-1.390761,3.708822,10.577065,16.459410,0.038826,-0.240603,-0.082605,7.708000,11.166433

-0.574059,5.332645,9.736413,16.447645,0.084391,-0.247264,-0.084736,7.716000,11.166433

0.412689,7.210340,7.870693,16.462351,0.153405,-0.282970,-0.053027,7.716000,11.166433

2.007772,4.254886,7.736571,16.459410,0.042557,-0.361843,0.007460,7.724000,11.166433

2.699933,2.798714,9.935200,16.468235,-0.020861,-0.242735,0.091129,7.724000,11.166433

2.110758,2.492151,9.302915,16.453527,-0.040313,-0.131886,0.108982,7.724000,22.569280

3.212467,2.051468,9.784313,16.465292,-0.072555,-0.042621,0.255270,7.732000,22.569280

3.389699,2.444251,11.058464,16.456469,-0.028589,0.083948,0.380507,7.732000,22.569280

4.400397,2.571187,9.563972,16.459410,-0.059765,0.196129,0.427937,7.732000,22.569280

3.583695,2.255045,9.935200,16.456469,-0.002742,0.402371,0.561968,7.728000,22.569280

2.187399,-0.774655,8.907737,16.441763,-0.030987,0.458062,0.498816,7.724000,22.569280

1.176700,-0.525573,8.895761,16.456469,-0.123450,0.575838,0.350397,7.728000,22.569280

-1.510512,0.195328,9.358000,16.450586,-0.001676,0.602218,0.244345,7.720000,22.569280

-1.970355,0.803663,9.405901,16.462351,-0.085079,0.368797,-0.145490,7.716000,22.569280

-1.912875,0.621641,8.495793,16.447645,-0.032852,0.326962,-0.402893,7.712000,22.569280

-2.303263,1.907767,9.494516,16.438822,-0.044310,0.286993,-0.567300,7.716000,22.569280

-1.120123,1.821546,10.739926,16.459410,-0.016598,0.228638,-0.616595,7.716000,22.569280

-1.354835,2.683753,9.391530,16.435881,-0.060031,0.189201,-0.669089,7.708000,22.569280

-2.195487,2.611902,9.935200,16.438822,-0.028589,0.088478,-0.636314,7.712000,22.569280

-1.548832,3.617811,7.810817,16.447645,0.089188,0.004276,-0.686409,7.720000,22.569280

-1.934430,3.802227,9.817844,16.435881,-0.037116,-0.051148,-0.569698,7.716000,22.569280

-2.181117,2.944810,10.035790,16.447645,0.012979,-0.091917,-0.381309,7.716000,22.569280

-2.360744,4.798556,9.815449,16.447645,0.112636,-0.041555,-0.076743,7.720000,22.569280

-1.390761,5.320670,8.414362,16.459410,0.129423,-0.120428,0.312826,7.724000,22.569280

-0.784821,1.943692,8.749665,16.453527,0.101711,-0.201699,0.586483,7.724000,22.569280

-0.554899,2.817874,8.725715,16.462351,0.150207,-0.051148,0.722112,7.724000,22.569280

-3.594178,2.686148,9.168794,16.447645,0.013512,-0.012777,0.659227,7.728000,23.539910

-4.236044,2.379586,8.941267,16.447645,-0.000077,-0.042621,0.552109,7.732000,23.539910

-5.198842,1.464688,10.601015,16.441763,0.020440,-0.084189,0.342936,7.736000,23.539910

-4.602482,-0.693224,10.244158,16.444704,-0.080283,-0.208094,0.190253,7.732000,23.539910

-3.584598,0.786898,10.553115,16.444704,-0.018463,-0.209160,0.188388,7.728000,23.539910

-0.947682,0.212093,9.475356,16.441763,0.097448,-0.260854,0.205175,7.724000,23.539910

-0.940497,-1.632072,9.674143,16.453527,-0.054169,-0.294961,0.205441,7.724000,23.539910

4.685404,0.360584,9.005932,16.435881,0.019374,-0.153203,0.200112,7.716000,23.539910

0.486935,0.315079,8.941267,16.435881,0.068936,0.142304,0.097524,7.708000,23.539910

-1.021928,-0.288466,10.215417,16.441763,-0.001410,-0.109237,0.094859,7.704000,23.539910

-2.322423,0.937784,11.091994,16.435881,0.045754,-0.027433,-0.011726,7.692000,23.539910

-2.554740,2.571187,9.046648,16.447645,0.029233,-0.064471,-0.112981,7.696000,23.539910

-2.542765,1.653895,8.462263,16.427057,0.052149,-0.157733,-0.055159,7.688000,23.539910

-1.527277,0.990474,8.931686,16.432940,0.044688,-0.157999,-0.086602,7.688000,23.539910

-0.509393,3.981854,7.410849,16.418234,0.024704,-0.207828,-0.245946,7.692000,23.539910

1.040184,3.866893,8.713739,16.438822,-0.092540,-0.206762,-0.401560,7.692000,23.539910

1.143170,2.676568,10.083691,16.429998,-0.038448,-0.180649,-0.496421,7.696000,23.539910

0.451009,5.136253,9.410690,16.432940,-0.034185,-0.131087,-0.540387,7.696000,23.539910

0.474960,7.921661,9.286150,16.447645,0.097181,-0.171056,-0.543585,7.704000,23.539910

1.617384,6.719361,9.487331,16.435881,0.105442,-0.246998,-0.423410,7.708000,23.539910

0.767152,4.386612,9.609477,16.429998,0.072933,-0.239004,-0.390902,7.716000,23.539910

-0.940497,4.664434,8.859837,16.421175,0.104642,-0.318410,-0.321622,7.716000,23.539910

-0.674650,3.969878,8.119775,16.432940,0.079328,-0.390355,-0.184127,7.716000,23.539910

0.800682,3.557935,8.859837,16.421175,-0.034718,-0.427127,-0.094329,7.720000,23.539910

1.813776,3.117252,9.954360,16.432940,-0.012601,-0.324006,0.049561,7.720000,23.539910

2.613712,2.094578,8.728109,16.415293,0.076397,-0.279240,0.311760,7.720000,23.539910

3.456759,2.456226,8.847861,16.412352,-0.107728,-0.172921,0.543049,7.724000,23.539910

1.971847,2.631063,11.259645,16.429998,-0.007538,-0.021304,0.757551,7.724000,23.539910

2.544257,-0.240566,10.344748,16.438822,0.042024,0.062631,0.830562,7.720000,23.539910

3.463944,0.212093,9.999866,16.427057,-0.009670,0.174279,0.830829,7.716000,23.539910

1.112035,-0.887221,9.415481,16.424116,0.074266,0.365866,0.848415,7.716000,23.539910

0.192347,0.221673,9.626243,16.412352,0.032697,0.317903,0.779668,7.712000,23.539910

-1.730853,0.259993,9.616662,16.412352,0.002321,0.392778,0.599006,7.700000,23.539910

-1.206344,2.932835,9.367580,16.403528,0.094783,0.372261,0.361055,7.708000,23.539910

-0.593219,3.107671,8.510163,16.400587,-0.071756,0.375458,0.146553,7.704000,23.539910

-0.947682,2.796319,9.755573,16.394705,0.026036,0.389314,0.076740,7.708000,23.539910

-0.849486,5.354200,8.469448,16.409410,0.068137,0.352543,-0.025582,7.716000,23.539910

1.071320,5.193734,9.185558,16.421175,-0.133042,0.265409,-0.112448,7.712000,23.539910

1.401832,2.089788,9.889694,16.424116,-0.042445,0.398641,-0.118844,7.712000,23.539910

-0.655490,4.357872,8.306586,16.424116,0.013512,0.408766,-0.056491,7.716000,23.539910

-0.966842,3.023846,9.178373,16.412352,-0.245223,0.400506,-0.043968,7.724000,23.539910

-1.647028,2.144874,11.475198,16.409410,-0.115456,0.469786,-0.094862,7.720000,23.539910

-0.703390,3.308853,8.610754,16.400587,0.174455,0.467388,-0.176133,7.728000,23.539910

-2.372719,4.515944,7.889853,16.400587,-0.123183,0.458595,-0.183328,7.724000,11.357984

-2.298473,3.383099,9.516071,16.421175,-0.039514,0.307510,-0.237153,7.728000,11.357984

-3.771410,2.329290,9.525652,16.400587,0.035895,0.286993,-0.326418,7.732000,11.357984

-3.929481,2.015543,8.677814,16.418234,-0.020595,0.085281,-0.302170,7.732000,11.357984

-4.233649,0.652777,9.666958,16.409410,-0.037649,0.069826,-0.430605,7.732000,11.357984

-5.270692,0.597691,10.088481,16.394705,0.059877,-0.114566,-0.510010,7.732000,11.357984

-5.287457,-1.538666,10.854887,16.394705,0.024970,-0.297892,-0.369052,7.728000,11.357984

-3.972592,-1.426100,10.270503,16.397646,0.034563,-0.405810,-0.402893,7.720000,11.357984

-2.691256,-1.188993,9.456196,16.403528,0.117166,-0.552630,-0.353597,7.712000,11.357984

-0.732130,0.077972,9.590317,16.391764,0.123828,-0.682131,-0.237952,7.712000,11.357984

2.800524,0.619246,9.269384,16.391764,0.057745,-0.627506,-0.045300,7.708000,11.357984

4.036354,0.937784,9.702883,16.385881,0.128091,-0.519589,0.071144,7.700000,11.357984

3.875887,2.786739,9.575947,16.397646,0.089454,-0.317877,0.367717,7.696000,11.357984

2.381395,3.869288,8.651469,16.412352,0.131022,-0.241935,0.576357,7.692000,11.357984

0.656981,2.484967,9.168794,16.412352,0.148076,-0.166526,0.531325,7.696000,11.357984

1.555114,4.178246,8.004814,16.394705,0.048952,-0.153470,0.444192,7.700000,11.357984

1.308426,2.056258,9.707673,16.388823,-0.030188,-0.009580,0.362121,7.696000,11.357984

0.007931,2.283785,9.281360,16.406469,0.149142,-0.019173,0.175065,7.700000,11.357984

-1.556017,3.603441,7.497069,16.382940,0.093984,-0.066070,-0.095395,7.700000,11.357984

-2.238597,2.923255,8.040739,16.388823,-0.132243,-0.102575,-0.169738,7.700000,11.357984

-1.302145,3.608231,9.683722,16.397646,-0.078684,-0.078860,-0.159879,7.704000,11.357984

-1.915270,4.678805,10.627360,16.397646,0.020440,-0.076995,-0.261135,7.708000,11.357984

-1.139284,4.841666,8.876601,16.377058,0.082259,-0.157200,-0.313894,7.712000,22.407032

-0.545319,3.807017,8.469448,16.385881,-0.008338,-0.243267,-0.221965,7.712000,22.407032

1.071320,4.652460,9.429851,16.374117,-0.044310,-0.245932,-0.167873,7.708000,22.407032

2.098783,3.368729,9.307705,16.382940,-0.007538,-0.152404,-0.096994,7.716000,22.407032

3.780087,4.274046,8.378437,16.391764,0.006851,-0.018373,-0.076210,7.724000,22.407032

2.795734,3.672896,8.335326,16.374117,0.009782,0.085814,-0.102323,7.724000,22.407032

2.307150,2.628668,9.992681,16.377058,-0.172745,0.131112,-0.111649,7.720000,22.407032

2.812499,1.713770,11.386581,16.394705,-0.107995,0.235566,-0.019187,7.724000,22.407032

2.831659,1.754486,9.750783,16.377058,-0.079483,0.288325,0.098057,7.724000,22.407032

0.884508,0.734207,9.762758,16.400587,-0.086944,0.357872,0.039435,7.720000,22.407032

0.551600,0.389324,9.089758,16.391764,-0.046708,0.287792,-0.053294,7.716000,22.407032

1.550323,-0.616584,9.204719,16.382940,-0.035517,0.449535,-0.110317,7.712000,22.407032

-1.685348,0.065997,10.306428,16.388823,0.001521,0.265676,-0.178531,7.712000,22.407032

-3.321146,-0.733940,8.593988,16.371176,-0.012335,0.239296,-0.421012,7.704000,22.407032

-3.062484,-0.008249,9.211904,16.374117,-0.065361,-0.042888,-0.523334,7.700000,22.407032

-0.789611,2.722074,8.668234,16.371176,0.019641,-0.037292,-0.394099,7.700000,22.407032

-0.186066,2.087393,10.210628,16.388823,-0.066427,0.002144,-0.072479,7.700000,22.407032

-0.095055,2.508917,8.682605,16.388823,0.105175,-0.026633,0.128700,7.700000,22.407032

0.472565,5.085958,8.984377,16.394705,0.013512,0.043713,0.679212,7.704000,22.407032

0.810262,2.853800,8.220366,16.368235,0.040958,0.123651,0.826832,7.696000,22.407032

-0.375272,2.190379,8.057505,16.371176,-0.012068,0.212916,0.709588,7.700000,22.407032

-1.764384,3.739957,8.591594,16.368235,-0.082414,0.241428,0.626452,7.708000,22.407032

-2.300868,4.549474,8.308981,16.377058,-0.156224,0.305912,0.544914,7.700000,22.280799

-2.755922,5.011713,8.787985,16.382940,-0.039247,0.367997,0.419944,7.712000,22.280799

-0.902177,4.805741,9.233459,16.400587,-0.027257,0.159890,0.387968,7.716000,22.280799

-1.426686,3.191497,8.625124,16.365294,-0.006206,0.195863,0.341071,7.720000,22.280799

-3.610944,2.611902,9.140054,16.365294,-0.090675,0.247290,0.197181,7.720000,22.280799

-3.366652,2.899305,10.117222,16.377058,-0.012868,0.264077,0.139359,7.720000,22.280799

-4.676727,2.511312,9.846584,16.368235,-0.085345,0.193465,-0.014923,7.720000,22.280799

-5.579649,1.562884,10.581855,16.382940,0.021506,0.104999,-0.240617,7.720000,22.280799

-6.298155,0.046837,9.918435,16.368235,-0.106396,-0.059142,-0.464712,7.728000,22.280799

-3.261271,-0.357922,10.251343,16.371176,-0.081348,-0.223016,-0.611000,7.724000,22.280799

-1.112938,-1.462026,11.080019,16.371176,-0.017664,-0.317611,-0.546516,7.716000,22.280799

-0.528554,-0.015434,11.151870,16.368235,0.055080,-0.337862,-0.402893,7.716000,22.280799

1.952687,-0.597424,10.282477,16.356470,-0.017397,-0.271512,-0.281386,7.704000,22.280799

3.777692,1.895792,9.250224,16.341763,0.166995,-0.126557,-0.293110,7.700000,22.280799

0.652191,-0.616584,10.031001,16.359411,0.072400,-0.135084,-0.109517,7.696000,22.280799

-0.317792,2.494547,8.371252,16.368235,0.040691,-0.107905,-0.037573,7.692000,22.280799

0.352814,4.180641,8.522139,16.365294,0.022572,-0.124159,-0.159346,7.692000,22.280799

1.437757,1.277877,10.167517,16.359411,0.024704,-0.090851,-0.273392,7.696000,22.280799

-1.407526,2.405931,10.203442,16.350588,0.003653,0.037318,-0.346403,7.688000,22.280799

-0.983607,5.711058,8.112590,16.356470,0.132354,-0.050082,-0.637646,7.696000,22.280799

-0.044760,3.636971,7.408454,16.350588,0.030299,-0.254992,-0.875331,7.692000,22.280799

0.242643,2.235884,8.821516,16.359411,0.140082,-0.329068,-1.034142,7.700000,22.280799

-1.165629,4.063285,9.954360,16.344706,0.048152,-0.380762,-0.956602,7.704000,22.280799

-0.193251,6.513390,6.974955,16.374117,0.161399,-0.426061,-0.678948,7.700000,22.010760

-0.926127,4.947047,8.661049,16.374117,0.032964,-0.362110,-0.435135,7.704000,22.010760

-2.729577,2.803504,10.766272,16.365294,0.176587,-0.426327,-0.019720,7.712000,22.010760

-0.641119,5.347015,8.680209,16.356470,0.009515,-0.521987,0.371980,7.712000,22.010760

0.649796,5.081168,8.376042,16.329998,0.021772,-0.500137,0.644838,7.720000,22.010760

1.902391,2.506522,8.237131,16.327057,0.160599,-0.480419,0.851346,7.720000,22.010760

2.659218,4.290812,8.455077,16.362352,0.046554,-0.334131,0.782066,7.720000,22.010760

2.913090,2.549632,9.880115,16.350588,-0.026191,-0.192640,0.794590,7.728000,22.010760

3.569325,2.568792,10.457314,16.377058,-0.098935,-0.121494,0.839888,7.720000,22.010760

2.230509,1.469478,9.712463,16.347647,0.052949,0.269140,0.762614,7.720000,22.010760

2.865189,1.210816,8.316167,16.362352,-0.233765,0.270206,0.629650,7.716000,22.010760

0.228273,-0.587843,10.078901,16.347647,-0.038981,0.375725,0.490290,7.712000,22.010760

-1.738038,1.047955,9.164003,16.356470,0.108906,0.391180,0.459114,7.704000,22.010760

-1.522487,4.041729,8.912526,16.359411,-0.004874,0.135376,0.273389,7.700000,22.010760

0.834213,-0.185480,9.350815,16.347647,-0.125315,0.158292,0.405288,7.704000,22.010760

0.652191,2.707703,8.931686,16.350588,-0.004607,0.240895,0.396228,7.700000,22.010760

1.509608,6.360108,9.293335,16.344706,0.040958,0.323765,0.305631,7.700000,22.010760

2.146683,3.086117,9.013118,16.368235,-0.107195,0.334157,0.228890,7.708000,22.010760

0.288148,3.874078,8.189230,16.362352,0.043889,0.510555,0.134029,7.708000,22.010760

-1.079408,3.775882,8.936477,16.353529,-0.100534,0.430616,0.056755,7.712000,22.010760

-1.249454,3.857313,8.895761,16.347647,-0.030721,0.428751,0.013855,7.712000,22.497646

-0.578849,3.799832,7.796447,16.338821,-0.050172,0.410099,-0.034641,7.716000,22.497646

-0.351322,3.653736,8.150910,16.362352,-0.111992,0.431682,-0.097260,7.716000,22.497646

-1.400341,4.896751,8.534113,16.341763,0.028701,0.393844,-0.170271,7.724000,22.497646

-1.972750,2.853800,8.404782,16.341763,-0.059765,0.337088,-0.264599,7.724000,22.497646

-4.080368,2.269415,10.208232,16.353529,-0.092273,0.286193,-0.346136,7.728000,22.497646

-4.269574,2.044283,10.275292,16.338821,-0.096270,0.217713,-0.409554,7.732000,22.497646

-4.300709,2.401141,10.629756,16.347647,0.048952,0.135109,-0.439931,7.732000,22.497646

-6.506522,-0.259726,9.860954,16.338821,0.028168,0.058635,-0.490292,7.728000,22.497646

-4.154613,0.391720,8.993958,16.341763,0.022838,-0.334931,-0.499618,7.728000,22.497646

-4.049232,-0.693224,10.201047,16.338821,0.035895,-0.464431,-0.465511,7.728000,22.497646

-2.549950,-2.329023,11.695539,16.365294,-0.036849,-0.489479,-0.316026,7.724000,22.497646

-2.468519,-0.750705,11.194981,16.347647,0.128357,-0.491078,-0.139894,7.716000,22.497646

2.462826,0.643197,10.478869,16.338821,0.158201,-0.603525,-0.045300,7.708000,22.497646

1.895206,0.327054,9.920830,16.329998,0.173656,-0.481751,0.058087,7.708000,22.497646

3.566930,2.549632,8.162886,16.347647,0.065739,-0.503068,0.154014,7.700000,22.497646

3.325033,1.862262,8.050320,16.356470,0.145411,-0.307485,0.264862,7.704000,22.497646

-0.545319,1.778436,9.223879,16.338821,0.192575,-0.157733,0.284314,7.700000,22.497646

-0.648305,3.533985,9.623847,16.347647,-0.135174,-0.202765,0.119640,7.704000,22.497646

2.086808,3.248978,8.045529,16.356470,-0.071489,-0.124958,0.004795,7.704000,22.497646

1.859281,5.325460,8.308981,16.335880,0.014578,-0.027699,-0.043435,7.708000,22.497646

0.130077,4.367452,9.614267,16.350588,-0.057367,0.014935,-0.140427,7.708000,22.497646

-0.521369,3.780672,8.558064,16.347647,0.072134,-0.055678,-0.200648,7.708000,22.776067

-0.471073,5.011713,8.349697,16.368235,0.034563,-0.092983,-0.232890,7.708000,22.776067

-1.761989,4.372242,8.780800,16.347647,-0.014999,-0.102842,-0.197716,7.712000,22.776067

-1.845814,3.184312,8.768826,16.338821,-0.013933,-0.117764,-0.122308,7.716000,22.776067

-0.861461,3.783067,8.574828,16.332939,-0.058966,-0.112168,-0.189456,7.728000,22.776067

-0.255521,5.988880,9.420271,16.362352,-0.071756,-0.066336,-0.115380,7.732000,22.776067

0.879718,3.610626,9.262199,16.350588,-0.027523,-0.065803,-0.021052,7.732000,22.776067

-0.130980,3.440579,10.083691,16.332939,-0.021927,-0.095381,0.071411,7.732000,22.776067

2.302360,2.506522,8.936477,16.344706,-0.006739,-0.102842,0.142556,7.736000,22.776067

3.820802,0.624036,10.145962,16.359411,-0.025125,0.061566,0.094859,7.732000,22.776067

3.396883,1.071905,10.119617,16.332939,-0.067226,0.125250,0.067680,7.728000,22.776067

2.453246,0.444410,10.555510,16.350588,-0.069358,0.235566,-0.039438,7.732000,22.776067

2.417320,0.410880,10.562695,16.347647,0.100112,0.219311,-0.207576,7.724000,22.776067

-0.274681,0.487520,8.991562,16.344706,0.172057,0.162022,-0.152151,7.724000,22.776067

0.053436,-1.639257,9.726833,16.329998,-0.132243,0.070359,0.115377,7.716000,22.776067

-3.407367,0.142637,9.813054,16.335880,0.084391,0.289391,0.304565,7.716000,22.776067

-2.978658,2.207144,8.673024,16.338821,0.093184,0.111661,0.372513,7.712000,22.776067

0.307308,2.142479,9.037067,16.347647,0.077996,0.031988,0.481230,7.700000,22.776067

0.494120,1.965247,8.344907,16.344706,0.014844,0.059434,0.654431,7.704000,22.776067

-1.364415,3.141202,8.970007,16.338821,-0.053103,0.159890,0.644305,7.708000,22.776067

0.024696,2.932835,9.185558,16.350588,-0.065361,0.215847,0.527594,7.712000,22.776067

0.932408,3.440579,8.665839,16.350588,-0.030721,0.338687,0.562501,7.708000,23.332252

-0.226781,2.631063,9.631032,16.344706,-0.034185,0.362935,0.644038,7.708000,23.332252

-0.387247,3.294483,8.663445,16.350588,-0.045909,0.435412,0.531591,7.708000,23.332252

-0.638724,5.107513,7.568920,16.344706,-0.001410,0.510821,0.448988,7.712000,23.332252

0.067806,4.491993,8.126960,16.335880,-0.012068,0.556386,0.295239,7.720000,23.332252

-1.733248,3.124437,9.484936,16.344706,-0.122650,0.608347,0.193983,7.720000,23.332252

-1.675768,4.300392,8.970007,16.335880,-0.034984,0.571042,-0.244614,7.732000,23.332252

-4.394115,3.043006,9.075388,16.329998,-0.087744,0.480978,-0.506280,7.728000,23.332252

-3.488798,2.051468,9.837004,16.329998,-0.110126,0.351477,-0.693070,7.732000,23.332252

-4.889884,0.794083,10.117222,16.324116,-0.106929,0.245425,-0.733040,7.728000,23.332252

-5.131781,1.421578,8.481422,16.353529,-0.046442,0.031455,-0.782868,7.732000,23.332252

-4.978500,-1.598542,10.248947,16.344706,-0.108794,-0.143610,-0.834029,7.724000,23.332252

-4.133058,-0.592633,10.490845,16.347647,-0.070690,-0.273911,-0.832164,7.728000,23.332252

-2.559530,0.245623,11.139894,16.341763,0.064939,-0.415402,-0.738369,7.724000,23.332252

-1.757199,-0.434562,10.330379,16.347647,0.133420,-0.528915,-0.665625,7.720000,23.332252

1.500028,-0.609399,10.311218,16.353529,0.070002,-0.760471,-0.665358,7.716000,23.332252

2.357445,-0.753100,10.397439,16.335880,0.108639,-0.550232,-0.663759,7.704000,23.332252

2.831659,5.428446,9.551997,16.353529,0.096648,-0.394618,-0.561971,7.708000,23.332252

1.181490,3.002291,7.868298,16.335880,0.195506,-0.506266,-0.250476,7.700000,23.332252

-0.856671,1.435948,9.142448,16.347647,0.329803,-0.469761,-0.209707,7.700000,23.332252

-0.554899,3.052586,8.922107,16.350588,0.129690,-0.470027,-0.307233,7.708000,23.332252

-0.068710,3.833362,8.340117,16.350588,0.132088,-0.482817,-0.217968,7.708000,23.332252

-1.156049,3.548355,7.547365,16.332939,0.087322,-0.424195,-0.025848,7.704000,22.635466

-1.481771,2.822664,8.871811,16.353529,-0.000610,-0.406875,0.074608,7.704000,22.635466

0.316888,4.451278,9.516071,16.335880,0.148875,-0.400747,0.179061,7.708000,22.635466

1.550323,6.247542,8.426337,16.341763,0.198437,-0.472159,0.337607,7.708000,22.635466

0.189952,4.889566,7.894643,16.332939,0.016177,-0.283503,0.577423,7.724000,22.635466

1.370697,5.279954,8.905341,16.335880,0.004452,-0.076728,0.445790,7.724000,22.635466

0.144447,3.869288,10.256132,16.341763,-0.016065,0.017599,0.321619,7.728000,22.635466

-0.413593,1.893397,9.238249,16.332939,0.017776,-0.072731,0.199846,7.736000,22.635466

-1.632658,3.950719,9.068203,16.335880,-0.031520,-0.009047,-0.027447,7.736000,22.635466

0.546810,1.189261,9.353210,16.350588,-0.049107,-0.034361,-0.079674,7.732000,22.635466

2.975360,2.722074,10.754296,16.335880,-0.098402,0.008540,0.103386,7.728000,22.635466

2.012562,2.587952,10.052556,16.332939,0.062808,0.157492,0.258467,7.732000,22.635466

3.231627,0.221673,9.777128,16.350588,0.201368,0.204656,0.237950,7.736000,22.635466

3.183727,0.667147,8.021579,16.332939,-0.000344,0.178010,0.322951,7.728000,22.635466

3.157382,-1.658417,9.039463,16.324116,-0.159688,0.349345,0.379708,7.720000,22.635466

-0.511788,-1.021342,11.278806,16.353529,0.059610,0.447403,0.366651,7.724000,22.635466

-1.721273,1.692215,10.622570,16.344706,0.012180,0.520680,0.191852,7.716000,22.635466

-0.305817,1.759276,9.460986,16.344706,0.060942,0.399707,0.014654,7.712000,22.635466

-0.059130,1.117410,9.094548,16.341763,0.079328,0.321633,0.014921,7.712000,22.635466

-1.936825,2.496942,9.049043,16.335880,-0.044843,0.288325,-0.002932,7.712000,22.635466

-1.314120,3.201077,8.371252,16.338821,0.003653,0.252619,-0.129769,7.716000,22.635466

-1.362020,4.199801,8.114985,16.350588,-0.024592,0.303780,-0.162810,7.712000,23.377543

-0.169301,2.872960,9.381950,16.344706,-0.134375,0.228904,0.048495,7.720000,23.377543

0.340838,3.783067,10.222602,16.356470,-0.088543,0.328295,0.216100,7.720000,23.377543

-1.141679,3.363939,8.617939,16.350588,-0.103998,0.341884,0.365852,7.724000,23.377543

0.585131,3.991434,9.894485,16.338821,-0.033119,0.431682,0.539852,7.724000,23.377543

-0.291447,3.543565,8.546088,16.347647,-0.028322,0.507091,0.453784,7.732000,23.377543

-1.175209,4.597374,9.274175,16.341763,-0.016598,0.594757,0.209438,7.732000,23.377543

-2.130822,2.851404,8.670630,16.341763,-0.110926,0.559318,-0.090066,7.736000,23.377543

-2.578690,4.092025,9.104128,16.341763,-0.015532,0.523345,-0.381576,7.732000,23.377543

-4.552186,2.180799,8.701765,16.341763,-0.131177,0.531605,-0.509744,7.740000,23.377543

-3.395392,2.537657,10.311218,16.344706,-0.119719,0.369330,-0.771943,7.736000,23.377543

-5.112621,-0.106445,10.356724,16.315292,0.072933,0.258215,-0.954736,7.736000,23.377543

-6.269415,-0.556708,10.967453,16.321175,-0.004341,0.037318,-1.064785,7.740000,23.377543

-5.213212,-1.433285,10.026211,16.324116,0.062008,-0.285369,-1.169505,7.736000,23.377543

-3.881581,-2.573315,11.324311,16.335880,0.001788,-0.530248,-1.211340,7.736000,23.377543

-1.093778,-1.538666,10.133986,16.347647,0.027102,-0.442315,-1.148988,7.724000,23.377543

-1.656608,1.009634,10.466894,16.327057,0.320743,-0.480686,-1.070115,7.720000,23.377543

0.747992,0.604876,9.619058,16.332939,0.213892,-0.629105,-0.867603,7.712000,23.377543

3.231627,-0.626164,7.394083,16.335880,0.218955,-0.687460,-0.652035,7.708000,23.377543

2.357445,3.196287,9.044252,16.347647,0.098514,-0.478820,-0.471107,7.712000,23.377543

-0.363297,2.662198,9.609477,16.335880,0.216823,-0.508931,-0.280320,7.700000,23.377543

-0.655490,3.993829,8.354486,16.347647,0.219488,-0.638964,-0.095928,7.708000,23.335702

0.374369,4.633299,9.403505,16.332939,0.170991,-0.575280,0.096458,7.708000,23.335702

-0.856671,3.996224,8.469448,16.350588,0.208829,-0.565954,0.250207,7.712000,23.335702

-0.607589,4.415352,7.300678,16.347647,0.207763,-0.542238,0.309628,7.712000,23.335702

-1.996701,3.613021,7.748547,16.318233,0.071601,-0.540906,0.394896,7.716000,23.335702

-1.364415,2.920860,9.937595,16.353529,0.090520,-0.492676,0.496951,7.712000,23.335702

-1.453031,4.602164,10.033396,16.338821,0.055080,-0.437785,0.455383,7.720000,23.335702

-0.269891,3.215447,9.556787,16.356470,0.097181,-0.456171,0.317622,7.728000,23.335702

0.173187,5.387731,7.568920,16.353529,0.242403,-0.383960,0.245944,7.728000,23.335702

0.922828,5.004527,8.011999,16.347647,-0.012868,-0.418600,0.197447,7.728000,23.335702

2.235299,4.439303,8.756850,16.365294,0.096382,-0.378630,0.353328,7.732000,23.335702

2.460431,2.611902,9.916039,16.353529,-0.016865,-0.293895,0.611530,7.732000,23.335702

3.940553,-0.005854,8.838281,16.379999,-0.004074,-0.269114,0.781267,7.736000,23.335702

2.565812,2.954390,10.153147,16.377058,0.018308,-0.019439,0.873729,7.736000,23.335702

3.856727,2.904095,8.567643,16.371176,-0.050439,0.107664,0.900109,7.732000,23.335702

2.261644,-0.614189,9.369975,16.353529,-0.049906,0.262478,0.796721,7.732000,23.335702

1.713185,1.320987,10.155541,16.374117,0.189111,0.266742,0.616859,7.732000,23.335702

1.181490,-1.785353,8.467052,16.385881,-0.015532,0.375192,0.572627,7.736000,23.335702

0.154027,-1.466816,11.130315,16.371176,-0.230301,0.292589,0.637910,7.720000,23.335702

0.156422,-1.907499,11.640453,16.394705,-0.133309,0.483109,0.734902,7.716000,23.335702

-2.078131,0.341424,10.083691,16.397646,0.074532,0.538534,0.727175,7.712000,23.335702

-1.249454,1.426368,8.227551,16.377058,0.077463,0.476714,0.503080,7.716000,23.177678

-0.576454,3.704032,7.492280,16.406469,0.091053,0.391713,0.346666,7.708000,23.177678

-1.745224,6.848692,9.698093,16.403528,0.148076,0.528141,0.390366,7.712000,23.177678

-3.225345,4.254886,9.623847,16.418234,-0.051238,0.339486,0.328547,7.716000,23.177678

-0.495023,3.457345,7.274333,16.406469,0.099313,0.372261,0.176130,7.728000,23.177678

-0.619564,5.464371,9.298124,16.409410,-0.024059,0.379722,0.156679,7.724000,23.177678

0.975519,2.987921,9.266990,16.418234,-0.074687,0.384518,0.199313,7.728000,23.177678

0.918038,3.447764,8.977192,16.421175,0.059344,0.506558,0.115910,7.732000,23.177678

1.073714,4.345897,7.959308,16.409410,-0.037915,0.518282,-0.035974,7.736000,23.177678

0.386344,5.009317,8.962822,16.418234,0.007117,0.586230,-0.049297,7.740000,23.177678

-0.483048,4.281231,8.735295,16.438822,-0.007272,0.568644,-0.119909,7.740000,23.177678

-1.378785,2.705308,8.783195,16.418234,-0.021927,0.613942,-0.279254,7.740000,23.177678

-3.850446,1.196446,9.240644,16.412352,-0.100001,0.539599,-0.351199,7.744000,23.177678

-5.294642,1.723350,10.696816,16.421175,-0.090142,0.452733,-0.493756,7.744000,23.177678

-5.641920,1.857471,10.038186,16.427057,-0.081615,0.282729,-0.680280,7.748000,23.177678

-4.911439,-0.293256,11.379396,16.418234,0.006851,-0.047418,-0.869202,7.744000,23.177678

-2.851722,-1.517111,9.894485,16.435881,0.159267,-0.299757,-1.029346,7.740000,23.177678

-3.685189,-1.991325,9.566367,16.438822,-0.026457,-0.352784,-1.015223,7.740000,23.177678

-0.281867,-3.610358,8.948452,16.429998,0.060676,-0.664278,-0.885190,7.724000,23.177678

-0.413593,0.468360,9.604687,16.435881,0.068936,-0.297892,-0.805251,7.720000,23.177678

0.587526,-0.128000,9.547207,16.415293,0.084658,-0.433522,-0.702663,7.724000,23.177678

-0.521369,0.798873,9.669353,16.412352,0.101445,-0.399947,-0.423677,7.712000,23.821093

-2.221832,1.165311,9.154424,16.412352,0.176054,-0.448976,-0.268329,7.712000,23.821093

-1.146469,2.583162,9.175979,16.418234,0.086523,-0.491610,-0.165208,7.712000,23.821093

0.908458,4.099210,9.039463,16.427057,0.103843,-0.451108,-0.090599,7.712000,23.821093

1.262921,4.827296,7.710226,16.432940,0.151540,-0.429258,0.035438,7.712000,23.821093

-0.042365,3.665711,9.226274,16.412352,0.004452,-0.426860,0.163873,7.716000,23.821093

-1.412316,3.617811,8.972402,16.409410,0.181650,-0.385825,0.306164,7.720000,23.821093

-0.212411,4.913517,8.917316,16.424116,0.058544,-0.415935,0.282982,7.720000,23.821093

0.918038,2.276600,9.532837,16.427057,0.021240,-0.421264,0.290176,7.720000,23.821093

-0.703390,6.242753,7.961703,16.418234,0.151273,-0.301356,0.317888,7.724000,23.821093

0.939593,4.590189,9.870534,16.421175,-0.062696,-0.187577,0.154547,7.732000,23.821093

-0.198041,4.525523,9.123288,16.418234,0.033497,-0.064738,0.205175,7.732000,23.821093

-1.486561,2.343660,9.310100,16.415293,-0.079483,-0.181715,0.169202,7.736000,23.821093

1.325192,3.186707,9.372371,16.429998,0.037494,-0.133218,0.218764,7.740000,23.821093

2.082018,2.607113,9.437036,16.429998,-0.042179,-0.133751,0.314424,7.736000,23.821093

3.214862,2.655013,8.443103,16.412352,-0.149030,0.042913,0.365585,7.736000,23.821093

1.950292,1.318592,10.608200,16.415293,-0.107995,0.183339,0.476434,7.744000,23.821093

2.814894,2.372401,10.423784,16.421175,-0.063762,0.212650,0.454317,7.740000,23.821093

0.944383,1.512589,10.464499,16.409410,0.023904,0.348279,0.371181,7.732000,23.821093

1.823356,0.305499,8.591594,16.427057,-0.032586,0.283795,0.316556,7.732000,23.821093

0.221088,-0.597424,9.274175,16.429998,0.032165,0.508690,0.228357,7.732000,23.821093

-0.708180,-0.410612,9.856164,16.432940,0.047353,0.304846,0.176663,7.724000,23.821093

-2.334398,-0.293256,9.336445,16.429998,-0.154359,0.330959,0.043699,7.724000,23.821093

-2.444569,1.174891,8.670630,16.447645,-0.035783,0.188135,0.066348,7.716000,23.821093

0.348024,1.572464,8.150910,16.418234,-0.050705,0.101002,0.095126,7.716000,23.821093

-0.341742,3.428604,9.281360,16.427057,0.031898,0.204123,0.074608,7.716000,23.821093

-1.084198,3.519615,9.322075,16.421175,-0.028855,0.265676,0.030908,7.720000,23.821093

-1.589547,2.568792,8.704160,16.429998,-0.070956,0.231835,0.040767,7.728000,23.821093

-0.032785,3.708822,9.786709,16.429998,-0.013401,0.240095,0.080204,7.728000,23.821093

-0.423173,2.719678,9.396320,16.447645,-0.039780,0.283795,0.203842,7.728000,23.821093

-0.863856,3.529195,8.768826,16.450586,0.025237,0.284595,0.358657,7.732000,23.821093

-1.134493,4.278836,8.170071,16.450586,-0.056567,0.309642,0.475634,7.732000,23.821093

-1.601522,4.072865,9.358000,16.450586,-0.020595,0.347480,0.531058,7.740000,23.821093

-1.517697,3.430999,8.938871,16.468235,-0.032319,0.328561,0.425006,7.744000,23.821093

-3.117570,3.452554,10.050160,16.456469,-0.040047,0.346947,0.241414,7.744000,23.821093

-4.063602,3.426209,9.587922,16.438822,0.097981,0.341351,0.123371,7.744000,23.821093

-2.094896,2.214329,10.208232,16.459410,0.048152,-0.167592,-0.275524,7.752000,23.821093

-1.534462,1.064720,9.626243,16.459410,-0.006473,-0.323206,-0.200914,7.748000,23.821093

1.028209,-0.690829,10.009445,16.447645,0.009782,-0.450042,-0.035441,7.740000,23.821093

0.261803,-0.343551,8.831096,16.435881,0.168860,-0.142545,0.046363,7.740000,23.821093

0.060621,-2.067966,9.896879,16.456469,0.061742,-0.306952,-0.012792,7.732000,23.821093

1.255736,-1.888339,9.939990,16.465292,-0.109860,-0.112967,-0.047165,7.732000,11.788080

1.914366,0.863538,8.680209,16.441763,0.007916,-0.128955,-0.272859,7.716000,11.788080

0.527650,1.330567,10.397439,16.459410,0.021506,0.006141,-0.277655,7.716000,11.788080

-1.809889,0.228858,9.540022,16.462351,-0.024059,0.026926,-0.331481,7.716000,11.788080

-3.052904,2.959180,9.087363,16.450586,0.036161,0.063964,-0.499618,7.720000,11.788080

-1.421896,1.143756,9.283754,16.435881,-0.019529,-0.159598,-0.611799,7.720000,11.788080

-1.132098,3.454949,8.838281,16.424116,0.086523,-0.172655,-0.561171,7.716000,11.788080

-2.559530,2.875355,9.101733,16.450586,0.030033,-0.271779,-0.464978,7.720000,11.788080

-0.966842,2.805899,9.956755,16.450586,0.075598,-0.390355,-0.373582,7.716000,11.788080

0.383949,4.896751,8.416758,16.435881,0.084125,-0.478287,-0.112448,7.720000,11.788080

0.194742,5.603282,8.225156,16.441763,0.137684,-0.431923,0.047962,7.724000,11.788080

0.951569,5.179364,9.096943,16.453527,-0.002476,-0.420731,0.111114,7.728000,11.788080

1.248551,4.628509,9.942385,16.450586,0.034563,-0.305620,0.134562,7.732000,11.788080

1.624569,6.139767,9.017907,16.453527,0.068670,-0.171056,0.022648,7.736000,11.788080

0.539625,3.993829,10.136381,16.429998,0.036428,-0.148140,0.041833,7.740000,11.788080

2.405345,3.783067,7.633585,16.432940,-0.109860,-0.180116,-0.002133,7.740000,11.788080

2.137103,3.213053,10.327983,16.444704,-0.098136,-0.056211,-0.073279,7.748000,11.788080

4.215980,3.560330,11.192585,16.459410,-0.138904,-0.059941,-0.180663,7.740000,11.788080

4.512963,3.126832,10.021420,16.462351,0.033763,0.135109,-0.051162,7.744000,11.788080

2.192189,1.332962,9.037067,16.465292,-0.057900,0.113526,0.219830,7.744000,11.788080

-0.164511,-1.112353,11.017749,16.459410,-0.121851,0.190533,0.236351,7.740000,11.788080

1.610199,-0.757890,10.268107,16.462351,-0.024326,0.251553,0.207040,7.740000,11.788080

-0.085475,0.025282,8.965217,16.456469,0.050817,0.279532,0.244345,7.736000,11.788080

-0.681835,-0.717175,8.974797,16.462351,-0.146632,0.234766,0.339205,7.728000,11.788080

-2.169142,-0.001064,10.347143,16.465292,-0.010469,0.270472,0.321352,7.728000,11.788080

-1.069828,2.278995,9.669353,16.465292,0.094517,0.248622,0.261931,7.724000,11.788080

0.338444,1.886212,8.977192,16.474117,-0.051238,0.146034,0.148951,7.720000,11.788080

1.217416,2.384376,8.768826,16.480000,0.048952,0.218778,0.226758,7.724000,11.788080

0.127682,4.197406,9.367580,16.462351,0.010315,0.268074,0.324284,7.728000,11.788080

-0.899782,1.723350,9.683722,16.465292,-0.091208,0.278200,0.331478,7.724000,11.788080

0.127682,2.932835,8.680209,16.482941,0.034296,0.276601,0.457248,7.724000,11.788080

-0.928522,3.677686,7.882668,16.474117,0.089720,0.313373,0.544115,7.728000,11.788080

-0.540529,4.156691,7.947333,16.465292,-0.013667,0.383985,0.563034,7.728000,11.788080

-3.194210,3.172337,9.020303,16.444704,0.058278,0.400772,0.225426,7.740000,11.788080

-3.771410,4.355477,8.843071,16.465292,-0.051771,0.461792,0.066081,7.748000,11.788080

-3.821705,4.350687,8.452682,16.471176,-0.043244,0.394111,-0.052761,7.740000,11.788080

-2.590665,3.919583,8.548483,16.474117,-0.016865,0.162288,-0.247811,7.740000,11.788080

-4.271969,2.410721,9.441826,16.474117,0.000189,0.105265,-0.396231,7.744000,11.788080

-6.001173,0.343819,9.906460,16.465292,-0.008604,0.029324,-0.358926,7.748000,11.788080

-4.173773,-0.731545,9.549602,16.482941,0.124893,-0.308817,-0.453254,7.748000,11.788080

-5.074301,-1.687157,9.468171,16.477058,-0.033119,-0.229411,-0.497753,7.748000,11.788080

-3.991752,-1.986535,11.123130,16.468235,-0.124782,-0.428459,-0.537723,7.740000,11.788080

-1.872159,-2.312258,10.011841,16.482941,-0.045909,-0.308284,-0.248344,7.740000,11.731194

-1.714088,-1.114748,9.872930,16.468235,-0.061630,-0.464698,-0.232890,7.732000,11.731194

1.341957,1.076695,9.987890,16.450586,0.084125,-0.341326,-0.093796,7.728000,11.731194

3.581300,0.552186,7.992838,16.468235,0.127292,-0.380762,0.045031,7.720000,11.731194

2.965780,2.413116,9.195139,16.471176,-0.132776,-0.203032,0.212369,7.720000,11.731194

0.633031,2.523287,9.923224,16.459410,0.076397,-0.143078,0.338140,7.716000,11.731194

-0.480653,3.301668,9.341235,16.465292,0.114768,-0.158532,0.318155,7.720000,11.731194

-0.674650,2.571187,9.535232,16.465292,0.013246,-0.080725,0.216366,7.716000,11.731194

-0.430358,2.975945,9.403505,16.485882,0.034296,-0.109770,0.106850,7.720000,11.731194

-0.715365,2.650223,8.316167,16.465292,0.044422,-0.029565,-0.155882,7.720000,11.731194

-1.987120,2.817874,8.347301,16.471176,0.060143,-0.169191,-0.407955,7.724000,11.731194

-0.839906,3.814203,8.201205,16.471176,0.006051,-0.199834,-0.615796,7.724000,11.731194

-1.158444,2.992711,9.429851,16.471176,0.067871,-0.143610,-0.656032,7.724000,11.731194

-1.347650,4.072865,9.439431,16.459410,0.133154,-0.252594,-0.542785,7.732000,11.731194

-0.269891,5.033267,9.604687,16.482941,0.011647,-0.313347,-0.414350,7.736000,11.731194

1.361117,4.724310,8.852651,16.488823,0.096915,-0.336796,-0.208908,7.732000,11.731194

1.133590,5.188944,8.287426,16.471176,0.132887,-0.351718,-0.049563,7.740000,11.731194

3.145406,5.097933,11.171030,16.471176,-0.037649,-0.346655,-0.061821,7.740000,11.731194

3.334613,5.016502,9.516071,16.485882,0.168327,-0.244600,-0.081805,7.748000,11.731194

3.092716,2.084998,10.500424,16.480000,-0.039247,-0.153736,-0.038638,7.744000,11.731194

2.268829,2.896910,10.931528,16.491764,0.108639,-0.058342,0.029842,7.748000,11.731194

4.395607,1.783226,9.427456,16.485882,-0.044577,-0.053546,0.040767,7.748000,11.731194

3.044816,1.201236,10.129196,16.491764,-0.149563,0.077020,0.117509,7.744000,23.176053

5.475760,0.973709,9.681328,16.488823,0.043089,0.124184,0.304032,7.736000,23.176053

2.019747,0.365374,8.126960,16.491764,0.274645,0.317103,0.378375,7.744000,23.176053

-1.012347,-1.641652,9.647798,16.500587,-0.045909,0.108729,0.375711,7.728000,23.176053

-2.209857,0.065997,10.847702,16.485882,-0.049373,0.093541,0.300835,7.724000,23.176053

-1.476981,1.342542,10.193862,16.485882,-0.013134,0.143903,0.300835,7.728000,23.176053

-0.451913,1.594019,9.508886,16.512352,0.006851,0.145501,0.313092,7.724000,23.176053

-0.432753,2.599927,8.787985,16.482941,0.052416,0.080484,0.320553,7.720000,23.176053

-0.475863,2.281390,8.986773,16.509411,-0.014466,0.135376,0.373579,7.720000,23.176053

-0.217201,3.727982,8.795171,16.506470,0.034563,0.216380,0.541717,7.720000,23.176053

-0.660280,3.019056,8.502978,16.494705,-0.082414,0.244359,0.734103,7.724000,23.176053

-1.721273,2.568792,9.817844,16.506470,0.015111,0.317903,0.782599,7.732000,23.176053

-1.857789,5.083563,9.307705,16.509411,0.109972,0.374659,0.758884,7.728000,23.176053

-2.573900,4.575819,10.150752,16.497646,-0.011269,0.258748,0.766345,7.736000,23.176053

-2.993029,4.096815,9.408296,16.491764,-0.008071,0.299517,0.758084,7.732000,23.176053

-2.375113,2.901700,8.474237,16.497646,0.000455,0.206521,0.568896,7.736000,23.176053

-2.638566,3.708822,8.629914,16.494705,-0.101067,0.250754,0.447389,7.748000,23.176053

-3.548673,3.375914,9.614267,16.485882,-0.163952,0.281664,0.320287,7.744000,23.176053

-2.794242,3.337594,9.731624,16.485882,-0.048041,0.198527,0.191585,7.744000,23.176053

-4.209699,3.028636,9.741203,16.500587,0.042823,0.207321,0.010124,7.752000,23.176053

-3.785780,1.541329,9.587922,16.491764,0.083325,0.032255,-0.204911,7.748000,23.176053

-2.676886,-1.112353,9.348420,16.488823,-0.086678,-0.122293,-0.292844,7.748000,23.438270

-1.872159,-0.980627,9.745994,16.485882,-0.093339,-0.173987,-0.241150,7.744000,23.438270

-0.732130,0.027677,11.554234,16.482941,-0.023526,-0.201433,-0.265931,7.736000,23.438270

1.902391,-0.899196,9.496911,16.497646,0.109705,-0.117231,-0.285916,7.740000,23.438270

1.521583,2.051468,10.138777,16.471176,0.062541,-0.102575,-0.325885,7.728000,23.438270

1.243761,1.232371,9.978311,16.471176,0.003920,-0.076195,-0.173468,7.720000,23.438270

0.642611,0.655172,9.468171,16.459410,0.009782,-0.101776,-0.220099,7.720000,23.438270

0.752782,2.154454,9.020303,16.462351,0.034030,-0.091117,-0.255539,7.720000,23.438270

1.844911,3.153177,9.255014,16.474117,0.021506,-0.092716,-0.222231,7.716000,23.438270

0.544415,2.063443,9.214299,16.453527,0.008449,-0.126823,-0.162810,7.716000,23.438270

0.168397,3.533985,8.500583,16.468235,0.004452,-0.143877,-0.174534,7.720000,23.438270

-0.598009,3.323223,10.174702,16.462351,0.026835,-0.051947,-0.204378,7.720000,23.438270

-0.298632,3.098092,9.786709,16.462351,0.113969,-0.103108,-0.193986,7.712000,23.438270

-0.780031,4.652460,9.199929,16.462351,0.028967,-0.130287,-0.229426,7.720000,23.438270

0.249828,4.851246,8.989167,16.453527,-0.077352,-0.218753,-0.308298,7.724000,23.438270

-0.753685,7.469002,7.506649,16.450586,0.179518,-0.191307,-0.134298,7.728000,23.438270

0.252223,4.863221,8.615544,16.435881,0.096648,-0.303488,-0.106586,7.736000,23.438270

-0.751290,1.265902,8.831096,16.444704,-0.057100,-0.204897,-0.102323,7.740000,23.438270

-0.071105,3.505245,7.882668,16.429998,-0.196727,-0.173721,-0.118044,7.744000,23.438270

1.294056,3.553145,8.261081,16.444704,-0.105330,-0.175586,-0.069015,7.744000,23.438270

2.242484,3.517220,9.772339,16.432940,-0.054436,-0.083124,-0.093530,7.744000,23.438270

2.029327,3.524405,9.832214,16.432940,0.026302,-0.016508,-0.089799,7.744000,23.438270

2.065253,1.443133,9.702883,16.456469,-0.064295,0.000546,-0.047165,7.744000,23.438270

0.901273,0.027677,9.307705,16.435881,-0.064561,-0.019173,0.086865,7.744000,23.438270

0.946778,-1.804513,9.654983,16.424116,0.008716,0.135909,0.410351,7.740000,23.438270

-0.887806,-0.712384,10.459709,16.421175,-0.036050,0.094873,0.545980,7.728000,23.438270

-1.443451,-0.726755,9.686118,16.424116,0.105975,0.094873,0.700795,7.724000,23.438270

0.233063,-0.681249,9.949570,16.429998,-0.003275,0.062631,0.720513,7.724000,23.438270

0.764757,-0.046569,10.332773,16.409410,0.039359,0.169749,0.683209,7.724000,23.438270

1.344352,0.796478,9.805869,16.421175,0.001521,0.250754,0.641640,7.716000,23.438270

-1.565597,2.446646,9.408296,16.418234,0.080927,0.268340,0.592345,7.708000,23.438270

-0.399222,2.238280,8.641890,16.394705,0.038293,0.187069,0.443126,7.708000,23.438270

0.405504,1.982013,8.361671,16.400587,-0.046442,0.284328,0.289910,7.712000,23.438270

-0.001649,3.689661,9.405901,16.409410,0.006051,0.375991,0.221962,7.712000,23.438270

-0.001649,4.781791,8.407177,16.400587,0.011913,0.386383,0.206774,7.716000,23.438270

-0.236361,4.424932,8.890971,16.391764,-0.031786,0.389581,0.206774,7.712000,23.438270

-0.811166,4.072865,8.574828,16.385881,0.009249,0.336821,0.235818,7.724000,23.438270

-1.208739,5.066798,8.447892,16.371176,-0.025391,0.398374,0.276320,7.732000,23.438270

-1.623077,5.629627,9.199929,16.391764,-0.044843,0.498031,0.491622,7.728000,23.438270

-1.472191,5.169784,9.125683,16.394705,0.033230,0.469786,0.743962,7.740000,23.438270

-1.294960,3.363939,8.706554,16.394705,0.085191,0.375725,0.876127,7.732000,23.438270

-2.808612,2.108948,8.459867,16.377058,-0.012601,0.417293,0.849748,7.744000,23.438270

-3.984567,2.712493,9.247829,16.371176,-0.097869,0.439942,0.606467,7.740000,23.438270

-4.219279,2.358031,10.356724,16.374117,-0.082148,0.499363,0.281383,7.744000,23.438270

-4.274364,0.087552,10.143566,16.388823,-0.056035,0.290990,-0.127104,7.740000,11.404926

-2.408644,0.968919,9.075388,16.368235,-0.025924,0.208653,-0.365055,7.736000,11.404926

-0.576454,-0.396242,9.441826,16.368235,-0.111192,0.151630,-0.518271,7.740000,11.404926

-2.494864,-0.355527,10.617781,16.368235,-0.132776,0.181207,-0.569698,7.732000,11.404926

-0.056735,-0.575868,11.321917,16.377058,-0.043777,-0.028765,-0.577159,7.724000,11.404926

1.279686,-0.008249,10.579460,16.385881,-0.046442,0.178809,-0.636314,7.724000,11.404926

2.656822,-0.310021,9.123288,16.379999,-0.038448,0.119388,-0.869735,7.716000,11.404926

-1.323700,1.007240,10.510005,16.362352,0.014844,0.196129,-0.912635,7.716000,11.404926

-3.251691,1.558094,10.196257,16.353529,0.014578,0.069293,-0.990442,7.716000,11.404926

-2.612221,2.128109,9.207114,16.356470,0.030566,-0.194238,-1.226795,7.704000,11.404926

0.635426,1.158126,7.755732,16.344706,-0.039247,-0.201433,-1.482332,7.712000,11.404926

-1.910480,2.822664,11.005774,16.365294,0.133154,-0.202499,-1.555876,7.704000,11.404926

-2.535580,3.090906,9.822634,16.350588,0.206964,-0.426061,-1.468742,7.708000,11.404926

-1.603917,3.260953,7.825187,16.347647,0.221086,-0.544370,-1.214271,7.716000,11.404926

0.211507,3.902818,9.190349,16.353529,0.182183,-0.571016,-0.831098,7.716000,11.404926

0.201927,5.428446,8.306586,16.338821,0.182716,-0.549966,-0.334945,7.720000,11.404926

1.842516,8.355160,8.376042,16.335880,0.236275,-0.516924,-0.077009,7.720000,11.404926

2.419716,5.564962,8.797565,16.353529,0.183249,-0.547301,0.075408,7.728000,11.404926

-0.303422,3.809412,7.719806,16.338821,0.047086,-0.525451,0.420210,7.732000,11.404926

-0.018414,2.875355,9.580737,16.338821,0.143812,-0.277108,0.424207,7.736000,11.404926

0.324073,4.369847,9.171188,16.329998,0.048685,-0.284836,0.496951,7.740000,22.265972

0.551600,1.847891,10.893208,16.332939,-0.027257,-0.185179,0.574758,7.736000,22.265972

1.938317,2.271810,10.138777,16.327057,0.094783,-0.155335,0.542516,7.740000,22.265972

2.592157,2.214329,9.077783,16.324116,0.045221,0.007474,0.537187,7.740000,22.265972

-0.897387,0.480335,9.604687,16.315292,-0.154359,0.080218,0.393564,7.736000,22.265972

-0.305817,0.463570,10.308823,16.324116,0.049218,0.146034,0.179061,7.740000,22.265972

-0.698600,-1.217734,10.953083,16.329998,-0.081082,0.132445,-0.066883,7.736000,22.265972

-2.626591,-0.496833,10.172307,16.318233,0.043889,0.092209,-0.092997,7.732000,22.265972

-2.612221,-0.705199,11.163845,16.294704,0.053482,-0.122027,-0.131634,7.720000,22.265972

0.913248,0.537816,9.937595,16.318233,-0.000877,-0.095914,-0.208375,7.720000,22.265972

0.407899,1.349727,8.979588,16.297646,0.035096,-0.128955,0.006660,7.708000,22.265972

1.715580,0.964129,8.440707,16.303528,0.053482,-0.032229,0.073276,7.708000,22.265972

1.919157,2.671778,8.170071,16.297646,0.102511,0.042647,0.194783,7.712000,22.265972

3.341798,4.786581,8.747270,16.288822,-0.061364,0.149232,0.355726,7.708000,22.265972

3.406464,3.126832,9.137658,16.285881,-0.117854,0.261945,0.526529,7.712000,22.265972

1.861676,2.077813,9.293335,16.291763,0.007916,0.406368,0.523331,7.708000,22.265972

-1.517697,4.396193,8.783195,16.309410,-0.090941,0.506292,0.389833,7.712000,22.265972

-2.193092,4.702755,9.774734,16.279999,-0.116788,0.490570,0.255003,7.716000,22.265972

-2.015861,4.915912,9.061018,16.288822,0.112903,0.441541,0.100721,7.720000,22.265972

-2.092501,3.442974,7.789262,16.279999,-0.044310,0.309109,-0.108984,7.724000,22.265972

-2.614615,2.853800,8.268266,16.303528,-0.100267,0.269939,-0.168139,7.728000,22.265972

-2.581085,2.278995,9.228669,16.288822,-0.079217,0.183073,-0.082871,7.732000,22.265972

-2.468519,3.380704,8.615544,16.309410,-0.088010,0.174546,0.014388,7.732000,22.265972

-2.399064,3.203472,9.494516,16.291763,-0.142635,0.141771,0.053558,7.728000,22.499395

-2.384694,2.185589,9.748388,16.294704,0.009515,0.101269,0.020516,7.732000,22.499395

-4.185749,0.147428,9.856164,16.285881,-0.014999,-0.008248,-0.083937,7.736000,22.499395

-4.777318,1.452713,9.975915,16.288822,0.015377,-0.006915,-0.170271,7.736000,22.499395

-2.470914,-0.204640,10.495634,16.288822,-0.059232,-0.175053,-0.168939,7.728000,22.499395

-0.320187,0.027677,10.026211,16.265293,0.005518,-0.209960,-0.031177,7.724000,22.499395

-1.627867,-1.222524,10.677656,16.294704,-0.000877,-0.175320,0.047163,7.720000,22.499395

1.921551,0.248018,9.868139,16.277058,0.051083,-0.194771,0.015187,7.712000,22.499395

2.800524,-1.280004,9.125683,16.279999,0.043089,-0.347987,-0.061554,7.708000,22.499395

2.144288,1.598809,8.950847,16.271175,0.017243,-0.065537,-0.035441,7.708000,22.499395

-1.970355,2.228699,7.480304,16.271175,-0.025391,0.068760,-0.119643,7.704000,22.499395

-3.567833,2.623878,9.813054,16.268234,-0.017664,-0.052480,-0.415416,7.700000,22.499395

-0.660280,3.656131,9.678933,16.256470,0.056146,-0.145476,-0.488694,7.700000,22.499395

-0.518973,4.051310,8.217971,16.274117,-0.003009,-0.125758,-0.361591,7.700000,22.499395

-2.293683,1.582044,10.129196,16.288822,-0.020861,-0.212091,-0.308831,7.712000,22.499395

-1.455426,4.559054,9.432246,16.268234,-0.032852,-0.199568,-0.235554,7.708000,22.499395

0.525255,7.320511,9.966335,16.274117,0.013779,-0.204630,-0.270994,7.716000,22.499395

-1.438661,5.655972,10.811777,16.262352,0.096116,-0.231543,-0.385573,7.712000,22.499395

-0.578849,4.777000,7.027646,16.250587,0.201368,-0.463365,-0.681879,7.724000,22.499395

-0.928522,4.204591,7.300678,16.256470,0.050550,-0.551032,-0.903576,7.724000,22.499395

0.388739,3.258558,9.027488,16.250587,0.062008,-0.601127,-0.788997,7.728000,22.499395

0.886903,4.561449,9.961545,16.244705,0.053748,-0.514526,-0.569965,7.728000,22.499395

0.891693,5.035663,9.360395,16.262352,0.030033,-0.533978,-0.298972,7.732000,22.032866

2.311940,3.177127,8.747270,16.232941,0.094250,-0.481218,-0.001334,7.732000,22.032866

3.408859,3.189102,9.056228,16.253529,0.073999,-0.433255,0.309895,7.736000,22.032866

3.114271,3.493270,10.260922,16.227058,-0.032319,-0.325338,0.518268,7.736000,22.032866

3.662731,2.643038,9.152028,16.241764,0.002854,-0.168924,0.592611,7.740000,22.032866

1.540743,1.811966,9.726833,16.232941,-0.026990,-0.063405,0.592611,7.740000,22.032866

0.280963,1.232371,10.057346,16.247646,0.111304,0.023461,0.477766,7.736000,22.032866

0.436639,-1.026132,10.277688,16.227058,-0.024059,0.046111,0.404222,7.728000,22.032866

-0.586034,-1.397360,10.574670,16.235882,-0.023793,0.168417,0.480963,7.732000,22.032866

-1.551227,-0.104050,10.016630,16.250587,-0.014999,0.139639,0.561968,7.728000,22.032866

-2.379904,-0.207035,10.232183,16.238823,-0.001943,0.115658,0.588881,7.720000,22.032866

-1.522487,-0.369897,9.499307,16.241764,0.003120,0.090077,0.618192,7.708000,22.032866

-2.399064,1.764066,9.161609,16.232941,0.077996,0.117523,0.572893,7.716000,22.032866

-1.745224,3.783067,9.058622,16.227058,-0.035517,0.101801,0.617659,7.712000,22.032866

-1.079408,1.471873,10.608200,16.232941,-0.051771,0.034120,0.743695,7.716000,22.032866

0.137262,4.410563,9.044252,16.212351,0.094783,0.131112,0.630982,7.716000,22.032866

0.582735,5.557777,9.583132,16.224117,-0.078950,0.205189,0.679478,7.716000,22.032866

1.957477,2.736444,10.042975,16.227058,0.116900,0.250221,0.858807,7.720000,22.032866

0.800682,3.071746,9.784313,16.200586,0.132088,0.389314,0.947806,7.724000,22.032866

-1.546437,3.268138,8.270661,16.215292,0.100379,0.330959,1.227058,7.716000,22.032866

-0.621959,3.763907,8.380832,16.221176,0.024437,0.338420,1.425040,7.732000,22.032866

-1.302145,3.258558,11.190190,16.194704,0.061475,0.567311,1.282216,7.736000,22.032866

-2.878068,4.087235,9.848979,16.215292,0.213359,0.716530,0.947006,7.732000,22.032866

-6.092184,4.549474,9.350815,16.200586,0.087855,0.578236,0.353061,7.736000,22.933568

-4.964129,2.760394,10.416599,16.200586,-0.113058,0.517483,-0.169471,7.740000,22.933568

-6.746024,2.415511,9.834609,16.206469,0.013512,0.438610,-0.517471,7.736000,22.933568

-6.429882,2.748419,9.717253,16.185881,-0.092007,0.101002,-0.600075,7.736000,22.933568

-3.376232,1.639525,10.462104,16.212351,-0.004607,-0.177185,-0.626721,7.736000,22.933568

-2.842142,-1.282399,10.186677,16.206469,0.010315,-0.295761,-0.590482,7.736000,22.933568

-1.991910,-0.360317,10.007051,16.191763,0.049751,-0.361577,-0.406357,7.728000,22.933568

-0.689020,-0.010644,9.719648,16.188822,-0.041912,-0.445513,-0.229159,7.728000,22.933568

0.700091,-0.808185,10.177097,16.191763,-0.024592,-0.320009,-0.043701,7.716000,22.933568

3.586090,0.149823,8.747270,16.177057,0.066005,-0.311215,0.055156,7.716000,22.933568

2.335890,1.241951,10.150752,16.215292,0.027368,-0.115365,0.195316,7.712000,22.933568

0.609081,1.534144,9.779524,16.206469,0.115034,-0.080725,0.312026,7.704000,22.933568

0.415084,1.227581,10.038186,16.185881,0.006584,-0.146808,0.133496,7.704000,22.933568

0.941988,1.737720,9.324470,16.197645,0.091319,-0.038091,0.099123,7.704000,22.933568

-1.893715,2.863380,6.838439,16.182940,0.039359,0.002144,0.134029,7.704000,22.933568

-0.303422,2.717283,9.724438,16.194704,-0.270004,-0.014909,0.216100,7.700000,22.933568

0.719252,4.295601,11.396162,16.185881,0.011647,0.028524,0.190253,7.708000,22.933568

2.134708,5.620048,8.936477,16.179998,0.089720,0.027725,0.062351,7.704000,22.933568

0.860558,5.016502,8.431128,16.182940,-0.001943,0.048775,-0.045833,7.712000,22.933568

0.063016,3.296878,9.537626,16.185881,-0.007272,0.023728,-0.112448,7.716000,22.933568

-1.735643,3.852523,10.387858,16.177057,0.067871,0.063964,-0.207309,7.716000,22.933568

-2.454149,4.662040,8.869416,16.185881,0.080128,0.051440,-0.220366,7.728000,22.933568

-0.653095,4.247701,7.049201,16.188822,-0.070424,-0.138281,-0.232623,7.724000,22.933568

-0.562084,2.961576,9.092153,16.179998,-0.094139,-0.130820,-0.168406,7.728000,22.933568

0.120497,4.568634,9.786709,16.191763,0.020440,-0.095647,-0.232357,7.732000,22.933568

1.579064,3.445369,8.385622,16.191763,-0.018996,-0.124425,-0.265664,7.732000,22.933568

2.855609,3.069351,8.320956,16.177057,-0.018996,-0.107905,-0.096461,7.736000,22.933568

3.768112,1.970037,10.505215,16.177057,-0.086944,-0.021304,0.175065,7.732000,22.933568

3.547770,1.778436,9.983100,16.165293,-0.005673,0.046111,0.351996,7.736000,22.933568

4.728514,2.916070,9.911250,16.194704,-0.081615,0.152696,0.333077,7.736000,22.933568

3.753741,-0.523178,8.977192,16.177057,0.054281,0.248089,0.387702,7.732000,22.933568

3.217257,-3.093034,9.472961,16.165293,-0.173811,0.366932,0.444192,7.728000,22.933568

-1.647028,-0.987812,10.201047,16.153528,-0.149829,0.389048,0.453251,7.720000,22.933568

-2.612221,0.159403,10.217813,16.159410,-0.041646,0.403437,0.329879,7.716000,22.933568

-3.158285,-0.238171,7.837162,16.191763,0.052149,0.370129,0.083668,7.708000,22.933568

-3.359467,0.473150,10.529164,16.174116,-0.095471,0.287792,-0.139095,7.712000,22.933568

-1.651818,3.294483,10.203442,16.156469,0.048419,0.243293,-0.186259,7.704000,22.933568

-0.475863,4.250096,7.207272,16.153528,0.094783,0.232368,-0.174801,7.712000,22.933568

-0.071105,1.146151,7.451564,16.141764,-0.110926,0.120454,-0.109251,7.708000,22.933568

0.223483,2.374796,9.008327,16.165293,-0.082681,0.155360,-0.030112,7.708000,22.933568

0.065411,4.978182,10.074111,16.159410,-0.010736,0.244892,0.179328,7.712000,22.933568

0.446219,4.424932,8.759245,16.162352,-0.038448,0.265676,0.395429,7.708000,22.933568

-0.830326,4.829691,10.112432,16.165293,0.008449,0.338154,0.436731,7.716000,22.933568

-0.181276,4.137530,9.104128,16.147646,0.036694,0.304046,0.413548,7.724000,22.933568

-1.373995,5.148229,8.364067,16.156469,-0.067226,0.364533,0.446323,7.724000,11.226251

-1.611102,4.788976,9.561577,16.147646,0.006584,0.320034,0.383172,7.724000,11.226251

-2.427804,2.978341,8.455077,16.153528,0.076131,0.322166,0.215034,7.732000,11.226251

-4.944970,2.940020,8.165280,16.153528,-0.056035,0.170549,-0.112715,7.736000,11.226251

-5.287457,2.185589,10.110036,16.147646,-0.023260,0.124984,-0.144158,7.740000,11.226251

-5.117411,0.743787,8.857441,16.132940,0.046820,-0.114300,-0.218501,7.736000,11.226251

-4.358190,1.210816,9.832214,16.144705,0.038027,-0.235806,-0.228626,7.740000,11.226251

-4.056417,-0.836926,10.179492,16.135881,0.065206,-0.397016,-0.178798,7.740000,11.226251

-0.542924,-1.950610,9.947175,16.141764,-0.108528,-0.501736,0.038902,7.732000,11.226251

2.137103,-0.472883,10.234577,16.153528,-0.069624,-0.457503,0.103919,7.728000,11.226251

0.913248,0.379744,10.727951,16.141764,0.136618,-0.282437,0.191852,7.720000,11.226251

1.210231,1.694610,9.223879,16.132940,0.172590,-0.140146,0.178795,7.712000,11.226251

0.300123,0.430040,9.767549,16.138823,-0.044310,-0.182514,0.314424,7.704000,11.226251

0.853373,0.731812,11.029724,16.147646,0.104909,-0.108437,0.283248,7.708000,11.226251

-0.569269,2.353240,8.088639,16.129999,0.217090,-0.142811,0.154547,7.712000,11.226251

1.562299,2.683753,7.726991,16.144705,0.048685,-0.165993,0.022914,7.700000,11.226251

1.109640,0.844378,8.388017,16.135881,0.046021,-0.128422,-0.015456,7.704000,11.226251

0.194742,2.271810,8.684999,16.112352,-0.067492,-0.090851,-0.065018,7.708000,11.226251

0.142052,3.397469,8.304192,16.118235,-0.150096,-0.050615,0.023714,7.704000,11.226251

1.097665,3.553145,10.402228,16.132940,-0.070157,0.001612,0.111646,7.704000,11.226251

0.098942,4.650064,10.675261,16.118235,0.075331,0.068227,0.019717,7.708000,11.226251

-0.195646,5.802069,8.047924,16.112352,0.039892,0.059967,-0.147888,7.712000,22.461219

-0.717760,5.720638,7.777287,16.106470,0.038027,-0.012777,-0.272326,7.712000,22.461219

-0.420778,3.189102,8.201205,16.091763,0.003387,-0.067669,-0.321888,7.724000,22.461219

-0.195646,4.118370,9.463381,16.127058,-0.050172,-0.008514,-0.407156,7.724000,22.461219

0.218693,4.666830,9.207114,16.106470,-0.074154,0.065829,-0.468442,7.732000,22.461219

1.296451,5.193734,8.713739,16.097647,-0.073621,-0.010646,-0.323220,7.732000,22.461219

2.331100,2.113739,9.930409,16.106470,-0.103731,0.006141,-0.150020,7.736000,22.461219

2.834054,2.523287,9.602292,16.088821,-0.004607,0.035452,-0.010127,7.732000,22.461219

3.063976,2.166429,8.524533,16.112352,-0.065361,0.154295,0.011457,7.732000,22.461219

2.690353,2.834639,9.841794,16.118235,-0.088809,0.212916,-0.026115,7.728000,22.461219

-1.074618,-0.128000,9.626243,16.094706,-0.067759,0.365866,-0.124972,7.728000,22.461219

1.040184,-0.341156,9.717253,16.085880,0.117433,0.250754,-0.351465,7.732000,22.461219

-0.090265,0.913834,10.557905,16.103529,0.090786,0.157226,-0.287514,7.724000,22.461219

1.119220,-1.069242,9.853769,16.088821,-0.180739,0.123651,-0.234488,7.720000,22.461219

-0.686625,0.082762,8.974797,16.094706,-0.008338,0.238230,-0.184393,7.720000,22.461219

-1.431476,1.883817,7.992838,16.106470,0.208296,0.071958,-0.169205,7.716000,22.461219

-0.186066,1.119806,9.877720,16.100588,-0.103731,-0.075663,-0.156948,7.708000,22.461219

0.767152,0.216883,9.662168,16.097647,-0.018730,0.082616,-0.270994,7.708000,22.461219

-1.007557,3.124437,8.910131,16.100588,0.032697,0.118322,-0.231024,7.712000,22.461219

-0.013624,3.507640,8.790380,16.085880,-0.035517,0.055171,-0.138562,7.708000,22.461219

0.273778,3.371124,9.262199,16.103529,-0.004607,0.202258,-0.195851,7.712000,22.461219

0.000746,4.590189,8.914922,16.100588,-0.021394,0.212650,-0.186525,7.720000,22.461219

-1.831444,3.866893,8.423943,16.085880,0.032431,0.219578,-0.266997,7.720000,22.461219

-2.248178,2.853800,9.058622,16.085880,0.021506,-0.014110,-0.181462,7.720000,22.461219

-1.802704,4.609349,9.120893,16.094706,-0.016598,-0.016241,0.041833,7.720000,22.461219

-2.868488,3.790252,8.989167,16.091763,0.002854,-0.001053,0.320287,7.724000,22.461219

-3.160680,5.287139,8.601173,16.097647,0.091053,-0.044220,0.569962,7.732000,22.461219

-3.371442,1.625154,9.906460,16.094706,0.041491,-0.057810,0.745294,7.736000,22.461219

-3.792965,3.117252,9.183164,16.091763,-0.002209,-0.027966,0.629383,7.736000,22.461219

-5.234767,1.553304,9.750783,16.079998,0.012979,-0.061807,0.461245,7.740000,22.461219

-3.716325,1.206026,10.783037,16.079998,0.036694,-0.146808,0.193717,7.736000,22.461219

-2.846932,-1.411730,9.010722,16.071175,0.017776,-0.246731,0.020516,7.732000,22.461219

-2.492470,-2.163766,9.355605,16.071175,-0.052304,-0.217421,-0.054893,7.728000,22.461219

-2.434989,-1.198573,10.787827,16.079998,-0.055235,-0.154269,-0.033309,7.720000,22.461219

1.629359,-0.915961,10.440549,16.082939,0.013246,-0.235806,-0.052761,7.712000,22.461219

1.531163,-2.477514,9.235854,16.074116,0.010048,-0.243001,-0.053027,7.712000,22.461219

0.522860,-1.929054,11.412927,16.077057,-0.087744,0.038117,-0.020519,7.704000,22.461219

-1.388366,0.283944,8.924501,16.068233,-0.164485,0.029324,-0.116978,7.700000,22.461219

-1.520092,3.378309,9.872930,16.065292,0.053748,-0.041022,-0.315226,7.688000,22.461219

-0.444728,2.358031,9.494516,16.059410,0.172324,-0.112967,-0.436200,7.696000,22.461219

-0.717760,2.365216,9.015512,16.065292,-0.043777,-0.092183,-0.445527,7.688000,22.461219

-0.667465,1.852681,8.150910,16.059410,0.005785,-0.169724,-0.441530,7.692000,22.461219

-0.001649,4.350687,9.719648,16.053528,0.001521,-0.256058,-0.361857,7.696000,22.461219

-0.679440,3.507640,9.142448,16.053528,0.026569,-0.099644,-0.306700,7.700000,22.461219

-2.262548,3.500455,8.998747,16.050587,0.037760,-0.094848,-0.204112,7.704000,22.461219

-2.260153,5.014107,8.198811,16.059410,0.041757,-0.201966,-0.200648,7.704000,11.158312

-4.027677,3.213053,7.712621,16.047646,0.060942,-0.289365,-0.081539,7.708000,11.158312

0.151632,4.242911,8.443103,16.050587,-0.014999,-0.320275,0.005861,7.712000,11.158312

-0.439938,4.547079,7.887458,16.062351,0.002054,-0.331999,0.066348,7.720000,11.158312

-0.102240,4.288416,11.166240,16.047646,-0.045643,-0.375433,0.112712,7.724000,11.158312

0.822237,3.421419,10.270503,16.065292,0.045221,-0.284836,0.059953,7.728000,11.158312

1.260526,3.890843,7.897038,16.071175,0.111570,-0.308018,0.063417,7.720000,11.158312

3.016075,2.664593,8.143725,16.059410,-0.038448,-0.292030,0.153481,7.728000,11.158312

4.369261,3.248978,10.498030,16.056469,-0.093606,-0.037825,0.188121,7.728000,11.158312

3.485499,1.840706,9.908854,16.059410,-0.021927,0.151097,0.236617,7.724000,11.158312

2.151473,1.177286,9.889694,16.047646,0.043356,0.215847,0.252072,7.724000,11.158312

1.629359,2.231094,9.975915,16.068233,-0.207119,0.293921,0.195049,7.724000,11.158312

0.084571,-0.626164,10.442944,16.050587,-0.086145,0.275535,-0.011726,7.720000,11.158312

-1.977540,-1.536271,10.059741,16.047646,-0.054969,0.263544,-0.190788,7.716000,11.158312

-2.571505,2.453831,9.528047,16.056469,-0.200191,0.299783,-0.360525,7.708000,11.158312

-2.418224,2.240674,9.772339,16.056469,0.015644,0.175345,-0.455386,7.708000,11.158312

-1.884135,2.626273,9.235854,16.068233,0.113436,0.059700,-0.422344,7.708000,11.158312

-0.401617,4.065680,10.193862,16.050587,0.036961,-0.151338,-0.289913,7.712000,11.158312

-0.219596,2.966366,8.855046,16.068233,0.203766,-0.165194,-0.085003,7.716000,11.158312

-0.427963,3.433394,8.359277,16.053528,0.046820,-0.124692,0.163340,7.712000,11.158312

-0.978817,1.718560,8.603569,16.038822,-0.025125,-0.099644,0.383172,7.712000,11.158312

-0.971632,4.125555,9.480146,16.050587,-0.014200,-0.004784,0.552908,7.720000,11.158312

-1.139284,4.233331,9.745994,16.047646,-0.025391,0.029057,0.722645,7.720000,22.546377

-0.128585,3.842942,7.920988,16.035881,0.091053,0.095140,0.819637,7.720000,22.546377

-1.232689,4.171061,8.227551,16.029999,-0.059765,0.196929,0.850547,7.724000,22.546377

-0.334557,3.783067,9.444221,16.041763,-0.024592,0.267275,0.762348,7.724000,22.546377

-0.734525,3.833362,9.219090,16.038822,-0.045643,0.341085,0.660293,7.732000,22.546377

-2.315238,2.583162,9.386741,16.044704,-0.026457,0.367465,0.414614,7.732000,22.546377

-2.988239,3.220237,8.847861,16.053528,-0.038182,0.395710,0.120173,7.736000,22.546377

-5.646710,2.549632,8.938871,16.041763,0.028168,0.394111,-0.046099,7.740000,22.546377

-5.809572,2.547237,10.272898,16.044704,-0.111725,0.186270,-0.194785,7.736000,22.546377

-6.621483,1.486243,9.535232,16.038822,0.036428,0.009605,-0.378911,7.736000,22.546377

-4.271969,2.310130,10.179492,16.050587,-0.045909,-0.219019,-0.517738,7.736000,22.546377

-2.607430,0.271969,10.754296,16.047646,0.032165,-0.417267,-0.585686,7.740000,22.546377

-3.230135,-0.923146,10.373488,16.050587,0.022305,-0.441782,-0.491092,7.728000,22.546377

-0.851881,-0.997392,10.924343,16.050587,-0.145832,-0.707445,-0.441796,7.728000,22.546377

1.363512,1.385653,9.482541,16.053528,0.005518,-0.544370,-0.266730,7.720000,22.546377

2.647242,2.267020,10.445339,16.056469,0.036961,-0.350918,-0.054626,7.716000,22.546377

-0.770451,1.349727,10.560300,16.041763,0.245867,-0.289632,0.159343,7.716000,22.546377

-2.475704,1.050350,7.887458,16.041763,0.151806,-0.419932,0.127101,7.716000,22.546377

-0.665070,0.058812,8.747270,16.047646,-0.028056,-0.472958,0.192918,7.712000,22.546377

1.250946,1.206026,10.454919,16.029999,0.050550,-0.346122,0.527328,7.708000,22.546377

2.529886,1.720955,9.319680,16.024117,0.049751,-0.256591,0.769809,7.708000,22.546377

2.831659,2.631063,8.411967,16.032940,0.127292,-0.099378,0.871864,7.708000,22.546377

1.725160,2.518497,7.865902,16.041763,0.045221,0.060233,0.816706,7.712000,22.546377

-0.554899,3.502850,9.310100,16.038822,0.036428,0.263278,0.545714,7.716000,22.546377

0.067806,2.008358,9.542417,16.038822,-0.034718,0.256616,0.057821,7.716000,22.546377

-1.529672,3.598651,8.287426,16.029999,0.054281,0.302981,-0.442862,7.712000,22.546377

-2.377509,5.576937,7.664721,16.041763,-0.090408,0.235033,-0.876396,7.716000,22.546377

-2.037416,3.847733,11.329102,16.032940,-0.054436,0.147367,-1.091165,7.716000,22.546377

-1.656608,4.293207,10.102851,16.021175,0.016443,0.009605,-1.043468,7.728000,22.546377

1.878441,4.436908,8.584409,16.032940,0.000722,-0.151338,-0.770877,7.728000,22.546377

2.436481,3.332803,8.811935,16.024117,0.029233,-0.111635,-0.371450,7.732000,22.546377

4.419557,2.252650,8.277846,16.027058,-0.042711,-0.096980,-0.239818,7.732000,22.546377

4.639899,3.308853,9.389135,16.024117,-0.060031,-0.020505,-0.100724,7.732000,22.546377

5.456600,2.154454,9.360395,16.029999,-0.225505,0.130313,0.039435,7.732000,22.546377

1.902391,-0.448932,10.802197,16.038822,0.028701,0.235566,0.184391,7.724000,22.546377

3.044816,-1.430890,8.955637,16.027058,0.085990,0.168950,0.178262,7.728000,22.546377

0.647401,-0.451327,7.767707,16.027058,-0.102932,0.238497,0.131898,7.720000,22.546377

-0.336952,-0.884826,11.032119,16.032940,-0.230834,0.241694,0.041567,7.716000,22.546377

-2.585875,0.362979,10.859677,16.021175,0.120097,0.334956,-0.165741,7.708000,22.546377

-2.645751,1.503009,8.752060,16.029999,-0.001143,0.152696,-0.409821,7.708000,22.546377

-0.945287,2.027518,8.886181,16.050587,0.012180,0.065296,-0.424210,7.704000,22.546377

0.321678,2.171219,9.360395,16.024117,-0.003808,0.091409,-0.394632,7.704000,22.546377

-1.328490,2.453831,9.094548,16.024117,-0.014733,0.085547,-0.446060,7.700000,22.546377

-1.354835,2.793924,8.922107,16.015293,-0.015532,-0.001852,-0.386638,7.700000,22.546377

-1.036298,2.578372,8.625124,16.015293,-0.058166,-0.026633,-0.206243,7.704000,22.546377

-0.233966,4.714730,9.535232,16.027058,0.038560,0.021063,0.105251,7.708000,22.546377

-0.483048,3.704032,8.950847,16.018234,-0.007272,-0.046352,0.579288,7.716000,22.546377

-1.062643,4.621324,8.337722,16.018234,0.052416,-0.029565,1.026146,7.716000,22.546377

-2.140402,4.769815,7.897038,16.018234,-0.025658,0.014668,1.272357,7.712000,22.546377

-0.540529,3.215447,9.144843,16.003529,-0.051505,0.091942,1.293141,7.712000,22.546377

-0.851881,5.509876,9.101733,16.000587,-0.010203,0.251553,1.057322,7.728000,22.546377

-1.165629,3.488480,8.998747,16.018234,0.002854,0.232635,0.868133,7.724000,22.546377

-0.952472,3.088511,9.475356,16.027058,-0.013401,0.359204,0.588348,7.728000,22.546377

-3.227741,3.668106,9.137658,16.009411,0.006851,0.390647,0.305365,7.728000,22.546377

-2.652936,2.944810,8.344907,16.000587,0.101445,0.319768,0.006127,7.736000,22.546377

-4.815639,0.856353,8.807145,16.000587,-0.046708,0.318702,-0.208641,7.736000,22.546377

-5.091066,0.710257,11.944621,16.006470,-0.073621,0.140439,-0.425808,7.732000,22.546377

-3.170260,0.638407,11.293176,16.024117,-0.041646,0.050907,-0.533193,7.728000,22.546377

-1.898505,1.091065,9.657377,16.000587,0.127825,-0.112434,-0.604338,7.732000,22.546377

-3.072064,-0.329181,8.471843,16.000587,0.113702,-0.256857,-0.554243,7.720000,22.546377

1.940712,-1.861994,8.974797,15.988823,0.093451,-0.391421,-0.579291,7.724000,22.546377

0.613871,-1.531481,8.895761,15.997646,0.070002,-0.424195,-0.573429,7.712000,22.546377

1.485658,1.172496,8.761641,15.988823,-0.021394,-0.312814,-0.466311,7.708000,22.546377

-0.063920,2.274205,9.954360,15.985882,0.081727,-0.394618,-0.200648,7.700000,22.546377

-0.736920,2.288575,10.830937,15.991764,0.156869,-0.326137,-0.078874,7.704000,22.546377

-0.657885,2.240674,8.955637,15.980000,0.120630,-0.366906,-0.101790,7.700000,22.546377

0.326468,3.081326,7.633585,15.982941,0.160866,-0.399681,0.007193,7.704000,22.546377

0.003141,3.169942,8.773615,15.991764,0.059610,-0.263252,0.247809,7.704000,7.575430

0.041461,4.302787,9.398716,15.985882,0.061209,-0.066070,-0.047965,7.724000,7.575430

-1.036298,1.874237,8.009604,15.968235,-0.070956,-0.118829,-0.175067,7.724000,7.575430

2.149078,3.155572,8.335326,15.971176,-0.018463,-0.264052,-0.041569,7.732000,7.575430

3.703446,1.795201,11.319521,15.974117,-0.122384,-0.083390,0.162008,7.728000,7.575430

4.045934,3.078931,11.563813,15.959410,0.047353,0.078886,0.303766,7.732000,7.575430

3.085531,2.995106,10.337564,15.982941,0.040958,0.197728,0.370914,7.732000,7.575430

1.818566,1.141361,8.273056,15.956469,0.083059,0.213183,0.463110,7.724000,7.575430

2.568207,-1.536271,9.540022,15.962351,-0.060031,0.192932,0.446590,7.724000,7.575430

0.570760,-2.805632,11.391372,15.959410,-0.020861,0.349878,0.368516,7.720000,7.575430

-1.450636,0.097132,10.148356,15.947645,-0.033918,0.367198,0.249141,7.716000,7.575430

-2.049391,1.126991,9.623847,15.968235,0.080927,0.380788,0.090862,7.704000,7.575430

-1.754804,1.179681,10.390254,15.947645,-0.011002,0.242227,0.039169,7.700000,7.575430

-0.399222,0.899464,8.936477,15.971176,-0.018463,0.243027,-0.064752,7.700000,7.575430

0.805472,4.163876,8.287426,15.971176,-0.005940,0.263011,-0.008795,7.704000,7.575430

1.258131,3.349569,8.182045,15.965292,0.023904,0.261679,0.093527,7.700000,22.422373

0.752782,4.089630,8.423943,15.968235,-0.042179,0.363468,0.080204,7.700000,22.422373

1.009049,3.912398,8.483818,15.941763,-0.076819,0.373327,0.069812,7.708000,22.422373

0.448614,4.659645,8.776011,15.959410,-0.067759,0.431948,0.139092,7.708000,22.422373

-0.818351,3.845338,8.687394,15.959410,-0.092806,0.421290,0.093261,7.708000,22.422373

-1.922455,3.373519,10.917158,15.959410,-0.257480,0.446870,0.073009,7.712000,22.422373

1.145565,4.448883,9.449011,15.944704,-0.087744,0.555321,0.050360,7.720000,22.422373

-0.686625,4.853641,7.897038,15.944704,0.144878,0.574239,-0.002133,7.720000,22.422373

-3.788175,2.128109,8.910131,15.968235,-0.189266,0.448469,-0.328816,7.724000,22.422373

-4.219279,2.214329,9.786709,15.938822,-0.109860,0.338953,-0.597943,7.728000,22.422373

-3.658844,3.672896,9.101733,15.953527,-0.029122,0.279265,-0.681612,7.736000,22.422373

-4.034862,2.868170,9.300520,15.944704,-0.142102,0.177477,-0.682945,7.728000,22.422373

-3.469637,0.379744,9.825029,15.935881,0.049485,-0.045819,-0.702929,7.736000,22.422373

-4.849169,-1.366225,9.772339,15.947645,0.002054,-0.125491,-0.668023,7.732000,22.422373

-4.839589,-0.585448,9.571157,15.959410,-0.084280,-0.193172,-0.536124,7.728000,22.422373

-4.403695,-0.460907,10.967453,15.935881,-0.074687,-0.357313,-0.361058,7.728000,22.422373

-1.484166,0.379744,9.793894,15.953527,0.168593,-0.390355,-0.418614,7.728000,22.422373

-0.626749,-0.216615,9.860954,15.950586,0.206964,-0.561424,-0.393566,7.720000,22.422373

0.759967,-0.441747,9.889694,15.950586,0.127292,-0.475623,-0.192387,7.712000,22.422373

2.295175,-1.035712,9.568762,15.938822,0.206964,-0.502535,-0.188390,7.712000,22.422373

-1.067433,-0.518388,9.590317,15.932940,0.205365,-0.427127,-0.152951,7.700000,22.422373

-0.219596,2.937625,8.639494,15.947645,0.071601,-0.408208,-0.047698,7.700000,22.422373

1.112035,4.240516,7.865902,15.947645,0.157668,-0.352784,0.066614,7.696000,22.477398

0.060621,2.640643,7.619215,15.956469,0.017776,-0.343990,0.216633,7.688000,22.477398

-1.311725,1.840706,9.762758,15.956469,0.066538,-0.338661,0.321619,7.696000,22.477398

-2.205067,3.131622,10.086086,15.941763,0.129423,-0.294961,0.364786,7.700000,22.477398

-2.082921,3.349569,7.473119,15.950586,0.048952,-0.354382,0.388767,7.692000,22.477398

-1.350045,3.670501,8.972402,15.956469,0.028168,-0.323206,0.379708,7.696000,22.477398

-0.684230,4.214171,9.496911,15.971176,0.068403,-0.301356,0.204109,7.700000,22.477398

-0.715365,3.941139,8.570039,15.941763,0.063341,-0.253393,0.016786,7.708000,22.477398

-1.153654,5.016502,8.981982,15.962351,-0.008604,-0.278441,-0.095661,7.712000,22.477398

-1.692533,5.153018,9.013118,15.938822,0.110771,-0.228346,-0.024516,7.716000,22.477398

-1.141679,6.168507,8.859837,15.950586,0.030299,-0.217954,0.259800,7.720000,22.477398

-0.418383,4.101605,8.771220,15.962351,-0.138105,-0.287500,0.361588,7.720000,22.477398

1.262921,1.993988,9.681328,15.956469,-0.003009,-0.291231,0.548112,7.724000,22.477398

2.180214,3.126832,9.104128,15.965292,0.013779,-0.248064,0.638976,7.720000,22.477398

2.070043,4.621324,11.377002,15.959410,0.026569,-0.105506,0.528660,7.724000,22.477398

2.537071,4.405772,9.990285,15.956469,0.201368,-0.133485,0.562501,7.728000,22.477398

3.435204,1.352122,10.560300,15.971176,-0.009670,0.066628,0.575558,7.720000,22.477398

2.364630,0.482730,12.184123,15.944704,0.122229,0.165752,0.571561,7.728000,22.477398

2.422111,-0.207035,8.754455,15.968235,-0.032852,0.108729,0.512140,7.724000,22.477398

3.497474,-1.591357,9.990285,15.965292,-0.149563,0.180941,0.571827,7.712000,22.477398

0.470170,-0.439352,11.082415,15.965292,0.105442,0.349079,0.683475,7.712000,22.477398

-0.710575,-0.844111,10.816567,15.982941,0.028967,0.320834,0.572094,7.708000,22.477398

-3.565438,0.664752,9.511281,15.968235,0.063074,0.390380,0.367450,7.700000,22.477398

-2.686466,1.431158,9.063413,15.977058,0.049218,0.235566,0.321352,7.704000,21.986155

-0.988397,1.419183,8.232341,15.968235,0.075331,0.192399,0.378642,7.700000,21.986155

-1.371600,3.581886,9.183164,15.971176,0.055613,0.282197,0.427138,7.700000,21.986155

0.618661,2.956785,7.880273,15.977058,-0.003009,0.223575,0.450853,7.704000,21.986155

1.447338,3.016661,7.209667,15.980000,-0.042711,0.359204,0.580354,7.708000,21.986155

1.255736,4.968602,8.380832,15.965292,-0.030454,0.374126,0.817506,7.708000,21.986155

1.241366,4.051310,9.884905,15.971176,0.027102,0.462592,0.887319,7.708000,21.986155

1.085690,4.805741,9.341235,15.962351,0.085457,0.620071,0.757019,7.712000,21.986155

-1.191974,3.936348,7.767707,15.953527,0.014312,0.673097,0.584884,7.716000,21.986155

-1.824259,3.569910,8.859837,15.965292,-0.070157,0.725057,0.335741,7.720000,21.986155

-2.090106,5.090748,8.720924,15.985882,-0.001143,0.768491,0.109781,7.728000,21.986155

-0.538134,5.064403,9.087363,15.985882,-0.078684,0.646184,-0.120442,7.720000,21.986155

-0.995582,2.578372,9.781919,15.974117,-0.069358,0.647517,-0.419147,7.724000,21.986155

-4.075578,1.007240,10.220207,15.980000,-0.185269,0.452999,-0.779404,7.732000,21.986155

-5.182076,0.509075,10.344748,15.974117,-0.281728,0.365599,-0.833230,7.732000,21.986155

-2.346373,2.278995,10.926738,15.980000,-0.005673,0.229171,-0.964595,7.732000,21.986155

-1.673373,0.806058,9.575947,15.977058,0.056946,-0.020771,-0.982715,7.724000,21.986155

-1.148864,-0.571078,9.590317,15.965292,-0.007005,-0.123359,-0.998703,7.724000,21.986155

-1.831444,-1.847624,9.980705,15.980000,-0.023526,-0.193705,-0.903309,7.720000,21.986155

0.067806,-1.557826,10.874047,15.982941,-0.034718,-0.312281,-0.871067,7.716000,21.986155

0.616266,-1.555431,11.178215,15.980000,0.101711,-0.223283,-0.851615,7.712000,21.986155

0.884508,-1.447655,9.587922,15.988823,0.076131,-0.345323,-0.856412,7.704000,22.464925

1.770665,3.464530,10.201047,15.980000,0.116900,-0.222483,-0.775407,7.704000,22.464925

-0.506998,1.627550,10.129196,15.982941,0.094250,-0.201966,-0.512409,7.700000,22.464925

-1.771569,2.975945,8.840676,15.977058,0.173123,-0.171856,-0.470308,7.692000,22.464925

-1.273405,3.239398,8.234735,15.980000,0.041491,-0.308284,-0.406623,7.696000,22.464925

-2.617011,2.832244,9.396320,15.980000,0.080394,-0.331733,-0.433269,7.700000,22.464925

-1.730853,3.840548,8.651469,15.968235,0.110238,-0.411672,-0.512142,7.692000,22.464925

-1.694928,3.629786,8.809541,15.977058,0.109439,-0.400214,-0.530795,7.696000,22.464925

-1.108148,5.655972,8.335326,15.988823,0.196838,-0.465497,-0.399429,7.700000,22.464925

0.793497,4.664434,8.402388,16.000587,0.081727,-0.504401,-0.170804,7.708000,22.464925

-0.705785,5.450001,8.847861,15.994705,0.092652,-0.477754,0.109781,7.708000,22.464925

-0.832721,6.779237,8.895761,15.985882,0.246134,-0.527050,0.391699,7.716000,22.464925

0.106127,5.277560,8.160490,15.997646,0.065739,-0.439384,0.540385,7.724000,22.464925

-0.176486,4.477623,9.482541,15.977058,0.166462,-0.412471,0.548112,7.724000,22.464925

0.542020,4.927886,9.207114,16.006470,0.223751,-0.378364,0.402623,7.732000,22.464925

0.206717,1.079090,7.839557,15.997646,0.117433,-0.361577,0.299769,7.732000,22.464925

1.140775,1.644315,7.973679,15.997646,-0.080816,-0.276842,0.353861,7.732000,22.464925

2.438876,1.773646,9.731624,15.988823,-0.114123,-0.053813,0.337340,7.732000,22.464925

2.807709,3.066956,10.632151,15.988823,0.092918,-0.003185,0.356259,7.732000,22.464925

2.338285,1.804781,10.217813,16.003529,-0.069624,0.057835,0.369582,7.732000,22.464925

1.991007,-1.105168,8.967612,15.985882,-0.042445,0.067161,0.395163,7.732000,22.464925

2.582577,-1.883549,9.580737,15.974117,-0.030188,0.150298,0.398893,7.728000,22.464925

-0.583639,-0.870456,9.841794,15.994705,0.027368,0.247024,0.563833,7.724000,22.464925

-2.128427,-0.223800,9.401111,15.988823,0.020440,0.253152,0.543582,7.708000,22.464925

-2.118846,-1.507531,9.908854,15.988823,0.047353,0.213183,0.421009,7.708000,22.464925

-1.069828,2.604717,9.408296,16.000587,0.064673,0.138573,0.435931,7.704000,22.464925

0.321678,1.876631,9.731624,15.985882,-0.051771,0.124984,0.539052,7.700000,22.464925

0.369579,2.851404,8.878996,15.980000,0.050018,0.175878,0.504679,7.704000,22.464925

0.278568,3.095696,8.673024,15.977058,0.004985,0.219045,0.488691,7.696000,22.464925

-0.483048,3.802227,7.961703,15.991764,-0.012068,0.267541,0.512406,7.700000,22.464925

0.728832,3.045401,10.090877,15.982941,-0.081615,0.340818,0.515071,7.712000,22.464925

-0.427963,5.976905,8.131750,15.994705,-0.016865,0.373060,0.480697,7.700000,22.464925

-0.677045,5.184154,9.063413,15.994705,-0.021661,0.484442,0.383172,7.716000,22.464925

-0.629144,4.290812,8.210786,15.988823,-0.008871,0.441808,0.315490,7.712000,22.464925

-0.906967,3.569910,8.742480,15.985882,-0.057900,0.452733,0.296838,7.716000,22.464925

-1.179999,4.803346,9.540022,15.971176,-0.019796,0.518549,0.231555,7.720000,22.464925

-0.825536,5.488321,9.415481,15.985882,0.050817,0.515085,0.042366,7.724000,22.464925

-0.978817,2.851404,7.901828,15.982941,0.041757,0.365599,-0.178265,7.728000,22.464925

-2.243387,1.119806,7.897038,15.991764,-0.069624,0.289924,-0.341606,7.728000,22.464925

-3.558253,2.487362,9.300520,15.985882,-0.149829,0.382653,-0.491625,7.732000,22.464925

-3.989357,1.776041,10.217813,16.009411,-0.100267,0.252353,-0.605671,7.736000,22.464925

-3.802545,1.208421,10.349538,16.003529,-0.008071,0.087679,-0.702396,7.732000,22.464925

-3.158285,-0.245356,9.729228,15.994705,-0.057367,-0.048750,-0.611000,7.728000,22.464925

-2.583480,-0.470488,9.563972,15.985882,0.062808,-0.173188,-0.643775,7.720000,22.464925

-3.088829,-2.676301,10.438154,15.997646,0.026036,-0.283503,-0.582222,7.724000,22.464925

-1.385971,-1.512321,11.384187,15.977058,-0.008071,-0.444180,-0.575827,7.712000,11.150042

1.258131,0.137847,9.255014,15.988823,0.044155,-0.312281,-0.525199,7.704000,11.150042

2.654428,-0.161530,9.460986,15.985882,0.063074,-0.253926,-0.492158,7.696000,11.150042

1.825751,1.201236,9.834609,15.980000,0.093984,-0.072465,-0.324020,7.692000,11.150042

-0.437543,1.400023,8.938871,15.982941,0.081727,-0.174254,-0.164675,7.692000,11.150042

-1.151259,2.604717,9.147239,15.974117,0.040158,-0.150805,-0.158546,7.688000,11.150042

0.328863,2.729259,9.152028,15.991764,0.073200,-0.145209,-0.185726,7.688000,11.150042

1.964662,4.154295,8.560458,15.977058,0.053482,-0.130554,-0.130035,7.696000,11.150042

0.194742,3.124437,8.716135,15.991764,0.022572,-0.081525,-0.226494,7.696000,11.150042

-1.527277,3.945928,9.995075,15.985882,0.047886,-0.152937,-0.308032,7.696000,11.150042

-1.498536,4.336317,9.513677,15.962351,0.066538,-0.145476,-0.269128,7.704000,11.150042

-1.809889,4.092025,8.526928,15.988823,0.011380,-0.185445,-0.231024,7.700000,11.150042

-2.178722,4.405772,9.623847,15.985882,-0.041646,-0.154802,-0.228093,7.704000,11.150042

-1.534462,3.747142,9.762758,15.971176,0.144612,-0.257390,-0.211573,7.708000,11.150042

-1.223109,4.293207,7.655141,15.974117,0.158734,-0.296560,-0.228093,7.712000,11.150042

0.247433,3.639366,8.225156,15.980000,0.133687,-0.374633,-0.087401,7.720000,11.150042

0.930013,3.713611,7.420429,15.988823,0.047619,-0.374101,0.180927,7.720000,11.150042

1.729950,2.238280,9.159214,15.980000,0.082526,-0.260588,0.159610,7.724000,11.150042

2.525096,2.666988,8.843071,15.980000,0.016710,-0.124958,0.209971,7.724000,11.150042

1.947897,2.271810,9.223879,16.000587,-0.120252,0.025860,0.228091,7.728000,11.150042

2.977755,1.491034,10.672866,15.991764,-0.081881,0.053039,0.270192,7.728000,11.150042

0.736017,1.653895,9.829819,15.991764,0.131022,0.188668,0.224094,7.728000,11.150042

-0.176486,-0.779445,7.597661,15.985882,-0.014466,0.177743,0.220896,7.720000,11.150042

-2.399064,-1.359040,10.759087,15.994705,-0.089076,0.251553,0.230222,7.708000,21.796240

-1.860184,0.233648,10.596226,15.985882,0.020973,0.219844,0.119640,7.704000,21.796240

-1.268615,-0.460907,9.947175,15.997646,0.014578,0.144435,0.078339,7.708000,21.796240

-1.074618,0.832403,8.912526,15.988823,-0.021927,0.124451,0.116176,7.704000,21.796240

-1.639843,1.735325,8.881392,15.980000,0.004719,0.070359,0.344535,7.704000,21.796240

-0.624354,3.035821,9.549602,15.988823,0.013512,0.097538,0.331212,7.700000,21.796240

-0.301027,3.840548,10.021420,15.985882,-0.025658,0.125517,0.246476,7.696000,21.796240

-0.435148,2.458621,8.483818,15.991764,-0.013667,0.191066,0.195849,7.700000,21.796240

-0.854276,3.308853,8.117380,15.991764,-0.004607,0.190800,0.193717,7.700000,21.796240

-0.839906,4.616534,7.583290,15.982941,-0.054969,0.212117,0.232087,7.708000,21.796240

-1.304540,2.923255,10.244158,15.974117,-0.108528,0.253685,0.233420,7.704000,21.796240

-2.140402,1.356912,9.051437,15.994705,-0.069358,0.284328,0.225959,7.708000,21.796240

-2.367929,3.821388,8.965217,15.982941,-0.005940,0.278466,0.270725,7.712000,21.796240

-2.540370,5.260795,9.516071,15.977058,-0.083214,0.422089,0.250473,7.712000,21.796240

-2.401459,3.445369,10.248947,15.988823,-0.094672,0.329627,0.013855,7.712000,21.796240

-2.442174,4.594979,7.681486,15.982941,0.071335,0.245425,-0.113248,7.720000,21.796240

-3.335516,2.714888,8.524533,15.985882,-0.057367,0.258748,-0.247012,7.720000,21.796240

-4.937785,0.954549,8.924501,15.988823,-0.052571,0.146567,-0.265132,7.720000,21.796240

-5.289852,1.694610,8.802356,15.988823,-0.097869,0.052772,-0.280320,7.724000,21.796240

-4.200119,1.162916,10.256132,15.974117,-0.126381,-0.108704,-0.266997,7.724000,21.796240

-2.736762,1.012030,10.945898,15.971176,0.042024,-0.248597,-0.338409,7.720000,21.796240

-2.578690,-1.452446,9.999866,15.974117,0.018575,-0.413537,-0.373848,7.724000,21.796240

-2.058971,-0.623769,8.718530,15.962351,-0.018463,-0.375433,-0.285116,7.712000,21.910457

-0.830326,-0.949491,9.154424,15.965292,0.001521,-0.472692,-0.268063,7.712000,21.910457

1.658099,-0.065729,9.887300,15.974117,0.043089,-0.321074,-0.308298,7.700000,21.910457

0.640216,0.372559,9.077783,15.971176,0.015644,-0.331200,-0.262467,7.700000,21.910457

0.383949,2.137689,9.662168,15.956469,0.024970,-0.269381,-0.193453,7.696000,21.910457

0.460589,1.972432,9.904064,15.968235,0.070002,-0.276309,0.024513,7.688000,21.910457

0.154027,2.039493,9.408296,15.947645,0.121696,-0.269381,0.070611,7.692000,21.910457

1.746715,3.304063,8.426337,15.977058,0.080927,-0.273378,0.108449,7.692000,21.910457

3.162172,2.844219,7.916198,15.965292,0.027368,-0.233941,0.179861,7.696000,21.910457

2.467616,3.124437,9.389135,15.965292,-0.001943,-0.151071,0.249408,7.696000,21.910457

0.771942,4.290812,9.693303,15.965292,0.075065,-0.110303,0.363187,7.692000,21.910457

1.610199,5.758958,8.574828,15.965292,-0.036316,-0.058076,0.438063,7.700000,21.910457

-0.324977,4.092025,9.044252,15.974117,-0.041646,0.067428,0.486559,7.696000,21.910457

-0.595614,3.818992,12.081138,15.953527,0.148342,0.098071,0.425273,7.708000,21.910457

-0.281867,3.840548,9.142448,15.956469,0.190976,0.000812,0.201977,7.712000,21.910457

-1.893715,5.655972,5.293652,15.974117,-0.192197,0.099137,-0.076210,7.712000,21.910457

-2.408644,3.117252,9.647798,15.971176,-0.096270,0.115391,-0.257671,7.716000,21.910457

-0.480653,4.573424,10.775852,15.965292,-0.106129,0.022396,-0.829233,7.724000,21.910457

0.738412,4.628509,8.385622,15.953527,-0.013134,-0.125491,-0.778072,7.720000,21.910457

2.577787,3.536380,9.065807,15.980000,0.064140,-0.145742,-0.646972,7.724000,21.910457

3.911813,2.590347,10.816567,15.950586,-0.057367,-0.146808,-0.399962,7.732000,21.910457

2.685563,2.896910,10.850098,15.971176,0.021506,0.025060,-0.167873,7.732000,21.910457

2.460431,2.152059,9.365185,15.953527,-0.073355,0.107131,0.097790,7.724000,21.910457

1.406622,-0.650114,9.240644,15.956469,-0.102133,0.196129,0.168669,7.720000,21.910457

2.546652,2.290970,10.629756,15.974117,-0.062963,0.250488,0.198513,7.720000,21.910457

0.362394,-3.447497,10.924343,15.965292,-0.150362,0.259547,0.240348,7.716000,21.910457

-1.249454,-1.802118,8.670630,15.959410,0.170459,0.277933,0.108715,7.700000,21.910457

-2.669701,0.147428,9.475356,15.980000,-0.016598,0.201725,-0.067949,7.704000,21.910457

-3.000214,-0.228591,9.465776,15.977058,-0.125048,0.141504,-0.073279,7.700000,21.910457

-1.065038,0.899464,9.389135,15.977058,-0.002209,0.106598,-0.102056,7.688000,21.910457

-1.148864,2.214329,9.305309,15.997646,-0.012601,0.115658,-0.086868,7.688000,21.910457

-0.962052,1.598809,9.243039,15.965292,-0.011002,-0.000520,-0.062087,7.688000,21.910457

-0.475863,5.323065,9.108918,15.965292,0.012446,0.087146,-0.025582,7.696000,21.910457

0.283358,4.336317,8.706554,15.965292,-0.024059,0.019465,0.049561,7.688000,21.910457

-0.296237,3.993829,9.080178,15.982941,-0.134108,0.071425,0.107383,7.688000,21.910457

-0.612379,6.455909,9.017907,15.968235,0.048952,0.203590,0.182259,7.700000,21.910457

1.207836,5.315880,8.069479,15.959410,0.062808,0.123918,0.391699,7.700000,21.910457

-0.605194,3.057376,8.407177,15.982941,-0.006739,0.085281,0.444991,7.704000,21.910457

-0.712970,3.397469,9.118498,15.974117,-0.045643,0.101269,0.341870,7.708000,21.910457

-0.751290,4.329132,8.459867,15.968235,-0.085612,0.255284,0.194783,7.712000,21.910457

-1.517697,3.905213,8.965217,15.953527,-0.041379,0.338687,-0.022384,7.716000,21.910457

-3.543883,2.137689,11.527888,15.956469,-0.041646,0.219844,-0.252075,7.720000,21.910457

-4.207304,1.864656,10.246552,15.980000,0.064406,0.110861,-0.371716,7.720000,21.910457

-4.789293,2.101763,6.792934,15.962351,0.097981,0.003477,-0.280853,7.728000,21.910457

-6.029913,3.807017,7.537785,15.962351,0.007916,-0.152937,-0.317891,7.724000,21.910457

-5.146151,1.285062,8.292216,15.974117,0.096116,-0.326404,-0.222497,7.720000,21.910457

-4.887489,-0.451327,9.825029,15.977058,-0.007538,-0.549166,-0.026115,7.716000,10.839835

-2.231412,-0.235776,10.471684,15.985882,0.007384,-0.626174,0.336274,7.724000,10.839835

-1.117728,0.662357,10.050160,15.968235,0.159534,-0.511862,0.635245,7.724000,10.839835

-0.538134,-0.321996,8.258686,15.962351,0.088921,-0.562756,0.728774,7.712000,10.839835

0.623451,-0.645324,9.724438,15.968235,-0.077085,-0.455905,0.715184,7.708000,10.839835

3.181332,-0.168715,9.482541,15.968235,0.067338,-0.487081,0.633913,7.708000,10.839835

1.124010,1.263507,11.163845,15.980000,-0.010736,-0.037825,0.591279,7.704000,10.839835

0.494120,1.953272,9.108918,15.977058,0.176054,-0.006116,0.391166,7.696000,10.839835

1.279686,3.325619,7.822792,15.971176,-0.069624,-0.034361,0.121772,7.696000,10.839835

0.793497,1.919742,9.614267,15.982941,-0.242825,0.031988,0.063417,7.692000,10.839835

0.142052,1.562884,8.958032,15.965292,0.105708,0.031722,0.137227,7.696000,10.839835

-0.674650,3.043006,7.932963,15.974117,0.043356,0.063431,0.023447,7.696000,10.839835

-0.466283,2.537657,10.373488,15.971176,-0.226837,0.038117,0.002397,7.696000,10.839835

1.739530,5.663157,9.877720,15.968235,0.255727,0.062365,0.072476,7.700000,10.839835

1.818566,5.394916,8.134145,15.956469,0.200569,0.000812,-0.064752,7.708000,10.839835

0.549205,2.580767,8.728109,15.968235,-0.074420,0.108197,-0.224629,7.712000,10.839835

-2.310448,4.144715,7.338998,15.971176,-0.039247,0.132178,-0.417814,7.720000,10.839835

-2.339188,4.300392,8.289822,15.977058,-0.072822,0.118056,-0.668289,7.716000,10.839835

-0.825536,4.930282,10.177097,15.991764,-0.037649,-0.087653,-0.937683,7.720000,10.839835

0.580340,4.233331,9.717253,15.982941,0.018042,-0.117497,-0.850017,7.724000,10.839835

0.925223,1.730535,9.058622,15.974117,0.024437,-0.211026,-0.649104,7.724000,10.839835

1.203046,2.640643,9.305309,15.956469,0.024171,-0.224082,-0.376246,7.724000,10.839835

2.402951,4.305182,9.870534,15.977058,-0.053103,-0.086055,-0.120709,7.724000,10.839835

2.326310,1.783226,10.426179,15.988823,-0.006473,-0.053813,0.111913,7.728000,10.839835

0.908458,1.335357,8.579618,15.974117,-0.047508,-0.041022,0.272323,7.732000,10.839835

0.798287,-2.360158,9.724438,15.994705,-0.146099,0.038383,0.409285,7.724000,10.839835

0.680931,-1.612912,10.373488,15.988823,-0.040846,0.112726,0.472703,7.716000,10.839835

-0.435148,-0.415402,10.816567,15.985882,0.006318,0.125517,0.574758,7.716000,10.839835

0.601896,-0.084889,9.334050,15.968235,0.039892,0.195330,0.519601,7.712000,10.839835

-2.588270,-0.841716,8.610754,15.974117,-0.027790,0.268340,0.538253,7.700000,10.839835

-3.294801,-0.211825,9.154424,15.977058,-0.040047,0.197994,0.498816,7.704000,10.839835

0.280963,2.674173,9.259805,15.977058,0.112103,0.177210,0.497484,7.704000,10.839835

0.776732,4.161480,9.954360,15.965292,-0.009404,0.269406,0.450054,7.696000,10.839835

-1.067433,3.574700,9.252620,15.977058,-0.056035,0.336288,0.206774,7.700000,10.839835

0.491725,3.227422,7.683881,15.974117,0.055080,0.367198,-0.044767,7.704000,10.839835

0.180372,4.211776,8.419152,15.982941,0.032431,0.314438,-0.176399,7.708000,10.839835

0.728832,4.034544,7.968888,15.991764,-0.089342,0.312840,-0.297107,7.708000,10.839835

0.051041,2.389166,9.841794,15.988823,-0.090941,0.317103,-0.232357,7.704000,10.839835

-0.152535,5.804464,8.467052,15.988823,-0.003541,0.348279,-0.190788,7.712000,10.839835

-0.341742,5.610467,7.688671,15.980000,0.001521,0.293921,-0.241949,7.716000,10.839835

-0.236361,2.889725,9.420271,15.974117,-0.100267,0.264344,-0.345603,7.716000,10.839835

-1.788334,3.648946,8.251501,15.974117,-0.030454,0.327495,-0.354663,7.720000,10.839835

-2.023046,3.596256,9.187954,15.980000,-0.073621,0.239829,-0.270994,7.728000,10.839835

-2.983449,2.619088,10.349538,15.982941,-0.040580,0.241961,-0.256072,7.732000,10.839835

-3.091224,1.984407,9.947175,15.968235,0.007117,0.151896,-0.379710,7.736000,10.839835

-3.642079,3.078931,9.544811,15.985882,-0.002209,-0.043687,-0.363989,7.736000,11.103768

-3.251691,1.332962,10.244158,15.982941,0.043889,-0.067669,-0.323753,7.732000,11.103768

-4.930599,-0.204640,10.895603,15.971176,0.036961,-0.172388,-0.369318,7.736000,11.103768

-1.424291,-0.741125,9.908854,15.980000,0.055080,-0.393552,-0.383974,7.732000,11.103768

-1.685348,-0.820160,10.646521,15.997646,0.123295,-0.386891,-0.266730,7.720000,11.103768

1.210231,-0.039384,10.062136,15.994705,-0.004607,-0.408474,-0.239018,7.716000,11.103768

-0.049550,-0.144765,10.629756,15.977058,0.202701,-0.349053,-0.336810,7.712000,11.103768

1.296451,1.371283,10.126801,15.974117,0.161132,-0.296027,-0.365854,7.704000,11.103768

0.374369,1.926927,9.187954,15.971176,0.032697,-0.290698,0.021849,7.704000,11.103768

0.316888,2.360425,8.752060,15.994705,0.128890,-0.247531,0.180660,7.696000,11.103768

-0.772846,1.119806,9.523256,15.991764,0.051083,-0.236339,0.188388,7.692000,11.103768

-0.427963,1.129385,9.781919,15.988823,-0.031786,-0.241136,0.300302,7.692000,11.103768

-1.036298,3.706426,8.718530,16.003529,0.048152,-0.095914,0.402091,7.692000,11.103768

-0.945287,3.620206,8.026369,15.974117,0.039359,-0.157200,0.212902,7.692000,11.103768

-1.251849,3.186707,10.550720,15.977058,0.114501,-0.141745,-0.009594,7.696000,11.103768

-2.844537,5.232054,8.246711,16.000587,0.096382,-0.205163,0.009591,7.700000,11.103768

-1.752409,3.332803,7.827582,15.994705,-0.110659,-0.243001,-0.025582,7.696000,11.103768

-1.852999,4.012989,10.004656,15.982941,-0.031520,-0.140679,-0.091664,7.704000,11.103768

-0.025599,4.999737,9.561577,16.003529,-0.023526,-0.145476,-0.090599,7.708000,11.103768

1.162330,5.351805,8.993958,15.997646,0.064939,-0.128156,-0.082871,7.716000,11.103768

1.828146,5.464371,9.573552,15.985882,0.010315,-0.189442,-0.083138,7.720000,11.103768

2.019747,3.900423,11.101574,15.994705,-0.012601,0.008806,-0.081006,7.728000,11.103768

3.128641,3.131622,8.344907,16.015293,-0.021927,-0.082324,-0.005864,7.728000,21.900331

2.347865,4.808136,8.699369,16.006470,-0.005940,0.076754,0.146819,7.724000,21.900331

2.632872,0.588111,10.337564,16.012352,-0.136773,0.028791,0.205708,7.724000,21.900331

2.446061,1.119806,10.466894,16.003529,-0.014733,0.194264,0.154280,7.728000,21.900331

1.655704,2.860985,9.501701,15.997646,-0.067759,0.263011,0.018918,7.724000,21.900331

0.589921,0.724627,9.187954,16.015293,-0.050972,0.320301,-0.031177,7.724000,21.900331

0.882113,-0.398637,9.762758,16.000587,-0.056301,0.263278,-0.191588,7.720000,21.900331

-0.765660,0.298314,10.713581,16.006470,-0.005407,0.271272,-0.289646,7.716000,21.900331

-0.178881,0.377349,10.416599,16.003529,0.120097,0.194797,-0.343738,7.712000,21.900331

-0.279472,2.678963,9.061018,16.012352,0.011647,0.196662,-0.233955,7.712000,21.900331

-0.097450,1.299432,8.883786,16.027058,0.033230,0.191066,-0.198249,7.704000,21.900331

0.417479,1.934112,9.266990,16.018234,0.026569,0.154295,-0.190522,7.704000,21.900331

-1.235084,3.043006,9.276569,16.006470,0.179785,0.253419,-0.254739,7.700000,21.900331

-1.364415,1.196446,9.611873,16.021175,-0.127713,-0.009580,-0.340274,7.700000,21.900331

-1.745224,1.629945,9.750783,16.018234,-0.047508,0.096739,-0.414617,7.704000,21.900331

-0.811166,6.427169,8.373647,16.012352,0.127292,0.225973,-0.414883,7.708000,21.900331

-1.615892,2.032308,8.447892,16.027058,-0.071489,0.074089,-0.204112,7.708000,21.900331

-2.130822,1.893397,10.399834,16.021175,-0.018730,0.066895,-0.107919,7.712000,21.900331

-1.750014,3.886053,10.189072,16.012352,-0.004874,0.103667,-0.045033,7.712000,21.900331

-3.325936,3.342384,7.920988,16.035881,0.036161,0.015201,0.216100,7.720000,21.900331

-3.285221,3.898028,8.186835,16.024117,0.084924,-0.031963,0.553974,7.720000,21.900331

-3.297196,2.686148,10.141171,16.027058,0.038293,-0.026101,0.583285,7.720000,21.900331

-3.965406,2.135294,8.943662,16.018234,0.026036,-0.079659,0.551310,7.720000,21.900331

-3.352282,2.805899,9.266990,16.041763,0.046287,-0.125225,0.430069,7.724000,22.353360

-3.596574,2.219119,10.148356,16.015293,-0.126381,-0.083124,0.282449,7.720000,22.353360

-3.946246,1.304222,10.289662,16.015293,0.004452,-0.148940,0.064483,7.728000,22.353360

-3.642079,1.244346,9.374765,16.021175,0.059610,-0.254992,-0.133765,7.724000,22.353360

-2.590665,-1.404545,10.268107,16.006470,0.069736,-0.376765,-0.176133,7.724000,22.353360

-2.741552,-1.476396,10.023815,16.015293,-0.056035,-0.421264,-0.146556,7.716000,22.353360

-1.991910,-1.011762,10.435759,16.027058,0.037494,-0.351984,0.013322,7.712000,22.353360

-0.909362,-1.167438,11.010564,16.009411,0.062808,-0.572082,0.107117,7.704000,22.353360

-1.019533,-1.239289,10.141171,16.021175,-0.022993,-0.347188,0.205708,7.704000,22.353360

2.388580,1.795201,7.827582,16.018234,0.131555,-0.315745,0.265928,7.700000,22.353360

-0.056735,0.528236,8.407177,16.012352,0.093717,-0.233408,0.596875,7.684000,22.353360

-0.818351,1.503009,9.343630,16.006470,0.024171,-0.185978,0.657095,7.688000,22.353360

0.201927,5.402101,9.995075,16.012352,0.125959,-0.187044,0.506277,7.688000,22.353360

1.603014,1.265902,8.893367,16.035881,-0.026724,-0.335996,0.408486,7.680000,22.353360

2.659218,1.464688,8.505373,16.029999,-0.041379,-0.094315,0.349064,7.684000,22.353360

0.019906,4.111185,9.961545,16.029999,0.084924,0.107664,0.186789,7.684000,22.353360

-0.238756,3.768697,7.317443,16.015293,-0.048574,-0.100710,-0.050896,7.680000,22.353360

1.030604,3.663316,9.290939,16.029999,-0.000610,-0.101509,-0.100191,7.688000,22.353360

0.206717,4.705150,9.693303,16.018234,-0.041646,-0.072465,-0.146023,7.696000,22.353360

-0.820746,4.604559,8.684999,16.015293,0.037227,-0.099644,-0.032243,7.696000,22.353360

-0.574059,4.923097,8.610754,16.024117,-0.013933,-0.109503,0.073009,7.704000,22.353360

-0.116610,3.785462,10.064531,16.041763,-0.050705,0.004809,0.189986,7.712000,22.353360

-0.495023,4.781791,9.987890,16.029999,0.045221,0.046377,0.122305,7.716000,22.353360

1.713185,3.835757,7.863508,16.024117,-0.062163,0.086347,-0.066350,7.720000,22.353360

-0.142955,3.538775,9.025092,16.024117,0.011114,0.057835,-0.105520,7.712000,22.353360

2.383790,1.979617,9.753179,16.032940,-0.095205,0.004543,-0.152418,7.720000,22.353360

2.489171,1.814361,9.305309,16.038822,0.066805,0.243027,-0.176133,7.716000,22.353360

2.453246,2.393956,8.028764,16.018234,-0.101600,0.212916,-0.086335,7.716000,22.353360

2.481986,2.120924,9.171188,16.006470,-0.000344,0.321633,0.118574,7.720000,22.353360

0.898878,0.688702,10.447734,16.024117,-0.082947,0.386383,0.136694,7.716000,22.353360

-1.235084,0.449200,10.603411,16.021175,-0.017397,0.454864,0.086599,7.716000,22.353360

0.752782,-0.240566,9.209509,16.027058,0.039892,0.415961,-0.056225,7.712000,22.353360

-0.483048,-0.595029,9.932805,16.041763,-0.064295,0.386916,-0.153484,7.708000,22.353360

-0.978817,0.319869,10.323193,16.027058,-0.130910,0.386117,-0.367720,7.708000,22.353360

-2.408644,0.650382,9.295730,16.032940,0.076664,0.360270,-0.500684,7.696000,22.353360

-0.478258,2.726864,8.217971,16.038822,0.088921,0.184405,-0.618194,7.700000,22.353360

-0.004044,2.535262,9.029882,16.035881,0.022039,0.100203,-0.456718,7.700000,22.353360

0.106127,1.383258,8.591594,16.041763,0.065206,0.047976,-0.290712,7.700000,22.353360

0.000746,4.539894,10.050160,16.041763,0.014312,0.106065,-0.150819,7.700000,22.353360

-0.686625,3.931558,8.239526,16.029999,-0.049906,0.040515,0.091129,7.696000,22.353360

1.531163,2.166429,8.742480,16.029999,-0.050439,0.091942,0.178262,7.704000,22.353360

-0.123795,3.696846,9.041858,16.041763,0.026569,0.212650,0.110314,7.712000,22.353360

-0.837511,5.205709,8.023974,16.027058,0.028967,0.209452,0.148418,7.704000,22.353360

-1.385971,3.828573,7.753336,16.053528,0.056946,0.181207,0.084201,7.712000,22.353360

-1.029113,3.237003,9.420271,16.032940,-0.056035,0.156959,-0.094329,7.716000,22.353360

-1.642238,3.888448,9.281360,16.041763,-0.070956,0.247823,-0.148687,7.720000,22.353360

-3.024164,3.646551,8.246711,16.044704,-0.058966,0.160423,-0.046366,7.724000,10.757221

-3.199000,4.702755,8.922107,16.038822,0.042557,0.068494,-0.003732,7.724000,10.757221

-5.043165,1.311407,9.829819,16.044704,-0.048307,0.008273,0.002663,7.728000,10.757221

-5.989198,2.056258,10.335168,16.029999,-0.000610,-0.076462,0.008525,7.728000,10.757221

-6.465807,1.024005,9.575947,16.053528,-0.064295,-0.174787,0.112979,7.728000,10.757221

-5.438344,1.107830,9.702883,16.047646,0.082792,-0.348254,0.231555,7.728000,10.757221

-4.990475,-1.217734,9.377160,16.050587,0.031632,-0.444180,0.282449,7.732000,10.757221

-2.892438,-1.514716,9.681328,16.041763,-0.109327,-0.507065,0.335475,7.728000,10.757221

-0.432753,-0.820160,10.035790,16.024117,-0.109860,-0.388756,0.464976,7.720000,10.757221

2.553837,-0.925541,9.841794,16.035881,-0.016332,-0.409540,0.480164,7.712000,10.757221

2.656822,-0.460907,9.374765,16.041763,0.143013,-0.201166,0.229956,7.708000,10.757221

1.341957,-0.393847,8.474237,16.041763,-0.057633,-0.059675,0.077806,7.704000,10.757221

0.793497,1.689820,10.205837,16.050587,-0.137039,-0.040223,0.012256,7.696000,10.757221

0.858163,2.286180,10.337564,16.044704,0.136085,0.006141,-0.232090,7.692000,10.757221

0.319283,1.828731,9.602292,16.053528,0.198704,-0.081525,-0.439398,7.692000,10.757221

1.253341,2.192774,9.197534,16.038822,-0.090675,-0.114566,-0.504148,7.696000,10.757221

-0.145350,3.215447,8.419152,16.050587,-0.065894,-0.033295,-0.409288,7.688000,10.757221

0.836608,3.960299,9.101733,16.050587,0.034829,-0.073797,-0.353597,7.688000,10.757221

0.477355,3.910003,8.759245,16.059410,0.006051,-0.036759,-0.413018,7.696000,10.757221

-0.933312,3.943534,9.995075,16.035881,0.073200,-0.081258,-0.468975,7.700000,10.757221

-0.217201,4.580609,8.016789,16.038822,0.105975,-0.213690,-0.495089,7.700000,10.757221

-0.906967,2.690938,7.935358,16.050587,0.005518,-0.244333,-0.430871,7.704000,10.757221

-0.734525,4.738680,8.713739,16.047646,0.109439,-0.227546,-0.189190,7.708000,10.757221

-0.212411,5.490716,8.790380,16.056469,-0.018730,-0.260588,-0.069282,7.712000,21.777098

-0.528554,3.818992,8.958032,16.047646,-0.040047,-0.255525,0.085533,7.720000,21.777098

-0.159721,4.815321,9.389135,16.044704,0.172057,-0.292030,0.168403,7.716000,21.777098

1.418597,3.689661,9.338840,16.059410,-0.026990,-0.293096,0.159876,7.724000,21.777098

3.073556,2.370006,9.425060,16.074116,-0.034451,-0.208627,0.119907,7.724000,21.777098

2.616107,3.663316,9.544811,16.059410,-0.042711,-0.027433,0.175864,7.728000,21.777098

1.327587,3.387889,9.477751,16.065292,0.048685,0.046377,0.150816,7.724000,21.777098

2.484381,3.488480,10.795012,16.062351,0.063607,0.126050,0.071144,7.732000,21.777098

2.496356,-0.013039,9.336445,16.050587,0.070269,0.149232,-0.014390,7.724000,21.777098

1.650914,-2.776891,9.255014,16.053528,-0.075486,0.229171,0.025313,7.716000,21.777098

-1.999095,-0.618979,10.136381,16.071175,-0.058166,0.244625,0.100988,7.716000,21.777098

-2.600245,1.313802,10.744717,16.068233,-0.122117,0.276068,0.003996,7.716000,21.777098

-1.757199,1.311407,9.712463,16.053528,0.086256,0.180141,-0.077808,7.708000,21.777098

-0.116610,0.487520,8.625124,16.050587,0.062275,0.019465,0.024247,7.704000,21.777098

-0.890202,1.079090,10.031001,16.056469,-0.050972,0.009073,0.118042,7.700000,21.777098

-1.199159,3.584280,8.874207,16.065292,0.011114,0.055703,0.135095,7.700000,21.777098

-0.650700,4.168665,8.778405,16.050587,0.059077,0.037051,0.119907,7.700000,21.777098

0.606686,2.422696,9.688513,16.059410,-0.026724,0.029590,0.185190,7.704000,21.777098

-0.087870,4.374637,9.264594,16.068233,0.023371,0.160157,0.298170,7.704000,21.777098

-0.473468,4.688385,9.089758,16.065292,0.055080,0.166285,0.502280,7.708000,21.777098

-0.061525,2.655013,8.486213,16.059410,0.089987,0.200393,0.606734,7.712000,21.777098

-1.405131,3.907608,8.828701,16.077057,-0.014200,0.245958,0.613662,7.712000,21.777098

-0.945287,4.053705,8.558064,16.074116,0.018042,0.225707,0.566498,7.716000,21.777098

-3.007399,4.810531,9.702883,16.056469,0.036961,0.328028,0.477766,7.716000,22.370501

-3.905531,2.832244,9.233459,16.065292,-0.063762,0.220111,0.356259,7.720000,22.370501

-3.903136,3.795042,9.283754,16.056469,0.066005,0.258481,0.295239,7.728000,22.370501

-4.616852,3.059771,8.905341,16.065292,-0.055235,0.245958,0.318155,7.732000,22.370501

-3.019374,2.947205,10.155541,16.065292,0.002054,0.136175,0.330412,7.728000,22.370501

-4.638407,1.831126,9.489726,16.062351,0.134220,0.101269,0.306697,7.740000,22.370501

-4.118688,0.176168,10.287268,16.059410,0.071601,-0.088986,0.144954,7.732000,22.370501

-4.382140,-0.623769,10.105247,16.068233,-0.048041,-0.142545,0.063150,7.736000,22.370501

-3.780990,-0.563893,10.366303,16.065292,-0.087211,-0.219819,0.007726,7.728000,22.370501

-0.619564,-0.748310,10.581855,16.050587,0.050550,-0.257390,-0.040237,7.724000,22.370501

0.879718,-0.966257,9.259805,16.059410,0.128091,-0.386891,-0.165741,7.720000,22.370501

2.230509,-2.796052,9.413086,16.071175,-0.129312,-0.184646,-0.154017,7.708000,22.370501

3.581300,-0.844111,9.278965,16.065292,-0.061897,-0.078860,-0.164142,7.704000,22.370501

1.820961,2.034703,9.362790,16.068233,0.079861,0.002411,-0.110583,7.704000,22.370501

-1.077013,2.113739,10.327983,16.062351,0.034563,0.021063,-0.131367,7.696000,22.370501

1.785035,2.108948,8.481422,16.074116,0.072134,-0.190241,-0.255805,7.692000,22.370501

1.598224,4.094420,8.131750,16.056469,0.036961,-0.124425,-0.254473,7.692000,22.370501

-0.595614,2.087393,9.336445,16.071175,-0.017930,-0.120695,-0.265398,7.684000,22.370501

-0.689020,2.851404,8.926897,16.065292,-0.018197,-0.097246,-0.297107,7.688000,22.370501

0.968334,5.730218,9.269384,16.065292,0.061742,-0.150805,-0.194785,7.688000,22.370501

2.426901,4.139925,8.052714,16.074116,0.044955,-0.100976,-0.063952,7.700000,22.370501

0.709672,4.973392,9.563972,16.062351,0.050817,-0.158532,0.036770,7.708000,22.370501

0.963544,5.576937,7.803632,16.062351,0.029500,-0.119895,0.112712,7.704000,21.880145

-1.441056,2.880145,9.293335,16.062351,-0.011002,-0.088186,-0.013857,7.712000,21.880145

-0.609984,4.626114,9.187954,16.059410,-0.028056,-0.086055,-0.460981,7.716000,21.880145

0.048646,5.924215,9.161609,16.059410,0.080927,-0.125491,-0.588350,7.728000,21.880145

0.937198,1.246742,8.831096,16.071175,0.028434,-0.274710,-0.616063,7.732000,21.880145

2.129918,1.476663,9.343630,16.088821,-0.057367,-0.274444,-0.286449,7.724000,21.880145

2.616107,4.525523,8.673024,16.074116,0.035895,-0.176918,0.090596,7.728000,21.880145

3.461549,2.096973,10.272898,16.062351,-0.035517,-0.071399,0.358124,7.732000,21.880145

1.717975,0.180958,10.318403,16.068233,-0.011002,-0.007981,0.557971,7.728000,21.880145

0.556390,-0.693224,8.201205,16.068233,-0.049107,0.079152,0.634446,7.724000,21.880145

2.429296,-0.851296,9.616662,16.082939,-0.272935,0.204922,0.603003,7.716000,21.880145

1.574274,0.949759,12.073953,16.077057,-0.073888,0.319235,0.623521,7.708000,21.880145

0.448614,0.777318,10.083691,16.074116,0.041491,0.422622,0.470838,7.700000,21.880145

-0.363297,1.110225,9.920830,16.068233,0.051616,0.308310,0.389833,7.696000,21.880145

-0.025599,1.776041,7.645561,16.068233,-0.057100,0.279265,0.330679,7.700000,21.880145

1.059344,3.706426,8.438313,16.062351,-0.004607,0.317636,0.255803,7.696000,21.880145

-0.609984,2.590347,9.949570,16.082939,-0.004607,0.388515,0.210504,7.700000,21.880145

-1.460216,4.753050,8.783195,16.071175,-0.013401,0.308043,0.204642,7.700000,21.880145

-0.950077,4.997342,8.651469,16.079998,0.033230,0.326429,0.221962,7.704000,21.880145

0.740807,3.775882,8.019184,16.068233,0.024970,0.348546,0.240081,7.712000,21.880145

0.312098,3.735167,8.194020,16.065292,-0.106662,0.421290,0.275254,7.708000,21.880145

0.063016,3.543565,9.130473,16.071175,-0.019263,0.452466,0.240881,7.716000,21.880145

0.664166,5.358990,7.822792,16.071175,-0.072289,0.493768,0.146020,7.720000,22.238550

-0.760870,2.389166,8.548483,16.082939,-0.126914,0.462858,0.089797,7.716000,22.238550

-0.406408,4.420143,9.597502,16.088821,-0.025924,0.542530,-0.106853,7.724000,22.238550

-2.787057,3.550750,8.603569,16.074116,-0.018197,0.578769,-0.213171,7.724000,22.238550

-2.813402,4.791370,8.852651,16.077057,-0.090142,0.424221,-0.277922,7.728000,22.238550

-3.570228,0.947364,8.862231,16.068233,-0.067226,0.405835,-0.407955,7.732000,22.238550

-4.822824,2.197564,10.011841,16.082939,-0.036316,0.235299,-0.508678,7.736000,22.238550

-6.360426,1.292247,9.532837,16.068233,-0.070690,0.165486,-0.575827,7.736000,22.238550

-5.069510,1.057535,10.462104,16.082939,-0.090941,-0.009313,-0.713588,7.740000,22.238550

-3.852841,0.533026,10.383068,16.071175,0.095583,-0.205696,-0.742099,7.736000,22.238550

-3.278036,1.107830,10.536350,16.071175,0.026569,-0.341592,-0.649637,7.732000,22.238550

-1.872159,-1.114748,11.611713,16.082939,0.159001,-0.487614,-0.570764,7.724000,22.238550

-1.206344,-2.846347,9.034673,16.077057,0.252263,-0.587270,-0.484697,7.724000,22.238550

0.975519,-0.209430,9.049043,16.085880,0.128091,-0.467362,-0.403159,7.716000,22.238550

2.393370,0.485125,8.615544,16.097647,0.173390,-0.477222,-0.474038,7.708000,22.238550

0.266593,0.176168,10.280083,16.079998,0.057478,-0.450575,-0.233955,7.704000,22.238550

-0.291447,0.849168,9.619058,16.088821,0.171791,-0.383427,-0.250743,7.700000,22.238550

-1.510512,2.585557,9.238249,16.091763,0.096915,-0.310416,-0.228093,7.696000,22.238550

-0.329767,3.196287,9.341235,16.082939,0.047886,-0.352251,-0.146289,7.692000,22.238550

1.253341,2.837034,7.765312,16.100588,0.152339,-0.376765,-0.038638,7.700000,22.238550

0.063016,3.356754,9.005932,16.091763,0.051083,-0.323473,0.027178,7.692000,22.238550

-0.087870,4.070470,8.728109,16.094706,0.109972,-0.315212,0.053824,7.700000,22.238550

-0.947682,5.294325,8.390412,16.103529,0.068936,-0.261920,0.125502,7.700000,22.238550

-1.795519,2.971155,9.460986,16.088821,0.002587,-0.230477,0.208905,7.704000,22.238550

-2.423014,4.719520,9.908854,16.100588,0.098780,-0.226214,0.342669,7.708000,22.238550

-0.914152,4.889566,8.955637,16.097647,-0.031254,-0.258989,0.457781,7.716000,22.238550

-0.449518,4.408167,8.819120,16.094706,0.007117,-0.296560,0.509209,7.720000,22.238550

-0.427963,3.790252,9.020303,16.097647,0.001255,-0.173987,0.504679,7.720000,22.238550

-0.583639,2.264625,8.620334,16.088821,0.044955,-0.132153,0.336807,7.728000,22.238550

0.486935,3.574700,9.238249,16.082939,-0.099201,-0.169990,0.258201,7.732000,22.238550

2.098783,1.658685,9.822634,16.077057,-0.113058,-0.079926,0.280051,7.728000,22.238550

4.072279,3.579490,10.735136,16.094706,0.054281,-0.027966,0.266461,7.728000,22.238550

4.714144,5.109908,9.547207,16.094706,0.062541,0.090876,0.295772,7.732000,22.238550

4.290226,-0.683644,9.211904,16.097647,0.000455,0.185471,0.391166,7.724000,22.238550

0.922828,-1.687157,9.472961,16.109411,0.005252,0.274203,0.348265,7.724000,22.238550

2.144288,-0.781840,9.367580,16.094706,-0.169281,0.414362,0.183858,7.724000,22.238550

1.145565,-0.470488,10.162726,16.094706,-0.100001,0.474582,0.238749,7.712000,22.238550

0.403109,-0.271701,8.531718,16.088821,0.027368,0.488705,0.228623,7.708000,22.238550

-3.148705,0.276759,10.653706,16.100588,-0.073621,0.500696,0.013322,7.696000,22.238550

-2.892438,0.956944,10.318403,16.097647,0.015111,0.294720,-0.248344,7.696000,22.238550

-0.739315,2.987921,8.946056,16.100588,0.028701,0.281664,-0.368519,7.704000,22.238550

-1.172814,2.760394,7.535390,16.100588,-0.047508,0.209186,-0.378645,7.700000,22.238550

-1.354835,5.040452,8.989167,16.103529,-0.025125,0.139639,-0.417015,7.704000,22.238550

-1.613497,2.872960,9.695698,16.097647,-0.071223,0.119654,-0.446859,7.704000,22.238550

-0.518973,4.082445,9.590317,16.097647,-0.007538,0.043979,-0.289646,7.712000,22.238550

-1.350045,3.160362,8.364067,16.091763,-0.002209,0.064497,-0.031444,7.712000,11.153598

-0.643515,3.031031,9.164003,16.106470,-0.015532,0.009073,0.151616,7.716000,11.153598

-0.190856,3.804622,9.616662,16.094706,-0.030721,0.107131,0.275787,7.716000,11.153598

-1.124913,3.136412,8.407177,16.094706,0.070002,0.124184,0.410351,7.716000,11.153598

-0.387247,5.244029,8.335326,16.094706,-0.016065,0.152962,0.602204,7.724000,11.153598

-2.911598,2.786739,8.816726,16.094706,-0.065094,0.238497,0.591545,7.728000,11.153598

-2.470914,4.604559,9.058622,16.109411,-0.021927,0.249155,0.480431,7.728000,11.153598

-2.856513,4.463253,9.796288,16.097647,-0.019796,0.243293,0.203310,7.736000,11.153598

-4.595297,1.984407,10.924343,16.124117,-0.001410,0.159624,0.038103,7.732000,11.153598

-4.252809,0.365374,7.827582,16.106470,0.067338,0.039716,-0.151086,7.728000,11.153598

-6.307735,0.164193,9.413086,16.094706,-0.114390,-0.031430,-0.255805,7.728000,11.153598

-4.406090,-1.112353,11.856006,16.088821,-0.183404,-0.176652,-0.244614,7.732000,11.153598

-1.864974,0.978499,10.385464,16.091763,0.043889,-0.220352,-0.094862,7.724000,11.153598

-2.458939,-1.097983,9.777128,16.097647,0.068137,-0.309617,0.007726,7.724000,11.153598

-0.648305,-0.494438,9.480146,16.097647,0.066538,-0.453506,-0.044501,7.720000,11.153598

1.504818,-1.313534,11.283596,16.097647,0.011647,-0.436453,-0.114580,7.712000,11.153598

4.225560,0.990474,10.306428,16.109411,0.086789,-0.180915,-0.185459,7.708000,11.153598

0.637821,2.346056,8.972402,16.103529,0.116900,-0.099644,-0.014124,7.704000,11.153598

-1.184789,1.040770,9.805869,16.091763,0.118498,-0.097779,-0.042902,7.704000,11.153598

-0.236361,2.547237,9.686118,16.085880,0.031898,-0.071932,-0.222231,7.700000,11.153598

1.792220,2.650223,8.541298,16.091763,0.024704,-0.087387,-0.464179,7.704000,11.153598

-0.207621,4.283627,8.735295,16.115294,0.113436,-0.072731,-0.590216,7.700000,11.153598

-0.099845,4.080050,9.065807,16.109411,0.024437,-0.187310,-0.610200,7.704000,22.412349

-0.447123,2.267020,8.946056,16.106470,0.049485,-0.213690,-0.599808,7.708000,22.412349

-0.966842,4.202196,9.355605,16.094706,0.051883,-0.205963,-0.528663,7.708000,22.412349

-2.044601,4.005804,9.331655,16.109411,0.106241,-0.257124,-0.231291,7.716000,22.412349

-2.142797,5.217684,7.980864,16.106470,0.115034,-0.285369,-0.037306,7.716000,22.412349

-1.812284,4.525523,8.584409,16.106470,0.083858,-0.269381,0.057555,7.724000,22.412349

0.170792,5.849969,8.716135,16.106470,0.139016,-0.285635,0.160143,7.724000,22.412349

-0.039970,3.802227,8.890971,16.097647,0.029500,-0.247797,0.250207,7.732000,22.412349

0.736017,0.724627,10.189072,16.109411,-0.029388,-0.271246,0.233953,7.732000,22.412349

1.909576,2.772369,10.102851,16.112352,-0.160488,-0.135883,0.196648,7.736000,22.412349

3.950133,3.754327,9.449011,16.124117,-0.125581,-0.053013,0.270458,7.732000,22.412349

5.159618,4.120765,11.345866,16.118235,0.072134,0.062631,0.426605,7.736000,22.412349

3.066371,1.893397,10.296848,16.121176,0.147543,0.234500,0.472170,7.732000,22.412349

1.885626,1.828731,9.506492,16.118235,0.057478,0.356806,0.373579,7.732000,22.412349

1.703605,0.245623,8.071875,16.115294,0.061742,0.306978,0.183325,7.724000,22.412349

0.177977,-0.801000,9.104128,16.106470,-0.052837,0.324831,0.064749,7.716000,22.412349

-0.995582,0.295919,10.766272,16.124117,-0.004607,0.354674,-0.029579,7.720000,22.412349

-1.397946,-0.199850,8.560458,16.138823,0.013246,0.381054,-0.121508,7.716000,22.412349

-2.961893,-0.391452,8.390412,16.124117,-0.015532,0.253152,-0.134032,7.708000,22.412349

-2.303263,2.013148,9.664562,16.121176,-0.012601,0.150298,-0.081805,7.704000,22.412349

-0.621959,2.633458,9.920830,16.112352,0.000189,0.156426,-0.099125,7.712000,22.412349

-0.708180,3.318433,9.178373,16.121176,-0.008604,0.125517,-0.141493,7.712000,22.412349

-1.153654,4.305182,7.307863,16.121176,-0.026191,0.135376,-0.053027,7.708000,22.667243

-0.799191,3.998619,8.931686,16.124117,0.015111,0.071425,0.177463,7.712000,22.667243

0.901273,2.417906,10.450130,16.124117,-0.053103,0.128448,0.429803,7.720000,22.667243

0.000746,3.601046,6.632467,16.115294,-0.091741,0.203590,0.851080,7.720000,22.667243

-0.827931,3.768697,8.088639,16.109411,-0.066427,0.342151,0.996302,7.724000,22.667243

-2.001491,3.792647,9.113708,16.129999,-0.073088,0.458062,0.945941,7.724000,22.667243

-1.910480,5.694293,8.831096,16.118235,0.005252,0.422622,0.702127,7.736000,22.667243

-2.363138,6.089471,7.968888,16.115294,-0.070956,0.492968,0.366651,7.728000,22.667243

-3.208580,3.071746,8.162886,16.115294,0.046820,0.397841,0.013588,7.736000,22.667243

-3.860026,1.536539,7.767707,16.115294,-0.123183,0.306978,-0.279787,7.740000,22.667243

-5.629945,1.931717,9.803473,16.135881,-0.154892,0.288325,-0.408755,7.740000,22.667243

-4.834799,-1.778168,10.428574,16.121176,-0.115989,0.080751,-0.620059,7.744000,22.667243

-5.986803,0.923414,10.629756,16.135881,-0.041912,0.115658,-0.695468,7.740000,22.667243

-4.121083,-0.923146,11.829660,16.121176,-0.139437,-0.180649,-0.659762,7.740000,22.667243

-0.770451,-1.826069,10.275292,16.135881,-0.090408,-0.225148,-0.635781,7.736000,22.667243

-0.938102,-1.651232,10.706396,16.118235,0.061209,-0.284836,-0.714920,7.732000,22.667243

0.934803,-1.378200,11.367421,16.118235,0.017776,-0.351185,-0.833230,7.720000,22.667243

0.649796,-0.262121,9.729228,16.127058,-0.026457,-0.286434,-0.831631,7.720000,22.667243

2.745438,0.679122,9.166399,16.132940,0.189644,-0.274444,-0.714654,7.712000,22.667243

1.610199,0.104317,10.112432,16.135881,0.023105,-0.198502,-0.576360,7.712000,22.667243

-0.111820,1.258717,9.470566,16.118235,0.097714,-0.087387,-0.602739,7.704000,22.667243

-1.984725,3.270533,9.355605,16.147646,0.100379,-0.190508,-0.657897,7.704000,22.667243

-1.385971,1.450318,9.240644,16.132940,0.043889,-0.242735,-0.666424,7.704000,23.000882

-1.678163,2.420301,9.563972,16.153528,0.066005,-0.222217,-0.600075,7.708000,23.000882

-1.453031,4.444093,8.749665,16.144705,0.125959,-0.319742,-0.486562,7.704000,23.000882

0.204322,5.155414,8.663445,16.150587,0.192575,-0.436719,-0.350666,7.712000,23.000882

0.491725,4.178246,9.319680,16.159410,0.047086,-0.420998,-0.299772,7.716000,23.000882

-1.266220,4.300392,9.710068,16.144705,0.145678,-0.326404,-0.170537,7.720000,23.000882

-1.043483,4.791370,8.225156,16.150587,0.129956,-0.386891,-0.053560,7.724000,23.000882

-0.083080,4.824901,9.228669,16.150587,0.086523,-0.415136,0.092195,7.720000,23.000882

0.585131,5.026083,9.358000,16.162352,0.084391,-0.356514,0.188388,7.728000,23.000882

-0.396827,5.552987,9.329260,16.147646,-0.004874,-0.341592,0.220363,7.736000,23.000882

4.371656,3.749537,10.172307,16.159410,0.012713,-0.247264,0.134562,7.736000,23.000882

2.987335,3.399864,10.529164,16.162352,0.145411,-0.139347,0.107650,7.728000,23.000882

3.957318,2.657408,9.781919,16.162352,0.022572,0.086347,0.141490,7.736000,23.000882

2.089203,0.346214,8.960427,16.156469,-0.025924,0.108197,0.268859,7.732000,23.000882

0.872533,1.572464,8.766430,16.179998,-0.131710,0.199327,0.277919,7.732000,23.000882

0.419874,0.461175,10.404624,16.179998,-0.106929,0.206521,0.075141,7.724000,23.000882

0.015116,-1.121933,8.847861,16.171175,0.107040,0.301915,0.010391,7.724000,23.000882

-1.596732,-1.208153,8.684999,16.165293,-0.132243,0.163621,-0.096194,7.724000,23.000882

-2.037416,1.268297,9.616662,16.162352,-0.117321,0.207054,-0.208109,7.720000,23.000882

-1.060248,0.992869,10.660891,16.159410,0.012446,0.094607,-0.139894,7.720000,23.000882

-1.227899,1.699400,9.779524,16.159410,0.054014,0.046644,-0.039704,7.712000,23.000882

-0.466283,1.697005,8.596384,16.162352,-0.044843,-0.011712,-0.013591,7.712000,22.611543

-0.111820,2.837034,8.443103,16.162352,0.004719,0.030922,0.146553,7.708000,22.611543

0.151632,3.636971,8.426337,16.174116,0.066005,0.092209,0.268060,7.708000,22.611543

0.678536,3.577096,8.802356,16.159410,0.019108,0.074622,0.338140,7.712000,22.611543

1.030604,3.636971,8.471843,16.182940,-0.064828,0.126050,0.383172,7.712000,22.611543

-0.976422,2.911280,8.505373,16.185881,0.011114,0.283529,0.421809,7.716000,22.611543

-2.056576,2.841825,7.949728,16.191763,-0.035783,0.235299,0.427404,7.712000,22.611543

-2.379904,4.480018,9.061018,16.179998,-0.069091,0.281930,0.482029,7.720000,22.611543

-3.290011,3.474110,10.375883,16.200586,-0.027257,0.221443,0.555573,7.720000,22.611543

-2.542765,4.820111,8.867022,16.179998,0.100112,0.260080,0.558504,7.724000,22.611543

-2.981054,4.820111,8.275451,16.182940,0.111837,0.133777,0.502813,7.732000,22.611543

-3.359467,2.655013,8.368856,16.179998,0.008183,0.019731,0.410884,7.728000,22.611543

-3.680399,0.470755,10.395043,16.182940,-0.094672,0.017066,0.348265,7.732000,22.611543

-4.935390,1.608389,10.411809,16.179998,-0.053370,0.185737,0.259800,7.736000,22.611543

-5.840707,1.570069,9.777128,16.212351,-0.060831,0.067428,0.082602,7.736000,22.611543

-4.566556,1.098250,9.978311,16.188822,0.042024,-0.055678,-0.054893,7.732000,22.611543

-6.269415,-0.872851,9.839399,16.174116,0.000988,-0.234474,-0.170271,7.724000,22.611543

-2.937943,-2.297887,10.375883,16.174116,-0.073088,-0.447111,-0.256871,7.724000,22.611543

-2.523605,-1.169833,9.928015,16.194704,-0.013667,-0.353050,-0.346136,7.720000,22.611543

2.084413,0.662357,10.189072,16.177057,0.150207,-0.466297,-0.308565,7.712000,22.611543

1.701210,-1.351855,9.516071,16.179998,-0.037116,-0.576612,-0.146556,7.708000,22.611543

4.754859,1.467083,9.504096,16.185881,0.078795,-0.376765,-0.028246,7.708000,22.611543

3.583695,2.295760,9.137658,16.194704,0.052682,-0.169990,0.140158,7.700000,22.611543

0.891693,2.056258,8.450288,16.191763,0.112636,-0.070600,0.165472,7.700000,22.611543

0.371974,5.246424,9.130473,16.188822,0.068137,-0.066336,0.149751,7.700000,22.611543

1.286871,3.962693,9.266990,16.182940,-0.009404,-0.092450,0.144954,7.700000,22.611543

0.630636,2.243070,8.498188,16.191763,0.031365,0.008806,0.023980,7.700000,22.611543

-0.107030,3.972274,8.811935,16.185881,-0.006473,0.071425,-0.150553,7.704000,22.611543

-1.139284,3.579490,8.931686,16.182940,0.006851,0.029590,-0.304568,7.708000,22.611543

-1.100963,2.628668,9.458591,16.174116,0.029233,-0.021038,-0.320556,7.704000,22.611543

-0.741710,4.245306,9.199929,16.191763,0.034030,-0.061540,-0.290712,7.708000,22.611543

-0.138165,4.523129,8.335326,16.171175,-0.016065,-0.070067,-0.293377,7.712000,22.611543

-0.102240,3.277718,9.470566,16.185881,0.027901,-0.116165,-0.262467,7.716000,22.611543

-1.726063,3.265743,8.603569,16.194704,-0.012068,-0.102575,-0.290978,7.724000,22.611543

-0.380062,4.781791,8.399992,16.179998,-0.144767,-0.101509,-0.374648,7.720000,22.611543

0.168397,3.648946,10.304033,16.191763,0.119031,-0.126290,-0.102056,7.732000,22.611543

0.673746,3.469320,9.877720,16.194704,-0.042978,-0.133751,0.099922,7.732000,22.611543

2.338285,2.645433,10.462104,16.197645,0.079595,-0.198768,0.255003,7.728000,22.611543

3.011285,2.183194,9.995075,16.185881,0.020707,0.009339,0.329080,7.728000,22.611543

1.102455,-2.364948,9.492122,16.185881,-0.163419,0.034120,0.346133,7.728000,22.611543

0.051041,-0.568683,9.372371,16.200586,-0.036050,0.160956,0.342137,7.724000,22.611543

-1.074618,0.738997,10.337564,16.194704,-0.024858,0.297651,0.352795,7.720000,22.611543

0.422269,-0.892011,9.734018,16.194704,0.003387,0.200393,0.345867,7.720000,22.611543

-0.612379,0.157008,9.384345,16.182940,-0.005673,0.268340,0.220097,7.712000,22.611543

-1.227899,1.208421,9.470566,16.194704,-0.025391,0.304046,0.272057,7.712000,22.611543

-2.135612,0.391720,8.634704,16.197645,-0.074687,0.273670,0.281650,7.712000,11.093159

-1.812284,1.749696,9.080178,16.185881,-0.013667,0.213716,0.240881,7.704000,11.093159

-0.317792,4.365057,10.327983,16.209410,0.028434,0.255017,0.286446,7.704000,11.093159

0.118102,4.271651,8.610754,16.200586,-0.008338,0.263278,0.255536,7.716000,11.093159

-0.104635,3.668106,8.064690,16.218235,0.011647,0.306178,0.221695,7.712000,11.093159

-0.248336,2.963970,8.534113,16.215292,-0.032852,0.294187,0.253671,7.716000,11.093159

0.692906,5.109908,8.783195,16.203527,-0.042711,0.368797,0.271790,7.716000,11.093159

0.690511,4.125555,8.591594,16.203527,-0.050439,0.475648,0.184924,7.724000,11.093159

-0.509393,2.662198,8.603569,16.203527,-0.038714,0.487373,0.094060,7.724000,11.093159

-1.544042,4.115975,7.679091,16.200586,-0.040580,0.468987,-0.013591,7.728000,11.093159

-2.257758,4.882381,9.130473,16.200586,-0.116522,0.512953,-0.134298,7.724000,11.093159

-1.805099,3.189102,9.860954,16.206469,-0.102932,0.500962,-0.258203,7.736000,11.093159

-2.106871,4.008199,9.791499,16.194704,0.084391,0.521480,-0.386105,7.732000,11.093159

-4.228859,3.078931,9.947175,16.197645,-0.005140,0.338953,-0.532393,7.740000,11.093159

-3.840866,1.768856,9.465776,16.215292,0.005785,0.191599,-0.681612,7.740000,11.093159

-5.917347,1.057535,10.136381,16.197645,0.002054,0.059434,-0.755156,7.740000,11.093159

-4.964129,-0.693224,9.396320,16.206469,0.004985,-0.131087,-0.858010,7.740000,11.093159

-4.315080,0.018096,10.395043,16.191763,-0.002742,-0.256857,-0.886788,7.744000,11.093159

-3.261271,-1.174623,10.366303,16.209410,0.121429,-0.418333,-0.866271,7.736000,11.093159

-0.497418,-1.667997,9.353210,16.203527,0.085457,-0.626973,-0.751426,7.728000,11.093159

1.011444,-1.121933,9.767549,16.182940,0.149408,-0.586471,-0.627787,7.724000,11.093159

1.595829,-0.760285,11.087204,16.194704,0.061209,-0.417001,-0.540387,7.724000,11.093159

1.059344,-0.080099,9.736413,16.203527,0.185114,-0.361843,-0.487628,7.716000,23.018345

-0.758475,-0.321996,9.247829,16.212351,0.110505,-0.516658,-0.480167,7.708000,23.018345

-1.702113,1.507799,10.560300,16.206469,0.172590,-0.442581,-0.389037,7.704000,23.018345

-0.221991,2.008358,10.265713,16.221176,0.163797,-0.547301,-0.229159,7.704000,23.018345

1.322797,2.475386,7.295888,16.188822,0.160599,-0.486015,0.042366,7.700000,23.018345

-0.435148,3.943534,7.770102,16.206469,0.063874,-0.482551,0.291775,7.704000,23.018345

-0.904572,3.095696,9.762758,16.206469,0.158734,-0.457503,0.538786,7.696000,23.018345

-0.334557,3.031031,9.108918,16.224117,0.043089,-0.414869,0.669086,7.696000,23.018345

-0.574059,4.405772,8.728109,16.224117,0.057478,-0.328802,0.706124,7.704000,23.018345

-0.351322,3.332803,8.179650,16.212351,0.023638,-0.344523,0.845484,7.700000,23.018345

0.680931,5.919425,9.530441,16.227058,-0.105597,-0.238738,0.817239,7.712000,23.018345

1.823356,6.055941,9.580737,16.203527,-0.001676,-0.067136,0.629650,7.712000,23.018345

0.395924,6.168507,9.257409,16.227058,0.080661,0.060766,0.385570,7.720000,23.018345

0.276173,4.127950,8.627519,16.212351,0.036161,-0.043954,0.155613,7.720000,23.018345

1.191071,3.071746,8.471843,16.218235,0.006851,-0.042355,-0.112715,7.724000,23.018345

2.630477,3.907608,8.376042,16.212351,-0.133309,-0.036226,-0.235021,7.728000,23.018345

4.012403,1.510194,9.540022,16.212351,0.019374,0.015734,-0.224363,7.728000,23.018345

3.562140,2.346056,9.252620,16.218235,0.020973,0.147367,-0.208641,7.728000,23.018345

3.691471,2.889725,10.524375,16.221176,-0.205786,0.177477,-0.126837,7.728000,23.018345

1.976637,-0.937516,8.953242,16.212351,-0.004874,0.276601,-0.009328,7.724000,23.018345

2.905905,0.233648,9.535232,16.224117,-0.046708,0.243559,-0.117778,7.720000,23.018345

1.135985,-2.101496,10.093271,16.218235,0.036961,0.381321,-0.050896,7.712000,23.018345

-0.104635,-1.275214,10.320798,16.218235,-0.075486,0.272071,0.070345,7.712000,23.018345

-1.292565,-0.386662,9.753179,16.235882,-0.072822,0.336022,0.134029,7.704000,23.018345

-4.219279,0.365374,10.773457,16.221176,-0.074687,0.239829,0.092195,7.700000,23.018345

-1.486561,0.475545,8.634704,16.232941,0.088655,0.242227,0.039968,7.704000,23.018345

-2.772687,2.511312,8.459867,16.227058,0.048685,0.159357,0.046097,7.696000,23.018345

-3.100805,2.410721,9.171188,16.221176,-0.029388,0.085814,-0.009594,7.700000,23.018345

-2.152377,3.330408,9.207114,16.209410,0.013512,0.045844,-0.124972,7.708000,23.018345

-1.663793,3.459739,8.790380,16.235882,-0.018996,0.015201,-0.074877,7.696000,23.018345

0.374369,3.378309,9.278965,16.209410,-0.062430,-0.051148,0.075940,7.708000,23.018345

0.724042,4.063285,8.311377,16.215292,-0.093872,0.133244,0.320287,7.704000,23.018345

-1.086593,4.959022,9.257409,16.224117,-0.118920,0.164154,0.673349,7.708000,23.018345

1.351537,4.937467,8.845466,16.227058,0.008716,0.195596,0.838290,7.716000,23.018345

0.656981,4.269256,8.907737,16.227058,0.046820,0.295520,0.866002,7.720000,23.018345

-1.122518,2.904095,9.219090,16.230000,-0.066427,0.349612,0.753821,7.716000,23.018345

-2.188302,3.713611,8.948452,16.235882,-0.102932,0.454598,0.549444,7.716000,23.018345

-3.045719,3.811807,10.665681,16.230000,-0.070956,0.466322,0.213169,7.724000,23.018345

-3.929481,4.039334,9.197534,16.244705,-0.014200,0.442607,-0.082605,7.728000,23.018345

-4.588112,1.826336,10.486054,16.230000,-0.065627,0.318435,-0.370118,7.728000,23.018345

-5.428763,1.443133,11.103970,16.232941,-0.114390,0.212916,-0.644041,7.728000,23.018345

-6.003568,0.909044,10.129196,16.227058,-0.092540,-0.018373,-0.804185,7.732000,23.018345

-4.590507,-0.125605,10.059741,16.235882,-0.046708,-0.265117,-0.871334,7.728000,23.018345

-4.044442,0.135452,10.445339,16.241764,0.131555,-0.403411,-0.855612,7.728000,23.018345

-3.016979,-1.481186,9.578342,16.230000,0.095050,-0.545436,-0.704528,7.728000,23.018345

-2.343978,-0.135185,8.632309,16.224117,0.087322,-0.640297,-0.464978,7.720000,10.923205

3.360958,1.232371,9.415481,16.230000,0.057478,-0.701849,-0.211839,7.712000,10.923205

2.014957,1.596414,9.556787,16.232941,0.140348,-0.508931,0.017052,7.704000,10.923205

0.800682,0.858748,10.081296,16.227058,0.084924,-0.387957,0.336541,7.708000,10.923205

-0.794401,1.907767,10.088481,16.224117,0.121163,-0.277108,0.441793,7.700000,10.923205

0.405504,1.998778,8.680209,16.230000,0.124361,-0.331200,0.462311,7.704000,10.923205

2.537071,2.645433,9.523256,16.227058,0.038826,-0.204097,0.651499,7.696000,10.923205

0.333654,2.798714,9.774734,16.244705,0.031632,-0.058609,0.826832,7.700000,10.923205

1.167120,4.065680,8.354486,16.235882,0.120097,-0.061007,0.836691,7.700000,10.923205

1.880836,3.514825,7.370133,16.238823,0.076397,0.010138,0.791659,7.700000,10.923205

0.300123,2.746024,8.804750,16.235882,-0.100534,0.110062,0.692535,7.708000,10.923205

-0.595614,4.286021,9.786709,16.256470,-0.089609,0.197461,0.255803,7.704000,10.923205

-0.327372,5.016502,9.470566,16.224117,0.052949,0.258481,-0.304568,7.708000,10.923205

-1.053063,3.905213,8.629914,16.253529,0.064939,0.167351,-0.633916,7.716000,10.923205

-2.351163,3.759117,9.235854,16.238823,-0.082681,0.081284,-0.751958,7.716000,10.923205

-1.330885,4.302787,10.941108,16.244705,-0.099734,0.002944,-0.796458,7.720000,10.923205

3.020865,4.341107,7.755732,16.241764,-0.179940,-0.079659,-0.565168,7.720000,10.923205

3.176542,3.905213,10.603411,16.235882,-0.004607,-0.023436,-0.375181,7.720000,10.923205

3.363353,2.822664,8.649075,16.244705,0.155537,0.059434,-0.268063,7.728000,10.923205

2.853214,1.902977,10.217813,16.235882,-0.164485,0.013336,-0.262467,7.724000,10.923205

2.702328,1.366493,10.663286,16.227058,-0.022727,0.118589,-0.097260,7.732000,10.923205

1.785035,1.179681,10.167517,16.241764,-0.003009,0.194264,-0.112182,7.724000,10.923205

1.112035,-0.487253,8.682605,16.244705,-0.048041,0.276601,-0.188657,7.724000,10.923205

0.860558,-0.935121,8.603569,16.244705,-0.061364,0.262212,-0.146289,7.720000,21.730272

-0.221991,-0.822555,8.833491,16.232941,-0.050972,0.255817,-0.065018,7.712000,21.730272

0.213903,0.820428,10.418994,16.250587,-0.057367,0.262212,-0.102589,7.704000,21.730272

-1.898505,0.248018,11.029724,16.232941,0.080394,0.222775,-0.208109,7.700000,21.730272

-0.243546,1.007240,8.399992,16.241764,0.066805,0.117523,-0.227827,7.700000,21.730272

-1.805099,2.777159,7.786867,16.227058,0.017509,0.146034,-0.114580,7.704000,21.730272

-2.624196,3.656131,8.596384,16.250587,-0.040047,0.077820,-0.017321,7.696000,21.730272

-2.626591,2.633458,10.064531,16.259411,-0.037116,0.050907,-0.059955,7.696000,21.730272

-0.432753,4.156691,10.581855,16.256470,0.074532,0.089544,-0.036240,7.704000,21.730272

0.807867,7.023529,7.037226,16.247646,0.097981,0.002144,0.205974,7.704000,21.730272

1.909576,3.304063,6.876760,16.279999,-0.123183,-0.063672,0.523864,7.708000,21.730272

1.243761,2.702913,8.512558,16.271175,-0.084546,0.158824,0.662158,7.712000,21.730272

-0.550109,4.092025,9.286150,16.256470,-0.094405,0.297118,0.781267,7.708000,21.730272

-0.210016,5.332645,6.922265,16.259411,-0.031520,0.298717,0.736767,7.712000,21.730272

-0.724945,4.609349,7.796447,16.271175,-0.034451,0.384518,0.446856,7.720000,21.730272

-0.964447,4.973392,8.625124,16.262352,0.021240,0.527609,0.186256,7.720000,21.730272

-4.353400,4.736285,8.105405,16.265293,-0.091208,0.447936,0.011457,7.724000,21.730272

-4.080368,1.179681,10.601015,16.265293,-0.045110,0.209719,-0.479634,7.732000,21.730272

-6.113739,0.971314,9.135263,16.274117,-0.087211,0.131645,-0.499885,7.736000,21.730272

-5.833522,1.713770,9.044252,16.282940,-0.014999,-0.051681,-0.398096,7.736000,21.730272

-7.169943,0.501890,10.835728,16.271175,0.010048,-0.137482,-0.370384,7.732000,21.730272

-5.323382,-1.224919,11.307546,16.265293,-0.050439,-0.403944,-0.413818,7.736000,21.730272

-2.090106,-0.020224,9.252620,16.265293,-0.029921,-0.446845,-0.349334,7.728000,22.165211

-0.516578,-1.418915,8.984377,16.268234,0.081993,-0.515059,-0.139095,7.720000,22.165211

1.981427,-0.499228,9.444221,16.274117,0.040425,-0.373568,-0.058890,7.720000,22.165211

2.972965,0.772528,9.420271,16.253529,0.208829,-0.404477,-0.031977,7.712000,22.165211

2.465221,0.415670,8.249105,16.262352,-0.014999,-0.272312,0.058087,7.708000,22.165211

-0.636329,1.206026,9.724438,16.268234,0.048419,-0.201166,0.357591,7.708000,22.165211

-2.236202,2.334080,10.629756,16.271175,0.127292,-0.162263,0.366651,7.704000,22.165211

-1.230294,-0.705199,9.441826,16.288822,-0.030987,-0.235806,0.075408,7.700000,22.165211

-0.114215,1.047955,9.020303,16.271175,0.012180,-0.086588,0.006660,7.696000,22.165211

-0.530949,4.115975,7.676696,16.265293,0.201635,-0.067669,0.023714,7.696000,22.165211

0.070201,1.658685,8.663445,16.265293,-0.058166,-0.294695,-0.045300,7.692000,22.165211

0.352814,2.128109,9.120893,16.268234,0.108373,-0.135350,-0.105787,7.700000,22.165211

-1.031508,4.300392,8.831096,16.279999,-0.019263,-0.109503,-0.149220,7.700000,22.165211

-0.114215,3.732772,8.895761,16.282940,-0.127447,-0.131886,-0.177199,7.700000,22.165211

0.225878,4.951837,9.046648,16.294704,0.065472,-0.114300,-0.111916,7.708000,22.165211

-0.887806,4.889566,9.731624,16.279999,0.029766,-0.146808,-0.118844,7.700000,22.165211

-0.947682,5.636813,8.890971,16.306469,0.087589,-0.234208,-0.212372,7.712000,22.165211

-0.983607,5.028478,7.497069,16.279999,-0.039514,-0.170523,-0.213971,7.712000,22.165211

0.621056,4.585399,9.408296,16.285881,0.063607,-0.183846,-0.245946,7.728000,22.165211

0.913248,2.963970,8.754455,16.277058,-0.076019,-0.228612,-0.253407,7.720000,22.165211

2.783759,2.595137,8.572433,16.285881,0.045754,-0.266716,-0.096727,7.724000,22.165211

3.126246,2.267020,8.912526,16.294704,0.018575,-0.065803,0.056489,7.732000,22.165211

3.099901,2.415511,9.710068,16.297646,0.041491,0.028524,0.120440,7.728000,22.165211

1.557508,-0.029804,8.462263,16.288822,-0.110393,0.079685,0.136694,7.732000,22.165211

0.807867,-0.628559,9.520862,16.282940,-0.045110,0.083416,0.080470,7.728000,22.165211

2.247274,-0.058544,10.996194,16.297646,-0.077618,0.284062,0.015986,7.728000,22.165211

-0.135770,0.671937,10.433364,16.288822,0.095316,0.264610,0.073009,7.716000,22.165211

0.280963,-0.796210,8.138935,16.294704,0.032697,0.209719,0.123904,7.716000,22.165211

-4.101923,0.858748,9.777128,16.279999,0.053215,0.167085,0.205175,7.712000,22.165211

-2.073341,1.445528,8.986773,16.288822,0.058811,0.017066,0.208905,7.708000,22.165211

0.328863,0.427645,7.801237,16.294704,-0.014999,-0.033828,0.269925,7.704000,22.165211

0.395924,3.780672,7.885063,16.297646,0.123028,0.102867,0.316290,7.704000,22.165211

-2.605036,5.981695,9.963940,16.297646,-0.151428,0.178809,0.277120,7.708000,22.165211

-1.110543,2.635853,9.573552,16.288822,-0.030188,0.078886,0.261665,7.716000,22.165211

0.594711,5.117093,7.695856,16.306469,0.022305,0.170016,0.316556,7.712000,22.165211

0.719252,4.173456,8.644284,16.294704,-0.063495,0.216114,0.441527,7.712000,22.165211

0.580340,4.068075,10.304033,16.288822,0.060676,0.283262,0.506544,7.716000,22.165211

0.388739,5.021293,8.301796,16.315292,0.019641,0.345615,0.478299,7.720000,22.165211

0.482145,4.664434,7.686276,16.306469,-0.063229,0.403437,0.391432,7.732000,22.165211

-0.274681,2.808294,8.052714,16.303528,-0.056301,0.389581,0.290709,7.736000,22.165211

-1.086593,2.702913,8.103010,16.306469,0.018841,0.407434,0.120706,7.740000,22.165211

-4.676727,3.572305,9.175979,16.297646,-0.109860,0.418892,-0.116179,7.740000,22.165211

-2.688861,2.204749,9.518467,16.300587,-0.038981,0.177743,-0.239551,7.740000,22.165211

-5.862262,1.392838,10.330379,16.291763,-0.034185,0.183073,-0.364522,7.744000,22.165211

-6.777159,0.636012,9.791499,16.315292,0.031099,-0.014643,-0.545184,7.744000,22.165211

-6.341266,-0.027409,10.145962,16.315292,-0.167682,-0.169990,-0.625655,7.736000,11.128971

-4.236044,-0.252541,11.441668,16.288822,0.012979,-0.398349,-0.594479,7.728000,11.128971

-1.814679,-1.409335,9.516071,16.309410,0.019641,-0.497206,-0.331481,7.736000,11.128971

-3.431317,-0.626164,9.652588,16.303528,0.055880,-0.513460,-0.059422,7.728000,11.128971

-1.584757,-1.016552,9.772339,16.300587,0.156869,-0.731960,-0.016522,7.720000,11.128971

0.369579,-0.923146,9.358000,16.291763,0.104109,-0.621644,0.139891,7.716000,11.128971

3.734581,0.619246,10.715977,16.306469,0.038826,-0.432189,0.531058,7.712000,11.128971

1.250946,1.723350,9.072993,16.306469,0.120630,-0.321607,0.801784,7.708000,11.128971

0.716857,5.162599,8.730505,16.303528,0.139016,-0.199035,0.775937,7.708000,11.128971

1.653309,2.580767,8.141330,16.312351,0.079062,-0.248863,0.764213,7.708000,11.128971

2.400555,1.881422,8.680209,16.324116,0.054814,-0.172921,0.772207,7.704000,11.128971

-0.439938,3.292088,9.949570,16.306469,-0.051238,-0.036759,0.560902,7.712000,11.128971

0.666561,3.555540,9.482541,16.303528,-0.007272,-0.011978,0.245144,7.712000,11.128971

1.155145,3.720797,8.076665,16.312351,0.150740,0.021063,-0.022384,7.708000,11.128971

1.274896,6.350528,8.862231,16.297646,0.019374,0.008007,-0.237419,7.716000,11.128971

0.767152,4.187826,8.531718,16.297646,0.050550,-0.014643,-0.326418,7.716000,11.128971

-1.100963,5.282350,8.289822,16.303528,0.113436,-0.123093,-0.403692,7.724000,11.128971

-1.105753,2.372401,8.285031,16.309410,0.024437,-0.185712,-0.408755,7.728000,11.128971

-1.493746,3.890843,8.867022,16.288822,0.061475,-0.119629,-0.315493,7.732000,11.128971

0.316888,4.513548,9.116103,16.312351,-0.000344,-0.118297,-0.204112,7.736000,11.128971

1.777850,2.587952,9.710068,16.329998,0.012180,-0.142811,0.218231,7.740000,11.128971

2.829264,2.674173,9.561577,16.306469,0.078263,-0.100177,0.316023,7.736000,22.632367

4.565653,0.578531,9.520862,16.309410,-0.044843,0.026393,0.416479,7.740000,22.632367

4.033959,2.075418,11.537468,16.324116,0.006318,0.154295,0.542516,7.732000,22.632367

2.450851,0.748577,10.038186,16.312351,-0.051238,0.371195,0.587282,7.732000,22.632367

1.286871,-4.752782,10.052556,16.303528,0.003120,0.404236,0.517202,7.728000,22.632367

1.430573,0.173773,9.082573,16.327057,0.131022,0.564380,0.623787,7.720000,22.632367

-0.626749,-0.997392,10.529164,16.332939,-0.036583,0.477780,0.632314,7.716000,22.632367

-2.913993,-0.056149,9.645403,16.321175,0.022572,0.638723,0.500682,7.708000,22.632367

-3.187025,4.367452,8.919712,16.324116,0.060942,0.487373,0.415414,7.708000,22.632367

-0.789611,2.281390,8.958032,16.335880,-0.074420,0.346414,0.277120,7.704000,22.632367

-0.049550,2.717283,9.003537,16.318233,0.064406,0.312040,0.199579,7.704000,22.632367

-0.729735,6.008040,8.282637,16.329998,-0.006739,0.379988,0.148951,7.704000,22.632367

-0.772846,3.809412,9.137658,16.332939,-0.130644,0.354141,-0.020252,7.708000,22.632367

0.338444,5.097933,9.147239,16.315292,-0.030721,0.351210,-0.005597,7.712000,22.632367

-0.775241,5.133858,9.906460,16.318233,-0.045110,0.387716,0.100189,7.712000,22.632367

0.862953,4.774605,8.467052,16.321175,-0.016065,0.445272,0.007460,7.724000,22.632367

0.213903,4.791370,7.779682,16.318233,-0.012335,0.444472,-0.016256,7.728000,22.632367

1.054554,2.717283,8.718530,16.315292,-0.027790,0.453798,-0.062620,7.728000,22.632367

-0.789611,3.081326,8.380832,16.332939,-0.050972,0.559318,-0.194252,7.732000,22.632367

-1.747618,3.488480,8.385622,16.324116,-0.050439,0.505759,-0.329882,7.728000,22.632367

-0.518973,2.983131,8.246711,16.327057,-0.155425,0.458062,-0.469775,7.732000,22.632367

-2.229017,2.659803,10.735136,16.335880,-0.093872,0.438610,-0.671487,7.736000,22.632367

-3.620524,3.754327,9.259805,16.356470,0.081727,0.409566,-0.801254,7.736000,22.632367

-4.909044,-0.642929,9.324470,16.324116,-0.037382,0.175612,-0.804985,7.736000,22.521765

-4.257599,-0.484858,11.115945,16.344706,-0.074420,0.088212,-0.910504,7.740000,22.521765

-5.215607,-1.174623,11.032119,16.315292,-0.079217,-0.165194,-0.895582,7.740000,22.521765

-2.121242,0.377349,10.040581,16.327057,0.090520,-0.313614,-0.858277,7.732000,22.521765

-1.910480,-1.775773,10.165122,16.335880,0.099580,-0.379696,-0.787131,7.732000,22.521765

-0.243546,-1.042897,9.851375,16.344706,0.059077,-0.624309,-0.710657,7.728000,22.521765

-0.142955,-0.039384,10.217813,16.344706,0.091053,-0.385825,-0.491891,7.716000,22.521765

3.121456,2.453831,9.154424,16.341763,0.253595,-0.324538,-0.463380,7.716000,22.521765

0.946778,0.659962,8.970007,16.335880,0.046820,-0.297359,-0.294709,7.716000,22.521765

-0.851881,0.319869,9.264594,16.329998,0.164596,-0.244067,-0.140960,7.708000,22.521765

-2.264943,4.975787,9.065807,16.329998,0.203500,-0.258722,-0.235821,7.712000,22.521765

-0.923732,1.708980,8.711345,16.327057,0.018308,-0.369038,-0.404491,7.708000,22.521765

-0.159721,4.099210,8.720924,16.335880,0.223485,-0.323473,-0.304301,7.708000,22.521765

-1.649423,4.810531,8.934082,16.341763,0.118498,-0.322940,-0.253141,7.708000,22.521765

-0.281867,3.529195,9.769943,16.338821,0.142214,-0.424462,-0.252341,7.716000,22.521765

-0.703390,4.458463,7.394083,16.353529,0.166462,-0.468162,-0.134831,7.720000,22.521765

-0.598009,4.161480,8.553273,16.356470,0.000455,-0.380229,-0.110583,7.724000,22.521765

-2.126032,4.755445,10.054951,16.350588,0.068137,-0.342391,-0.124173,7.728000,22.521765

-1.088988,4.348292,7.710226,16.359411,0.093984,-0.376765,-0.153217,7.732000,22.521765

-1.445846,4.891962,8.172465,16.338821,0.031632,-0.382361,-0.097260,7.728000,22.521765

-1.486561,2.940020,9.966335,16.362352,0.039359,-0.484682,0.040235,7.732000,22.521765

0.074991,3.119647,9.987890,16.347647,0.158734,-0.450842,0.165472,7.736000,22.521765

2.577787,3.454949,8.677814,16.371176,-0.064028,-0.499338,0.375444,7.732000,22.521765

4.357286,2.156849,10.704001,16.356470,0.092918,-0.131886,0.730905,7.740000,22.521765

4.956041,0.228858,8.625124,16.371176,0.050550,-0.032229,0.683475,7.732000,22.521765

4.532123,1.778436,9.072993,16.362352,-0.114123,0.126582,0.744495,7.732000,22.521765

2.996915,0.001331,9.844189,16.350588,-0.113058,0.239030,0.743962,7.724000,22.521765

2.544257,-1.747033,10.462104,16.362352,0.008716,0.352276,0.582752,7.724000,22.521765

-0.308212,-2.740966,9.750783,16.377058,-0.015532,0.469253,0.517469,7.720000,22.521765

-0.550109,-0.515993,10.110036,16.356470,-0.174877,0.496166,0.366118,7.716000,22.521765

-1.175209,1.146151,9.875324,16.368235,-0.065361,0.635792,0.140957,7.704000,22.521765

-1.970355,1.282667,8.313771,16.356470,0.068936,0.522279,-0.016788,7.700000,22.521765

-2.856513,2.077813,7.715016,16.385881,-0.111992,0.343216,-0.205177,7.700000,22.521765

-2.003886,1.323382,10.126801,16.356470,-0.051238,0.309642,-0.293377,7.704000,22.521765

-1.802704,3.107671,10.007051,16.371176,-0.023526,0.278466,-0.357594,7.696000,22.521765

-1.785939,3.160362,9.882509,16.359411,-0.098669,0.232368,-0.430338,7.700000,22.521765

-2.528395,3.301668,8.656260,16.356470,-0.033652,0.333624,-0.563037,7.708000,22.521765

-1.941615,3.864498,7.820397,16.356470,-0.013134,0.163887,-0.502816,7.704000,22.521765

0.774337,2.017938,9.781919,16.338821,-0.149296,0.043446,-0.345070,7.716000,22.521765

-0.183671,4.872801,10.054951,16.368235,0.024704,0.175878,-0.301370,7.716000,22.521765

-0.712970,3.996224,8.282637,16.353529,-0.037915,0.098071,-0.180929,7.720000,22.521765

-1.196764,4.235726,8.802356,16.359411,-0.039514,0.059434,0.018118,7.720000,22.521765

-1.694928,2.789134,8.943662,16.365294,-0.047774,0.080484,0.089797,7.728000,22.521765

-1.874555,3.122042,10.459709,16.347647,0.027901,0.096472,-0.011193,7.728000,22.521765

-1.685348,1.723350,8.888577,16.353529,-0.120252,0.087945,-0.002133,7.724000,11.138550

-2.545160,2.487362,9.882509,16.362352,0.042290,0.035985,-0.011992,7.724000,11.138550

-4.173773,0.851563,9.947175,16.368235,-0.045643,-0.018640,0.014921,7.732000,11.138550

-6.185590,0.485125,10.936318,16.385881,-0.014999,-0.062339,-0.062886,7.728000,11.138550

-4.947364,1.632339,9.944780,16.368235,0.096648,-0.222217,-0.213171,7.728000,11.138550

-4.015702,0.166588,9.712463,16.365294,0.116900,-0.398882,-0.260335,7.720000,11.138550

-2.846932,-0.906381,8.787985,16.362352,0.050817,-0.517191,-0.215836,7.720000,11.138550

-2.605036,-0.628559,10.059741,16.365294,0.010048,-0.449509,-0.062087,7.716000,11.138550

1.191071,1.661080,10.454919,16.365294,-0.054436,-0.460967,0.165205,7.712000,11.138550

3.571720,1.400023,9.020303,16.365294,0.022838,-0.585405,0.331212,7.712000,11.138550

4.522542,0.947364,9.259805,16.353529,0.216823,-0.385025,0.565699,7.700000,11.138550

1.001864,2.628668,8.785590,16.353529,0.080128,-0.275509,0.623521,7.700000,11.138550

-0.238756,2.120924,10.418994,16.379999,0.057212,-0.229145,0.501748,7.696000,11.138550

1.097665,2.808294,9.662168,16.388823,0.128357,-0.220352,0.434066,7.696000,11.138550

1.583854,3.399864,8.816726,16.365294,-0.009404,-0.075130,0.321352,7.700000,11.138550

-1.297355,2.537657,9.525652,16.368235,0.108373,-0.032496,0.131898,7.700000,11.138550

-2.384694,3.490875,7.813212,16.385881,0.026036,-0.084722,0.002930,7.700000,11.138550

0.151632,3.818992,9.951965,16.382940,0.040958,-0.052214,-0.056225,7.704000,11.138550

-0.104635,4.424932,8.970007,16.379999,0.004186,-0.064205,-0.162011,7.708000,11.138550

-0.859066,4.317157,8.423943,16.362352,0.066005,-0.075663,-0.178531,7.708000,11.138550

0.532440,4.429723,8.876601,16.374117,-0.010203,-0.102309,-0.046366,7.716000,11.138550

0.144447,3.107671,9.717253,16.388823,0.054547,-0.030630,-0.005331,7.720000,11.138550

0.316888,4.250096,8.912526,16.374117,0.019374,-0.021837,-0.035707,7.724000,11.138550

-0.720155,3.363939,8.052714,16.374117,-0.087744,0.110861,-0.037306,7.728000,21.572247

0.072596,3.668106,9.420271,16.371176,-0.030188,0.081017,0.063950,7.724000,21.572247

0.400714,2.156849,10.083691,16.379999,-0.052571,0.117523,0.085800,7.732000,21.572247

3.468734,2.592742,8.637099,16.362352,-0.044843,0.040515,-0.001600,7.732000,21.572247

3.490289,1.869447,10.692026,16.359411,-0.096803,0.167618,0.023181,7.728000,21.572247

1.212626,-0.336366,10.433364,16.371176,-0.115989,0.396242,0.059686,7.724000,21.572247

0.544415,1.313802,10.998589,16.365294,-0.113590,0.445805,0.056489,7.724000,21.572247

3.523819,2.084998,9.187954,16.362352,0.071335,0.400239,0.097524,7.716000,21.572247

1.600619,-1.591357,8.960427,16.377058,0.038826,0.429550,0.069012,7.716000,21.572247

-0.533344,-0.065729,9.535232,16.368235,-0.118653,0.402904,-0.112715,7.708000,21.572247

-0.971632,0.341424,8.682605,16.377058,-0.029655,0.462592,-0.244614,7.700000,21.572247

-2.037416,-0.082494,9.841794,16.371176,-0.028589,0.359737,-0.278188,7.700000,21.572247

-2.006281,3.454949,9.367580,16.379999,-0.040313,0.310175,-0.375181,7.696000,21.572247

-0.502208,1.411998,10.486054,16.365294,-0.037382,0.229171,-0.489759,7.696000,21.572247

-0.377667,2.135294,8.170071,16.388823,0.063607,0.208653,-0.624856,7.696000,21.572247

-1.062643,3.706426,7.935358,16.362352,-0.085612,0.143903,-0.556108,7.696000,21.572247

-1.376390,3.941139,9.405901,16.379999,0.011913,0.192132,-0.654433,7.704000,21.572247

-2.181117,2.101763,9.286150,16.365294,0.010048,0.144968,-0.691471,7.704000,21.572247

-2.197882,3.799832,8.064690,16.371176,0.057212,0.021596,-0.534259,7.708000,21.572247

-2.487679,4.056099,8.301796,16.371176,-0.025125,-0.042355,-0.234222,7.708000,21.572247

-2.516420,3.519615,9.010722,16.371176,0.036961,-0.103641,0.106850,7.712000,21.572247

-1.342860,5.234449,8.799960,16.368235,0.029233,-0.125225,0.336807,7.712000,21.572247

-1.122518,3.742352,8.797565,16.397646,-0.023793,-0.135350,0.719447,7.720000,21.763547

-0.775241,4.808136,10.962664,16.374117,-0.019796,-0.058076,0.969656,7.716000,21.763547

-0.401617,3.807017,8.605964,16.368235,0.207763,0.049575,0.937680,7.720000,21.763547

-2.272128,-0.688434,8.421547,16.371176,0.052149,-0.054079,0.690669,7.724000,21.763547

-4.125873,1.246742,9.164003,16.371176,-0.017397,0.043446,0.405555,7.728000,21.763547

-5.670660,1.340147,10.986613,16.359411,-0.106396,0.019731,0.197714,7.724000,21.763547

-2.461334,0.798873,10.574670,16.359411,0.011913,-0.153736,-0.044767,7.724000,21.763547

-2.332003,-1.086008,8.555669,16.371176,0.176321,-0.225681,-0.236886,7.724000,21.763547

-3.649264,-3.009208,9.420271,16.374117,-0.100800,-0.278973,-0.292844,7.720000,21.763547

-3.026559,-2.388898,11.621294,16.382940,-0.194595,-0.385025,-0.307765,7.704000,21.763547

-0.085475,-1.205759,8.491003,16.368235,-0.034451,-0.455638,-0.250743,7.700000,21.763547

-0.952472,0.274364,10.021420,16.371176,0.043622,-0.405543,-0.023716,7.696000,21.763547

1.442548,0.609666,10.296848,16.374117,0.105708,-0.322407,0.139092,7.688000,21.763547

0.161212,1.471873,9.511281,16.362352,0.032165,-0.286168,0.419677,7.684000,21.763547

-1.733248,1.625154,10.138777,16.374117,0.142214,-0.260854,0.470305,7.684000,21.763547

0.237853,1.960457,8.543694,16.379999,0.088655,-0.218753,0.429803,7.680000,21.763547

1.567089,4.252491,7.061176,16.382940,-0.063229,-0.101509,0.411950,7.684000,21.763547

1.373092,3.110067,8.924501,16.379999,-0.052837,-0.091650,0.316290,7.676000,21.763547

-1.048273,3.308853,10.708791,16.371176,0.021772,0.001345,0.187855,7.680000,21.763547

-0.159721,3.646551,9.219090,16.379999,0.083858,-0.012777,0.107383,7.692000,21.763547

-0.356112,4.863221,8.752060,16.379999,0.071867,0.009872,0.073009,7.688000,21.763547

-0.188461,3.840548,8.380832,16.374117,-0.036050,-0.051947,0.118574,7.696000,21.763547

-0.382457,4.338712,9.137658,16.379999,0.020174,-0.075663,0.093261,7.700000,21.763547

0.288148,5.085958,8.953242,16.394705,-0.002742,0.009339,0.041034,7.704000,21.763547

-0.521369,4.491993,8.433522,16.379999,-0.089875,0.026126,-0.053560,7.704000,21.763547

-0.037575,4.757840,9.997471,16.388823,-0.019796,0.061832,-0.147355,7.708000,21.763547

-0.042365,2.947205,9.266990,16.377058,0.011647,0.079419,-0.218234,7.712000,21.763547

0.910853,3.328013,8.409573,16.397646,0.125959,-0.026367,-0.354396,7.720000,21.763547

1.183886,2.449041,8.505373,16.385881,-0.095737,-0.041022,-0.296308,7.712000,21.763547

1.739530,1.766461,10.332773,16.368235,-0.062430,0.030390,-0.205444,7.716000,21.763547

3.784877,3.069351,10.272898,16.382940,0.069469,0.111927,-0.095128,7.720000,21.763547

3.140616,2.338870,9.281360,16.368235,0.063074,0.200925,-0.106586,7.724000,21.763547

2.443666,-1.220129,8.467052,16.382940,-0.167416,0.184138,-0.218767,7.720000,21.763547

1.284476,-1.205759,9.654983,16.374117,-0.115189,0.250488,-0.208908,7.712000,21.763547

0.886903,0.157008,9.717253,16.377058,-0.143701,0.306178,-0.175600,7.704000,21.763547

-0.087870,0.398905,9.956755,16.388823,0.014045,0.384518,-0.109517,7.704000,21.763547

-0.588429,-0.240566,10.804592,16.391764,-0.066693,0.270206,-0.121775,7.700000,21.763547

-1.848209,0.197723,9.621452,16.379999,-0.036849,0.261945,-0.255805,7.696000,21.763547

-1.105753,1.079090,8.479028,16.406469,0.003920,0.179342,-0.247545,7.692000,21.763547

-0.487838,0.410880,9.513677,16.391764,-0.000610,0.121253,-0.107386,7.688000,21.763547

-0.198041,1.833521,9.453801,16.382940,-0.054702,0.166019,-0.028513,7.684000,21.763547

-0.756080,3.033426,8.179650,16.388823,-0.034984,0.312307,-0.077275,7.684000,21.763547

-2.343978,2.698123,9.041858,16.379999,-0.083480,0.272071,-0.191588,7.688000,21.763547

-0.911757,3.337594,8.725715,16.385881,0.018841,0.081817,-0.289646,7.688000,21.763547

-2.023046,5.164994,8.649075,16.406469,0.063074,0.073290,-0.255539,7.696000,21.763547

-1.512907,3.371124,9.741203,16.400587,-0.041646,0.029857,-0.256072,7.704000,21.763547

-1.553622,3.895633,10.062136,16.391764,0.060143,0.080218,-0.211306,7.704000,21.763547

-1.654213,4.580609,8.795171,16.385881,0.020707,0.044246,0.237150,7.700000,21.763547

-1.766779,4.147110,7.937753,16.365294,-0.016865,-0.063139,0.867867,7.708000,10.494913

-1.285380,4.942257,9.350815,16.379999,-0.101600,0.079685,1.215068,7.712000,10.494913

-1.927245,3.593861,10.948293,16.394705,0.030832,0.155893,1.194816,7.712000,10.494913

-1.132098,3.047796,8.934082,16.403528,0.127025,0.223575,0.943276,7.716000,10.494913

-4.655172,2.803504,7.703041,16.379999,-0.017397,0.267275,0.683741,7.720000,10.494913

-5.280272,-0.106445,9.966335,16.394705,-0.076819,0.155627,0.131365,7.720000,10.494913

-5.886212,0.437225,9.722043,16.388823,-0.088010,0.091942,-0.085802,7.720000,10.494913

-5.241952,2.611902,10.996194,16.397646,-0.068825,0.044512,-0.227027,7.720000,10.494913

-3.469637,1.122200,10.421389,16.394705,0.067071,-0.182514,-0.323220,7.720000,10.494913

-1.424291,-1.826069,9.130473,16.406469,0.126492,-0.454039,-0.284317,7.712000,10.494913

-1.194369,-1.720688,9.633428,16.403528,-0.015266,-0.337329,-0.128170,7.708000,10.494913

-0.214806,-1.315929,9.985496,16.400587,-0.046442,-0.387157,0.022115,7.700000,10.494913

4.524938,-1.141093,10.093271,16.415293,-0.013933,-0.357313,0.056222,7.688000,10.494913

3.140616,-0.331576,10.239367,16.406469,0.030033,-0.221151,0.155080,7.688000,10.494913

3.940553,2.444251,9.822634,16.391764,0.067604,-0.019173,0.100189,7.676000,10.494913

2.043698,1.792806,8.756850,16.412352,0.100912,0.074356,0.244611,7.676000,10.494913

0.671351,1.675450,7.808422,16.412352,-0.026990,0.155360,0.173999,7.676000,10.494913

0.779127,3.155572,9.463381,16.403528,-0.115189,0.157226,0.018118,7.664000,10.494913

-0.418383,2.803504,10.505215,16.403528,-0.044310,0.241428,-0.181995,7.664000,10.494913

-0.964447,3.598651,9.389135,16.403528,0.071068,0.243559,-0.415150,7.676000,10.494913

-2.025441,3.914793,7.712621,16.409410,-0.034185,0.190800,-0.644308,7.680000,10.494913

-2.423014,3.385494,8.764035,16.400587,-0.093339,0.083948,-0.735171,7.672000,10.494913

-1.572782,4.075260,9.511281,16.412352,-0.041379,-0.012511,-0.773009,7.676000,10.494913

-2.104476,5.363780,9.288545,16.391764,0.022838,-0.025834,-0.763150,7.684000,10.494913

-1.500932,5.802069,8.404782,16.409410,-0.005940,-0.104973,-0.709324,7.696000,10.494913

-1.299750,6.065521,9.037067,16.415293,-0.001676,-0.110569,-0.682678,7.696000,20.517812

-1.505722,6.125396,9.645403,16.406469,0.139815,-0.154535,-0.546782,7.716000,20.517812

-1.043483,5.131464,9.111313,16.403528,0.112370,-0.262453,-0.466577,7.716000,20.517812

-1.474586,4.077655,9.118498,16.406469,0.018042,-0.318410,-0.331481,7.724000,20.517812

1.804196,4.199801,7.844347,16.424116,0.012713,-0.216355,-0.301370,7.728000,20.517812

1.904786,5.169784,9.240644,16.394705,0.058278,-0.117764,-0.297373,7.724000,20.517812

4.601578,4.844061,9.401111,16.388823,0.112370,-0.139347,-0.274191,7.728000,20.517812

4.462667,2.156849,9.578342,16.424116,0.059610,-0.012777,-0.236886,7.732000,20.517812

3.844752,0.676727,9.025092,16.406469,-0.039780,0.117789,-0.280586,7.728000,20.517812

1.212626,-0.173505,8.816726,16.421175,-0.105863,0.201991,-0.380510,7.732000,20.517812

-4.291129,-2.999628,10.316008,16.424116,-0.074953,0.166019,-0.645640,7.724000,20.517812

-4.777318,-0.954281,10.529164,16.429998,0.060676,-0.009047,-0.843089,7.720000,20.517812

-2.197882,0.588111,10.236973,16.424116,0.066805,-0.069001,-0.857478,7.716000,20.517812

-2.169142,-0.259726,10.284873,16.418234,0.283972,-0.491078,-0.425009,7.720000,20.517812

-2.442174,2.132899,6.776169,16.424116,0.407877,-0.471892,0.355726,7.716000,20.517812

1.241366,1.886212,8.148515,16.432940,0.017243,-0.640030,1.072510,7.712000,20.517812

1.782640,2.039493,8.253896,16.427057,0.168327,-0.140413,1.800219,7.704000,20.517812

1.456918,2.707703,8.538903,16.432940,0.240538,0.015734,2.395230,7.708000,20.517812

-1.589547,-0.099259,10.423784,16.441763,0.126759,0.160423,2.467708,7.708000,20.517812

-7.241793,0.731812,10.792617,16.424116,0.226149,0.440742,1.693101,7.708000,20.517812

-6.302946,1.778436,9.084968,16.432940,-0.002209,0.141238,0.521466,7.700000,20.517812

2.055673,2.276600,8.613149,16.418234,-0.213514,-0.109503,0.047695,7.700000,22.746816

4.553678,0.949759,9.815449,16.418234,-0.106129,0.301915,-0.027713,7.696000,22.746816

1.006654,3.280113,10.143566,16.447645,-0.046975,0.519082,-0.150553,7.692000,22.746816

-0.238756,3.050191,8.752060,16.424116,0.005252,0.370662,-0.419680,7.696000,22.746816

-0.633934,1.584439,8.361671,16.421175,-0.167149,0.322432,-0.676283,7.692000,22.746816

-0.983607,2.125714,8.924501,16.435881,-0.088809,0.252619,-0.869735,7.688000,22.746816

0.041461,1.371283,9.070598,16.421175,-0.127180,0.221710,-0.987778,7.688000,22.746816

-1.424291,1.356912,9.949570,16.418234,-0.178074,0.126316,-1.016822,7.684000,22.746816

-0.542924,3.876473,9.722043,16.432940,0.011380,0.159091,-0.949141,7.688000,22.746816

-0.162116,3.533985,11.044094,16.421175,-0.106396,0.105265,-0.733839,7.692000,22.746816

0.139657,2.650223,9.164003,16.421175,0.096382,0.102068,-0.601940,7.696000,22.746816

-2.157167,1.201236,9.437036,16.418234,0.048419,0.002411,-0.571563,7.692000,22.746816

-2.542765,1.902977,9.750783,16.438822,-0.025924,-0.071666,-0.686409,7.688000,22.746816

-2.818192,1.383258,10.124407,16.409410,0.070269,-0.179583,-0.826834,7.688000,22.746816

-0.732130,1.639525,9.374765,16.427057,0.123028,-0.079926,-0.954203,7.688000,22.746816

0.692906,1.028795,8.701765,16.424116,0.062541,-0.262986,-0.872932,7.688000,22.746816

0.027091,0.889884,10.019026,16.429998,0.069203,-0.172122,-0.711456,7.688000,22.746816

-2.322423,1.256322,8.708950,16.427057,0.122229,-0.227013,-0.564902,7.680000,22.746816

-0.095055,3.131622,8.469448,16.421175,0.092385,-0.352784,-0.269128,7.684000,22.746816

0.283358,1.409603,9.724438,16.444704,0.171791,-0.243001,0.003729,7.684000,22.746816

-2.557135,2.403536,9.149633,16.432940,0.169393,-0.277641,0.148152,7.676000,22.746816

-1.189579,2.772369,8.922107,16.435881,0.079861,-0.392220,0.279251,7.684000,22.746816

-0.557294,1.160521,9.003537,16.415293,0.207497,-0.730094,0.192385,7.672000,22.746816

-6.077814,-0.197455,9.690907,16.432940,0.061742,-0.019972,0.344268,7.680000,22.746816

-0.564479,1.404813,8.397597,16.418234,-0.130111,-0.049549,0.215833,7.676000,22.746816

-1.577572,3.131622,9.980705,16.447645,0.035895,-0.098312,0.006394,7.672000,22.746816

0.225878,2.884935,8.620334,16.418234,0.020707,-0.236606,-0.027181,7.676000,19.627849

-0.418383,2.573582,9.762758,16.441763,-0.094672,-0.277375,0.127368,7.668000,19.627849

-0.492628,5.229659,10.615385,16.432940,0.079062,-0.190774,0.341071,7.676000,19.627849

-1.711693,2.918465,9.530441,16.424116,-0.036849,-0.214756,0.462045,7.680000,19.627849

-0.267496,1.802386,9.772339,16.441763,0.005518,-0.238738,0.672017,7.672000,19.627849

-0.641119,2.329290,9.750783,16.441763,-0.087211,-0.086321,0.896645,7.672000,19.627849

-2.401459,3.339988,10.205837,16.421175,0.189377,-0.064205,0.920893,7.672000,19.627849

-0.516578,-0.051359,8.955637,16.447645,0.071335,-0.163595,0.914764,7.672000,19.627849

-0.193251,1.524564,9.757969,16.459410,-0.157290,-0.081791,0.918761,7.676000,19.627849

-0.415988,4.195011,10.565090,16.456469,0.177920,0.097005,0.890783,7.668000,19.627849

0.867743,0.286339,8.172465,16.453527,0.099580,-0.072199,0.742630,7.676000,19.627849

-0.176486,1.735325,9.310100,16.447645,-0.122384,0.067161,0.571827,7.668000,19.627849

1.337167,3.648946,9.717253,16.429998,0.043622,0.173213,0.432467,7.668000,19.627849

1.773060,2.161639,10.246552,16.432940,0.070802,0.280864,0.238749,7.676000,19.627849

0.740807,1.898187,9.410690,16.427057,0.027635,0.322432,0.082069,7.668000,19.627849

-0.526159,1.828731,9.128078,16.438822,0.035096,0.311241,-0.088200,7.664000,19.627849

-1.208739,1.598809,6.876760,16.429998,0.220554,0.295786,-0.239018,7.660000,19.627849

-0.277076,0.168983,9.501701,16.447645,-0.189266,0.188402,-0.462580,7.664000,19.627849

0.213903,3.543565,9.793894,16.429998,-0.208718,0.150031,-0.435667,7.656000,19.627849

0.462985,1.371283,10.483660,16.424116,0.113169,0.293921,-0.163876,7.656000,19.627849

-1.275800,1.752090,7.324628,16.438822,0.000189,0.188935,-0.019720,7.648000,19.627849

-2.930758,1.251532,9.025092,16.438822,-0.117854,0.124984,-0.037306,7.652000,19.627849

-1.718878,3.924373,11.293176,16.424116,-0.022460,0.078619,-0.100991,7.656000,19.627849

-0.856671,4.101605,9.130473,16.429998,-0.058166,0.026126,-0.137230,7.660000,19.627849

-1.769174,3.495665,9.458591,16.438822,-0.020329,0.041314,-0.174534,7.664000,19.627849

-1.702113,3.165152,8.883786,16.450586,0.057745,-0.056477,-0.011992,7.664000,19.627849

-1.556017,2.077813,9.487331,16.438822,-0.089076,-0.065537,0.128167,7.668000,18.516304

-1.328490,3.687266,9.463381,16.406469,-0.013134,0.003210,0.320819,7.668000,18.516304

-1.534462,1.447923,9.262199,16.435881,0.082792,-0.051947,0.571827,7.668000,18.516304

-2.638566,3.260953,8.560458,16.444704,0.044955,-0.116964,0.848415,7.664000,18.516304

-1.817074,1.649105,9.870534,16.427057,0.052949,-0.172122,0.949404,7.664000,18.516304

-2.425409,2.252650,9.334050,16.427057,-0.067492,-0.144143,0.927288,7.664000,18.516304

-1.194369,2.817874,10.802197,16.429998,0.131022,-0.130554,0.785530,7.668000,18.516304

-0.193251,3.143597,9.607082,16.432940,0.129956,0.019465,0.497218,7.664000,18.516304

0.525255,0.006121,8.852651,16.429998,0.031898,-0.063938,0.307230,7.672000,18.516304

0.388739,2.683753,9.666958,16.432940,-0.004874,0.065829,0.272856,7.664000,18.516304

0.834213,1.644315,8.316167,16.435881,0.138483,0.059434,0.228357,7.672000,18.516304

0.489330,0.657567,8.263476,16.438822,-0.054702,0.109529,0.174798,7.660000,18.516304

1.456918,3.165152,9.137658,16.424116,0.031898,0.217180,0.118841,7.672000,18.516304

0.956359,2.892120,8.723320,16.418234,0.101178,0.198794,0.025313,7.664000,18.516304

-0.461493,1.021610,8.297007,16.427057,0.014312,0.167085,-0.207309,7.664000,18.516304

-1.615892,2.207144,9.944780,16.424116,-0.080816,0.129247,-0.428473,7.660000,18.516304

1.437757,2.259835,9.650192,16.415293,0.068936,-0.011978,-0.533726,7.668000,18.516304

3.339403,0.580926,9.286150,16.429998,-0.002476,0.090610,-0.477769,7.660000,18.516304

-0.188461,1.917347,9.099339,16.429998,0.102511,0.189201,-0.353331,7.656000,18.516304

0.510885,2.166429,9.034673,16.438822,-0.028855,0.026126,-0.322154,7.656000,18.516304

0.259408,1.826336,10.076506,16.429998,0.088122,0.101002,-0.359459,7.644000,18.516304

-1.048273,1.215606,9.417875,16.415293,-0.057633,0.069293,-0.417548,7.644000,18.516304

-1.230294,2.635853,9.293335,16.421175,0.132887,-0.016508,-0.525998,7.640000,18.516304

-0.439938,0.830008,8.902946,16.421175,0.006051,-0.059941,-0.401027,7.648000,18.516304

0.879718,1.627550,9.180769,16.406469,-0.119453,-0.042888,-0.172669,7.640000,18.516304

-0.655490,2.470596,10.349538,16.435881,-0.000610,0.053305,0.071411,7.640000,18.516304

-2.142797,2.257440,9.868139,16.438822,0.060942,-0.027699,0.104985,7.636000,18.516304

-1.694928,1.577254,7.607240,16.429998,0.101711,-0.149739,0.081270,7.640000,18.204086

-0.885411,1.919742,8.965217,16.435881,-0.114923,-0.122826,0.090596,7.640000,18.204086

-0.490233,3.354359,9.781919,16.424116,0.093451,-0.018640,0.155080,7.644000,18.204086

0.855768,2.420301,9.621452,16.435881,-0.117054,-0.092716,0.289643,7.644000,18.204086

1.720370,3.694452,9.942385,16.418234,-0.061364,0.008007,0.368783,7.644000,18.204086

0.182767,3.332803,8.958032,16.412352,0.076930,0.063164,0.412483,7.648000,18.204086

-0.648305,3.244188,9.168794,16.432940,-0.062696,-0.030897,0.346933,7.636000,18.204086

0.496515,0.944969,8.246711,16.409410,-0.102665,-0.004784,0.085267,7.640000,18.204086

-0.401617,2.983131,9.638218,16.441763,-0.183404,0.052506,-0.052494,7.640000,18.204086

1.358722,2.844219,8.996352,16.441763,-0.017930,0.103667,-0.161744,7.644000,18.204086

-0.607589,0.578531,10.100456,16.444704,0.095583,0.140439,-0.306966,7.644000,18.204086

0.108522,-0.022619,10.026211,16.418234,-0.077352,-0.012511,-0.259003,7.636000,18.204086

0.726437,1.469478,10.050160,16.432940,-0.032053,0.174812,-0.177199,7.640000,18.204086

0.374369,0.288734,10.098062,16.438822,0.067338,0.095406,-0.043168,7.628000,18.204086

-0.190856,1.850286,9.300520,16.424116,-0.115456,0.175612,0.010657,7.620000,18.204086

-1.948800,1.371283,9.738809,16.415293,-0.060831,0.224907,0.227558,7.624000,18.204086

-2.121242,1.318592,9.130473,16.438822,0.085457,0.036518,0.316290,7.624000,18.204086

0.110917,1.143756,8.981982,16.438822,-0.009137,0.037584,0.297371,7.616000,18.204086

0.400714,4.736285,9.956755,16.438822,-0.002742,0.074089,0.369049,7.624000,18.204086

0.740807,1.608389,9.159214,16.441763,-0.025125,0.072491,0.411683,7.616000,18.204086

-0.480653,4.367452,8.160490,16.427057,0.043089,0.159091,0.479898,7.624000,18.204086

1.167120,3.912398,7.868298,16.435881,-0.042179,0.134843,0.518268,7.616000,18.204086

2.173028,3.311248,9.896879,16.432940,-0.041912,0.238763,0.462311,7.620000,18.204086

0.034276,4.415352,9.796288,16.427057,0.003920,0.379455,0.301101,7.624000,18.204086

-0.806376,5.006922,8.498188,16.435881,0.011913,0.356540,0.242480,7.624000,18.204086

-0.849486,3.704032,7.882668,16.429998,-0.004341,0.350411,0.125502,7.632000,18.204086

-0.226781,4.563844,8.287426,16.441763,-0.080016,0.349878,-0.024782,7.636000,18.204086

-1.172814,4.084840,8.893367,16.438822,-0.049906,0.367465,-0.085269,7.644000,18.204086

-2.262548,4.389007,8.859837,16.432940,0.007650,0.421823,-0.197450,7.648000,18.204086

-2.355953,4.060890,8.498188,16.432940,-0.074154,0.362135,-0.301637,7.660000,18.204086

-2.897228,4.753050,10.215417,16.441763,-0.070424,0.305112,-0.384507,7.660000,16.943456

-2.767897,3.313643,9.063413,16.450586,0.024171,0.245425,-0.405024,7.664000,16.943456

-2.846932,2.844219,9.506492,16.412352,-0.084013,0.106864,-0.399429,7.676000,16.943456

-3.812125,2.710098,9.887300,16.441763,-0.059765,0.055703,-0.366654,7.672000,16.943456

-3.428922,0.738997,9.463381,16.450586,0.067604,-0.096447,-0.353597,7.672000,16.943456

-5.098251,-0.944701,9.262199,16.441763,-0.045909,-0.164128,-0.306966,7.672000,16.943456

-5.119806,1.337752,10.663286,16.459410,-0.051771,-0.237139,-0.371450,7.676000,16.943456

-2.784662,0.022887,10.989009,16.435881,0.125693,-0.399947,-0.327484,7.672000,16.943456

-1.529672,-3.361276,8.390412,16.441763,0.115567,-0.532113,-0.322421,7.668000,16.943456

-2.700836,-1.363830,10.495634,16.441763,0.059610,-0.467362,-0.254739,7.656000,16.943456

2.589762,0.111502,9.487331,16.447645,0.067604,-0.575013,-0.151352,7.636000,16.943456

3.545375,0.394115,8.383227,16.450586,0.184315,-0.537176,-0.045033,7.628000,16.943456

2.271224,1.306617,9.908854,16.447645,0.124361,-0.292297,0.256868,7.616000,16.943456

0.714462,2.882540,8.809541,16.444704,0.084658,-0.174787,0.177729,7.612000,16.943456

0.553995,3.057376,8.217971,16.438822,0.089454,-0.177718,0.071144,7.624000,16.943456

0.470170,2.602323,9.144843,16.447645,-0.051505,-0.177984,0.004262,7.616000,16.943456

-0.918942,2.096973,9.559182,16.453527,0.110505,-0.089252,-0.085802,7.620000,16.943456

-3.081644,3.984249,9.456196,16.441763,0.076664,-0.090318,-0.157481,7.616000,16.943456

-1.692533,4.635695,8.241920,16.471176,0.041757,-0.195304,-0.206510,7.612000,16.943456

-2.224227,2.710098,9.365185,16.438822,0.059610,-0.217421,-0.091931,7.620000,16.943456

-1.201554,3.495665,8.617939,16.459410,0.033230,-0.337595,-0.112715,7.632000,16.943456

-0.916547,3.960299,8.907737,16.447645,-0.012601,-0.306419,-0.088200,7.640000,16.943456

-0.126190,6.053546,8.091035,16.427057,0.111837,-0.293362,0.062617,7.640000,16.943456

0.817447,5.663157,9.001143,16.456469,0.038560,-0.258722,0.253404,7.648000,16.943456

0.218693,4.300392,9.353210,16.465292,-0.019796,-0.206762,0.378109,7.648000,16.943456

0.925223,5.045243,9.058622,16.459410,-0.004874,-0.237938,0.475634,7.660000,16.943456

0.853373,3.636971,8.823911,16.456469,-0.031520,-0.150539,0.605934,7.656000,16.943456

-0.310607,3.466924,9.571157,16.447645,0.008982,-0.053013,0.564100,7.668000,16.943456

1.574274,3.610626,8.548483,16.459410,0.102244,-0.023169,0.451120,7.668000,16.943456

2.002982,2.609508,8.723320,16.453527,-0.058166,0.001612,0.363453,7.668000,16.943456

1.981427,1.706585,10.145962,16.465292,-0.030188,0.153495,0.348532,7.664000,16.943456

2.108363,3.165152,10.373488,16.462351,0.074532,0.214249,0.310427,7.672000,16.943456

1.162330,0.516261,8.433522,16.468235,0.051083,0.209719,0.267527,7.672000,16.943456

0.779127,-0.559103,9.398716,16.462351,-0.317168,0.323232,0.186256,7.664000,16.943456

0.446219,1.893397,11.259645,16.453527,-0.046975,0.468987,0.133763,7.664000,16.943456

1.341957,-1.656022,9.832214,16.453527,0.044955,0.460460,-0.023983,7.660000,16.943456

-1.960775,-0.923146,9.980705,16.447645,-0.038981,0.333624,-0.163076,7.648000,16.943456

-1.213529,0.832403,9.326865,16.485882,-0.051238,0.347746,-0.162011,7.648000,16.943456

-1.335675,1.965247,9.657377,16.456469,0.030299,0.177743,0.016786,7.632000,16.943456

0.824632,0.523446,9.571157,16.456469,0.000455,0.180141,0.152682,7.632000,16.943456

-0.272286,1.993988,8.761641,16.453527,0.044422,0.300582,0.223294,7.624000,16.943456

-2.288893,2.286180,8.426337,16.477058,-0.080283,0.274203,0.203310,7.624000,16.943456

-0.969237,2.995106,9.441826,16.477058,-0.048307,0.277933,0.100189,7.624000,16.943456

-0.571664,2.566397,8.809541,16.468235,-0.019796,0.314971,-0.035707,7.632000,16.943456

-0.001649,3.912398,8.907737,16.462351,-0.003275,0.324564,-0.046366,7.640000,16.943456

0.661771,4.369847,8.347301,16.462351,-0.073355,0.303247,-0.067683,7.636000,16.943456

0.029486,4.211776,9.535232,16.477058,-0.107195,0.282729,-0.055159,7.636000,16.943456

0.024696,4.748260,9.137658,16.480000,-0.006206,0.344815,-0.075144,7.640000,16.943456

-1.081803,4.441698,8.079060,16.471176,-0.010203,0.260080,-0.026914,7.648000,16.943456

-1.134493,4.125555,9.075388,16.462351,-0.093073,0.266475,-0.016256,7.648000,16.943456

-1.656608,3.996224,8.421547,16.465292,-0.067492,0.217446,-0.010393,7.652000,16.943456

-2.961893,4.274046,9.528047,16.477058,-0.065894,0.225440,-0.025582,7.656000,16.943456

-2.363138,3.411839,9.674143,16.468235,-0.053103,0.144968,-0.041037,7.664000,16.943456

-3.596574,0.916229,9.029882,16.485882,-0.019796,0.084481,0.082336,7.668000,16.943456

-5.407208,1.332962,9.820239,16.480000,-0.069891,0.091942,0.107650,7.672000,9.227116

-4.741393,1.249136,10.256132,16.471176,-0.034185,0.066095,0.055689,7.664000,9.227116

-3.922296,0.549791,10.433364,16.477058,0.011913,-0.103375,-0.021318,7.664000,9.227116

-4.255204,0.590506,9.928015,16.465292,-0.018996,-0.173454,-0.027447,7.660000,9.227116

-3.584598,-0.377082,9.623847,16.477058,0.068403,-0.342924,-0.055958,7.656000,9.227116

-3.151100,0.554581,9.247829,16.459410,0.128890,-0.333865,0.002397,7.652000,9.227116

0.130077,0.765343,10.026211,16.465292,0.038293,-0.342658,-0.011992,7.644000,9.227116

5.169198,-1.217734,7.841952,16.459410,0.034563,-0.483617,-0.132167,7.636000,9.227116

2.364630,3.205868,10.016630,16.471176,0.094783,-0.109503,0.080204,7.636000,9.227116

0.072596,1.285062,9.070598,16.459410,0.115567,-0.228346,0.150816,7.628000,9.227116

-0.763265,2.367611,8.701765,16.468235,0.059877,-0.207295,0.079671,7.628000,9.227116

0.877323,3.248978,9.061018,16.459410,0.018575,-0.173188,-0.061821,7.624000,9.227116

2.185004,3.538775,8.972402,16.474117,-0.005407,-0.064471,-0.059156,7.628000,9.227116

-0.729735,2.556817,8.479028,16.471176,-0.016332,-0.002385,-0.073545,7.620000,9.227116

-1.824259,2.750814,9.956755,16.485882,-0.046708,-0.096713,-0.211839,7.628000,9.227116

-1.014742,4.077655,9.063413,16.480000,0.111037,-0.140679,-0.314427,7.632000,9.227116

-0.298632,3.795042,8.337722,16.462351,0.080927,-0.154003,-0.300305,7.632000,9.227116

-0.396827,4.899147,9.568762,16.482941,0.004452,-0.216888,-0.226494,7.636000,9.227116

1.004259,5.325460,7.894643,16.468235,-0.029122,-0.165194,-0.288314,7.648000,9.227116

0.271383,5.174574,8.706554,16.471176,0.014045,-0.193705,-0.257671,7.644000,9.227116

-0.408803,4.968602,8.507768,16.474117,0.054814,-0.143078,-0.269928,7.652000,9.227116

-1.290170,2.434671,8.524533,16.480000,0.009249,-0.113767,-0.296041,7.652000,9.227116

-0.128585,3.914793,8.900552,16.494705,0.038293,-0.264851,-0.308831,7.660000,9.227116

0.017511,3.028636,8.962822,16.477058,0.015910,-0.193972,-0.136164,7.668000,9.227116

0.807867,3.945928,9.561577,16.497646,0.042557,-0.218486,-0.014390,7.664000,9.227116

2.489171,2.518497,9.789104,16.474117,-0.081615,-0.241136,0.085000,7.668000,9.227116

2.247274,1.857471,9.496911,16.500587,-0.108794,-0.132952,0.314424,7.672000,18.624337

2.414926,3.778277,10.248947,16.503529,0.073733,-0.039957,0.493487,7.672000,18.624337

2.230509,1.548514,9.666958,16.474117,0.014312,0.015734,0.466841,7.668000,18.624337

3.820802,1.215606,9.377160,16.491764,-0.084812,0.087412,0.354660,7.664000,18.624337

3.296293,0.597691,9.607082,16.474117,0.067338,0.259547,0.310161,7.664000,18.624337

3.248392,-2.422428,9.219090,16.482941,-0.055768,0.169483,0.359190,7.656000,18.624337

0.439034,0.827613,9.961545,16.480000,-0.127180,0.521746,0.417279,7.652000,18.624337

0.915643,1.445528,10.296848,16.482941,0.004985,0.480711,0.299236,7.640000,18.624337

-1.000372,-0.678854,8.610754,16.485882,-0.038182,0.490837,0.068480,7.640000,18.624337

-1.311725,2.458621,8.445498,16.485882,-0.022194,0.400506,0.024247,7.636000,18.624337

-1.855394,2.906490,9.415481,16.497646,0.026569,0.343749,-0.039971,7.636000,18.624337

-1.299750,3.895633,9.223879,16.480000,-0.005673,0.296319,-0.122574,7.636000,18.624337

-0.751290,4.911121,8.402388,16.497646,-0.059765,0.241161,-0.122041,7.632000,18.624337

0.268988,3.957904,7.715016,16.488823,-0.103465,0.281397,-0.103655,7.648000,18.624337

0.776732,4.551868,9.350815,16.500587,-0.065094,0.349612,-0.166540,7.644000,18.624337

1.116825,4.808136,9.724438,16.482941,-0.023526,0.406368,-0.181729,7.656000,18.624337

0.872533,3.342384,8.543694,16.503529,-0.076819,0.337354,-0.131367,7.656000,18.624337

0.199532,4.084840,9.015512,16.506470,-0.068825,0.443673,-0.231557,7.660000,18.624337

0.161212,4.120765,9.417875,16.494705,-0.018197,0.488439,-0.371450,7.668000,18.624337

0.532440,5.739799,7.384504,16.497646,0.057212,0.482576,-0.383974,7.664000,18.624337

-3.946246,2.420301,10.363909,16.518234,-0.068558,0.387449,-0.559839,7.672000,18.624337

-3.757040,1.565279,9.877720,16.506470,-0.019796,0.362135,-0.687208,7.676000,18.624337

-4.834799,3.900423,10.062136,16.497646,-0.004607,0.195863,-0.695735,7.676000,18.624337

-4.930599,0.523446,9.592712,16.512352,-0.006206,0.029590,-0.638712,7.684000,18.624337

-4.659962,1.148546,9.968730,16.497646,0.045221,-0.044753,-0.743165,7.684000,18.624337

-4.257599,-1.205759,9.049043,16.500587,0.141681,-0.227546,-0.751426,7.684000,18.624337

-4.628827,-0.451327,10.672866,16.506470,0.111570,-0.359445,-0.483364,7.672000,19.751250

-3.929481,-1.550641,10.955479,16.506470,0.109172,-0.485215,-0.342139,7.672000,19.751250

-2.533185,-2.942148,10.359118,16.509411,0.095849,-0.610719,-0.212105,7.664000,19.751250

-0.566874,-0.908776,9.171188,16.524117,0.203500,-0.536376,-0.030378,7.656000,19.751250

1.253341,0.123477,9.190349,16.515293,0.289034,-0.479087,0.122571,7.636000,19.751250

2.589762,-0.422587,10.687236,16.515293,0.019641,-0.334131,0.065548,7.624000,19.751250

2.070043,1.572464,9.449011,16.506470,-0.063229,-0.530780,0.232354,7.616000,19.751250

3.966898,2.530472,8.122169,16.529999,0.285304,-0.231810,0.244345,7.616000,19.751250

0.446219,3.107671,8.986773,16.527058,0.074266,-0.271512,0.292308,7.620000,19.751250

-0.389642,2.223909,8.898156,16.506470,0.063607,-0.176119,0.212103,7.616000,19.751250

0.635426,5.368570,8.574828,16.518234,0.079861,-0.153470,0.161475,7.612000,19.751250

1.672469,4.084840,8.881392,16.521175,-0.033119,-0.146808,0.153215,7.620000,19.751250

1.564694,3.617811,8.419152,16.518234,-0.022727,-0.048750,0.032241,7.620000,19.751250

-0.135770,6.063126,9.808264,16.524117,0.020973,0.043180,-0.171870,7.628000,19.751250

-0.545319,4.884776,8.799960,16.527058,0.034030,0.074622,-0.437266,7.636000,19.751250

-1.175209,4.415352,8.222761,16.529999,-0.069624,0.057569,-0.603539,7.640000,19.751250

-1.481771,4.896751,9.039463,16.527058,0.006584,0.042913,-0.735971,7.648000,19.751250

-2.961893,3.948323,8.675420,16.527058,0.074799,-0.112434,-0.802320,7.660000,19.751250

-2.552345,3.641761,8.328141,16.529999,0.024171,-0.253926,-0.773808,7.656000,19.751250

-2.839747,3.787857,9.590317,16.535881,-0.013667,-0.264851,-0.726644,7.656000,19.751250

-2.945128,2.611902,10.347143,16.541763,0.031898,-0.351185,-0.663493,7.664000,19.751250

-2.159562,3.929163,8.938871,16.535881,0.192308,-0.383960,-0.450323,7.668000,19.751250

0.834213,3.807017,8.481422,16.535881,0.058278,-0.504667,-0.181196,7.672000,19.751250

1.555114,2.331685,9.662168,16.553528,0.046287,-0.447378,0.177729,7.672000,19.751250

1.847306,2.027518,10.330379,16.544704,-0.004341,-0.384226,0.458847,7.672000,19.751250

1.964662,2.159244,9.449011,16.550587,0.179785,-0.251261,0.632314,7.668000,19.751250

2.565812,-0.051359,8.773615,16.529999,0.134753,-0.166260,0.652832,7.664000,18.721310

0.563575,0.142637,9.575947,16.547646,-0.086678,-0.161197,0.592345,7.660000,18.721310

0.645006,-0.477673,10.660891,16.541763,-0.072822,0.010405,0.443925,7.656000,18.721310

0.695301,-1.428495,10.189072,16.547646,-0.002209,0.072757,0.452186,7.644000,18.721310

-0.506998,0.729417,9.520862,16.553528,0.016976,0.139639,0.480431,7.648000,18.721310

-0.554899,1.035980,9.571157,16.550587,0.050018,0.166019,0.397294,7.640000,18.721310

-0.080685,0.267179,9.729228,16.568233,-0.106929,0.089544,0.465242,7.636000,18.721310

-1.196764,1.931717,9.829819,16.547646,0.024171,0.175345,0.657362,7.636000,18.721310

-2.226622,2.096973,9.686118,16.568233,0.070002,0.105532,0.705858,7.628000,18.721310

-0.866251,2.310130,9.884905,16.562351,-0.002209,0.051707,0.727175,7.636000,18.721310

-0.894992,2.628668,9.882509,16.562351,0.046287,0.129247,0.843619,7.636000,18.721310

-0.181276,3.790252,8.694579,16.565292,0.058278,0.131379,0.863337,7.632000,18.721310

-0.174091,4.190221,8.625124,16.562351,0.008982,0.268074,0.709055,7.636000,18.721310

-0.456703,3.498060,8.756850,16.544704,-0.011269,0.240095,0.712253,7.640000,18.721310

0.633031,4.396193,8.895761,16.565292,-0.045376,0.312040,0.724777,7.644000,18.721310

1.186280,4.966207,8.948452,16.565292,-0.012068,0.417826,0.654431,7.652000,18.721310

0.585131,3.653736,8.953242,16.559410,0.056679,0.451400,0.591012,7.656000,18.721310

-1.570387,4.252491,9.760364,16.544704,-0.028589,0.486307,0.498550,7.664000,18.721310

-2.684071,4.036940,8.486213,16.541763,0.055880,0.476448,0.355726,7.664000,18.721310

-2.985843,4.185431,9.178373,16.565292,0.068403,0.443406,0.215300,7.668000,18.721310

-4.283944,3.553145,8.998747,16.556469,-0.053370,0.426353,0.088198,7.664000,18.721310

-4.221673,3.088511,9.506492,16.559410,-0.021661,0.292589,-0.049297,7.664000,18.721310

-4.853959,0.489915,10.569880,16.547646,-0.065094,0.166818,-0.065818,7.668000,18.721310

-3.845655,1.811966,9.638218,16.547646,-0.052571,0.094074,-0.071147,7.668000,18.721310

-3.400182,-0.978232,9.971126,16.547646,-0.021661,-0.055944,-0.168939,7.672000,18.721310

-2.523605,-1.440470,9.784313,16.547646,-0.163952,-0.150805,-0.187058,7.664000,19.415622

-1.496141,-0.178295,10.902788,16.556469,0.004452,-0.115365,-0.136430,7.660000,19.415622

-1.714088,-0.810580,10.268107,16.556469,0.079861,-0.212358,-0.109251,7.648000,19.415622

0.803077,-2.295492,10.433364,16.553528,-0.044310,-0.148940,-0.181729,7.644000,19.415622

1.988612,-0.068124,8.821516,16.547646,0.144345,-0.222217,-0.208109,7.636000,19.415622

0.474960,0.365374,9.834609,16.559410,0.055080,-0.069800,-0.225695,7.628000,19.415622

-1.584757,0.738997,10.148356,16.565292,-0.100534,-0.123359,-0.083671,7.632000,19.415622

-0.909362,1.253927,9.346025,16.565292,0.054814,-0.163329,-0.168139,7.620000,19.415622

0.997074,1.811966,8.955637,16.556469,0.008716,-0.170790,-0.137496,7.612000,19.415622

1.634149,3.102882,9.664562,16.559410,0.007916,-0.066336,0.096192,7.616000,19.415622

0.829423,4.300392,7.813212,16.568233,0.048952,-0.028232,0.289110,7.624000,19.415622

0.479750,4.080050,8.598779,16.568233,-0.006473,0.013336,0.270458,7.612000,19.415622

0.091757,4.762630,9.001143,16.571175,0.019907,0.007740,0.217432,7.620000,19.415622

0.321678,4.796161,8.292216,16.544704,-0.040313,0.083149,0.048495,7.624000,19.415622

-1.400341,4.151900,8.395202,16.568233,0.004719,0.103667,-0.107919,7.640000,19.415622

-2.142797,3.481295,8.831096,16.544704,-0.058699,0.114059,-0.268596,7.636000,19.415622

-0.983607,5.426051,9.875324,16.574116,-0.082947,0.046644,-0.448191,7.644000,19.415622

-0.631539,4.585399,9.156818,16.582939,0.060942,0.081284,-0.593413,7.656000,19.415622

-1.575177,3.704032,9.290939,16.562351,-0.110393,-0.053280,-0.688274,7.652000,19.415622

-1.148864,3.756722,8.380832,16.556469,-0.061630,-0.077794,-0.792461,7.656000,19.415622

0.827027,4.846456,9.544811,16.559410,-0.000344,-0.130820,-0.916899,7.660000,19.415622

1.411412,1.972432,9.312495,16.562351,-0.014999,-0.184646,-0.954203,7.668000,19.415622

0.862953,3.248978,9.032277,16.550587,0.105708,-0.151071,-0.831897,7.664000,19.415622

2.276014,3.445369,9.765154,16.562351,0.030566,-0.177718,-0.560105,7.672000,19.415622

3.629200,0.238438,9.046648,16.568233,-0.184736,-0.178517,-0.212105,7.668000,19.415622

1.619779,4.266861,10.541140,16.553528,-0.009670,0.001612,0.012522,7.668000,19.415622

3.092716,-0.983022,8.946056,16.556469,0.107307,-0.019173,0.085000,7.664000,19.415622

2.853214,-2.391293,8.285031,16.550587,-0.060564,0.005342,0.176130,7.660000,19.415622

-1.194369,0.461175,10.383068,16.553528,0.004186,0.220644,0.372247,7.652000,19.415622

-0.607589,-0.590238,10.854887,16.562351,-0.025658,0.154295,0.427138,7.648000,19.415622

-2.135612,-0.185480,10.236973,16.559410,-0.026990,0.150031,0.313891,7.640000,19.415622

-1.433871,1.275482,8.752060,16.544704,0.073466,0.099936,0.244611,7.636000,19.415622

0.501305,0.631221,8.086245,16.538822,0.044422,0.007207,0.238749,7.632000,19.415622

-1.292565,1.826336,9.288545,16.562351,-0.106129,0.067961,0.223561,7.636000,19.415622

-2.329608,3.289693,9.920830,16.568233,0.022572,0.152696,0.258734,7.644000,19.415622

-1.239874,1.356912,8.457473,16.547646,-0.041379,0.142037,0.289910,7.636000,19.415622

-0.727340,3.641761,10.078901,16.559410,-0.034984,0.219844,0.492688,7.640000,19.415622

-1.215924,4.369847,9.350815,16.568233,0.066005,0.232635,0.423674,7.640000,19.415622

-1.330885,4.652460,8.215575,16.556469,-0.019529,0.270206,0.373579,7.648000,19.415622

-0.983607,3.802227,8.809541,16.559410,-0.082414,0.253685,0.434332,7.656000,19.415622

-0.006439,3.907608,8.716135,16.547646,-0.118653,0.315238,0.504945,7.660000,19.415622

-0.315397,5.023687,9.247829,16.550587,0.061475,0.382120,0.456449,7.660000,19.415622

-0.272286,3.706426,8.914922,16.568233,0.019108,0.406368,0.339472,7.668000,19.415622

-0.736920,3.481295,9.075388,16.547646,-0.026191,0.503627,0.066881,7.672000,19.415622

-1.829049,2.834639,8.146120,16.562351,-0.026990,0.496432,-0.191854,7.672000,19.415622

-3.040929,2.013148,9.949570,16.571175,-0.151695,0.456996,-0.465245,7.672000,19.415622

-5.167706,0.865933,9.635822,16.550587,-0.038448,0.284595,-0.664559,7.680000,19.415622

-5.543725,0.437225,9.168794,16.547646,-0.027790,0.094607,-0.788997,7.676000,19.415622

-5.201237,-1.069242,10.038186,16.550587,-0.032053,-0.029032,-0.822571,7.672000,19.415622

-3.194210,-1.581777,10.926738,16.579998,0.037227,-0.196370,-0.859076,7.672000,19.415622

-2.147587,-3.042738,9.597502,16.556469,0.005252,-0.274444,-0.879860,7.668000,19.415622

-2.401459,-3.064294,9.736413,16.538822,-0.002742,-0.238471,-0.841223,7.656000,19.415622

1.353932,1.457503,10.179492,16.556469,0.053215,-0.440983,-0.805784,7.652000,9.656994

0.941988,0.176168,8.993958,16.559410,-0.003808,-0.268315,-0.768213,7.640000,9.656994

0.132472,1.206026,12.363750,16.568233,0.163531,-0.256324,-0.714654,7.632000,9.656994

-0.459098,0.885094,8.167675,16.562351,0.246134,-0.291497,-0.808448,7.632000,9.656994

-2.478099,0.327054,7.971283,16.559410,0.056946,-0.354116,-0.821239,7.628000,9.656994

-2.540370,4.149505,10.289662,16.571175,0.095050,-0.263519,-0.728510,7.632000,9.656994

-0.842301,1.912557,8.625124,16.562351,0.174722,-0.389289,-0.555043,7.628000,9.656994

-0.945287,2.343660,8.404782,16.571175,0.135818,-0.426327,-0.456984,7.628000,9.656994

-1.939220,3.541170,9.317285,16.579998,0.119031,-0.340526,-0.358926,7.636000,9.656994

-1.541647,3.821388,9.317285,16.571175,0.115301,-0.398082,-0.188390,7.636000,9.656994

-1.405131,4.585399,8.965217,16.585880,0.115034,-0.440183,-0.071147,7.636000,9.656994

-0.092660,5.102723,7.844347,16.579998,0.049751,-0.477222,0.032774,7.644000,9.656994

-0.799191,5.394916,9.635822,16.568233,0.086789,-0.401813,0.054890,7.644000,9.656994

0.024696,5.902659,8.708950,16.588821,0.132621,-0.397016,0.019717,7.652000,9.656994

0.110917,4.420143,8.282637,16.582939,0.121962,-0.352784,0.044498,7.656000,9.656994

-0.186066,3.613021,8.596384,16.579998,-0.025658,-0.402346,0.071144,7.660000,9.656994

-1.050668,4.942257,9.928015,16.588821,0.036694,-0.244333,0.148951,7.664000,9.656994

-0.066315,2.061048,9.968730,16.603529,0.007117,-0.342391,0.217699,7.664000,9.656994

1.135985,4.041729,8.567643,16.618235,0.043889,-0.317611,0.361055,7.672000,9.656994

1.679655,3.265743,10.909973,16.609411,-0.052038,-0.258722,0.430602,7.672000,9.656994

3.068766,1.021610,10.430969,16.612352,0.034563,-0.167859,0.507077,7.668000,9.656994

2.687958,1.505404,9.305309,16.609411,-0.008604,-0.103375,0.537187,7.672000,9.656994

3.245997,-0.642929,10.536350,16.606470,0.060143,0.122053,0.518535,7.668000,9.656994

2.807709,-0.254936,9.537626,16.615294,-0.065627,0.312307,0.367450,7.664000,9.656994

0.022301,-0.034594,9.805869,16.603529,0.027901,0.381854,0.215300,7.656000,9.656994

-2.238597,-0.214220,9.281360,16.603529,0.021772,0.353609,0.042633,7.648000,19.361155

-3.721115,1.289852,9.889694,16.615294,-0.046442,0.170549,-0.019986,7.636000,19.361155

-1.960775,2.329290,9.068203,16.618235,0.055347,0.085814,-0.065018,7.640000,19.361155

-1.656608,0.540211,9.175979,16.618235,-0.074687,0.071425,-0.025848,7.640000,19.361155

-1.740433,2.880145,8.263476,16.627058,0.024704,0.144435,0.038636,7.648000,19.361155

-0.648305,5.974510,8.955637,16.627058,0.088122,0.101002,0.296571,7.640000,19.361155

0.731227,2.810689,9.029882,16.609411,0.007384,0.031722,0.652299,7.644000,19.361155

2.105968,3.713611,8.651469,16.600588,0.032431,0.173213,0.752755,7.652000,19.361155

0.364789,4.266861,8.689790,16.603529,-0.017930,0.247823,0.816973,7.652000,19.361155

0.831818,4.281231,9.056228,16.606470,0.020973,0.285394,0.821503,7.664000,19.361155

0.946778,4.274046,9.132869,16.612352,0.057478,0.313106,0.736767,7.660000,19.361155

-0.578849,3.675291,9.209509,16.624117,0.058811,0.392778,0.555040,7.668000,19.361155

-2.015861,3.936348,8.452682,16.609411,0.000189,0.428484,0.272323,7.664000,19.361155

-3.268456,2.937625,10.066926,16.606470,-0.078684,0.346414,-0.106320,7.672000,19.361155

-2.892438,3.716007,9.731624,16.606470,0.092385,0.350411,-0.226761,7.672000,19.361155

-3.610944,1.141361,9.928015,16.609411,-0.078950,0.094341,-0.364522,7.676000,19.361155

-3.093619,0.703072,8.833491,16.615294,-0.012335,0.022662,-0.336011,7.672000,19.361155

-3.112780,0.774923,10.605805,16.621176,-0.113857,-0.056211,-0.377845,7.668000,19.361155

-2.291288,-0.422587,11.333891,16.624117,0.008183,-0.256591,-0.429272,7.672000,19.361155

-2.310448,-0.896801,9.808264,16.606470,0.042290,-0.304287,-0.379444,7.664000,19.361155

-3.306776,-1.160253,10.387858,16.612352,0.059610,-0.362643,-0.252075,7.664000,19.361155

-3.378627,-0.575868,9.829819,16.615294,0.066272,-0.459369,-0.118577,7.656000,19.361155

0.762362,0.449200,10.356724,16.615294,0.030299,-0.451641,-0.077009,7.648000,19.361155

0.158817,-0.971047,10.241762,16.632940,0.101178,-0.545169,0.020783,7.640000,19.361155

1.523978,1.907767,8.124565,16.612352,0.050550,-0.405010,0.121772,7.636000,19.868703

0.316888,1.879027,9.013118,16.612352,0.069203,-0.365574,0.315224,7.636000,19.868703

-1.053063,2.920860,9.633428,16.624117,0.109705,-0.298425,0.364519,7.628000,19.868703

0.668956,2.140084,8.605964,16.606470,-0.038448,-0.348787,0.433267,7.628000,19.868703

2.582577,3.850127,8.270661,16.603529,0.093184,-0.250462,0.507343,7.628000,19.868703

1.808985,3.771092,7.827582,16.606470,0.050284,-0.112701,0.521999,7.636000,19.868703

0.031881,3.277718,9.520862,16.600588,-0.127447,-0.042888,0.500415,7.636000,19.868703

1.320402,3.814203,9.573552,16.594706,0.046820,0.015468,0.457515,7.640000,19.868703

1.780245,5.311090,8.502978,16.615294,0.068403,0.052506,0.377842,7.652000,19.868703

0.166002,4.381822,9.719648,16.629999,-0.023526,0.068227,0.209438,7.656000,19.868703

0.166002,4.712335,8.347301,16.606470,0.064939,0.050907,0.081536,7.660000,19.868703

-0.130980,4.879986,8.862231,16.618235,0.001255,0.072757,-0.164409,7.664000,19.868703

0.065411,4.111185,7.925778,16.609411,-0.019796,0.103134,-0.197983,7.672000,19.868703

0.745597,4.032149,8.941267,16.612352,-0.084013,0.085814,-0.210240,7.660000,19.868703

1.648519,2.875355,10.136381,16.606470,0.060410,0.007740,-0.257671,7.672000,19.868703

2.474801,2.628668,8.740085,16.615294,0.032697,0.037850,-0.307765,7.672000,19.868703

1.888021,2.278995,10.090877,16.618235,-0.095471,0.144702,-0.337343,7.668000,19.868703

4.623134,0.988079,9.587922,16.600588,-0.023526,0.194530,-0.351465,7.672000,19.868703

3.138221,2.676568,8.074269,16.606470,-0.018996,0.243826,-0.250210,7.668000,19.868703

3.186122,-0.492043,9.075388,16.615294,-0.142102,0.222775,-0.179863,7.668000,19.868703

2.002982,0.372559,11.180610,16.621176,-0.017397,0.372794,-0.157747,7.668000,19.868703

1.629359,-0.207035,8.785590,16.609411,-0.115189,0.381054,-0.191321,7.656000,19.868703

0.685721,-1.342275,8.617939,16.624117,-0.140503,0.391713,-0.162011,7.648000,19.868703

-2.360744,0.111502,10.663286,16.606470,-0.013933,0.450867,-0.141226,7.648000,19.868703

-2.039811,0.863538,10.490845,16.624117,-0.126647,0.325097,-0.351998,7.640000,19.868703

-3.754645,1.661080,8.907737,16.618235,0.072933,0.371994,-0.511343,7.644000,19.868703

-2.262548,0.451595,7.576105,16.621176,-0.084546,0.151630,-0.533726,7.636000,19.524740

-1.759594,2.896910,9.674143,16.618235,0.047886,0.060766,-0.320023,7.644000,19.524740

-0.748895,3.921978,10.567485,16.621176,0.003653,0.061033,-0.217701,7.644000,19.524740

-0.768055,1.589229,9.338840,16.615294,-0.067226,0.075688,-0.179863,7.640000,19.524740

-2.128427,3.550750,8.946056,16.635881,0.089188,0.071425,0.044231,7.652000,19.524740

-1.488956,5.236844,7.346183,16.638823,0.144612,0.059967,0.339205,7.644000,19.524740

-0.296237,3.747142,10.066926,16.618235,0.010581,0.074356,0.561169,7.660000,19.524740

-0.782426,3.426209,8.170071,16.615294,0.023638,0.103667,0.564633,7.660000,19.524740

-0.698600,4.664434,8.256291,16.618235,-0.041113,0.138040,0.539585,7.656000,19.524740

-0.997977,4.451278,9.408296,16.624117,-0.049373,0.160956,0.390899,7.664000,19.524740

-1.632658,4.841666,8.605964,16.632940,0.045754,0.281131,0.159610,7.664000,19.524740

-3.278036,4.125555,7.621611,16.627058,-0.037382,0.222775,0.039968,7.672000,19.524740

-3.706744,1.977222,9.820239,16.624117,-0.108794,0.134843,-0.099392,7.676000,19.524740

-4.173773,1.431158,12.073953,16.618235,0.029766,0.068494,-0.169205,7.672000,19.524740

-4.643197,1.119806,9.504096,16.618235,0.047619,-0.049816,-0.193986,7.672000,19.524740

-5.038375,1.783226,9.623847,16.609411,-0.028056,-0.168924,-0.247012,7.672000,19.524740

-3.572623,-0.875246,10.066926,16.618235,0.071335,-0.318676,-0.196118,7.668000,19.524740

-2.466124,-0.489648,9.147239,16.627058,0.076131,-0.447911,-0.063419,7.664000,19.524740

-1.534462,-2.848742,9.734018,16.603529,-0.042445,-0.499071,0.006394,7.656000,19.524740

-1.639843,-1.543456,10.102851,16.621176,0.093984,-0.472159,0.114311,7.652000,19.524740

2.093993,-0.968652,9.614267,16.618235,-0.016332,-0.577678,0.146287,7.648000,19.524740

1.622174,-0.695619,10.502819,16.621176,0.041224,-0.377831,0.377842,7.632000,19.524740

1.456918,1.493428,9.757969,16.627058,0.086789,-0.251528,0.483362,7.628000,19.524740

1.282081,0.631221,9.487331,16.606470,-0.009404,-0.239271,0.484427,7.628000,19.524740

0.973124,2.887330,8.986773,16.624117,0.074532,-0.183047,0.425806,7.632000,19.524740

1.301241,2.573582,8.086245,16.624117,0.130756,-0.201433,0.356259,7.620000,19.524740

-0.708180,4.446488,9.096943,16.632940,0.091053,-0.009047,0.250740,7.632000,19.513080

-2.075736,3.332803,9.547207,16.618235,-0.011269,-0.052214,0.081803,7.628000,19.513080

-0.811166,2.008358,10.201047,16.612352,-0.010736,-0.123093,0.026378,7.624000,19.513080

0.151632,4.616534,9.197534,16.621176,0.151007,-0.064738,-0.023184,7.632000,19.513080

-1.072223,3.167547,7.894643,16.629999,0.051616,-0.066603,-0.165741,7.640000,19.513080

-0.830326,3.644156,8.376042,16.624117,-0.191131,-0.103641,-0.190256,7.636000,19.513080

1.059344,5.244029,9.549602,16.621176,0.032964,-0.035160,-0.103389,7.644000,19.513080

0.961149,3.938743,8.747270,16.624117,0.073200,-0.021038,-0.104188,7.644000,19.513080

1.823356,3.354359,8.565248,16.615294,-0.073088,-0.067402,-0.180396,7.648000,19.513080

0.621056,4.518338,8.311377,16.603529,-0.026191,-0.009846,-0.122574,7.656000,19.513080

0.882113,3.771092,9.602292,16.632940,0.004985,-0.014909,-0.006130,7.656000,19.513080

2.139498,2.829849,9.369975,16.621176,-0.061097,0.047710,0.008792,7.656000,19.513080

2.012562,2.942415,9.597502,16.612352,-0.064028,0.088745,0.031974,7.656000,19.513080

2.685563,2.302945,9.020303,16.621176,0.026036,0.118855,0.005061,7.656000,19.513080

3.222047,1.057535,10.284873,16.627058,-0.084280,0.203857,-0.077009,7.652000,19.513080

2.640057,2.417906,10.435759,16.624117,0.011380,0.321100,-0.201447,7.652000,19.513080

2.465221,0.628826,9.425060,16.641764,-0.135174,0.275535,-0.355995,7.652000,19.513080

2.026932,0.818033,9.221484,16.627058,-0.065894,0.366132,-0.410620,7.652000,19.513080

0.762362,-0.300441,8.943662,16.647646,-0.131443,0.355474,-0.408488,7.640000,19.513080

-0.499813,-0.597424,10.208232,16.627058,-0.119986,0.311507,-0.347468,7.636000,19.513080

-3.792965,0.561766,9.975915,16.627058,-0.022460,0.305379,-0.326151,7.628000,19.513080

-2.332003,1.938902,8.972402,16.621176,-0.064828,0.161489,-0.477769,7.640000,19.513080

-0.502208,2.494547,8.907737,16.647646,0.025237,0.077020,-0.450589,7.640000,19.513080

-1.177604,2.999896,8.191626,16.644705,0.049218,0.000013,-0.309098,7.632000,19.513080

-2.631381,3.011871,8.936477,16.644705,-0.011535,-0.023702,-0.371184,7.632000,19.513080

-3.450477,2.549632,9.372371,16.638823,0.041224,-0.030364,-0.394366,7.636000,19.513080

-1.232689,3.002291,9.458591,16.641764,0.091586,-0.255791,-0.140960,7.640000,19.513080

1.461708,4.111185,8.708950,16.650587,0.052149,-0.208894,0.182259,7.644000,18.858790

0.685721,3.335198,8.574828,16.635881,-0.032852,-0.125225,0.510008,7.636000,18.858790

-0.214806,3.656131,9.022697,16.653528,-0.070157,-0.000254,0.736234,7.648000,18.858790

-0.351322,3.304063,8.881392,16.650587,-0.015532,0.113259,0.835625,7.644000,18.858790

-0.272286,2.935230,8.385622,16.668234,-0.062430,0.133777,0.595809,7.656000,18.858790

-2.399064,3.694452,9.003537,16.650587,-0.061097,0.219311,0.370648,7.656000,18.858790

-2.621801,5.526641,9.319680,16.659410,-0.002476,0.208653,0.246476,7.668000,18.858790

-1.994306,3.507640,8.833491,16.674116,0.016443,0.104466,0.236617,7.668000,18.858790

-2.506840,2.374796,8.708950,16.665293,-0.022460,0.077287,0.400758,7.664000,18.858790

-3.007399,1.505404,9.575947,16.656469,-0.003009,0.042913,0.510008,7.672000,18.858790

-3.546278,0.858748,9.041858,16.677057,0.011647,0.083682,0.535055,7.668000,18.858790

-3.907926,0.894674,9.161609,16.677057,-0.010736,-0.040756,0.503346,7.664000,18.858790

-3.464847,-0.484858,10.591435,16.682940,-0.027790,-0.055411,0.379441,7.672000,18.858790

-3.036139,0.295919,10.474079,16.668234,-0.014466,-0.071666,0.046896,7.664000,18.858790

-1.831444,-1.399755,10.529164,16.677057,-0.017397,-0.180116,-0.103389,7.656000,18.858790

-0.516578,0.954549,9.676538,16.647646,-0.023526,-0.297359,-0.174801,7.652000,18.858790

-0.365692,-0.563893,11.403347,16.665293,-0.075753,-0.143344,-0.254739,7.644000,18.858790

3.986058,-1.100378,9.791499,16.641764,0.039093,-0.056477,-0.278455,7.640000,18.858790

2.297570,2.245465,8.450288,16.653528,0.115567,0.089011,-0.065018,7.636000,18.858790

0.484540,1.555699,8.083850,16.671175,-0.032586,0.065296,-0.038638,7.632000,18.858790

-1.567992,2.726864,10.579460,16.662352,0.006051,0.007207,-0.131367,7.628000,18.858790

0.204322,3.749537,9.056228,16.650587,0.068137,-0.079659,-0.171870,7.632000,18.858790

-0.959657,1.646710,8.816726,16.656469,0.107573,0.003743,-0.254739,7.636000,18.858790

-2.391879,2.343660,8.668234,16.653528,0.043889,-0.054878,-0.526798,7.632000,18.858790

-2.528395,3.941139,7.935358,16.653528,-0.036050,-0.076728,-0.723181,7.644000,19.592456

-1.211134,4.257281,8.778405,16.650587,0.011647,-0.196370,-0.751692,7.640000,19.592456

0.168397,5.066798,9.214299,16.665293,0.062008,-0.228346,-0.743965,7.648000,19.592456

0.443824,5.612862,9.049043,16.662352,0.064939,-0.264052,-0.567033,7.656000,19.592456

-1.208739,3.155572,8.081454,16.662352,0.052949,-0.363708,-0.326151,7.652000,19.592456

1.528768,5.026083,9.487331,16.677057,-0.150629,-0.294162,-0.211040,7.656000,19.592456

1.274896,6.036781,8.811935,16.656469,0.101445,-0.207295,-0.135098,7.660000,19.592456

0.642611,4.001014,8.826305,16.656469,0.141414,-0.260854,-0.070614,7.668000,19.592456

-0.636329,1.134176,9.322075,16.662352,-0.054969,-0.212624,-0.082072,7.668000,19.592456

2.613712,2.468201,8.241920,16.641764,0.172057,-0.355182,0.015986,7.672000,19.592456

2.254459,3.421419,8.220366,16.656469,0.043889,-0.262453,0.060752,7.672000,19.592456

3.308268,2.932835,9.664562,16.647646,-0.073355,-0.101776,0.097257,7.664000,19.592456

3.250787,0.056417,9.825029,16.671175,-0.079483,-0.029831,0.310694,7.664000,19.592456

1.339562,1.474268,10.167517,16.668234,-0.054169,0.073556,0.354927,7.664000,19.592456

0.764757,1.107830,10.102851,16.668234,0.087322,0.046644,0.213435,7.660000,19.592456

1.935922,-1.565012,8.960427,16.653528,-0.035783,0.008007,0.173999,7.652000,19.592456

-0.392037,-1.392570,11.156660,16.674116,0.033497,0.108463,0.336274,7.656000,19.592456

-1.500932,2.207144,9.005932,16.647646,0.048685,0.184671,0.463377,7.644000,19.592456

-3.864816,-0.070519,9.482541,16.671175,0.018042,0.065829,0.483095,7.640000,19.592456

-0.387247,-0.159135,10.735136,16.682940,0.076664,0.085014,0.727441,7.640000,19.592456

-0.152535,2.195169,7.784472,16.665293,0.128357,0.055437,0.970721,7.636000,19.592456

2.201769,3.921978,8.347301,16.650587,-0.007805,0.081284,1.000832,7.636000,19.592456

2.014957,2.585557,9.966335,16.668234,-0.030188,0.280331,0.904905,7.632000,19.592456

0.628241,2.956785,9.322075,16.688822,0.117699,0.328028,0.810844,7.640000,19.592456

1.164725,2.942415,8.385622,16.682940,0.061742,0.388515,0.552109,7.640000,19.592456

0.697697,2.108948,8.716135,16.671175,0.003387,0.383719,0.207573,7.636000,19.592456

-0.133375,4.262071,8.737690,16.679998,-0.065361,0.436745,0.065282,7.640000,19.642925

-0.530949,4.599769,8.519743,16.659410,-0.055768,0.466589,0.002663,7.640000,19.642925

-1.043483,3.090906,9.401111,16.685881,-0.059232,0.394910,0.129766,7.644000,19.642925

-1.139284,3.646551,7.772497,16.691763,-0.069358,0.405036,0.284581,7.660000,19.642925

-1.936825,7.097775,8.495793,16.685881,-0.004074,0.545462,0.293640,7.660000,19.642925

-1.299750,4.702755,7.736571,16.688822,-0.011269,0.464990,0.322418,7.668000,19.642925

-2.449359,2.118529,8.301796,16.694704,-0.036316,0.428751,0.267261,7.664000,19.642925

-3.816915,4.480018,9.005932,16.691763,-0.159156,0.422622,0.112979,7.672000,19.642925

-4.521051,1.869447,10.783037,16.697645,-0.146365,0.354674,-0.046099,7.672000,19.642925

-4.880304,2.147269,9.683722,16.674116,-0.061097,0.218778,-0.250476,7.664000,19.642925

-2.406249,0.408485,8.924501,16.697645,-0.013134,0.132711,-0.341340,7.672000,19.642925

-2.969078,0.432435,9.362790,16.697645,-0.112525,0.025593,-0.264066,7.668000,19.642925

-1.304540,-0.393847,9.587922,16.700586,-0.105863,-0.051414,-0.267796,7.660000,19.642925

0.542020,-2.743361,11.398557,16.688822,-0.063495,-0.065537,-0.282718,7.656000,19.642925

1.617384,0.384534,10.533955,16.703527,-0.015266,-0.038091,-0.365854,7.652000,19.642925

3.483104,-1.938634,10.153147,16.691763,-0.021128,-0.162263,-0.756755,7.636000,19.642925

4.632714,-0.293256,9.961545,16.694704,-0.065361,0.100736,-0.815909,7.628000,19.642925

1.854491,1.098250,10.284873,16.715292,-0.052837,0.154827,-0.664825,7.624000,19.642925

0.134867,1.536539,10.684841,16.703527,-0.014200,0.114858,-0.591015,7.620000,19.642925

-0.593219,0.980894,8.392807,16.688822,0.083858,0.082350,-0.812978,7.624000,19.642925

-2.023046,3.004686,8.399992,16.691763,0.093717,0.037318,-1.100225,7.616000,19.642925

-1.991910,2.619088,8.282637,16.697645,-0.062696,-0.017574,-1.329383,7.616000,19.642925

-3.723510,3.047796,9.698093,16.706469,0.226949,-0.139347,-1.348301,7.624000,19.642925

-1.436266,4.920702,8.950847,16.697645,0.183782,-0.302422,-1.156981,7.632000,19.642925

-1.251849,2.805899,8.510163,16.718235,0.202168,-0.389555,-0.848418,7.632000,19.642925

-2.358348,4.412958,9.741203,16.709410,0.077197,-0.358646,-0.570764,7.632000,19.642925

-1.060248,6.575660,8.356882,16.703527,0.197371,-0.451375,-0.174001,7.648000,19.642925

0.096547,6.252333,8.450288,16.721176,0.170991,-0.386358,0.044764,7.644000,19.200074

-1.385971,4.726705,9.393926,16.709410,0.098514,-0.376499,0.075141,7.648000,19.200074

-1.385971,3.895633,8.629914,16.706469,0.147276,-0.455905,0.110847,7.656000,19.200074

-1.158444,2.204749,8.241920,16.703527,0.079062,-0.417001,0.168137,7.664000,19.200074

-1.520092,3.991434,9.573552,16.706469,-0.151961,-0.271246,0.048761,7.668000,19.200074

0.051041,5.124278,10.739926,16.721176,0.112636,-0.171323,0.027444,7.668000,19.200074

0.850978,4.642879,10.689631,16.721176,0.061475,-0.163862,0.174532,7.672000,19.200074

2.321520,3.134017,9.626243,16.703527,0.079062,-0.168658,0.135362,7.668000,19.200074

2.419716,2.300550,9.714858,16.715292,0.043089,-0.128689,0.154813,7.672000,19.200074

1.167120,1.675450,10.454919,16.709410,-0.057100,-0.061007,0.221695,7.668000,19.200074

-0.245941,0.042047,9.712463,16.709410,-0.104531,0.006408,0.099389,7.660000,19.200074

0.724042,0.334239,10.220207,16.706469,0.036161,0.009605,-0.076476,7.656000,19.200074

0.348024,-1.291979,10.363909,16.721176,0.085457,0.102068,-0.084470,7.652000,19.200074

-0.492628,0.092342,9.729228,16.706469,-0.073355,0.049308,-0.147089,7.652000,19.200074

-2.691256,-0.504018,9.743598,16.721176,-0.030987,0.098604,-0.316825,7.644000,19.200074

-1.086593,1.982013,8.277846,16.727058,0.125693,-0.033828,-0.270994,7.644000,19.200074

1.313216,2.971155,8.481422,16.703527,-0.012601,-0.055145,-0.116445,7.636000,19.200074

1.624569,1.210816,9.690907,16.718235,-0.034984,0.027458,0.007993,7.648000,19.200074

-0.990792,2.499337,10.215417,16.724117,0.033230,0.051973,0.042633,7.640000,19.200074

-0.439938,3.972274,9.300520,16.727058,-0.000610,0.033321,0.115110,7.644000,19.200074

1.109640,3.818992,8.828701,16.709410,-0.073355,0.105265,0.201711,7.640000,19.200074

-0.286657,3.430999,10.031001,16.715292,-0.062963,0.200393,0.112712,7.640000,19.200074

-1.567992,3.739957,9.817844,16.732941,0.063874,0.232635,0.028244,7.644000,19.200074

-1.582362,3.466924,8.878996,16.712351,0.034296,0.221177,-0.024516,7.648000,19.200074

-1.692533,4.872801,8.040739,16.724117,-0.047241,0.133244,0.011989,7.664000,20.004034

-2.190697,4.800951,8.867022,16.730000,0.000455,0.085281,0.234219,7.660000,20.004034

-2.904413,4.439303,9.429851,16.744705,0.074532,0.095140,0.532924,7.668000,20.004034

-2.276918,3.270533,8.201205,16.738823,0.121429,-0.014909,0.529460,7.672000,20.004034

-4.135453,2.293365,7.980864,16.741764,-0.163685,0.005342,0.536388,7.676000,20.004034

-4.774923,2.195169,9.949570,16.730000,-0.093872,0.102068,0.585683,7.676000,20.004034

-4.810849,2.580767,9.070598,16.741764,0.157135,0.067694,0.479098,7.680000,20.004034

-4.956944,0.978499,8.958032,16.727058,0.025503,-0.173454,0.315757,7.680000,20.004034

-3.680399,-0.820160,9.563972,16.730000,-0.115189,-0.284569,0.213435,7.676000,20.004034

-3.304381,0.360584,9.530441,16.732941,0.024171,-0.238205,0.188921,7.676000,20.004034

-3.005004,-0.532758,9.247829,16.738823,-0.008871,-0.302156,0.225692,7.672000,20.004034

-1.606312,-2.997233,11.290781,16.744705,-0.068825,-0.422863,0.230489,7.664000,20.004034

1.761085,-1.035712,11.877561,16.741764,-0.061897,-0.248330,0.152948,7.656000,20.004034

2.769388,0.976104,8.416758,16.724117,0.173656,-0.215822,0.115110,7.652000,20.004034

0.901273,0.885094,9.410690,16.727058,0.050284,-0.087387,0.135628,7.644000,20.004034

1.277291,-0.865666,10.529164,16.738823,-0.021128,-0.125491,0.180927,7.640000,20.004034

1.574274,1.591624,9.137658,16.732941,0.086789,-0.001053,0.155879,7.636000,20.004034

0.865348,2.441856,7.568920,16.721176,0.049218,0.063431,0.093261,7.628000,20.004034

0.388739,2.252650,8.826305,16.724117,0.007650,-0.013310,0.057022,7.628000,20.004034

0.331258,2.492151,10.301638,16.732941,-0.001943,0.033587,-0.034641,7.628000,20.004034

-0.205226,2.856194,9.379556,16.738823,0.079328,0.113259,-0.215037,7.628000,20.004034

-1.534462,3.996224,8.617939,16.741764,0.123828,0.065563,-0.394632,7.636000,20.004034

-0.892597,3.914793,9.005932,16.715292,-0.064028,-0.014110,-0.567833,7.636000,20.004034

-1.213529,2.276600,8.979588,16.747646,0.048419,-0.029298,-0.675484,7.644000,20.004034

-1.886530,6.992393,8.464658,16.715292,0.188578,-0.128156,-0.690139,7.648000,20.004034

-0.145350,6.568475,7.770102,16.724117,0.027901,-0.171856,-0.516939,7.656000,20.004034

0.007931,3.634576,9.506492,16.732941,-0.162620,-0.183580,-0.350133,7.656000,20.004034

0.633031,3.572305,10.150752,16.718235,-0.052038,-0.233675,-0.268329,7.660000,20.004034

1.389857,3.890843,8.852651,16.703527,0.157402,-0.207029,-0.243548,7.660000,20.004034

1.974242,1.239557,8.129354,16.724117,-0.053903,-0.200101,-0.276056,7.664000,20.004034

1.545533,3.289693,10.500424,16.724117,-0.201257,-0.097246,-0.257404,7.660000,20.004034

1.588644,2.767579,11.484777,16.721176,0.020174,0.014135,-0.273925,7.664000,20.004034

1.476078,2.094578,9.745994,16.712351,0.012979,-0.016774,-0.215836,7.668000,20.004034

1.698815,-0.705199,9.286150,16.712351,0.009249,-0.126290,-0.091398,7.656000,20.004034

2.455641,-1.385385,10.239367,16.724117,-0.086678,0.025860,0.083401,7.656000,20.004034

0.973124,-0.242961,10.265713,16.715292,-0.027257,0.120187,0.202510,7.644000,20.004034

1.114430,0.274364,10.119617,16.735882,-0.032053,0.164953,0.291775,7.640000,20.004034

-1.340465,2.393956,10.395043,16.718235,0.094783,0.143370,0.316556,7.640000,20.004034

-0.068710,0.633617,8.158095,16.730000,0.037760,0.038117,0.331744,7.632000,20.004034

-1.817074,3.414234,9.197534,16.730000,0.015910,0.109262,0.389833,7.632000,20.004034

-0.602799,4.393797,7.607240,16.727058,0.013779,0.085281,0.417279,7.632000,20.004034

-0.111820,5.636813,10.179492,16.750587,0.019374,0.100203,0.432201,7.640000,20.004034

-0.516578,3.356754,8.716135,16.738823,-0.092540,0.136442,0.232620,7.644000,20.004034

0.216298,4.707545,10.457314,16.724117,-0.001943,0.330426,0.029043,7.652000,20.004034

-0.641119,3.984249,9.377160,16.721176,-0.019529,0.295520,-0.051695,7.656000,20.004034

-0.341742,4.511153,7.190507,16.744705,0.023371,0.315771,-0.133765,7.656000,20.004034

-0.712970,3.368729,7.947333,16.738823,-0.150629,0.251020,-0.041037,7.660000,20.004034

-2.193092,3.148387,10.601015,16.730000,-0.067226,0.314971,-0.008528,7.660000,20.004034

-1.378785,3.040611,9.465776,16.727058,0.028168,0.249688,-0.089000,7.672000,20.004034

-4.231254,4.230936,8.488607,16.735882,-0.053903,0.258215,-0.045033,7.668000,9.933328

-4.899464,2.614298,9.674143,16.744705,-0.120785,0.110328,-0.074078,7.672000,9.933328

-3.009794,2.381981,10.148356,16.747646,0.079595,0.032788,-0.156148,7.676000,9.933328

-4.468361,3.071746,8.534113,16.747646,0.074266,-0.083923,-0.108718,7.676000,9.933328

-3.634894,1.071905,7.782077,16.741764,0.033230,-0.274710,-0.130568,7.676000,9.933328

-3.725904,-1.071637,9.729228,16.741764,0.023904,-0.328003,-0.064485,7.676000,9.933328

-3.900741,-0.410612,10.426179,16.747646,-0.029122,-0.356780,-0.020252,7.676000,9.933328

-1.979935,0.022887,10.141171,16.765293,-0.008871,-0.416735,0.123371,7.676000,9.933328

-2.066156,-0.020224,8.785590,16.744705,0.128357,-0.414070,0.199313,7.664000,9.933328

0.805472,-0.501623,9.777128,16.732941,0.098247,-0.569950,0.114311,7.660000,9.933328

0.918038,-0.690829,9.963940,16.756470,0.008716,-0.384493,0.184391,7.656000,9.933328

0.728832,-0.616584,9.482541,16.759411,0.034829,-0.288300,0.305631,7.652000,9.933328

-0.861461,1.229976,9.686118,16.759411,-0.035517,-0.169724,0.409818,7.652000,9.933328

-1.017138,1.538934,10.138777,16.750587,0.075065,-0.216621,0.274189,7.644000,9.933328

1.047369,1.601204,9.338840,16.753529,0.007650,-0.249130,0.194250,7.644000,9.933328

1.368302,1.979617,9.084968,16.738823,-0.026457,-0.152670,0.251273,7.632000,9.933328

0.201927,4.250096,8.143725,16.741764,0.143013,-0.053813,0.259000,7.644000,9.933328

-0.004044,3.275323,6.838439,16.741764,-0.045110,-0.053013,0.194250,7.640000,9.933328

0.934803,2.190379,10.179492,16.741764,-0.024592,-0.070866,0.086066,7.644000,9.933328

1.576669,4.333922,10.193862,16.741764,-0.018463,-0.032229,-0.063419,7.656000,9.933328

1.085690,5.313485,8.869416,16.747646,-0.028855,0.037850,-0.207576,7.652000,9.933328

0.395924,5.782908,8.356882,16.759411,-0.004341,0.063964,-0.390902,7.656000,9.933328

-1.287775,2.118529,8.826305,16.738823,-0.005673,-0.002119,-0.467909,7.660000,9.933328

-1.465006,2.798714,8.613149,16.750587,0.050817,-0.013843,-0.674151,7.668000,9.933328

-0.772846,4.702755,8.083850,16.747646,-0.087477,-0.060208,-0.777272,7.668000,9.933328

-0.557294,3.735167,8.802356,16.768234,-0.034451,-0.136949,-0.688807,7.676000,20.351517

0.815052,0.794083,9.219090,16.747646,-0.039780,-0.217154,-0.553177,7.672000,20.351517

0.637821,2.420301,10.014235,16.747646,-0.039247,-0.215022,-0.371450,7.676000,20.351517

2.031722,4.218961,10.596226,16.756470,-0.006206,-0.174254,-0.142559,7.676000,20.351517

1.574274,2.128109,10.023815,16.753529,0.151540,-0.129754,0.100189,7.672000,20.351517

0.963544,-0.860876,8.922107,16.753529,-0.039247,-0.087387,0.321352,7.672000,20.351517

1.076110,-0.647719,11.082415,16.747646,-0.178341,0.014402,0.452186,7.664000,20.351517

2.738253,-0.058544,10.248947,16.756470,-0.088276,0.077553,0.558504,7.664000,20.351517

1.090480,0.475545,10.416599,16.756470,0.016976,0.189734,0.715717,7.656000,20.351517

0.132472,-0.480068,11.149475,16.765293,-0.005140,0.205455,0.766878,7.648000,20.351517

-1.694928,-0.367502,10.057346,16.741764,0.035362,0.322965,0.638709,7.648000,20.351517

-1.666188,0.425250,8.867022,16.756470,0.068936,0.258748,0.597940,7.644000,20.351517

-0.377667,0.774923,9.087363,16.768234,-0.081881,0.221976,0.587548,7.632000,20.351517

-0.966842,2.743629,10.505215,16.762352,0.032697,0.360270,0.483628,7.632000,20.351517

-1.742828,2.669383,8.711345,16.768234,0.017243,0.304313,0.276587,7.632000,20.351517

-1.100963,3.900423,8.172465,16.762352,0.038826,0.283262,0.122038,7.640000,20.351517

-0.245941,4.611744,9.774734,16.753529,0.026569,0.341618,0.140158,7.644000,20.351517

-1.944010,4.681200,8.958032,16.759411,0.002854,0.285661,0.133763,7.640000,20.351517

-0.988397,3.804622,8.962822,16.741764,-0.033918,0.241961,0.002397,7.648000,20.351517

-0.669860,4.537498,10.162726,16.777058,-0.014200,0.265676,-0.014923,7.656000,20.351517

-0.909362,6.175692,9.355605,16.747646,0.033763,0.271538,0.054357,7.660000,20.351517

-0.686625,5.244029,8.136540,16.774117,0.008716,0.191333,0.132963,7.664000,20.351517

0.019906,3.320828,8.067084,16.756470,0.053215,0.224641,0.241680,7.668000,20.351517

-1.718878,2.575977,8.256291,16.762352,-0.008871,0.236898,0.263264,7.676000,20.351517

-3.620524,3.687266,9.947175,16.756470,-0.009404,0.304313,0.315490,7.676000,20.351517

-4.118688,2.748419,10.179492,16.759411,-0.017397,0.215314,0.289110,7.680000,20.095108

-3.658844,0.319869,9.037067,16.753529,-0.010469,0.065296,0.180127,7.676000,20.095108

-3.057694,0.717442,8.881392,16.768234,0.074532,0.004010,0.053025,7.680000,20.095108

-1.294960,0.626431,9.669353,16.768234,0.013246,-0.087920,0.096991,7.672000,20.095108

-0.370482,-2.772101,9.211904,16.750587,-0.061097,-0.155335,0.145487,7.668000,20.095108

-1.043483,-1.679972,9.928015,16.750587,-0.076552,-0.021837,0.148685,7.668000,20.095108

-0.550109,-0.108840,11.020144,16.744705,-0.038182,-0.092450,0.070878,7.660000,20.095108

0.817447,-1.354250,10.057346,16.753529,0.059877,0.106598,-0.015190,7.648000,20.095108

0.853373,-0.460907,9.628637,16.759411,-0.025658,-0.015176,-0.131634,7.644000,20.095108

-0.080685,0.727022,9.266990,16.747646,-0.079483,0.090876,-0.264865,7.636000,20.095108

-1.223109,0.928204,10.203442,16.753529,-0.000877,0.054904,-0.336277,7.640000,20.095108

-2.346373,2.271810,8.874207,16.759411,0.073733,0.022129,-0.557174,7.632000,20.095108

-1.127308,2.302945,8.608358,16.756470,-0.061364,-0.115365,-0.674951,7.636000,20.095108

-0.365692,3.500455,8.893367,16.765293,0.006051,-0.093516,-0.621658,7.628000,20.095108

-0.392037,4.072865,8.572433,16.744705,0.071601,-0.159332,-0.504415,7.636000,20.095108

0.434244,4.135135,8.950847,16.765293,0.076930,-0.220885,-0.400228,7.632000,20.095108

0.134867,3.804622,10.543535,16.753529,-0.006206,-0.197436,-0.343471,7.640000,20.095108

-0.178881,5.222474,7.916198,16.756470,0.014312,-0.196637,-0.202513,7.640000,20.095108

0.010326,5.991275,7.995234,16.762352,0.093984,-0.169990,-0.230491,7.648000,20.095108

-1.682953,3.385494,9.092153,16.753529,0.034296,-0.154003,-0.363190,7.656000,20.095108

-1.740433,3.795042,9.211904,16.782940,0.091852,-0.188643,-0.560638,7.660000,20.095108

-1.680558,4.451278,8.079060,16.756470,0.022572,-0.224615,-0.712256,7.664000,20.095108

-1.735643,2.314920,8.380832,16.759411,0.022572,-0.363708,-0.695202,7.668000,20.095108

0.558785,2.312525,8.845466,16.759411,0.003653,-0.427127,-0.602739,7.672000,20.095108

0.992284,4.583004,11.166240,16.762352,0.012446,-0.386624,-0.366387,7.672000,20.095108

2.685563,4.719520,9.314890,16.765293,0.020174,-0.354915,-0.062886,7.676000,20.095108

1.452128,1.677845,9.714858,16.765293,0.044422,-0.274177,0.261931,7.672000,20.095108

1.490448,0.810848,10.296848,16.777058,-0.036849,-0.231543,0.380774,7.668000,20.095108

2.834054,2.513707,10.136381,16.759411,-0.003541,-0.161996,0.394363,7.672000,20.095108

3.777692,-0.508808,9.889694,16.765293,0.044688,-0.137215,0.458048,7.660000,20.095108

1.468893,-2.925383,9.554392,16.779999,-0.009937,0.031189,0.692801,7.656000,20.095108

-0.887806,0.796478,10.742321,16.777058,-0.038981,0.094873,0.798320,7.656000,20.095108

-1.225504,1.124595,10.531560,16.785881,0.082259,0.159624,0.650967,7.652000,20.095108

2.163449,1.732930,8.663445,16.762352,0.066538,0.081550,0.573160,7.644000,20.095108

2.355050,2.805899,8.397597,16.779999,-0.007538,0.218512,0.654697,7.640000,20.095108

0.340838,1.804781,8.902946,16.768234,-0.007005,0.340818,0.637377,7.648000,20.095108

-0.415988,2.707703,9.295730,16.771175,-0.065894,0.376791,0.495619,7.636000,20.095108

-0.071105,3.512430,9.523256,16.753529,0.023371,0.360270,0.285913,7.648000,20.095108

1.799406,3.478900,9.322075,16.768234,-0.008604,0.449002,0.178262,7.644000,20.095108

-0.212411,2.992711,8.251501,16.768234,0.011913,0.492169,0.096192,7.640000,20.095108

0.146842,3.747142,8.438313,16.774117,-0.016865,0.434080,0.041567,7.644000,20.095108

0.268988,4.755445,9.547207,16.788822,-0.029655,0.512420,-0.044501,7.652000,20.095108

-1.613497,4.587794,8.000024,16.771175,-0.003275,0.555054,-0.123373,7.656000,20.095108

-1.175209,4.915912,8.680209,16.768234,-0.013667,0.354941,-0.183860,7.664000,20.095108

-2.490075,4.463253,9.468171,16.791763,0.003387,0.460993,-0.298173,7.660000,20.095108

-3.115175,3.893238,8.194020,16.744705,0.145678,0.372527,-0.426075,7.668000,20.095108

-3.469637,3.210657,9.422666,16.768234,-0.160221,0.180408,-0.482032,7.672000,20.095108

-3.062484,2.370006,9.789104,16.756470,-0.007005,0.135642,-0.455386,7.676000,20.095108

-2.940338,1.622760,9.559182,16.753529,0.000722,0.005609,-0.484164,7.676000,20.095108

-3.991752,0.992869,10.871653,16.741764,-0.041646,-0.111369,-0.410620,7.676000,20.095108

-3.127150,0.121082,8.972402,16.774117,-0.076552,-0.217421,-0.207842,7.672000,9.996371

-1.647028,-1.138698,8.905341,16.756470,0.087056,-0.254459,-0.123373,7.668000,9.996371

-3.323541,-2.046410,10.589040,16.762352,-0.044577,-0.304287,-0.040770,7.668000,9.996371

-1.144074,-3.902550,9.820239,16.759411,-0.036316,-0.353583,-0.056758,7.652000,9.996371

1.023419,-0.314811,10.524375,16.756470,-0.048307,-0.394618,-0.106586,7.656000,9.996371

0.594711,-0.415402,9.082573,16.747646,0.155004,-0.067669,-0.087135,7.644000,9.996371

-2.332003,-0.908776,9.992681,16.762352,0.013779,-0.288566,-0.057291,7.636000,9.996371

-1.120123,0.310289,10.213022,16.765293,0.023371,-0.273911,-0.086868,7.632000,9.996371

-1.175209,1.076695,9.116103,16.765293,0.109972,-0.212358,-0.150553,7.628000,9.996371

-1.124913,1.838311,8.919712,16.765293,0.041224,-0.251528,-0.069015,7.616000,9.996371

-0.899782,1.943692,8.819120,16.747646,-0.005140,-0.280039,-0.031710,7.616000,9.996371

0.338444,3.407049,9.099339,16.765293,0.023371,-0.248064,0.037037,7.620000,9.996371

0.633031,3.447764,8.258686,16.774117,0.089188,-0.242468,0.079937,7.616000,9.996371

-0.099845,4.046519,8.201205,16.756470,-0.019796,-0.183846,0.120440,7.624000,9.996371

-0.447123,5.347015,8.778405,16.777058,0.076397,-0.117231,0.112446,7.624000,9.996371

-1.256639,4.221356,8.680209,16.756470,0.008449,-0.172921,0.103653,7.624000,9.996371

-1.024323,4.077655,8.256291,16.741764,-0.024592,-0.147874,0.018385,7.640000,9.996371

-2.025441,5.157809,9.439431,16.747646,-0.013667,-0.095114,-0.066350,7.640000,9.996371

-2.243387,4.204591,8.502978,16.768234,0.066805,-0.177185,-0.051162,7.652000,9.996371

-1.364415,4.760235,7.875483,16.759411,0.010848,-0.199301,-0.081272,7.652000,9.996371

-0.729735,3.383099,9.429851,16.756470,-0.143168,-0.224615,-0.108452,7.656000,9.996371

-0.691415,4.058495,10.095666,16.750587,-0.032586,-0.221151,-0.083671,7.660000,9.996371

1.167120,4.662040,8.191626,16.732941,-0.010469,-0.206496,-0.061021,7.664000,9.996371

0.252223,1.574859,8.850256,16.747646,0.013779,-0.265917,0.092461,7.660000,9.996371

1.624569,1.268297,10.031001,16.732941,0.016177,-0.284569,0.131098,7.664000,9.996371

1.349142,2.784344,11.221325,16.741764,-0.023260,-0.145209,0.200645,7.672000,9.996371

2.692748,1.826336,9.080178,16.744705,0.057212,-0.113500,0.326415,7.664000,9.996371

2.058068,-1.014157,9.995075,16.735882,0.003920,-0.012777,0.434332,7.664000,19.182066

3.083136,-0.240566,10.476475,16.730000,-0.054169,0.030390,0.532924,7.664000,19.182066

3.590880,-0.149555,9.815449,16.735882,0.090786,0.186803,0.623787,7.656000,19.182066

-0.550109,2.686148,9.099339,16.732941,0.013512,0.273936,0.388234,7.632000,19.182066

-1.596732,4.257281,7.954518,16.721176,0.018308,0.261146,0.050627,7.632000,19.182066

0.829423,4.556659,7.937753,16.718235,-0.003808,0.333624,0.059953,7.640000,19.182066

1.552718,4.156691,7.976073,16.727058,-0.029655,0.405569,0.040767,7.648000,19.182066

0.793497,4.350687,9.211904,16.715292,-0.082681,0.445272,0.082869,7.652000,19.182066

0.187557,3.624996,9.168794,16.715292,-0.050972,0.466855,-0.039438,7.656000,19.182066

-1.740433,4.269256,8.924501,16.718235,-0.022194,0.507091,-0.199848,7.656000,19.182066

-2.799032,2.975945,7.971283,16.700586,0.008449,0.486307,-0.358660,7.664000,19.182066

-3.548673,4.051310,9.195139,16.703527,-0.029655,0.377324,-0.555576,7.668000,19.182066

-3.251691,3.373519,9.544811,16.718235,-0.115722,0.349079,-0.696801,7.668000,19.182066

-3.304381,1.311407,9.530441,16.721176,-0.019529,0.194530,-0.799122,7.672000,19.182066

-4.140243,1.711375,8.962822,16.721176,-0.141303,0.126050,-0.824969,7.668000,19.182066

-3.970196,0.875513,9.619058,16.709410,0.007650,-0.041555,-0.775407,7.672000,19.182066

-3.357072,0.406090,9.975915,16.712351,0.143812,-0.221151,-0.826301,7.668000,19.182066

-4.389325,-1.524296,9.963940,16.703527,0.114501,-0.474024,-0.872133,7.664000,19.182066

-3.965406,-2.125446,9.528047,16.724117,-0.023260,-0.545969,-0.773808,7.664000,19.781244

-1.850604,-2.070361,9.844189,16.709410,0.178452,-0.628306,-0.621125,7.660000,19.781244

-3.127150,-2.997233,8.936477,16.721176,0.163797,-0.723699,-0.434069,7.648000,19.781244

-1.311725,0.995264,10.795012,16.709410,0.106774,-0.859595,-0.237419,7.636000,19.781244

2.165843,0.889884,9.046648,16.715292,0.292232,-0.708511,0.167071,7.636000,19.781244

5.521266,1.129385,8.601173,16.712351,0.052682,-0.667476,0.585417,7.632000,19.781244

1.483263,4.731495,9.374765,16.697645,0.144878,-0.277108,0.991239,7.632000,19.781244

1.631754,2.355635,8.062294,16.709410,0.075331,-0.392220,1.103420,7.620000,19.781244

0.738412,4.230936,9.084968,16.715292,0.145944,-0.257923,1.004829,7.632000,19.781244

1.559904,3.998619,8.780800,16.706469,-0.031786,-0.233675,0.964060,7.628000,19.781244

-0.377667,3.131622,8.931686,16.706469,0.023371,-0.115898,0.755153,7.632000,19.781244

-1.017138,3.804622,9.274175,16.706469,0.079062,-0.037026,0.470838,7.640000,19.781244

-0.918942,3.150782,8.857441,16.712351,0.067071,-0.071666,0.329080,7.636000,19.781244

-0.413593,3.677686,8.546088,16.718235,-0.054436,-0.046352,0.248342,7.644000,19.781244

-1.184789,5.311090,9.204719,16.694704,0.019374,-0.057810,0.192385,7.644000,19.781244

-0.792006,4.204591,9.580737,16.700586,0.022838,-0.181981,0.169469,7.648000,19.781244

0.273778,4.487203,8.718530,16.694704,0.076131,-0.147075,0.224360,7.660000,19.781244

1.404227,5.109908,8.491003,16.694704,0.017243,-0.106039,0.283515,7.656000,19.781244

0.779127,3.409444,9.027488,16.709410,0.033230,-0.050615,0.346933,7.664000,19.781244

2.144288,1.567674,11.496753,16.700586,-0.008604,-0.011978,0.327215,7.664000,19.781244

1.967057,1.926927,9.710068,16.691763,0.111304,0.097272,0.301101,7.668000,19.781244

1.993402,1.404813,9.358000,16.694704,-0.025658,0.110861,0.294973,7.668000,19.781244

1.928736,0.351004,10.517190,16.694704,-0.080816,0.165220,0.448455,7.672000,19.781244

1.995797,-0.250146,9.803473,16.709410,0.148076,0.246491,0.666155,7.664000,19.781244

2.817289,-1.677577,10.586645,16.712351,-0.010203,0.250221,0.787129,7.660000,19.781244

3.787271,-0.391452,10.498030,16.703527,-0.077884,0.387716,0.919827,7.656000,19.781244

3.442389,-2.937358,9.575947,16.703527,0.128890,0.533204,1.069579,7.648000,19.781244

-1.817074,0.233648,9.829819,16.694704,0.017243,0.628065,1.088498,7.640000,19.781244

-1.165629,2.461016,10.572275,16.700586,-0.057367,0.658975,0.797787,7.628000,19.781244

-1.785939,1.141361,8.955637,16.688822,0.161932,0.661906,0.595542,7.624000,19.781244

-1.666188,1.859866,8.610754,16.685881,0.019374,0.372261,0.507343,7.624000,19.781244

-0.583639,4.180641,9.286150,16.703527,0.066538,0.452200,0.406887,7.620000,19.781244

-0.866251,3.754327,9.039463,16.694704,-0.013933,0.538800,0.185723,7.624000,19.781244

-0.535739,3.361544,8.704160,16.688822,-0.010203,0.531605,0.116709,7.624000,19.781244

0.982704,4.901542,8.917316,16.674116,0.045488,0.504959,0.053291,7.628000,19.781244

0.556390,4.491993,9.058622,16.706469,0.000189,0.561716,-0.033576,7.628000,19.781244

0.692906,3.565120,7.880273,16.697645,0.073999,0.596356,-0.124706,7.636000,19.781244

0.280963,4.772211,7.952123,16.709410,-0.040580,0.662172,-0.324020,7.648000,19.781244

0.999469,3.739957,8.474237,16.685881,0.018308,0.610478,-0.520935,7.648000,19.781244

-0.557294,3.905213,9.032277,16.691763,-0.154626,0.551057,-0.612066,7.644000,19.781244

-0.823141,4.357872,8.507768,16.685881,-0.130111,0.567311,-0.729309,7.652000,19.781244

-2.272128,4.271651,8.452682,16.685881,0.023638,0.608880,-0.886788,7.656000,19.781244

-2.779872,2.425091,8.579618,16.709410,-0.115722,0.445005,-0.952605,7.660000,19.781244

-3.172655,2.805899,9.492122,16.691763,-0.126114,0.312573,-0.984314,7.660000,19.781244

-1.666188,1.859866,9.334050,16.700586,-0.087477,0.227039,-1.075977,7.664000,19.781244

-1.874555,0.578531,9.985496,16.685881,-0.006739,0.115125,-1.121009,7.672000,19.781244

-2.209857,1.134176,11.075230,16.691763,-0.017131,0.034919,-1.113281,7.660000,19.781244

-1.546437,-1.088403,10.502819,16.697645,0.039093,-0.160931,-1.056525,7.660000,19.781244

-0.638724,-2.527809,9.683722,16.677057,0.109705,-0.168658,-1.066384,7.656000,19.781244

-1.115333,-2.508649,10.416599,16.665293,0.044155,-0.235806,-1.023217,7.652000,19.781244

-1.783544,-0.669274,10.426179,16.677057,0.165929,-0.307485,-0.924893,7.648000,19.781244

0.451009,-0.221405,10.110036,16.682940,0.162998,-0.329868,-0.935018,7.636000,9.707954

-0.221991,-0.489648,10.620175,16.674116,0.193641,-0.388490,-0.815376,7.628000,9.707954

0.752782,0.765343,9.463381,16.682940,0.283172,-0.286434,-0.881193,7.628000,9.707954

-1.127308,1.488638,9.710068,16.679998,0.095050,-0.285901,-0.690139,7.620000,9.707954

-2.111661,1.584439,9.144843,16.685881,0.203766,-0.349852,-0.509744,7.620000,9.707954

-1.282985,2.856194,8.651469,16.691763,0.211760,-0.358379,-0.524666,7.628000,9.707954

-0.499813,4.539894,10.131592,16.691763,0.177653,-0.356514,-0.406090,7.628000,9.707954

-1.371600,3.512430,8.194020,16.694704,0.174988,-0.317877,-0.261934,7.624000,9.707954

-2.145192,4.214171,9.362790,16.685881,0.225883,-0.254725,-0.263000,7.632000,9.707954

-1.951195,4.444093,9.350815,16.685881,0.137684,-0.354382,-0.361591,7.636000,9.707954

-1.706903,3.890843,7.988049,16.685881,0.190443,-0.359179,-0.382908,7.640000,9.707954

-2.839747,4.468043,8.874207,16.671175,0.188045,-0.391421,-0.415416,7.644000,9.707954

-3.088829,4.338712,9.135263,16.674116,0.202168,-0.446312,-0.450589,7.648000,9.707954

-1.680558,2.681358,8.886181,16.665293,0.097714,-0.502269,-0.397297,7.648000,9.707954

-2.001491,5.227264,10.354328,16.653528,0.204033,-0.510796,-0.259536,7.656000,9.707954

0.688116,4.961417,8.380832,16.662352,0.261855,-0.596863,-0.042369,7.656000,9.707954

0.518070,3.624996,9.077783,16.685881,0.210694,-0.549699,0.124703,7.664000,9.707954

0.999469,2.255045,8.371252,16.679998,0.155270,-0.500670,0.274721,7.660000,9.707954

1.040184,2.961576,8.107800,16.679998,0.074266,-0.428992,0.393031,7.660000,9.707954

1.904786,2.817874,10.689631,16.674116,-0.013933,-0.351984,0.388234,7.660000,9.707954

3.071161,0.609666,10.589040,16.662352,0.006851,-0.271246,0.341604,7.660000,9.707954

2.927460,1.979617,9.573552,16.650587,0.027368,-0.123359,0.314957,7.660000,9.707954

3.116666,-0.130395,9.288545,16.671175,-0.102932,-0.070866,0.333343,7.648000,9.707954

0.498910,-1.196178,10.835728,16.674116,-0.106396,0.085281,0.326415,7.648000,9.707954

1.004259,0.044442,9.808264,16.679998,0.118765,0.176677,0.232354,7.648000,9.707954

0.815052,-0.298046,9.233459,16.688822,0.061742,0.060500,0.207839,7.636000,9.707954

-1.953590,-0.444142,9.865745,16.659410,-0.033652,0.115391,0.203043,7.628000,19.223465

-1.944010,0.480335,9.211904,16.650587,0.027368,-0.027966,-0.011992,7.616000,19.223465

-0.159721,2.214329,8.253896,16.644705,0.014312,-0.083656,0.099922,7.624000,19.223465

0.740807,4.606954,8.776011,16.644705,0.034829,0.011737,0.357591,7.620000,19.223465

1.114430,1.622760,8.855046,16.650587,-0.003541,0.053039,0.344535,7.620000,19.223465

-0.133375,3.031031,9.640613,16.665293,-0.004341,0.070892,0.262731,7.616000,19.223465

-0.190856,4.060890,8.835886,16.665293,0.027368,0.056236,0.189986,7.620000,19.223465

0.333654,2.432276,8.371252,16.671175,-0.000077,0.204390,0.135095,7.624000,19.223465

-0.186066,4.365057,8.617939,16.668234,-0.018463,0.242494,0.168403,7.632000,19.223465

-0.609984,4.393797,8.859837,16.659410,-0.089875,0.222242,0.205974,7.640000,19.223465

-2.561925,3.998619,8.699369,16.653528,0.064673,0.252886,0.188121,7.644000,19.223465

-2.478099,4.183036,8.826305,16.644705,0.084125,0.149498,0.223294,7.644000,19.223465

-3.280431,3.407049,8.735295,16.641764,-0.048307,0.087146,0.290976,7.648000,19.223465

-2.990633,3.989039,9.597502,16.641764,-0.030987,0.128714,0.286979,7.648000,19.223465

-3.127150,3.150782,9.417875,16.647646,-0.023260,0.051707,0.227291,7.652000,19.223465

-2.430199,2.422696,8.874207,16.671175,-0.007538,0.026393,0.196115,7.660000,19.223465

-1.852999,2.901700,10.557905,16.647646,-0.053370,-0.028232,0.205175,7.656000,19.223465

-3.500773,1.186866,9.892090,16.653528,-0.002209,0.008273,0.170801,7.660000,19.223465

-3.397787,2.003568,9.918435,16.653528,0.037760,-0.160931,0.131898,7.656000,19.223465

-2.822982,-0.492043,11.506332,16.641764,-0.046975,-0.225681,0.166538,7.660000,19.223465

-2.159562,0.262388,9.408296,16.638823,0.024704,-0.227813,0.117509,7.648000,19.223465

-2.681676,-1.711108,9.592712,16.653528,-0.049906,-0.322940,0.193983,7.640000,19.223465

-0.626749,-0.753100,10.658496,16.650587,-0.047774,-0.442848,0.205974,7.644000,19.223465

-0.444728,0.037257,9.710068,16.644705,0.163797,-0.276842,0.301368,7.632000,19.223465

1.526373,0.851563,8.663445,16.653528,0.018575,-0.332266,0.356792,7.624000,19.223465

2.903510,2.312525,9.207114,16.635881,-0.005940,-0.175852,0.503613,7.620000,19.001343

1.121615,2.884935,9.460986,16.615294,0.121429,-0.045819,0.595542,7.620000,19.001343

1.040184,4.408167,10.011841,16.618235,0.054547,-0.084722,0.657095,7.620000,19.001343

0.915643,3.174732,9.037067,16.638823,0.147276,-0.058609,0.587548,7.632000,19.001343

0.249828,1.433553,9.314890,16.635881,-0.081348,0.020530,0.540918,7.632000,19.001343

0.477355,3.852523,9.113708,16.635881,-0.021128,0.166285,0.344535,7.636000,19.001343

-0.593219,1.519774,8.924501,16.641764,-0.043244,0.142304,-0.130568,7.628000,19.001343

-1.872159,1.356912,9.460986,16.632940,0.000455,0.136175,-0.446859,7.628000,19.001343

-0.696205,2.283785,8.989167,16.650587,0.046021,0.059967,-0.678415,7.632000,19.001343

-0.051945,4.599769,8.840676,16.650587,0.024704,-0.009846,-0.692804,7.636000,19.001343

1.296451,4.178246,9.777128,16.662352,-0.010469,-0.010646,-0.570498,7.636000,19.001343

1.428177,6.168507,9.374765,16.647646,0.066805,0.068760,-0.427940,7.640000,19.001343

0.158817,4.312366,8.558064,16.650587,-0.054969,0.059434,-0.345337,7.644000,19.001343

-0.018414,4.357872,9.087363,16.653528,-0.123716,-0.015708,-0.298173,7.648000,19.001343

0.927618,4.175850,9.659773,16.641764,-0.005940,-0.022104,-0.438599,7.648000,19.001343

0.877323,2.108948,9.614267,16.627058,-0.065094,-0.006915,-0.781536,7.648000,19.001343

1.725160,2.892120,8.591594,16.647646,0.019641,0.009605,-1.010694,7.656000,19.001343

2.141893,2.690938,9.398716,16.627058,-0.089342,-0.052747,-0.907839,7.656000,19.001343

2.807709,2.358031,8.359277,16.644705,-0.008338,-0.123093,-0.747695,7.648000,19.001343

3.054396,1.697005,8.431128,16.641764,-0.090675,-0.118297,-0.567566,7.644000,19.001343

2.953805,-0.832135,9.707673,16.641764,-0.098935,0.012803,-0.399429,7.652000,19.001343

2.441271,-0.379477,10.624966,16.635881,0.015111,0.020797,-0.263533,7.644000,19.001343

1.928736,-0.106445,8.814330,16.621176,-0.011535,0.042380,-0.179064,7.640000,19.001343

0.733622,-0.192665,9.827424,16.641764,-0.024059,0.070625,0.065815,7.628000,19.001343

-4.379745,-1.485976,10.881232,16.638823,0.099846,0.094341,0.115110,7.624000,19.001343

-3.979777,0.959339,9.183164,16.638823,0.027368,-0.095647,0.046896,7.620000,19.001343

-1.687743,1.828731,8.941267,16.621176,0.013246,-0.100710,0.111646,7.616000,19.001343

-1.520092,3.663316,9.496911,16.641764,0.053215,-0.096447,0.405555,7.616000,19.036013

-0.358507,3.924373,9.336445,16.615294,0.064406,-0.216888,0.632581,7.620000,19.036013

0.309703,3.543565,8.325747,16.627058,0.052682,-0.015442,0.717849,7.628000,19.036013

0.482145,3.213053,10.191467,16.632940,-0.133309,-0.107105,1.035738,7.628000,19.036013

2.379000,4.036940,8.601173,16.627058,0.090786,0.111128,1.169236,7.632000,19.036013

0.508490,4.755445,8.845466,16.618235,0.041757,0.336288,0.981380,7.632000,19.036013

0.510885,4.125555,7.968888,16.618235,-0.025125,0.236099,0.773539,7.636000,19.036013

0.439034,4.844061,8.380832,16.632940,0.021240,0.439676,0.537187,7.640000,19.036013

-0.641119,4.786581,8.320956,16.618235,-0.057900,0.490304,0.328280,7.648000,19.036013

-1.266220,4.039334,9.341235,16.641764,-0.143168,0.399973,0.289110,7.652000,19.036013

-1.484166,4.669225,9.547207,16.624117,-0.042711,0.413030,0.205708,7.656000,19.036013

-2.442174,2.568792,8.450288,16.612352,0.027901,0.339752,0.050893,7.664000,19.036013

-2.042206,2.338870,8.629914,16.632940,-0.057367,0.218778,-0.071147,7.668000,19.036013

-4.003727,2.844219,9.930409,16.618235,-0.056567,0.284861,-0.097793,7.664000,19.036013

-5.213212,1.316197,10.145962,16.615294,0.027368,0.137241,-0.160145,7.664000,19.036013

-4.542606,0.164193,9.295730,16.615294,0.052949,0.037584,-0.284583,7.664000,19.036013

-5.083880,-0.647719,10.677656,16.618235,-0.073621,-0.135883,-0.374914,7.664000,19.036013

-4.315080,-0.214220,9.944780,16.632940,0.022305,-0.282171,-0.294442,7.652000,19.036013

-2.672096,-0.341156,10.385464,16.635881,-0.012601,-0.473758,-0.177998,7.644000,19.036013

-0.818351,-1.524296,9.832214,16.632940,0.113436,-0.495341,0.085267,7.652000,19.036013

4.635108,1.047955,8.596384,16.621176,0.021772,-0.549966,0.197980,7.636000,19.036013

4.496198,0.389324,9.908854,16.621176,0.070802,-0.409274,0.413282,7.632000,19.036013

4.603973,1.785621,9.657377,16.612352,0.042823,-0.258456,0.562767,7.632000,19.036013

3.339403,3.189102,7.547365,16.635881,0.111570,-0.111369,0.654963,7.624000,19.036013

-0.317792,3.668106,9.508886,16.621176,0.129956,0.049575,0.533190,7.628000,19.036013

-0.447123,2.801109,10.313613,16.632940,0.015910,0.038383,0.395429,7.628000,19.036013

-0.983607,1.194051,9.774734,16.632940,-0.078151,0.085014,0.201178,7.624000,19.709898

-1.544042,3.778277,9.219090,16.621176,0.026302,0.162821,-0.029845,7.632000,19.709898

-2.796637,4.094420,7.674301,16.618235,0.161399,0.017866,-0.318424,7.628000,19.709898

0.635426,2.971155,9.346025,16.615294,0.011647,-0.124425,-0.528130,7.640000,19.709898

0.606686,4.058495,7.841952,16.609411,0.085723,-0.145209,-0.441530,7.640000,19.709898

-0.399222,5.735008,8.749665,16.635881,-0.087477,-0.156401,-0.328816,7.644000,19.709898

0.843793,4.266861,9.226274,16.635881,0.003920,-0.178251,-0.103655,7.648000,19.709898

0.913248,4.484808,8.723320,16.624117,0.106774,-0.127356,0.093527,7.652000,19.709898

0.688116,4.602164,8.184441,16.624117,-0.084546,-0.017307,0.074875,7.660000,19.709898

-0.011229,3.881263,9.384345,16.612352,-0.000610,-0.017574,0.124170,7.664000,19.709898

1.135985,2.094578,9.130473,16.624117,-0.108528,-0.030897,0.122305,7.660000,19.709898

1.512003,3.919583,9.985496,16.627058,-0.056834,0.077820,0.065282,7.664000,19.709898

2.838844,3.445369,9.738809,16.629999,0.048685,0.028791,0.053558,7.668000,19.709898

4.369261,1.383258,9.992681,16.615294,-0.080016,0.140971,0.039435,7.660000,19.709898

3.971688,1.445528,10.723162,16.612352,-0.057367,0.293921,-0.023716,7.668000,19.709898

3.205282,2.209539,10.692026,16.606470,-0.080283,0.367465,-0.136164,7.664000,19.709898

3.535795,0.516261,9.053833,16.612352,-0.007805,0.463657,-0.258470,7.660000,19.709898

1.308426,1.004844,9.166399,16.624117,-0.097336,0.422089,-0.422611,7.652000,19.709898

-0.437543,-0.149555,9.501701,16.627058,0.045754,0.440742,-0.508145,7.644000,19.709898

-1.692533,1.431158,9.271779,16.618235,0.036694,0.302981,-0.607536,7.648000,19.709898

-2.494864,-0.386662,8.534113,16.618235,-0.041379,0.203324,-0.688540,7.640000,19.709898

-2.343978,0.521051,9.377160,16.612352,-0.049107,0.094341,-0.622191,7.636000,19.709898

-2.085316,1.991592,9.748388,16.629999,0.046021,0.003477,-0.482298,7.644000,19.709898

-1.414711,2.223909,10.533955,16.609411,-0.046442,0.034386,-0.264332,7.644000,19.709898

-1.773964,2.329290,8.519743,16.618235,-0.066160,-0.036759,0.042633,7.640000,20.141336

-0.265101,3.842942,8.330537,16.600588,0.053748,0.020797,0.267527,7.636000,20.141336

1.308426,3.100487,8.543694,16.621176,0.113169,0.046111,0.365052,7.640000,20.141336

0.012721,2.571187,9.647798,16.618235,-0.162087,0.055970,0.484427,7.644000,20.141336

-0.547714,4.547079,8.593988,16.612352,-0.009137,0.172947,0.528394,7.644000,20.141336

-1.189579,4.791370,7.453959,16.609411,0.054014,0.236898,0.538253,7.652000,20.141336

-2.080526,3.749537,8.744875,16.624117,-0.028589,0.201192,0.549977,7.652000,20.141336

-2.324818,3.478900,9.137658,16.609411,-0.050172,0.247823,0.500948,7.656000,20.141336

-2.298473,4.338712,9.434641,16.609411,-0.026990,0.261679,0.405821,7.664000,20.141336

-4.142638,3.416629,9.585527,16.609411,-0.021128,0.231569,0.139625,7.668000,20.141336

-4.607272,2.240674,9.920830,16.606470,-0.039780,0.170282,-0.011992,7.672000,20.141336

-5.323382,1.658685,10.325588,16.609411,-0.075753,0.058368,-0.104988,7.676000,20.141336

-4.516261,1.524564,9.525652,16.603529,0.079861,-0.065803,-0.205444,7.668000,20.141336

-4.233649,-0.542338,9.755573,16.603529,0.018575,-0.207828,-0.202513,7.668000,20.141336

-3.433712,-0.987812,10.021420,16.612352,0.023371,-0.321074,-0.068216,7.668000,20.141336

-2.375113,-0.350737,10.110036,16.591763,0.018042,-0.345056,0.065548,7.660000,20.141336

-1.110543,-2.808027,9.496911,16.609411,0.071601,-0.430857,0.200378,7.656000,20.141336

-0.004044,-0.762680,8.838281,16.597647,0.053215,-0.469228,0.309095,7.648000,20.141336

3.748951,-1.057267,10.129196,16.603529,-0.111459,-0.300024,0.370914,7.636000,20.141336

3.178937,0.085157,8.694579,16.594706,0.028967,-0.155601,0.418611,7.636000,20.141336

2.268829,2.329290,9.508886,16.603529,0.016976,-0.021837,0.418611,7.624000,20.141336

0.767152,1.294642,9.518467,16.591763,0.118498,-0.022104,0.280051,7.624000,20.141336

-0.020809,2.314920,10.009445,16.597647,0.044422,0.012270,-0.033309,7.628000,20.141336

-0.207621,3.052586,8.067084,16.603529,0.075598,0.050641,-0.373582,7.632000,20.141336

-0.301027,3.933954,8.225156,16.603529,-0.013134,0.036252,-0.634981,7.628000,20.141336

-0.921337,3.720797,9.427456,16.606470,-0.002476,0.031988,-0.788464,7.624000,20.141336

-1.924850,2.978341,9.008327,16.603529,-0.045643,-0.021571,-0.841223,7.628000,20.141336

-0.811166,5.069193,8.958032,16.591763,-0.062163,-0.052214,-0.834828,7.632000,20.141336

0.173187,6.388849,9.544811,16.594706,0.140615,-0.126823,-0.710923,7.640000,20.141336

1.945502,5.222474,7.650351,16.591763,0.102511,-0.235806,-0.529462,7.644000,20.141336

0.312098,4.422538,8.014394,16.600588,-0.009137,-0.220885,-0.355729,7.644000,20.141336

-0.796796,5.047637,9.575947,16.594706,-0.004074,-0.223816,-0.185459,7.648000,20.141336

-0.176486,5.136253,8.943662,16.582939,0.098247,-0.182514,-0.091664,7.656000,20.141336

-0.813561,2.853800,8.970007,16.606470,0.039359,-0.234474,-0.156948,7.660000,20.141336

0.434244,2.587952,10.069321,16.600588,0.022572,-0.261387,-0.107119,7.668000,20.141336

1.729950,2.415511,10.086086,16.588821,-0.006739,-0.261387,0.010391,7.668000,20.141336

2.946620,1.847891,9.590317,16.585880,-0.045643,-0.138281,0.174265,7.660000,20.141336

3.645966,2.216724,10.713581,16.591763,0.024704,-0.063139,0.335475,7.660000,20.141336

4.127365,0.578531,10.375883,16.594706,-0.110126,0.033321,0.402091,7.656000,20.141336

2.867584,1.167706,9.393926,16.594706,-0.056567,0.222242,0.431668,7.664000,20.141336

1.447338,-0.199850,9.928015,16.603529,-0.077884,0.279265,0.329613,7.648000,20.141336

0.635426,-0.391452,8.984377,16.588821,0.058278,0.389581,0.252872,7.652000,20.141336

-0.847091,0.662357,9.037067,16.588821,-0.064295,0.395976,0.215034,7.640000,20.141336

0.769547,0.054022,10.660891,16.588821,-0.140503,0.446604,0.035971,7.640000,20.141336

-2.173932,1.931717,9.195139,16.594706,0.064673,0.471918,-0.274458,7.632000,20.141336

-1.254244,3.699241,8.500583,16.577057,-0.066693,0.249688,-0.333879,7.636000,20.141336

-1.802704,2.666988,9.130473,16.579998,-0.078684,0.324564,-0.249410,7.640000,20.141336

-2.588270,3.098092,9.125683,16.591763,0.012979,0.301382,-0.258203,7.640000,20.141336

-2.703231,4.357872,9.542417,16.609411,0.027901,0.167618,-0.263266,7.644000,20.141336

-1.441056,3.545960,8.735295,16.582939,-0.045909,0.175079,-0.188657,7.648000,20.141336

-0.289052,4.676410,8.376042,16.577057,0.065739,0.073823,0.005861,7.648000,9.965637

-0.736920,3.107671,7.521020,16.588821,0.008716,0.016001,0.225159,7.656000,9.965637

-1.948800,4.571029,9.144843,16.588821,-0.076819,0.076754,0.389833,7.660000,9.965637

-1.967960,4.175850,9.348420,16.612352,-0.040846,0.099137,0.527594,7.656000,9.965637

-1.426686,3.950719,8.335326,16.597647,0.090786,0.157492,0.495619,7.664000,9.965637

-2.866093,3.366334,8.320956,16.591763,-0.035783,0.181474,0.356525,7.668000,9.965637

-3.424132,2.070628,9.389135,16.585880,-0.039780,0.184405,0.246743,7.672000,9.965637

-4.267179,2.410721,9.762758,16.582939,-0.080816,0.179875,0.081270,7.672000,9.965637

-4.616852,1.641920,10.486054,16.591763,-0.061364,0.014402,-0.090865,7.672000,9.965637

-5.898187,0.980894,10.387858,16.585880,0.042290,-0.105773,-0.216635,7.672000,9.965637

-4.291129,0.015701,9.676538,16.582939,0.028967,-0.330134,-0.266197,7.668000,9.965637

-2.252968,-0.168715,9.106524,16.594706,0.061209,-0.407675,-0.217968,7.664000,9.965637

-1.230294,-1.356645,9.266990,16.582939,0.052949,-0.470826,-0.119909,7.656000,9.965637

-1.103358,-1.232104,9.884905,16.585880,0.074266,-0.395418,-0.071680,7.656000,9.965637

2.925065,-0.432167,9.791499,16.594706,0.017509,-0.508398,-0.136164,7.648000,9.965637

1.112035,-1.964980,9.908854,16.588821,0.058811,-0.331733,-0.097527,7.632000,9.965637

1.919157,1.754486,9.266990,16.585880,0.071335,-0.254192,-0.111649,7.628000,9.965637

1.852096,1.426368,8.220366,16.591763,-0.023526,-0.160398,-0.071680,7.620000,9.965637

0.477355,1.598809,9.396320,16.594706,0.084924,-0.082591,-0.285116,7.620000,9.965637

-0.389642,3.196287,8.725715,16.603529,0.045221,-0.146542,-0.641376,7.628000,9.965637

-1.091383,1.970037,8.268266,16.585880,-0.036316,-0.123892,-0.727710,7.628000,9.965637

-1.014742,3.957904,9.381950,16.588821,0.081460,-0.207561,-0.639778,7.628000,9.965637

-0.892597,4.420143,9.137658,16.577057,0.129423,-0.373568,-0.423410,7.636000,9.965637

0.161212,4.959022,8.689790,16.574116,0.009515,-0.332799,-0.273925,7.636000,9.965637

-0.001649,4.106395,8.392807,16.579998,-0.004607,-0.326670,-0.049297,7.644000,9.965637

-0.188461,5.100328,8.874207,16.588821,-0.001943,-0.287500,0.135362,7.652000,19.837707

1.231786,7.260636,8.953242,16.582939,0.080128,-0.248863,0.103120,7.648000,19.837707

1.691630,3.502850,8.586803,16.568233,0.116100,-0.303222,0.067414,7.652000,19.837707

-0.116610,4.012989,8.459867,16.579998,-0.029655,-0.262719,0.019450,7.656000,19.837707

0.692906,2.604717,8.998747,16.585880,-0.065627,-0.193439,-0.073012,7.664000,19.837707

0.759967,3.088511,9.772339,16.579998,-0.000344,-0.177718,-0.007462,7.668000,19.837707

2.079623,3.735167,9.113708,16.594706,-0.044044,-0.111102,0.045830,7.668000,19.837707

3.830382,2.156849,8.792775,16.571175,-0.087477,-0.103641,0.153481,7.668000,19.837707

3.962108,2.228699,10.021420,16.588821,-0.037649,-0.014376,0.351729,7.660000,19.837707

2.675983,2.137689,10.354328,16.588821,0.044422,0.043979,0.500149,7.668000,19.837707

2.010167,-0.707594,9.231064,16.588821,-0.013134,0.120720,0.605401,7.664000,19.837707

1.100060,-0.233381,10.177097,16.588821,-0.099734,0.187602,0.631515,7.660000,19.837707

2.728673,-1.167438,10.229787,16.582939,-0.047508,0.358138,0.672816,7.648000,19.837707

2.264039,0.619246,9.575947,16.594706,0.084924,0.344016,0.688804,7.648000,19.837707

0.060621,1.136571,10.268107,16.585880,-0.041113,0.464457,0.531058,7.628000,19.837707

-1.235084,-0.051359,9.851375,16.568233,0.070802,0.479112,0.379441,7.636000,19.837707

-2.157167,2.427486,7.703041,16.594706,0.024437,0.361336,0.352795,7.632000,19.837707

-0.492628,2.587952,9.015512,16.594706,-0.061097,0.307244,0.316556,7.628000,19.837707

-0.581244,3.373519,9.065807,16.591763,-0.006206,0.333357,0.077806,7.624000,19.837707

-0.825536,4.290812,7.746151,16.597647,-0.111459,0.294454,-0.036507,7.628000,19.837707

-0.894992,4.355477,9.046648,16.582939,0.018575,0.366932,-0.124706,7.628000,19.837707

-1.189579,2.631063,9.171188,16.582939,0.051083,0.316304,-0.101257,7.632000,19.837707

-1.072223,4.317157,9.401111,16.568233,-0.056567,0.293921,-0.101524,7.644000,19.837707

-1.429081,4.458463,9.199929,16.582939,-0.044577,0.317903,-0.322421,7.644000,19.837707

-0.200436,4.525523,7.865902,16.571175,-0.008071,0.252619,-0.416482,7.652000,19.862707

0.213903,4.180641,9.173584,16.577057,-0.134641,0.233967,-0.370917,7.656000,19.862707

-0.538134,5.711058,10.241762,16.597647,-0.060564,0.346148,-0.259802,7.656000,19.862707

-0.195646,4.130345,9.089758,16.579998,0.007117,0.278466,-0.223830,7.660000,19.862707

0.213903,2.849010,8.371252,16.568233,0.013779,0.204656,-0.224896,7.660000,19.862707

-2.082921,3.440579,8.582014,16.571175,-0.077618,0.257948,-0.216369,7.668000,19.862707

-4.346215,1.661080,9.262199,16.574116,-0.094938,0.246491,-0.228626,7.668000,19.862707

-4.976105,1.479059,10.057346,16.574116,-0.030188,0.135642,-0.402626,7.668000,19.862707

-5.814362,-0.233381,10.339958,16.574116,-0.005940,-0.025301,-0.578225,7.668000,19.862707

-4.293524,-1.689553,9.839399,16.559410,-0.034185,-0.187310,-0.694136,7.668000,19.862707

-3.397787,-2.226037,10.189072,16.579998,0.012446,-0.396750,-0.777272,7.660000,19.862707

-1.934430,-1.885944,10.474079,16.553528,0.101445,-0.419666,-0.688807,7.652000,19.862707

-0.906967,-2.180532,10.239367,16.562351,0.085191,-0.527316,-0.683478,7.644000,19.862707

3.437599,-0.549523,10.076506,16.582939,0.091586,-0.479620,-0.662161,7.632000,19.862707

2.465221,1.064720,8.577224,16.553528,0.173123,-0.398349,-0.562504,7.624000,19.862707

0.369579,1.761671,10.349538,16.565292,0.122229,-0.418600,-0.417814,7.620000,19.862707

-0.200436,0.830008,9.360395,16.568233,0.144878,-0.470027,-0.254739,7.620000,19.862707

-2.291288,2.463411,8.249105,16.571175,0.195772,-0.352517,-0.129502,7.612000,19.862707

-1.556017,3.807017,8.313771,16.582939,0.138750,-0.441516,0.009325,7.620000,19.862707

0.079781,3.256163,9.199929,16.585880,0.050817,-0.418067,0.098057,7.624000,19.862707

0.695301,3.656131,8.689790,16.574116,0.097981,-0.369038,0.003463,7.624000,19.862707

0.415084,3.778277,8.325747,16.574116,0.058011,-0.349053,-0.071680,7.628000,19.862707

-0.715365,5.160203,8.486213,16.579998,0.078529,-0.315745,-0.060222,7.624000,19.862707

-0.210016,4.470438,8.871811,16.582939,0.103843,-0.318410,0.049294,7.632000,19.862707

0.055831,5.229659,8.948452,16.556469,0.084391,-0.345589,0.059153,7.632000,19.862707

0.424664,4.937467,9.185558,16.571175,0.056946,-0.362643,0.094326,7.644000,19.862707

0.213903,4.923097,8.229946,16.547646,0.168593,-0.369038,0.195582,7.644000,19.862707

0.362394,4.070470,8.265871,16.559410,-0.030454,-0.330134,0.285913,7.652000,19.495820

-0.042365,5.229659,10.026211,16.565292,-0.036316,-0.243800,0.342403,7.656000,19.495820

1.255736,5.464371,8.627519,16.562351,0.162998,-0.243267,0.382905,7.656000,19.495820

1.229391,3.258558,10.380673,16.568233,-0.023526,-0.120961,0.534256,7.664000,19.495820

2.367025,3.356754,9.856164,16.565292,0.113702,-0.083656,0.690136,7.660000,19.495820

2.558627,1.237161,9.987890,16.577057,-0.038182,-0.003984,0.861472,7.656000,19.495820

1.461708,1.464688,10.818962,16.565292,-0.109061,0.165752,0.944608,7.664000,19.495820

1.234181,0.470755,10.167517,16.556469,-0.014466,0.243559,0.886253,7.656000,19.495820

1.864071,-1.356645,9.841794,16.588821,-0.086145,0.355207,0.753022,7.648000,19.495820

1.916761,0.190538,10.368698,16.553528,-0.066960,0.441275,0.621922,7.648000,19.495820

1.514398,0.715047,9.908854,16.562351,0.083325,0.590227,0.455117,7.640000,19.495820

-0.492628,0.624036,9.580737,16.562351,-0.024858,0.495633,0.158810,7.636000,19.495820

-1.788334,0.791688,9.841794,16.553528,0.028701,0.591560,-0.219566,7.640000,19.495820

-2.269733,3.684871,8.397597,16.559410,0.007650,0.400506,-0.543318,7.632000,19.495820

0.874928,2.901700,9.269384,16.565292,-0.038448,0.406102,-0.698666,7.636000,19.495820

-0.918942,4.499178,8.435918,16.565292,-0.070157,0.313639,-0.701597,7.648000,19.495820

1.847306,4.685990,8.392807,16.579998,-0.106662,0.239296,-0.781269,7.648000,19.495820

0.759967,3.735167,10.375883,16.585880,-0.024326,0.337621,-0.824436,7.652000,19.495820

-0.485443,3.134017,9.032277,16.565292,-0.051238,0.208653,-0.858010,7.656000,19.495820

-2.252968,4.077655,8.495793,16.565292,-0.007005,0.272604,-0.915034,7.656000,19.495820

-2.286498,4.324342,8.720924,16.571175,-0.036050,0.121786,-0.934219,7.664000,19.495820

-1.958380,3.830968,8.495793,16.568233,-0.016598,0.055437,-0.791128,7.668000,19.495820

-2.904413,3.208262,9.422666,16.565292,-0.003275,0.022396,-0.601940,7.672000,19.495820

-5.950878,2.887330,10.280083,16.562351,0.016710,-0.124958,-0.273392,7.672000,20.438656

-2.413434,3.272928,10.265713,16.556469,0.068137,-0.287767,-0.153217,7.676000,20.438656

-1.144074,2.379586,8.529324,16.562351,0.237607,-0.351718,0.045830,7.680000,20.438656

-3.701954,-0.149555,8.196416,16.565292,0.129157,-0.475090,0.339205,7.676000,20.438656

-4.018097,-1.265634,9.523256,16.559410,-0.009137,-0.562756,0.512939,7.676000,20.438656

-3.663634,-0.345946,11.733860,16.562351,0.057745,-0.511862,0.747160,7.676000,20.438656

-2.039811,-0.242961,10.785432,16.579998,0.180051,-0.544104,0.961395,7.668000,20.438656

-1.491351,-1.260844,9.774734,16.579998,0.084658,-0.507598,1.049861,7.664000,20.438656

-1.268615,-1.018947,8.591594,16.562351,0.025237,-0.452174,0.996568,7.660000,20.438656

0.108522,-0.743520,8.184441,16.571175,0.122229,-0.556894,0.924623,7.652000,20.438656

2.546652,2.142479,13.460669,16.556469,0.081993,-0.099111,0.598207,7.644000,20.438656

0.300123,1.469478,9.999866,16.559410,-0.011269,-0.296560,0.377043,7.648000,20.438656

1.495238,0.418065,7.561735,16.594706,0.129956,-0.255791,0.498550,7.640000,20.438656

-1.821864,1.788016,10.306428,16.579998,0.136618,-0.016774,0.286979,7.632000,20.438656

-1.026718,1.617970,10.078901,16.597647,-0.123450,-0.255525,0.026645,7.632000,20.438656

0.458195,1.344937,8.950847,16.577057,0.046820,-0.120428,-0.026381,7.628000,20.438656

0.594711,3.514825,8.244316,16.603529,0.090520,-0.098045,0.018918,7.628000,20.438656

1.837726,4.879986,7.034831,16.577057,0.012180,-0.144410,0.160409,7.632000,20.438656

2.901114,4.621324,9.243039,16.585880,-0.045643,-0.150272,0.302434,7.640000,20.438656

2.048487,5.691898,10.548325,16.591763,0.062808,-0.063938,0.381573,7.644000,20.438656

1.164725,6.592425,8.922107,16.565292,-0.083480,0.107930,0.421542,7.652000,20.438656

-0.880621,3.258558,8.699369,16.597647,0.050284,0.120187,0.402890,7.652000,20.438656

-1.790729,3.989039,9.005932,16.597647,0.056679,0.101535,0.281117,7.668000,20.438656

-2.298473,4.482413,10.732741,16.588821,-0.000610,0.102068,0.083668,7.668000,20.438656

-1.074618,2.631063,9.951965,16.591763,0.038027,0.089011,0.013855,7.676000,20.438656

-2.054181,2.688543,8.735295,16.585880,-0.096803,0.027991,-0.018654,7.672000,20.380282

0.137262,4.329132,10.241762,16.606470,-0.006473,0.000279,-0.034641,7.676000,20.380282

2.745438,2.470596,9.698093,16.591763,0.162198,-0.051681,0.025579,7.676000,20.380282

2.345470,-0.312416,8.560458,16.597647,-0.025125,0.035452,0.216633,7.672000,20.380282

2.843634,-0.254936,9.444221,16.588821,-0.183670,0.170282,0.367450,7.672000,20.380282

2.846029,-0.573473,9.602292,16.582939,0.004719,0.184138,0.565699,7.668000,20.380282

2.367025,-0.597424,9.911250,16.594706,-0.157024,0.325896,0.616593,7.668000,20.380282

1.540743,-2.132631,9.973520,16.603529,-0.012868,0.440475,0.585683,7.668000,20.380282

0.901273,-1.785353,9.142448,16.600588,-0.016598,0.541997,0.635512,7.660000,20.380282

0.803077,2.734049,7.822792,16.606470,0.206697,0.710402,0.779934,7.652000,20.380282

-1.278195,1.881422,11.630874,16.585880,0.102777,0.178010,0.643239,7.640000,20.380282

-5.225187,-0.884826,9.029882,16.585880,0.000189,0.479645,0.311227,7.636000,20.380282

-4.044442,1.816756,9.944780,16.585880,0.044422,0.433547,0.036504,7.644000,20.380282

0.719252,3.215447,9.537626,16.588821,-0.003275,0.366932,-0.277655,7.632000,20.380282

-0.200436,2.983131,7.770102,16.597647,0.027635,0.376791,-0.424476,7.636000,20.380282

-0.044760,2.235884,9.578342,16.603529,-0.074687,0.374659,-0.606203,7.640000,20.380282

1.598224,3.708822,7.892248,16.603529,-0.048041,0.325630,-0.698932,7.648000,20.380282

1.195861,4.690780,8.112590,16.591763,-0.034185,0.298717,-0.661095,7.648000,20.380282

0.726437,4.400982,9.096943,16.609411,-0.043511,0.366665,-0.636047,7.644000,20.380282

-1.079408,3.641761,9.128078,16.606470,-0.052837,0.324031,-0.606470,7.648000,20.380282

-1.841024,4.652460,8.570039,16.618235,-0.065094,0.322432,-0.551312,7.660000,20.380282

-1.661398,4.609349,8.483818,16.597647,-0.076019,0.270739,-0.317891,7.664000,20.380282

-1.953590,3.783067,10.282477,16.609411,-0.024326,0.217180,-0.134831,7.668000,20.380282

-2.355953,3.749537,11.125525,16.603529,-0.010469,0.205722,-0.174001,7.672000,20.380282

-1.606312,4.032149,8.134145,16.609411,0.066272,0.119921,-0.228093,7.672000,20.411708

-2.767897,3.498060,10.387858,16.609411,0.003653,0.178809,-0.231024,7.680000,20.411708

-4.877909,1.438343,8.694579,16.603529,0.227482,0.038383,-0.300571,7.672000,20.411708

-5.407208,-4.429455,10.739926,16.612352,-0.058699,-0.285369,-0.377579,7.672000,20.411708

-6.772369,0.118687,10.440549,16.621176,0.064140,-0.230211,-0.467909,7.672000,20.411708

-3.476823,-2.578105,10.763877,16.615294,0.069469,-0.455372,-0.415683,7.672000,20.411708

-2.868488,-2.127841,10.965058,16.603529,0.103044,-0.480952,-0.314161,7.668000,20.411708

-2.904413,-1.500346,9.954360,16.612352,0.117166,-0.619779,-0.163876,7.652000,20.411708

-1.922455,-1.976955,7.489884,16.597647,0.197638,-0.698119,0.010391,7.644000,20.411708

3.825592,1.783226,11.068044,16.606470,0.028168,-0.651754,0.066081,7.648000,20.411708

3.490289,3.102882,9.942385,16.618235,0.105442,-0.650689,0.347732,7.636000,20.411708

3.562140,3.732772,8.040739,16.635881,0.234676,-0.275509,0.984045,7.632000,20.411708

-1.158444,1.881422,8.835886,16.627058,0.029766,-0.157200,1.024813,7.632000,20.411708

-0.272286,2.219119,10.222602,16.612352,0.003387,-0.270447,0.872663,7.632000,20.411708

0.894088,3.184312,9.001143,16.618235,0.143546,-0.111635,0.789261,7.636000,20.411708

-0.200436,2.817874,8.843071,16.603529,0.034296,-0.059142,0.579555,7.628000,20.411708

-0.674650,4.274046,7.489884,16.609411,0.034563,-0.027699,0.262198,7.632000,20.411708

-1.002767,0.621641,8.531718,16.612352,-0.095471,0.028524,0.033839,7.640000,20.411708

0.072596,9.095221,9.202324,16.624117,0.027901,0.071158,0.024247,7.640000,20.411708

1.306031,3.196287,8.340117,16.606470,0.010848,-0.079393,-0.057024,7.644000,20.411708

-1.814679,4.887171,11.063254,16.629999,0.007650,-0.030897,-0.211573,7.644000,20.411708

-0.073500,5.263189,8.919712,16.624117,-0.051505,-0.043687,-0.444461,7.652000,20.411708

-0.609984,4.568634,8.720924,16.638823,0.093984,-0.087120,-0.461248,7.660000,20.411708

-1.019533,2.839429,9.408296,16.624117,-0.015799,-0.183846,-0.395698,7.668000,20.411708

-1.280590,2.568792,10.749507,16.624117,-0.043777,-0.214223,-0.445527,7.672000,20.411708

1.605409,2.722074,8.474237,16.612352,0.141148,-0.278973,-0.346669,7.676000,20.411708

2.034117,1.093460,7.592870,16.621176,-0.091741,-0.228346,-0.141226,7.676000,20.411708

5.152433,1.670660,8.383227,16.609411,0.037494,-0.189176,0.189720,7.672000,20.411708

3.279528,1.009634,10.407019,16.627058,-0.201523,-0.048750,0.410617,7.668000,20.411708

2.549047,-0.748310,10.042975,16.618235,-0.056834,0.033854,0.557971,7.664000,20.411708

2.819684,-0.726755,9.736413,16.621176,0.098514,0.201991,0.663224,7.660000,20.411708

2.024537,-0.686039,9.595107,16.618235,0.098247,0.332824,0.728507,7.652000,20.411708

0.266593,-0.559103,10.131592,16.618235,0.029233,0.395177,0.724510,7.648000,20.411708

0.949174,-0.403427,9.880115,16.621176,0.099047,0.320034,0.598207,7.640000,20.411708

-0.770451,-0.841716,7.863508,16.629999,0.004719,0.439143,0.435398,7.640000,20.411708

-1.036298,1.905372,9.017907,16.627058,-0.138105,0.293122,0.429003,7.628000,20.411708

-1.019533,2.968760,10.795012,16.627058,-0.057900,0.405569,0.338672,7.628000,20.411708

-1.508116,2.298155,9.961545,16.629999,0.030033,0.347213,0.184391,7.632000,20.411708

-1.424291,3.926768,8.368856,16.627058,0.035096,0.353342,0.136427,7.632000,20.411708

-1.038693,3.598651,8.352092,16.618235,-0.039780,0.278200,0.221429,7.632000,20.411708

-1.247059,3.886053,8.857441,16.603529,-0.002742,0.330693,0.301101,7.628000,20.411708

-1.488956,4.113580,8.828701,16.644705,-0.005140,0.271272,0.237150,7.644000,20.411708

0.051041,5.148229,8.196416,16.635881,0.031898,0.311774,0.335475,7.648000,20.411708

0.120497,5.596097,7.691066,16.644705,-0.026191,0.293654,0.572360,7.656000,20.411708

0.676141,4.123160,10.114826,16.627058,-0.091474,0.287259,0.763147,7.652000,20.411708

-0.279472,4.788976,11.159055,16.629999,-0.058433,0.376791,0.862538,7.652000,20.411708

-1.900900,5.308695,8.814330,16.632940,0.079062,0.464723,0.779401,7.660000,20.411708

-1.558412,3.543565,9.257409,16.641764,0.034296,0.418892,0.488957,7.660000,20.411708

-3.792965,1.316197,9.944780,16.629999,-0.049639,0.386916,0.196115,7.664000,20.411708

-4.104318,1.491034,9.152028,16.624117,-0.042445,0.400772,-0.069815,7.664000,20.411708

-4.774923,0.727022,8.768826,16.641764,0.002054,0.327762,-0.257671,7.668000,20.411708

-4.377350,-0.480068,9.779524,16.662352,-0.030987,0.056769,-0.416216,7.660000,9.932959

-3.404972,-1.026132,11.422507,16.653528,-0.255348,-0.005050,-0.483098,7.664000,9.932959

-0.547714,-0.508808,11.125525,16.662352,-0.083747,-0.002385,-0.517471,7.660000,9.932959

0.872533,-0.393847,8.905341,16.653528,0.102244,-0.025568,-0.551579,7.648000,9.932959

-0.272286,-1.224919,8.644284,16.665293,-0.042978,-0.051414,-0.522801,7.644000,9.932959

2.515516,-0.187875,9.916039,16.668234,-0.038448,-0.098845,-0.419680,7.636000,9.932959

0.525255,-1.287189,10.474079,16.668234,0.041224,-0.063672,-0.204645,7.632000,9.932959

1.468893,1.368887,9.611873,16.656469,0.007117,0.036518,-0.174001,7.620000,9.932959

-0.868646,-0.015434,10.756692,16.653528,-0.011535,0.002144,-0.048764,7.624000,9.932959

-1.268615,1.835916,9.075388,16.668234,0.106241,0.106331,-0.146023,7.612000,9.932959

-1.014742,3.981854,8.335326,16.668234,0.040425,-0.025568,-0.397563,7.608000,9.932959

-1.512907,3.217843,8.785590,16.659410,-0.035783,-0.002918,-0.518271,7.612000,9.932959

-1.759594,4.518338,8.591594,16.674116,0.107307,-0.041822,-0.604871,7.620000,9.932959

-2.015861,4.633299,8.435918,16.668234,0.025769,-0.060474,-0.695468,7.624000,9.932959

-0.636329,5.804464,10.636941,16.671175,0.027102,-0.175320,-0.728510,7.636000,9.932959

0.314493,4.606954,9.348420,16.677057,-0.004341,-0.235274,-0.698932,7.644000,9.932959

1.080899,6.245147,7.389294,16.679998,0.052949,-0.261653,-0.729043,7.648000,9.932959

0.015116,4.664434,7.561735,16.668234,0.079328,-0.287767,-0.677882,7.656000,9.932959

-0.930917,3.287298,8.593988,16.671175,0.063874,-0.306153,-0.575827,7.652000,9.932959

-0.550109,3.296878,9.916039,16.671175,0.016976,-0.261387,-0.516139,7.664000,9.932959

-0.253126,2.372401,7.516230,16.691763,0.119298,-0.314413,-0.415949,7.660000,9.932959

-0.768055,2.228699,8.251501,16.671175,-0.077085,-0.338128,-0.243814,7.664000,9.932959

-0.245941,3.363939,11.046489,16.688822,-0.037382,-0.291764,-0.084470,7.668000,9.932959

2.070043,2.245465,10.950688,16.682940,0.091053,-0.239537,-0.039704,7.668000,9.932959

3.078346,1.261111,9.947175,16.688822,0.055880,-0.216355,0.044498,7.672000,9.932959

1.555114,3.919583,10.122011,16.679998,-0.016865,-0.063672,0.233153,7.664000,9.932959

0.678536,2.171219,9.638218,16.671175,0.045221,-0.004517,0.297104,7.660000,9.932959

0.678536,-2.137421,9.425060,16.685881,-0.022993,-0.046352,0.188121,7.656000,9.932959

0.300123,-0.999787,10.399834,16.691763,-0.135973,-0.018640,0.013588,7.660000,9.932959

0.633031,1.196446,10.112432,16.685881,0.038560,0.120187,-0.003465,7.648000,9.932959

-0.171696,0.556976,9.657377,16.682940,0.007650,0.141504,0.060486,7.652000,9.932959

-2.085316,0.065997,8.229946,16.685881,0.010848,0.152429,-0.030378,7.640000,9.932959

-0.662675,1.567674,9.211904,16.688822,-0.064828,-0.015708,-0.015723,7.636000,9.932959

0.491725,1.337752,10.107641,16.677057,0.007384,-0.004517,0.209438,7.632000,9.932959

0.472565,1.280272,10.790222,16.679998,-0.068825,0.074356,0.263264,7.636000,9.932959

-0.918942,3.114857,9.935200,16.679998,0.008449,0.113259,0.186522,7.632000,9.932959

-2.023046,2.386771,8.229946,16.697645,0.026569,0.044246,0.139359,7.632000,9.932959

-1.151259,3.749537,7.145002,16.694704,0.039625,0.079952,0.119107,7.636000,9.932959

-1.086593,3.692056,8.208390,16.677057,-0.068025,0.122586,0.113778,7.632000,9.932959

-1.424291,3.339988,10.045371,16.677057,-0.048840,0.126316,0.077806,7.644000,9.932959

-1.685348,4.288416,10.062136,16.691763,0.030832,0.064230,0.083135,7.640000,9.932959

-2.727181,4.389007,8.646679,16.703527,0.063341,0.020530,0.117509,7.648000,9.932959

-2.851722,3.984249,9.513677,16.677057,0.047353,-0.064471,0.155879,7.656000,9.932959

-1.884135,4.293207,8.433522,16.691763,-0.022727,-0.034894,0.203576,7.656000,9.932959

-0.942892,4.149505,9.741203,16.679998,-0.030454,-0.049016,0.177196,7.660000,9.932959

-0.631539,3.189102,9.700488,16.679998,-0.020329,0.028524,0.051426,7.664000,9.932959

-1.088988,2.161639,8.869416,16.671175,0.098514,0.053305,-0.054626,7.664000,9.932959

-1.625473,2.094578,8.047924,16.677057,0.129157,-0.108704,-0.087667,7.672000,9.932959

-4.303104,1.464688,9.851375,16.685881,0.007650,-0.128955,-0.032243,7.672000,9.932959

-6.247860,0.259993,10.866862,16.668234,0.007117,-0.184379,-0.142559,7.668000,9.932959

-3.606153,-0.805790,9.214299,16.691763,0.089188,-0.418333,-0.137230,7.664000,9.932959

-3.797755,-2.719411,8.649075,16.677057,-0.053370,-0.503068,0.139625,7.656000,9.732810

-4.406090,0.101922,11.295571,16.682940,-0.073621,-0.440450,0.414081,7.648000,9.732810

0.082176,-0.616584,8.855046,16.697645,0.011114,-0.802572,0.606734,7.640000,9.732810

3.226837,1.337752,10.272898,16.703527,0.028967,-0.557693,0.684274,7.640000,9.732810

5.339244,2.130504,9.417875,16.706469,0.104909,-0.215822,0.853478,7.632000,9.732810

1.516793,0.985684,8.871811,16.688822,0.139815,-0.203565,1.009625,7.636000,9.732810

1.023419,1.500613,9.791499,16.685881,0.106774,-0.088453,0.859074,7.640000,9.732810

1.880836,1.876631,10.620175,16.694704,0.036694,-0.028232,0.572627,7.632000,9.732810

2.951410,2.901700,8.845466,16.691763,0.023904,0.116457,0.362921,7.628000,9.732810

-1.512907,3.493270,8.270661,16.688822,0.111037,0.256883,0.062884,7.632000,9.732810

-1.450636,3.433394,8.553273,16.697645,-0.041912,0.147367,-0.144158,7.628000,9.732810

-0.090265,4.623719,9.827424,16.703527,-0.021394,0.141238,-0.109784,7.640000,9.732810

2.144288,4.412958,8.114985,16.688822,-0.062163,0.128714,-0.126038,7.636000,9.732810

1.116825,6.101446,9.293335,16.691763,0.059877,0.150298,-0.096194,7.644000,9.732810

1.655704,4.506363,8.816726,16.677057,0.114768,0.056769,-0.127104,7.648000,9.732810

1.313216,4.197406,9.645403,16.697645,-0.105064,0.157492,-0.323753,7.652000,9.732810

-0.897387,4.573424,10.584250,16.724117,0.073466,0.290457,-0.715453,7.652000,9.732810

-0.696205,4.214171,8.831096,16.706469,-0.021661,0.126050,-1.186559,7.660000,9.732810

-0.420778,3.414234,8.457473,16.694704,-0.054436,0.110861,-1.454620,7.668000,9.732810

1.212626,2.997501,10.864468,16.694704,-0.084546,-0.118563,-1.481799,7.672000,9.732810

2.596947,4.022569,10.292058,16.697645,0.090520,-0.104973,-1.192154,7.672000,9.732810

3.607645,3.237003,7.889853,16.691763,0.157935,-0.232342,-0.772476,7.664000,9.732810

3.176542,3.090906,9.875324,16.694704,-0.080016,-0.277108,-0.217435,7.668000,9.732810

3.808827,2.477782,10.620175,16.697645,0.002321,-0.123359,0.090063,7.668000,9.732810

2.472406,-1.806908,8.960427,16.688822,0.070002,-0.068735,0.181726,7.664000,9.732810

1.332377,-0.429772,8.984377,16.706469,-0.118387,-0.024502,0.251806,7.660000,19.536415

-0.751290,2.092183,10.866862,16.697645,0.049751,0.172414,0.353861,7.660000,19.536415

-0.183671,-0.092074,10.569880,16.709410,0.127825,0.048775,0.289643,7.652000,19.536415

-0.871041,0.166588,9.072993,16.709410,0.146210,0.156160,0.120706,7.648000,19.536415

0.894088,1.510194,9.640613,16.691763,0.027368,0.007207,0.083934,7.636000,19.536415

1.581459,0.245623,10.311218,16.694704,-0.021661,0.008273,0.120173,7.628000,19.536415

-0.399222,2.219119,9.120893,16.703527,-0.021927,0.160423,0.043166,7.632000,19.536415

-0.971632,3.258558,8.098220,16.709410,-0.031254,0.091676,0.000532,7.628000,19.536415

-0.516578,3.466924,9.008327,16.700586,0.046820,0.101002,0.020250,7.632000,19.536415

-1.057853,3.490875,9.360395,16.715292,-0.010469,0.114059,0.136960,7.628000,19.536415

-1.285380,4.616534,8.708950,16.694704,-0.038714,0.174812,0.256602,7.636000,19.536415

-1.148864,5.083563,7.477910,16.691763,0.038293,0.111927,0.485760,7.636000,19.536415

-0.518973,6.340948,8.632309,16.706469,-0.093606,0.081550,0.705058,7.644000,19.536415

1.473683,4.436908,9.302915,16.712351,-0.078151,0.209719,0.860672,7.648000,19.536415

-0.533344,5.632022,9.381950,16.709410,0.057212,0.391446,0.942477,7.660000,19.536415

-1.115333,3.469320,8.114985,16.700586,-0.120252,0.388515,0.717049,7.664000,19.536415

-2.037416,3.287298,10.102851,16.706469,-0.066960,0.554255,0.335208,7.664000,19.536415

-2.772687,3.785462,8.907737,16.709410,0.034030,0.557452,0.085000,7.672000,19.536415

-4.624037,2.544842,8.629914,16.703527,-0.030721,0.413296,-0.155349,7.668000,19.536415

-5.146151,1.919742,9.848979,16.709410,-0.155159,0.358138,-0.338142,7.672000,19.536415

-4.679122,0.638407,10.213022,16.694704,0.045754,0.147100,-0.425808,7.672000,19.536415

-5.249137,-0.657299,9.393926,16.703527,-0.003275,-0.033828,-0.561704,7.676000,19.536415

-4.765343,-0.824950,10.287268,16.691763,-0.178341,-0.215022,-0.570498,7.668000,19.536415

-2.437384,-0.413007,12.064372,16.712351,0.002321,-0.343990,-0.629386,7.664000,19.536415

-1.797914,-2.642770,11.206955,16.721176,0.149408,-0.395684,-0.611000,7.660000,19.536415

-2.159562,-1.730268,9.875324,16.709410,0.027635,-0.535310,-0.598742,7.652000,19.728380

1.806591,2.626273,9.628637,16.721176,0.024970,-0.393552,-0.542252,7.644000,19.728380

3.531004,1.033585,9.408296,16.694704,0.209629,-0.447111,-0.373582,7.636000,19.728380

4.395607,0.808453,9.278965,16.727058,-0.016332,-0.386624,-0.095661,7.632000,19.728380

3.095111,4.829691,8.414362,16.715292,0.171258,-0.119362,0.063150,7.632000,19.728380

0.228273,4.027359,8.675420,16.715292,0.161932,-0.164395,0.140691,7.628000,19.728380

0.264198,3.375914,8.366462,16.715292,-0.007005,-0.228346,0.227558,7.628000,19.728380

-0.887806,3.996224,9.070598,16.727058,0.045488,-0.147874,0.289110,7.632000,19.728380

-1.340465,3.117252,9.575947,16.709410,-0.008871,-0.128422,0.206774,7.640000,19.728380

-1.630263,3.653736,9.549602,16.700586,0.023904,-0.132419,0.094326,7.644000,19.728380

-2.849328,4.384217,7.609635,16.730000,0.136085,-0.140146,0.081803,7.640000,19.728380

-2.478099,3.886053,8.311377,16.700586,-0.033918,-0.140146,-0.005064,7.652000,19.728380

-1.960775,5.667948,9.585527,16.721176,0.085191,-0.153203,-0.047165,7.652000,19.728380

-0.334557,5.114698,8.155700,16.724117,0.023904,-0.243534,-0.068482,7.656000,19.728380

-0.636329,3.807017,8.811935,16.700586,-0.057367,-0.256857,0.031441,7.668000,19.728380

-1.433871,3.172337,9.379556,16.715292,-0.130111,-0.206762,0.112446,7.668000,19.728380

-0.574059,2.750814,8.764035,16.706469,0.034829,-0.191307,0.140424,7.668000,19.728380

-0.981212,2.940020,10.488449,16.709410,-0.010469,-0.209960,0.090329,7.664000,19.728380

0.077386,2.537657,9.391530,16.718235,0.009249,-0.178251,0.086599,7.672000,19.728380

1.729950,3.301668,10.421389,16.727058,-0.040047,-0.196370,0.156945,7.672000,19.728380

3.317848,-0.048964,11.764995,16.721176,-0.020329,-0.236606,0.234219,7.672000,19.728380

3.351378,0.600086,10.174702,16.715292,-0.003275,-0.014110,0.249940,7.664000,19.728380

2.819684,3.112462,10.196257,16.721176,0.020973,0.087146,0.320819,7.668000,19.728380

3.169357,-1.517111,8.869416,16.721176,0.085990,0.076221,0.364253,7.660000,19.728380

0.386344,-2.312258,9.010722,16.718235,0.010048,0.278200,0.316823,7.664000,19.728380

-0.305817,0.853958,9.396320,16.715292,0.058544,0.216913,0.153215,7.644000,19.728380

0.053436,2.214329,8.953242,16.724117,-0.087744,0.122586,0.144421,7.640000,19.728380

1.430573,2.228699,8.409573,16.718235,-0.022993,0.206255,0.315757,7.644000,19.728380

1.320402,2.362821,9.238249,16.724117,0.064140,0.319768,0.397028,7.640000,19.728380

-1.144074,3.169942,9.104128,16.724117,0.040425,0.258215,0.309362,7.640000,19.728380

-0.741710,2.911280,8.201205,16.724117,-0.049639,0.232635,0.168936,7.644000,19.728380

0.194742,4.068075,8.349697,16.735882,-0.050705,0.302714,0.052492,7.644000,19.728380

-0.396827,4.606954,8.802356,16.735882,-0.062430,0.329360,0.059420,7.652000,19.728380

-0.008834,4.288416,9.123288,16.756470,-0.132776,0.393844,0.055423,7.652000,19.728380

0.568365,4.865616,8.811935,16.730000,0.007650,0.359737,0.044764,7.664000,19.728380

0.908458,3.816597,7.897038,16.738823,-0.017131,0.312307,0.116709,7.660000,19.728380

-0.370482,5.244029,8.881392,16.727058,-0.121318,0.385318,0.232087,7.664000,19.728380

-0.511788,4.077655,8.483818,16.735882,-0.060031,0.415694,0.310161,7.668000,19.728380

-1.551227,4.362662,8.222761,16.724117,-0.001410,0.435945,0.265928,7.672000,19.728380

-3.764225,2.614298,9.604687,16.730000,-0.069624,0.386916,0.143888,7.680000,19.728380

-4.947364,2.408326,9.741203,16.741764,0.005785,0.392778,0.017852,7.684000,19.728380

-4.667147,1.816756,10.699211,16.732941,-0.077352,0.221443,-0.138828,7.684000,19.728380

-4.631222,1.845496,9.458591,16.730000,0.000455,0.051174,-0.182528,7.684000,19.728380

-2.478099,0.568951,10.694421,16.718235,-0.104531,-0.060208,-0.253407,7.684000,19.728380

-1.318910,0.683912,10.519585,16.756470,0.027368,-0.156934,-0.255006,7.680000,19.728380

0.041461,-0.092074,9.058622,16.744705,0.094783,-0.195837,-0.271527,7.680000,19.728380

-1.898505,-0.266911,10.632151,16.744705,-0.016598,-0.204364,-0.099658,7.672000,19.728380

1.159935,0.149823,9.748388,16.730000,-0.028056,-0.203032,-0.119377,7.672000,19.728380

0.304913,-1.835649,10.402228,16.741764,0.178452,-0.284303,-0.508945,7.664000,19.728380

1.971847,-0.444142,8.423943,16.741764,0.127558,-0.157200,-0.511609,7.652000,19.728380

-4.288734,0.691097,10.938713,16.738823,-0.020861,-0.071666,-0.415416,7.656000,10.094116

-3.505563,1.287457,10.076506,16.744705,0.069203,-0.270713,-0.573429,7.652000,10.094116

-1.069828,0.638407,8.282637,16.750587,0.191243,-0.407941,-0.637113,7.644000,10.094116

-0.444728,2.166429,8.637099,16.744705,0.055613,-0.351185,-0.457251,7.644000,10.094116

-0.662675,2.132899,8.591594,16.741764,0.080128,-0.355182,-0.251009,7.640000,10.094116

-0.914152,3.510035,8.459867,16.756470,0.086256,-0.363708,-0.127903,7.648000,10.094116

0.278568,4.515944,8.883786,16.738823,0.054014,-0.382361,0.023980,7.640000,10.094116

2.082018,5.299115,8.479028,16.750587,0.077996,-0.333865,0.186522,7.652000,10.094116

2.472406,5.062008,9.084968,16.741764,-0.027257,-0.243001,0.242746,7.652000,10.094116

-1.395551,4.144715,9.266990,16.732941,-0.026191,-0.097246,0.128167,7.664000,10.094116

-2.399064,6.307418,8.838281,16.744705,0.054281,-0.109237,-0.051695,7.668000,10.094116

-1.455426,3.593861,8.689790,16.741764,0.008449,-0.243001,-0.172136,7.668000,10.094116

-1.170419,3.007081,9.027488,16.753529,0.046820,-0.233675,-0.293643,7.680000,10.094116

-0.140560,3.560330,9.619058,16.753529,-0.123716,-0.238471,-0.402360,7.680000,10.094116

2.484381,3.510035,9.262199,16.744705,0.002321,-0.213957,-0.399162,7.676000,10.094116

2.053277,3.253768,10.282477,16.756470,-0.020861,-0.107105,-0.291245,7.676000,10.094116

4.330941,1.234766,7.171347,16.753529,-0.042978,-0.168392,-0.164409,7.676000,10.094116

4.103414,3.026241,8.953242,16.738823,-0.123183,-0.068468,-0.030378,7.676000,10.094116

3.684286,0.171378,9.729228,16.750587,-0.009937,0.136974,0.015986,7.672000,10.094116

2.333495,1.210816,10.529164,16.738823,0.097714,0.155893,0.023447,7.668000,10.094116

2.525096,0.463570,9.094548,16.744705,-0.039780,0.161489,0.170801,7.664000,10.094116

1.734740,-0.053754,9.106524,16.732941,0.014045,0.228904,0.403689,7.664000,10.094116

-1.577572,0.628826,10.066926,16.744705,0.039625,0.230769,0.472437,7.648000,10.094116

-2.288893,-0.254936,8.941267,16.759411,0.029233,0.049308,0.265395,7.644000,10.094116

-1.005162,3.854918,10.054951,16.741764,-0.048041,0.066362,0.276587,7.640000,20.300667

-1.165629,3.196287,9.027488,16.753529,-0.040047,0.200126,0.380241,7.640000,20.300667

-0.389642,2.429881,8.335326,16.741764,0.027635,0.160690,0.434066,7.652000,20.300667

-0.293842,3.938743,8.912526,16.756470,0.034563,0.192665,0.401824,7.656000,20.300667

1.219811,4.015384,9.221484,16.750587,0.006051,0.240095,0.502813,7.656000,20.300667

-0.602799,4.353082,9.257409,16.741764,0.023371,0.310974,0.719714,7.656000,20.300667

-1.819469,4.525523,8.421547,16.738823,0.003387,0.378656,0.791392,7.668000,20.300667

-0.988397,5.200919,8.859837,16.741764,0.033230,0.377057,0.730372,7.664000,20.300667

-1.864974,4.022569,9.698093,16.738823,0.052682,0.411164,0.661359,7.672000,20.300667

-2.590665,3.433394,8.811935,16.750587,-0.063762,0.435412,0.547046,7.676000,20.300667

-2.511630,5.627233,9.156818,16.730000,-0.055502,0.522013,0.337074,7.680000,20.300667

-2.827772,3.886053,9.159214,16.738823,-0.030721,0.536402,-0.035174,7.684000,20.300667

-3.404972,3.066956,8.962822,16.762352,0.048152,0.384785,-0.290179,7.680000,20.300667

-4.130663,2.441856,10.016630,16.771175,-0.124515,0.329627,-0.545184,7.680000,20.300667

-5.383258,2.094578,9.707673,16.756470,-0.009937,0.170282,-0.844154,7.688000,20.300667

-4.073183,0.818033,11.147079,16.753529,-0.022460,-0.102042,-1.036007,7.680000,20.300667

-3.390602,-0.298046,10.222602,16.762352,0.019907,-0.299491,-1.081306,7.680000,20.300667

-1.421896,-1.263239,10.160332,16.744705,-0.029921,-0.474557,-1.045334,7.676000,20.300667

-1.093778,-1.761403,10.464499,16.730000,0.151806,-0.442048,-0.855079,7.672000,20.300667

-1.290170,-2.671510,8.455077,16.750587,0.231745,-0.544104,-0.664825,7.672000,20.300667

0.680931,-1.200969,8.608358,16.759411,0.119031,-0.716771,-0.477769,7.656000,20.300667

3.059186,0.204908,9.738809,16.777058,0.023638,-0.598995,-0.123640,7.652000,20.300667

3.169357,1.076695,10.019026,16.744705,0.042290,-0.331200,0.119107,7.648000,20.300667

0.489330,2.379586,9.959150,16.747646,0.146210,-0.197969,0.342137,7.644000,20.300667

0.434244,0.762947,7.556945,16.762352,0.166728,-0.281372,0.457248,7.640000,20.300667

-0.645909,0.612061,9.726833,16.753529,-0.059765,-0.241136,0.454584,7.632000,20.516417

-0.528554,2.015543,9.398716,16.744705,-0.017131,-0.195837,0.488691,7.636000,20.516417

-1.347650,3.411839,7.602450,16.771175,0.117166,-0.084456,0.439395,7.636000,20.516417

-2.315238,3.474110,9.044252,16.759411,-0.000344,-0.153470,0.349064,7.644000,20.516417

-1.522487,3.244188,9.305309,16.744705,0.077463,-0.185978,0.312826,7.640000,20.516417

0.391134,5.050033,8.464658,16.738823,0.068137,-0.205963,0.268060,7.644000,20.516417

1.334772,5.763749,8.610754,16.753529,-0.048574,-0.086321,0.129233,7.648000,20.516417

1.150355,4.326737,8.840676,16.765293,-0.024858,0.036785,-0.164942,7.648000,20.516417

1.155145,5.021293,9.460986,16.756470,-0.088010,0.009073,-0.692804,7.660000,20.516417

-0.279472,4.966207,8.682605,16.779999,0.086523,0.039183,-0.815376,7.668000,20.516417

-0.878226,3.330408,9.779524,16.762352,0.022572,-0.115632,-0.582488,7.676000,20.516417

-0.166906,3.799832,9.949570,16.750587,0.134753,-0.180116,-0.249410,7.676000,20.516417

0.417479,1.534144,10.809382,16.753529,-0.095205,-0.162796,0.055689,7.684000,20.516417

0.098942,0.921019,9.583132,16.750587,0.019374,-0.110569,0.308296,7.676000,20.516417

0.175582,1.737720,9.904064,16.762352,0.035096,-0.096980,0.462045,7.676000,20.516417

2.340680,-0.235776,9.793894,16.756470,0.044688,-0.113500,0.513472,7.676000,20.516417

1.694025,-0.197455,9.717253,16.753529,-0.050439,0.037051,0.491888,7.664000,20.516417

1.811381,-2.012880,9.592712,16.744705,-0.037649,0.178276,0.353861,7.660000,20.516417

1.318007,-1.969770,10.363909,16.759411,-0.068558,0.100203,0.189986,7.652000,20.516417

-0.758475,1.855076,10.526770,16.753529,0.151806,0.423155,0.147086,7.656000,20.516417

-2.255363,-5.018630,8.723320,16.744705,-0.084546,0.320567,-0.126038,7.644000,20.516417

-1.579967,1.093460,10.392649,16.724117,0.007916,0.171615,-0.030378,7.636000,20.516417

1.327587,2.120924,10.083691,16.750587,0.021506,0.353609,0.101521,7.636000,20.516417

-0.842301,2.827454,8.371252,16.762352,0.018575,0.313906,0.165205,7.636000,20.516417

-0.758475,4.063285,8.562854,16.750587,-0.022993,0.257682,0.399692,7.636000,20.516417

-1.453031,3.699241,8.074269,16.759411,0.003653,0.237164,0.685340,7.636000,20.516417

-0.533344,3.948323,8.440707,16.756470,0.026302,0.297918,0.781267,7.644000,20.516417

-1.417106,5.284745,8.845466,16.741764,-0.055235,0.407434,0.762081,7.644000,20.516417

-2.298473,4.966207,8.835886,16.741764,-0.004341,0.373860,0.620323,7.648000,20.516417

-1.364415,5.517062,8.419152,16.750587,0.018042,0.355474,0.344801,7.648000,20.516417

-1.134493,4.353082,9.044252,16.738823,-0.047241,0.382386,0.115643,7.664000,20.516417

-1.302145,4.372242,9.262199,16.738823,-0.052038,0.373593,0.015986,7.664000,20.516417

-2.365534,3.148387,9.393926,16.762352,-0.005407,0.353076,-0.093796,7.672000,20.516417

-2.521210,2.935230,9.504096,16.750587,-0.119186,0.370662,-0.123373,7.668000,20.516417

-3.275641,4.142320,9.997471,16.753529,0.016976,0.423155,-0.164409,7.668000,20.516417

-4.283944,2.159244,9.338840,16.774117,-0.062163,0.223575,-0.218501,7.676000,20.516417

-4.516261,0.786898,9.834609,16.777058,-0.105330,0.114325,-0.292311,7.672000,20.516417

-5.828732,1.184471,10.521979,16.753529,-0.065627,0.021863,-0.411153,7.676000,20.516417

-5.548514,-0.702804,11.060859,16.753529,0.073733,-0.203032,-0.599275,7.672000,20.516417

-3.666029,-1.845229,9.504096,16.750587,-0.065361,-0.402079,-0.714387,7.664000,20.516417

-0.521369,-2.992443,9.951965,16.741764,0.031632,-0.458303,-0.604605,7.656000,20.516417

1.260526,-1.064452,9.597502,16.771175,-0.044044,-0.485748,-0.566501,7.652000,20.516417

0.843793,-2.149396,10.450130,16.774117,-0.004874,-0.400480,-0.524666,7.640000,20.516417

1.830541,1.330567,10.210628,16.771175,0.091319,-0.205430,-0.623790,7.632000,20.516417

2.498751,0.628826,9.168794,16.774117,0.145944,-0.211026,-0.484430,7.632000,20.516417

1.648519,2.166429,9.635822,16.756470,0.040691,-0.184912,-0.381576,7.620000,20.516417

0.855768,3.684871,9.377160,16.762352,0.075598,-0.065803,-0.155615,7.624000,20.516417

0.010326,2.468201,8.107800,16.753529,0.086789,-0.183047,0.006127,7.620000,20.516417

-0.370482,2.568792,8.110195,16.747646,-0.048041,-0.174254,-0.028513,7.624000,20.516417

-0.820746,5.931400,8.768826,16.762352,0.056946,-0.030897,-0.123906,7.620000,20.516417

-1.282985,3.814203,8.241920,16.768234,0.044955,-0.114833,-0.044767,7.632000,9.733056

-2.430199,4.535103,9.166399,16.777058,0.007650,-0.146009,0.086865,7.636000,9.733056

-3.433712,5.241634,10.426179,16.785881,0.002854,-0.178517,0.244345,7.636000,9.733056

-2.490075,4.630904,8.787985,16.756470,0.084125,-0.237672,0.452452,7.648000,9.733056

-2.245783,5.069193,6.555827,16.771175,0.063341,-0.240070,0.492954,7.652000,9.733056

-2.504445,4.477623,9.487331,16.774117,0.011913,-0.214490,0.406354,7.656000,9.733056

-1.381181,3.591465,8.900552,16.753529,0.032431,-0.262986,0.296038,7.660000,9.733056

-0.059130,3.921978,7.688671,16.759411,-0.090408,-0.260588,0.146553,7.664000,9.733056

-0.154930,4.480018,9.369975,16.771175,0.016710,-0.176119,0.024513,7.672000,9.733056

0.750387,1.845496,10.404624,16.759411,0.015644,-0.211292,-0.079940,7.672000,9.733056

3.001705,1.711375,8.931686,16.771175,-0.034185,-0.111102,-0.036773,7.668000,9.733056

3.219652,2.511312,9.619058,16.782940,-0.013933,-0.011712,0.183325,7.668000,9.733056

3.044816,1.220396,9.432246,16.762352,-0.103465,0.045844,0.291509,7.664000,9.733056

2.829264,-0.321996,9.607082,16.782940,-0.039780,0.154295,0.212369,7.664000,9.733056

1.876046,0.877909,9.599897,16.768234,-0.027257,0.157226,0.288311,7.660000,9.733056

0.106127,-1.677577,10.512400,16.774117,0.002587,0.308843,0.379441,7.656000,9.733056

-1.754804,-0.515993,9.525652,16.788822,0.076664,0.310708,0.352529,7.652000,9.733056

-1.934430,0.734207,9.204719,16.779999,-0.030188,0.223575,0.046896,7.640000,9.733056

-4.099528,1.103040,9.985496,16.785881,0.005785,0.111394,-0.023450,7.636000,9.733056

-3.685189,2.700518,9.837004,16.777058,0.042557,-0.001053,-0.116712,7.636000,9.733056

1.682050,4.489598,9.211904,16.785881,-0.017930,-0.030364,-0.154017,7.640000,9.733056

2.834054,3.308853,7.822792,16.788822,-0.049906,0.024261,0.013322,7.648000,9.733056

3.593275,4.283627,7.729386,16.785881,0.073733,0.147367,0.172933,7.644000,9.733056

3.006495,3.871683,9.147239,16.782940,0.018841,0.199060,0.282715,7.648000,9.733056

1.327587,4.678805,9.017907,16.785881,-0.120518,0.270739,0.474035,7.656000,19.817719

0.247433,5.742193,8.177256,16.803528,0.055880,0.355207,0.612596,7.660000,19.817719

0.106127,4.068075,7.535390,16.794704,0.080661,0.388782,0.588614,7.656000,19.817719

-1.251849,3.862103,8.828701,16.785881,-0.055502,0.451667,0.462844,7.668000,19.817719

-1.618287,4.092025,9.310100,16.785881,-0.101333,0.535602,0.257934,7.668000,19.817719

-2.456544,4.561449,8.562854,16.779999,-0.049107,0.506558,0.014388,7.672000,19.817719

-3.965406,2.408326,10.174702,16.794704,-0.113590,0.405835,-0.262200,7.676000,19.817719

-2.954708,1.929322,10.383068,16.788822,-0.044044,0.249688,-0.363723,7.680000,19.817719

-2.425409,2.678963,8.993958,16.806469,-0.072022,0.178809,-0.394366,7.680000,19.817719

-1.354835,2.480176,9.216694,16.803528,0.016976,0.137241,-0.438865,7.680000,19.817719

-3.876791,-0.017829,11.051279,16.821175,-0.059232,0.127115,-0.505747,7.672000,19.817719

-3.488798,0.015701,10.766272,16.821175,-0.037649,-0.023702,-0.528396,7.680000,19.817719

-3.388207,-0.060939,11.056069,16.791763,-0.080549,-0.144410,-0.536390,7.664000,19.817719

-2.607430,-2.769706,10.239367,16.803528,0.064673,-0.271246,-0.628586,7.664000,19.817719

-3.376232,-1.406940,9.379556,16.803528,0.096382,-0.398615,-0.592347,7.664000,19.817719

2.196979,0.638407,10.402228,16.788822,-0.018463,-0.418067,-0.561704,7.648000,19.817719

0.606686,1.318592,8.850256,16.788822,0.175788,-0.355182,-0.342406,7.644000,19.817719

-0.262706,1.117410,7.901828,16.785881,0.033497,-0.334931,-0.156948,7.640000,19.817719

-0.827931,0.262388,8.828701,16.794704,0.135286,-0.419399,-0.130301,7.628000,19.817719

-1.541647,2.477782,9.300520,16.797646,0.188045,-0.412205,-0.188124,7.628000,19.817719

0.101337,3.035821,9.084968,16.791763,0.110238,-0.417534,0.021049,7.632000,19.817719

0.829423,2.999896,8.100615,16.782940,0.046554,-0.342924,0.249940,7.628000,19.817719

0.429454,4.511153,8.996352,16.812351,0.036961,-0.302156,0.380241,7.632000,19.817719

0.283358,4.329132,8.713739,16.812351,0.101978,-0.241669,0.380241,7.644000,19.817719

-0.183671,4.477623,8.725715,16.803528,-0.025658,-0.227813,0.409285,7.640000,19.817719

-0.528554,7.248661,10.217813,16.794704,-0.021394,-0.053813,0.440728,7.644000,19.817719

-1.453031,5.766143,9.319680,16.800587,0.083059,-0.085522,0.328547,7.656000,19.884210

-2.547555,3.349569,8.328141,16.818233,0.027102,-0.172122,0.189453,7.660000,19.884210

-2.264943,3.136412,7.920988,16.809410,-0.059232,-0.155335,0.078072,7.660000,19.884210

-3.706744,3.426209,9.568762,16.815292,-0.060031,-0.141745,0.139092,7.668000,19.884210

-1.419501,3.325619,8.845466,16.803528,0.018575,-0.211026,0.137760,7.672000,19.884210

-0.427963,2.178404,9.108918,16.829998,-0.028056,-0.167592,0.072476,7.676000,19.884210

1.023419,2.815479,9.925620,16.800587,0.044955,-0.245133,0.063683,7.672000,19.884210

2.287989,2.499337,9.544811,16.794704,0.070002,-0.219552,-0.005864,7.676000,19.884210

1.804196,0.183353,10.059741,16.815292,0.037760,-0.146275,0.009858,7.676000,19.884210

1.844911,0.748577,9.688513,16.818233,-0.078417,-0.074064,0.066081,7.676000,19.884210

4.074674,-0.226196,9.999866,16.800587,-0.014733,0.107664,0.260865,7.668000,19.884210

2.443666,0.061207,11.254856,16.797646,-0.051771,0.146301,0.477499,7.668000,19.884210

2.424506,-2.590080,11.139894,16.818233,-0.011535,0.222509,0.517469,7.652000,19.884210

0.664166,-0.530363,10.332773,16.794704,0.089720,0.317370,0.524930,7.648000,19.884210

-0.871041,6.812767,11.824870,16.800587,0.046287,-0.168924,0.375711,7.648000,19.884210

-7.344779,-0.992602,7.456354,16.803528,0.222419,0.100203,-0.005331,7.644000,19.884210

-1.496141,2.336475,8.282637,16.806469,0.087589,-0.102575,0.092195,7.652000,19.884210

3.693866,3.007081,10.306428,16.803528,-0.069624,0.080218,0.392231,7.652000,19.884210

2.254459,1.318592,9.528047,16.818233,-0.018463,0.279798,0.313891,7.648000,19.884210

1.955082,3.723191,9.338840,16.800587,0.056946,0.368264,0.286979,7.652000,19.884210

1.294056,3.797437,9.111313,16.806469,0.017243,0.397042,0.332810,7.644000,19.884210

0.999469,3.196287,9.513677,16.832939,0.084125,0.429817,0.153748,7.644000,19.884210

-2.209857,5.349410,6.570197,16.809410,0.106508,0.426619,-0.331747,7.656000,19.884210

-3.124755,6.302628,6.893525,16.827057,-0.118387,0.361069,-0.586752,7.656000,19.884210

-4.489916,5.375755,9.187954,16.818233,-0.087477,0.340019,-0.597144,7.664000,20.236764

-4.504286,3.462135,9.077783,16.803528,0.009515,0.134576,-0.474038,7.668000,20.236764

-2.997819,3.210657,9.755573,16.829998,-0.168482,-0.043954,-0.270461,7.680000,20.236764

-1.967960,1.543724,9.731624,16.827057,-0.057633,-0.046885,0.100988,7.680000,20.236764

-1.917665,2.573582,8.344907,16.827057,0.002587,0.013336,0.334143,7.680000,20.236764

-4.106713,2.389166,9.607082,16.812351,0.023371,0.009605,0.438862,7.680000,20.236764

-2.806217,0.224068,10.500424,16.821175,0.004719,-0.167859,0.421542,7.676000,20.236764

-1.486561,-1.390175,9.882509,16.829998,0.012180,-0.207561,0.370382,7.676000,20.236764

-2.557135,-0.254936,11.525493,16.818233,-0.048307,-0.160664,0.333343,7.664000,20.236764

-1.536857,-0.731545,10.428574,16.827057,0.016443,-0.230211,0.300302,7.660000,20.236764

-1.069828,-0.863271,9.631032,16.835880,0.013512,-0.248064,0.233153,7.652000,20.236764

0.597106,0.348609,9.381950,16.835880,0.024704,-0.132153,0.134562,7.656000,20.236764

1.811381,0.140242,9.396320,16.824116,0.033230,-0.239004,-0.021318,7.640000,20.236764

-0.174091,1.871841,9.860954,16.832939,0.036161,-0.106839,0.013322,7.640000,20.236764

0.788707,1.931717,7.923383,16.838821,0.083592,-0.237405,0.070078,7.640000,20.236764

-0.466283,3.301668,9.140054,16.862352,0.096382,-0.175852,0.018918,7.644000,20.236764

0.692906,2.853800,10.665681,16.829998,0.098780,-0.116964,-0.011726,7.636000,20.236764

1.100060,1.665870,8.232341,16.844706,-0.000877,-0.107638,0.049028,7.636000,20.236764

0.987494,3.555540,8.625124,16.853529,-0.085612,-0.059142,0.084734,7.640000,20.236764

0.585131,4.719520,8.673024,16.853529,0.012713,-0.053546,0.041300,7.648000,20.236764

2.086808,5.315880,8.835886,16.853529,0.067871,-0.109237,0.016253,7.636000,20.236764

2.340680,5.006922,8.613149,16.838821,0.055347,-0.045819,-0.011726,7.644000,20.236764

0.759967,2.817874,8.191626,16.847647,0.009249,0.037850,-0.006396,7.652000,20.236764

-1.558412,4.954232,9.084968,16.862352,-0.124782,0.139106,-0.067416,7.648000,20.236764

-1.127308,6.173297,9.611873,16.850588,0.052149,0.075155,-0.178798,7.660000,20.236764

-0.708180,4.159085,8.735295,16.862352,0.105975,-0.068202,-0.196917,7.660000,20.236764

0.367184,4.171061,8.035949,16.862352,0.042823,-0.005583,-0.255272,7.672000,19.947394

0.063016,3.134017,8.725715,16.844706,-0.103465,-0.018640,-0.328816,7.676000,19.947394

1.135985,3.651341,9.250224,16.859411,-0.093073,-0.000520,-0.395698,7.676000,19.947394

3.542980,4.858431,8.399992,16.847647,-0.005407,0.004809,-0.397563,7.680000,19.947394

3.665126,3.150782,9.417875,16.856470,-0.080016,0.096472,-0.231557,7.680000,19.947394

3.286713,1.208421,10.670471,16.871176,-0.196727,0.144169,-0.165475,7.680000,19.947394

2.352655,2.700518,10.821357,16.871176,-0.013134,0.275002,-0.211306,7.676000,19.947394

1.385067,-0.539943,9.171188,16.862352,0.084391,0.292855,-0.230225,7.676000,19.947394

-0.353717,-1.368620,9.930409,16.853529,-0.260944,0.263811,-0.245413,7.672000,19.947394

-0.545319,-0.930331,9.698093,16.862352,-0.054702,0.422622,-0.241683,7.664000,19.947394

1.559904,0.377349,9.937595,16.850588,-0.085079,0.172947,-0.258736,7.648000,19.947394

-0.897387,0.224068,9.025092,16.885881,0.065206,0.266209,-0.207576,7.652000,19.947394

-1.225504,0.923414,9.381950,16.856470,-0.017930,0.103134,-0.010127,7.640000,19.947394

-1.074618,1.491034,10.239367,16.856470,-0.009404,0.142570,-0.026914,7.644000,19.947394

-1.716483,1.958062,8.615544,16.853529,0.014045,0.219844,-0.240883,7.648000,19.947394

-1.247059,1.040770,7.736571,16.853529,-0.029122,0.126316,-0.296308,7.640000,19.947394

-1.766779,1.881422,9.142448,16.865294,-0.085878,0.091143,-0.274991,7.636000,19.947394

-3.656449,3.110067,9.810658,16.868235,0.076131,0.168684,-0.373315,7.644000,19.947394

-2.897228,3.818992,8.953242,16.874117,-0.004074,0.049575,-0.394632,7.648000,19.947394

-1.963170,4.441698,8.859837,16.871176,0.050817,-0.051148,-0.239818,7.648000,19.947394

0.664166,5.423656,8.455077,16.865294,0.109172,-0.029298,0.062884,7.660000,19.947394

0.146842,4.113580,7.085126,16.853529,0.046554,-0.103108,0.318688,7.656000,19.947394

-1.299750,3.962693,9.302915,16.879999,-0.151961,-0.054878,0.472170,7.664000,19.947394

-2.063761,4.120765,10.282477,16.856470,-0.119719,0.085547,0.538253,7.668000,20.336108

-1.680558,4.118370,8.804750,16.862352,0.084658,0.190267,0.473769,7.676000,20.336108

-2.952313,2.120924,9.116103,16.850588,-0.017664,0.149232,0.278718,7.672000,20.336108

-4.700677,0.992869,9.904064,16.859411,-0.111725,0.059167,0.100189,7.680000,20.336108

-4.027677,1.148546,9.722043,16.868235,-0.000610,0.031189,-0.030112,7.672000,20.336108

-4.501891,0.075577,9.554392,16.859411,0.005518,-0.087387,-0.058890,7.672000,20.336108

-3.278036,-1.035712,10.258528,16.862352,-0.098136,-0.213690,-0.112448,7.672000,20.336108

-1.750014,-2.760126,11.228511,16.862352,-0.033119,-0.292297,-0.078341,7.668000,20.336108

-1.714088,0.022887,10.138777,16.879999,0.108639,-0.290964,0.055956,7.660000,20.336108

-1.127308,-1.299164,7.777287,16.868235,0.125160,-0.349852,0.180394,7.648000,20.336108

1.124010,0.068392,10.299243,16.868235,-0.057900,-0.127090,0.177196,7.652000,20.336108

3.765717,3.220237,8.696975,16.862352,0.027635,-0.252860,0.277919,7.632000,20.336108

1.684445,2.216724,8.162886,16.882940,0.098514,-0.127623,0.466308,7.640000,20.336108

-0.729735,1.124595,8.790380,16.879999,0.096116,-0.115365,0.288578,7.640000,20.336108

-2.320028,2.832244,9.810658,16.871176,0.059877,-0.102842,-0.063153,7.636000,20.336108

-1.450636,2.171219,8.249105,16.868235,0.035362,-0.187044,-0.233156,7.636000,20.336108

-0.528554,2.185589,8.728109,16.874117,0.023105,-0.194238,-0.257404,7.632000,20.336108

-1.366810,3.117252,8.953242,16.871176,-0.021661,-0.144943,-0.380243,7.636000,20.336108

-0.746500,5.263189,8.354486,16.862352,0.180584,-0.190241,-0.415150,7.632000,20.336108

1.219811,3.996224,8.996352,16.868235,-0.095737,-0.314146,-0.383707,7.628000,20.336108

0.539625,5.598492,10.227392,16.877058,0.048685,-0.131087,-0.330415,7.644000,20.336108

-0.071105,7.160045,7.870693,16.882940,0.076131,-0.091117,-0.266464,7.652000,20.336108

-0.051945,5.564962,8.816726,16.879999,-0.067492,-0.168125,-0.227027,7.652000,20.336108

0.170792,3.921978,9.635822,16.874117,0.025503,-0.217954,-0.195585,7.660000,20.336108

-1.635053,3.510035,7.540180,16.882940,0.200302,-0.238738,-0.303502,7.664000,20.336108

-3.618129,2.099368,7.880273,16.871176,-0.123716,-0.308018,-0.332813,7.664000,20.336108

-0.952472,2.920860,10.287268,16.885881,-0.110659,-0.329868,-0.176666,7.672000,20.336108

0.458195,1.280272,8.170071,16.871176,-0.041379,-0.338395,-0.023716,7.672000,20.336108

1.823356,2.041888,9.844189,16.871176,-0.145299,-0.241669,0.188388,7.672000,20.336108

3.035236,3.217843,10.876443,16.897646,0.019641,-0.134018,0.336807,7.676000,20.336108

4.433927,1.716165,9.559182,16.879999,-0.009670,-0.006116,0.420743,7.676000,20.336108

3.044816,1.215606,9.769943,16.888823,-0.032586,0.089011,0.530259,7.668000,20.336108

1.612594,0.578531,9.535232,16.900587,0.030566,0.219578,0.614195,7.668000,20.336108

1.648519,-2.041620,9.544811,16.882940,-0.092273,0.294187,0.583285,7.664000,20.336108

-0.188461,-0.621374,9.118498,16.885881,-0.015266,0.234233,0.389567,7.660000,20.336108

-0.473468,2.017938,7.729386,16.871176,0.082792,0.485774,0.385303,7.644000,20.336108

1.164725,5.028478,12.073953,16.888823,-0.069091,-0.249396,0.415147,7.652000,20.336108

-2.087711,-0.113630,9.166399,16.882940,0.222419,0.330160,0.156679,7.652000,20.336108

1.579064,3.129227,10.361513,16.877058,0.100645,0.069293,0.213702,7.644000,20.336108

2.517911,2.808294,10.102851,16.885881,-0.042978,0.372794,0.281650,7.648000,20.336108

-0.454308,2.429881,7.762917,16.894705,-0.006739,0.503360,0.103120,7.644000,20.336108

-1.613497,4.288416,8.282637,16.882940,-0.006739,0.485774,0.098323,7.648000,20.336108

-1.594337,4.372242,8.526928,16.874117,-0.016598,0.443406,0.042633,7.652000,20.336108

-1.783544,4.549474,7.772497,16.894705,0.028701,0.471651,-0.052228,7.656000,20.336108

-1.520092,3.965089,8.663445,16.888823,-0.085345,0.402904,-0.213971,7.656000,20.336108

-2.332003,4.918307,9.872930,16.912352,-0.098136,0.354674,-0.338942,7.668000,20.336108

-2.851722,4.820111,9.326865,16.909410,-0.055502,0.309642,-0.452988,7.672000,20.336108

-2.437384,3.888448,10.378279,16.900587,0.038293,0.239030,-0.532127,7.672000,20.336108

-3.251691,1.938902,7.214457,16.891764,0.156070,0.068494,-0.586752,7.680000,20.336108

-4.997660,1.766461,9.413086,16.912352,-0.098669,-0.104707,-0.574494,7.680000,20.336108

-4.030072,1.905372,10.361513,16.891764,-0.113590,-0.095914,-0.447658,7.680000,10.030331

-3.802545,2.911280,10.349538,16.900587,0.165129,-0.096180,-0.399162,7.680000,10.030331

-4.674333,-0.005854,9.745994,16.877058,0.060410,-0.307218,-0.326418,7.676000,10.030331

-3.555858,-1.914684,9.762758,16.912352,0.016976,-0.475356,-0.285383,7.676000,10.030331

-2.557135,-1.785353,10.019026,16.927057,-0.014733,-0.458569,-0.158014,7.676000,10.030331

-2.363138,-0.767470,10.644126,16.906469,0.125160,-0.517457,0.061285,7.668000,10.030331

-2.928363,-2.709831,10.002260,16.906469,0.067871,-0.564888,0.194783,7.660000,10.030331

2.994520,0.137847,8.495793,16.915293,0.043622,-0.586471,0.309362,7.648000,10.030331

4.472247,3.033426,9.595107,16.909410,0.134220,-0.470560,0.442593,7.644000,10.030331

3.679496,1.361702,7.444379,16.906469,0.101711,-0.313081,0.574492,7.640000,10.030331

2.311940,1.062325,7.288703,16.909410,-0.002209,-0.258189,0.644838,7.636000,10.030331

-0.269891,5.802069,8.778405,16.918234,0.201635,0.030390,0.409019,7.636000,10.030331

0.716857,2.001173,9.951965,16.906469,-0.110926,-0.212624,0.235019,7.632000,10.030331

1.902391,2.580767,8.366462,16.912352,0.022572,-0.071932,0.106850,7.644000,10.030331

-0.748895,5.303905,9.111313,16.918234,0.068403,0.049841,-0.091398,7.640000,10.030331

-0.588429,3.277718,9.585527,16.918234,-0.038714,-0.050882,-0.278988,7.648000,10.030331

1.061739,4.599769,9.999866,16.921175,0.016177,-0.009047,-0.302703,7.656000,10.030331

-0.763265,6.091866,7.477910,16.915293,0.014312,0.041314,-0.297107,7.656000,10.030331

-1.488956,5.500297,7.786867,16.927057,-0.006206,-0.065537,-0.355196,7.668000,10.030331

-1.685348,4.805741,9.875324,16.921175,-0.074953,-0.108970,-0.421545,7.668000,10.030331

-2.648146,2.899305,11.125525,16.906469,-0.020595,-0.087653,-0.507079,7.672000,10.030331

-1.431476,3.847733,9.604687,16.909410,0.096648,-0.221684,-0.453254,7.676000,10.030331

-1.187184,1.929322,7.554550,16.918234,-0.051771,-0.226480,-0.289646,7.680000,10.030331

0.793497,1.421578,8.797565,16.921175,-0.202322,-0.140146,-0.133765,7.688000,10.030331

3.466339,4.017779,11.357841,16.929998,-0.118920,-0.114300,0.059953,7.684000,10.030331

3.804037,4.396193,10.521979,16.929998,0.109439,0.067428,0.194516,7.688000,20.188658

3.245997,1.577254,9.070598,16.929998,0.069203,-0.024768,0.180394,7.684000,20.188658

3.135827,0.168983,10.395043,16.938822,0.048152,0.228105,0.273656,7.680000,20.188658

0.819842,-1.658417,10.047766,16.938822,-0.083480,0.239296,0.197714,7.676000,20.188658

0.209112,-0.724360,9.662168,16.938822,-0.047241,0.313639,0.188921,7.664000,20.188658

-0.854276,-0.250146,9.238249,16.929998,-0.000344,0.253419,0.189720,7.660000,20.188658

-1.144074,-1.574591,9.104128,16.927057,-0.014466,0.300050,0.007193,7.656000,20.188658

-3.769015,2.178404,8.584409,16.944704,0.068936,0.249422,-0.005597,7.652000,20.188658

-1.414711,2.492151,9.585527,16.918234,0.014578,0.103134,0.072210,7.648000,20.188658

0.213903,2.298155,9.757969,16.927057,-0.067759,0.080484,0.264596,7.652000,20.188658

-0.140560,2.235884,9.185558,16.924116,-0.014200,0.165752,0.375178,7.648000,20.188658

-0.770451,3.804622,8.495793,16.909410,0.041224,0.116990,0.452718,7.644000,20.188658

-0.777636,4.202196,9.118498,16.921175,-0.015799,0.187069,0.595009,7.652000,20.188658

-0.523764,4.108790,8.970007,16.929998,0.042290,0.190001,0.621922,7.652000,20.188658

-0.360902,4.048914,8.890971,16.915293,0.029500,0.220111,0.506544,7.656000,20.188658

-1.122518,3.809412,9.779524,16.915293,-0.061364,0.241694,0.400225,7.664000,20.188658

-2.332003,5.047637,8.558064,16.912352,-0.020861,0.314971,0.296571,7.664000,20.188658

-0.128585,4.391402,8.656260,16.906469,-0.026191,0.261945,0.094326,7.672000,20.188658

-1.659003,4.060890,9.745994,16.929998,-0.031786,0.327229,-0.132700,7.668000,20.188658

-2.842142,4.777000,9.180769,16.918234,-0.024059,0.314172,-0.221432,7.676000,20.188658

-1.735643,2.963970,7.918593,16.909410,0.091852,0.143903,-0.296841,7.676000,20.188658

-2.305658,1.028795,8.613149,16.900587,-0.097869,0.012803,-0.326951,7.680000,20.188658

-4.904254,0.959339,9.226274,16.891764,-0.078684,0.075155,-0.321888,7.684000,20.188658

-5.926928,0.384534,10.553115,16.900587,-0.094938,-0.066603,-0.294442,7.676000,20.188658

-4.408485,0.257598,11.791340,16.897646,0.043089,-0.168392,-0.282452,7.680000,20.725567

-3.153495,-0.647719,9.666958,16.897646,0.005252,-0.300024,-0.160678,7.676000,20.725567

-2.078131,-1.696738,9.513677,16.897646,0.024704,-0.377298,-0.030378,7.676000,20.725567

-4.046837,-1.172228,9.765154,16.897646,0.114235,-0.379163,0.005594,7.672000,20.725567

0.041461,-0.542338,9.815449,16.888823,0.075864,-0.527316,0.019450,7.664000,20.725567

1.957477,-0.676459,9.027488,16.882940,0.063874,-0.527050,0.017852,7.652000,20.725567

3.911813,2.791529,9.551997,16.900587,0.029766,-0.288833,-0.008528,7.656000,20.725567

2.417320,2.322105,8.081454,16.897646,0.178452,-0.243534,0.101521,7.656000,20.725567

1.377882,4.010594,9.492122,16.888823,0.068936,-0.173454,0.142290,7.656000,20.725567

1.315612,3.622601,9.106524,16.894705,0.096382,-0.097779,0.075141,7.648000,20.725567

0.980309,4.592584,8.047924,16.909410,0.072933,-0.025035,0.116443,7.652000,20.725567

-0.190856,3.687266,8.514953,16.891764,-0.069091,-0.054079,0.046630,7.652000,20.725567

0.101337,3.811807,9.633428,16.918234,0.034296,-0.011445,-0.104188,7.660000,20.725567

-0.360902,5.905055,8.910131,16.897646,0.043889,0.033054,-0.179064,7.656000,20.725567

-0.966842,4.286021,7.382109,16.900587,0.010048,-0.035693,-0.177465,7.668000,20.725567

-1.620682,3.361544,8.584409,16.868235,0.029500,-0.054878,-0.191854,7.672000,20.725567

-2.161957,3.510035,9.686118,16.891764,-0.012601,-0.045019,-0.195318,7.672000,20.725567

-1.682953,4.444093,7.123446,16.888823,-0.082947,-0.072731,-0.177732,7.680000,20.725567

-2.502050,2.470596,9.894485,16.912352,-0.054436,-0.151604,-0.023716,7.680000,20.725567

-0.121400,1.646710,9.626243,16.894705,-0.131177,-0.106839,0.056755,7.684000,20.725567

1.617384,2.643038,7.863508,16.885881,-0.053903,-0.057277,0.122038,7.684000,20.725567

1.928736,0.240833,9.413086,16.894705,-0.151162,-0.107905,0.309362,7.684000,20.725567

3.406464,1.395233,12.042817,16.894705,-0.141303,0.065296,0.429803,7.680000,20.725567

3.075951,2.815479,10.581855,16.897646,-0.084013,0.244092,0.435132,7.684000,20.725567

2.498751,-0.211825,9.207114,16.903528,-0.028855,0.257948,0.422608,7.680000,20.725567

0.649796,-1.033317,9.168794,16.897646,-0.005140,0.345881,0.309895,7.676000,20.725567

-0.947682,-0.377082,9.678933,16.915293,-0.074687,0.351477,0.176130,7.664000,20.725567

-2.600245,0.760553,9.865745,16.906469,-0.048574,0.449269,0.016519,7.672000,20.725567

-1.395551,2.300550,8.744875,16.903528,-0.012335,0.249422,-0.186525,7.664000,20.725567

-1.704508,1.558094,8.210786,16.897646,-0.044310,0.286993,-0.350666,7.660000,20.725567

-0.109425,2.108948,8.833491,16.900587,-0.064295,0.217180,-0.392767,7.660000,20.725567

0.685721,3.078931,8.926897,16.909410,-0.116255,0.202258,-0.362390,7.660000,20.725567

0.036671,3.522010,9.674143,16.912352,-0.004074,0.231036,-0.296841,7.664000,20.725567

-0.736920,1.867052,8.474237,16.903528,-0.004607,0.219578,-0.275524,7.668000,20.725567

-0.629144,2.949600,8.486213,16.918234,-0.011802,0.172680,-0.276589,7.664000,20.725567

-0.897387,4.872801,10.038186,16.906469,-0.039780,0.201991,-0.204378,7.668000,20.725567

-1.412316,3.057376,9.152028,16.912352,-0.015532,0.223575,-0.119377,7.664000,20.725567

-0.602799,3.759117,8.059899,16.935881,-0.048840,0.211318,-0.123107,7.668000,20.725567

-1.611102,3.462135,9.848979,16.912352,-0.013134,0.257149,-0.158280,7.680000,20.725567

-2.605036,3.802227,11.305151,16.915293,-0.093872,0.223841,-0.140960,7.684000,20.725567

-3.697164,3.869288,8.359277,16.918234,0.096915,0.210518,-0.134831,7.684000,20.725567

-2.813402,3.591465,8.069479,16.906469,-0.026990,-0.018640,-0.239818,7.684000,20.725567

-3.670819,2.956785,10.246552,16.921175,-0.001410,0.014135,-0.304301,7.692000,20.725567

-4.968920,-0.183085,9.149633,16.935881,0.053748,-0.268315,-0.281919,7.692000,20.725567

-4.391720,-0.939911,9.492122,16.921175,0.031632,-0.413803,-0.179064,7.688000,20.725567

-5.026400,-0.484858,10.998589,16.918234,0.022039,-0.431923,-0.079674,7.684000,20.725567

-4.703073,-0.755495,9.889694,16.915293,-0.011002,-0.501736,0.096192,7.684000,20.725567

-2.329608,-1.050082,10.184282,16.921175,0.097981,-0.557693,0.301368,7.684000,10.520452

-2.329608,-1.545851,9.396320,16.921175,0.109439,-0.634168,0.625919,7.672000,10.520452

-1.706903,-1.030922,9.372371,16.903528,0.123028,-0.614983,0.638709,7.664000,10.520452

2.407740,3.438184,11.235696,16.909410,0.245335,-0.634168,0.394097,7.660000,10.520452

-1.752409,-0.101654,9.846584,16.912352,0.035895,-0.511062,0.454051,7.652000,10.520452

3.576510,-1.519506,5.719965,16.900587,0.059877,-0.501203,0.803650,7.648000,10.520452

1.119220,4.041729,9.609477,16.903528,0.148076,0.033854,0.597408,7.644000,10.520452

0.357604,3.009476,11.020144,16.918234,-0.061897,-0.186244,0.325349,7.644000,10.520452

3.411253,3.301668,9.659773,16.932940,-0.105064,-0.139614,0.190253,7.648000,10.520452

3.205282,4.312366,6.780959,16.921175,0.171524,0.012537,0.022914,7.660000,10.520452

1.861676,4.942257,7.956913,16.938822,0.003387,0.084748,-0.193453,7.660000,10.520452

1.478473,3.502850,9.693303,16.935881,-0.060831,-0.028765,-0.283517,7.660000,10.520452

2.379000,4.487203,9.671748,16.938822,0.081993,0.051174,-0.305367,7.656000,10.520452

1.107245,4.683595,8.320956,16.938822,-0.056567,0.101002,-0.414883,7.660000,10.520452

-1.402736,5.224869,9.504096,16.947645,-0.003275,0.110861,-0.561704,7.672000,10.520452

-1.577572,4.235726,9.187954,16.927057,-0.058433,-0.023969,-0.693070,7.672000,10.520452

-1.182394,2.209539,9.906460,16.944704,-0.118653,-0.069267,-0.713854,7.672000,10.520452

-1.177604,5.541012,9.087363,16.912352,-0.040313,-0.065004,-0.720782,7.676000,10.520452

0.393529,4.860826,10.107641,16.950586,0.115567,-0.154802,-0.634449,7.684000,10.520452

1.358722,0.700677,12.253579,16.941763,-0.037382,-0.314946,-0.485762,7.684000,10.520452

2.563417,1.586834,10.943503,16.947645,0.040425,-0.115365,-0.238485,7.684000,10.520452

1.382672,2.492151,8.948452,16.971176,-0.104797,-0.127090,0.143355,7.680000,10.520452

2.762203,0.315079,10.342353,16.941763,-0.176742,-0.061007,0.482296,7.676000,10.520452

2.194584,-1.241684,10.725556,16.953527,0.108639,0.089544,0.501481,7.672000,10.520452

0.422269,-0.547128,8.126960,16.962351,0.121696,0.085814,0.505478,7.672000,10.520452

0.089361,-0.451327,10.287268,16.971176,-0.075753,0.075688,0.568630,7.672000,20.514083

-1.122518,-0.163925,11.027328,16.962351,0.014578,0.141771,0.659493,7.660000,20.514083

-1.987120,1.253927,9.599897,16.941763,0.139282,0.086080,0.708522,7.652000,20.514083

-1.764384,1.950877,7.794052,16.974117,0.023638,0.128714,0.714918,7.656000,20.514083

0.400714,1.917347,10.038186,16.959410,-0.015266,0.098337,0.866268,7.648000,20.514083

1.991007,5.042848,9.913645,16.971176,0.030299,0.251020,0.808712,7.656000,20.514083

0.278568,5.004527,8.776011,16.959410,0.108373,0.454864,0.845751,7.660000,20.514083

0.300123,4.168665,7.137816,16.956469,0.044955,0.430083,0.879325,7.656000,20.514083

1.559904,3.627391,7.808422,16.968235,-0.012068,0.477514,0.844152,7.668000,20.514083

-1.017138,4.815321,8.926897,16.971176,0.003920,0.692815,0.687472,7.672000,20.514083

-1.088988,4.590189,8.388017,16.974117,-0.033119,0.646984,0.449787,7.676000,20.514083

-1.385971,5.629627,8.256291,16.980000,-0.040313,0.715997,0.170002,7.676000,20.514083

-1.699718,3.797437,9.044252,16.974117,-0.060831,0.693615,-0.087667,7.684000,20.514083

-1.493746,4.027359,9.590317,16.974117,-0.054169,0.668567,-0.313361,7.688000,20.514083

-4.157008,3.066956,8.811935,16.977058,-0.104264,0.683223,-0.524666,7.692000,20.514083

-5.299432,3.438184,8.773615,16.977058,-0.043777,0.572108,-0.678415,7.692000,20.514083

-4.729418,2.039493,10.715977,16.977058,-0.181272,0.302181,-0.822571,7.696000,20.514083

-4.178564,1.737720,11.108760,16.962351,-0.105597,0.130046,-0.927291,7.692000,20.514083

-2.906808,-0.151950,10.557905,16.959410,0.022572,-0.072731,-0.956868,7.696000,20.514083

-3.685189,-2.889457,9.892090,16.962351,-0.074420,-0.287234,-0.745030,7.688000,20.514083

-2.293683,-0.973442,10.953083,16.988823,-0.028322,-0.206762,-0.608602,7.688000,20.514083

-2.190697,-0.999787,9.681328,16.991764,0.068403,-0.315212,-0.591015,7.676000,20.514083

3.310663,-1.620097,8.383227,16.971176,0.160599,-0.362110,-0.651502,7.664000,20.514083

-1.735643,-1.557826,10.349538,16.968235,0.077463,-0.252327,-0.565435,7.660000,20.984782

0.283358,0.501890,10.337564,16.988823,0.075598,-0.388490,-0.547582,7.664000,20.984782

2.992125,1.617970,9.099339,16.974117,0.187512,-0.388490,-0.565168,7.652000,20.984782

-0.186066,1.143756,9.813054,16.974117,0.116367,-0.134284,-0.491358,7.648000,20.984782

-0.166906,1.965247,8.431128,16.994705,0.109972,-0.269381,-0.569165,7.640000,20.984782

0.113312,3.718402,8.047924,16.985882,0.172324,-0.249396,-0.613931,7.644000,20.984782

-2.233808,3.493270,8.297007,16.977058,0.080661,-0.250462,-0.515073,7.652000,20.984782

-0.449518,4.056099,9.341235,16.997646,0.072400,-0.320009,-0.362923,7.652000,20.984782

-0.775241,3.888448,9.350815,16.994705,0.021506,-0.353583,-0.300038,7.656000,20.984782

-2.147587,4.460858,9.614267,16.997646,0.124893,-0.268048,-0.353864,7.656000,20.984782

-4.003727,4.870406,8.483818,17.003529,0.139815,-0.308018,-0.237153,7.664000,20.984782

-3.850446,3.320828,8.914922,16.997646,0.069736,-0.476422,-0.057824,7.668000,20.984782

-4.262389,4.475228,9.856164,16.991764,0.164330,-0.461234,0.092728,7.672000,20.984782

-1.373995,4.906332,9.626243,16.985882,0.093984,-0.549966,0.297104,7.684000,20.984782

-0.142955,4.475228,8.392807,16.997646,0.122762,-0.543837,0.450853,7.680000,20.984782

1.042579,3.392679,9.257409,16.985882,0.025237,-0.478287,0.496951,7.684000,20.984782

2.292779,3.282508,9.856164,16.982941,0.002054,-0.441516,0.564633,7.692000,20.984782

2.704723,3.244188,9.616662,16.994705,0.124361,-0.304287,0.597674,7.688000,20.984782

1.634149,0.789293,9.853769,16.994705,-0.014733,-0.286434,0.510541,7.688000,20.984782

3.665126,0.657567,9.743598,16.982941,-0.020861,-0.152937,0.406087,7.688000,20.984782

2.568207,0.825218,9.022697,16.991764,0.133420,0.033587,0.404755,7.688000,20.984782

4.225560,-0.791420,8.256291,16.991764,0.066272,-0.022903,0.474302,7.676000,20.984782

2.098783,-1.790143,10.009445,16.985882,-0.051771,0.180408,0.594210,7.672000,20.984782

1.162330,-0.880036,10.948293,16.997646,-0.112525,0.232102,0.676813,7.664000,20.984782

-0.502208,0.935389,9.822634,16.977058,0.042557,0.447137,0.694400,7.664000,20.984782

-0.669860,2.116133,9.973520,17.012352,0.109172,0.300582,0.585950,7.656000,20.984782

-0.229176,2.372401,8.423943,16.994705,-0.053370,0.495899,0.447922,7.656000,20.984782

-0.121400,3.395074,8.241920,17.012352,-0.008604,0.544662,0.441527,7.660000,20.984782

-1.429081,4.281231,8.335326,17.015293,-0.093073,0.539599,0.359989,7.656000,20.984782

-0.257916,4.939862,8.914922,17.006470,0.010581,0.496432,0.319487,7.660000,20.984782

-0.236361,4.183036,8.871811,17.003529,-0.001676,0.549725,0.303766,7.672000,20.984782

-1.429081,5.033267,9.118498,17.015293,-0.061897,0.571308,0.279518,7.672000,20.984782

-0.813561,4.372242,8.253896,17.021175,0.000988,0.521213,0.162807,7.676000,20.984782

-1.326095,5.773329,8.440707,17.018234,-0.001676,0.617406,-0.023716,7.684000,20.984782

-2.166747,3.689661,8.304192,17.009411,-0.090142,0.535069,-0.181729,7.684000,20.984782

-3.287616,3.737562,9.377160,17.009411,-0.114923,0.532138,-0.359193,7.684000,20.984782

-3.613339,3.289693,10.059741,17.027058,-0.091208,0.489771,-0.479367,7.696000,20.984782

-3.840866,3.007081,9.731624,17.015293,0.021772,0.398641,-0.514807,7.692000,20.984782

-4.695888,0.458780,9.386741,17.018234,-0.206053,0.390114,-0.498020,7.696000,20.984782

-5.062325,0.422855,11.015354,17.035881,-0.124515,0.259014,-0.560372,7.700000,20.984782

-3.309171,1.529354,10.411809,17.018234,0.051350,0.126849,-0.610200,7.696000,20.984782

-2.286498,-1.076427,9.077783,17.003529,-0.017397,-0.080192,-0.671220,7.692000,20.984782

-2.238597,-2.702646,10.732741,17.038822,-0.114656,-0.164395,-0.745830,7.684000,20.984782

-2.571505,-3.071479,11.844030,17.024117,-0.025391,-0.252061,-0.811646,7.684000,20.984782

-1.393156,-0.242961,10.028605,17.029999,0.097981,-0.306153,-0.781269,7.668000,20.984782

-1.223109,-1.076427,9.449011,17.027058,0.270915,-0.398082,-0.960865,7.664000,20.984782

-1.824259,-2.846347,11.326706,17.021175,-0.067492,-0.112967,-0.950473,7.660000,20.984782

2.513121,1.931717,9.346025,17.018234,0.066538,-0.380229,-0.740501,7.648000,10.326862

1.090480,2.324500,9.901670,17.009411,0.151540,-0.244067,-0.637646,7.640000,10.326862

-1.242269,1.562884,9.140054,17.029999,0.177120,-0.373568,-0.597943,7.640000,10.326862

0.834213,3.862103,8.831096,17.035881,0.174722,-0.414869,-0.485496,7.644000,10.326862

0.530045,4.501573,8.754455,17.029999,0.133154,-0.424728,-0.164675,7.648000,10.326862

-0.071105,4.616534,8.273056,17.027058,0.184315,-0.378897,0.048761,7.644000,10.326862

-1.218319,4.990157,9.516071,17.021175,0.092119,-0.322140,0.129499,7.652000,10.326862

-0.049550,3.941139,8.821516,17.012352,0.052949,-0.367173,0.198247,7.656000,10.326862

0.276173,5.914635,9.877720,17.000587,0.073466,-0.266716,0.224893,7.664000,10.326862

0.625846,4.741075,8.019184,17.018234,0.090520,-0.199834,0.088198,7.664000,10.326862

-0.700995,5.555382,8.517348,17.018234,0.127825,-0.178784,-0.069815,7.676000,10.326862

-0.818351,5.332645,8.831096,17.032940,-0.019796,-0.202765,-0.162277,7.672000,10.326862

-0.564479,3.167547,8.941267,17.018234,0.028701,-0.158266,-0.172935,7.676000,10.326862

-1.182394,3.814203,8.859837,17.021175,-0.011269,-0.246998,-0.103655,7.680000,10.326862

-0.200436,3.402259,10.783037,17.021175,-0.005940,-0.278973,-0.007462,7.688000,10.326862

1.267711,3.201077,10.533955,17.027058,0.048419,-0.175053,0.122571,7.688000,10.326862

0.846188,1.795201,10.692026,17.032940,0.109172,-0.135883,0.296838,7.688000,10.326862

0.628241,1.867052,10.280083,17.035881,0.096915,-0.030630,0.421809,7.684000,10.326862

1.737135,-0.676459,9.475356,17.029999,-0.013667,-0.059142,0.384504,7.680000,10.326862

2.041302,-1.804513,9.963940,17.021175,-0.078684,0.030922,0.355993,7.676000,10.326862

2.125128,-0.956676,8.986773,17.021175,0.023371,0.180141,0.303233,7.672000,10.326862

1.176700,0.346214,9.688513,17.009411,0.026036,0.170282,0.335208,7.660000,10.326862

2.086808,0.818033,11.096785,17.041763,-0.167949,0.215048,0.155879,7.648000,10.326862

-0.413593,0.906649,9.810658,17.044704,0.084924,0.311241,-0.005597,7.656000,10.326862

1.713185,1.287457,8.720924,17.021175,0.064673,0.190267,-0.029845,7.648000,10.326862

-0.027994,3.311248,9.262199,17.029999,-0.066693,0.286726,-0.042902,7.648000,19.928127

-2.911598,2.053863,9.216694,17.032940,-0.078684,0.182806,-0.216102,7.640000,19.928127

-2.375113,3.886053,7.810817,17.059410,-0.025658,0.241694,-0.276589,7.644000,19.928127

-1.747618,3.201077,9.187954,17.029999,-0.114656,0.180141,-0.066883,7.652000,19.928127

-1.096173,4.800951,8.931686,17.024117,-0.001143,0.199860,0.175065,7.656000,19.928127

-1.230294,4.386612,9.104128,17.021175,0.035096,0.140439,0.443659,7.660000,19.928127

-1.362020,3.251373,8.297007,17.053528,-0.051771,0.134843,0.620856,7.664000,19.928127

-1.012347,5.715848,9.108918,17.035881,0.010848,0.225973,0.738366,7.668000,19.928127

-1.062643,3.624996,8.366462,17.032940,0.023105,0.271005,0.720247,7.672000,19.928127

-1.936825,2.880145,9.516071,17.035881,-0.003275,0.261412,0.599806,7.676000,19.928127

-3.306776,4.674015,10.224998,17.035881,-0.089342,0.350944,0.441261,7.680000,19.928127

-2.746342,3.043006,10.076506,17.041763,-0.013933,0.234500,0.190786,7.684000,19.928127

-4.477941,2.530472,9.930409,17.038822,-0.002209,0.242760,0.142556,7.684000,19.928127

-5.766461,0.238438,10.361513,17.027058,-0.036583,0.088212,0.017319,7.684000,19.928127

-4.801269,1.194051,11.372211,17.041763,-0.097869,-0.010379,-0.119110,7.684000,19.928127

-5.055140,-0.726755,10.859677,17.035881,0.052949,-0.114300,-0.266464,7.684000,19.928127

-3.598969,-1.524296,9.173584,17.038822,0.032697,-0.269914,-0.285649,7.672000,19.928127

-3.129545,-0.801000,10.222602,17.059410,-0.006739,-0.340793,-0.297640,7.672000,19.928127

-3.225345,-1.897919,9.381950,17.050587,0.044422,-0.379430,-0.368253,7.668000,19.928127

0.956359,-0.968652,8.730505,17.027058,0.000455,-0.637632,-0.392234,7.656000,19.928127

1.164725,0.281549,10.742321,17.029999,0.142480,-0.375966,-0.284317,7.656000,19.928127

1.847306,1.682635,8.946056,17.044704,0.185913,-0.363176,-0.055692,7.648000,19.928127

-1.153654,-0.901591,8.301796,17.038822,0.008449,-0.349586,0.177996,7.644000,19.928127

-1.800309,1.431158,10.433364,17.015293,-0.066427,-0.253127,0.205974,7.644000,19.928127

0.762362,2.956785,9.707673,17.032940,0.216290,-0.286701,0.224893,7.640000,19.928127

1.418597,2.906490,7.568920,17.035881,0.049751,-0.239803,0.315490,7.636000,19.765813

0.374369,3.665711,8.756850,17.038822,0.058811,-0.174787,0.408752,7.640000,19.765813

0.719252,4.475228,8.871811,17.032940,0.064939,-0.116698,0.420210,7.648000,19.765813

0.841398,4.101605,9.159214,17.032940,0.004452,-0.082058,0.377310,7.648000,19.765813

-0.705785,4.341107,9.444221,17.041763,-0.033385,0.093275,0.221429,7.648000,19.765813

-1.493746,5.258399,7.782077,17.041763,-0.063229,0.015468,0.004795,7.652000,19.765813

-2.983449,4.379427,9.801079,17.029999,-0.057367,-0.085788,-0.247012,7.660000,19.765813

-1.402736,5.174574,10.306428,17.038822,0.060942,-0.142012,-0.315493,7.668000,19.765813

-1.328490,3.102882,11.542258,17.029999,0.012979,-0.165460,-0.235821,7.668000,19.765813

-0.643515,5.277560,9.516071,17.044704,0.027635,-0.126557,-0.138029,7.672000,19.765813

-0.348927,4.585399,9.425060,17.038822,0.047886,-0.139081,0.007726,7.684000,19.765813

1.706000,0.880304,9.408296,17.059410,-0.062163,-0.274710,0.084467,7.680000,19.765813

1.442548,2.688543,9.681328,17.029999,0.023904,-0.076462,0.135362,7.680000,19.765813

1.337167,2.039493,9.901670,17.041763,-0.017397,-0.010646,0.076740,7.676000,19.765813

2.446061,0.573741,10.064531,17.053528,-0.006739,0.077287,-0.006929,7.680000,19.765813

2.544257,2.314920,10.608200,17.035881,-0.057900,0.104733,-0.051695,7.672000,19.765813

1.023419,0.042047,11.956596,17.050587,-0.137306,0.191066,-0.066883,7.672000,19.765813

1.811381,0.631221,9.444221,17.035881,0.147010,0.222242,-0.152151,7.668000,19.765813

0.192347,-0.403427,8.809541,17.032940,-0.009670,0.176411,-0.163343,7.660000,19.765813

1.902391,-1.335090,10.239367,17.044704,-0.116522,0.154561,-0.070880,7.652000,19.765813

0.106127,0.973709,9.437036,17.044704,0.199769,0.445005,0.170535,7.652000,19.765813

2.829264,1.100645,10.054951,17.038822,-0.254816,-0.049549,0.217432,7.652000,19.765813

-3.275641,-0.587843,6.723478,17.038822,0.290100,0.257416,0.054890,7.640000,19.765813

-0.650700,1.059930,9.959150,17.044704,-0.088543,-0.042355,0.297904,7.640000,19.765813

0.700091,-0.312416,10.004656,17.038822,-0.065094,0.191599,0.623787,7.632000,19.765813

-3.124755,4.092025,7.997629,17.053528,0.185913,0.317636,0.600605,7.644000,19.765813

-1.409921,4.695570,7.324628,17.024117,-0.049906,0.189468,0.414881,7.636000,19.552288

-0.648305,3.869288,9.247829,17.044704,-0.037382,0.211584,0.297371,7.644000,19.552288

0.024696,5.289535,9.908854,17.047646,0.017509,0.369063,0.211836,7.648000,19.552288

-0.794401,4.391402,8.558064,17.053528,-0.016332,0.348279,0.289643,7.652000,19.552288

-0.997977,5.138649,8.136540,17.041763,-0.086678,0.308843,0.333077,7.656000,19.552288

0.786312,5.643998,9.231064,17.056469,0.028434,0.353609,0.324550,7.660000,19.552288

-0.135770,2.889725,8.859837,17.035881,-0.027523,0.419158,0.406354,7.672000,19.552288

-2.320028,5.380546,8.711345,17.050587,-0.044843,0.474849,0.337873,7.668000,19.552288

-2.688861,3.893238,9.190349,17.059410,-0.073088,0.424754,0.079671,7.676000,19.552288

-1.637448,3.323223,8.922107,17.050587,0.018308,0.365333,-0.188124,7.676000,19.552288

-5.265902,1.574859,10.112432,17.041763,-0.130111,0.342417,-0.428207,7.680000,19.552288

-4.645592,1.646710,11.276411,17.059410,-0.067759,0.185204,-0.604871,7.684000,19.552288

-4.106713,0.051627,11.216536,17.044704,-0.086678,0.029324,-0.650703,7.676000,19.552288

-2.660121,-1.131513,10.881232,17.047646,-0.047508,-0.099378,-0.668023,7.672000,19.552288

-1.134493,-0.872851,9.609477,17.053528,-0.065094,-0.083923,-0.599009,7.672000,19.552288

-1.690138,-1.536271,10.699211,17.032940,0.063874,-0.101776,-0.515873,7.668000,19.552288

-2.614615,-2.532599,9.017907,17.047646,0.213359,-0.269381,-0.519070,7.652000,19.552288

1.614989,0.394115,9.863349,17.044704,0.070802,-0.469761,-0.582222,7.640000,19.552288

2.529886,1.843101,9.372371,17.050587,0.076397,-0.195304,-0.495888,7.636000,19.552288

0.800682,2.118529,7.197692,17.035881,0.265319,-0.221151,-0.362657,7.640000,19.552288

-1.108148,3.179522,8.251501,17.059410,0.205898,-0.271246,-0.290978,7.644000,19.552288

0.012721,2.935230,8.534113,17.050587,-0.039780,-0.318943,-0.247545,7.632000,19.552288

0.671351,3.557935,9.846584,17.032940,0.012979,-0.174787,-0.185193,7.640000,19.552288

-0.849486,3.002291,8.747270,17.035881,0.143812,-0.124958,-0.184926,7.644000,19.552288

-1.905690,4.997342,9.980705,17.015293,0.015644,-0.173721,-0.167873,7.644000,19.552288

-1.366810,5.210499,9.312495,17.029999,0.061475,-0.253659,-0.152151,7.656000,19.691171

-2.183512,5.119488,7.992838,17.041763,0.076930,-0.264052,-0.190788,7.660000,19.691171

-3.472033,3.948323,8.929292,17.029999,-0.011002,-0.253393,-0.219300,7.656000,19.691171

-3.210975,4.532709,10.153147,17.032940,0.103843,-0.314679,-0.106320,7.672000,19.691171

-2.219437,5.109908,8.155700,17.029999,0.134486,-0.383693,0.105251,7.672000,19.691171

-1.793124,2.997501,8.093430,17.029999,0.084924,-0.405277,0.314691,7.676000,19.691171

-1.136889,2.753209,8.023974,17.038822,0.027368,-0.421531,0.375977,7.684000,19.691171

1.028209,2.808294,10.577065,17.053528,-0.017664,-0.362110,0.450320,7.680000,19.691171

2.165843,3.062166,9.757969,17.032940,0.011913,-0.284303,0.525463,7.680000,19.691171

1.334772,1.797596,9.916039,17.027058,0.001788,-0.157999,0.541450,7.680000,19.691171

1.842516,2.020333,9.860954,17.027058,0.067071,-0.100710,0.513205,7.680000,19.691171

3.725001,3.608231,10.596226,17.044704,-0.053903,-0.034094,0.488158,7.680000,19.691171

2.699933,-2.463144,10.217813,17.056469,-0.106662,0.127382,0.466841,7.680000,19.691171

1.428177,-1.447655,10.038186,17.038822,0.014312,0.281131,0.350930,7.672000,19.691171

0.623451,-0.312416,9.484936,17.044704,0.062541,0.330426,0.275521,7.664000,19.691171

1.840121,-1.148278,9.540022,17.035881,0.008982,0.291789,0.035705,7.656000,19.691171

-0.897387,1.110225,7.897038,17.050587,0.025503,0.410898,-0.031977,7.656000,19.691171

-2.643356,3.459739,9.549602,17.050587,0.040691,0.314172,-0.041303,7.656000,19.691171

-2.751132,2.142479,9.451406,17.047646,-0.055502,0.251820,-0.181729,7.660000,19.691171

-1.503326,2.999896,7.808422,17.047646,0.078795,0.256883,-0.221698,7.656000,19.691171

-2.073341,3.555540,9.159214,17.079998,-0.269471,0.141238,-0.217435,7.668000,19.691171

-1.282985,2.805899,10.078901,17.062351,-0.032852,0.110595,-0.354130,7.668000,19.691171

1.425782,3.847733,10.229787,17.059410,0.016710,0.126050,-0.338675,7.668000,19.691171

1.066530,4.032149,9.005932,17.068233,-0.043777,0.162555,-0.068482,7.672000,20.702175

-1.515302,4.899147,8.320956,17.059410,0.099313,0.160157,0.365319,7.672000,20.702175

-0.483048,4.884776,8.014394,17.062351,-0.097869,0.143903,0.961928,7.684000,20.702175

-2.327213,2.616693,9.250224,17.050587,0.017509,0.259814,1.110614,7.688000,20.702175

-3.814520,2.860985,8.404782,17.065292,0.009782,0.371195,0.955267,7.684000,20.702175

-3.512748,2.032308,8.684999,17.068233,-0.101600,0.279798,0.505744,7.684000,20.702175

-4.111503,2.645433,10.476475,17.071175,-0.056834,0.316304,0.060219,7.688000,20.702175

-4.176168,0.573741,9.827424,17.071175,-0.068558,0.188935,-0.302969,7.688000,20.702175

-4.566556,0.779713,10.402228,17.082939,-0.067492,0.027458,-0.754357,7.684000,20.702175

-4.631222,-0.609399,10.387858,17.079998,-0.077352,-0.132419,-0.885989,7.688000,20.702175

-3.084039,-0.719570,10.550720,17.068233,0.019108,-0.312548,-0.805517,7.680000,20.702175

-1.235084,-1.289584,9.592712,17.056469,0.011913,-0.434588,-0.600341,7.676000,20.702175

-1.235084,-1.759008,10.727951,17.109411,0.025769,-0.478554,-0.283251,7.664000,20.702175

-0.928522,-1.603332,9.547207,17.088821,0.055613,-0.549699,-0.126837,7.660000,20.702175

3.322638,2.717283,9.750783,17.077057,0.253062,-0.578477,-0.141493,7.652000,20.702175

1.694025,-2.281122,8.833491,17.088821,0.184581,-0.410339,0.025579,7.656000,20.702175

2.692748,3.174732,6.486372,17.094706,-0.163419,-0.367705,0.443392,7.644000,20.702175

3.485499,4.228541,8.740085,17.094706,0.114235,-0.139614,0.539585,7.640000,20.702175

1.200651,3.720797,10.466894,17.082939,0.119831,-0.012777,0.218231,7.640000,20.702175

2.431691,4.793766,8.091035,17.079998,0.095316,-0.187843,-0.048231,7.652000,20.702175

1.859281,3.957904,7.777287,17.097647,0.016976,0.004010,-0.165208,7.656000,20.702175

-2.106871,5.212894,9.166399,17.088821,-0.146099,0.146034,-0.206776,7.660000,20.702175

-2.250573,3.886053,10.157937,17.106470,-0.006473,0.025860,-0.481499,7.664000,20.702175

-0.918942,4.841666,8.507768,17.109411,0.088921,0.045578,-0.634981,7.672000,20.702175

-0.411198,4.408167,7.590475,17.103529,-0.069358,-0.058342,-0.629119,7.660000,20.702175

-2.217042,4.590189,8.105405,17.091763,-0.030188,-0.087653,-0.463646,7.672000,20.702175

-0.777636,5.311090,8.883786,17.091763,-0.015532,-0.238471,-0.427940,7.672000,20.702175

0.185162,5.059613,9.516071,17.094706,-0.013933,-0.260321,-0.259269,7.680000,20.702175

1.279686,4.750655,9.271779,17.127058,0.004452,-0.311482,-0.030645,7.680000,20.702175

2.208954,4.290812,8.459867,17.124117,-0.009670,-0.280839,0.075141,7.684000,20.702175

1.986217,2.597533,8.392807,17.094706,0.099047,-0.172921,0.162541,7.688000,20.702175

2.405345,1.764066,9.681328,17.112352,-0.134907,-0.136949,0.308296,7.692000,20.702175

3.480709,1.198841,10.414204,17.100588,-0.073088,-0.097512,0.506544,7.692000,20.702175

3.169357,2.065838,9.913645,17.118235,-0.043244,0.164953,0.478565,7.688000,20.702175

1.782640,0.719837,9.832214,17.100588,0.051616,0.225440,0.427937,7.680000,20.702175

0.606686,0.298314,9.398716,17.109411,0.014312,0.244359,0.363986,7.684000,20.702175

0.072596,-1.129118,9.592712,17.121176,-0.088276,0.271805,0.185457,7.676000,20.702175

-0.059130,-0.341156,10.117222,17.124117,-0.024326,0.313639,0.028777,7.676000,20.702175

-2.540370,0.061207,10.090877,17.129999,-0.063495,0.293654,0.035438,7.664000,20.702175

-1.761989,1.244346,9.480146,17.115294,-0.030721,0.297918,-0.112715,7.660000,20.702175

-1.211134,-0.446537,9.887300,17.124117,-0.012068,0.273403,-0.207043,7.660000,20.702175

-1.738038,2.434671,7.492280,17.129999,0.064939,0.116723,-0.039171,7.664000,20.702175

-1.105753,3.035821,10.529164,17.141764,-0.073621,0.088212,0.022115,7.660000,20.702175

-0.722550,2.676568,7.861113,17.141764,0.095050,0.090077,0.257135,7.656000,20.702175

-1.460216,5.584122,8.198811,17.112352,0.044955,0.157759,0.350930,7.656000,20.702175

-1.021928,2.434671,9.061018,17.132940,-0.074687,0.142037,0.328280,7.660000,20.702175

-1.556017,3.380704,8.814330,17.121176,0.109972,0.209186,0.317089,7.660000,20.702175

-2.492470,4.765025,8.737690,17.150587,-0.069091,0.157226,0.311760,7.672000,20.702175

-2.044601,4.238121,8.663445,17.127058,-0.117587,0.132978,0.386369,7.676000,10.338949

-1.666188,4.542289,9.271779,17.121176,-0.032586,0.137241,0.548378,7.680000,10.338949

-2.154772,4.242911,10.052556,17.109411,-0.037649,0.113792,0.719447,7.676000,10.338949

-2.097291,3.407049,10.857283,17.135881,-0.033918,0.123118,0.759683,7.688000,10.338949

-3.711535,2.963970,9.355605,17.127058,-0.031786,0.207321,0.630982,7.696000,10.338949

-4.703073,1.538934,9.571157,17.124117,-0.000344,0.150298,0.423674,7.688000,10.338949

-5.419183,0.442015,10.383068,17.109411,-0.076019,0.021063,0.133763,7.684000,10.338949

-4.353400,0.219278,10.117222,17.124117,-0.010736,-0.067669,-0.018654,7.684000,10.338949

-3.876791,0.137847,10.270503,17.147646,-0.038182,-0.139347,-0.026115,7.680000,10.338949

-3.297196,-1.438075,10.354328,17.156469,0.023105,-0.245666,-0.034109,7.684000,10.338949

-2.140402,-0.532758,9.769943,17.129999,0.023904,-0.333065,0.004262,7.672000,10.338949

2.766993,-0.899196,8.531718,17.141764,-0.119719,-0.293895,0.196115,7.664000,10.338949

3.660336,0.391720,10.435759,17.138823,0.062275,-0.099911,0.289377,7.664000,10.338949

0.740807,2.233490,10.486054,17.156469,0.128624,0.016001,0.387968,7.664000,10.338949

0.941988,0.770133,8.603569,17.147646,0.070535,-0.032229,0.184924,7.652000,10.338949

0.743202,0.978499,9.331655,17.144705,0.054814,0.128181,-0.104188,7.648000,10.338949

-1.445846,4.386612,10.023815,17.150587,0.114501,0.250488,-0.233422,7.652000,10.338949

-0.188461,3.385494,7.118657,17.135881,-0.125581,0.070359,-0.477769,7.652000,10.338949

1.519188,2.899305,8.457473,17.147646,-0.162087,0.120454,-0.822304,7.652000,10.338949

1.341957,4.911121,9.702883,17.156469,0.101178,0.066095,-1.026415,7.656000,10.338949

0.290543,4.223751,7.894643,17.141764,0.092918,-0.037825,-1.123141,7.664000,10.338949

-2.185907,3.356754,9.408296,17.141764,-0.142102,0.000013,-1.076510,7.660000,10.338949

-2.401459,5.239239,10.102851,17.153528,0.129690,-0.009846,-0.901977,7.672000,10.338949

-1.771569,5.117093,9.221484,17.144705,0.099580,-0.152404,-0.710923,7.672000,10.338949

-1.941615,4.223751,8.359277,17.129999,0.072134,-0.281905,-0.301637,7.676000,10.338949

-1.721273,4.860826,9.178373,17.150587,0.163531,-0.299225,0.058887,7.688000,20.581951

0.434244,3.323223,9.561577,17.156469,-0.050172,-0.369304,0.142556,7.692000,20.581951

2.005377,2.937625,10.833332,17.135881,-0.091741,-0.334131,0.219830,7.688000,20.581951

4.620739,3.442974,8.962822,17.135881,0.147010,-0.141479,0.316290,7.696000,20.581951

4.654269,0.796478,9.573552,17.144705,-0.114656,-0.002652,0.362388,7.692000,20.581951

3.293898,1.797596,11.712304,17.147646,-0.118387,0.100469,0.396228,7.684000,20.581951

2.309545,0.631221,10.871653,17.141764,-0.222041,0.230236,0.341071,7.684000,20.581951

1.226996,-0.664484,9.475356,17.150587,-0.040047,0.368797,0.263530,7.684000,20.581951

0.142052,-0.858481,9.525652,17.144705,-0.079217,0.334956,0.196115,7.672000,20.581951

-1.371600,-1.375805,9.120893,17.141764,-0.064828,0.442607,0.004795,7.664000,20.581951

-0.906967,-0.556708,10.795012,17.138823,-0.084280,0.406901,-0.007196,7.660000,20.581951

-5.689821,3.500455,11.319521,17.156469,0.092385,0.289125,-0.053560,7.660000,20.581951

-6.108949,0.056417,9.908854,17.144705,0.335665,0.195063,-0.545983,7.656000,20.581951

0.642611,4.089630,10.047766,17.138823,0.104109,-0.038091,-0.334945,7.660000,20.581951

0.151632,3.225028,9.046648,17.159410,0.001788,0.127115,-0.346403,7.656000,20.581951

0.233063,3.720797,6.972560,17.138823,0.022039,0.069027,-0.346669,7.656000,20.581951

1.037789,4.321947,8.000024,17.138823,-0.050705,0.036252,-0.043168,7.660000,20.581951

0.395924,3.538775,9.678933,17.147646,0.081993,0.112193,0.462311,7.664000,20.581951

-0.897387,2.372401,7.430009,17.144705,0.044155,0.113792,0.516137,7.664000,20.581951

-0.983607,3.780672,8.076665,17.138823,-0.139171,0.135376,0.681876,7.668000,20.581951

-1.472191,5.059613,9.255014,17.141764,-0.107728,0.324031,0.691202,7.672000,20.581951

-0.540529,4.820111,9.235854,17.132940,0.018308,0.390647,0.391432,7.684000,20.581951

-0.042365,3.054981,9.286150,17.147646,-0.068292,0.381321,0.105784,7.684000,20.581951

-2.755922,1.946087,8.455077,17.159410,-0.170880,0.481777,-0.094329,7.684000,20.729248

-1.996701,3.284903,8.558064,17.138823,-0.038448,0.447670,-0.281919,7.688000,20.729248

-3.958221,2.583162,10.435759,17.141764,-0.143967,0.289391,-0.479367,7.688000,20.729248

-4.099528,0.183353,9.377160,17.141764,0.010315,0.191866,-0.618994,7.688000,20.729248

-5.129386,-0.654904,10.122011,17.162352,-0.085079,0.063964,-0.718384,7.684000,20.729248

-4.535421,-1.998510,10.280083,17.138823,-0.028855,-0.087920,-0.735171,7.688000,20.729248

-2.643356,-1.155463,10.953083,17.144705,0.063607,-0.269914,-0.818574,7.668000,20.729248

-0.370482,-2.499069,9.619058,17.138823,0.016443,-0.358646,-0.746363,7.668000,20.729248

-0.360902,-1.945820,9.300520,17.132940,-0.035250,-0.365307,-0.806317,7.660000,20.729248

0.508490,-0.674064,11.089600,17.127058,0.258658,-0.428992,-0.830298,7.640000,20.729248

-3.196605,-0.216615,10.256132,17.141764,0.166728,-0.316278,-0.638179,7.636000,20.729248

0.733622,1.517379,8.917316,17.132940,0.026036,-0.347987,-0.382908,7.636000,20.729248

-0.624354,3.572305,7.911408,17.138823,0.183249,-0.332532,-0.049830,7.636000,20.729248

-3.412157,2.578372,8.510163,17.127058,0.148875,-0.176918,-0.154017,7.632000,20.729248

-3.227741,2.252650,9.913645,17.141764,-0.066160,-0.325871,-0.211839,7.640000,20.729248

-2.159562,4.678805,9.559182,17.147646,0.135818,-0.274710,-0.100724,7.640000,20.729248

-2.499655,3.306458,9.592712,17.156469,0.083592,-0.352251,0.086865,7.644000,20.729248

-2.794242,4.738680,8.574828,17.124117,0.169126,-0.415136,0.214767,7.648000,20.729248

-0.523764,4.973392,6.931845,17.124117,0.022838,-0.460701,0.365052,7.652000,20.729248

-0.526159,5.555382,8.498188,17.132940,0.118498,-0.414603,0.483362,7.660000,20.729248

-0.550109,4.441698,9.865745,17.129999,0.009249,-0.449776,0.521199,7.664000,20.729248

0.139657,8.180324,9.144843,17.135881,0.095316,-0.355981,0.488424,7.664000,20.729248

1.097665,4.005804,7.595265,17.115294,0.115034,-0.428725,0.455117,7.672000,20.729248

0.407899,2.381981,8.098220,17.121176,0.037227,-0.286434,0.330146,7.676000,20.729248

-0.547714,4.664434,8.984377,17.135881,-0.102665,-0.130287,0.041300,7.676000,20.729248

0.489330,4.202196,9.844189,17.132940,-0.005673,-0.098045,-0.123906,7.680000,20.729248

1.411412,2.662198,8.946056,17.150587,0.085191,-0.169457,-0.044234,7.688000,20.729248

2.093993,0.916229,8.912526,17.121176,-0.033119,-0.142278,0.054091,7.688000,20.729248

2.561022,0.674332,9.973520,17.138823,-0.053370,-0.059675,0.185457,7.680000,20.729248

2.941830,2.039493,9.913645,17.124117,-0.105064,0.028524,0.296838,7.680000,20.729248

2.541862,1.594019,9.437036,17.118235,0.064673,0.196662,0.386636,7.680000,20.729248

1.325192,-1.095588,9.961545,17.121176,-0.069091,0.209719,0.362654,7.672000,20.729248

0.827027,-0.587843,9.863349,17.121176,0.018575,0.281664,0.380241,7.672000,20.729248

0.611476,0.168983,10.620175,17.132940,0.027901,0.295253,0.413015,7.664000,20.729248

1.131195,-0.836926,9.116103,17.121176,-0.089342,0.359204,0.372247,7.656000,20.729248

-4.846774,2.712493,10.766272,17.141764,0.157935,0.254484,0.308296,7.656000,20.729248

-4.465966,-0.693224,8.656260,17.129999,0.118232,0.341351,-0.107386,7.656000,20.729248

-2.291288,3.323223,8.931686,17.121176,0.035362,0.159091,-0.103655,7.652000,20.729248

1.298846,3.385494,8.213181,17.112352,-0.126114,0.224374,-0.005064,7.656000,20.729248

1.138380,2.769974,9.252620,17.115294,-0.023793,0.349345,-0.020785,7.656000,20.729248

-0.808771,2.106554,8.081454,17.109411,-0.053903,0.454598,-0.042902,7.652000,20.729248

-1.441056,2.166429,12.569721,17.121176,0.006051,0.249422,-0.325086,7.656000,20.729248

-1.191974,2.355635,8.948452,17.115294,0.033763,0.238497,-0.542785,7.660000,20.729248

-3.100805,4.190221,7.334208,17.106470,-0.007538,0.156959,-0.617661,7.652000,20.729248

-4.355795,6.015225,8.342512,17.124117,0.143812,0.219045,-0.652834,7.660000,20.729248

-4.628827,3.349569,8.052714,17.106470,0.137684,-0.137748,-0.650436,7.672000,20.729248

-2.559530,3.481295,9.235854,17.112352,-0.086145,-0.390355,-0.341606,7.672000,20.729248

-2.813402,1.440738,8.737690,17.118235,-0.078151,-0.304021,-0.004798,7.672000,20.729248

-3.503168,4.180641,9.769943,17.115294,0.051883,-0.172655,0.128167,7.688000,20.729248

-2.609826,1.673055,8.845466,17.106470,0.050550,-0.258722,0.341071,7.680000,20.729248

-2.353559,-0.082494,8.677814,17.094706,0.032431,-0.354649,0.590213,7.684000,10.064485

-3.184630,0.298314,9.796288,17.112352,0.043089,-0.311748,0.729040,7.684000,10.064485

-4.408485,0.394115,10.689631,17.100588,0.010581,-0.271512,0.749025,7.676000,10.064485

-2.135612,-1.174623,10.591435,17.097647,0.006584,-0.454039,0.739965,7.668000,10.064485

-1.692533,-1.476396,9.614267,17.115294,0.033763,-0.326937,0.788195,7.672000,10.064485

-1.759594,0.738997,9.884905,17.118235,0.053748,-0.382894,0.695199,7.664000,10.064485

-1.218319,-0.302836,10.902788,17.118235,0.043889,-0.201699,0.513472,7.656000,10.064485

1.583854,0.657567,8.435918,17.118235,0.088655,-0.202232,0.417545,7.660000,10.064485

-1.141679,2.082603,9.631032,17.112352,0.111304,-0.074863,0.470838,7.656000,10.064485

-1.465006,1.708980,10.145962,17.109411,0.056679,-0.178251,0.516137,7.652000,10.064485

-0.310607,1.605994,9.595107,17.132940,-0.013667,-0.219552,0.549711,7.644000,10.064485

1.392252,2.528077,9.496911,17.132940,0.052416,-0.142545,0.701328,7.652000,10.064485

2.771783,2.983131,7.738966,17.118235,0.098780,-0.041022,0.864669,7.644000,10.064485

1.497633,3.524405,8.740085,17.103529,0.070535,0.077553,0.827098,7.656000,10.064485

1.890416,2.295760,8.764035,17.109411,-0.012335,0.095939,0.639775,7.652000,10.064485

1.799406,4.127950,9.757969,17.112352,0.007650,0.254751,0.385836,7.656000,10.064485

1.140775,3.778277,8.155700,17.109411,0.084125,0.286726,-0.152684,7.660000,10.064485

-0.039970,4.947047,6.845624,17.109411,-0.054169,0.317370,-0.470041,7.664000,10.064485

-0.159721,2.686148,9.592712,17.127058,-0.115456,0.265143,-0.676550,7.672000,10.064485

-0.490233,4.690780,11.685959,17.132940,-0.081348,0.300316,-0.802053,7.672000,10.064485

-0.061525,7.636654,9.956755,17.121176,0.006584,0.239296,-0.871600,7.676000,10.064485

2.046093,5.548197,8.749665,17.112352,0.063607,0.023728,-0.736504,7.672000,10.064485

0.949174,1.208421,8.682605,17.121176,-0.023793,0.017066,-0.464179,7.676000,10.064485

1.243761,1.732930,9.020303,17.121176,-0.103465,0.026126,-0.409821,7.676000,10.064485

3.411253,3.107671,9.113708,17.109411,-0.048041,0.095939,-0.302436,7.680000,10.064485

3.851937,2.149664,9.631032,17.115294,-0.043777,0.135376,-0.111116,7.684000,10.064485

2.089203,0.865933,10.627360,17.106470,-0.113058,0.241428,-0.079674,7.676000,10.064485

2.848424,-0.664484,10.071716,17.112352,-0.226304,0.215581,-0.191321,7.672000,10.064485

1.837726,1.555699,9.729228,17.112352,-0.008071,0.332558,-0.239818,7.668000,10.064485

0.367184,-1.519506,9.029882,17.100588,0.000455,0.418892,-0.340807,7.668000,10.064485

-0.459098,-0.180690,9.058622,17.129999,-0.136506,0.293921,-0.437000,7.660000,10.064485

-6.084999,-0.676459,11.297966,17.127058,0.083592,0.308043,-0.396231,7.652000,10.064485

-2.542765,-0.405822,8.941267,17.135881,-0.044310,0.207321,-0.547848,7.660000,10.064485

-0.291447,2.815479,10.773457,17.124117,-0.005673,0.094341,-0.387971,7.652000,10.064485

3.576510,1.895792,8.320956,17.115294,-0.146365,0.092475,-0.154283,7.652000,10.064485

0.333654,2.635853,8.488607,17.132940,0.080394,0.217180,0.026645,7.644000,10.064485

-0.372877,3.818992,8.931686,17.132940,0.039625,0.145235,0.015986,7.656000,10.064485

-0.023204,3.452554,9.508886,17.138823,-0.037915,0.199060,0.050360,7.644000,10.064485

0.271383,2.844219,9.240644,17.127058,-0.088543,0.344815,0.072210,7.644000,10.064485

-1.230294,4.472833,7.825187,17.112352,-0.006206,0.392246,0.072743,7.656000,10.064485

-1.606312,4.092025,7.959308,17.127058,0.001521,0.400772,0.065815,7.664000,10.064485

-0.847091,3.945928,10.126801,17.129999,-0.065094,0.301382,-0.030112,7.668000,10.064485

-2.288893,5.366175,8.208390,17.147646,-0.078950,0.361336,-0.211573,7.664000,10.064485

-2.494864,3.349569,9.587922,17.127058,-0.138105,0.208653,-0.416482,7.672000,10.064485

-4.930599,2.228699,9.678933,17.127058,-0.041646,0.250754,-0.678948,7.680000,10.064485

-5.867052,4.918307,9.353210,17.129999,0.008982,0.232901,-0.726112,7.684000,10.064485

-3.903136,1.711375,10.385464,17.124117,-0.117587,-0.072731,-0.579824,7.680000,10.064485

-3.488798,1.900582,10.783037,17.135881,0.199503,-0.104441,-0.438066,7.680000,10.064485

-3.706744,0.451595,9.451406,17.135881,0.074799,-0.331200,-0.302436,7.684000,10.064485

-3.876791,0.231253,9.449011,17.124117,0.023371,-0.405810,-0.120975,7.684000,10.064485

-2.533185,-0.817765,11.664404,17.124117,0.070535,-0.497739,0.015187,7.680000,10.105480

-0.993187,-1.799723,10.169911,17.109411,0.072134,-0.496673,0.098590,7.676000,10.105480

-1.206344,-2.182926,10.054951,17.112352,0.097714,-0.480419,0.257135,7.668000,10.105480

-1.934430,-2.458354,9.724438,17.129999,0.160067,-0.497473,0.355460,7.660000,10.105480

-1.309330,0.578531,9.839399,17.106470,0.098247,-0.579543,0.301101,7.644000,10.105480

3.368143,-0.492043,7.053991,17.109411,0.083325,-0.447644,0.635245,7.636000,10.105480

-2.332003,3.229818,9.635822,17.109411,0.159267,-0.119096,0.747692,7.636000,10.105480

-1.960775,3.476505,9.575947,17.106470,-0.064561,-0.261653,0.573692,7.636000,10.105480

0.027091,2.391561,8.649075,17.112352,0.040158,-0.186244,0.466042,7.640000,10.105480

-0.324977,4.614139,9.113708,17.127058,0.112903,-0.043687,0.415680,7.644000,10.105480

0.683326,3.936348,8.699369,17.106470,-0.068292,0.004276,0.179328,7.640000,10.105480

-1.314120,3.833362,8.962822,17.118235,0.000988,0.009605,-0.030911,7.656000,10.105480

0.462985,6.072706,8.385622,17.109411,0.006051,-0.059142,-0.104988,7.648000,10.105480

-0.193251,4.151900,8.684999,17.097647,0.003653,-0.029032,-0.221698,7.652000,10.105480

-2.930758,3.462135,8.610754,17.118235,0.018575,-0.042888,-0.287248,7.660000,10.105480

-2.403854,6.154137,8.227551,17.106470,0.063607,-0.088719,-0.286715,7.672000,10.105480

-1.862579,5.785304,9.295730,17.106470,0.033497,-0.150006,-0.213438,7.672000,10.105480

-0.420778,2.439461,8.397597,17.127058,-0.015266,-0.269114,-0.067949,7.676000,10.105480

-0.689020,2.029913,9.465776,17.118235,-0.095737,-0.172122,-0.045833,7.684000,10.105480

1.011444,4.839271,9.781919,17.103529,-0.061097,-0.148407,-0.055692,7.688000,10.105480

3.217257,3.610626,9.781919,17.127058,0.103044,-0.139081,-0.055159,7.684000,10.105480

2.323915,0.686307,7.846742,17.112352,0.102511,-0.130287,-0.003199,7.684000,10.105480

2.307150,-0.561498,8.656260,17.097647,-0.109594,-0.043687,-0.062354,7.688000,10.105480

1.650914,3.210657,10.347143,17.094706,-0.050439,0.105532,-0.110317,7.684000,10.105480

1.519188,0.183353,9.702883,17.112352,-0.110659,0.132978,-0.042902,7.684000,10.105480

0.661771,-1.042897,10.062136,17.091763,-0.037382,0.141238,0.035971,7.676000,10.105480

0.733622,-1.490766,10.680051,17.100588,-0.061097,0.160690,0.088731,7.672000,10.105480

2.711908,0.535421,9.678933,17.100588,-0.009937,0.254218,0.198513,7.664000,10.105480

1.727555,-0.171110,8.217971,17.115294,0.139016,0.386916,0.420210,7.656000,10.105480

1.226996,1.982013,11.453642,17.088821,-0.186868,0.047976,0.333876,7.648000,10.105480

-4.068392,0.288734,10.157937,17.088821,0.208829,0.334423,-0.074078,7.648000,10.105480

-2.303263,1.232371,8.083850,17.100588,0.058544,-0.002119,-0.188124,7.644000,10.105480

-0.837511,1.780831,7.839557,17.068233,-0.094938,0.203590,-0.192121,7.656000,10.105480

-1.709298,2.631063,8.512558,17.100588,-0.025125,0.189468,-0.265132,7.656000,10.105480

-2.011071,3.624996,8.902946,17.094706,-0.005140,0.170016,-0.315493,7.644000,10.105480

0.649796,5.643998,9.034673,17.100588,-0.011002,0.172148,-0.217968,7.656000,10.105480

0.048646,5.002132,9.001143,17.097647,-0.006739,0.126050,0.360256,7.664000,10.105480

0.094152,5.117093,9.575947,17.097647,0.063607,0.236898,0.610464,7.668000,10.105480

0.515675,4.333922,8.986773,17.082939,0.055080,0.305645,0.728774,7.664000,10.105480

-1.776359,3.878868,9.116103,17.088821,-0.070157,0.273936,0.809512,7.672000,10.105480

-3.742670,4.856036,8.593988,17.094706,-0.014200,0.396242,0.682942,7.676000,10.105480

-4.276759,1.926927,9.029882,17.085880,0.019641,0.212117,0.354394,7.676000,10.105480

-3.632499,2.786739,9.386741,17.082939,0.128624,0.165486,0.125769,7.676000,10.105480

-5.325778,0.729417,8.507768,17.079998,-0.064561,-0.034361,-0.089799,7.684000,10.105480

-5.304223,-1.105168,10.773457,17.082939,-0.189799,-0.065004,-0.115113,7.672000,10.105480

-3.560648,-0.123210,10.883628,17.077057,-0.064561,-0.022370,-0.247811,7.672000,10.105480

-2.564320,-0.695619,9.887300,17.082939,-0.056301,-0.200900,-0.448191,7.668000,10.105480

-1.134493,-0.635744,10.615385,17.077057,0.052949,-0.188909,-0.488960,7.664000,10.105480

-1.797914,-2.467934,10.919553,17.062351,0.048952,-0.282704,-0.499885,7.660000,10.074306

-0.775241,-3.516953,9.377160,17.091763,0.035629,-0.550765,-0.421545,7.652000,10.074306

-2.791847,-3.224760,9.379556,17.071175,0.063607,-0.305353,-0.407156,7.640000,10.074306

7.422911,5.521852,10.919553,17.059410,-0.094672,-0.079926,-0.493490,7.632000,10.074306

3.660336,2.729259,7.873087,17.068233,-0.252950,-0.602192,0.082336,7.628000,10.074306

3.914208,2.274205,5.789421,17.059410,0.436921,-0.280839,0.332277,7.636000,10.074306

-3.907926,6.197247,10.663286,17.050587,0.386560,0.120987,0.389833,7.628000,10.074306

-1.680558,3.548355,9.985496,17.044704,-0.185535,-0.270980,0.414348,7.632000,10.074306

-0.902177,5.778119,7.667116,17.068233,0.099580,0.074089,0.442326,7.644000,10.074306

-2.116452,4.123160,7.856322,17.041763,-0.057100,0.062631,0.195049,7.652000,10.074306

-3.397787,2.920860,9.592712,17.059410,-0.081082,0.072491,-0.191321,7.656000,10.074306

-1.927245,4.348292,9.736413,17.074116,-0.068025,0.031455,-0.564635,7.660000,10.074306

-1.991910,4.882381,8.910131,17.056469,-0.013933,0.060233,-0.848684,7.660000,10.074306

-1.290170,5.215289,8.423943,17.062351,-0.097603,-0.102309,-1.047998,7.660000,10.074306

0.094152,3.227422,8.931686,17.044704,0.032431,-0.192640,-1.125805,7.676000,10.074306

-0.135770,4.262071,9.784313,17.053528,0.080394,-0.312814,-1.033076,7.676000,10.074306

0.867743,4.707545,9.425060,17.062351,0.046554,-0.281638,-0.724513,7.672000,10.074306

-0.974027,2.906490,7.942543,17.062351,0.108106,-0.335996,-0.507612,7.672000,10.074306

0.201927,3.244188,8.534113,17.044704,0.187246,-0.418067,-0.221165,7.684000,10.074306

-0.315397,-0.101654,8.706554,17.059410,0.140348,-0.511329,-0.111649,7.680000,10.074306

1.844911,1.038375,10.402228,17.068233,-0.094672,-0.431390,0.072210,7.680000,10.074306

2.252064,2.214329,11.183005,17.062351,-0.080816,-0.225681,0.295506,7.680000,10.074306

1.349142,2.068233,9.707673,17.050587,0.112370,-0.125225,0.523597,7.676000,10.074306

1.318007,1.330567,9.556787,17.053528,0.095316,-0.079659,0.464176,7.676000,10.074306

0.649796,0.197723,9.817844,17.044704,-0.020329,-0.049816,0.401558,7.672000,10.074306

0.568365,0.774923,9.480146,17.068233,-0.110126,-0.040223,0.409552,7.668000,19.930130

-0.322582,1.160521,10.040581,17.047646,0.040691,0.055970,0.393564,7.664000,19.930130

-1.244664,1.656290,9.513677,17.041763,0.106508,-0.012511,0.396495,7.656000,19.930130

-0.109425,1.946087,10.004656,17.038822,0.046554,-0.017574,0.497218,7.668000,19.930130

0.589921,2.611902,8.713739,17.053528,0.023904,0.068494,0.626185,7.656000,19.930130

-0.296237,2.178404,9.003537,17.044704,0.036694,0.062099,0.722911,7.660000,19.930130

0.324073,3.756722,9.604687,17.047646,0.046820,0.150298,0.670152,7.660000,19.930130

-0.518973,3.917188,9.001143,17.053528,-0.004607,0.172680,0.647769,7.664000,19.930130

-0.384852,4.365057,8.833491,17.027058,0.007117,0.245425,0.644571,7.676000,19.930130

-0.418383,4.518338,8.289822,17.029999,0.042557,0.314971,0.637377,7.676000,19.930130

-0.732130,4.391402,9.338840,17.027058,-0.060298,0.381054,0.645904,7.684000,19.930130

-1.699718,3.680081,9.949570,17.032940,0.051350,0.424221,0.642706,7.688000,19.930130

-1.148864,3.938743,8.227551,17.035881,0.073999,0.423422,0.526262,7.688000,19.930130

-2.985843,2.906490,9.559182,17.038822,0.010048,0.313373,0.354927,7.688000,19.930130

-4.877909,2.255045,9.034673,17.038822,-0.050439,0.305112,0.177996,7.692000,19.930130

-5.313803,1.318592,11.884746,17.032940,-0.067226,0.233967,-0.055159,7.688000,19.930130

-4.386930,2.324500,11.494358,17.032940,0.079595,0.012004,-0.234222,7.688000,19.930130

-2.449359,0.918624,9.032277,17.029999,0.032697,-0.167326,-0.336011,7.684000,19.930130

-1.203949,-1.790143,9.336445,17.032940,-0.068025,-0.335463,-0.228360,7.680000,19.930130

-0.578849,-1.174623,10.028605,17.038822,-0.062963,-0.172388,-0.030378,7.676000,19.930130

-0.940497,-0.935121,10.452524,17.027058,-0.030987,-0.232875,-0.016522,7.672000,19.930130

0.726437,0.204908,8.986773,17.029999,0.072400,-0.070866,0.080470,7.672000,19.930130

0.477355,0.166588,9.056228,17.032940,0.037760,-0.032762,0.192651,7.664000,21.194383

-1.323700,0.264784,9.178373,17.029999,0.169393,0.043713,0.326415,7.660000,21.194383

-3.323541,0.113897,8.122169,17.032940,-0.041646,-0.169990,0.285114,7.652000,21.194383

-0.540529,1.910162,9.724438,17.021175,-0.012601,-0.053280,0.217432,7.652000,21.194383

1.562299,3.002291,9.247829,17.021175,0.083325,-0.049816,0.285913,7.652000,21.194383

0.611476,2.575977,9.123288,17.027058,0.043089,0.043446,0.321619,7.660000,21.194383

1.533558,3.854918,8.850256,17.024117,-0.025125,0.103667,0.279784,7.660000,21.194383

2.417320,4.559054,8.970007,17.012352,0.002321,0.202258,0.202510,7.660000,21.194383

1.610199,4.331527,8.871811,17.024117,-0.061364,0.273936,0.118841,7.664000,21.194383

0.395924,5.004527,8.577224,17.003529,-0.018730,0.365333,-0.026381,7.664000,21.194383

-1.479376,4.925492,8.665839,17.006470,-0.015799,0.381054,-0.255805,7.668000,21.194383

-1.405131,5.006922,9.283754,17.012352,0.047086,0.285661,-0.527064,7.680000,21.194383

-0.334557,4.863221,9.583132,17.012352,-0.064828,0.247556,-0.749560,7.680000,21.194383

-0.724945,3.445369,9.341235,17.012352,-0.008338,0.175612,-0.984847,7.684000,21.194383

0.812657,3.622601,7.370133,17.009411,0.145678,0.059434,-1.286482,7.680000,21.194383

1.334772,1.924532,9.034673,17.021175,-0.125315,0.058635,-1.419980,7.680000,21.194383

4.958436,2.580767,9.813054,17.024117,-0.154892,0.076488,-1.359759,7.680000,21.194383

2.843634,2.851404,11.159055,17.000587,0.001788,0.151896,-1.099426,7.688000,21.194383

0.970729,1.744905,10.102851,17.021175,-0.019796,0.065030,-1.001634,7.684000,21.194383

1.847306,-0.257331,9.132869,17.015293,-0.090675,-0.012511,-0.749294,7.684000,21.194383

1.871256,0.681517,9.757969,17.006470,-0.054169,0.014668,-0.475104,7.676000,21.194383

0.719252,-0.192665,9.568762,17.012352,0.021772,0.102867,-0.143092,7.672000,21.194383

-2.406249,-0.036989,10.811777,17.006470,0.077996,0.181474,-0.036240,7.668000,21.194383

-2.444569,-1.145883,9.468171,17.024117,0.067871,0.053039,-0.200914,7.664000,21.194383

-1.342860,0.556976,8.237131,17.009411,0.028434,-0.218753,-0.339741,7.660000,20.824313

0.324073,0.916229,11.094389,17.003529,0.059077,-0.041555,-0.239818,7.652000,20.824313

-1.730853,1.804781,10.007051,16.988823,0.187246,-0.022637,-0.310430,7.660000,20.824313

-1.172814,2.602323,8.742480,17.003529,0.059877,-0.197169,-0.269928,7.652000,20.824313

0.340838,3.984249,8.282637,17.012352,0.036428,-0.122293,-0.025848,7.656000,20.824313

0.496515,3.699241,7.956913,16.994705,0.071335,-0.017307,0.455383,7.660000,20.824313

-0.976422,3.852523,9.147239,16.985882,0.035895,0.007474,0.819904,7.652000,20.824313

-2.197882,3.651341,8.759245,17.012352,-0.041646,0.070092,0.982179,7.656000,20.824313

-2.787057,3.615416,9.343630,17.012352,0.017776,0.102601,0.897711,7.668000,20.824313

-0.938102,5.440421,8.021579,16.997646,-0.001943,0.150564,0.684274,7.668000,20.824313

-2.686466,4.374637,8.567643,16.991764,0.066538,0.253952,0.577689,7.676000,20.824313

-2.954708,4.036940,9.053833,16.991764,-0.085345,0.200126,0.446323,7.680000,20.824313

-2.382299,3.313643,8.859837,16.997646,0.009249,0.217446,0.302434,7.680000,20.824313

-3.872001,1.512589,8.826305,16.988823,0.050018,0.140705,0.186789,7.684000,20.824313

-6.015543,1.725745,9.827424,17.003529,-0.046442,0.144702,0.114578,7.684000,20.824313

-4.633617,1.316197,10.660891,17.015293,-0.072822,-0.008780,0.038636,7.684000,20.824313

-3.175050,0.410880,8.431128,17.009411,0.014312,-0.103108,-0.066617,7.676000,20.824313

-2.159562,-2.843952,8.443103,17.006470,0.026302,-0.216088,-0.152151,7.680000,20.824313

-3.579808,-1.263239,9.777128,16.997646,-0.099201,-0.130287,-0.100991,7.676000,20.824313

-2.166747,0.458780,10.165122,16.991764,-0.101333,-0.325604,-0.165475,7.668000,20.824313

0.439034,0.250413,9.616662,16.980000,0.051350,-0.184113,-0.152418,7.664000,20.824313

0.331258,-0.175900,9.664562,16.977058,0.075065,-0.123626,-0.271260,7.656000,20.824313

-0.736920,0.856353,10.792617,16.991764,-0.066160,-0.131353,-0.263000,7.660000,20.824313

-0.741710,1.744905,10.521979,16.968235,0.119031,-0.259788,-0.211306,7.652000,20.824313

-0.698600,0.724627,8.979588,16.985882,0.108106,-0.273111,-0.280320,7.644000,20.398844

0.565970,1.392838,8.531718,16.988823,0.091319,-0.189176,-0.325352,7.648000,20.398844

0.489330,2.595137,8.735295,16.971176,0.015377,-0.172655,-0.341073,7.640000,20.398844

0.484540,3.157967,8.821516,16.977058,0.039625,-0.148140,-0.256072,7.648000,20.398844

0.302518,6.194852,8.076665,16.982941,0.042290,-0.083124,-0.332014,7.644000,20.398844

1.926342,4.525523,7.851532,16.971176,-0.035783,-0.122560,-0.354929,7.656000,20.398844

-0.286657,5.076378,8.505373,16.968235,0.037760,-0.095647,-0.378112,7.660000,20.398844

-2.066156,5.744588,9.417875,16.959410,-0.002742,-0.079127,-0.448191,7.664000,20.398844

-2.315238,1.886212,9.164003,16.968235,-0.053103,-0.102309,-0.495355,7.672000,20.398844

-3.383417,3.524405,9.973520,16.991764,-0.046442,-0.209427,-0.487628,7.668000,20.398844

-1.438661,4.530313,8.737690,16.956469,-0.016598,-0.156667,-0.438066,7.672000,20.398844

-2.267338,5.998460,8.991562,16.968235,0.089454,-0.158799,-0.425808,7.680000,20.398844

1.995797,1.840706,8.464658,16.968235,-0.085079,-0.427659,-0.354929,7.676000,20.398844

2.043698,2.494547,10.989009,16.968235,-0.073621,-0.314413,-0.187591,7.684000,20.398844

1.614989,2.065838,10.064531,16.959410,-0.097070,-0.188110,-0.169471,7.684000,20.398844

4.259090,2.583162,10.533955,16.959410,-0.120785,-0.153736,-0.154283,7.676000,20.398844

4.139339,0.937784,8.986773,16.965292,0.009515,0.006941,-0.063419,7.676000,20.398844

3.744161,-0.554313,9.635822,16.953527,-0.121051,0.057835,-0.097793,7.672000,20.398844

2.084413,1.886212,10.864468,16.941763,-0.009670,0.249155,-0.075410,7.672000,20.398844

2.345470,0.978499,8.974797,16.944704,0.126759,0.199593,-0.030112,7.668000,20.398844

-0.602799,-0.978232,8.483818,16.953527,-0.024592,0.217713,-0.210507,7.656000,20.398844

-2.521210,1.256322,9.437036,16.944704,-0.103198,0.167085,-0.202513,7.656000,20.398844

-0.830326,0.513866,9.319680,16.950586,-0.127447,0.121253,-0.070081,7.652000,20.398844

-2.724787,2.901700,9.786709,16.909410,0.053748,0.172414,0.004529,7.652000,20.398844

-2.741552,3.110067,8.960427,16.944704,0.065472,0.005076,0.117509,7.656000,20.398844

-1.321305,2.499337,8.431128,16.935881,-0.017930,-0.035160,0.257135,7.656000,20.398844

-1.855394,2.822664,8.598779,16.956469,-0.053636,0.008540,0.428470,7.656000,20.398844

-1.261430,4.719520,9.710068,16.956469,0.014045,0.035186,0.532924,7.656000,20.398844

0.177977,4.537498,8.644284,16.950586,0.080927,0.066895,0.626985,7.656000,20.398844

-1.134493,4.204591,7.489884,16.959410,-0.034185,0.069027,0.805781,7.660000,20.398844

-1.618287,3.771092,8.079060,16.929998,-0.027257,0.130313,0.903040,7.668000,20.398844

-1.172814,5.469161,9.137658,16.944704,0.052949,0.188402,0.910235,7.676000,20.398844

-2.969078,3.117252,8.716135,16.953527,-0.073355,0.258748,0.881190,7.684000,20.398844

-1.656608,3.320828,9.317285,16.941763,-0.041113,0.291523,0.521466,7.688000,20.398844

-2.894833,3.852523,9.226274,16.950586,0.013512,0.341351,0.299769,7.688000,20.398844

-2.830167,3.555540,7.487489,16.953527,-0.015266,0.262212,0.113245,7.692000,20.398844

-4.794084,0.705467,8.062294,16.956469,-0.088809,0.216647,-0.089533,7.692000,20.398844

-6.180799,-0.269306,11.096785,16.956469,-0.084546,0.151363,-0.299505,7.696000,20.398844

-6.094579,1.035980,10.502819,16.941763,-0.025658,0.007207,-0.326951,7.692000,20.398844

-5.287457,0.027677,10.205837,16.947645,-0.048840,-0.230744,-0.429006,7.688000,20.398844

-3.390602,-2.051200,10.418994,16.962351,-0.014466,-0.348520,-0.468442,7.684000,20.398844

-3.028954,-2.204482,10.313613,16.944704,-0.074154,-0.468961,-0.324020,7.672000,20.398844

-0.633934,-0.650114,9.422666,16.944704,0.068403,-0.425794,-0.169471,7.676000,20.398844

3.040026,4.571029,12.265553,16.932940,0.200569,-0.460168,-0.308565,7.664000,20.398844

1.011444,-1.512321,8.491003,16.953527,0.162465,-0.717571,-0.079407,7.652000,20.398844

4.354891,-1.390175,8.684999,16.950586,0.185913,-0.502002,0.487625,7.652000,20.398844

-0.530949,0.592901,10.332773,16.932940,0.053748,-0.257124,0.642173,7.640000,20.398844

-0.545319,1.998778,9.817844,16.947645,0.076397,-0.320009,0.607267,7.632000,20.398844

2.692748,1.584439,8.031159,16.935881,0.094517,-0.247264,0.533723,7.640000,20.398844

2.180214,3.304063,7.468329,16.932940,0.071335,-0.137215,0.418611,7.636000,10.234559

1.717975,4.803346,8.570039,16.941763,-0.003009,-0.010912,0.176930,7.636000,10.234559

0.678536,4.051310,9.671748,16.938822,0.044955,0.021596,-0.043701,7.644000,10.234559

-1.026718,3.833362,8.589199,16.927057,-0.007272,0.047710,-0.271260,7.644000,10.234559

-1.510512,4.944652,8.023974,16.924116,-0.087477,-0.061540,-0.525998,7.656000,10.234559

-3.129545,3.737562,8.888577,16.935881,0.013512,-0.179316,-0.601407,7.664000,10.234559

-1.388366,4.599769,9.108918,16.924116,-0.067226,-0.308284,-0.544384,7.664000,10.234559

-0.969237,3.553145,9.432246,16.950586,0.042823,-0.307485,-0.282985,7.672000,10.234559

-0.562084,4.240516,8.313771,16.921175,0.093451,-0.393552,0.031708,7.672000,10.234559

1.473683,3.126832,8.342512,16.929998,-0.032053,-0.383160,0.270192,7.676000,10.234559

2.362235,2.575977,9.159214,16.935881,0.021506,-0.277641,0.475368,7.676000,10.234559

4.500988,3.862103,9.271779,16.921175,-0.025924,-0.236339,0.699196,7.676000,10.234559

3.777692,2.647828,9.951965,16.924116,0.039625,-0.003185,0.845218,7.676000,10.234559

3.293898,-0.578263,9.578342,16.918234,-0.006739,0.108197,0.895313,7.680000,10.234559

0.989889,-0.889616,9.987890,16.935881,-0.075753,0.202524,0.947006,7.676000,10.234559

-0.169301,-0.580658,12.308664,16.924116,-0.105863,0.297918,0.929953,7.668000,10.234559

2.067648,-0.539943,9.077783,16.915293,0.116100,0.344815,0.868400,7.660000,10.234559

-0.269891,0.236043,9.125683,16.906469,0.032165,0.460460,0.852945,7.660000,10.234559

0.633031,2.628668,10.512400,16.929998,0.015644,0.444739,0.835359,7.644000,10.234559

-0.394432,1.912557,8.740085,16.915293,0.093184,0.458062,0.563034,7.656000,10.234559

0.992284,1.579649,7.609635,16.921175,0.002854,0.269406,0.422875,7.652000,10.234559

2.572997,5.478741,5.966652,16.924116,0.213892,0.289658,0.411417,7.648000,10.234559

1.145565,0.200118,11.772180,16.918234,-0.090941,0.490304,0.381306,7.652000,10.234559

-2.267338,4.398587,9.029882,16.912352,0.054547,0.618472,0.149218,7.652000,10.234559

-0.739315,5.373360,8.514953,16.912352,0.030566,0.603550,-0.012259,7.652000,10.234559

0.077386,3.538775,8.828701,16.915293,-0.024059,0.556653,-0.016522,7.656000,19.988656

-0.468678,4.477623,8.859837,16.921175,-0.103998,0.587030,-0.011193,7.664000,19.988656

0.201927,5.591307,8.332932,16.915293,0.026835,0.579302,-0.071413,7.668000,19.988656

-0.001649,3.126832,8.110195,16.924116,0.012180,0.548926,-0.059689,7.668000,19.988656

-0.986002,4.218961,8.419152,16.918234,-0.069091,0.645918,-0.092997,7.672000,19.988656

-0.272286,3.524405,8.201205,16.909410,-0.142102,0.621403,-0.250743,7.672000,19.988656

-1.481771,4.935072,8.950847,16.915293,-0.103998,0.693082,-0.496954,7.684000,19.988656

-2.796637,3.186707,9.544811,16.912352,-0.099201,0.607014,-0.715986,7.680000,19.988656

-3.306776,3.347173,10.610596,16.894705,-0.088010,0.525743,-0.896115,7.692000,19.988656

-3.321146,2.374796,9.875324,16.900587,-0.057633,0.349345,-1.062920,7.688000,19.988656

-3.146310,0.698282,11.151870,16.897646,-0.101866,0.230236,-1.070914,7.688000,19.988656

-3.230135,-0.868061,10.452524,16.918234,0.045221,0.119921,-1.114081,7.684000,19.988656

-2.315238,-2.451169,10.670471,16.909410,0.034829,-0.029032,-1.100758,7.684000,19.988656

-2.243387,-1.957795,9.853769,16.903528,0.020973,-0.080992,-0.973655,7.676000,19.988656

-1.733248,-2.190112,10.601015,16.894705,0.079861,-0.200900,-0.920096,7.680000,19.988656

-0.224386,-2.132631,10.454919,16.903528,0.137950,-0.343990,-0.969925,7.664000,19.988656

-1.781149,-0.520783,10.749507,16.897646,0.035629,-0.221684,-1.029879,7.664000,19.988656

1.234181,-0.571078,9.219090,16.894705,0.145411,-0.354116,-1.330182,7.652000,19.988656

-0.897387,1.471873,10.330379,16.906469,0.226682,-0.274177,-1.351765,7.652000,19.988656

-3.107990,4.192616,9.757969,16.894705,0.272780,-0.381828,-1.285150,7.656000,19.988656

-0.284262,3.064561,8.493398,16.909410,0.246933,-0.551565,-1.132467,7.660000,19.988656

-0.557294,4.616534,9.499307,16.906469,0.360446,-0.502802,-0.900112,7.656000,19.988656

-0.425568,4.563844,8.811935,16.900587,0.322875,-0.521188,-0.639778,7.656000,19.988656

-1.072223,4.264466,8.807145,16.912352,0.320477,-0.567286,-0.404491,7.664000,20.917733

-1.910480,5.114698,8.783195,16.900587,0.295696,-0.572349,-0.176399,7.664000,20.917733

-4.039652,4.875196,8.993958,16.915293,0.335665,-0.584872,0.105784,7.672000,20.917733

-4.058813,3.011871,8.558064,16.891764,0.242670,-0.615515,0.341604,7.680000,20.917733

-3.510353,4.084840,9.446616,16.894705,0.136884,-0.680799,0.508143,7.676000,20.917733

-1.158444,3.917188,9.434641,16.882940,0.126759,-0.599528,0.663757,7.680000,20.917733

-0.071105,3.605836,8.943662,16.868235,0.115034,-0.547301,0.661092,7.680000,20.917733

1.238971,2.307735,8.366462,16.891764,0.138750,-0.380496,0.571827,7.684000,20.917733

0.937198,2.027518,9.949570,16.882940,-0.014999,-0.397816,0.568896,7.684000,20.917733

2.364630,1.383258,9.925620,16.888823,-0.005407,-0.282970,0.655230,7.680000,20.917733

1.710790,1.304222,10.234577,16.871176,0.113169,-0.120428,0.794856,7.680000,20.917733

2.146683,-0.638139,9.475356,16.888823,-0.046442,-0.081525,0.887052,7.672000,20.917733

0.597106,-1.411730,11.144685,16.859411,-0.163419,0.094607,0.835892,7.664000,20.917733

1.318007,1.191656,9.755573,16.879999,0.135286,0.263011,0.758351,7.664000,20.917733

0.491725,0.382139,8.893367,16.862352,0.090253,0.159091,0.649901,7.664000,20.917733

-0.693810,-1.646442,10.795012,16.879999,-0.081082,0.226772,0.409552,7.652000,20.917733

-1.441056,1.512589,8.220366,16.871176,0.014578,0.151097,0.102054,7.644000,20.917733

1.385067,2.690938,8.021579,16.862352,-0.028322,0.113259,0.055956,7.648000,20.917733

0.300123,3.917188,9.678933,16.868235,-0.102133,0.251287,0.078339,7.644000,20.917733

0.077386,2.647828,9.829819,16.882940,0.068936,0.235033,0.150550,7.644000,20.917733

1.643729,2.408326,8.435918,16.885881,-0.024326,0.229437,0.162807,7.648000,20.917733

0.570760,4.621324,8.926897,16.879999,-0.127713,0.303514,0.252605,7.648000,20.917733

0.103732,3.910003,9.513677,16.891764,-0.006206,0.287526,0.383172,7.652000,20.917733

-0.090265,4.453673,8.960427,16.874117,0.063607,0.385584,0.364519,7.656000,20.917733

-0.962052,4.559054,8.543694,16.877058,0.018042,0.401572,0.311493,7.660000,20.917733

-1.048273,4.230936,8.241920,16.868235,-0.013134,0.405036,0.229956,7.668000,20.917733

-1.757199,4.106395,7.638376,16.856470,-0.022460,0.464190,-0.071946,7.668000,20.917733

-2.154772,4.963812,8.423943,16.897646,-0.186335,0.492702,-0.265664,7.680000,20.917733

-1.033903,4.832086,8.931686,16.891764,-0.025391,0.440742,-0.393033,7.676000,20.917733

-2.770292,2.073023,9.671748,16.871176,-0.077884,0.249155,-0.568632,7.684000,20.917733

-3.948641,1.629945,10.404624,16.874117,-0.114656,0.174812,-0.689340,7.684000,20.917733

-4.224069,-0.008249,9.796288,16.877058,0.070269,0.010138,-0.786332,7.684000,20.917733

-3.428922,-0.618979,9.789104,16.865294,0.024704,-0.115365,-0.797257,7.684000,20.917733

-4.082763,-0.839321,9.863349,16.859411,0.034563,-0.233675,-0.715453,7.684000,20.917733

-2.638566,-0.906381,10.670471,16.874117,0.052149,-0.397549,-0.627787,7.672000,20.917733

-0.154930,-1.763798,9.393926,16.844706,0.107573,-0.498805,-0.534792,7.664000,20.917733

-0.114215,-1.670392,9.781919,16.859411,0.177653,-0.492143,-0.372782,7.660000,20.917733

2.929855,1.265902,9.207114,16.844706,0.186979,-0.580342,-0.143891,7.648000,20.917733

1.911971,-0.288466,9.283754,16.865294,0.054281,-0.441516,0.106584,7.648000,20.917733

2.055673,0.715047,9.568762,16.847647,0.097714,-0.314946,0.245944,7.640000,20.917733

1.382672,3.136412,7.832372,16.856470,0.149941,-0.225148,0.430869,7.640000,20.917733

0.166002,2.456226,8.237131,16.871176,0.019907,-0.161197,0.422875,7.636000,20.917733

-0.090265,4.532709,10.054951,16.862352,-0.047241,-0.055944,0.240081,7.636000,20.917733

1.181490,3.423814,9.805869,16.865294,0.073200,-0.126823,0.138026,7.640000,20.917733

0.575550,4.642879,8.371252,16.868235,0.039359,-0.021304,0.035971,7.652000,20.917733

-0.964447,5.239239,8.768826,16.856470,-0.067226,-0.014643,-0.020252,7.644000,20.917733

-2.202672,3.395074,9.235854,16.868235,-0.018463,-0.096180,-0.029046,7.648000,20.917733

-2.571505,5.363780,9.314890,16.882940,0.061475,-0.059142,0.011190,7.660000,20.917733

-1.625473,5.004527,8.934082,16.853529,0.054281,-0.067935,0.014121,7.668000,20.917733

-2.466124,3.790252,8.613149,16.862352,0.024171,-0.094848,-0.062087,7.672000,10.203184

-2.183512,2.556817,8.481422,16.862352,-0.050972,-0.130021,-0.230225,7.672000,10.203184

-1.819469,3.804622,10.074111,16.865294,-0.115189,-0.128156,-0.409821,7.676000,10.203184

-3.316356,3.452554,9.089758,16.856470,0.084391,-0.158532,-0.376779,7.680000,10.203184

-2.269733,1.285062,9.123288,16.868235,-0.027790,-0.330134,-0.249410,7.680000,10.203184

-1.714088,1.665870,11.000983,16.853529,0.037494,-0.268048,-0.069815,7.684000,10.203184

0.618661,2.528077,10.428574,16.868235,0.014312,-0.348254,0.031708,7.684000,10.203184

3.511845,1.883817,10.464499,16.847647,0.054281,-0.113234,0.255803,7.680000,10.203184

3.554955,1.122200,10.433364,16.853529,-0.115722,-0.079926,0.297637,7.672000,10.203184

2.929855,1.304222,9.257409,16.850588,0.027368,0.015201,0.302966,7.676000,10.203184

3.229232,1.093460,9.360395,16.844706,0.073466,0.056769,0.300835,7.664000,10.203184

1.538348,-0.348342,8.732900,16.850588,-0.004074,0.144169,0.289377,7.660000,10.203184

-0.753685,-1.198573,9.647798,16.871176,0.013246,0.155893,0.170535,7.656000,10.203184

-0.928522,0.200118,9.920830,16.862352,-0.005140,0.142570,-0.030112,7.656000,10.203184

1.073714,1.917347,9.195139,16.856470,-0.058699,0.154827,-0.095928,7.660000,10.203184

1.334772,0.753367,11.194981,16.856470,-0.092806,0.163887,-0.049030,7.648000,10.203184

0.613871,2.408326,7.889853,16.844706,0.108906,0.136974,-0.072746,7.648000,10.203184

1.737135,4.195011,8.656260,16.847647,0.005252,0.189201,0.064749,7.648000,10.203184

0.774337,3.189102,10.169911,16.841763,-0.068558,0.280065,0.058087,7.640000,10.203184

-0.425568,3.227422,9.125683,16.856470,0.022838,0.378123,-0.032776,7.652000,10.203184

-1.711693,4.068075,7.420429,16.835880,0.058278,0.318702,-0.056491,7.652000,10.203184

-1.282985,5.358990,8.033554,16.821175,-0.094672,0.203590,0.039702,7.656000,10.203184

-1.438661,4.932677,9.523256,16.853529,-0.031254,0.241161,0.136161,7.660000,10.203184

-0.832721,5.900265,9.029882,16.838821,0.000722,0.239030,0.245677,7.668000,10.203184

-1.098568,5.562567,8.107800,16.832939,-0.054436,0.204123,0.394097,7.672000,10.203184

-0.492628,4.717125,9.456196,16.844706,-0.033918,0.107930,0.535055,7.672000,20.543766

-0.358507,3.687266,9.173584,16.821175,0.062008,0.202791,0.667754,7.676000,20.543766

-4.559371,3.910003,9.911250,16.835880,0.044422,0.367997,0.851346,7.688000,20.543766

-5.268297,1.802386,9.647798,16.832939,-0.057367,0.283529,0.637643,7.684000,20.543766

-4.032467,1.730535,8.919712,16.824116,0.029500,0.272604,0.367983,7.684000,20.543766

-5.201237,1.067115,9.211904,16.812351,-0.032852,0.193997,0.160409,7.688000,20.543766

-4.571347,-0.559103,9.875324,16.829998,-0.031520,0.099137,-0.100458,7.688000,20.543766

-2.724787,-1.284794,9.722043,16.841763,-0.154093,0.007474,-0.355462,7.680000,20.543766

-2.221832,-0.640534,9.350815,16.832939,-0.006739,-0.026101,-0.474305,7.676000,20.543766

-0.243546,-1.284794,9.125683,16.821175,0.009782,-0.226214,-0.511343,7.664000,20.543766

2.424506,-0.357922,10.294453,16.803528,-0.040846,-0.008780,-0.624323,7.656000,20.543766

0.096547,-1.256054,9.829819,16.821175,-0.024592,-0.202765,-0.646706,7.656000,20.543766

1.262921,1.227581,11.142290,16.818233,0.032697,-0.005849,-0.463646,7.644000,20.543766

-0.186066,0.327054,9.975915,16.827057,0.061209,-0.073797,-0.383441,7.640000,20.543766

0.122892,0.118687,10.287268,16.847647,-0.031254,-0.118829,-0.459383,7.628000,20.543766

-0.090265,0.700677,8.330537,16.812351,0.135286,-0.081258,-0.562770,7.624000,20.543766

-2.087711,0.669542,7.293493,16.803528,-0.010203,-0.116165,-0.555309,7.624000,20.543766

-0.298632,5.842784,11.046489,16.824116,-0.068292,-0.120961,-0.583288,7.628000,20.543766

-0.578849,5.814044,8.126960,16.827057,-0.001676,-0.170523,-0.674151,7.624000,20.543766

1.310822,4.190221,9.621452,16.824116,0.058011,-0.209160,-0.628586,7.632000,20.543766

-0.777636,7.277401,8.821516,16.829998,0.201901,-0.074064,-0.684277,7.640000,20.543766

0.405504,6.012831,8.064690,16.809410,-0.098136,-0.246199,-0.698399,7.640000,20.543766

-2.672096,5.785304,9.664562,16.806469,-0.011269,-0.221950,-0.425275,7.656000,20.543766

-1.400341,5.356595,9.884905,16.821175,0.019374,-0.273644,-0.296308,7.660000,20.543766

-3.749855,3.478900,9.164003,16.815292,0.127825,-0.261387,-0.261135,7.664000,20.543766

-2.351163,2.022728,8.210786,16.818233,0.026302,-0.543571,-0.143358,7.672000,20.543766

-1.429081,4.238121,8.811935,16.827057,0.202168,-0.484150,-0.005064,7.672000,20.543766

-0.030389,2.518497,8.426337,16.803528,0.233877,-0.496140,0.082069,7.676000,20.543766

1.682050,3.483690,8.764035,16.818233,-0.012601,-0.405010,0.194783,7.680000,20.543766

2.343075,2.580767,8.869416,16.821175,-0.009937,-0.312814,0.367450,7.676000,20.543766

2.220929,1.986803,9.604687,16.829998,0.117699,-0.197169,0.567830,7.672000,20.543766

1.993402,-0.748310,10.814172,16.827057,-0.200457,-0.068202,0.501215,7.676000,20.543766

2.513121,-0.635744,10.076506,16.818233,-0.143967,-0.007448,0.404755,7.668000,20.543766

1.979032,-2.192507,9.662168,16.794704,0.177653,0.093541,0.261132,7.664000,20.543766

0.865348,1.536539,8.349697,16.809410,0.054014,0.139373,0.120173,7.656000,20.543766

0.525255,0.664752,10.234577,16.800587,-0.053103,0.068760,0.067414,7.644000,20.543766

-4.444410,1.699400,9.817844,16.821175,0.083325,0.025860,-0.143891,7.644000,20.543766

-0.645909,2.113739,10.136381,16.809410,0.192841,0.002144,0.018118,7.644000,20.543766

0.118102,4.403378,8.922107,16.815292,-0.051505,-0.004784,0.323751,7.644000,20.543766

-0.013624,3.043006,7.829977,16.803528,-0.037915,0.026926,0.548645,7.640000,20.543766

0.580340,1.807176,8.526928,16.818233,0.088655,0.041847,0.683475,7.644000,20.543766

-1.955985,5.083563,7.758127,16.806469,-0.042711,0.052506,0.723444,7.652000,20.543766

-1.098568,3.593861,10.627360,16.797646,-0.290255,0.087412,0.778069,7.652000,20.543766

-1.433871,6.331368,11.032119,16.800587,0.096382,0.254218,0.633114,7.656000,20.543766

-0.787216,5.636813,6.871969,16.809410,0.104642,0.133244,0.600072,7.660000,20.543766

-2.073341,3.807017,7.274333,16.809410,-0.146898,0.110595,0.768743,7.668000,20.543766

-0.827931,5.478741,10.390254,16.803528,-0.185802,0.229703,0.851080,7.672000,20.543766

0.997074,4.206986,9.616662,16.803528,-0.006206,0.366932,0.653365,7.680000,20.543766

-0.262706,5.059613,8.632309,16.797646,0.036161,0.429550,0.402091,7.684000,10.063515

-0.969237,2.628668,8.646679,16.785881,0.091053,0.394111,0.119374,7.688000,10.063515

-3.000214,1.610784,8.924501,16.806469,-0.062430,0.431149,-0.140427,7.692000,10.063515

-5.021610,-1.078822,9.815449,16.800587,-0.058699,0.326696,-0.261667,7.688000,10.063515

-4.691098,-1.541061,9.484936,16.785881,-0.026457,0.009872,-0.555576,7.680000,10.063515

-4.731813,-0.671669,9.841794,16.815292,0.023638,-0.019705,-0.542252,7.680000,10.063515

-4.801269,-3.983981,9.592712,16.797646,-0.217511,-0.172921,-0.473239,7.676000,10.063515

-3.127150,-0.190270,11.750625,16.794704,-0.065094,-0.090584,-0.428739,7.672000,10.063515

1.670074,-0.197455,8.768826,16.788822,0.024437,-0.469494,-0.435667,7.660000,10.063515

-0.231571,-0.305231,9.944780,16.791763,0.015644,-0.145742,-0.300837,7.656000,10.063515

1.859281,1.938902,8.625124,16.818233,0.095583,-0.153470,-0.186525,7.656000,10.063515

1.799406,0.765343,8.301796,16.812351,-0.045376,-0.081525,0.133763,7.648000,10.063515

-0.159721,3.850127,9.662168,16.791763,0.005252,0.128448,0.145754,7.644000,10.063515

0.659376,3.890843,9.789104,16.803528,0.031365,-0.025035,0.033040,7.644000,10.063515

0.989889,3.167547,8.996352,16.815292,0.064673,-0.057810,0.011723,7.652000,10.063515

-0.607589,4.094420,8.881392,16.827057,0.089454,-0.035960,-0.089000,7.648000,10.063515

-2.226622,2.461016,8.974797,16.803528,0.090786,-0.071133,-0.294442,7.652000,10.063515

-2.394274,2.219119,6.939030,16.800587,-0.053903,-0.156934,-0.319756,7.652000,10.063515

-2.023046,5.974510,9.293335,16.806469,-0.185802,-0.065271,-0.289113,7.656000,10.063515

-0.449518,4.618929,10.612990,16.794704,0.056946,-0.025568,-0.215037,7.672000,10.063515

-1.237479,5.327855,8.045529,16.812351,0.080661,-0.124425,-0.234222,7.668000,10.063515

-1.084198,3.943534,8.000024,16.788822,0.004452,-0.227813,-0.263000,7.676000,10.063515

0.328863,3.646551,8.723320,16.803528,0.058544,-0.272578,-0.228893,7.680000,10.063515

0.539625,3.660921,9.848979,16.809410,-0.060831,-0.146808,-0.393300,7.684000,10.063515

0.118102,3.950719,7.988049,16.809410,0.016443,-0.095647,-0.348801,7.684000,10.063515

2.431691,1.316197,8.069479,16.818233,-0.038448,-0.178784,-0.191321,7.684000,20.822439

2.170634,3.225028,10.227392,16.788822,0.164596,-0.138015,-0.171337,7.680000,20.822439

1.947897,0.207303,9.209509,16.809410,0.053215,-0.156934,-0.096461,7.680000,20.822439

2.158659,-0.590238,10.215417,16.812351,-0.058699,-0.068202,0.088464,7.680000,20.822439

0.989889,-0.056149,10.895603,16.815292,-0.054436,0.076488,0.123904,7.680000,20.822439

1.394647,-1.768588,10.076506,16.803528,0.030299,0.131379,0.096192,7.664000,20.822439

0.371974,-0.130395,9.288545,16.803528,0.075065,0.060500,0.176130,7.660000,20.822439

-3.076854,-0.075309,10.248947,16.806469,0.015111,0.078353,0.273922,7.656000,20.822439

-0.121400,-1.387780,8.742480,16.827057,-0.081082,0.167351,0.316823,7.656000,20.822439

-2.434989,1.074300,9.851375,16.815292,0.068936,-0.027166,0.647236,7.644000,20.822439

0.352814,3.301668,8.857441,16.806469,0.067071,0.033054,0.879058,7.644000,20.822439

0.194742,1.062325,8.059899,16.800587,-0.023260,0.094074,0.956599,7.640000,20.822439

0.221088,5.097933,7.856322,16.806469,0.059344,0.236099,0.918761,7.644000,20.822439

-0.408803,2.542447,8.495793,16.824116,-0.048041,0.272604,0.859340,7.652000,20.822439

-1.342860,4.262071,9.231064,16.806469,-0.097603,0.437011,0.638443,7.660000,20.822439

0.276173,5.179364,9.084968,16.821175,0.157935,0.417293,0.338672,7.660000,20.822439

-1.038693,4.947047,6.740243,16.815292,0.026835,0.440209,0.018918,7.660000,20.822439

-2.140402,4.753050,8.495793,16.800587,-0.206586,0.360004,-0.208375,7.664000,20.822439

-2.169142,4.348292,9.880115,16.809410,-0.116255,0.434613,-0.384773,7.668000,20.822439

-1.304540,5.574542,8.577224,16.818233,-0.010469,0.351743,-0.485496,7.676000,20.822439

-1.457821,4.417747,9.381950,16.797646,-0.130111,0.281131,-0.547315,7.676000,20.822439

-2.370324,2.568792,11.226115,16.815292,-0.082947,0.213982,-0.611266,7.684000,20.822439

-2.413434,1.538934,9.894485,16.806469,-0.075220,0.120987,-0.790063,7.684000,20.822439

-4.336635,0.774923,9.920830,16.812351,-0.146632,0.041314,-0.739168,7.684000,20.790702

-4.212094,0.559371,11.606923,16.800587,-0.009137,-0.077528,-0.773542,7.688000,20.790702

-3.589388,-0.257331,11.285991,16.800587,0.069203,-0.269914,-0.750626,7.692000,20.790702

-1.431476,0.168983,9.599897,16.809410,0.095050,-0.388756,-0.654700,7.680000,20.790702

-1.958380,-2.815212,8.852651,16.809410,0.000722,-0.543571,-0.498553,7.668000,20.790702

-2.640961,-0.980627,9.717253,16.824116,0.159267,-0.559025,-0.256072,7.664000,20.790702

-0.698600,0.760553,10.857283,16.815292,0.123028,-0.539041,-0.028779,7.664000,20.790702

2.807709,3.057376,8.907737,16.809410,0.146477,-0.406076,0.059953,7.664000,20.790702

2.170634,2.152059,7.123446,16.794704,0.119298,-0.353849,0.216633,7.664000,20.790702

1.569484,2.358031,8.680209,16.815292,0.117433,-0.231277,0.140691,7.656000,20.790702

-1.084198,3.852523,11.103970,16.800587,0.151540,-0.165194,0.017319,7.656000,20.790702

0.007931,1.594019,9.904064,16.797646,0.073466,-0.307485,-0.009594,7.656000,20.790702

-1.239874,2.108948,7.135422,16.827057,0.053215,-0.099111,-0.134565,7.656000,20.790702

-2.133217,3.871683,7.384504,16.821175,0.085990,-0.074597,-0.235821,7.660000,20.790702

-1.345255,3.045401,9.918435,16.821175,-0.231367,-0.209427,-0.260602,7.660000,20.790702

-0.667465,7.562408,10.155541,16.821175,0.296495,-0.204364,-0.239818,7.664000,20.790702

1.009049,2.975945,8.227551,16.821175,0.156603,-0.302422,-0.208109,7.664000,20.790702

-0.207621,3.184312,8.225156,16.827057,-0.011002,-0.323739,0.025313,7.680000,20.790702

-0.253126,2.769974,8.273056,16.821175,0.088388,-0.344790,0.073542,7.680000,20.790702

-0.078290,3.052586,7.693461,16.821175,-0.066427,-0.313347,0.115110,7.684000,20.790702

1.071320,4.286021,9.676538,16.815292,-0.135174,-0.204097,0.183591,7.688000,20.790702

2.606527,3.881263,10.433364,16.812351,0.077996,-0.127623,0.176397,7.692000,20.790702

3.284317,1.378468,11.044094,16.824116,0.023371,-0.094048,0.159077,7.684000,20.790702

3.430414,1.294642,9.688513,16.829998,-0.153293,-0.058342,0.343202,7.692000,20.790702

2.738253,2.719678,10.445339,16.829998,0.042823,0.095673,0.443392,7.688000,20.790702

2.867584,-0.810580,9.563972,16.827057,-0.059765,0.046910,0.476167,7.684000,20.790702

1.492843,-2.467934,9.041858,16.832939,-0.086944,0.206255,0.488957,7.676000,20.790702

-1.742828,-0.120815,8.340117,16.835880,0.038560,0.350677,0.608865,7.672000,20.790702

-1.436266,-0.504018,9.561577,16.835880,-0.046442,0.212383,0.610464,7.676000,20.790702

-1.838629,0.276759,9.906460,16.806469,0.014578,0.297118,0.406887,7.664000,20.790702

-2.226622,1.517379,9.156818,16.824116,-0.000077,0.340019,0.282182,7.664000,20.790702

-0.780031,1.462293,8.874207,16.832939,-0.010203,0.265942,0.296838,7.660000,20.790702

-0.645909,1.289852,10.028605,16.847647,-0.045376,0.349612,0.268859,7.660000,20.790702

0.086966,4.084840,9.180769,16.818233,0.019108,0.355740,0.220630,7.664000,20.790702

-0.298632,1.335357,9.142448,16.818233,0.008716,0.381054,0.174798,7.656000,20.790702

0.177977,2.437066,8.761641,16.827057,-0.114923,0.420757,0.092994,7.660000,20.790702

-0.868646,4.381822,8.675420,16.827057,-0.065361,0.417560,-0.032776,7.664000,20.790702

-1.716483,3.857313,8.809541,16.812351,0.008449,0.361869,0.019983,7.668000,20.790702

-2.149982,2.738839,8.955637,16.824116,-0.083480,0.378123,-0.075144,7.664000,20.790702

-1.898505,4.640484,10.287268,16.815292,-0.025924,0.414095,-0.169205,7.676000,20.790702

-2.121242,5.708663,8.512558,16.838821,0.051883,0.395976,-0.176932,7.680000,20.790702

-1.651818,3.471714,8.297007,16.818233,-0.091474,0.237964,-0.247811,7.684000,20.790702

-2.959498,2.626273,11.171030,16.821175,-0.038981,0.159091,-0.332014,7.688000,20.790702

-4.722233,2.001173,10.718371,16.818233,-0.078151,0.271005,-0.342672,7.684000,20.790702

-5.045560,3.739957,11.091994,16.815292,-0.149563,0.384785,-0.253141,7.696000,20.790702

-2.779872,0.415670,9.401111,16.815292,-0.007805,0.113259,-0.180663,7.692000,20.790702

-3.893556,0.509075,10.912368,16.809410,0.071068,-0.090584,-0.351732,7.688000,20.790702

-3.658844,-2.015275,10.720766,16.824116,0.023371,-0.286701,-0.389303,7.692000,10.578502

-2.324818,-3.136144,10.560300,16.841763,-0.033119,-0.380229,-0.377046,7.680000,10.578502

-0.681835,-1.399755,10.895603,16.827057,0.056946,-0.402878,-0.343471,7.672000,10.578502

-1.254244,-2.657140,9.250224,16.827057,0.133154,-0.424195,-0.360259,7.660000,10.578502

2.956200,2.214329,9.695698,16.829998,0.034829,-0.455905,-0.482565,7.660000,10.578502

3.574115,2.209539,8.802356,16.835880,-0.007272,-0.462566,-0.289113,7.656000,10.578502

4.328546,-0.163925,8.091035,16.827057,0.125160,-0.274977,-0.015723,7.656000,10.578502

0.462985,2.614298,9.542417,16.824116,0.202967,-0.072465,-0.007995,7.644000,10.578502

0.122892,2.710098,8.354486,16.832939,-0.039514,-0.219552,-0.200648,7.644000,10.578502

1.159935,3.629786,7.638376,16.832939,0.056146,-0.152670,-0.160945,7.656000,10.578502

-0.938102,3.727982,9.623847,16.821175,-0.106929,-0.111901,-0.210507,7.660000,10.578502

-2.193092,4.496783,10.536350,16.835880,0.040958,-0.029831,-0.332547,7.664000,10.578502

-0.914152,5.842784,8.455077,16.832939,0.099047,-0.142012,-0.502816,7.672000,10.578502

-1.014742,5.114698,8.692184,16.824116,-0.045643,-0.195837,-0.645906,7.668000,10.578502

-1.584757,4.707545,9.092153,16.832939,-0.001410,-0.215822,-0.698399,7.676000,10.578502

-2.643356,4.566239,10.493239,16.829998,0.176321,-0.288566,-0.755955,7.680000,10.578502

-1.651818,4.544683,7.501860,16.818233,0.276511,-0.509730,-0.641643,7.684000,10.578502

-0.571664,3.172337,7.887458,16.827057,0.008982,-0.598195,-0.397563,7.688000,10.578502

-0.463888,2.278995,11.257251,16.815292,-0.000077,-0.446312,-0.182795,7.692000,10.578502

2.287989,2.468201,8.730505,16.824116,-0.093073,-0.371702,0.047429,7.692000,10.578502

1.861676,3.093302,10.416599,16.827057,0.047886,-0.249663,0.363986,7.692000,10.578502

2.458036,2.013148,11.190190,16.865294,0.015644,-0.189709,0.618458,7.696000,10.578502

2.376605,0.482730,10.809382,16.827057,0.003920,-0.108437,0.668819,7.688000,10.578502

2.132313,0.995264,10.064531,16.841763,-0.004341,-0.050349,0.709855,7.684000,20.981103

1.823356,-0.499228,9.848979,16.838821,0.025503,0.090077,0.732504,7.684000,20.981103

1.114430,-0.504018,9.022697,16.829998,0.115034,0.192665,0.638709,7.680000,20.981103

-1.153654,-0.583053,10.766272,16.847647,-0.049639,0.184405,0.579288,7.680000,20.981103

-2.384694,1.423973,10.454919,16.847647,-0.009937,0.144968,0.541983,7.676000,20.981103

-0.871041,-0.621374,8.320956,16.847647,0.010048,0.260880,0.429003,7.676000,20.981103

-0.933312,2.209539,9.561577,16.829998,0.067071,0.165220,0.618725,7.672000,20.981103

0.860558,2.300550,9.719648,16.856470,0.007117,0.175345,0.755953,7.664000,20.981103

1.016234,2.046678,9.025092,16.829998,-0.024059,0.305379,0.786862,7.668000,20.981103

1.523978,2.801109,8.948452,16.853529,0.054014,0.412763,0.825233,7.672000,20.981103

1.665284,4.482413,8.395202,16.835880,0.021772,0.543063,0.887052,7.668000,20.981103

-0.700995,2.805899,8.651469,16.827057,0.042024,0.654978,0.763414,7.664000,20.981103

-1.948800,3.725587,8.562854,16.841763,-0.036849,0.650714,0.342669,7.672000,20.981103

-2.420619,4.372242,9.590317,16.838821,-0.062163,0.692016,-0.039704,7.672000,20.981103

-2.844537,4.640484,9.207114,16.838821,0.003387,0.593158,-0.362390,7.680000,20.981103

-3.886371,3.689661,10.007051,16.832939,-0.176742,0.540399,-0.698932,7.684000,20.981103

-3.282826,2.032308,9.441826,16.835880,-0.251085,0.455664,-0.943279,7.688000,20.981103

-3.091224,5.584122,9.875324,16.832939,-0.190332,0.406901,-0.866271,7.688000,20.981103

0.249828,4.525523,10.335168,16.853529,-0.061630,0.237964,-0.819640,7.688000,20.981103

-0.236361,1.742511,9.415481,16.841763,0.066538,0.131912,-0.832697,7.696000,20.981103

-2.650541,1.414393,9.437036,16.829998,0.023904,0.013602,-0.849484,7.692000,20.981103

-2.104476,0.827613,10.325588,16.847647,-0.045110,-0.115099,-0.759686,7.692000,20.981103

-3.122360,-1.948215,11.386581,16.829998,0.097714,-0.204364,-0.734105,7.692000,20.981103

-1.848209,-2.003300,10.814172,16.835880,0.042290,-0.321074,-0.723447,7.684000,21.330769

-1.944010,-2.113471,9.190349,16.844706,0.128624,-0.433255,-0.607802,7.676000,21.330769

-1.000372,-1.366225,8.601173,16.856470,0.309818,-0.507332,-0.594213,7.668000,21.330769

-2.063761,0.997660,10.977034,16.850588,0.324474,-0.540107,-0.564369,7.652000,21.330769

1.464103,-0.669274,6.227709,16.827057,0.200569,-0.650156,-0.049030,7.656000,21.330769

-4.075578,1.876631,8.637099,16.853529,0.259191,-0.226747,0.030375,7.652000,21.330769

-3.979777,4.046519,10.270503,16.832939,0.125160,-0.490012,0.029043,7.648000,21.330769

0.915643,2.940020,8.129354,16.832939,0.079595,-0.607788,0.161741,7.656000,21.330769

-0.049550,5.251215,8.531718,16.827057,0.237341,-0.428459,0.322418,7.648000,21.330769

-0.037575,4.482413,8.062294,16.856470,0.162198,-0.392486,0.391965,7.652000,21.330769

-0.140560,3.890843,8.208390,16.853529,0.000988,-0.397816,0.418078,7.660000,21.330769

1.344352,5.210499,8.232341,16.865294,-0.006473,-0.324006,0.508942,7.664000,21.330769

0.199532,5.627233,9.887300,16.850588,0.041491,-0.188110,0.588348,7.668000,21.330769

-2.035021,5.984090,8.867022,16.856470,0.083858,-0.157999,0.555573,7.672000,21.330769

-1.299750,4.638089,10.651311,16.850588,-0.034185,-0.218753,0.415414,7.676000,21.330769

-0.245941,3.076536,9.101733,16.859411,-0.052837,-0.201166,0.324284,7.680000,21.330769

-0.344137,4.151900,9.856164,16.865294,0.079062,-0.087653,0.207573,7.684000,21.330769

0.383949,4.793766,8.150910,16.850588,0.153139,-0.144143,0.096192,7.688000,21.330769

0.645006,0.451595,8.692184,16.862352,0.037760,-0.171056,0.014121,7.684000,21.330769

0.891693,-0.602214,9.966335,16.856470,-0.151428,-0.182514,-0.036240,7.684000,21.330769

2.347865,1.378468,10.124407,16.856470,-0.140237,0.000279,0.005061,7.684000,21.330769

2.834054,1.558094,10.236973,16.868235,0.022039,0.019997,0.062084,7.676000,21.330769

3.471129,-0.846506,8.222761,16.877058,-0.045643,-0.055411,0.187588,7.676000,21.330769

2.561022,-1.780563,10.198652,16.865294,-0.064828,0.190533,0.134296,7.668000,21.330769

1.904786,0.348609,8.850256,16.850588,-0.047774,0.280065,0.219297,7.668000,21.330769

1.401832,0.377349,9.331655,16.856470,0.040691,0.219045,0.266195,7.656000,21.330769

-0.978817,-0.070519,8.900552,16.859411,-0.118120,0.319501,0.085267,7.652000,21.330769

-1.644633,2.396351,9.793894,16.859411,0.045754,0.269939,0.018118,7.652000,21.330769

-0.820746,1.706585,8.754455,16.868235,-0.058966,0.200659,0.026645,7.656000,21.330769

0.769547,1.788016,8.646679,16.874117,0.026835,0.158025,0.187855,7.652000,21.330769

-0.030389,4.908727,8.696975,16.865294,0.020174,0.239296,0.387968,7.656000,21.330769

-1.364415,1.467083,9.583132,16.874117,-0.068558,0.218246,0.504945,7.652000,21.330769

-0.669860,2.422696,9.147239,16.865294,-0.056567,0.302181,0.434865,7.652000,21.330769

0.525255,4.925492,8.385622,16.859411,-0.052304,0.353342,0.314691,7.656000,21.330769

0.908458,4.518338,7.446774,16.877058,-0.046175,0.450068,0.096192,7.664000,21.330769

-0.324977,4.903936,8.285031,16.868235,-0.041646,0.526543,-0.101790,7.672000,21.330769

-0.090265,3.785462,8.124565,16.856470,-0.105064,0.426353,-0.118044,7.668000,21.330769

-2.327213,4.779396,9.508886,16.877058,-0.093872,0.476981,-0.115913,7.680000,21.330769

-2.363138,4.585399,9.484936,16.879999,-0.092540,0.431948,-0.146289,7.684000,21.330769

-0.660280,4.044125,9.551997,16.868235,-0.141303,0.371728,-0.059955,7.688000,21.330769

-6.655014,-0.288466,11.123130,16.874117,-0.112258,0.054105,-0.521468,7.684000,21.330769

-2.145192,-1.054872,9.472961,16.874117,0.119298,-0.476689,-0.711989,7.680000,21.330769

-0.847091,-0.714779,11.147079,16.877058,0.020174,-0.123626,-0.752491,7.672000,21.330769

2.326310,-0.144765,7.698251,16.862352,-0.002476,-0.393286,-0.582755,7.652000,10.270925

2.031722,1.670660,8.524533,16.877058,0.243469,-0.197969,-0.290978,7.660000,10.270925

-2.346373,3.007081,10.778247,16.885881,0.108373,-0.197969,-0.203845,7.648000,10.270925

0.989889,2.223909,8.095824,16.877058,0.166195,-0.326137,-0.099125,7.652000,10.270925

-0.662675,4.954232,7.822792,16.874117,0.135286,-0.243534,0.126035,7.656000,10.270925

0.357604,3.215447,8.347301,16.879999,-0.084546,-0.189176,0.241947,7.648000,10.270925

-0.698600,3.744747,10.074111,16.885881,0.038826,-0.107905,0.123904,7.656000,10.270925

0.599501,5.064403,10.011841,16.894705,0.000722,-0.192906,-0.123640,7.664000,10.270925

-1.508116,4.896751,8.713739,16.888823,0.157935,-0.104174,-0.181729,7.668000,10.270925

-3.958221,6.187667,8.385622,16.882940,0.088122,-0.170523,-0.091398,7.676000,10.270925

-3.433712,4.499178,10.186677,16.879999,0.076131,-0.317877,0.068746,7.680000,10.270925

0.206717,4.489598,8.876601,16.882940,0.134486,-0.440983,0.211836,7.684000,10.270925

-0.231571,3.876473,8.589199,16.897646,0.035096,-0.274710,0.353328,7.684000,10.270925

0.266593,2.295760,9.307705,16.885881,-0.072289,-0.299757,0.315490,7.692000,10.270925

2.683168,4.453673,11.197375,16.879999,0.015377,-0.214223,0.262464,7.692000,10.270925

2.929855,4.015384,9.659773,16.885881,0.359913,-0.179050,0.309628,7.692000,10.270925

1.988612,-1.205759,7.707831,16.882940,-0.242825,-0.152137,0.373046,7.688000,10.270925

1.667679,1.689820,13.750466,16.856470,-0.241759,0.144169,0.319754,7.688000,10.270925

3.947738,1.732930,11.561419,16.865294,0.057745,0.143103,0.127901,7.688000,10.270925

2.309545,0.695887,9.231064,16.888823,0.054281,0.300316,0.084201,7.688000,10.270925

1.677259,0.695887,9.276569,16.894705,-0.105597,0.237964,0.194783,7.676000,10.270925

0.345629,-0.209430,10.512400,16.879999,-0.053370,0.436478,0.276853,7.676000,10.270925

-0.684230,0.180958,10.054951,16.882940,0.026036,0.247290,0.135095,7.668000,10.270925

-2.394274,-0.439352,8.665839,16.874117,0.008716,0.281664,0.058887,7.664000,10.270925

-3.445687,1.639525,10.222602,16.894705,-0.030721,0.222509,-0.014124,7.660000,10.270925

-1.476981,2.532867,9.274175,16.882940,0.016976,0.124717,-0.076743,7.664000,10.270925

-1.627867,2.820269,8.699369,16.874117,-0.013667,0.141238,-0.188657,7.664000,10.270925

-0.823141,3.665711,9.408296,16.897646,0.047086,0.128714,-0.146289,7.664000,10.270925

-0.827931,4.417747,8.196416,16.877058,-0.011535,0.099403,0.046363,7.668000,10.270925

-0.535739,3.749537,8.929292,16.879999,-0.048840,0.152429,0.264862,7.672000,10.270925

0.376764,4.978182,9.575947,16.877058,0.002321,0.236365,0.474835,7.680000,10.270925

-0.674650,4.230936,8.665839,16.882940,-0.053103,0.278200,0.470305,7.680000,10.270925

-0.116610,4.171061,9.034673,16.885881,-0.069091,0.337621,0.334676,7.684000,10.270925

-0.983607,4.389007,8.634704,16.888823,0.084391,0.377057,0.224893,7.692000,10.270925

-1.649423,3.874078,8.414362,16.865294,0.011647,0.224108,0.128434,7.696000,10.270925

-3.234926,2.427486,8.761641,16.874117,-0.140237,0.186803,0.003196,7.696000,10.270925

-4.286339,1.811966,10.574670,16.874117,-0.021394,0.253952,-0.163609,7.700000,10.270925

-3.924691,1.840706,9.362790,16.868235,0.048419,0.116723,-0.245147,7.700000,10.270925

-5.376073,-0.468093,10.395043,16.853529,-0.040313,-0.021038,-0.328283,7.696000,10.270925

-5.450319,-0.235776,9.597502,16.856470,-0.146099,-0.084189,-0.411153,7.696000,10.270925

-2.262548,-3.617543,10.826147,16.874117,-0.204987,-0.355182,-0.318158,7.692000,10.270925

-2.114057,-1.172228,10.390254,16.862352,0.008449,-0.128955,-0.215836,7.684000,10.270925

-4.396510,-0.329181,9.650192,16.865294,0.094517,-0.207561,-0.122308,7.676000,10.270925

2.834054,-0.223800,10.004656,16.859411,0.119298,-0.549433,0.001597,7.672000,10.270925

1.593434,-0.583053,9.757969,16.856470,0.076397,-0.318143,0.085267,7.672000,10.270925

0.170792,0.978499,9.125683,16.835880,0.057745,-0.221684,0.038369,7.664000,10.270925

0.676141,0.477940,9.096943,16.856470,-0.009670,-0.156134,0.113245,7.660000,10.270925

-0.427963,3.378309,9.995075,16.847647,0.088921,-0.022637,-0.025582,7.664000,10.270925

-0.959657,2.834639,9.106524,16.841763,0.035629,-0.072731,-0.185726,7.652000,10.270925

-1.017138,2.889725,8.811935,16.859411,-0.029921,-0.062339,-0.254739,7.660000,10.270925

-1.120123,3.608231,9.484936,16.844706,0.038560,-0.130820,-0.277922,7.660000,10.270925

-1.761989,3.596256,8.713739,16.838821,0.017776,-0.173987,-0.231824,7.672000,10.270925

-1.618287,2.501732,7.901828,16.838821,0.026036,-0.190508,-0.261667,7.664000,10.270925

-1.970355,4.286021,9.276569,16.824116,-0.045110,-0.095914,-0.205710,7.672000,10.270925

-0.777636,4.355477,9.535232,16.827057,-0.081082,-0.160664,0.022914,7.676000,10.270925

-1.318910,4.549474,9.295730,16.841763,0.109439,-0.132686,0.128434,7.684000,10.270925

0.829423,4.365057,8.613149,16.829998,-0.095205,-0.182514,0.078339,7.688000,10.270925

1.100060,5.114698,9.518467,16.821175,-0.029388,-0.005316,0.029310,7.688000,10.270925

1.674865,3.718402,9.453801,16.829998,0.091586,-0.017574,-0.016256,7.692000,10.270925

2.216139,2.290970,9.144843,16.812351,-0.058699,-0.043421,-0.038638,7.688000,10.270925

2.393370,0.616851,9.700488,16.812351,-0.093073,0.043446,-0.082871,7.688000,10.270925

3.497474,2.597533,10.316008,16.806469,-0.071489,0.168950,-0.052494,7.692000,10.270925

4.469852,3.660921,10.438154,16.815292,0.009782,0.325363,-0.001067,7.688000,10.270925

3.171751,1.210816,8.028764,16.806469,0.022838,0.379189,0.003196,7.692000,10.270925

2.673588,-2.087126,9.192744,16.800587,-0.119453,0.413030,-0.172669,7.680000,10.270925

-0.030389,-0.683644,10.840517,16.812351,-0.158356,0.517217,-0.355729,7.680000,10.270925

-0.037575,2.001173,9.707673,16.812351,-0.091741,0.524677,-0.530262,7.672000,10.270925

0.501305,3.972274,9.137658,16.797646,0.012713,0.520680,-0.816176,7.676000,10.270925

-2.339188,1.799991,9.674143,16.809410,-0.046442,0.368530,-0.968592,7.676000,10.270925

-1.057853,0.832403,9.166399,16.791763,0.011647,0.217180,-0.946476,7.672000,10.270925

-0.835116,4.944652,8.989167,16.788822,0.073200,0.166552,-0.746363,7.680000,10.270925

-0.269891,2.753209,9.142448,16.794704,-0.131710,0.097272,-0.491092,7.684000,7.010827

-1.029113,2.995106,9.159214,16.785881,-0.007538,0.185737,-0.300038,7.680000,7.010827

-0.909362,2.899305,8.706554,16.788822,-0.018463,0.172947,-0.083138,7.684000,7.010827

-0.157326,3.847733,8.661049,16.791763,0.043089,0.197195,0.119107,7.688000,7.010827

-1.244664,3.462135,8.689790,16.782940,-0.048574,0.294454,0.089797,7.692000,7.010827

-2.890043,2.561607,8.570039,16.785881,0.011647,0.237697,-0.027980,7.692000,7.010827

-3.074459,4.068075,8.771220,16.791763,0.042290,0.195863,-0.291511,7.696000,7.010827

-5.390443,2.381981,9.870534,16.797646,0.044688,0.131645,-0.519070,7.700000,7.010827

-4.815639,2.793924,10.651311,16.788822,-0.060031,-0.024235,-0.567033,7.700000,7.010827

-7.787858,1.495824,9.805869,16.779999,0.079861,-0.158532,-0.600341,7.704000,7.010827

-6.425092,1.735325,10.191467,16.774117,-0.003009,-0.381561,-0.518537,7.708000,7.010827

-3.491193,0.530631,11.915881,16.779999,0.143013,-0.526784,-0.398629,7.704000,7.010827

-2.401459,-1.471606,9.096943,16.771175,0.258391,-0.636300,-0.205177,7.700000,7.010827

-3.292406,-2.269147,9.020303,16.768234,0.119298,-0.722900,-0.042902,7.704000,7.010827

-1.946405,-0.779445,8.541298,16.794704,0.061209,-0.579543,0.117509,7.692000,7.010827

-1.910480,-1.529086,9.049043,16.759411,0.115034,-0.577944,0.187855,7.688000,7.010827

3.016075,-0.190270,9.511281,16.744705,0.312750,-0.625108,0.061552,7.684000,7.010827

0.515675,-1.224919,10.359118,16.759411,0.055613,-0.454039,0.098856,7.680000,7.010827

0.338444,-0.844111,9.084968,16.777058,0.034563,-0.397816,0.068480,7.676000,7.010827

0.000746,0.204908,9.032277,16.759411,0.052682,-0.349586,-0.028779,7.672000,7.010827

-1.165629,3.186707,10.378279,16.753529,0.079861,-0.279506,-0.184926,7.664000,7.010827

-0.945287,2.925650,9.372371,16.765293,0.076930,-0.264052,-0.316559,7.664000,7.010827

-0.698600,3.416629,7.655141,16.768234,0.171524,-0.262186,-0.322154,7.668000,7.010827

-1.402736,3.670501,8.522139,16.759411,0.047086,-0.284569,-0.217968,7.668000,22.011456

-0.689020,4.990157,9.839399,16.771175,-0.012335,-0.323739,-0.252874,7.668000,22.011456

0.510885,3.500455,9.219090,16.756470,0.172057,-0.331733,-0.219566,7.676000,22.011456

-0.056735,5.976905,8.033554,16.750587,0.114501,-0.279240,-0.091931,7.676000,22.011456

-0.921337,3.926768,8.373647,16.756470,0.011380,-0.260588,-0.066084,7.684000,22.011456

-1.282985,4.480018,9.643007,16.765293,0.060143,-0.292563,-0.041569,7.696000,22.011456

0.192347,4.034544,8.701765,16.756470,-0.008071,-0.342391,0.055156,7.696000,22.011456

0.647401,4.204591,10.641730,16.747646,0.052949,-0.360511,0.205974,7.696000,22.011456

1.782640,2.164034,8.754455,16.750587,-0.032319,-0.299757,0.270725,7.700000,22.011456

1.698815,0.305499,9.178373,16.756470,-0.086145,-0.281105,0.402091,7.704000,22.011456

2.965780,3.644156,9.829819,16.747646,-0.072289,-0.113767,0.577423,7.700000,22.011456

2.656822,0.681517,11.561419,16.741764,-0.080549,0.019997,0.594210,7.700000,22.011456

2.697538,-0.635744,10.409413,16.750587,-0.139970,0.168950,0.563034,7.692000,22.011456

0.941988,-0.027409,9.887300,16.753529,0.111837,0.233434,0.475634,7.688000,22.011456

0.436639,-1.763798,7.909013,16.753529,0.005785,0.322166,0.372247,7.680000,22.011456

-2.605036,-0.202245,9.046648,16.759411,-0.054702,0.283529,0.411417,7.672000,22.011456

-1.453031,1.761671,9.954360,16.753529,-0.089875,0.314705,0.256069,7.672000,22.011456

-2.173932,1.708980,8.579618,16.744705,-0.043511,0.268873,0.183058,7.672000,22.011456

0.989889,2.312525,8.095824,16.747646,0.011913,0.156959,0.234752,7.672000,22.011456

2.041302,3.102882,9.681328,16.753529,0.014312,0.243559,0.379441,7.672000,22.011456

1.622174,2.245465,10.004656,16.771175,-0.102665,0.294187,0.473236,7.676000,22.011456

0.906063,2.983131,9.458591,16.750587,-0.030721,0.449002,0.413015,7.676000,22.011456

2.125128,4.645274,7.923383,16.759411,0.064939,0.475115,0.264329,7.672000,22.011456

1.191071,3.799832,7.379714,16.771175,0.031365,0.510821,0.114844,7.680000,21.514757

-0.885411,3.598651,8.754455,16.771175,-0.050172,0.454864,-0.057557,7.676000,21.514757

-2.470914,3.871683,9.343630,16.777058,-0.058966,0.477247,-0.248877,7.684000,21.514757

-2.480494,5.208104,7.942543,16.774117,-0.062163,0.302981,-0.459383,7.684000,21.514757

-2.051786,3.323223,9.937595,16.765293,-0.033918,0.191066,-0.447125,7.688000,21.514757

-3.098409,4.475228,8.325747,16.756470,-0.045110,0.068494,-0.413285,7.696000,21.514757

-2.993029,3.256163,8.941267,16.782940,-0.051505,0.054105,-0.256072,7.696000,21.514757

-3.280431,2.425091,10.838122,16.762352,-0.034451,-0.024502,-0.096461,7.700000,21.514757

-4.477941,-0.499228,10.205837,16.774117,0.040958,-0.073531,-0.045300,7.704000,21.514757

-5.565279,-0.252541,10.236973,16.771175,-0.005673,-0.227546,-0.130568,7.700000,21.514757

-6.228700,-0.144765,9.939990,16.771175,-0.076819,-0.321341,0.000265,7.696000,21.514757

-3.172655,-4.508490,10.684841,16.777058,0.005785,-0.544636,0.103386,7.692000,21.514757

-4.602482,-0.348342,11.171030,16.765293,0.105975,-0.350918,0.291242,7.688000,21.514757

0.585131,-0.939911,7.904223,16.771175,0.216290,-0.644560,0.473769,7.684000,21.514757

0.654586,-0.930331,9.381950,16.779999,-0.028855,-0.519056,0.592611,7.676000,21.514757

1.559904,1.553304,9.540022,16.771175,-0.092806,-0.274177,0.673083,7.680000,21.514757

0.391134,1.625154,8.768826,16.768234,0.101978,-0.202499,0.690403,7.672000,21.514757

-0.332162,1.287457,10.466894,16.782940,0.104109,-0.129488,0.354660,7.672000,21.514757

-0.792006,1.986803,12.217653,16.777058,0.081993,-0.112168,0.003996,7.672000,21.514757

1.174305,3.739957,9.508886,16.779999,0.118232,-0.127623,-0.253407,7.676000,21.514757

1.873651,3.380704,7.020461,16.777058,0.080394,-0.066070,-0.401827,7.676000,21.514757

-0.526159,3.876473,8.308981,16.762352,0.069469,0.038916,-0.517205,7.672000,21.514757

-2.147587,4.068075,9.841794,16.765293,0.020973,-0.183846,-0.540121,7.676000,21.514757

0.331258,3.639366,8.541298,16.779999,0.002854,-0.120428,-0.428207,7.680000,21.514757

-0.638724,5.636813,8.275451,16.800587,-0.012601,-0.136150,-0.304568,7.688000,21.514757

1.124010,4.331527,7.892248,16.774117,-0.052038,-0.195038,-0.167873,7.692000,21.514757

0.776732,5.890685,8.505373,16.777058,0.044155,-0.176119,-0.066350,7.696000,21.514757

1.734740,3.778277,9.041858,16.759411,0.019641,-0.151871,0.085267,7.696000,21.514757

2.529886,4.736285,8.182045,16.791763,0.075864,-0.190508,0.342936,7.704000,21.514757

2.134708,2.688543,9.348420,16.768234,-0.042711,-0.024502,0.458847,7.704000,21.514757

2.170634,3.184312,10.452524,16.777058,-0.038714,0.064763,0.568363,7.704000,21.514757

1.162330,0.997660,11.185400,16.771175,-0.073621,0.106065,0.717049,7.704000,21.514757

-0.624354,-1.258449,11.369817,16.788822,-0.065094,0.165486,0.729839,7.708000,21.514757

0.053436,0.077972,8.783195,16.791763,-0.099468,0.241694,0.550244,7.696000,21.514757

1.377882,-0.702804,11.230906,16.762352,-0.090408,0.295786,0.473236,7.692000,21.514757

2.652032,-0.935121,9.757969,16.785881,0.132621,0.347746,0.461512,7.692000,21.514757

0.776732,1.811966,7.748547,16.777058,0.100379,0.401838,0.260066,7.692000,21.514757

0.206717,-0.065729,9.228669,16.782940,-0.174877,0.383985,-0.059689,7.684000,21.514757

0.120497,1.016820,7.106681,16.777058,-0.056301,0.441541,-0.139628,7.684000,21.514757

0.570760,2.494547,9.544811,16.762352,0.005252,0.445538,-0.180396,7.680000,21.514757

0.079781,3.098092,11.633268,16.774117,-0.089875,0.466855,-0.253141,7.676000,21.514757

-1.254244,1.146151,9.712463,16.768234,-0.065894,0.422889,-0.360259,7.680000,21.514757

-0.514183,2.599927,8.409573,16.774117,-0.004607,0.352543,-0.320023,7.676000,21.514757

0.728832,3.459739,7.614426,16.791763,-0.018996,0.347213,-0.202513,7.684000,21.514757

0.254618,3.435789,9.049043,16.777058,-0.103198,0.386117,-0.133765,7.684000,21.514757

-0.286657,3.620206,10.316008,16.777058,-0.029122,0.397841,-0.137496,7.684000,21.514757

-0.454308,4.166270,8.028764,16.800587,0.028701,0.378922,-0.272859,7.688000,10.926238

-1.065038,4.796161,8.970007,16.788822,-0.072555,0.329893,-0.322954,7.688000,10.926238

-2.178722,4.101605,9.700488,16.779999,-0.142102,0.335755,-0.369585,7.696000,10.926238

-3.433712,3.603441,8.747270,16.779999,-0.038981,0.174279,-0.437799,7.696000,10.926238

-3.824100,2.633458,9.199929,16.791763,-0.017930,0.030922,-0.501750,7.696000,10.926238

-4.233649,1.335357,10.888417,16.777058,-0.044310,-0.074597,-0.516139,7.700000,10.926238

-4.918624,0.049232,11.058464,16.794704,0.003387,-0.190241,-0.385040,7.708000,10.926238

-4.168983,0.892279,11.937436,16.762352,0.005252,-0.314946,-0.205177,7.700000,10.926238

-3.591784,-0.345946,10.696816,16.779999,0.133687,-0.404744,-0.033309,7.700000,10.926238

-1.699718,-1.553036,8.670630,16.791763,0.173656,-0.540373,0.049561,7.700000,10.926238

-2.058971,-0.532758,7.770102,16.777058,0.099846,-0.476955,0.194250,7.688000,10.926238

-0.506998,-0.314811,9.161609,16.774117,0.014312,-0.606989,0.195316,7.684000,10.926238

-0.837511,-2.829582,11.491962,16.771175,0.093451,-0.450309,0.180394,7.684000,10.926238

0.161212,-0.393847,10.416599,16.785881,0.131289,-0.279506,0.123637,7.684000,10.926238

-1.795519,2.135294,10.469289,16.777058,0.005785,-0.230744,0.174798,7.672000,10.926238

-1.041088,1.285062,8.977192,16.774117,0.170725,-0.442848,0.125502,7.672000,10.926238

-0.396827,1.265902,9.312495,16.768234,0.153938,-0.389555,0.063417,7.664000,10.926238

-0.911757,3.711217,8.728109,16.759411,0.044955,-0.264052,0.161208,7.668000,10.926238

-1.426686,3.208262,8.819120,16.771175,0.108906,-0.305087,0.261398,7.676000,10.926238

-0.063920,5.062008,8.361671,16.756470,0.085723,-0.360511,0.299502,7.668000,10.926238

1.444943,4.460858,7.513834,16.771175,0.098780,-0.177718,0.418345,7.680000,10.926238

1.540743,4.276442,9.240644,16.759411,-0.131443,-0.112701,0.320287,7.684000,10.926238

2.108363,4.465648,9.710068,16.747646,-0.095737,-0.058609,0.130299,7.692000,10.926238

1.557508,5.435631,8.974797,16.771175,0.143546,0.031988,-0.010926,7.688000,10.926238

0.982704,3.143597,8.088639,16.747646,-0.020595,-0.045819,-0.098326,7.696000,10.926238

-0.487838,3.268138,9.255014,16.756470,-0.028056,0.016800,-0.156148,7.700000,10.926238

0.700091,3.658526,9.068203,16.753529,-0.093339,0.010671,-0.152684,7.704000,10.926238

0.642611,1.371283,9.690907,16.759411,-0.020595,0.078086,-0.066883,7.708000,10.926238

1.806591,0.762947,10.045371,16.774117,-0.080016,0.088478,-0.010393,7.704000,10.926238

1.557508,1.043165,10.950688,16.756470,-0.011802,0.230769,0.136427,7.700000,10.926238

0.733622,0.374954,10.775852,16.735882,-0.089875,0.218246,0.224627,7.704000,10.926238

1.076110,-0.853691,9.058622,16.750587,-0.088543,0.241161,0.132963,7.700000,10.926238

2.556232,1.134176,8.847861,16.741764,0.086256,0.312573,0.196115,7.696000,10.926238

0.668956,1.232371,9.966335,16.738823,-0.039247,0.265143,0.252872,7.688000,10.926238

-1.079408,1.325777,10.236973,16.732941,-0.061097,0.318702,0.106584,7.688000,10.926238

-2.205067,1.675450,9.456196,16.730000,0.131022,0.340818,-0.104988,7.684000,10.926238

-0.928522,2.003568,7.940148,16.747646,0.075598,0.163887,-0.118844,7.684000,10.926238

0.896483,1.862262,9.159214,16.732941,0.007916,0.155094,-0.072479,7.688000,10.926238

0.079781,2.152059,7.978468,16.738823,-0.078950,0.153229,-0.000801,7.684000,10.926238

1.564694,3.723191,8.644284,16.756470,-0.060831,0.174812,0.126302,7.680000,10.926238

1.828146,3.447764,9.877720,16.744705,-0.058166,0.291523,0.248608,7.684000,10.926238

1.380277,3.375914,9.247829,16.724117,0.044155,0.344549,0.367450,7.680000,10.926238

0.841398,3.792647,9.118498,16.735882,-0.040313,0.332025,0.533190,7.688000,10.926238

-0.253126,1.538934,9.384345,16.741764,-0.018996,0.434880,0.537454,7.688000,10.926238

-2.056576,2.822664,8.922107,16.750587,0.027635,0.564647,0.336541,7.696000,10.926238

-2.990633,3.677686,8.778405,16.738823,-0.067226,0.626733,0.058620,7.696000,10.926238

-3.117570,4.832086,9.185558,16.747646,0.017243,0.550258,-0.221432,7.704000,10.914258

-4.583322,3.636971,9.362790,16.759411,-0.083747,0.422356,-0.430338,7.700000,10.914258

-6.264625,2.657408,10.093271,16.738823,-0.031786,0.369863,-0.580090,7.708000,10.914258

-7.476505,1.608389,10.234577,16.747646,-0.130910,0.137774,-0.750626,7.712000,10.914258

-5.028795,0.456385,11.606923,16.747646,-0.053370,-0.026367,-0.719983,7.704000,10.914258

-4.159403,-1.193783,8.984377,16.738823,-0.042978,-0.120961,-0.585419,7.704000,10.914258

-2.918783,-0.168715,9.379556,16.747646,0.039093,-0.270980,-0.436733,7.700000,10.914258

-1.991910,-1.893129,11.108760,16.738823,-0.084546,-0.304021,-0.353064,7.696000,10.914258

-2.049391,-0.712384,10.224998,16.727058,0.158201,-0.265917,-0.313894,7.692000,10.914258

0.757572,0.276759,8.505373,16.727058,0.215757,-0.443647,-0.413818,7.688000,10.914258

-0.401617,-2.036830,9.791499,16.727058,0.041491,-0.451908,-0.507879,7.680000,10.914258

-0.722550,-0.082494,11.053674,16.721176,0.135552,-0.293629,-0.770877,7.672000,10.914258

-1.891320,0.315079,6.673183,16.712351,0.265586,-0.560891,-0.725312,7.672000,10.914258

-2.037416,2.803504,8.502978,16.703527,0.027102,-0.554496,-0.717585,7.664000,10.914258

-0.468678,4.357872,8.795171,16.721176,0.216557,-0.586471,-0.481233,7.668000,10.914258

0.839003,4.975787,6.836044,16.709410,0.208030,-0.626174,-0.172935,7.672000,10.914258

0.793497,4.891962,9.178373,16.703527,0.107573,-0.639497,0.069545,7.672000,10.914258

1.253341,4.891962,8.579618,16.694704,0.144345,-0.597130,0.255803,7.676000,10.914258

1.157540,6.831927,7.705436,16.700586,0.164063,-0.558226,0.347732,7.676000,10.914258

1.387462,4.755445,8.907737,16.694704,0.033497,-0.510263,0.439928,7.684000,10.914258

-0.147745,5.062008,10.172307,16.691763,0.144079,-0.418067,0.474302,7.692000,10.914258

0.355209,4.762630,8.792775,16.677057,0.038560,-0.437519,0.258467,7.696000,10.914258

-0.171696,3.886053,8.579618,16.703527,0.047619,-0.370104,0.188654,7.692000,21.411121

-0.526159,3.435789,8.371252,16.703527,-0.016865,-0.431123,0.174265,7.696000,21.411121

1.406622,1.093460,8.752060,16.697645,-0.058699,-0.411139,0.191052,7.696000,21.411121

0.769547,1.625154,10.557905,16.688822,0.012979,-0.317344,0.315757,7.700000,21.411121

1.916761,1.342542,9.978311,16.700586,0.058278,-0.270980,0.395429,7.700000,21.411121

2.628082,2.029913,9.482541,16.694704,0.007916,-0.166793,0.514005,7.700000,21.411121

3.056791,1.292247,8.744875,16.700586,-0.036849,-0.077794,0.684807,7.700000,21.411121

2.862794,-0.415402,10.136381,16.691763,-0.078684,0.062898,0.902774,7.692000,21.411121

3.816012,-1.557826,10.845307,16.703527,-0.052038,0.197195,1.015221,7.684000,21.411121

0.462985,-0.230986,9.666958,16.682940,0.159800,0.338420,0.956066,7.672000,21.411121

-0.559689,-0.317206,9.245434,16.694704,-0.049906,0.257682,0.792192,7.672000,21.411121

-0.906967,-0.034594,10.591435,16.694704,-0.038714,0.333624,0.713052,7.668000,21.411121

-1.146469,0.954549,9.872930,16.691763,0.058011,0.379988,0.671751,7.668000,21.411121

-2.173932,4.017779,8.352092,16.691763,0.180584,0.430350,0.625120,7.664000,21.411121

-0.260311,4.832086,8.201205,16.677057,-0.020062,0.298451,0.561702,7.668000,21.411121

0.484540,1.821546,10.658496,16.694704,-0.049107,0.325097,0.635245,7.672000,21.411121

-0.648305,6.266703,8.086245,16.679998,0.151540,0.445005,0.739432,7.680000,21.411121

-1.661398,6.197247,8.684999,16.694704,0.016976,0.403703,0.800985,7.680000,21.411121

0.213903,1.871841,9.458591,16.679998,0.079062,0.415961,0.692268,7.684000,21.411121

0.247433,5.646392,7.877878,16.674116,0.214691,0.575838,0.397294,7.696000,21.411121

-1.220714,5.052428,8.129354,16.674116,0.028967,0.577703,0.228890,7.700000,21.411121

-0.918942,3.768697,9.523256,16.697645,0.087589,0.619538,0.119374,7.700000,21.411121

-2.621801,3.730376,9.638218,16.691763,0.057212,0.698944,-0.098859,7.704000,21.411121

-3.383417,4.250096,8.914922,16.682940,-0.073621,0.620337,-0.255539,7.704000,21.700014

-4.039652,3.814203,9.846584,16.679998,-0.037382,0.540132,-0.399695,7.712000,21.700014

-4.540211,1.289852,10.526770,16.665293,-0.070157,0.377057,-0.525199,7.716000,21.700014

-4.772528,1.950877,11.132710,16.682940,0.043356,0.258481,-0.571297,7.712000,21.700014

-6.231095,0.018096,11.077624,16.688822,-0.012068,-0.002385,-0.528130,7.708000,21.700014

-4.118688,-1.646442,10.083691,16.688822,-0.063762,-0.170790,-0.412752,7.712000,21.700014

-2.382299,-1.622492,10.378279,16.688822,0.030033,-0.190774,0.159876,7.704000,21.700014

3.133431,3.038216,10.670471,16.671175,0.096915,-0.301090,0.065282,7.692000,21.700014

0.443824,-0.583053,10.165122,16.668234,0.091319,-0.289365,0.077806,7.692000,21.700014

1.600619,-1.229709,8.998747,16.668234,0.120097,-0.241669,0.004262,7.692000,21.700014

-0.183671,0.619246,8.584409,16.703527,-0.020861,-0.079127,-0.278188,7.684000,21.700014

-1.326095,0.463570,9.777128,16.697645,0.095050,-0.154535,-0.563037,7.676000,21.700014

-0.001649,0.734207,7.664721,16.685881,0.010581,-0.208094,-0.761551,7.676000,21.700014

0.946778,5.375755,9.722043,16.674116,-0.090142,-0.190508,-0.766614,7.676000,21.700014

1.631754,3.989039,9.029882,16.679998,0.049218,-0.176385,-0.631251,7.676000,21.700014

1.603014,5.555382,7.065966,16.691763,0.156869,-0.239271,-0.450589,7.672000,21.700014

2.261644,4.724310,9.025092,16.662352,-0.089609,-0.177984,-0.389303,7.684000,21.700014

-0.473468,3.371124,8.651469,16.668234,-0.066960,-0.067136,-0.361591,7.688000,21.700014

-2.305658,5.351805,7.992838,16.677057,0.022039,-0.076995,-0.516939,7.696000,21.700014

-1.984725,4.348292,8.766430,16.679998,-0.064295,-0.269114,-0.606736,7.696000,21.700014

-0.253126,2.027518,9.693303,16.685881,-0.062430,-0.389555,-0.519070,7.704000,21.700014

-0.267496,2.995106,9.183164,16.674116,0.062008,-0.362643,-0.340807,7.704000,21.700014

0.530045,4.820111,9.116103,16.677057,0.144612,-0.395418,-0.075943,7.708000,22.146297

2.379000,2.046678,9.065807,16.665293,0.004985,-0.476689,0.213702,7.708000,22.146297

1.957477,1.481453,10.680051,16.659410,0.055347,-0.311215,0.497751,7.704000,22.146297

2.599342,0.911439,9.848979,16.665293,-0.105863,-0.342391,0.688538,7.712000,22.146297

3.801642,-1.861994,10.840517,16.674116,-0.079483,-0.027699,1.037870,7.704000,22.146297

3.792062,-0.690829,10.531560,16.662352,0.018575,0.221976,1.163107,7.696000,22.146297

1.514398,-0.544733,9.185558,16.668234,0.036694,0.388249,1.158311,7.688000,22.146297

0.498910,0.202513,9.997471,16.653528,-0.057633,0.424221,0.996035,7.684000,22.146297

0.168397,0.844378,9.245434,16.659410,0.009249,0.553722,0.800718,7.680000,22.146297

-2.003886,1.428763,8.538903,16.659410,0.030832,0.509756,0.652299,7.676000,22.146297

-1.582362,4.393797,8.895761,16.647646,0.031632,0.540399,0.479098,7.676000,22.146297

-1.577572,3.639366,9.683722,16.650587,-0.062696,0.488172,0.283248,7.684000,22.146297

-0.212411,2.434671,8.687394,16.656469,0.022305,0.441541,0.116976,7.680000,22.146297

-1.704508,3.694452,8.103010,16.659410,0.017776,0.443939,0.067147,7.684000,22.146297

-0.605194,3.567515,9.575947,16.650587,-0.210050,0.371461,0.036238,7.688000,22.146297

-0.859066,4.374637,8.119775,16.641764,-0.044044,0.446071,-0.032776,7.692000,22.146297

0.518070,6.297838,8.071875,16.650587,0.032697,0.374926,-0.010660,7.696000,22.146297

0.177977,3.948323,9.504096,16.668234,-0.085079,0.422622,-0.078874,7.696000,22.146297

-1.304540,4.180641,8.914922,16.641764,0.036161,0.522013,-0.193453,7.708000,22.146297

-3.395392,3.828573,8.831096,16.635881,-0.022194,0.449002,-0.228893,7.712000,22.146297

-2.173932,1.869447,8.840676,16.650587,-0.078417,0.357605,-0.171603,7.716000,22.146297

-3.675609,1.778436,9.633428,16.627058,-0.070424,0.422089,-0.250476,7.716000,22.146297

-4.588112,1.613179,9.956755,16.629999,-0.050172,0.311774,-0.399695,7.712000,22.338399

-6.051468,-0.374687,10.160332,16.647646,-0.006473,0.110328,-0.541453,7.712000,22.338399

-4.276759,-0.135185,11.508728,16.629999,0.033763,-0.123359,-0.656032,7.708000,22.338399

-4.561767,-2.000905,10.301638,16.624117,-0.079217,-0.257656,-0.590482,7.708000,22.338399

-3.371442,-1.042897,10.090877,16.621176,0.019907,-0.347987,-0.516939,7.700000,22.338399

-2.037416,-0.025014,9.192744,16.624117,0.081194,-0.416735,-0.372516,7.704000,22.338399

3.629200,2.585557,9.178373,16.621176,0.042024,-0.409007,-0.250476,7.700000,22.338399

3.305873,2.887330,10.136381,16.615294,0.119831,-0.346388,-0.069815,7.700000,22.338399

2.558627,2.350845,8.878996,16.606470,0.155803,-0.249663,0.005061,7.696000,22.338399

0.577946,2.341265,8.117380,16.609411,0.063607,-0.188110,0.035172,7.696000,22.338399

-0.210016,2.319710,9.413086,16.609411,0.027901,-0.127090,-0.066350,7.692000,22.338399

0.103732,1.210816,9.108918,16.612352,0.006051,-0.109503,-0.315493,7.692000,22.338399

-0.679440,1.143756,9.437036,16.588821,0.037760,-0.099644,-0.646439,7.692000,22.338399

-1.972750,1.562884,9.199929,16.594706,0.029500,-0.130287,-0.924360,7.692000,22.338399

-0.803981,4.484808,9.451406,16.603529,-0.007005,-0.121494,-1.160179,7.696000,22.338399

-0.904572,4.288416,8.682605,16.585880,0.178985,-0.184912,-1.241716,7.696000,22.338399

-0.265101,4.961417,9.046648,16.594706,0.215757,-0.362909,-1.030678,7.700000,22.338399

-0.918942,4.072865,9.053833,16.577057,0.110505,-0.464165,-0.824170,7.700000,22.338399

-0.463888,4.233331,9.039463,16.609411,0.228814,-0.489479,-0.643242,7.708000,22.338399

0.412689,4.884776,9.128078,16.612352,0.121962,-0.490811,-0.407156,7.708000,22.338399

2.058068,3.862103,9.180769,16.600588,0.100645,-0.491610,-0.174534,7.716000,22.338399

1.873651,1.651500,9.408296,16.597647,0.121696,-0.377831,0.023447,7.716000,22.338399

2.474801,1.788016,9.822634,16.609411,0.164596,-0.339460,0.350397,7.712000,22.338399

2.522702,1.761671,10.586645,16.609411,0.049751,-0.180382,0.549711,7.716000,22.338399

2.082018,-0.293256,13.151711,16.594706,-0.108261,-0.129222,0.629383,7.708000,22.338399

1.674865,0.197723,10.442944,16.588821,-0.005140,0.031722,0.574758,7.704000,22.338399

2.331100,-0.820160,9.199929,16.597647,-0.010736,0.082350,0.419677,7.704000,22.338399

1.140775,-0.254936,10.852492,16.606470,-0.001410,0.231835,0.424740,7.692000,22.338399

-1.031508,-0.139975,10.830937,16.579998,-0.034185,0.219844,0.392231,7.688000,22.338399

-1.050668,0.305499,8.354486,16.571175,-0.127713,0.325630,0.171867,7.692000,22.338399

-1.824259,2.501732,8.558064,16.597647,-0.025391,0.301915,0.109781,7.692000,22.338399

-0.130980,1.210816,8.354486,16.588821,0.001255,0.270472,0.081003,7.696000,22.338399

0.381554,4.015384,9.635822,16.579998,-0.022727,0.332558,0.109515,7.688000,22.338399

-0.700995,2.599927,8.584409,16.591763,-0.086678,0.314438,0.120973,7.692000,22.338399

-0.495023,3.186707,8.407177,16.571175,-0.080016,0.385318,0.211303,7.688000,22.338399

-1.297355,3.864498,9.154424,16.562351,-0.001143,0.492968,0.425806,7.700000,22.338399

-0.959657,5.653578,8.874207,16.577057,0.055880,0.423422,0.539852,7.696000,22.338399

-0.995582,3.316038,9.863349,16.577057,-0.056035,0.345082,0.418611,7.700000,22.338399

-2.981054,2.825059,6.941425,16.571175,-0.008071,0.409566,0.226758,7.704000,22.338399

-2.705626,4.355477,8.661049,16.559410,-0.076286,0.433014,-0.129769,7.716000,22.338399

-3.910321,2.226305,9.010722,16.568233,-0.188999,0.459661,-0.266730,7.712000,22.338399

-4.140243,1.857471,9.789104,16.550587,-0.120252,0.431416,-0.333879,7.716000,22.338399

-4.034862,0.568951,9.815449,16.565292,-0.177808,0.233967,-0.413818,7.716000,22.338399

-3.630104,1.893397,10.931528,16.562351,-0.065361,0.263011,-0.462047,7.716000,22.338399

-2.667306,-0.096864,10.282477,16.556469,-0.035783,0.116457,-0.571030,7.716000,11.350259

-1.215924,-2.487094,10.016630,16.562351,-0.033652,-0.039690,-0.698399,7.712000,11.350259

-1.041088,-2.937358,9.338840,16.559410,-0.039780,0.016267,-0.838026,7.704000,11.350259

-1.225504,-1.011762,9.863349,16.547646,0.044422,-0.061540,-0.910237,7.700000,11.350259

-1.021928,-1.064452,10.260922,16.556469,0.034030,0.005342,-0.973389,7.692000,11.350259

-2.284103,-1.378200,10.162726,16.553528,0.088388,-0.100710,-1.094096,7.696000,11.350259

-2.834957,-1.737453,10.555510,16.550587,0.093984,-0.232076,-1.235321,7.696000,11.350259

-2.890043,-0.053754,10.612990,16.535881,0.178985,-0.334398,-1.366954,7.692000,11.350259

-0.571664,0.039652,10.866862,16.553528,0.134220,-0.452973,-1.257704,7.680000,11.350259

-0.358507,2.712493,7.528205,16.547646,0.362312,-0.467096,-1.044801,7.688000,11.350259

-1.965565,3.545960,7.343788,16.521175,0.345524,-0.499604,-0.879061,7.688000,11.350259

-2.777477,4.041729,9.192744,16.527058,0.365243,-0.659482,-0.762084,7.684000,11.350259

-0.734525,5.284745,8.981982,16.518234,0.354051,-0.730361,-0.589150,7.684000,11.350259

-0.293842,3.390284,8.668234,16.535881,0.275178,-0.667742,-0.455652,7.696000,11.350259

-1.977540,3.488480,7.971283,16.518234,0.295962,-0.655218,-0.229958,7.700000,11.350259

-1.972750,5.529037,9.405901,16.524117,0.194973,-0.609920,-0.114047,7.696000,11.350259

-0.224386,6.398429,8.510163,16.524117,0.330869,-0.695721,-0.046099,7.704000,11.350259

0.618661,5.076378,7.722201,16.506470,0.376434,-0.667209,0.124170,7.704000,11.350259

2.062858,4.793766,9.283754,16.512352,0.197904,-0.546235,0.054357,7.716000,11.350259

0.913248,3.486085,9.451406,16.518234,0.148342,-0.418067,0.029576,7.712000,11.350259

0.410294,1.912557,9.362790,16.515293,-0.040580,-0.394885,0.199046,7.708000,11.350259

1.088085,0.712652,10.586645,16.488823,-0.026724,-0.358113,0.512406,7.708000,11.350259

0.029486,0.334239,10.433364,16.485882,0.126759,-0.250728,0.611797,7.708000,11.350259

0.850978,0.355794,8.701765,16.491764,0.067604,-0.270447,0.769009,7.700000,22.212901

0.264198,-0.638139,10.450130,16.488823,-0.008338,-0.221151,0.935015,7.704000,22.212901

1.454523,-1.624887,10.665681,16.497646,0.015377,-0.151871,0.938480,7.696000,22.212901

0.982704,-0.985417,10.057346,16.485882,0.012180,-0.003185,0.951003,7.684000,22.212901

2.405345,-0.436957,10.402228,16.485882,-0.022460,0.046111,0.961395,7.676000,22.212901

-2.710416,2.350845,11.312336,16.482941,0.156869,0.155627,1.025080,7.676000,22.212901

-1.812284,-0.762680,8.529324,16.491764,-0.211116,0.600619,0.667221,7.680000,22.212901

-2.727181,1.433553,7.686276,16.494705,0.025769,0.361602,0.403689,7.680000,22.212901

1.765875,4.829691,9.597502,16.474117,0.011647,0.344016,0.413015,7.676000,22.212901

0.338444,3.895633,9.628637,16.494705,-0.050172,0.501229,0.304832,7.684000,22.212901

-2.537975,3.167547,8.593988,16.474117,0.014045,0.444206,0.154014,7.680000,22.212901

-1.666188,4.590189,7.880273,16.488823,0.076930,0.340552,0.141757,7.692000,22.212901

0.906063,5.030872,7.671906,16.491764,-0.069091,0.334956,0.161208,7.688000,22.212901

-0.782426,4.343502,9.319680,16.485882,-0.020595,0.514285,0.201444,7.704000,22.212901

-1.642238,5.617652,9.607082,16.462351,-0.095471,0.570775,-0.042902,7.700000,22.212901

-1.881740,4.111185,8.265871,16.471176,-0.157557,0.511088,-0.201713,7.708000,22.212901

-2.226622,4.377032,10.287268,16.480000,-0.033918,0.453265,-0.355995,7.716000,22.212901

-3.529513,2.760394,11.091994,16.485882,-0.004074,0.313639,-0.499618,7.712000,22.212901

-6.152060,0.959339,10.620175,16.485882,0.048419,0.191333,-0.494556,7.716000,22.212901

-4.025282,0.521051,10.050160,16.471176,-0.060831,-0.033029,-0.502816,7.708000,22.212901

-2.779872,-0.827345,11.341076,16.465292,-0.081348,-0.168658,-0.355462,7.708000,22.212901

-1.821864,-1.464421,11.321917,16.468235,0.035629,-0.192107,-0.236886,7.712000,22.212901

-2.054181,-1.220129,9.750783,16.474117,0.085990,-0.275509,-0.169471,7.708000,22.054142

-2.636171,-1.962585,10.191467,16.465292,-0.021927,-0.331999,-0.182528,7.696000,22.054142

-1.548832,-2.032040,10.026211,16.444704,0.027102,-0.432189,-0.188657,7.684000,22.054142

-1.115333,0.465965,9.995075,16.447645,0.044955,-0.386891,-0.003465,7.684000,22.054142

-0.875831,0.097132,9.099339,16.465292,-0.010736,-0.456970,0.073809,7.680000,22.054142

0.688116,1.172496,9.504096,16.450586,0.080394,-0.367439,0.115377,7.676000,22.054142

2.211349,2.638248,8.833491,16.438822,0.141947,-0.233142,0.111646,7.672000,22.054142

1.828146,2.674173,8.483818,16.429998,-0.004074,-0.222750,0.214767,7.680000,22.054142

0.961149,2.940020,8.404782,16.456469,0.015644,-0.118563,0.285646,7.676000,22.054142

-0.207621,2.621483,8.960427,16.453527,0.064939,-0.063405,0.161208,7.676000,22.054142

0.206717,3.227422,8.910131,16.450586,-0.004341,-0.042355,-0.109251,7.680000,22.054142

0.218693,4.506363,8.447892,16.441763,0.023371,-0.005050,-0.294442,7.680000,22.054142

0.767152,5.196129,9.017907,16.438822,-0.007005,-0.030630,-0.460981,7.688000,22.054142

0.937198,3.344779,10.866862,16.453527,-0.003275,0.035985,-0.635248,7.692000,22.054142

1.339562,4.633299,9.293335,16.444704,-0.021128,0.056236,-0.761285,7.696000,22.054142

1.025814,6.180482,9.032277,16.432940,-0.010736,0.075688,-0.778338,7.700000,22.054142

1.265316,3.193892,7.676696,16.429998,0.117433,-0.026900,-0.800721,7.700000,22.054142

-0.459098,2.025123,7.875483,16.441763,-0.029388,-0.080992,-0.687208,7.696000,22.054142

-2.003886,1.785621,9.894485,16.450586,-0.045909,-0.126290,-0.404758,7.704000,22.054142

-0.679440,2.671778,10.720766,16.438822,-0.069891,-0.138015,-0.229159,7.708000,22.054142

-2.279313,1.694610,10.553115,16.453527,-0.021661,-0.045019,-0.091398,7.712000,22.054142

-0.042365,1.165311,9.678933,16.444704,0.034296,-0.218486,0.118841,7.708000,22.054142

1.368302,0.068392,10.253737,16.432940,0.000189,-0.119362,0.214501,7.704000,22.054142

2.690353,-0.415402,8.972402,16.432940,-0.042711,-0.062073,0.196648,7.700000,22.054142

1.399437,-0.254936,9.516071,16.432940,-0.026191,0.101269,0.257668,7.700000,21.617281

1.533558,0.731812,9.983100,16.432940,0.009515,0.152696,0.272323,7.688000,21.617281

1.844911,1.503009,10.598620,16.418234,-0.000877,0.111394,0.126302,7.688000,21.617281

1.464103,-0.487253,9.822634,16.435881,-0.071489,0.219578,0.062884,7.684000,21.617281

-0.310607,1.761671,9.336445,16.424116,-0.052837,0.292855,0.175597,7.680000,21.617281

-2.736762,2.101763,8.716135,16.424116,-0.008338,0.311241,0.049561,7.676000,21.617281

-2.116452,2.834639,9.065807,16.409410,-0.008071,0.241694,-0.061021,7.676000,21.617281

-0.808771,2.147269,8.979588,16.429998,-0.065094,0.203590,-0.063686,7.680000,21.617281

-1.809889,3.330408,9.120893,16.424116,0.051616,0.309376,-0.031444,7.680000,21.617281

-2.530790,4.015384,8.862231,16.406469,0.013512,0.161756,-0.095928,7.692000,21.617281

-2.921178,4.544683,8.874207,16.418234,-0.007805,0.169216,-0.192121,7.692000,21.617281

-3.503168,2.511312,9.707673,16.400587,-0.048840,0.119921,-0.199848,7.700000,21.617281

-4.365375,3.004686,10.086086,16.415293,-0.036316,0.070359,-0.171603,7.700000,21.617281

-5.368888,5.531432,10.160332,16.418234,0.069736,0.067428,-0.204378,7.700000,21.617281

-5.752091,2.985526,10.311218,16.406469,-0.043244,-0.185712,-0.096727,7.704000,21.617281

-5.136571,3.181917,10.529164,16.406469,0.087589,-0.346122,0.158277,7.704000,21.617281

-3.764225,1.265902,10.114826,16.409410,0.165929,-0.471892,0.444991,7.708000,21.617281

-3.325936,-0.250146,9.563972,16.400587,0.085457,-0.486548,0.738100,7.712000,21.617281

-2.581085,-0.851296,10.342353,16.397646,0.025503,-0.541439,0.924890,7.700000,21.617281

0.422269,-1.861994,10.478869,16.421175,0.025503,-0.366640,1.083169,7.692000,21.617281

-0.027994,-1.306349,9.645403,16.400587,0.044955,-0.308018,1.070112,7.696000,21.617281

-1.110543,-2.364948,9.044252,16.400587,0.130223,-0.212358,0.867867,7.684000,21.617281

-4.669542,-1.586567,9.245434,16.391764,0.059877,-0.153736,0.486026,7.684000,21.692761

3.933368,1.965247,13.019985,16.397646,-0.327826,-0.088719,-0.007995,7.676000,21.692761

2.465221,-0.015434,8.160490,16.403528,-0.079217,-0.579277,-0.050629,7.668000,21.692761

3.382514,4.685990,8.665839,16.403528,0.512063,-0.095114,0.089797,7.664000,21.692761

-4.307894,3.222633,9.195139,16.400587,0.115301,-0.221418,-0.158280,7.672000,21.692761

-0.729735,1.474268,8.958032,16.427057,-0.093339,-0.413271,-0.304568,7.672000,21.692761

2.084413,3.953113,8.708950,16.409410,0.077730,-0.131886,-0.190522,7.672000,21.692761

3.631596,4.415352,7.530600,16.397646,0.007117,-0.081791,0.011457,7.672000,21.692761

1.701210,4.044125,9.080178,16.415293,-0.042179,0.007740,0.107117,7.680000,21.692761

0.743202,3.768697,9.865745,16.397646,-0.096803,0.045844,0.159343,7.676000,21.692761

0.848583,5.672738,8.936477,16.412352,0.100912,0.116990,0.240614,7.688000,21.692761

-0.406408,5.191339,7.477910,16.391764,-0.011002,0.052506,0.300568,7.692000,21.692761

-0.614774,3.818992,9.887300,16.412352,-0.077085,0.058102,0.235019,7.696000,21.692761

0.422269,3.323223,10.191467,16.397646,0.054547,0.060233,0.159343,7.692000,21.692761

0.786312,2.822664,7.319838,16.409410,0.072134,0.019198,0.072743,7.696000,21.692761

1.404227,0.868328,9.805869,16.385881,-0.100800,0.057036,-0.011726,7.700000,21.692761

3.590880,2.331685,9.329260,16.388823,-0.156491,0.194530,0.078072,7.696000,21.692761

3.962108,0.303104,10.907578,16.391764,-0.238828,0.287259,0.123371,7.696000,21.692761

2.996915,1.749696,11.985336,16.394705,-0.078151,0.374926,0.124970,7.700000,21.692761

1.816171,1.323382,10.519585,16.382940,0.011913,0.419958,-0.013857,7.692000,21.692761

-0.190856,0.545001,8.555669,16.377058,0.080927,0.508690,-0.165475,7.688000,21.692761

-1.105753,2.779554,9.664562,16.385881,-0.006206,0.391979,-0.374381,7.684000,21.692761

-3.883976,0.801268,9.020303,16.374117,0.081727,0.306711,-0.547848,7.684000,21.692761

-1.934430,2.020333,8.443103,16.374117,-0.011535,0.099670,-0.398896,7.688000,20.971216

0.364789,1.574859,9.020303,16.359411,-0.004607,0.139639,-0.057824,7.684000,20.971216

-0.748895,3.601046,9.540022,16.368235,-0.029655,0.269406,0.296838,7.680000,20.971216

-1.326095,2.877750,9.774734,16.350588,-0.067492,0.264344,0.490290,7.684000,20.971216

0.501305,3.565120,8.095824,16.371176,0.035629,0.240362,0.476700,7.692000,20.971216

0.187557,4.563844,8.208390,16.347647,-0.021927,0.364001,0.393031,7.696000,20.971216

0.012721,3.474110,9.310100,16.332939,-0.038448,0.397308,0.305365,7.700000,20.971216

-0.736920,4.238121,9.439431,16.362352,-0.073888,0.540399,0.165472,7.696000,20.971216

-0.636329,4.566239,9.607082,16.365294,-0.044310,0.590760,0.040235,7.700000,20.971216

-0.657885,4.156691,7.796447,16.365294,0.027901,0.510288,-0.055958,7.700000,20.971216

-1.867369,3.869288,8.196416,16.356470,-0.100001,0.511088,-0.139894,7.708000,20.971216

-3.155890,3.603441,9.798684,16.347647,-0.146365,0.491103,-0.278455,7.704000,20.971216

-2.578690,1.675450,10.658496,16.356470,-0.028322,0.449535,-0.419413,7.708000,20.971216

-3.201395,2.350845,8.874207,16.341763,0.110771,0.362402,-0.565168,7.712000,20.971216

-2.832562,1.297037,10.936318,16.374117,-0.067492,0.268873,-0.788464,7.712000,20.971216

-3.175050,-0.611794,8.986773,16.347647,0.091319,0.135909,-0.958200,7.712000,20.971216

-2.023046,-0.999787,9.566367,16.329998,0.004719,-0.039690,-1.184161,7.704000,20.971216

-0.174091,-3.131354,10.292058,16.329998,-0.004607,-0.188909,-1.243049,7.708000,20.971216

-2.006281,-1.737453,10.366303,16.341763,0.129423,-0.204630,-1.258770,7.700000,20.971216

0.137262,-1.114748,9.810658,16.327057,0.082792,-0.381029,-1.314727,7.696000,20.971216

-1.484166,-0.693224,10.471684,16.347647,0.079328,-0.374367,-1.323254,7.692000,20.971216

0.874928,0.209698,9.626243,16.335880,0.197371,-0.380229,-1.398396,7.684000,20.971216

0.759967,2.149664,9.056228,16.329998,0.255194,-0.351984,-1.184693,7.684000,22.466560

-0.782426,2.901700,10.325588,16.306469,0.296229,-0.462566,-1.042403,7.684000,22.466560

-1.903295,3.203472,9.063413,16.338821,0.262655,-0.521721,-0.931821,7.688000,22.466560

0.407899,4.961417,7.885063,16.318233,0.285304,-0.605923,-0.798056,7.684000,22.466560

0.894088,5.315880,9.159214,16.321175,0.295696,-0.569417,-0.565968,7.688000,22.466560

-0.219596,5.596097,9.341235,16.318233,0.325806,-0.575280,-0.298706,7.696000,22.466560

-0.387247,5.387731,8.531718,16.324116,0.298893,-0.611252,-0.166274,7.700000,22.466560

-1.407526,4.362662,9.358000,16.306469,0.261322,-0.590734,-0.011193,7.704000,22.466560

-3.824100,4.470438,8.196416,16.312351,0.287969,-0.526517,0.142023,7.708000,22.466560

-2.969078,2.252650,7.451564,16.309410,0.110238,-0.635767,0.212636,7.712000,22.466560

-3.888766,2.884935,8.215575,16.321175,0.190976,-0.666410,0.299769,7.712000,22.466560

-0.547714,3.337594,9.288545,16.315292,0.057478,-0.694388,0.332011,7.712000,22.466560

1.394647,2.147269,10.169911,16.306469,0.102244,-0.594199,0.497218,7.716000,22.466560

3.770506,2.300550,9.781919,16.306469,-0.083480,-0.391954,0.630449,7.716000,22.466560

3.904628,0.669542,8.076665,16.315292,-0.063495,-0.242202,0.762881,7.712000,22.466560

2.788548,-1.268029,11.089600,16.297646,-0.161554,-0.082324,0.718382,7.712000,22.466560

0.805472,-0.592633,12.026052,16.303528,-0.053636,0.002944,0.592078,7.700000,22.466560

-0.736920,0.707862,10.265713,16.300587,-0.003808,0.155360,0.371980,7.700000,22.466560

-0.210016,0.458780,9.834609,16.294704,0.078263,0.008540,0.391699,7.692000,22.466560

-0.741710,1.596414,10.795012,16.279999,0.053748,-0.033295,0.363986,7.692000,22.466560

-4.480336,-0.422587,8.433522,16.265293,0.101445,0.043180,0.247276,7.692000,22.466560

-1.474586,0.461175,7.576105,16.268234,0.063074,-0.094581,0.365319,7.692000,22.466560

-0.236361,3.905213,8.840676,16.279999,0.018042,-0.018107,0.675748,7.688000,22.569756

2.067648,2.698123,9.096943,16.303528,0.004985,-0.062339,0.982446,7.688000,22.569756

2.790944,2.860985,8.376042,16.312351,0.022039,0.164687,1.234253,7.700000,22.569756

0.697697,4.360267,8.397597,16.291763,0.050550,0.342950,1.433034,7.700000,22.569756

0.934803,2.815479,8.735295,16.268234,0.023904,0.400772,1.544682,7.700000,22.569756

0.630636,2.971155,9.190349,16.285881,0.115301,0.566512,1.398927,7.708000,22.569756

0.977914,5.687108,8.632309,16.288822,0.167261,0.740779,1.036271,7.708000,22.569756

-0.818351,4.820111,8.787985,16.277058,0.014312,0.902255,0.622721,7.712000,22.569756

-2.061366,5.162599,8.198811,16.271175,0.059610,0.890797,0.150550,7.716000,22.569756

-4.782108,6.010436,8.464658,16.259411,-0.007005,0.765027,-0.312828,7.720000,22.569756

-4.580926,3.052586,9.937595,16.277058,-0.162620,0.403970,-0.701597,7.724000,22.569756

-3.668424,0.022887,11.266830,16.277058,-0.008604,0.285128,-0.771410,7.720000,22.569756

-5.019215,-0.820160,10.126801,16.279999,0.065739,0.179342,-0.710657,7.720000,22.569756

-4.738998,-1.541061,10.830937,16.265293,-0.160488,0.025327,-0.647505,7.716000,22.569756

-1.939220,-1.052477,9.789104,16.265293,-0.220175,-0.049283,-0.460715,7.716000,22.569756

-0.107030,0.647987,10.102851,16.253529,-0.031254,-0.093249,-0.329882,7.708000,22.569756

-1.441056,-0.621374,11.266830,16.265293,0.053748,-0.107638,-0.339208,7.708000,22.569756

-1.481771,-0.063334,10.387858,16.268234,0.093451,-0.251528,-0.364256,7.708000,22.569756

-0.662675,0.774923,9.686118,16.282940,-0.045110,-0.243001,-0.118577,7.696000,22.569756

1.016234,1.062325,9.734018,16.247646,0.089987,-0.175053,-0.083404,7.692000,22.569756

1.880836,1.946087,9.415481,16.259411,0.087056,-0.109770,-0.077275,7.700000,22.569756

0.412689,3.217843,8.658654,16.265293,0.104109,-0.010912,-0.054360,7.692000,23.049141

-1.000372,2.789134,7.774892,16.279999,0.018841,-0.126823,-0.185459,7.692000,23.049141

0.161212,2.896910,7.755732,16.271175,0.091586,-0.089252,-0.336011,7.696000,23.049141

0.704881,4.503968,8.519743,16.265293,-0.029122,-0.050349,-0.455119,7.696000,23.049141

-0.140560,3.660921,9.010722,16.259411,-0.091741,-0.025035,-0.478302,7.696000,23.049141

0.091757,4.621324,10.275292,16.262352,0.099846,-0.024235,-0.427940,7.704000,23.049141

0.903668,4.709940,10.418994,16.265293,0.035096,-0.079127,-0.447125,7.708000,23.049141

0.783917,5.270374,8.835886,16.277058,0.002321,-0.016241,-0.532393,7.716000,23.049141

-0.480653,4.257281,9.441826,16.247646,0.004452,0.001612,-0.492957,7.720000,23.049141

1.011444,4.975787,8.570039,16.259411,0.011913,0.037051,-0.536124,7.724000,23.049141

1.226996,3.579490,9.640613,16.253529,-0.010736,-0.031963,-0.480167,7.724000,23.049141

2.618502,0.274364,12.071557,16.250587,-0.052837,-0.047950,-0.369851,7.724000,23.049141

-0.262706,-0.355527,11.331496,16.256470,0.013246,0.105265,-0.271260,7.728000,23.049141

-1.594337,1.311407,8.622729,16.256470,-0.106662,0.058901,-0.207043,7.720000,23.049141

-0.248336,1.397628,7.937753,16.253529,0.002054,-0.000520,-0.158280,7.720000,23.049141

0.486935,0.477940,10.114826,16.256470,-0.017664,0.009605,-0.253407,7.716000,23.049141

0.628241,0.307894,12.073953,16.250587,0.052149,0.090876,-0.350133,7.712000,23.049141

-0.133375,0.810848,9.446616,16.256470,0.010848,0.161756,-0.322421,7.712000,23.049141

0.331258,-0.604609,8.335326,16.250587,-0.134907,0.025593,-0.188124,7.708000,23.049141

-3.321146,-0.060939,11.757810,16.244705,0.032964,0.138573,0.161208,7.700000,23.049141

0.194742,-0.786630,8.893367,16.247646,-0.101866,0.148699,0.111913,7.696000,23.049141

-2.600245,1.174891,7.995234,16.244705,0.067871,0.091143,0.096192,7.700000,23.049141

0.831818,5.038058,8.275451,16.230000,0.005785,0.001612,0.364519,7.704000,23.280147

0.290543,2.427486,9.209509,16.238823,-0.025658,0.155360,0.480697,7.700000,23.280147

-2.657726,2.472991,8.237131,16.250587,0.019907,0.223575,0.488424,7.704000,23.280147

-4.559371,2.216724,9.458591,16.244705,-0.106662,0.197994,0.561968,7.704000,23.280147

-3.764225,2.338870,8.823911,16.227058,0.004719,0.156160,0.579022,7.704000,23.280147

-2.782267,5.727823,9.492122,16.227058,0.031632,0.190533,0.557705,7.716000,23.280147

-4.604877,4.918307,10.287268,16.238823,0.028168,0.116190,0.484427,7.716000,23.280147

-4.140243,1.790411,9.504096,16.218235,0.054281,-0.035160,0.360256,7.720000,23.280147

-4.633617,0.695887,9.422666,16.232941,0.091586,0.000013,0.240881,7.724000,23.280147

-6.353241,2.743629,9.575947,16.227058,-0.066960,0.041314,0.346400,7.728000,23.280147

-5.095856,1.543724,10.502819,16.230000,-0.213247,-0.067136,0.328547,7.724000,23.280147

-1.819469,-0.774655,11.410532,16.227058,0.067871,-0.251794,0.239016,7.724000,23.280147

-0.837511,-1.723083,8.622729,16.215292,0.158201,-0.262719,0.296571,7.716000,23.280147

-2.367929,-0.913566,9.240644,16.238823,0.009249,-0.201433,0.223561,7.712000,23.280147

-1.910480,-2.410453,8.352092,16.235882,-0.097070,-0.267249,0.089797,7.708000,23.280147

1.279686,1.241951,8.778405,16.230000,0.052149,-0.193439,-0.164409,7.700000,23.280147

-0.751290,0.494705,10.380673,16.230000,0.071068,-0.017307,-0.323487,7.704000,23.280147

-1.084198,1.713770,9.719648,16.209410,0.112636,-0.149206,-0.478568,7.700000,23.280147

-0.475863,0.224068,9.051437,16.200586,0.039359,-0.220618,-0.598742,7.688000,23.280147

1.856886,1.045560,9.556787,16.215292,0.033763,-0.244600,-0.582222,7.696000,23.280147

0.848583,1.898187,9.358000,16.215292,0.014578,-0.186777,-0.523867,7.692000,23.280147

0.580340,3.028636,8.541298,16.206469,0.025769,-0.166526,-0.508412,7.696000,23.280147

-1.692533,2.942415,8.886181,16.197645,0.004719,-0.262986,-0.432470,7.684000,22.649459

-1.136889,1.962852,10.193862,16.200586,0.058278,-0.247797,-0.414084,7.692000,22.649459

-0.600404,3.342384,9.611873,16.206469,0.074799,-0.320009,-0.422344,7.696000,22.649459

0.407899,4.250096,8.330537,16.194704,0.087589,-0.248597,-0.280586,7.700000,22.649459

-0.049550,4.851246,9.238249,16.203527,0.039892,-0.310682,-0.073012,7.704000,22.649459

3.337008,5.332645,10.028605,16.227058,0.068936,-0.217687,0.087398,7.704000,22.649459

4.366867,4.048914,10.038186,16.218235,-0.191930,-0.038358,0.183858,7.712000,22.649459

2.905905,3.981854,10.612990,16.209410,-0.036316,0.070359,0.260865,7.708000,22.649459

2.793339,3.876473,9.154424,16.212351,0.164063,0.138040,0.372780,7.712000,22.649459

1.734740,3.062166,8.567643,16.218235,-0.062963,0.105798,0.390899,7.716000,22.649459

1.650914,0.121082,10.579460,16.200586,-0.153293,0.235033,0.342669,7.712000,22.649459

0.067806,-0.032199,10.610596,16.215292,0.110505,0.353609,0.211037,7.712000,22.649459

-1.316515,2.719678,8.045529,16.221176,0.166195,0.361069,0.038636,7.712000,22.649459

-0.878226,-0.101654,8.718530,16.203527,-0.142102,0.205722,-0.093263,7.708000,22.649459

0.137262,-0.290861,9.561577,16.185881,-0.018463,0.305112,-0.155882,7.704000,22.649459

-0.732130,2.571187,8.661049,16.200586,-0.124515,0.228638,-0.430338,7.700000,22.649459

-0.641119,-0.149555,9.676538,16.221176,-0.150096,0.346947,-0.721315,7.708000,22.649459

-1.232689,1.943692,9.310100,16.212351,0.001788,0.272071,-0.688807,7.704000,22.649459

-0.753685,3.586675,10.486054,16.206469,0.067338,0.140705,-0.490292,7.708000,22.649459

0.985099,3.941139,9.482541,16.200586,-0.040313,0.191066,-0.446859,7.704000,22.649459

1.277291,1.874237,8.632309,16.209410,-0.037382,0.187069,-0.469508,7.704000,22.649459

0.642611,2.726864,8.615544,16.194704,0.039093,0.284595,-0.436467,7.712000,22.649459

-3.256481,3.586675,8.172465,16.185881,0.026036,0.277400,-0.328017,7.712000,22.655779

-2.466124,3.110067,9.389135,16.200586,-0.085345,0.120187,-0.244614,7.712000,22.655779

-3.206185,3.665711,10.117222,16.194704,-0.016065,0.134576,-0.156681,7.720000,22.655779

-4.310289,3.950719,8.162886,16.185881,0.031898,0.027725,-0.083937,7.728000,22.655779

-4.149823,2.453831,10.126801,16.174116,-0.036583,-0.004251,-0.016522,7.728000,22.655779

-5.004845,1.206026,10.246552,16.206469,0.118232,-0.132952,0.036238,7.732000,22.655779

-4.159403,1.560489,9.990285,16.197645,-0.012868,-0.296560,0.091395,7.732000,22.655779

-5.004845,0.149823,10.316008,16.182940,-0.073621,-0.333065,0.092994,7.728000,22.655779

-3.093619,0.449200,10.605805,16.171175,0.103843,-0.350385,0.217166,7.724000,22.655779

-1.338070,0.240833,9.221484,16.188822,0.110771,-0.447911,0.367983,7.720000,22.655779

-0.109425,-2.053595,8.831096,16.168234,-0.057900,-0.500670,0.473502,7.712000,22.655779

-0.135770,-2.240407,10.577065,16.177057,-0.052304,-0.286434,0.496951,7.712000,22.655779

0.309703,2.482572,11.535073,16.165293,0.131022,-0.181981,0.395429,7.712000,22.655779

-1.692533,-0.889616,11.820080,16.159410,-0.012068,-0.205963,0.226225,7.708000,22.655779

-2.099686,0.073182,7.923383,16.200586,0.182716,-0.220618,0.083934,7.704000,22.655779

-2.854117,0.231253,9.997471,16.171175,0.060143,-0.212624,-0.113514,7.696000,22.655779

-2.020651,0.300709,10.344748,16.159410,0.046820,-0.274710,-0.139095,7.700000,22.655779

-2.911598,2.410721,8.716135,16.165293,0.038293,-0.252061,-0.169205,7.696000,22.655779

-2.741552,2.384376,8.332932,16.165293,0.072667,-0.410872,-0.055426,7.692000,22.655779

-0.382457,2.992711,8.704160,16.162352,0.092119,-0.447111,0.156146,7.696000,22.655779

1.006654,4.204591,9.058622,16.153528,0.125693,-0.386358,0.331744,7.700000,22.655779

2.206559,3.701637,8.593988,16.159410,0.064406,-0.304287,0.450054,7.704000,22.655779

2.139498,5.088353,7.717412,16.156469,-0.028056,-0.160664,0.484427,7.704000,22.903986

0.108522,4.072865,8.680209,16.150587,0.054281,-0.062073,0.311493,7.704000,22.903986

1.567089,4.147110,9.034673,16.162352,-0.064828,-0.059142,0.147086,7.708000,22.903986

3.420834,4.554264,9.008327,16.150587,-0.123450,0.247556,-0.310164,7.720000,22.903986

2.604132,2.288575,9.178373,16.168234,-0.082681,0.302714,-0.336011,7.720000,22.903986

2.292779,3.248978,11.297966,16.168234,-0.187134,0.299783,-0.248877,7.724000,22.903986

2.295175,3.550750,11.336287,16.144705,-0.039247,0.314971,-0.131367,7.720000,22.903986

1.068924,1.538934,10.263317,16.156469,0.061475,0.401838,-0.060488,7.728000,22.903986

-1.867369,-0.671669,9.022697,16.162352,-0.033652,0.240095,0.014654,7.716000,22.903986

-1.122518,-1.802118,9.413086,16.150587,-0.146632,0.197461,-0.075943,7.720000,22.903986

0.074991,-0.199850,10.931528,16.150587,0.039892,0.229171,-0.099392,7.712000,22.903986

0.692906,3.407049,10.505215,16.162352,-0.049373,0.284062,-0.131101,7.712000,22.903986

1.502423,1.105435,11.111155,16.147646,-0.080549,0.302181,-0.134298,7.712000,22.903986

0.084571,0.082762,8.483818,16.168234,0.115834,0.294454,0.089530,7.704000,22.903986

0.180372,1.313802,7.753336,16.150587,-0.024858,0.148965,0.208639,7.704000,22.903986

2.283200,1.483848,9.669353,16.159410,-0.015266,0.349878,0.126835,7.704000,22.903986

0.235458,3.371124,9.209509,16.144705,-0.046442,0.491636,0.132164,7.700000,22.903986

-0.653095,2.686148,8.194020,16.153528,-0.000077,0.430616,0.183325,7.704000,22.903986

-1.136889,3.244188,7.894643,16.147646,-0.046442,0.520680,-0.012259,7.704000,22.903986

-3.675609,4.652460,8.584409,16.162352,-0.063229,0.552656,-0.331481,7.708000,22.903986

-4.027677,3.842942,9.209509,16.153528,-0.022194,0.447936,-0.595811,7.712000,22.903986

-5.162916,4.590189,9.935200,16.144705,0.080927,0.186537,-0.731174,7.716000,23.139518

-3.575018,3.524405,9.472961,16.141764,-0.100800,0.013069,-0.702130,7.728000,23.139518

-4.698283,2.302945,9.949570,16.144705,-0.047241,-0.031696,-0.663226,7.728000,23.139518

-4.607272,3.059771,10.447734,16.124117,0.080661,-0.201966,-0.507346,7.732000,23.139518

-4.298315,0.923414,10.383068,16.141764,0.013512,-0.231010,-0.263533,7.732000,23.139518

-3.036139,1.229976,9.877720,16.153528,0.164596,-0.371702,-0.149220,7.732000,23.139518

-2.305658,-1.428495,9.906460,16.147646,0.095583,-0.504401,-0.003465,7.732000,23.139518

-1.790729,-1.663207,9.499307,16.153528,-0.021128,-0.495607,0.088198,7.732000,23.139518

-1.797914,0.509075,9.683722,16.147646,0.051350,-0.338128,0.228623,7.724000,23.139518

-1.309330,0.101922,8.943662,16.153528,0.087056,-0.371969,0.327215,7.720000,23.139518

0.247433,-1.251264,9.266990,16.159410,0.060676,-0.277641,0.140957,7.716000,23.139518

-2.226622,0.190538,9.554392,16.132940,0.299426,-0.304021,-0.130834,7.708000,23.139518

1.397042,2.096973,12.186519,16.150587,0.070802,-0.488413,-0.293909,7.696000,23.139518

-1.247059,-3.203205,11.748230,16.159410,0.059077,-0.604857,-0.276323,7.700000,23.139518

3.308268,1.720955,5.236171,16.144705,0.188312,-0.326137,-0.071946,7.696000,23.139518

-3.129545,5.167388,7.367738,16.171175,0.097714,-0.065271,-0.067150,7.696000,23.139518

0.218693,3.474110,9.058622,16.162352,0.018841,-0.469228,-0.168406,7.696000,23.139518

-0.214806,3.696846,8.019184,16.144705,0.136884,-0.406342,-0.098326,7.704000,23.139518

0.427059,4.408167,8.888577,16.129999,0.005785,-0.361310,-0.086868,7.708000,23.139518

-0.322582,4.288416,9.209509,16.147646,0.053215,-0.375166,-0.148954,7.712000,23.139518

1.624569,4.015384,8.546088,16.129999,0.140615,-0.303754,-0.089533,7.712000,23.139518

0.884508,2.987921,8.601173,16.141764,-0.061630,-0.273644,0.045564,7.712000,23.116713

0.690511,3.835757,8.943662,16.135881,-0.021394,-0.215289,0.188388,7.716000,23.116713

0.882113,3.059771,10.579460,16.141764,-0.065361,-0.158532,0.164939,7.724000,23.116713

2.790944,3.785462,9.049043,16.141764,0.059877,-0.121228,0.182792,7.724000,23.116713

3.166962,2.235884,9.240644,16.141764,-0.092007,-0.028499,0.279518,7.716000,23.116713

3.617225,2.005963,10.435759,16.153528,0.019907,0.027458,0.436997,7.720000,23.116713

3.669916,2.920860,9.477751,16.129999,-0.089875,0.127382,0.507077,7.720000,23.116713

4.383632,-1.315929,9.393926,16.150587,-0.026457,0.172148,0.556372,7.720000,23.116713

-0.370482,0.762947,8.656260,16.132940,-0.030721,0.541997,0.583285,7.712000,23.116713

-1.041088,-0.175900,9.307705,16.144705,-0.089076,0.423955,0.325616,7.704000,23.116713

-2.643356,-0.262121,8.895761,16.132940,-0.021927,0.503094,0.055689,7.700000,23.116713

-2.214647,2.223909,8.795171,16.153528,0.084924,0.393578,-0.021585,7.704000,23.116713

-2.070946,2.300550,9.429851,16.159410,-0.136773,0.362135,-0.079940,7.700000,23.116713

-2.442174,0.044442,10.028605,16.138823,-0.153560,0.338154,-0.150553,7.704000,23.116713

-3.515143,4.556659,7.839557,16.129999,0.071335,0.337354,-0.087934,7.700000,23.116713

0.027091,4.769815,8.596384,16.127058,-0.029388,0.155893,0.035705,7.704000,23.116713

1.531163,2.602323,10.373488,16.138823,0.011647,0.282197,0.142290,7.708000,23.116713

-0.365692,4.216566,9.219090,16.132940,0.007384,0.391713,0.170801,7.712000,23.116713

-1.225504,3.874078,8.205996,16.147646,-0.038182,0.390380,0.094060,7.712000,23.116713

-1.163234,4.048914,8.014394,16.118235,0.020973,0.463924,-0.040770,7.720000,23.116713

-3.608549,2.559212,9.726833,16.132940,-0.083747,0.419958,-0.224096,7.720000,23.116713

-5.225187,3.864498,9.664562,16.141764,-0.084013,0.396775,-0.425009,7.728000,22.914835

-5.740116,3.354359,9.590317,16.138823,-0.007272,0.162821,-0.642442,7.728000,22.914835

-5.435948,2.860985,10.768666,16.124117,-0.058699,0.097272,-0.853747,7.732000,22.914835

-5.953273,-0.173505,11.209351,16.124117,-0.060831,-0.045286,-0.944611,7.732000,22.914835

-4.219279,0.425250,9.971126,16.127058,0.044155,-0.289898,-0.865205,7.732000,22.914835

-3.491193,-0.676459,10.050160,16.118235,0.099580,-0.419399,-0.519603,7.732000,22.914835

-2.312843,-0.113630,9.417875,16.118235,0.049218,-0.408741,-0.259269,7.728000,22.914835

-0.401617,0.547396,10.500424,16.121176,0.202701,-0.508664,-0.121775,7.728000,22.914835

1.823356,0.758158,10.256132,16.127058,0.240005,-0.445513,0.164939,7.728000,22.914835

3.418439,1.433553,10.833332,16.124117,0.215224,-0.404211,0.197714,7.720000,22.914835

0.877323,0.640802,7.734177,16.118235,0.102511,-0.257656,0.110581,7.720000,22.914835

-1.177604,1.605994,8.732900,16.118235,0.063074,-0.192373,-0.084203,7.712000,22.914835

-1.120123,5.028478,8.974797,16.127058,-0.016065,-0.147874,-0.257937,7.720000,22.914835

1.078505,4.571029,9.013118,16.135881,0.008982,-0.204097,-0.282452,7.716000,22.914835

-0.724945,4.999737,8.584409,16.103529,0.257592,-0.110569,-0.245147,7.720000,22.914835

-2.949918,4.367452,8.122169,16.100588,0.008716,-0.285901,-0.239551,7.728000,22.914835

-1.615892,2.535262,10.248947,16.118235,0.028967,-0.343990,-0.249677,7.728000,22.914835

-0.689020,4.942257,9.046648,16.097647,0.123295,-0.268581,-0.189989,7.732000,22.914835

-2.183512,6.355319,6.929450,16.124117,-0.005407,-0.373568,-0.145490,7.740000,22.914835

-0.250731,6.937308,10.160332,16.112352,0.091586,-0.303754,-0.084736,7.744000,22.914835

-0.662675,3.533985,11.381792,16.115294,0.084924,-0.306952,0.051692,7.748000,22.914835

2.122733,2.075418,10.169911,16.103529,-0.123716,-0.441249,0.299236,7.752000,22.914835

4.086649,2.032308,11.149475,16.127058,-0.043511,-0.070067,0.535588,7.748000,22.914835

2.105968,2.666988,10.495634,16.109411,-0.008338,0.124451,0.482296,7.744000,22.914835

2.386185,-0.918356,6.721083,16.112352,-0.365131,0.161756,0.363986,7.744000,22.914835

0.867743,-1.414125,9.013118,16.115294,-0.007005,0.323765,0.401824,7.744000,22.914835

2.534677,2.123319,7.949728,16.109411,0.033230,0.380255,0.342403,7.744000,22.914835

1.909576,1.512589,9.966335,16.118235,-0.060831,0.298984,0.314957,7.736000,22.914835

1.983822,0.046837,9.302915,16.109411,-0.030454,0.521213,0.105784,7.740000,22.914835

0.031881,0.559371,8.919712,16.115294,-0.052571,0.537468,0.012256,7.732000,22.914835

-1.563202,1.110225,10.713581,16.121176,-0.041646,0.436745,-0.034908,7.732000,22.914835

-1.496141,0.863538,10.011841,16.124117,-0.010203,0.404769,-0.131367,7.728000,22.914835

-1.553622,5.164994,8.318562,16.109411,0.035895,0.420491,-0.221965,7.728000,22.914835

-0.257916,1.584439,8.028764,16.112352,0.013246,0.350677,-0.297373,7.736000,22.914835

-2.408644,4.659645,8.275451,16.097647,0.017243,0.313373,-0.292577,7.740000,22.914835

-2.540370,4.254886,8.241920,16.085880,0.011114,0.231569,-0.268063,7.740000,22.914835

-3.227741,3.646551,7.396479,16.115294,-0.092007,0.294454,-0.249144,7.748000,22.914835

-4.688703,3.689661,9.025092,16.103529,-0.074687,0.183605,-0.148687,7.752000,22.914835

-5.440739,3.002291,10.397439,16.097647,-0.110926,-0.004784,-0.160945,7.756000,22.914835

-4.844379,3.090906,9.729228,16.121176,-0.061097,-0.037026,-0.352531,7.756000,22.914835

-5.974828,0.698282,11.108760,16.088821,0.046820,-0.170523,-0.458317,7.760000,12.674916

-4.228859,0.667147,10.572275,16.109411,-0.024858,-0.345589,-0.456185,7.756000,12.674916

-1.939220,-0.041779,8.953242,16.088821,0.046820,-0.523319,-0.448191,7.752000,12.674916

-0.859066,-0.295651,8.112590,16.121176,0.071601,-0.549699,-0.341606,7.756000,12.674916

-1.678163,-0.906381,9.362790,16.118235,0.142746,-0.529715,-0.224896,7.752000,12.674916

0.465380,-0.444142,10.871653,16.106470,0.023904,-0.413803,-0.149487,7.752000,12.674916

0.012721,0.698282,10.605805,16.091763,0.118765,-0.286168,-0.031177,7.748000,12.674916

-0.394432,0.851563,9.578342,16.103529,0.182183,-0.406342,0.158810,7.744000,12.674916

-0.004044,1.447923,7.920988,16.091763,0.075864,-0.447644,-0.009860,7.744000,12.674916

-0.645909,2.513707,7.954518,16.100588,0.176587,-0.361310,-0.120176,7.740000,12.674916

-0.377667,5.191339,11.003379,16.103529,0.100112,-0.435387,-0.126038,7.740000,12.674916

1.210231,3.945928,9.094548,16.091763,0.157668,-0.533712,-0.013591,7.748000,12.674916

2.096388,5.066798,7.252778,16.115294,0.311417,-0.396750,0.170002,7.744000,12.674916

0.508490,6.829532,6.028923,16.094706,0.121429,-0.366373,0.397827,7.748000,12.674916

0.877323,5.452396,9.554392,16.088821,0.008716,-0.330134,0.479631,7.756000,12.674916

1.203046,5.354200,11.120734,16.109411,-0.008871,-0.045019,0.469772,7.756000,12.674916

-0.207621,3.399864,9.825029,16.094706,-0.083747,0.016800,0.600072,7.764000,12.674916

1.104850,2.777159,7.647956,16.091763,-0.024326,0.011737,0.679478,7.764000,12.674916

1.808985,2.995106,8.890971,16.094706,-0.256414,0.061566,0.407420,7.764000,26.638069

1.945502,-3.124169,12.097902,16.091763,-0.071756,0.106864,0.378908,7.764000,26.638069

-1.208739,-0.389057,10.629756,16.085880,0.121429,0.347746,0.427937,7.768000,26.638069

-1.460216,1.720955,9.092153,16.097647,-0.084546,0.304046,0.379974,7.764000,26.638069

-1.769174,-0.171110,8.371252,16.094706,-0.080816,0.247556,0.398360,7.760000,26.638069

0.592316,0.846773,10.397439,16.085880,0.000988,0.223575,0.401558,7.760000,26.638069

0.029486,1.560489,10.296848,16.100588,0.047619,0.393844,0.247809,7.756000,26.638069

-0.808771,2.056258,8.845466,16.082939,-0.050705,0.495633,0.051159,7.760000,26.638069

-1.953590,2.393956,7.806027,16.091763,-0.080816,0.476181,-0.136963,7.760000,26.638069

0.216298,1.177286,8.840676,16.071175,-0.082947,0.251820,-0.327484,7.764000,26.638069

-0.224386,5.694293,7.844347,16.079998,0.258125,0.582500,-0.644574,7.768000,26.638069

-3.462452,6.796002,8.658654,16.085880,-0.101333,0.262478,-0.430072,7.764000,26.638069

-0.301027,3.658526,8.864626,16.079998,-0.070690,0.120720,-0.164942,7.772000,26.638069

-2.863698,5.888289,8.131750,16.088821,0.075065,0.266475,0.108182,7.772000,26.638069

-6.226305,3.392679,10.138777,16.097647,-0.053636,0.070625,0.399159,7.776000,26.638069

-7.613021,3.105277,10.780642,16.071175,0.022039,0.182540,0.387435,7.780000,26.638069

-5.292247,2.880145,10.495634,16.082939,-0.007272,-0.098845,0.138026,7.784000,26.638069

-4.238439,1.265902,8.131750,16.077057,-0.083214,-0.203565,0.049561,7.788000,26.638069

-3.419342,-0.209430,8.572433,16.062351,-0.123450,-0.340260,0.025313,7.788000,28.691471

-0.423173,-0.041779,9.377160,16.091763,0.037760,-0.293096,0.096458,7.780000,28.691471

-4.080368,-2.015275,9.559182,16.079998,0.007650,-0.191840,0.170801,7.780000,28.691471

0.872533,-0.784235,9.269384,16.074116,0.032431,-0.370637,0.011190,7.780000,28.691471

4.421952,-0.987812,10.100456,16.071175,0.154471,-0.014909,0.151882,7.776000,28.691471

1.308426,1.452713,7.350973,16.044704,0.210161,0.083948,0.069812,7.776000,28.691471

0.556390,5.148229,6.797724,16.082939,-0.041113,0.062099,-0.248344,7.772000,28.691471

1.351537,2.504127,7.885063,16.077057,-0.078151,-0.039690,-0.401827,7.768000,28.691471

0.218693,2.746024,9.695698,16.071175,0.014578,0.056769,-0.565435,7.768000,28.691471

-1.699718,6.424774,9.449011,16.056469,0.133154,0.156160,-0.708791,7.780000,28.691471

-0.389642,8.656932,8.795171,16.082939,0.126759,0.027725,-0.754357,7.784000,28.691471

-0.873436,9.643681,5.058939,16.050587,-0.069624,-0.098578,-0.532127,7.792000,28.691471

2.026932,-0.686039,12.117063,16.056469,-0.276932,-0.256058,-0.083404,7.792000,28.691471

1.864071,2.451436,13.240327,16.059410,0.018308,-0.137748,0.037037,7.792000,28.691471

4.033959,2.997501,12.416440,16.044704,-0.067492,-0.166260,0.110847,7.792000,28.691471

2.424506,0.192933,9.444221,16.053528,0.004452,0.075422,0.159077,7.796000,28.691471

1.485658,0.734207,9.542417,16.038822,0.112636,0.267541,0.160409,7.792000,29.589102

1.514398,1.689820,8.593988,16.062351,0.104109,0.066895,0.261931,7.796000,29.589102

2.400555,2.561607,8.735295,16.068233,-0.012068,0.233167,0.171601,7.788000,29.589102

1.119220,0.209698,8.069479,16.053528,-0.202855,0.309909,-0.081805,7.792000,29.589102

0.022301,-2.784076,9.487331,16.068233,-0.033385,0.360270,-0.389303,7.788000,29.589102

-2.585875,4.341107,9.736413,16.062351,0.297561,0.550258,-0.562237,7.796000,29.589102

-4.818034,4.276442,8.826305,16.053528,-0.223373,-0.026633,-0.520669,7.796000,29.589102

-2.490075,1.850286,8.747270,16.071175,-0.017131,-0.250995,-0.181196,7.792000,29.589102

-2.480494,6.154137,8.888577,16.050587,0.224550,-0.184113,0.492954,7.800000,29.589102

-2.571505,5.045243,9.611873,16.053528,-0.151961,-0.292563,1.031209,7.800000,29.589102

-3.860026,3.066956,10.486054,16.053528,0.069469,-0.238738,1.046130,7.808000,29.589102

-4.968920,5.639207,8.749665,16.062351,0.149142,-0.144410,0.810311,7.812000,29.589102

-5.414393,4.669225,9.128078,16.035881,-0.111725,-0.172122,0.333610,7.808000,29.589102

-6.358031,-2.446379,11.769785,16.044704,-0.177541,-0.290964,0.059953,7.808000,29.589102

-3.498378,-1.009367,11.714700,16.050587,0.000722,-0.342658,0.010391,7.812000,29.589102

-2.528395,-0.523178,9.501701,16.053528,0.033230,-0.347721,0.095925,7.812000,29.589102

1.418597,-0.944701,7.820397,16.038822,-0.028322,-0.419932,0.294973,7.812000,31.786869

4.292621,-1.794933,10.469289,16.032940,0.099313,-0.220618,0.567564,7.808000,31.786869

3.672311,0.442015,10.011841,16.047646,0.253861,-0.012244,0.775671,7.804000,31.786869

1.212626,1.737720,4.869733,16.050587,0.117965,-0.081525,0.737034,7.800000,31.786869

0.415084,1.136571,9.451406,16.024117,0.019108,0.132978,0.259267,7.804000,31.786869

1.351537,1.582044,10.165122,16.038822,0.139815,0.213982,-0.259802,7.804000,31.786869

1.385067,8.419826,7.506649,16.032940,0.128091,0.466589,-0.747429,7.800000,31.786869

-0.696205,6.522970,6.481581,16.053528,-0.166350,0.407434,-1.055726,7.804000,31.786869

-0.732130,7.713294,9.975915,16.021175,-0.035783,0.268873,-1.013092,7.808000,31.786869

2.702328,7.092984,12.239208,16.018234,-0.136773,0.053305,-0.965128,7.816000,31.786869

2.733463,3.181917,8.299401,16.027058,-0.136773,0.142570,-0.636847,7.820000,31.786869

2.608922,3.747142,8.649075,16.035881,-0.026191,0.102068,-0.503349,7.820000,31.786869

3.387303,2.370006,11.523098,16.029999,-0.023526,0.000013,-0.558240,7.820000,31.786869

5.348825,-3.550483,11.676379,16.038822,-0.131710,-0.001586,-0.341073,7.816000,31.786869

2.120338,-2.120656,7.983259,16.024117,0.037494,0.400506,-0.206510,7.820000,31.786869

-0.027994,0.298314,5.279282,16.029999,0.091852,0.250221,-0.261135,7.816000,32.787282

-3.998937,-2.774496,11.896721,16.029999,-0.103998,0.160157,-0.538522,7.812000,32.787282

-2.918783,-3.691789,16.660414,16.035881,0.154737,0.081550,-0.792461,7.816000,32.787282

-3.486403,1.716165,10.222602,16.047646,0.418002,-0.034627,-0.502017,7.816000,32.787282

-2.238597,5.754169,2.750141,16.021175,0.085457,-0.414336,0.412749,7.812000,32.787282

-4.755763,6.534945,11.209351,16.038822,0.109705,-0.124958,1.099689,7.816000,32.787282

-1.259035,5.917030,8.414362,16.044704,-0.143168,-0.225148,1.286480,7.824000,32.787282

-1.572782,3.993829,9.154424,16.041763,-0.025125,-0.091117,1.179628,7.820000,32.787282

-4.619247,2.173614,11.427297,16.032940,0.010581,0.092209,0.866268,7.824000,32.787282

-4.341424,4.820111,7.437194,16.044704,0.184848,0.040515,0.407153,7.828000,32.787282

-8.685990,4.796161,3.871010,16.021175,-0.262010,0.111927,0.051692,7.828000,32.787282

-7.742352,-2.590080,14.217495,16.015293,-0.597753,-0.243267,-0.212905,7.824000,32.787282

-5.598810,-5.852096,10.773457,16.018234,-0.016865,-0.358113,-0.280586,7.828000,32.787282

-3.251691,0.664752,9.084968,16.015293,0.220021,-0.573414,0.030908,7.824000,32.787282

3.358563,-1.088403,10.766272,16.012352,-0.141036,-0.431656,0.381573,7.824000,32.787282

3.875887,1.059930,9.439431,16.018234,-0.020329,-0.054878,0.474835,7.824000,33.643311

1.873651,0.221673,8.613149,16.018234,-0.084812,0.106331,0.460179,7.824000,33.643311

1.825751,2.875355,6.107958,16.027058,0.080927,0.201991,0.156945,7.820000,33.643311

2.683168,3.783067,8.756850,16.009411,-0.179673,0.142037,-0.255805,7.820000,33.643311

3.576510,2.180799,9.870534,16.000587,-0.017664,0.215847,-0.475370,7.828000,33.643311

2.072438,5.655972,8.744875,16.003529,0.147543,0.356806,-0.668822,7.828000,33.643311

-0.099845,8.012671,8.263476,16.009411,-0.067759,0.304579,-0.774341,7.832000,33.643311

0.642611,6.530155,10.217813,16.009411,-0.018996,0.300050,-0.727710,7.832000,33.643311

0.611476,2.578372,10.632151,15.985882,-0.096004,0.208120,-0.631251,7.836000,33.643311

1.135985,3.459739,11.532678,15.982941,-0.082681,0.232635,-0.523600,7.836000,33.643311

4.623134,3.244188,11.678774,15.997646,-0.123982,0.131645,-0.530795,7.836000,33.643311

3.454364,-2.158976,11.456038,16.000587,-0.002476,0.215314,-0.410087,7.836000,33.643311

-1.151259,-3.088244,9.317285,15.980000,0.155270,0.241694,-0.175867,7.836000,33.643311

-2.928363,-1.318324,9.482541,15.997646,0.049751,-0.131620,-0.126837,7.836000,33.643311

-3.340307,-0.695619,10.768666,15.988823,0.161399,0.110595,-0.336277,7.836000,34.944006

-6.688544,0.240833,7.154582,15.974117,0.151540,0.037850,-0.124706,7.832000,34.944006

-3.891161,2.195169,6.972560,15.965292,0.054814,-0.335730,0.117509,7.836000,34.944006

0.673746,5.208104,10.538745,15.977058,0.148609,-0.232875,0.134029,7.836000,34.944006

-0.916547,4.961417,9.271779,15.953527,0.022039,-0.079393,0.307763,7.836000,34.944006

-2.667306,6.008040,9.449011,15.962351,0.080128,-0.094315,0.415414,7.836000,34.944006

-4.185749,5.260795,9.326865,15.944704,0.000189,-0.249396,0.265928,7.840000,34.944006

-3.721115,4.262071,10.711186,15.956469,-0.044577,-0.359712,0.244345,7.844000,34.944006

-2.791847,-0.262121,10.105247,15.950586,-0.108528,-0.285635,0.268593,7.848000,34.944006

-2.700836,-1.804513,9.659773,15.956469,0.024171,-0.320275,0.211303,7.844000,34.944006

-6.549633,1.934112,7.200087,15.962351,0.132621,-0.246731,0.427937,7.844000,34.944006

-7.179523,-4.149238,12.169753,15.941763,-0.065094,-0.602725,0.444991,7.844000,34.944006

-3.091224,-4.137262,11.259645,15.950586,0.146477,-0.924079,0.338406,7.840000,34.944006

5.825433,-1.780563,7.681486,15.962351,0.071335,-0.505467,0.376777,7.840000,34.944006

4.227955,0.384534,8.785590,15.953527,0.045754,0.023461,0.532657,7.840000,35.316212

-0.188461,2.111343,7.360553,15.941763,0.033230,-0.022370,0.393564,7.836000,35.316212

1.523978,6.060731,9.214299,15.953527,0.119564,0.065829,-0.103922,7.840000,35.316212

4.026773,8.412641,8.658654,15.941763,-0.064028,0.157759,-0.202246,7.840000,35.316212

1.785035,10.304706,7.303073,15.935881,0.026569,0.445005,-0.244081,7.844000,35.316212

-0.119005,8.671302,10.191467,15.935881,-0.190065,0.375192,-0.314960,7.852000,35.316212

-1.134493,1.225186,9.923224,15.938822,-0.140237,0.251287,-0.224363,7.852000,35.316212

3.214862,2.801109,12.021262,15.929998,-0.209250,0.330693,-0.143092,7.856000,35.316212

5.363194,1.859866,8.141330,15.927057,-0.100267,0.350677,-0.093796,7.856000,35.316212

3.722606,-0.214220,9.171188,15.912352,-0.177275,0.503360,-0.201713,7.852000,35.316212

-0.602799,-2.793657,11.470407,15.918234,0.030832,0.606481,-0.284050,7.856000,35.316212

-1.338070,0.609666,6.848019,15.921175,0.129423,0.481244,-0.556908,7.856000,35.316212

-3.778595,1.725745,10.088481,15.915293,-0.089342,0.340019,-0.881992,7.852000,35.316212

-4.633617,3.011871,11.365026,15.906469,-0.056567,0.173213,-0.861741,7.852000,36.525825

-5.024005,3.878868,11.760204,15.900587,-0.064828,-0.063938,-0.722914,7.856000,36.525825

-4.077972,3.014266,8.045529,15.921175,0.172324,-0.316278,-0.500684,7.856000,36.525825

-3.455267,4.211776,8.725715,15.909410,0.167794,-0.327736,-0.093530,7.856000,36.525825

-2.684071,5.519456,8.397597,15.900587,0.122495,-0.406875,0.247009,7.860000,36.525825

-0.859066,5.169784,4.984694,15.906469,-0.136506,-0.384226,0.380241,7.856000,36.525825

1.837726,1.067115,9.798684,15.897646,-0.060831,-0.237672,0.167337,7.860000,36.525825

3.794457,0.990474,15.249748,15.877058,-0.014200,-0.067669,0.063417,7.860000,36.525825

-3.165470,-1.754218,7.159372,15.906469,-0.263076,0.202791,0.175864,7.860000,36.525825

1.677259,3.227422,13.393608,15.891764,-0.183404,-0.045019,0.228091,7.860000,36.525825

-0.593219,1.960457,12.797248,15.888823,-0.016598,0.187869,0.390366,7.860000,36.525825

-5.268297,-0.839321,5.822951,15.859411,0.086523,-0.252327,0.443392,7.860000,36.525825

-6.999896,-0.480068,3.799159,15.877058,0.409209,-0.193439,0.270725,7.864000,36.525825

-11.957587,4.506363,12.972085,15.888823,0.336998,-0.180649,0.310960,7.864000,38.172555

10.344834,-0.321996,15.015037,15.882940,-0.620402,-1.091684,0.176663,7.860000,38.172555

5.432650,0.916229,10.095666,15.856470,0.511797,-0.003984,0.563300,7.860000,38.172555

3.008890,-1.141093,6.948610,15.871176,0.031365,-0.021571,0.758617,7.860000,38.172555

-3.160680,0.291129,11.460827,15.874117,0.038293,0.399973,0.428470,7.860000,38.172555

-0.303422,1.819151,8.086245,15.871176,-0.163685,0.171082,-0.037040,7.856000,38.172555

1.665284,2.197564,9.302915,15.879999,-0.048574,0.010671,-0.328017,7.856000,38.172555

2.721488,-0.712384,10.368698,15.865294,-0.168215,0.136974,-0.425009,7.856000,38.172555

0.891693,2.082603,8.809541,15.859411,-0.016598,0.229703,-0.389569,7.856000,38.172555

-0.190856,0.892279,7.949728,15.865294,0.005518,0.155893,-0.163076,7.852000,38.172555

-0.413593,0.166588,9.283754,15.874117,-0.093872,-0.003718,-0.031710,7.852000,38.172555

0.989889,1.967642,12.648757,15.847647,0.056146,0.174013,-0.159879,7.860000,38.172555

-1.120123,2.590347,7.212062,15.853529,0.051883,0.170282,-0.162543,7.856000,38.172555

0.000746,2.405931,11.479987,15.835880,0.048152,0.057835,-0.287781,7.852000,38.172555

-3.603759,0.327054,7.477910,15.844706,-0.123183,0.175612,-0.302170,7.852000,35.569330

-1.666188,3.447764,8.720924,15.838821,0.127025,-0.154535,-0.255539,7.856000,35.569330

1.761085,2.614298,10.493239,15.818233,-0.041646,-0.074064,-0.170004,7.856000,35.569330

-0.705785,1.378468,9.338840,15.829998,0.119298,-0.028232,0.029043,7.852000,35.569330

0.472565,1.457503,10.366303,15.835880,0.023904,0.012270,0.096991,7.856000,35.569330

-1.922455,-4.779128,6.859994,15.827057,-0.202589,0.092475,0.022382,7.856000,35.569330

-1.515302,1.320987,10.301638,15.818233,0.293831,-0.136150,0.037836,7.852000,35.569330

0.415084,-2.245197,13.494199,15.835880,-0.004341,-0.143877,-0.154816,7.848000,35.569330

1.289266,0.545001,9.865745,15.827057,0.112636,-0.179316,-0.168939,7.844000,35.569330

0.992284,-0.034594,10.725556,15.818233,0.006318,-0.072731,-0.045033,7.840000,35.569330

-1.556017,4.068075,9.638218,15.838821,0.050817,0.047177,-0.062087,7.840000,35.569330

-0.322582,1.354517,7.580895,15.827057,0.019907,-0.165194,-0.014923,7.840000,35.569330

-0.272286,3.296878,9.734018,15.835880,0.067071,-0.074330,0.054357,7.840000,35.569330

-0.032785,3.507640,10.957873,15.818233,-0.039247,-0.027699,0.059153,7.844000,35.569330

-1.728458,1.435948,8.601173,15.829998,0.001521,-0.013843,0.113512,7.848000,32.695180

-0.250731,1.759276,10.133986,15.832939,-0.037116,-0.063672,0.019184,7.844000,32.695180

-0.758475,0.473150,9.020303,15.838821,0.018575,0.008007,-0.102856,7.844000,32.695180

0.072596,-0.523178,7.679091,15.827057,-0.158623,-0.024768,-0.158014,7.840000,32.695180

-0.866251,0.001331,11.496753,15.838821,0.000722,-0.007182,-0.253141,7.840000,32.695180

-0.614774,0.695887,10.495634,15.829998,-0.060031,-0.051947,-0.331481,7.836000,32.695180

-0.248336,0.168983,9.822634,15.829998,0.007650,-0.114033,-0.232623,7.836000,32.695180

0.067806,1.177286,9.391530,15.838821,0.014312,-0.063672,-0.026648,7.836000,32.695180

-1.388366,1.706585,9.681328,15.835880,-0.073088,-0.023169,0.078605,7.832000,32.695180

-1.273405,2.144874,10.852492,15.841763,-0.007805,-0.043687,-0.019187,7.836000,32.695180

-0.574059,1.879027,9.401111,15.829998,0.077197,-0.045819,-0.050629,7.840000,32.695180

-0.990792,1.953272,8.280241,15.824116,0.101445,-0.001586,-0.118044,7.836000,32.695180

0.654586,1.033585,9.269384,15.838821,-0.020329,-0.149473,-0.155082,7.836000,32.695180

1.143170,1.737720,9.549602,15.827057,0.064406,-0.181715,-0.228893,7.836000,32.695180

1.095270,1.867052,10.074111,15.824116,0.115301,-0.213424,-0.077542,7.836000,32.695180

1.598224,0.626431,9.724438,15.824116,-0.002209,-0.227280,0.096192,7.828000,32.695180

-0.466283,1.313802,11.582973,15.824116,0.032964,-0.141479,0.127368,7.832000,32.695180

-1.256639,1.617970,9.643007,15.812351,0.117166,-0.140413,0.156945,7.828000,30.115769

-1.781149,1.421578,9.532837,15.815292,0.027368,-0.122027,0.122838,7.828000,30.115769

-1.584757,1.059930,9.408296,15.829998,0.037760,-0.091117,0.134296,7.824000,30.115769

-1.510512,1.840706,9.427456,15.806469,0.038826,-0.039957,0.141757,7.828000,30.115769

-0.832721,0.904254,9.530441,15.824116,0.122762,-0.062872,0.147885,7.828000,30.115769

-0.140560,0.497100,9.846584,15.827057,0.001521,-0.038624,0.255803,7.828000,30.115769

-0.861461,1.388048,9.542417,15.835880,0.136618,0.031189,0.269925,7.828000,30.115769

-1.400341,1.946087,9.700488,15.832939,0.143013,-0.029032,0.230222,7.828000,30.115769

-1.704508,2.046678,9.415481,15.832939,0.145411,0.037584,0.209705,7.824000,30.115769

0.254618,0.935389,8.811935,15.847647,0.011114,0.009073,0.161475,7.820000,30.115769

-0.123795,1.220396,9.499307,15.868235,0.030033,0.011204,0.132697,7.820000,30.115769

-0.681835,0.928204,10.603411,15.847647,0.075065,0.033854,0.065548,7.820000,30.115769

-0.454308,1.275482,8.366462,15.859411,-0.021128,-0.009313,0.032241,7.812000,30.115769

-0.432753,0.655172,8.529324,15.856470,-0.004074,0.005875,0.071944,7.816000,30.115769

-0.554899,0.269574,9.702883,15.853529,-0.043777,0.078086,0.074342,7.816000,30.115769

-1.065038,1.840706,9.928015,15.856470,-0.064028,0.049042,0.080470,7.812000,30.115769

-0.360902,1.479059,10.045371,15.862352,0.040425,0.021330,0.062617,7.820000,30.115769

0.010326,1.680240,10.301638,15.853529,-0.005673,-0.054612,-0.022651,7.812000,30.115769

0.388739,2.652618,8.900552,15.847647,0.004719,0.034386,-0.014390,7.812000,27.715638

0.230668,1.737720,8.948452,15.856470,-0.009404,0.044512,-0.040237,7.812000,27.715638

-0.593219,0.379744,10.236973,15.856470,0.008183,-0.035960,0.028510,7.804000,27.715638

0.525255,1.821546,9.276569,15.847647,0.056679,0.078619,0.130299,7.804000,27.715638

-1.350045,0.274364,8.467052,15.871176,0.078795,0.134310,0.192918,7.804000,27.715638

-1.189579,-0.013039,9.425060,15.838821,-0.086678,0.005609,0.330412,7.800000,27.715638

-1.596732,1.062325,10.155541,15.853529,-0.130378,0.059700,0.298437,7.804000,27.715638

-1.304540,2.710098,11.561419,15.862352,-0.011002,0.035985,0.276587,7.804000,27.715638

-0.202831,3.613021,9.884905,15.844706,0.100645,0.073556,0.261931,7.804000,27.715638

-0.459098,2.276600,9.058622,15.838821,0.156603,0.045578,0.184657,7.804000,27.715638

0.551600,-0.527968,8.234735,15.844706,0.007117,-0.000254,0.111380,7.792000,27.715638

-0.401617,-0.868061,9.848979,15.838821,-0.044577,0.099670,0.110581,7.796000,27.715638

0.113312,0.988079,8.893367,15.841763,0.123028,0.033587,-0.066617,7.792000,27.715638

1.054554,2.470596,7.236012,15.850588,0.005518,0.038383,-0.193720,7.788000,27.715638

1.864071,0.362979,8.589199,15.850588,-0.109860,0.009872,-0.272060,7.788000,27.715638

1.090480,1.038375,10.694421,15.862352,-0.097869,0.030922,-0.371450,7.784000,27.715638

0.326468,2.880145,10.375883,15.829998,0.057745,0.049575,-0.322154,7.784000,27.715638

-0.150140,1.421578,9.745994,15.853529,0.025503,-0.012511,-0.164409,7.780000,27.715638

-0.284262,1.852681,9.616662,15.847647,-0.012601,-0.009846,-0.076743,7.784000,27.715638

-1.220714,0.298314,10.466894,15.835880,-0.080016,-0.039424,0.008525,7.784000,27.715638

-0.677045,2.135294,9.678933,15.844706,-0.016065,-0.066603,0.108715,7.780000,24.606147

0.661771,2.975945,9.484936,15.835880,0.049218,-0.036493,0.214235,7.780000,24.606147

-0.013624,1.481453,9.029882,15.829998,0.098514,0.005609,0.321352,7.780000,24.606147

-0.296237,1.970037,8.946056,15.829998,0.017243,-0.040490,0.389567,7.776000,24.606147

-1.112938,1.395233,9.398716,15.835880,-0.050439,0.006941,0.377043,7.780000,24.606147

-0.727340,2.231094,9.983100,15.835880,0.104642,0.035452,0.383705,7.776000,24.606147

0.015116,1.055140,9.173584,15.838821,0.089454,0.066095,0.431934,7.772000,24.606147

0.343234,1.776041,9.662168,15.832939,0.064406,0.151896,0.318688,7.772000,24.606147

-0.217201,-0.180690,9.832214,15.827057,-0.027257,0.162821,0.225159,7.772000,24.606147

-1.544042,1.026400,10.565090,15.832939,-0.175410,0.135642,0.063683,7.764000,24.606147

-0.011229,3.778277,10.359118,15.841763,-0.064561,0.167884,-0.071946,7.764000,24.606147

1.210231,2.056258,9.678933,15.821175,0.135019,0.203324,-0.168939,7.760000,24.606147

-0.018414,-0.159135,9.978311,15.832939,0.092119,0.228638,-0.311230,7.764000,24.606147

0.726437,0.686307,7.923383,15.844706,0.065472,0.141771,-0.468975,7.764000,24.606147

-0.815956,1.162916,8.474237,15.827057,-0.046175,0.146301,-0.649903,7.764000,24.606147

-0.478258,2.549632,7.839557,15.832939,-0.121584,0.147100,-0.670687,7.756000,24.606147

-0.016019,1.596414,10.167517,15.815292,-0.041912,0.143370,-0.666957,7.752000,24.606147

0.235458,2.106554,10.692026,15.809410,0.039892,0.082083,-0.742899,7.752000,24.606147

-2.003886,-0.925541,8.040739,15.803528,0.017509,0.080484,-0.687474,7.756000,24.606147

-0.732130,0.952154,9.408296,15.815292,-0.171146,-0.035693,-0.445793,7.752000,24.606147

-0.660280,1.637130,9.367580,15.806469,0.057212,0.097805,-0.452188,7.752000,24.606147

-0.799191,1.150941,10.057346,15.779999,0.123295,-0.004784,-0.397830,7.744000,24.606147

-0.504603,0.087552,9.477751,15.803528,0.081993,-0.052480,-0.300571,7.744000,24.606147

-2.140402,1.297037,9.068203,15.794704,0.067071,-0.082058,-0.225695,7.740000,24.606147

-2.308053,3.160362,9.750783,15.803528,0.044422,-0.095647,-0.174268,7.744000,24.606147

-2.078131,2.726864,9.135263,15.803528,0.101445,-0.099378,-0.115913,7.740000,24.606147

-0.696205,0.937784,10.122011,15.806469,-0.021394,-0.180649,-0.049297,7.732000,24.606147

-0.104635,1.993988,8.862231,15.800587,0.070535,-0.150539,0.041300,7.732000,24.606147

-0.849486,-0.427377,8.857441,15.800587,0.026036,-0.114300,0.033040,7.724000,24.606147

-0.935707,1.864656,9.082573,15.779999,-0.126381,-0.144943,0.039435,7.724000,24.606147

-1.009952,2.278995,9.892090,15.797646,-0.036050,-0.083390,-0.004531,7.732000,24.606147

-0.157326,2.149664,9.587922,15.797646,-0.029122,-0.086055,-0.086602,7.728000,24.606147

0.894088,2.530472,8.809541,15.797646,0.099047,-0.098045,-0.113248,7.720000,24.606147

0.266593,2.262230,8.507768,15.806469,0.122762,0.024794,-0.273392,7.724000,24.606147

0.417479,0.650382,8.246711,15.791763,-0.198858,-0.034094,-0.349067,7.724000,24.606147

0.640216,3.840548,10.205837,15.779999,-0.057367,-0.001852,-0.355729,7.728000,24.606147

0.484540,2.197564,10.332773,15.762352,0.135552,0.022662,-0.391968,7.720000,24.606147

-0.602799,-0.219010,9.523256,15.779999,-0.039514,-0.016508,-0.434602,7.724000,24.606147

-0.605194,1.809571,9.734018,15.774117,-0.032319,-0.037292,-0.389303,7.712000,24.606147

-0.703390,0.803663,9.614267,15.779999,0.005785,-0.068468,-0.355729,7.716000,24.606147

-0.820746,2.616693,8.708950,15.782940,0.063074,-0.092183,-0.265132,7.712000,24.606147

0.103732,1.615574,8.977192,15.777058,0.082792,-0.118563,-0.147888,7.716000,24.606147

-0.188461,1.076695,9.935200,15.779999,0.002321,-0.069534,-0.111649,7.716000,24.606147

0.173187,2.451436,9.305309,15.759411,0.145411,-0.000254,-0.006929,7.704000,24.606147

-0.212411,0.942574,8.579618,15.779999,0.033497,-0.058342,0.078072,7.704000,24.606147

-0.823141,0.425250,9.384345,15.774117,-0.005407,-0.048483,0.154280,7.708000,24.606147

-0.267496,2.353240,9.992681,15.771175,-0.020595,-0.024502,0.221429,7.704000,24.606147

0.300123,1.914952,9.975915,15.768234,-0.040580,0.048509,0.184391,7.704000,24.606147

-1.436266,3.191497,9.700488,15.762352,0.073733,0.106864,0.211836,7.704000,24.606147

-2.159562,2.104158,8.835886,15.759411,0.044955,0.026659,0.124970,7.700000,10.082001

-2.533185,1.531749,9.032277,15.771175,0.022838,0.004543,0.144954,7.696000,10.082001

-0.497418,2.817874,9.714858,15.765293,-0.011269,-0.002385,0.121239,7.700000,10.082001

-1.122518,2.729259,10.418994,15.756470,-0.037116,0.014668,0.146819,7.696000,10.082001

-3.994147,3.454949,10.658496,15.756470,0.111304,0.115391,0.039169,7.704000,10.082001

-1.132098,0.719837,7.042016,15.753529,0.043889,-0.045019,-0.106053,7.704000,10.082001

-2.724787,3.704032,7.937753,15.759411,-0.144500,-0.039690,0.055956,7.700000,10.082001

-2.885253,2.892120,10.418994,15.759411,0.043356,-0.022370,0.156146,7.696000,10.082001

-1.991910,1.241951,10.483660,15.750587,-0.018463,-0.091650,0.114045,7.696000,10.082001

-0.885411,3.696846,9.355605,15.762352,0.090786,-0.072465,0.063150,7.704000,10.082001

0.221088,0.406090,8.318562,15.753529,-0.004341,-0.144943,0.112179,7.700000,10.082001

-1.266220,2.132899,9.626243,15.774117,-0.118120,-0.064738,0.124703,7.696000,10.082001

-1.261430,2.199959,9.602292,15.741764,0.014312,-0.041555,0.100189,7.688000,10.082001

-1.275800,0.525841,9.159214,15.750587,-0.038448,-0.081525,0.107916,7.696000,10.082001

-1.041088,0.973709,9.865745,15.750587,-0.120785,-0.096980,0.113778,7.696000,10.082001

-0.945287,1.979617,9.209509,15.732941,0.005518,-0.067935,0.051692,7.696000,10.082001

-1.079408,1.893397,8.656260,15.753529,0.018042,-0.107905,0.067414,7.684000,10.082001

-1.505722,1.708980,9.386741,15.756470,-0.011802,-0.127623,0.133496,7.684000,10.082001

-2.264943,0.786898,10.751902,15.741764,-0.020861,-0.083124,0.094859,7.680000,10.082001

-2.070946,2.041888,9.154424,15.744705,-0.077884,-0.160131,0.053291,7.684000,10.082001

-0.243546,2.310130,9.008327,15.753529,0.004186,-0.142545,0.090063,7.684000,10.082001

0.565970,0.717442,9.741203,15.744705,-0.103731,-0.128955,0.095925,7.680000,10.082001

0.197137,2.274205,9.872930,15.744705,0.044155,-0.060741,-0.065551,7.676000,10.082001

-0.712970,1.790411,10.186677,15.727058,-0.001410,-0.053813,-0.066084,7.676000,10.082001

0.338444,1.723350,8.716135,15.744705,0.067871,-0.061007,0.010391,7.672000,10.082001

0.719252,0.171378,8.668234,15.732941,0.042290,-0.078061,-0.021052,7.672000,10.082001

-0.401617,0.942574,10.038186,15.724117,-0.035783,0.008806,-0.040770,7.672000,10.082001

-0.995582,1.447923,9.681328,15.735882,-0.003275,-0.056211,-0.146023,7.664000,10.082001

-0.341742,2.183194,9.563972,15.730000,-0.023260,-0.018640,-0.221165,7.672000,10.082001

0.316888,2.187984,8.787985,15.738823,-0.033119,-0.048483,-0.298439,7.664000,17.284338

0.177977,2.384376,8.938871,15.735882,-0.037915,-0.033029,-0.330148,7.656000,17.284338

-0.380062,2.453831,10.210628,15.727058,-0.037649,-0.069267,-0.363456,7.656000,17.284338

-0.883016,3.414234,9.626243,15.732941,-0.006739,-0.054612,-0.384240,7.664000,17.284338

0.089361,2.358031,8.366462,15.727058,-0.005140,-0.108171,-0.355196,7.660000,17.284338

0.359999,2.803504,8.359277,15.727058,-0.006206,-0.047684,-0.220899,7.664000,17.284338

0.886903,4.896751,9.099339,15.735882,-0.063495,-0.060741,-0.046899,7.668000,17.284338

-1.009952,4.096815,9.904064,15.753529,0.051616,0.038117,0.009591,7.668000,17.284338

-0.145350,2.978341,8.778405,15.753529,-0.014733,-0.023702,0.046630,7.680000,17.284338

-0.803981,2.104158,10.124407,15.744705,-0.087477,-0.075929,0.149751,7.672000,17.284338

-1.041088,2.712493,9.389135,15.730000,0.041491,-0.019972,-0.070347,7.676000,17.284338

0.027091,0.157008,8.864626,15.712351,-0.034185,-0.136682,-0.175867,7.672000,17.284338

1.701210,2.626273,9.662168,15.715292,-0.068025,-0.045819,-0.234222,7.668000,17.284338

0.443824,0.968919,8.876601,15.732941,-0.016332,-0.005849,-0.211573,7.676000,17.284338

-0.492628,0.801268,10.033396,15.735882,-0.138638,0.030390,-0.230225,7.668000,17.284338

-1.165629,2.077813,10.325588,15.727058,-0.135440,-0.009846,-0.299239,7.664000,17.284338

-1.062643,2.044283,9.810658,15.721176,0.117965,-0.052480,-0.278721,7.660000,17.284338

-0.174091,1.622760,9.082573,15.700586,-0.008071,-0.068468,-0.183061,7.668000,17.284338

0.187557,1.833521,9.851375,15.721176,0.025237,-0.019972,0.044498,7.672000,17.284338

-0.863856,0.997660,9.563972,15.727058,0.011380,0.054105,0.183058,7.664000,17.284338

-1.330885,1.732930,9.211904,15.721176,0.000189,0.036252,0.282449,7.660000,17.284338

-0.320187,1.486243,9.791499,15.709410,-0.128512,0.009073,0.273922,7.656000,17.284338

-0.724945,1.232371,9.968730,15.715292,0.088388,0.073823,0.235552,7.652000,17.284338

-1.050668,0.671937,9.468171,15.709410,0.011647,0.039982,0.243812,7.656000,17.284338

-0.700995,1.038375,8.488607,15.727058,-0.026724,0.008806,0.176397,7.652000,17.284338

-0.837511,1.819151,9.702883,15.712351,-0.009137,-0.019173,0.112179,7.644000,17.284338

-1.417106,2.482572,10.007051,15.706469,-0.011002,0.007740,0.084734,7.644000,17.284338

-1.445846,2.259835,9.468171,15.712351,0.034829,-0.015975,0.103653,7.656000,17.284338

-1.910480,3.186707,9.314890,15.706469,0.035096,-0.047418,0.148951,7.652000,17.284338

-1.764384,3.237003,9.621452,15.718235,0.046021,-0.083656,0.239815,7.656000,17.284338

-1.903295,3.213053,8.809541,15.700586,0.004186,-0.065803,0.391432,7.656000,16.521813

-1.644633,3.371124,9.096943,15.703527,0.017776,-0.119362,0.433267,7.656000,16.521813

-1.376390,3.138807,8.857441,15.700586,0.019374,-0.097246,0.441527,7.660000,16.521813

-1.618287,2.719678,8.567643,15.674116,0.019907,-0.118297,0.461245,7.672000,16.521813

-2.226622,2.834639,9.923224,15.691763,-0.054702,-0.116431,0.479098,7.668000,16.521813

-1.053063,4.583004,9.365185,15.694704,-0.042445,-0.018373,0.642173,7.672000,16.521813

-1.666188,2.544842,8.378437,15.700586,0.069469,0.008806,0.781000,7.672000,16.521813

-2.442174,0.789293,10.495634,15.697645,-0.046175,0.015201,0.961395,7.672000,16.521813

-1.117728,1.799991,10.100456,15.688822,-0.025658,0.046111,1.004829,7.676000,16.521813

-1.987120,0.681517,9.899275,15.682940,-0.084812,0.042647,1.031741,7.672000,16.521813

-1.496141,3.981854,10.174702,15.671175,-0.020595,0.151896,0.915297,7.684000,16.521813

-1.127308,1.871841,9.516071,15.685881,0.147010,0.043713,0.720513,7.680000,16.521813

-1.702113,0.568951,9.762758,15.682940,-0.027523,0.086080,0.454584,7.676000,16.521813

-0.006439,3.009476,10.155541,15.682940,0.093451,0.067961,0.125769,7.680000,16.521813

-0.162116,0.262388,8.869416,15.694704,0.083059,0.050641,-0.108185,7.680000,16.521813

0.824632,2.609508,10.081296,15.668234,0.052416,0.056503,-0.369585,7.676000,16.521813

1.476078,1.122200,8.038344,15.685881,0.013246,0.037584,-0.435401,7.676000,16.521813

1.399437,0.322264,10.210628,15.679998,-0.086145,0.062365,-0.559040,7.672000,16.521813

1.854491,1.256322,9.051437,15.677057,0.030299,0.029590,-0.622724,7.668000,16.521813

0.700091,1.807176,9.264594,15.677057,-0.039247,0.018132,-0.709591,7.656000,16.521813

0.434244,1.522169,9.583132,15.682940,0.088921,0.000546,-0.783135,7.652000,16.521813

1.605409,1.845496,9.283754,15.671175,0.037760,-0.038624,-0.774874,7.660000,16.521813

1.406622,2.791529,8.577224,15.671175,-0.017930,-0.095647,-0.611000,7.648000,16.521813

0.158817,2.796319,9.190349,15.685881,0.035629,-0.103641,-0.423943,7.656000,16.521813

-1.975145,3.383099,8.661049,15.656469,0.107307,-0.105773,-0.016522,7.656000,16.521813

-0.384852,4.683595,8.756850,15.662352,0.042823,-0.169990,0.136694,7.672000,16.521813

-1.184789,4.468043,8.541298,15.662352,0.007650,-0.174254,0.256069,7.664000,16.521813

-0.540529,3.941139,9.063413,15.685881,0.029233,-0.153470,0.293107,7.676000,17.624106

0.656981,3.991434,8.701765,15.659410,-0.063762,-0.126024,0.261931,7.684000,17.624106

0.585131,2.556817,9.077783,15.656469,-0.084546,-0.058609,0.275254,7.684000,17.624106

0.664166,2.947205,9.516071,15.656469,-0.144767,0.017066,0.169202,7.684000,17.624106

0.740807,5.224869,8.701765,15.653528,0.115834,0.073290,0.120973,7.684000,17.624106

1.135985,1.390443,9.271779,15.662352,-0.003808,0.005076,0.036238,7.688000,17.624106

1.207836,1.625154,9.240644,15.662352,-0.085345,0.045311,0.019450,7.688000,17.624106

0.836608,2.003568,9.571157,15.659410,0.032964,0.106598,0.086599,7.688000,17.624106

1.164725,2.638248,9.429851,15.656469,0.202434,0.110328,0.094859,7.692000,17.624106

-0.684230,-0.927936,8.979588,15.659410,0.135286,0.160157,0.158011,7.684000,17.624106

-2.097291,0.310289,9.710068,15.671175,-0.158623,0.165752,0.124970,7.684000,17.624106

-2.231412,2.568792,10.886023,15.671175,0.053482,0.138840,0.148685,7.684000,17.624106

0.474960,0.731812,9.779524,15.665293,0.107840,0.045045,0.311493,7.680000,17.624106

-0.957262,1.723350,10.019026,15.653528,0.008982,0.085281,0.388501,7.680000,17.624106

-2.748737,1.682635,10.591435,15.662352,0.108106,0.170282,0.263530,7.672000,17.624106

-2.679281,0.418065,8.807145,15.653528,-0.025391,0.026926,0.179861,7.668000,17.624106

-2.087711,0.561766,9.942385,15.647646,-0.153027,0.039982,0.316823,7.672000,17.624106

-1.685348,2.113739,9.499307,15.656469,0.089454,0.103667,0.405555,7.668000,17.624106

-1.474586,1.088670,8.076665,15.644705,-0.027790,0.034919,0.355460,7.672000,17.624106

-0.863856,2.643038,9.355605,15.653528,-0.051238,0.057835,0.338140,7.664000,17.624106

-1.088988,2.552027,10.265713,15.653528,-0.032852,-0.011179,0.282182,7.672000,17.624106

-1.024323,3.189102,9.700488,15.635881,-0.027257,0.015201,0.321086,7.672000,17.624106

-1.112938,4.274046,9.453801,15.653528,0.054547,0.050641,0.455383,7.672000,17.624106

-0.971632,1.986803,8.900552,15.644705,0.035362,0.023728,0.519068,7.672000,17.624106

-1.718878,2.295760,9.813054,15.641764,0.058278,0.067694,0.580887,7.680000,17.624106

-2.207462,1.967642,9.585527,15.638823,0.036694,0.084748,0.620590,7.676000,17.624106

-2.085316,1.495824,9.037067,15.650587,-0.002209,0.078086,0.649634,7.684000,19.059713

-1.347650,2.108948,9.889694,15.641764,0.005785,0.049575,0.690136,7.672000,19.059713

-0.001649,1.902977,9.250224,15.647646,0.101178,0.066362,0.728774,7.672000,19.059713

-0.334557,0.279154,9.123288,15.653528,0.041491,0.069559,0.644571,7.676000,19.059713

-0.885411,1.970037,9.602292,15.641764,-0.014999,0.173746,0.543849,7.684000,19.059713

-0.296237,2.564002,9.250224,15.656469,0.075598,0.153762,0.307230,7.680000,19.059713

0.175582,1.567674,9.398716,15.641764,0.008449,0.151630,-0.039438,7.676000,19.059713

2.259249,2.389166,9.108918,15.624117,0.084924,0.147100,-0.342139,7.684000,19.059713

1.128800,-0.154345,9.161609,15.653528,0.014844,0.205455,-0.503882,7.680000,19.059713

0.621056,2.197564,9.429851,15.627058,-0.106129,0.209452,-0.644041,7.672000,19.059713

2.247274,1.778436,9.456196,15.638823,0.122762,0.177743,-0.698666,7.676000,19.059713

1.286871,-0.750705,9.657377,15.624117,-0.075486,0.149765,-0.699732,7.672000,19.059713

-0.595614,2.125714,8.989167,15.624117,-0.120252,0.176944,-0.576093,7.660000,19.059713

-0.382457,2.726864,9.415481,15.635881,0.012180,0.130579,-0.557974,7.660000,19.059713

-0.964447,1.359308,9.563972,15.638823,-0.034984,0.060233,-0.596877,7.660000,19.059713

-1.290170,3.478900,10.617781,15.621176,-0.116522,-0.005316,-0.563303,7.656000,19.059713

-0.001649,3.593861,8.725715,15.621176,0.010315,0.026926,-0.583554,7.660000,19.059713

0.908458,2.058653,9.422666,15.624117,-0.149829,-0.057010,-0.554776,7.660000,19.059713

0.506095,2.159244,9.499307,15.627058,0.016443,0.001079,-0.529196,7.664000,19.059713

-0.636329,3.043006,9.753179,15.627058,-0.003541,-0.044220,-0.363723,7.660000,19.059713

-1.151259,0.892279,10.469289,15.629999,0.047886,-0.118297,-0.478568,7.672000,19.059713

-0.133375,2.786739,9.238249,15.638823,0.059877,-0.103375,-0.420213,7.668000,19.059713

-0.322582,2.798714,9.717253,15.621176,0.065739,-0.118563,-0.351465,7.660000,19.059713

0.683326,2.530472,9.305309,15.612352,0.165129,-0.179849,-0.211040,7.668000,19.059713

-0.550109,0.554581,9.676538,15.606470,-0.029921,-0.144143,0.164672,7.660000,19.059713

-1.924850,1.752090,10.289662,15.612352,0.025769,-0.159332,0.270725,7.660000,19.059713

-1.227899,2.710098,9.463381,15.627058,0.011114,-0.100710,0.297371,7.664000,19.059713

-0.279472,2.262230,9.803473,15.629999,0.124361,-0.153736,0.469772,7.660000,18.370258

0.599501,0.310289,8.723320,15.609411,0.003920,-0.126290,0.547846,7.664000,18.370258

-0.902177,1.081485,9.633428,15.632940,-0.087744,-0.025568,0.581686,7.656000,18.370258

-1.172814,3.145992,10.117222,15.603529,0.136618,-0.021571,0.620057,7.656000,18.370258

-0.066315,1.347332,9.504096,15.597647,0.142480,-0.011712,0.585150,7.660000,18.370258

-1.285380,0.552186,10.248947,15.606470,0.060942,0.066895,0.526262,7.652000,18.370258

-0.993187,2.077813,9.487331,15.597647,0.082792,0.039449,0.538786,7.648000,18.370258

-0.605194,0.317474,9.197534,15.603529,0.018841,0.027991,0.629117,7.648000,18.370258

-1.785939,1.946087,9.290939,15.585880,-0.122917,0.060500,0.752222,7.652000,18.370258

-0.686625,3.414234,9.144843,15.612352,-0.026724,0.116723,0.862271,7.652000,18.370258

-0.408803,1.917347,9.293335,15.621176,0.010048,0.106331,0.911567,7.644000,18.370258

-1.194369,0.909044,9.046648,15.612352,-0.069891,0.182007,0.692535,7.644000,18.370258

-1.424291,3.938743,8.898156,15.588821,-0.088543,0.219578,0.575025,7.652000,18.370258

-0.815956,3.071746,9.266990,15.597647,0.059077,0.277134,0.387968,7.652000,18.370258

-1.457821,2.087393,9.614267,15.591763,-0.016598,0.205455,0.120706,7.656000,18.370258

0.204322,1.914952,9.460986,15.615294,-0.069624,0.239030,-0.240084,7.652000,18.370258

0.695301,0.674332,9.901670,15.600588,-0.109327,0.175345,-0.450323,7.652000,18.370258

0.312098,2.937625,9.820239,15.603529,-0.070956,0.265676,-0.562770,7.644000,18.370258

0.364789,2.350845,9.587922,15.603529,0.059610,0.211584,-0.670421,7.648000,18.370258

-0.411198,0.200118,9.262199,15.615294,0.001255,0.158824,-0.758087,7.648000,18.370258

-0.677045,0.729417,9.489726,15.609411,-0.095471,0.055970,-0.881193,7.644000,18.370258

0.168397,0.940179,9.504096,15.594706,-0.032586,0.029057,-0.903576,7.640000,18.370258

-0.830326,1.263507,9.923224,15.588821,-0.064561,0.016800,-0.941147,7.648000,18.370258

-1.383576,2.120924,10.002260,15.603529,0.067338,-0.010646,-1.024816,7.640000,18.370258

-0.849486,0.822823,9.314890,15.612352,0.077996,-0.158266,-1.037073,7.636000,18.370258

0.886903,1.718560,8.958032,15.597647,0.056679,-0.184113,-0.895315,7.636000,18.370258

-0.023204,2.446646,9.061018,15.594706,0.065206,-0.178251,-0.685076,7.640000,18.370258

-0.049550,3.054981,9.015512,15.606470,0.085990,-0.205963,-0.457784,7.636000,17.498800

-0.641119,2.810689,8.852651,15.594706,0.173390,-0.229944,-0.206776,7.644000,17.498800

-0.993187,0.525841,9.082573,15.597647,-0.074953,-0.269914,-0.029046,7.636000,17.498800

-0.746500,4.597374,10.385464,15.582939,0.054547,-0.247797,0.212636,7.640000,17.498800

-0.940497,3.028636,8.593988,15.600588,0.124361,-0.155335,0.306430,7.644000,17.498800

-1.096173,1.835916,8.910131,15.612352,-0.008604,-0.179849,0.371980,7.640000,17.498800

-0.025599,2.887330,8.754455,15.597647,0.084924,-0.200900,0.437264,7.648000,17.498800

-0.305817,0.489915,9.195139,15.588821,-0.048840,-0.090851,0.405022,7.640000,17.498800

-0.030389,-0.056149,9.271779,15.585880,-0.038182,-0.109770,0.257401,7.644000,17.498800

-0.698600,2.918465,9.997471,15.579998,-0.001943,-0.026367,0.263797,7.648000,17.498800

-0.880621,0.767738,8.603569,15.585880,0.030299,-0.037292,0.180127,7.636000,17.498800

-0.703390,0.310289,9.314890,15.582939,-0.121584,-0.050615,0.165472,7.640000,17.498800

-0.327372,1.531749,8.934082,15.597647,0.050018,-0.050082,0.060486,7.644000,17.498800

0.096547,0.909044,9.880115,15.579998,-0.040313,-0.061274,0.109781,7.640000,17.498800

1.183886,2.140084,9.065807,15.585880,0.023904,0.006141,0.170801,7.636000,17.498800

0.223483,0.988079,8.426337,15.579998,0.019108,0.057302,0.213169,7.640000,17.498800

-1.438661,0.858748,10.790222,15.591763,-0.004074,0.054371,0.290976,7.632000,17.498800

-0.092660,1.898187,8.701765,15.582939,0.026302,0.084215,0.435132,7.632000,17.498800

-1.414711,1.747301,9.360395,15.585880,-0.114656,0.049308,0.458314,7.620000,17.498800

-0.969237,3.081326,10.316008,15.591763,0.027901,0.084481,0.471904,7.620000,17.498800

-0.964447,2.322105,9.678933,15.582939,0.077463,0.125250,0.497218,7.624000,17.498800

-0.914152,2.786739,8.021579,15.562351,0.026302,0.120720,0.416213,7.636000,17.498800

-0.164511,2.370006,8.833491,15.568233,0.050284,0.096739,0.358124,7.632000,17.498800

-0.217201,2.025123,9.252620,15.600588,-0.019796,0.083948,0.293107,7.628000,17.498800

-1.182394,2.362821,9.401111,15.579998,-0.108528,0.138840,0.194516,7.632000,17.498800

-0.724945,2.690938,9.540022,15.582939,-0.017397,0.139373,0.127634,7.632000,17.498800

-0.902177,2.178404,9.559182,15.585880,0.026036,0.147899,0.062884,7.632000,17.243150

0.074991,1.361702,8.828701,15.588821,0.006851,0.072224,0.002930,7.632000,17.243150

-1.503326,0.774923,9.686118,15.582939,-0.021394,0.101269,-0.009061,7.636000,17.243150

-0.602799,1.352122,9.674143,15.582939,-0.050972,0.069293,-0.130035,7.632000,17.243150

-0.392037,2.156849,8.756850,15.562351,0.013512,0.094341,-0.260602,7.632000,17.243150

1.164725,1.469478,10.021420,15.568233,-0.095205,0.065296,-0.245413,7.636000,17.243150

-0.075895,2.870565,8.881392,15.585880,-0.013933,0.197461,-0.379177,7.640000,17.243150

-1.024323,0.422855,10.045371,15.571175,0.013779,0.071425,-0.483098,7.628000,17.243150

-0.842301,2.360425,9.425060,15.568233,-0.090408,0.104200,-0.625655,7.632000,17.243150

-0.368087,2.142479,8.807145,15.585880,0.125693,0.074356,-0.708791,7.632000,17.243150

-0.621959,-2.309863,8.582014,15.574116,-0.003541,-0.045552,-0.714920,7.628000,17.243150

-0.126190,1.917347,9.765154,15.568233,-0.162353,-0.049283,-0.641376,7.620000,17.243150

-0.229176,3.342384,11.139894,15.571175,0.015377,0.006941,-0.487095,7.616000,17.243150

-0.468678,2.240674,9.008327,15.565292,0.094783,-0.036226,-0.381309,7.616000,17.243150

-0.260311,3.059771,9.803473,15.562351,-0.040047,-0.096447,-0.316026,7.616000,17.243150

-0.818351,3.713611,9.072993,15.562351,0.004186,-0.036226,-0.311762,7.624000,17.243150

-0.875831,2.872960,9.113708,15.568233,-0.060564,-0.029032,-0.285649,7.620000,17.243150

0.503700,4.012989,9.693303,15.568233,0.073999,-0.094848,-0.272060,7.628000,17.243150

0.515675,1.828731,9.132869,15.571175,0.002587,-0.013044,-0.272592,7.624000,17.243150

0.194742,3.778277,8.919712,15.574116,0.033763,-0.027433,-0.269395,7.636000,17.243150

-0.126190,2.156849,9.753179,15.571175,-0.026990,-0.042888,-0.331481,7.628000,17.243150

-1.266220,2.257440,10.038186,15.556469,-0.043777,0.001345,-0.485496,7.632000,17.243150

0.257013,3.596256,10.148356,15.550587,-0.048307,-0.125758,-0.487095,7.628000,17.243150

0.192347,2.911280,9.825029,15.565292,0.030566,-0.039690,-0.393566,7.632000,17.243150

-0.109425,1.881422,9.757969,15.538822,0.047886,-0.115099,-0.276589,7.632000,17.243150

-0.808771,1.385653,9.154424,15.547646,0.030299,-0.097512,-0.230225,7.632000,17.243150

-0.990792,-0.125605,9.195139,15.568233,-0.009670,-0.094048,-0.155615,7.636000,17.243150

-0.590824,1.694610,8.960427,15.559410,0.001521,-0.148940,-0.033842,7.632000,17.243150

0.843793,1.888607,9.223879,15.562351,-0.029388,-0.075929,0.112979,7.624000,17.152900

-1.091383,1.450318,10.248947,15.538822,-0.012601,-0.069267,0.257135,7.624000,17.152900

-1.278195,2.106554,10.529164,15.538822,0.161932,-0.082058,0.415147,7.620000,17.152900

-1.709298,0.803663,9.734018,15.556469,0.084125,-0.074863,0.464443,7.616000,17.152900

-1.199159,2.049073,9.724438,15.541763,0.053215,-0.085522,0.504679,7.612000,17.152900

-0.595614,1.067115,8.371252,15.532940,-0.052571,-0.055411,0.554507,7.616000,17.152900

-2.518815,3.033426,9.722043,15.532940,-0.084812,0.038916,0.588614,7.612000,17.152900

-0.605194,3.069351,8.886181,15.556469,0.098780,-0.039690,0.566498,7.616000,17.152900

-0.911757,1.778436,10.100456,15.535881,-0.085612,0.021330,0.528127,7.620000,17.152900

-0.871041,4.075260,9.858560,15.556469,0.012180,0.136974,0.483895,7.624000,17.152900

-0.401617,2.173614,9.113708,15.562351,0.048952,0.076488,0.453784,7.620000,17.152900

-0.890202,2.391561,8.507768,15.550587,-0.039247,0.117256,0.459646,7.616000,17.152900

-1.259035,3.498060,8.972402,15.541763,-0.030454,0.131645,0.319754,7.620000,17.152900

-0.844696,2.331685,9.822634,15.550587,0.015377,0.119654,0.284847,7.616000,17.152900

-0.818351,1.974827,9.865745,15.556469,-0.023793,0.169216,0.227025,7.624000,17.152900

-1.309330,1.450318,8.998747,15.541763,-0.014999,0.163887,0.053824,7.620000,17.152900

-1.393156,1.184471,10.332773,15.541763,-0.108261,0.124984,-0.151618,7.620000,17.152900

-1.254244,2.693333,9.118498,15.527058,0.079861,0.150564,-0.355995,7.620000,17.152900

-1.127308,1.407208,7.849137,15.556469,0.009249,0.049042,-0.545184,7.620000,17.152900

0.314493,1.929322,9.664562,15.535881,-0.084812,0.089011,-0.702396,7.624000,17.152900

0.695301,2.013148,10.433364,15.544704,0.004719,0.057835,-0.880660,7.620000,17.152900

-1.342860,1.603599,10.541140,15.547646,0.067604,0.086613,-1.022418,7.608000,17.152900

-0.617169,1.167706,9.154424,15.532940,0.121962,-0.098045,-1.233190,7.620000,17.152900

0.098942,1.026400,9.219090,15.541763,-0.011535,-0.130554,-1.213738,7.620000,17.152900

1.325192,2.573582,8.318562,15.527058,0.072400,-0.093249,-0.857211,7.600000,17.152900

-2.128427,0.901859,10.196257,15.550587,0.002054,-0.188909,-0.676017,7.600000,17.152900

-1.342860,2.295760,10.078901,15.547646,0.044422,-0.221684,-0.555309,7.596000,17.152900

-0.744105,2.638248,9.058622,15.527058,0.037227,-0.224615,-0.349600,7.608000,16.664994

-1.797914,3.986644,9.068203,15.524117,-0.027790,-0.216355,-0.219566,7.600000,16.664994

-1.970355,4.060890,9.765154,15.544704,0.195506,-0.245133,-0.066617,7.616000,16.664994

-1.187184,2.525682,8.795171,15.524117,0.005518,-0.294428,0.047695,7.612000,16.664994

-1.215924,4.309972,9.923224,15.544704,0.048152,-0.257923,0.260865,7.612000,16.664994

-0.789611,2.887330,9.175979,15.524117,0.089720,-0.260321,0.479898,7.620000,16.664994

-1.259035,3.613021,9.104128,15.529999,0.089188,-0.233142,0.680011,7.612000,16.664994

-0.851881,4.204591,8.814330,15.527058,0.049751,-0.136416,0.770075,7.616000,16.664994

-0.360902,1.119806,8.962822,15.535881,-0.048307,-0.152404,0.803650,7.620000,16.664994

-0.662675,2.480176,9.726833,15.518234,-0.201257,-0.051681,0.721046,7.624000,16.664994

-0.130980,3.153177,10.023815,15.518234,0.041491,-0.027166,0.570761,7.628000,16.664994

0.877323,0.784503,9.805869,15.524117,0.032165,-0.006649,0.503346,7.620000,16.664994

2.070043,1.864656,9.568762,15.527058,-0.027257,0.092209,0.491355,7.624000,16.664994

0.628241,3.296878,9.037067,15.529999,0.085191,0.131645,0.486559,7.620000,16.664994

-0.890202,1.297037,9.456196,15.521175,0.014578,0.171348,0.426605,7.624000,16.664994

1.279686,1.620364,9.439431,15.509411,0.027635,0.207854,0.356525,7.616000,16.664994

1.155145,1.184471,9.367580,15.515293,0.065472,0.217713,0.257668,7.620000,16.664994

-0.346532,1.519774,9.460986,15.529999,-0.048574,0.293388,0.047695,7.612000,16.664994

-0.902177,2.223909,9.932805,15.518234,0.055347,0.367465,-0.231024,7.608000,16.664994

0.156422,1.514984,8.170071,15.529999,-0.115989,0.278999,-0.386372,7.608000,16.664994

1.799406,1.979617,10.064531,15.538822,-0.185002,0.291256,-0.457251,7.604000,16.664994

0.582735,3.718402,9.116103,15.529999,0.011647,0.420224,-0.549713,7.604000,16.664994

-0.375272,2.144874,8.907737,15.544704,-0.016865,0.280598,-0.560638,7.612000,16.664994

-1.249454,2.111343,9.628637,15.521175,0.028701,0.297385,-0.617928,7.612000,16.664994

-1.177604,2.540052,9.487331,15.535881,-0.056834,0.123918,-0.285916,7.608000,16.664994

-1.864974,3.272928,9.350815,15.521175,0.057478,0.116723,-0.154283,7.612000,16.664994

-1.335675,1.162916,9.956755,15.527058,0.016976,0.038916,-0.099925,7.608000,16.664994

-1.335675,1.258717,8.562854,15.521175,0.003920,0.061299,0.013322,7.612000,17.074945

-2.566715,1.713770,9.810658,15.509411,-0.088276,0.069826,0.026911,7.608000,17.074945

-1.690138,2.429881,9.216694,15.524117,0.016177,0.004809,-0.011459,7.620000,17.074945

-0.679440,0.844378,9.757969,15.515293,-0.009404,-0.002385,-0.053027,7.612000,17.074945

-1.239874,2.073023,8.629914,15.515293,-0.009670,0.058102,-0.147089,7.608000,17.074945

-0.404013,0.724627,9.705278,15.524117,-0.000077,0.043446,-0.238485,7.604000,17.074945

-0.763265,1.835916,10.038186,15.515293,-0.064561,0.108463,-0.462847,7.604000,17.074945

-0.820746,2.044283,10.016630,15.524117,0.097448,0.071958,-0.727444,7.612000,17.074945

0.280963,0.657567,9.080178,15.518234,-0.018197,0.050108,-1.013625,7.608000,17.074945

1.097665,1.524564,9.779524,15.506470,0.000722,0.054105,-1.169772,7.604000,17.074945

0.805472,2.937625,9.568762,15.509411,-0.051238,0.107131,-1.354430,7.604000,17.074945

-0.461493,1.206026,9.666958,15.506470,0.080661,0.046644,-1.395998,7.596000,17.074945

-1.084198,1.035980,9.901670,15.512352,-0.000077,-0.006649,-1.314194,7.584000,17.074945

-1.038693,1.570069,8.893367,15.524117,0.062008,-0.065537,-1.166308,7.588000,17.074945

-0.636329,1.517379,9.736413,15.521175,0.034829,-0.105773,-0.929955,7.592000,17.074945

-1.371600,2.372401,10.133986,15.506470,0.053748,-0.140679,-0.637113,7.588000,17.074945

-1.144074,1.536539,10.122011,15.506470,0.131022,-0.157733,-0.459383,7.588000,17.074945

-1.132098,1.665870,9.259805,15.497646,0.090786,-0.111635,-0.299239,7.596000,17.074945

-0.253126,1.828731,8.692184,15.500587,0.027102,-0.163595,-0.172935,7.592000,17.074945

-0.415988,2.372401,9.839399,15.509411,0.123295,-0.112434,-0.121775,7.584000,17.074945

-0.883016,1.474268,9.408296,15.515293,0.056413,-0.095647,-0.106586,7.584000,17.074945

-1.395551,1.198841,9.154424,15.524117,-0.028322,-0.046352,-0.205177,7.584000,17.074945

-1.304540,1.917347,9.633428,15.529999,0.033763,-0.022370,-0.315226,7.580000,17.074945

-0.384852,0.830008,10.244158,15.515293,0.006318,-0.034894,-0.516139,7.584000,17.074945

-0.959657,0.851563,9.916039,15.509411,0.007117,-0.030897,-0.714654,7.576000,17.074945

-1.112938,2.125714,9.496911,15.518234,-0.007005,0.008806,-0.813778,7.580000,17.074945

-0.550109,1.364097,9.520862,15.509411,0.073200,-0.088453,-0.849484,7.572000,17.074945

-0.679440,0.065997,9.834609,15.512352,0.019108,-0.080992,-0.916366,7.576000,17.074945

-1.072223,0.992869,10.464499,15.509411,-0.004074,-0.057277,-1.005631,7.572000,17.074945

-0.490233,1.534144,10.203442,15.524117,0.092652,-0.110569,-1.011759,7.568000,17.074945

-1.115333,2.243070,9.640613,15.485882,0.106241,-0.039157,-1.028813,7.568000,15.824318

-1.309330,0.295919,9.676538,15.488823,0.150740,-0.099378,-0.974721,7.560000,15.824318

-0.554899,1.112620,9.197534,15.506470,0.126226,-0.203298,-0.845487,7.568000,15.824318

-1.029113,0.758158,9.281360,15.494705,0.067871,-0.184912,-0.750893,7.564000,15.824318

-1.670978,1.419183,10.402228,15.500587,0.113436,-0.225681,-0.685876,7.564000,15.824318

-1.512907,1.462293,9.772339,15.535881,0.147809,-0.257124,-0.579824,7.556000,15.824318

-1.675768,1.352122,9.257409,15.521175,0.158734,-0.286701,-0.546516,7.552000,15.824318

-1.417106,2.068233,10.162726,15.500587,0.094517,-0.332532,-0.398096,7.540000,15.824318

-1.963170,2.556817,9.772339,15.527058,0.207497,-0.246731,-0.276323,7.556000,15.824318

-1.771569,0.818033,8.965217,15.515293,0.163531,-0.306686,-0.149220,7.536000,15.824318

-2.274523,1.170101,10.423784,15.503529,0.172057,-0.319209,0.094326,7.548000,15.824318

-1.776359,0.865933,9.369975,15.512352,0.097448,-0.319209,0.295772,7.540000,15.824318

-1.996701,1.991592,9.221484,15.500587,0.084125,-0.314679,0.482562,7.536000,15.824318

-1.809889,0.818033,9.255014,15.509411,0.054814,-0.349852,0.644571,7.536000,15.824318

-2.094896,0.628826,9.484936,15.515293,0.085457,-0.410339,0.749824,7.532000,15.824318

-1.838629,0.889884,8.989167,15.512352,-0.033119,-0.359978,0.849215,7.524000,15.824318

-1.685348,3.076536,10.375883,15.515293,0.034829,-0.262453,0.873996,7.532000,15.824318

-0.439938,2.410721,9.798684,15.512352,0.064939,-0.254459,0.933683,7.528000,15.824318

-0.744105,1.615574,9.257409,15.506470,0.141947,-0.215555,1.008826,7.520000,15.824318

-0.787216,1.138966,8.912526,15.512352,0.073999,-0.243001,1.018685,7.512000,15.824318

-0.988397,1.514984,9.463381,15.512352,0.100379,-0.171056,0.956333,7.528000,15.824318

-0.720155,2.377191,8.795171,15.515293,0.000455,-0.153203,0.824167,7.520000,15.824318

-0.696205,1.237161,10.019026,15.509411,0.007117,-0.113767,0.692535,7.512000,15.824318

-1.335675,2.480176,9.456196,15.491764,0.049485,-0.011445,0.560636,7.508000,15.824318

-0.966842,2.073023,9.252620,15.500587,0.068137,-0.050615,0.435398,7.524000,15.824318

0.553995,1.371283,9.056228,15.494705,0.034563,-0.121761,0.369049,7.520000,15.824318

-0.214806,0.602481,9.666958,15.509411,0.016443,-0.056744,0.333077,7.508000,15.824318

-1.304540,0.662357,10.450130,15.529999,-0.011802,-0.094315,0.269925,7.520000,15.824318

-0.324977,1.577254,10.272898,15.497646,-0.022194,-0.100177,0.261398,7.504000,15.824318

0.415084,1.445528,10.124407,15.512352,0.027102,-0.058342,0.230489,7.492000,15.824318

0.118102,1.946087,9.449011,15.524117,-0.006739,-0.074863,0.203576,7.504000,15.824318

0.204322,2.271810,9.439431,15.506470,-0.003808,-0.085788,0.146553,7.496000,15.824318

-0.959657,0.928204,8.395202,15.497646,-0.012068,0.026926,0.135362,7.492000,15.824318

-0.854276,1.383258,9.360395,15.488823,-0.011002,-0.045286,0.219830,7.480000,15.824318

-1.450636,0.782108,9.657377,15.500587,-0.019796,-0.070866,0.365852,7.492000,15.824318

-0.935707,1.605994,9.719648,15.518234,0.039625,-0.118563,0.638443,7.488000,15.824318

-0.526159,2.415511,9.532837,15.494705,0.003920,-0.115898,0.831362,7.476000,15.824318

-1.556017,2.659803,10.050160,15.497646,0.100912,-0.046618,1.035472,7.480000,2763.351139

-0.423173,2.288575,9.290939,15.512352,0.068137,-0.164128,1.248908,7.484000,2763.351139

0.827027,1.699400,9.609477,15.497646,0.116633,-0.092183,1.346700,7.480000,2763.351139

0.070201,1.706585,9.774734,15.497646,0.130756,0.012537,1.321653,7.488000,2763.351139

-0.736920,1.059930,9.896879,15.503529,0.109172,0.033854,1.309662,7.480000,2763.351139

-0.324977,0.899464,10.440549,15.503529,0.085191,0.025593,1.217732,7.488000,2763.351139

0.295333,1.100645,9.305309,15.500587,0.075331,0.086880,1.139659,7.480000,2763.351139

-0.243546,1.289852,9.975915,15.488823,0.061209,0.123651,1.104752,7.492000,2763.351139

0.606686,1.610784,9.997471,15.482941,0.116633,0.147899,1.087166,7.472000,2763.351139

0.086966,0.846773,9.346025,15.500587,0.119564,0.160956,0.993904,7.476000,2763.351139

-0.554899,1.716165,9.774734,15.494705,0.117965,0.187069,0.850280,7.484000,2763.351139

0.553995,0.262388,9.444221,15.503529,0.111037,0.172680,0.620323,7.464000,2763.351139

1.140775,0.944969,9.894485,15.503529,0.133420,0.257948,0.479631,7.472000,2763.351139

1.684445,0.858748,9.238249,15.477058,0.147010,0.256083,0.310694,7.468000,2763.351139

0.786312,0.489915,9.393926,15.500587,0.178985,0.217713,0.182525,7.448000,2763.351139

0.877323,0.331844,9.113708,15.480000,0.116100,0.256883,0.118042,7.460000,2763.351139

0.053436,0.214488,9.118498,15.485882,0.062008,0.269673,0.063950,7.456000,2763.351139

0.149237,0.621641,9.046648,15.468235,0.053748,0.216913,0.000532,7.440000,2763.351139

0.005536,1.198841,9.583132,15.482941,-0.000344,0.251287,-0.010393,7.424000,2763.351139

0.621056,1.474268,9.657377,15.477058,0.010848,0.185737,0.026378,7.404000,2763.351139

0.630636,1.546119,9.578342,15.480000,0.070535,0.193731,0.046363,7.388000,2763.351139

-0.004044,0.937784,9.911250,15.471176,0.047086,0.194797,0.025046,7.412000,2763.351139

-0.471073,1.172496,9.583132,15.474117,0.044155,0.134576,0.006394,7.368000,2763.351139

0.695301,1.661080,9.674143,15.465292,0.053748,0.177743,0.024247,7.368000,2763.351139

-0.083080,1.129385,9.805869,15.456469,-0.030454,0.170016,0.045297,7.348000,2763.351139

-0.813561,0.822823,10.356724,15.468235,-0.050705,0.097272,-0.014923,7.292000,2763.351139

0.376764,1.285062,9.875324,15.468235,-0.026191,0.070892,0.010657,7.300000,2763.351139

1.351537,1.902977,9.099339,15.468235,0.006051,0.073823,0.023980,7.212000,2763.351139

0.779127,1.826336,9.037067,15.482941,0.062541,0.125250,-0.002932,7.220000,2763.351139

0.649796,1.608389,10.421389,15.494705,0.007916,0.091143,-0.017055,7.180000,2763.351139

0.654586,2.113739,10.450130,15.485882,-0.009137,0.118589,-0.081805,7.176000,2763.351139

0.407899,2.255045,9.216694,15.477058,0.065739,0.123918,-0.141493,7.132000,2763.351139

-0.365692,1.414393,10.011841,15.465292,0.021506,0.120720,-0.188390,7.064000,2763.351139

0.460589,1.627550,9.144843,15.477058,0.007650,0.017866,-0.289913,6.948000,2763.351139

0.185162,1.122200,9.365185,15.485882,0.041224,-0.012777,-0.292311,6.800000,2763.351139

0.747992,0.734207,9.408296,15.468235,0.031365,-0.002385,-0.284583,6.700000,2763.351139

0.491725,0.609666,9.410690,15.462351,-0.032053,-0.018107,-0.283251,6.540000,2763.351139

-0.552504,0.956944,9.104128,15.468235,-0.077352,0.010405,-0.290445,6.400000,2763.351139

-0.641119,1.273087,9.918435,15.462351,-0.114923,0.018132,-0.333079,6.284000,2763.351139

-0.035179,2.482572,10.189072,15.477058,-0.005407,0.081550,-0.358393,6.140000,2763.351139

-0.356112,1.929322,9.906460,15.488823,-0.057900,0.026926,-0.418347,6.004000,2763.351139

0.431849,1.100645,10.112432,15.471176,-0.077884,-0.018107,-0.428473,5.856000,2763.351139

0.688116,1.009634,10.337564,15.465292,0.068936,0.031722,-0.434602,5.704000,2763.351139

0.704881,-0.307626,9.602292,15.471176,-0.021128,-0.023702,-0.443661,5.528000,2763.351139

0.163607,-1.258449,10.076506,15.474117,-0.019796,-0.034894,-0.369585,5.384000,2763.351139

-1.491351,-0.360317,9.096943,15.480000,-0.001143,-0.059941,-0.216369,5.244000,2763.351139

-1.129703,-0.130395,10.071716,15.447645,-0.030721,-0.154802,-0.137496,5.100000,2763.351139

-0.717760,1.275482,9.425060,15.480000,0.003387,-0.112168,-0.054893,4.952000,2763.351139

-1.029113,1.347332,9.695698,15.477058,-0.003541,-0.139880,-0.066883,4.816000,2763.351139

-0.708180,1.768856,9.540022,15.482941,0.040691,-0.184113,0.006660,4.676000,2763.351139

0.070201,1.445528,9.827424,15.488823,0.054281,-0.174520,-0.019986,4.544000,2763.351139

0.563575,1.649105,9.233459,15.474117,0.057212,-0.199035,-0.071680,4.408000,2763.351139

1.480868,1.783226,9.496911,15.471176,0.037494,-0.164661,-0.068216,4.268000,2763.351139

1.619779,1.534144,10.076506,15.471176,-0.004607,-0.101509,-0.040770,4.104000,2763.351139

1.629359,2.197564,9.880115,15.497646,0.048419,-0.067669,-0.046099,3.972000,2763.351139

1.370697,0.841983,9.451406,15.477058,0.047086,-0.045019,-0.012259,3.844000,2763.351139

0.671351,0.647987,8.898156,15.462351,-0.049906,-0.067935,0.078605,3.720000,2763.351139

0.738412,1.318592,9.748388,15.485882,-0.056301,-0.042888,0.066881,3.592000,2763.351139

0.656981,2.662198,9.947175,15.471176,0.027901,-0.019972,0.028510,3.468000,2763.351139

0.968334,2.058653,9.348420,15.488823,0.024437,-0.006382,0.049561,3.356000,2763.351139

1.401832,1.761671,8.869416,15.477058,-0.025125,-0.005316,0.109781,3.272000,2763.351139

1.370697,2.729259,9.429851,15.462351,-0.032586,0.039449,0.165472,3.208000,2763.351139

1.325192,3.019056,9.573552,15.471176,-0.012335,0.079952,0.156945,3.160000,2763.351139

0.999469,3.347173,9.341235,15.488823,0.023638,0.117523,0.183325,3.100000,2763.351139

0.982704,2.616693,9.343630,15.468235,-0.006206,0.122053,0.260865,3.048000,2763.351139

0.542020,2.101763,8.776011,15.474117,-0.032852,0.135376,0.278985,2.996000,2763.351139

0.405504,3.325619,9.566367,15.474117,0.006851,0.164687,0.189453,2.948000,2763.351139

0.259408,2.863380,9.786709,15.468235,0.040958,0.158824,0.113512,2.900000,2763.351139

0.302518,1.747301,9.238249,15.462351,0.058278,0.166818,0.065016,2.856000,2763.351139

-0.265101,1.191656,9.171188,15.468235,-0.011802,0.139639,-0.054360,2.812000,2763.351139

-0.238756,0.921019,9.274175,15.471176,-0.076552,0.132711,-0.168406,2.720000,2763.351139

0.031881,1.026400,9.523256,15.477058,-0.078417,0.116723,-0.133233,2.668000,2763.351139

-0.178881,1.414393,9.872930,15.468235,-0.026191,0.142304,-0.081006,2.624000,2763.351139

-0.198041,1.160521,10.004656,15.485882,-0.026191,0.130313,-0.034375,2.568000,2763.351139

-0.502208,0.779713,9.535232,15.477058,-0.001676,0.119388,0.005061,2.528000,2763.351139

-0.823141,1.584439,9.528047,15.474117,0.015910,0.083948,0.002130,2.480000,2763.351139

-0.904572,2.540052,9.662168,15.488823,0.016710,0.077287,-0.070081,2.436000,2763.351139

-1.103358,2.959180,9.475356,15.471176,0.002587,0.069826,-0.150286,2.392000,2763.351139

-1.105753,2.525682,9.427456,15.441763,-0.012868,0.036518,-0.208908,2.352000,2763.351139

-0.950077,1.670660,9.427456,15.482941,-0.014466,0.014935,-0.272859,2.308000,2763.351139

-0.918942,1.311407,9.456196,15.497646,0.001255,0.003477,-0.324553,2.268000,2763.351139

-0.518973,1.562884,9.523256,15.471176,0.011380,-0.019705,-0.311496,2.224000,2763.351139

-0.279472,2.025123,9.556787,15.462351,0.016443,-0.017307,-0.230491,2.184000,2763.351139

-0.842301,2.532867,9.264594,15.477058,0.019641,-0.000520,-0.094862,2.140000,2763.351139

-1.249454,2.422696,9.326865,15.482941,0.007650,-0.010646,0.037836,2.096000,2763.351139

-0.947682,2.487362,9.374765,15.477058,0.012979,-0.038891,0.153215,2.064000,2763.351139

-0.681835,2.015543,9.506492,15.474117,0.010048,-0.033295,0.226492,2.024000,2763.351139

-0.856671,1.907767,9.393926,15.497646,0.016177,-0.058076,0.269659,1.980000,2763.351139

-0.851881,1.843101,9.403505,15.494705,0.019907,-0.071932,0.230222,1.948000,2763.351139

-0.533344,2.235884,9.444221,15.480000,0.024704,-0.082591,0.136427,1.912000,2763.351139

-0.324977,2.434671,9.331655,15.482941,0.015910,-0.092183,0.059420,1.876000,2763.351139

-0.322582,2.384376,9.307705,15.474117,0.011114,-0.094848,-0.002399,1.840000,2763.351139

-0.284262,2.209539,9.334050,15.480000,0.006584,-0.102309,-0.047165,1.808000,2763.351139

0.027091,2.003568,9.405901,15.477058,0.008449,-0.103641,-0.032776,1.764000,2763.351139

0.118102,2.017938,9.472961,15.480000,0.013779,-0.093516,0.026911,1.732000,2763.351139

0.086966,2.130504,9.417875,15.477058,0.016443,-0.090052,0.077273,1.696000,2763.351139

0.247433,2.319710,9.326865,15.482941,0.018308,-0.084989,0.112712,1.668000,2763.351139

0.570760,2.501732,9.276569,15.488823,0.020174,-0.078594,0.121239,1.632000,2763.351139

0.154027,2.434671,9.324470,15.485882,0.012979,-0.057810,0.102320,1.600000,2763.351139

0.166002,2.255045,9.336445,15.497646,0.002854,-0.072998,0.052758,1.568000,2763.351139

0.355209,2.207144,9.410690,15.477058,0.003920,-0.064471,-0.005597,1.540000,2763.351139

0.530045,2.199959,9.346025,15.471176,0.004186,-0.051148,-0.052761,1.512000,2763.351139

0.525255,2.195169,9.369975,15.465292,-0.000077,-0.036493,-0.068749,1.480000,2763.351139

0.443824,2.288575,9.307705,15.488823,0.001521,-0.025834,-0.053027,1.444000,2763.351139

0.580340,2.255045,9.470566,15.503529,0.002587,-0.014110,-0.008262,1.416000,2763.351139

0.601896,2.274205,9.350815,15.482941,-0.001410,0.007740,0.041300,1.388000,2763.351139

0.530045,2.240674,9.336445,15.494705,-0.007538,0.014668,0.069812,1.364000,2763.351139

0.510885,2.331685,9.415481,15.480000,0.021240,0.034120,0.056222,1.336000,2763.351139

0.553995,2.164034,9.233459,15.497646,0.000722,0.034653,0.032774,1.312000,2763.351139

0.436639,2.286180,9.334050,15.506470,-0.010203,0.040249,0.005861,1.284000,2763.351139

0.304913,2.276600,9.329260,15.477058,-0.003541,0.059700,-0.025848,1.260000,2763.351139

0.257013,2.252650,9.326865,15.474117,-0.015532,0.057835,-0.062087,1.240000,2763.351139

0.146842,2.245465,9.393926,15.480000,-0.016598,0.069293,-0.076210,1.216000,2763.351139

-0.068710,2.195169,9.386741,15.506470,-0.014466,0.065829,-0.070880,1.196000,2763.351139

-0.150140,2.171219,9.367580,15.512352,-0.010736,0.066362,-0.059689,1.176000,2763.351139

-0.128585,2.199959,9.429851,15.500587,-0.011269,0.063431,-0.040770,1.164000,2763.351139

-0.324977,2.168824,9.365185,15.497646,-0.008604,0.051440,-0.004798,1.112000,2763.351139

-0.420778,2.204749,9.396320,15.485882,-0.005407,0.038383,-0.034908,1.092000,2763.351139

-0.356112,2.192774,9.381950,15.480000,-0.004341,0.025593,-0.045300,1.084000,2763.351139

-0.253126,2.228699,9.427456,15.494705,-0.006739,0.023994,-0.046632,1.076000,2763.351139

-0.365692,2.221514,9.358000,15.500587,-0.004607,0.025593,-0.039438,1.064000,2763.351139

-0.492628,2.161639,9.398716,15.488823,-0.005140,0.017066,-0.034375,1.056000,2763.351139

-0.499813,2.152059,9.417875,15.515293,-0.004341,0.008273,-0.027980,1.048000,2763.351139

-0.420778,2.128109,9.432246,15.506470,-0.004607,0.003477,-0.005864,1.040000,2763.351139

-0.559689,2.132899,9.417875,15.506470,-0.000344,-0.010113,0.012522,1.036000,2763.351139

-0.454308,2.171219,9.384345,15.506470,0.000988,-0.015176,0.026378,1.028000,2763.351139

-0.344137,2.226305,9.401111,15.506470,0.002587,-0.017840,0.029310,1.024000,2763.351139

-0.303422,2.257440,9.422666,15.494705,0.001521,-0.019705,0.026911,1.016000,2763.351139

-0.284262,2.252650,9.408296,15.480000,0.002054,-0.024235,0.018118,1.012000,2763.351139

-0.221991,2.231094,9.415481,15.485882,-0.000077,-0.026633,0.013588,1.008000,2763.351139

-0.157326,2.214329,9.374765,15.506470,0.002321,-0.027166,0.003996,1.004000,2763.351139

-0.107030,2.281390,9.365185,15.500587,0.000988,-0.028765,-0.000534,0.996000,2763.351139

-0.054340,2.274205,9.410690,15.494705,-0.000610,-0.026101,-0.000801,0.988000,2763.351139

0.034276,2.231094,9.393926,15.494705,-0.002209,-0.023169,-0.000801,0.988000,2763.351139

-0.006439,2.192774,9.358000,15.506470,-0.001410,-0.020238,0.005861,0.984000,2763.351139

0.065411,2.183194,9.449011,15.494705,-0.000877,-0.016508,0.007460,0.980000,2763.351139

-0.152535,2.216724,9.377160,15.491764,0.004452,-0.013310,-0.004265,0.980000,2763.351139

-0.059130,2.298155,9.374765,15.506470,0.000722,-0.018107,-0.001334,0.976000,2763.351139

0.144447,2.300550,9.381950,15.491764,-0.001143,-0.012244,0.005594,0.972000,2763.351139

0.218693,2.219119,9.398716,15.500587,-0.003275,-0.003984,0.007726,0.972000,2763.351139

0.314493,2.183194,9.377160,15.480000,-0.006206,0.005875,0.003729,0.964000,2763.351139

0.312098,2.185589,9.415481,15.506470,-0.005407,0.018932,-0.007462,0.964000,2763.351139

0.209112,2.185589,9.346025,15.506470,-0.008871,0.030390,-0.019453,0.960000,2763.351139

0.027091,2.307735,9.374765,15.488823,-0.007272,0.036785,-0.027713,0.956000,2763.351139

-0.363297,2.202354,9.367580,15.503529,-0.010736,0.044512,-0.033043,0.956000,2763.351139

-0.609984,2.214329,9.451406,15.488823,-0.008071,0.029590,-0.046099,0.956000,2763.351139

-0.198041,2.238280,9.401111,15.488823,-0.009404,0.013069,-0.046899,0.948000,2763.351139

-0.037575,2.185589,9.384345,15.506470,-0.007805,0.023195,-0.035441,0.948000,2763.351139

-0.111820,2.156849,9.458591,15.506470,-0.007272,0.030123,-0.032243,0.944000,2763.351139

-0.502208,2.099368,9.322075,15.503529,-0.008338,0.030123,-0.043435,0.944000,2763.351139

-0.698600,2.214329,9.379556,15.494705,-0.004874,0.012803,-0.060222,0.948000,2763.351139

-0.641119,2.281390,9.401111,15.488823,-0.007272,0.002144,-0.062620,0.940000,2763.351139

-0.705785,2.336475,9.487331,15.491764,-0.001676,-0.007448,-0.047965,0.940000,2763.351139

-0.317792,2.298155,9.391530,15.491764,-0.008071,-0.021304,-0.003732,0.936000,2763.351139

-0.111820,1.970037,9.389135,15.500587,-0.006473,-0.020238,0.036238,0.936000,2763.351139

0.264198,1.960457,9.386741,15.509411,-0.005407,-0.009580,0.043432,0.936000,2763.351139

-0.090265,2.068233,9.386741,15.500587,-0.000877,0.009073,0.043432,0.932000,2763.351139

-0.207621,2.319710,9.417875,15.506470,-0.000344,-0.000254,0.024780,0.932000,2763.351139

-0.092660,2.530472,9.281360,15.506470,-0.003275,0.003743,0.015187,0.928000,2763.351139

-0.269891,2.343660,9.437036,15.509411,-0.004341,0.005342,0.013055,0.928000,2763.351139

-0.150140,2.147269,9.413086,15.506470,-0.006473,0.000546,0.006127,0.928000,2763.351139

-0.207621,1.996382,9.398716,15.512352,-0.002742,0.005076,0.010124,0.924000,2763.351139

-0.111820,2.118529,9.482541,15.506470,-0.001676,0.003477,0.011723,0.928000,2763.351139

-0.114215,2.281390,9.386741,15.497646,-0.001143,0.010138,0.020516,0.924000,2763.351139

-0.097450,2.367611,9.367580,15.485882,-0.005407,0.013336,0.045830,0.924000,2763.351139

-0.130980,2.300550,9.410690,15.500587,-0.005407,0.014402,0.048761,0.920000,2763.351139

-0.147745,2.106554,9.369975,15.506470,-0.005940,0.016800,0.026911,0.920000,2763.351139

-0.348927,2.008358,9.444221,15.506470,-0.003009,0.016800,-0.019187,0.920000,2763.351139

-0.485443,2.223909,9.472961,15.512352,-0.003541,0.006674,-0.046899,0.920000,2763.351139

-0.487838,2.307735,9.214299,15.503529,-0.006739,0.003477,-0.038372,0.920000,2763.351139

-0.590824,2.298155,9.590317,15.503529,-0.005140,-0.005849,-0.015989,0.916000,2763.351139

-0.557294,2.156849,9.396320,15.494705,-0.001943,-0.011978,-0.005064,0.916000,2763.351139

-0.506998,2.168824,9.362790,15.491764,-0.001676,-0.023436,0.016253,0.916000,2763.351139

-0.267496,2.185589,9.535232,15.509411,0.003120,-0.028499,0.030642,0.916000,2763.351139

-0.025599,2.228699,9.283754,15.512352,-0.001143,-0.028232,0.038902,0.916000,2763.351139

-0.006439,2.190379,9.427456,15.518234,-0.000344,-0.021038,0.048228,0.912000,2763.351139

-0.049550,2.147269,9.415481,15.497646,-0.000610,-0.010912,0.033573,0.916000,2763.351139

-0.044760,2.281390,9.381950,15.524117,0.001255,-0.014909,0.014654,0.912000,2763.351139

0.031881,2.274205,9.410690,15.515293,-0.002209,-0.004784,-0.001334,0.912000,2763.351139

-0.087870,2.269415,9.405901,15.512352,-0.006739,-0.002119,-0.018121,0.912000,2763.351139

-0.265101,2.108948,9.350815,15.506470,-0.005673,-0.000787,-0.028246,0.908000,2763.351139

-0.411198,2.298155,9.578342,15.518234,-0.000344,-0.009313,-0.036773,0.912000,2763.351139

-0.229176,2.123319,9.290939,15.521175,-0.006206,-0.011978,-0.023450,0.912000,2763.351139

-0.138165,2.262230,9.458591,15.503529,0.002321,-0.010646,0.010124,0.908000,2763.351139

-0.183671,2.264625,9.350815,15.524117,-0.004074,-0.005050,0.030908,0.912000,2763.351139

-0.061525,2.341265,9.453801,15.521175,-0.005940,-0.012511,0.041567,0.908000,2763.351139

0.077386,2.264625,9.365185,15.509411,-0.001143,-0.001053,0.024247,0.908000,2763.351139

0.197137,2.286180,9.350815,15.512352,-0.007805,0.002944,0.008525,0.904000,2763.351139

0.177977,2.128109,9.456196,15.521175,-0.006739,0.015468,-0.012525,0.908000,2763.351139

0.108522,2.154454,9.350815,15.506470,-0.005407,0.022396,-0.027713,0.904000,2763.351139

-0.135770,2.168824,9.425060,15.512352,-0.003541,0.028258,-0.023983,0.904000,2763.351139

-0.035179,2.305340,9.410690,15.521175,-0.005673,0.027192,-0.014390,0.904000,2763.351139

-0.360902,2.149664,9.360395,15.532940,-0.009404,0.034386,-0.004265,0.904000,2763.351139

-0.554899,2.065838,9.487331,15.527058,-0.006473,0.022929,-0.013857,0.904000,2763.351139

-0.576454,2.159244,9.429851,15.529999,-0.000077,0.011471,-0.026914,0.904000,2763.351139

-0.380062,2.271810,9.302915,15.512352,-0.006473,0.005609,-0.016256,0.904000,2763.351139

-0.562084,2.108948,9.547207,15.529999,-0.001410,0.004543,-0.005597,0.900000,2763.351139

-0.547714,2.216724,9.362790,15.521175,-0.005673,-0.010113,0.003729,0.904000,2763.351139

-0.499813,2.226305,9.393926,15.515293,0.000189,-0.017041,0.014121,0.904000,2763.351139

-0.289052,2.276600,9.468171,15.521175,0.000189,-0.025834,0.020516,0.904000,2763.351139

-0.150140,2.240674,9.302915,15.524117,-0.003009,-0.020238,0.021849,0.900000,2763.351139

-0.109425,2.061048,9.422666,15.509411,-0.001943,-0.021304,0.018918,0.904000,2763.351139

-0.049550,2.077813,9.465776,15.503529,0.000189,-0.018906,0.001065,0.900000,2763.351139

-0.056735,2.223909,9.240644,15.521175,-0.000077,-0.010113,-0.000001,0.900000,2763.351139

-0.159721,2.283785,9.449011,15.503529,0.000455,-0.009313,0.014121,0.900000,2763.351139

-0.231571,2.176009,9.415481,15.535881,-0.004074,-0.005849,0.021849,0.900000,2763.351139

-0.226781,2.168824,9.405901,15.541763,0.001255,-0.007715,0.019717,0.900000,2763.351139

-0.042365,2.231094,9.243039,15.532940,-0.007005,-0.001852,-0.004265,0.900000,2763.351139

-0.195646,2.176009,9.511281,15.521175,0.000189,0.000546,-0.011459,0.896000,2763.351139

-0.188461,2.271810,9.324470,15.518234,-0.007805,-0.000520,-0.018121,0.900000,2763.351139

-0.166906,2.274205,9.413086,15.515293,-0.002209,-0.001586,-0.006396,0.900000,2763.351139

-0.027994,2.207144,9.439431,15.509411,-0.002742,0.003210,-0.000268,0.900000,2763.351139

-0.233966,2.250255,9.293335,15.506470,-0.005407,0.004543,0.008259,0.896000,2763.351139

