ax,ay,az,gx,gy,gz,temp,volt,vel

0.800682,0.571346,9.671748,16.577057,-0.001676,-0.005849,-0.001334,2.760000,0.000000

0.451009,0.664752,9.669353,16.609411,-0.002209,-0.007182,-0.002666,2.696000,0.000000

0.501305,0.616851,9.705278,16.603529,-0.004074,-0.011978,-0.005864,2.656000,0.000000

0.589921,0.686307,9.712463,16.600588,-0.003808,-0.013843,-0.001334,2.620000,0.000000

0.656981,0.595296,9.678933,16.591763,-0.004341,-0.016774,0.008259,2.584000,0.000000

0.731227,0.576136,9.681328,16.612352,-0.005940,-0.018906,0.011989,2.552000,0.000000

0.793497,0.580926,9.695698,16.606470,-0.003808,-0.014909,0.008792,2.512000,0.000000

0.800682,0.561766,9.659773,16.632940,-0.004074,-0.010912,0.004795,2.480000,0.000000

0.637821,0.602481,9.652588,16.621176,-0.004607,-0.010379,0.000532,2.444000,0.000000

0.649796,0.628826,9.671748,16.629999,-0.004874,-0.011712,-0.006130,2.412000,0.000000

0.709672,0.633617,9.657377,16.635881,-0.003275,-0.010912,-0.004531,2.376000,0.000000

0.702486,0.547396,9.676538,16.638823,-0.004874,-0.012777,0.006127,2.340000,0.000000

0.719252,0.535421,9.657377,16.641764,-0.003275,-0.011978,0.006394,2.292000,0.000000

0.673746,0.597691,9.640613,16.635881,-0.003541,-0.013577,0.003463,2.260000,0.000000

0.721647,0.604876,9.676538,16.656469,-0.002209,-0.013310,-0.000534,2.232000,0.000000

0.750387,0.626431,9.674143,16.650587,-0.005407,-0.012777,-0.001334,2.200000,0.000000

0.740807,0.590506,9.671748,16.665293,-0.004341,-0.010646,0.003196,2.164000,0.000000

0.716857,0.580926,9.654983,16.650587,-0.003541,-0.007981,0.007460,2.132000,0.000000

0.625846,0.576136,9.664562,16.677057,-0.001143,-0.009846,0.005061,2.100000,0.000000

0.661771,0.614456,9.671748,16.656469,-0.003808,-0.012511,-0.000801,2.072000,0.000000

0.721647,0.626431,9.662168,16.671175,-0.003808,-0.013310,0.000532,2.044000,0.000000

0.793497,0.602481,9.640613,16.653528,-0.003275,-0.012244,0.003729,2.008000,0.000000

0.805472,0.626431,9.669353,16.682940,-0.000344,-0.007981,0.008525,1.976000,0.000000

0.719252,0.602481,9.698093,16.665293,-0.004341,-0.009846,0.013588,1.952000,0.000000

0.702486,0.578531,9.702883,16.685881,-0.003808,-0.010646,0.007460,1.916000,0.000000

0.824632,0.595296,9.686118,16.677057,-0.002742,-0.007448,0.001864,1.888000,0.000000

0.831818,0.621641,9.643007,16.682940,-0.003275,-0.004517,0.003463,1.860000,0.000000

0.858163,0.652777,9.652588,16.679998,-0.002476,-0.005583,0.013322,1.836000,0.000000

0.800682,0.674332,9.702883,16.674116,-0.003808,-0.003451,0.022648,1.800000,0.000000

0.862953,0.595296,9.686118,16.679998,-0.004074,-0.000787,0.017319,1.784000,0.000000

0.877323,0.549791,9.635822,16.691763,-0.001410,0.006941,0.005328,1.752000,0.000000

0.848583,0.621641,9.654983,16.685881,0.000722,0.007740,0.017585,1.720000,0.000000

0.743202,0.717442,9.688513,16.682940,-0.003009,0.008806,0.041567,1.692000,0.000000

0.611476,0.657567,9.666958,16.688822,-0.001943,0.006674,0.054890,1.668000,0.000000

0.702486,0.559371,9.611873,16.685881,-0.003541,0.000546,0.049827,1.632000,0.000000

0.642611,0.585716,9.652588,16.706469,-0.001943,0.000812,0.037303,1.612000,0.000000

0.707277,0.729417,9.547207,16.712351,0.008982,-0.010379,0.016519,1.580000,0.000000

0.963544,0.516261,9.573552,16.718235,-0.007005,-0.007448,0.010657,1.560000,0.000000

0.901273,0.631221,9.693303,16.694704,-0.007538,0.004276,0.000532,1.532000,0.000000

0.673746,0.679122,9.676538,16.715292,0.007384,0.001345,-0.003465,1.508000,0.000000

0.668956,0.456385,9.609477,16.718235,-0.009137,0.000812,0.004262,1.484000,0.000000

0.707277,0.511470,9.753179,16.718235,-0.008338,0.001079,0.011457,1.456000,0.000000

0.678536,0.501890,9.705278,16.706469,-0.002476,0.003477,0.016519,1.432000,0.000000

0.656981,0.489915,9.652588,16.715292,-0.000610,-0.007981,0.019717,1.412000,0.000000

0.839003,0.449200,9.674143,16.709410,-0.001676,0.000279,0.010124,1.388000,0.000000

0.846188,0.636012,9.681328,16.709410,-0.001943,0.013336,-0.011726,1.368000,0.000000

0.747992,0.683912,9.659773,16.735882,-0.004341,-0.001586,-0.019720,1.344000,0.000000

0.712067,0.518656,9.676538,16.735882,-0.005140,0.005076,-0.020785,1.328000,0.000000

0.542020,0.439620,9.650192,16.741764,-0.000877,0.002944,-0.014657,1.292000,0.000000

0.405504,0.506680,9.662168,16.735882,0.001521,-0.008248,-0.000801,1.268000,0.000000

0.120497,0.703072,9.777128,16.750587,0.002054,0.006941,0.013322,1.248000,0.000000

0.467775,0.655172,9.676538,16.741764,-0.003541,-0.028232,0.026112,1.224000,0.000000

0.546810,0.525841,9.750783,16.747646,0.002854,-0.027699,0.031974,1.208000,0.000000

0.927618,0.501890,9.698093,16.735882,-0.000077,-0.034094,0.073542,1.188000,0.000000

0.831818,0.315079,9.757969,16.735882,0.009249,-0.027166,0.109248,1.172000,0.000000

0.455800,0.485125,9.537626,16.753529,0.012180,0.004276,0.148951,1.156000,0.000000

0.918038,0.633617,9.743598,16.759411,0.015644,-0.027433,0.181193,1.144000,0.000000

1.186280,1.093460,9.408296,16.759411,0.023904,-0.034094,0.213435,1.128000,0.000000

0.338444,0.956944,9.573552,16.747646,0.003387,-0.045552,0.253671,1.120000,0.000000

0.747992,1.514984,9.343630,16.756470,-0.003541,-0.089252,0.295506,1.108000,0.000000

0.831818,1.498219,9.611873,16.762352,0.014844,-0.089252,0.348265,1.096000,0.000000

1.387462,1.596414,9.501701,16.753529,-0.000077,-0.088719,0.383705,1.084000,0.000000

1.260526,1.297037,9.489726,16.753529,-0.008071,-0.067402,0.344801,1.076000,0.000000

0.872533,2.013148,9.334050,16.777058,-0.030987,-0.093782,0.296038,1.068000,0.000000

1.976637,1.459898,9.393926,16.768234,0.003120,-0.072731,0.196382,1.060000,0.000000

2.390975,1.356912,9.161609,16.777058,-0.095205,-0.091917,0.161208,1.052000,0.000000

1.550323,1.895792,9.772339,16.774117,-0.003541,0.036785,0.110048,1.048000,0.000000

0.877323,1.471873,9.355605,16.765293,-0.051771,-0.034627,0.092461,1.040000,0.000000

0.288148,1.900582,9.810658,16.785881,0.094250,0.022929,0.109515,1.064000,0.000000

1.344352,0.039652,9.183164,16.785881,-0.084280,-0.069800,0.138826,1.072000,0.000000

1.021024,1.833521,10.071716,16.788822,-0.081082,-0.042355,0.195049,1.064000,0.000000

1.018629,1.601204,9.643007,16.794704,-0.077085,-0.028232,0.239548,1.352000,0.000000

1.097665,0.257598,9.573552,16.791763,-0.078684,-0.043421,0.337340,1.300000,0.000000

1.507213,1.016820,9.757969,16.803528,0.020440,-0.011445,0.379175,1.284000,0.000000

1.485658,1.799991,8.529324,16.785881,0.000455,0.018665,0.367450,1.308000,0.000000

1.224601,0.995264,9.449011,16.791763,-0.000077,0.028791,0.418611,1.340000,0.000000

0.918038,2.410721,9.053833,16.809410,0.068670,0.042114,0.396495,2.100000,0.000000

1.375487,1.342542,9.705278,16.791763,-0.072822,-0.014376,0.369049,2.812000,0.000000

1.739530,1.462293,10.342353,16.797646,0.004985,0.043713,0.360789,3.392000,0.000000

1.449733,2.070628,9.916039,16.797646,0.019108,0.023994,0.292574,3.692000,0.000000

1.658099,-0.468093,9.154424,16.800587,0.017509,0.041847,0.274988,4.052000,0.000000

1.653309,1.323382,8.421547,16.791763,0.039892,0.036518,0.288578,4.232000,0.000000

0.965939,-0.163925,8.931686,16.815292,-0.007005,0.102334,0.232087,4.564000,0.000000

1.904786,1.347332,9.602292,16.803528,0.011647,0.055437,0.146020,4.972000,0.000000

2.082018,0.492310,11.647639,16.806469,0.075065,0.090344,0.121239,5.064000,0.000000

3.047211,2.319710,8.411967,16.815292,0.008449,0.131379,0.085533,5.480000,0.000000

0.489330,1.658685,8.469448,16.824116,0.100379,0.135376,0.069012,5.548000,0.000000

1.016234,1.747301,8.553273,16.821175,0.026036,0.136974,0.061019,5.684000,0.000000

1.373092,0.978499,7.669511,16.803528,-0.093606,0.217713,-0.000801,5.628000,0.000000

-0.669860,-2.032040,14.279765,16.818233,-0.032586,0.187069,-0.036507,5.544000,0.000000

2.661613,1.524564,9.633428,16.818233,0.099313,0.147367,-0.019720,5.940000,0.000000

-1.680558,0.080367,8.979588,16.815292,0.108373,0.176411,0.047962,5.772000,0.000000

0.553995,1.167706,9.350815,16.824116,0.005785,0.179342,-0.097260,5.632000,0.000000

0.994679,0.736602,9.753179,16.809410,0.049751,0.147633,-0.199049,5.688000,0.000000

1.523978,-0.025014,11.206955,16.838821,-0.005407,0.132178,-0.196651,5.820000,0.000000

2.613712,4.585399,9.683722,16.847647,0.068670,0.135376,-0.092730,6.024000,0.000000

-0.542924,0.089947,8.867022,16.829998,-0.037382,0.016800,0.260599,5.928000,0.000000

-0.183671,0.207303,10.284873,16.844706,-0.049107,0.047177,0.365052,5.916000,0.000000

0.690511,0.025282,9.393926,16.838821,0.099846,0.007207,0.390899,6.104000,0.000000

1.049764,3.380704,9.137658,16.838821,0.006584,0.027458,0.372513,6.080000,0.000000

-0.176486,-0.997392,7.710226,16.838821,0.027102,-0.004251,0.179328,5.956000,0.000000

-0.073500,-2.633190,12.344589,16.850588,0.082526,0.011737,-0.061021,5.784000,0.000000

2.544257,-0.173505,9.393926,16.841763,-0.029655,0.118855,-0.157747,5.692000,0.000000

2.292779,2.001173,8.459867,16.832939,-0.005140,0.154028,-0.095395,5.600000,0.000000

-1.577572,-2.448774,9.628637,16.844706,0.067604,0.022396,0.091129,5.460000,0.000000

-1.045878,-0.420192,11.669194,16.829998,-0.123716,0.030922,0.394630,5.336000,0.000000

-0.940497,0.020492,9.726833,16.844706,0.006851,-0.064205,0.690136,5.204000,0.000000

-1.642238,1.649105,9.235854,16.829998,0.108373,-0.044753,0.887052,5.128000,0.000000

-0.873436,1.014425,9.475356,16.847647,0.007650,-0.108437,1.018152,5.120000,0.000000

0.051041,0.106712,10.311218,16.856470,-0.124782,-0.100444,1.160176,5.040000,0.000000

1.643729,1.747301,11.446457,16.841763,0.024970,-0.142545,1.162575,5.028000,0.000000

0.827027,0.415670,9.482541,16.835880,-0.004074,-0.059142,0.970455,5.468000,0.000000

0.982704,1.184471,10.167517,16.859411,-0.005940,-0.017840,0.893980,5.376000,0.000000

3.538190,2.044283,9.808264,16.841763,0.109439,-0.061274,0.832161,5.372000,0.000000

1.454523,-0.135185,9.468171,16.847647,0.191776,0.009339,0.711720,5.888000,0.000000

0.386344,0.173773,10.579460,16.850588,0.059877,0.107930,0.518268,6.212000,0.000000

1.876046,2.889725,8.699369,16.847647,0.157402,0.066628,0.173466,6.224000,0.000000

1.188675,1.016820,8.507768,16.847647,0.082259,0.249688,-0.169738,6.388000,0.000000

1.746715,-0.063334,8.560458,16.850588,0.039625,0.186803,-0.336277,6.344000,0.000000

0.563575,0.863538,7.600055,16.856470,-0.037116,0.393045,-0.466844,6.220000,0.000000

3.732186,3.102882,10.986613,16.844706,0.075864,0.282463,-0.737836,6.280000,0.000000

-2.190697,-3.825910,10.066926,16.844706,0.000722,0.346947,-0.903842,6.132000,0.000000

0.817447,0.894674,9.741203,16.865294,0.028967,0.205455,-0.812978,5.996000,0.000000

0.412689,2.516102,9.008327,16.847647,0.082526,0.175878,-0.867337,5.856000,0.000000

-1.201554,-1.160253,9.398716,16.868235,-0.084280,0.146567,-0.910504,5.728000,0.000000

0.508490,0.727022,10.694421,16.850588,-0.181538,0.156959,-0.846553,5.608000,0.000000

1.674865,1.309012,10.359118,16.868235,-0.025125,0.153495,-0.751426,5.564000,0.000000

-0.590824,0.226463,9.307705,16.856470,-0.115722,0.205722,-0.662161,5.668000,0.000000

-0.190856,0.755763,9.729228,16.871176,-0.102665,0.112726,-0.516406,5.552000,0.000000

0.690511,1.052745,9.604687,16.865294,0.026835,0.017866,-0.316559,5.444000,0.000000

0.352814,-0.072914,8.701765,16.853529,0.006584,0.024527,-0.111649,5.620000,0.000000

-0.262706,2.937625,10.239367,16.871176,0.106508,0.044246,0.240881,6.184000,0.000000

-1.024323,1.026400,8.799960,16.871176,0.025237,0.078353,0.413548,6.260000,0.000000

-1.730853,2.453831,9.609477,16.859411,-0.016865,-0.001586,0.482562,6.384000,0.000000

-0.135770,2.350845,8.347301,16.850588,0.069203,-0.034894,0.501215,6.668000,0.000000

-0.459098,-0.583053,10.483660,16.877058,0.004719,0.019465,0.555573,6.620000,0.000000

0.992284,1.519774,9.008327,16.874117,-0.159955,0.094873,0.413548,6.632000,0.000000

1.011444,1.057535,9.087363,16.856470,-0.033385,0.088212,0.305631,6.792000,0.000000

2.053277,1.050350,10.064531,16.877058,0.019108,0.103134,0.280051,6.756000,0.000000

-0.871041,0.075577,9.628637,16.882940,-0.092273,0.118589,-0.023983,6.656000,0.000000

0.441429,2.231094,10.387858,16.874117,-0.114390,0.178010,-0.356528,6.764000,0.000000

2.575392,2.449041,10.035790,16.879999,-0.130111,0.139906,-0.466577,6.612000,0.000000

2.074833,0.928204,9.350815,16.871176,0.069203,0.151097,-0.592880,6.520000,0.000000

-1.220714,2.626273,8.850256,16.882940,-0.178341,0.247556,-0.569432,6.540000,0.000000

-1.031508,0.458780,8.249105,16.868235,-0.153560,0.189468,-0.414883,6.808000,0.000000

-0.650700,-0.068124,9.796288,16.882940,-0.344613,0.170016,-0.229958,6.864000,0.000000

-0.957262,1.783226,10.114826,16.879999,0.099580,0.054904,-0.139361,6.924000,0.000000

-2.193092,-2.958913,10.500424,16.874117,-0.082681,0.090610,-0.090599,6.980000,0.000000

-1.596732,-0.250146,11.848821,16.877058,-0.242025,0.242760,-0.154550,6.956000,0.000000

0.515675,-0.523178,9.822634,16.891764,0.003653,0.131912,-0.300038,7.084000,0.000000

1.147960,4.614139,10.713581,16.891764,0.039625,0.194530,-0.578225,7.140000,0.000000

1.962267,2.767579,7.954518,16.871176,-0.009670,0.247024,-0.714121,7.156000,0.000000

0.182767,0.329449,8.706554,16.888823,-0.025658,0.283795,-0.721848,7.172000,0.000000

-1.122518,2.434671,11.877561,16.879999,-0.081881,0.355740,-0.794059,7.148000,0.000000

-1.637448,-2.484699,9.961545,16.885881,0.067338,0.214249,-0.879327,7.164000,0.000000

0.177977,-0.271701,8.543694,16.888823,-0.007272,0.223575,-0.937949,7.168000,0.000000

-0.906967,1.982013,9.116103,16.879999,0.058811,0.259281,-1.046399,7.152000,0.000000

-0.202831,2.053863,8.237131,16.882940,-0.007272,0.128714,-1.144724,7.152000,0.000000

0.180372,0.782108,8.469448,16.874117,0.075598,0.053572,-1.231857,7.164000,0.000000

0.307308,-1.761403,12.560142,16.871176,-0.315303,0.271005,-1.173236,7.140000,0.000000

0.702486,-1.270424,10.622570,16.877058,0.081194,0.212916,-1.238519,7.184000,0.000000

-2.159562,-1.588962,11.947017,16.877058,-0.145832,0.282729,-1.451689,7.140000,0.000000

-1.500932,4.939862,10.866862,16.877058,-0.111192,0.151363,-1.409321,7.172000,0.000000

-0.413593,1.325777,6.603727,16.882940,0.159001,-0.003185,-1.279288,7.168000,0.000000

-0.351322,0.147428,7.350973,16.897646,-0.174877,-0.017041,-1.171370,7.168000,0.000000

-2.106871,3.248978,7.427614,16.874117,0.196838,0.145501,-0.996837,7.184000,0.000000

-1.127308,2.640643,11.439272,16.897646,-0.349943,-0.110836,-0.829765,7.196000,0.000000

-1.647028,1.919742,8.878996,16.894705,0.276777,-0.006382,-0.669355,7.232000,0.000000

0.956359,1.282667,10.615385,16.891764,-0.210849,-0.253127,-0.457784,7.224000,0.000000

0.321678,2.044283,10.342353,16.903528,0.051883,-0.110303,-0.157214,7.244000,0.000000

1.212626,-4.692907,15.434165,16.897646,-0.164485,-0.053280,0.027977,7.232000,0.000000

-3.270851,-0.726755,10.069321,16.900587,0.386027,0.143103,0.002930,7.260000,0.000000

-2.367929,0.798873,7.909013,16.891764,0.347123,-0.102575,0.045031,7.264000,0.000000

-2.822982,-0.472883,6.713898,16.882940,-0.162620,-0.129222,0.196382,7.252000,0.000000

-1.826654,3.773487,7.983259,16.909410,0.314348,0.058635,0.112179,7.260000,0.000000

-3.194210,3.850127,6.864784,16.882940,0.140348,-0.144676,-0.096461,7.256000,0.000000

-0.255521,-2.836767,12.428415,16.888823,-0.085612,-0.326137,-0.189456,7.264000,0.000000

-0.013624,2.837034,9.156818,16.888823,0.331935,-0.089785,-0.219033,7.292000,0.000000

0.072596,2.295760,16.246077,16.891764,0.363111,-0.122027,-0.189723,7.272000,0.000000

-4.135453,3.541170,8.486213,16.900587,0.305555,0.020264,-0.288847,7.232000,0.000000

-0.241151,-4.297729,8.194020,16.891764,-0.163685,-0.443647,-0.035174,7.252000,0.000000

-1.491351,2.173614,11.585368,16.888823,-0.236696,-0.041822,0.280317,7.252000,0.000000

0.015116,0.770133,4.146437,16.891764,0.343659,-0.273644,0.457515,7.240000,0.000000

-0.550109,-1.064452,13.209191,16.894705,-0.377921,-0.258456,0.783132,7.224000,0.000000

-4.209699,-0.626164,11.494358,16.894705,0.253595,-0.048750,0.757019,7.224000,0.000000

-3.893556,-1.598542,8.411967,16.903528,-0.034718,-0.511862,0.498816,7.252000,0.000000

-2.288893,-0.480068,9.817844,16.900587,0.047086,-0.258722,0.482829,7.260000,0.000000

-1.807494,2.765184,5.913961,16.894705,-0.173811,-0.295494,0.220630,7.244000,0.000000

0.973124,1.371283,8.335326,16.900587,0.016976,-0.237938,0.091662,7.252000,0.000000

1.001864,-1.723083,12.967295,16.885881,-0.194595,-0.082324,-0.161211,7.260000,0.000000

-0.207621,6.123002,13.166081,16.897646,0.229080,0.056236,-0.290712,7.272000,0.000000

1.169515,0.420460,9.597502,16.906469,0.261855,-0.212624,0.160409,7.292000,0.000000

-1.448241,6.587635,5.058939,16.894705,0.440652,-0.002385,0.357858,7.288000,2693.141796

-5.747301,3.031031,7.861113,16.900587,-0.520479,-0.186244,0.515604,7.272000,2693.141796

-0.169301,-5.097665,9.889694,16.885881,-0.094405,-0.551831,0.654697,7.252000,2693.141796

-2.315238,-1.730268,12.105087,16.906469,-0.028855,-0.091117,0.725310,7.256000,2693.141796

-2.729577,-1.830859,11.903906,16.879999,0.071867,-0.276042,0.770075,7.260000,2693.141796

-0.648305,-0.666879,8.239526,16.885881,-0.108261,-0.337062,0.964060,7.264000,2693.141796

-0.684230,1.153336,9.532837,16.900587,0.094517,-0.190508,1.224394,7.264000,2693.141796

-1.110543,2.559212,6.524692,16.912352,-0.143701,-0.230477,1.238783,7.252000,2693.141796

0.443824,4.233331,7.571315,16.903528,-0.045110,-0.223816,1.275821,7.260000,2693.141796

0.283358,1.047955,11.214140,16.903528,0.042557,-0.201699,1.374146,7.256000,2693.141796

0.046251,-1.387780,6.625282,16.900587,-0.062430,-0.257124,1.326982,7.268000,2693.141796

-3.036139,-1.531481,11.614109,16.897646,-0.121318,0.091143,1.189754,7.284000,2693.141796

0.743202,3.775882,9.717253,16.900587,0.422532,-0.210759,0.807913,7.292000,2693.141796

-0.815956,-0.027409,9.511281,16.894705,-0.090941,0.095406,0.737833,7.300000,2693.141796

2.826869,-0.585448,6.730663,16.900587,0.027102,0.021596,0.563833,7.296000,2693.141796

2.949015,4.068075,9.520862,16.882940,0.357515,0.242494,0.405288,7.292000,2693.141796

0.542020,-1.536271,8.021579,16.885881,-0.263609,0.357339,0.381040,7.292000,2693.141796

-1.347650,-0.956676,14.634228,16.891764,-0.127979,0.269406,0.142823,7.276000,2693.141796

2.489171,-0.343551,11.499147,16.885881,0.106241,0.202524,-0.140694,7.288000,2693.141796

2.640057,1.641920,12.806828,16.879999,0.137684,0.266742,-0.432470,7.292000,2693.141796

2.173028,3.335198,8.596384,16.879999,0.069736,0.357339,-0.673086,7.284000,2693.141796

0.127682,-2.719411,12.167358,16.903528,0.055613,0.304313,-0.887321,7.272000,2693.141796

1.080899,-0.022619,10.816567,16.897646,-0.226837,0.420757,-0.847618,7.260000,2693.141796

1.868861,-1.251264,9.508886,16.874117,0.124094,0.459128,-0.949940,7.272000,2693.141796

-0.119005,5.818834,8.893367,16.885881,0.353252,0.427952,-1.055726,7.288000,2693.141796

-1.800309,2.616693,6.112748,16.882940,-0.292387,0.239296,-0.816975,7.272000,2693.141796

-0.667465,0.379744,4.314089,16.897646,-0.073088,0.122586,-0.792461,7.280000,2693.141796

1.282081,1.268297,11.590158,16.885881,-0.136240,0.167351,-0.777272,7.296000,2693.141796

1.231786,-6.666403,13.908537,16.888823,-0.073088,0.140971,-0.688540,7.284000,2693.141796

-0.693810,-2.903827,11.103970,16.888823,-0.316901,0.418892,-0.828966,7.292000,2693.141796

0.836608,6.470279,6.481581,16.882940,0.420667,0.114592,-1.057058,7.280000,2693.141796

-2.188302,1.572464,6.991720,16.891764,-0.282794,0.011471,-0.900112,7.296000,2693.141796

0.712067,-1.193783,10.864468,16.879999,-0.320365,-0.081525,-0.741566,7.240000,2693.141796

1.593434,-2.000905,17.817209,16.879999,-0.311839,0.125250,-0.618727,7.304000,2693.141796

-0.348927,3.337594,11.935041,16.897646,0.736958,-0.018906,-0.723980,7.320000,2693.141796

-0.162116,2.645433,8.464658,16.891764,0.338330,-0.132686,-0.366920,7.336000,2693.141796

-1.656608,-0.571078,7.259963,16.882940,0.145145,-0.163062,-0.188923,7.324000,2693.141796

-1.218319,2.568792,11.216536,16.903528,0.008716,-0.132686,-0.031177,7.332000,2693.141796

0.242643,2.772369,9.803473,16.885881,0.761472,-0.166526,-0.105787,7.352000,2693.141796

-1.618287,-6.237694,7.178532,16.882940,0.036161,-0.147075,-0.039171,7.348000,2693.141796

0.199532,4.851246,9.082573,16.879999,-0.126647,0.053572,-0.136963,7.348000,2693.141796

-0.396827,-0.025014,8.364067,16.885881,0.178719,-0.102575,-0.244347,7.340000,12.764456

-1.122518,-1.672787,11.537468,16.897646,-0.097869,-0.077528,-0.200648,7.324000,12.764456

-0.574059,0.372559,14.519267,16.865294,-0.188466,-0.085522,-0.163876,7.300000,12.764456

-0.284262,5.265584,10.244158,16.877058,0.014312,-0.023702,0.031708,7.328000,12.764456

0.074991,3.804622,7.183322,16.888823,-0.082414,-0.227813,0.170801,7.320000,12.764456

-1.232689,-2.436799,6.086403,16.877058,-0.130644,-0.114833,0.440195,7.248000,12.764456

-2.420619,-0.250146,9.300520,16.900587,0.105708,-0.088186,0.442859,7.324000,12.764456

-1.232689,-1.198573,12.442785,16.894705,-0.414959,-0.121494,0.448721,7.340000,12.764456

-0.598009,-0.458512,10.866862,16.888823,-0.422687,-0.221950,0.609931,7.340000,12.764456

0.688116,4.297997,9.525652,16.888823,0.452642,0.029590,0.354394,7.352000,12.764456

-1.977540,0.391720,7.147397,16.891764,0.396419,-0.107905,0.075408,7.364000,12.764456

1.061739,6.134976,10.639336,16.891764,-0.048307,-0.086854,-0.009061,7.352000,12.764456

0.189952,-1.955400,6.225314,16.906469,-0.163685,-0.048750,-0.126571,7.348000,12.764456

-1.196764,-2.889457,15.520386,16.888823,-0.208718,0.055171,-0.054893,7.340000,12.764456

1.593434,-0.513598,7.214457,16.885881,0.071867,-0.147607,-0.095661,7.348000,12.764456

-1.678163,-1.435680,10.833332,16.909410,-0.140503,0.110595,0.157478,7.344000,12.764456

-0.492628,8.589871,7.674301,16.900587,0.159001,0.018399,0.132697,7.340000,12.764456

-0.928522,-7.356168,5.217011,16.915293,-0.304378,-0.221418,0.019450,7.344000,12.764456

1.068924,-0.015434,12.603251,16.894705,-0.397906,-0.012777,0.166271,7.340000,12.764456

1.006654,0.976104,10.323193,16.894705,0.215757,0.083149,0.105251,7.340000,12.764456

0.403109,3.220237,8.150910,16.891764,0.234143,0.055703,0.045564,7.348000,12.764456

-3.081644,-1.976955,9.235854,16.900587,-0.235364,0.017066,-0.015989,7.352000,12.764456

-0.571664,3.502850,8.919712,16.900587,-0.039514,0.024527,-0.138029,7.352000,12.764456

-0.825536,-1.224919,11.609319,16.906469,0.052949,0.079152,-0.133499,7.364000,12.764456

-1.156049,0.944969,9.504096,16.909410,0.169393,0.134043,-0.150020,7.372000,12.764456

0.812657,2.628668,9.664562,16.915293,0.160599,0.034386,-0.090332,7.372000,12.764456

-0.732130,3.962693,1.598136,16.906469,0.317279,0.028524,-0.150020,7.368000,12.764456

-2.775082,-5.382672,15.024616,16.874117,-0.928166,0.163088,0.005594,7.364000,12.764456

3.257972,7.155255,9.583132,16.888823,0.052149,0.117256,-0.235554,7.356000,12.764456

0.894088,-8.465062,11.252460,16.897646,-0.012868,-0.103908,-0.259269,7.356000,12.764456

-0.700995,4.494388,9.547207,16.891764,-0.038981,0.162555,-0.149487,7.364000,12.764456

-3.378627,-1.838044,12.394885,16.885881,-0.122384,0.169749,-0.153217,7.368000,12.764456

-3.112780,0.291129,12.028447,16.894705,-0.636923,0.225973,-0.134831,7.344000,12.764456

4.175265,2.235884,10.325588,16.897646,0.008449,-0.270980,-0.340274,7.356000,12.764456

0.465380,-0.080099,9.319680,16.903528,0.168593,-0.144410,-0.284850,7.352000,12.764456

1.191071,3.648946,8.761641,16.882940,-0.164485,-0.007715,-0.025848,7.364000,14.784974

0.177977,2.681358,11.662009,16.897646,0.230146,-0.184646,0.035705,7.356000,14.784974

-3.608549,-3.342116,12.105087,16.900587,0.032431,-0.055411,0.073009,7.368000,14.784974

0.201927,1.859866,10.105247,16.900587,0.363644,-0.236872,0.086333,7.368000,14.784974

-2.710416,-2.575710,7.784472,16.891764,-0.057633,0.045311,0.186522,7.372000,14.784974

-1.357230,5.184154,8.469448,16.897646,-0.095737,0.016800,0.152149,7.376000,14.784974

1.061739,2.427486,6.333090,16.906469,0.077996,-0.167059,0.230489,7.376000,81.788215

-1.481771,-3.174465,8.620334,16.888823,-0.381119,-0.062073,0.385570,7.372000,81.788215

2.692748,1.589229,15.376684,16.891764,-0.107995,-0.115365,0.385303,7.352000,81.788215

1.334772,2.331685,11.106364,16.903528,0.811034,-0.227280,0.087132,7.368000,81.788215

-4.628827,-5.567089,9.228669,16.906469,0.033230,0.198261,0.402091,7.392000,81.788215

0.211507,12.000380,7.262358,16.885881,0.111837,0.101269,0.118841,7.388000,81.788215

-2.099686,-1.117143,8.366462,16.897646,0.190710,-0.548633,0.275521,7.388000,81.788215

1.083295,-0.944701,15.146763,16.888823,0.179785,-0.065004,0.214767,7.388000,81.788215

0.381554,2.171219,6.534272,16.891764,0.396685,0.031722,0.044498,7.396000,81.788215

0.252223,5.653578,11.930251,16.891764,0.232544,0.094341,-0.063686,7.388000,81.788215

-0.054340,-8.635109,11.269226,16.891764,0.102511,-0.171056,-0.227827,7.360000,81.788215

0.381554,3.912398,11.580578,16.882940,-0.186868,0.098604,-0.149753,7.376000,81.788215

1.071320,4.204591,4.670947,16.912352,0.491013,0.074889,-0.074078,7.372000,81.788215

-2.255363,0.746182,7.561735,16.891764,-0.839701,-0.011712,0.175597,7.364000,81.788215

-0.301027,-0.245356,11.384187,16.900587,0.347923,-0.033561,0.303766,7.372000,81.788215

-2.087711,-3.952846,11.542258,16.900587,-0.048840,-0.094581,0.303766,7.372000,81.788215

0.254618,-1.488371,8.553273,16.915293,0.034030,-0.188110,0.459380,7.384000,81.788215

-0.902177,5.102723,4.891288,16.894705,-0.437342,0.124451,0.477499,7.380000,81.788215

-0.849486,3.998619,9.403505,16.906469,0.419335,-0.169457,0.225692,7.376000,81.788215

-1.905690,-6.752624,9.978311,16.909410,-0.363532,-0.191307,0.277386,7.384000,81.788215

2.213744,1.594019,13.788786,16.903528,-0.217244,0.051174,0.149218,7.388000,81.788215

1.358722,1.663475,13.266672,16.903528,-0.034451,0.308310,0.040501,7.392000,81.788215

-0.818351,-0.592633,5.631349,16.897646,0.314082,-0.298159,-0.098060,7.388000,81.788215

-0.221991,-1.339880,12.617621,16.894705,-0.148231,0.043180,0.092461,7.396000,81.788215

-0.255521,-0.408217,11.223721,16.894705,-0.152494,0.203590,0.049028,7.380000,81.788215

1.622174,0.820428,8.141330,16.906469,0.406544,0.118855,0.000265,7.376000,21.046070

-2.578690,4.245306,5.243356,16.879999,0.113169,-0.000254,0.025313,7.384000,21.046070

-0.202831,6.776842,10.069321,16.874117,0.215491,-0.019972,-0.024516,7.388000,21.046070

-4.248019,-6.800524,12.473921,16.894705,-0.406699,-0.216621,0.056222,7.380000,21.046070

0.338444,3.380704,7.693461,16.897646,0.381497,0.114592,0.036504,7.400000,21.046070

-2.609826,-2.985258,10.948293,16.874117,-0.054702,-0.138281,0.126035,7.396000,21.046070

3.186122,3.442974,12.220049,16.885881,-0.135174,0.094074,0.223561,7.392000,21.046070

3.344193,1.891002,8.735295,16.871176,0.448645,-0.047151,0.221163,7.396000,21.046070

-3.903136,-3.442707,8.493398,16.888823,-0.137306,0.197728,0.425273,7.400000,21.046070

-1.520092,6.477464,9.918435,16.909410,0.188578,0.466589,0.235285,7.412000,21.046070

-1.898505,3.107671,6.107958,16.885881,0.434523,-0.295228,-0.014390,7.416000,21.046070

-3.210975,-5.703605,8.086245,16.894705,-0.689416,-0.057810,0.069812,7.412000,21.046070

-2.308053,-5.308427,14.648599,16.894705,-0.664901,0.425820,-0.017321,7.404000,21.046070

4.211190,5.375755,10.924343,16.897646,0.546171,0.128981,-0.366654,7.420000,21.046070

0.369579,0.303104,8.936477,16.894705,-0.251884,0.078086,-0.242482,7.408000,21.046070

-0.495023,-0.427377,9.025092,16.906469,0.089987,0.047976,-0.266197,7.384000,21.046070

-0.681835,-1.505136,11.367421,16.900587,-0.367263,0.283262,-0.207043,7.380000,21.046070

-0.473468,7.107355,9.082573,16.897646,0.035362,0.293654,-0.238485,7.388000,21.046070

-0.708180,-1.200969,7.794052,16.877058,0.147276,-0.133485,-0.387438,7.388000,21.046070

-1.498536,-0.401032,9.793894,16.882940,-0.574837,0.098604,-0.346936,7.384000,21.046070

3.816012,0.547396,12.061977,16.885881,0.073466,-0.041289,-0.349067,7.392000,25.399609

-0.135770,-3.172070,14.083374,16.897646,0.114501,0.134843,-0.395698,7.392000,25.399609

-0.988397,4.274046,7.715016,16.888823,0.226416,0.076754,-0.427407,7.404000,25.399609

0.103732,0.640802,7.113866,16.897646,-0.126914,-0.195837,-0.156415,7.396000,25.399609

-0.758475,3.028636,8.644284,16.894705,0.064939,0.044512,-0.078874,7.408000,25.399609

-2.058971,-6.601737,9.482541,16.903528,-0.328892,-0.215289,-0.066084,7.404000,25.399609

1.001864,3.435789,7.897038,16.888823,0.168060,0.164687,0.001065,7.400000,25.399609

-0.049550,-2.364948,10.157937,16.885881,-0.206586,0.000013,-0.095661,7.424000,25.399609

0.209112,8.216249,9.542417,16.882940,0.352186,0.025060,-0.197983,7.412000,62.642229

0.831818,-4.927619,6.615702,16.888823,-0.098402,-0.521721,-0.152418,7.404000,62.642229

-0.799191,-0.417797,10.953083,16.885881,0.199237,0.041314,-0.210773,7.436000,62.642229

-1.718878,1.376073,8.385622,16.891764,0.038027,-0.053813,-0.167073,7.416000,62.642229

0.580340,-0.417797,9.887300,16.874117,0.099846,-0.278707,-0.134831,7.440000,62.642229

-2.439779,-0.844111,9.482541,16.891764,-0.029921,0.032521,-0.055159,7.440000,62.642229

-1.132098,1.900582,10.857283,16.877058,0.162998,-0.154269,0.005594,7.452000,62.642229

-0.176486,-3.030763,14.543218,16.885881,-0.268938,-0.072998,0.286712,7.456000,62.642229

0.649796,0.645592,12.883469,16.879999,-0.074953,-0.000254,0.371447,7.456000,62.642229

-1.747618,5.282350,7.202482,16.897646,0.519791,-0.030630,0.193184,7.444000,62.642229

-4.195329,-2.824792,7.868298,16.879999,-0.134375,-0.164128,0.252072,7.428000,62.642229

1.162330,10.877115,4.105722,16.874117,0.121163,-0.244866,-0.037573,7.456000,62.642229

1.188675,-5.468893,7.992838,16.888823,-0.306243,-0.093516,0.267793,7.452000,62.642229

-1.805099,-5.653310,18.547689,16.865294,-0.008871,0.029857,0.386636,7.452000,62.642229

0.618661,6.010436,4.366779,16.862352,0.603727,0.017066,0.041567,7.464000,62.642229

1.535953,1.232371,2.273532,16.871176,-0.276399,-0.039424,0.001597,7.468000,62.642229

-1.848209,1.550909,11.285991,16.882940,-0.215379,0.288325,-0.012525,7.460000,62.642229

0.439034,0.921019,7.166557,16.871176,0.089188,0.102334,-0.104455,7.456000,62.642229

-1.038693,-1.747033,8.546088,16.871176,-0.277731,0.004543,-0.087135,7.460000,62.642229

-0.760870,-0.611794,16.521503,16.868235,0.040958,0.045844,-0.143358,7.472000,62.642229

2.194584,3.936348,9.250224,16.871176,0.091586,-0.097246,-0.231557,7.468000,62.642229

1.212626,4.877591,6.079218,16.879999,0.540308,-0.124159,-0.206510,7.476000,62.642229

-1.088988,-1.184203,9.714858,16.871176,-0.720592,0.099137,0.014121,7.468000,62.642229

2.077228,3.363939,13.731306,16.891764,0.335399,0.049841,0.005061,7.460000,62.642229

0.862953,-2.041620,11.422507,16.882940,0.205632,-0.087120,-0.122574,7.460000,62.642229

-3.826495,-0.389057,10.823752,16.879999,0.176054,0.106864,-0.184660,7.468000,62.642229

0.719252,7.574383,5.722360,16.865294,0.650890,0.056503,-0.269128,7.444000,19.294517

-1.886530,2.070628,5.298441,16.862352,0.385760,-0.253926,-0.241949,7.452000,19.294517

2.326310,-4.822238,9.705278,16.874117,-1.078984,0.234766,0.113512,7.436000,19.294517

4.630319,4.836876,9.108918,16.868235,0.188578,0.135642,-0.112981,7.456000,192.610100

-5.218002,-4.953964,9.358000,16.871176,-0.049639,-0.153470,-0.181729,7.448000,192.610100

-3.843261,-3.193625,13.460669,16.862352,-0.417624,0.094607,0.010657,7.444000,192.610100

1.864071,2.757999,8.651469,16.877058,0.012979,0.034120,-0.050096,7.460000,192.610100

0.894088,6.235568,7.140212,16.862352,0.298094,-0.034361,-0.079674,7.456000,192.610100

0.319283,-0.139975,12.584091,16.859411,-0.260145,0.057302,-0.014390,7.456000,192.610100

-0.880621,-0.626164,11.685959,16.859411,0.195506,-0.003451,-0.197983,7.456000,192.610100

-0.114215,-2.003300,7.432404,16.862352,0.125693,-0.095914,-0.209707,7.468000,192.610100

0.053436,3.385494,10.869258,16.877058,-0.184469,0.078886,-0.211040,7.464000,192.610100

0.719252,3.222633,7.679091,16.865294,0.450244,-0.197702,-0.223297,7.468000,192.610100

-1.163234,-2.156581,7.741362,16.862352,-0.266540,-0.062073,-0.225695,7.468000,192.610100

-2.506840,-1.632072,13.743281,16.856470,-0.108261,0.120187,-0.202246,7.464000,192.610100

0.625846,0.844378,11.250066,16.853529,0.221353,-0.175586,-0.275790,7.468000,192.610100

1.238971,1.577254,6.392965,16.850588,-0.042445,-0.124425,-0.130035,7.468000,192.610100

0.798287,1.548514,10.423784,16.856470,-0.169814,-0.084456,0.011989,7.464000,192.610100

-0.451913,2.626273,12.370934,16.859411,-0.251884,-0.014376,-0.046632,7.464000,192.610100

0.053436,4.628509,10.905183,16.844706,0.726566,-0.344257,-0.289913,7.468000,192.610100

-0.997977,-5.447338,7.473119,16.859411,-0.350209,-0.146275,-0.069282,7.468000,192.610100

-1.055458,-1.627282,12.715817,16.862352,-0.143967,0.335755,0.002130,7.468000,192.610100

-1.591942,3.644156,4.915238,16.847647,0.552299,-0.298958,-0.278988,7.476000,192.610100

-1.826654,-2.115866,6.589357,16.856470,-0.424286,-0.039957,0.122038,7.472000,192.610100

0.187557,1.883817,10.950688,16.841763,-0.228436,-0.087653,0.209705,7.472000,192.610100

1.301241,4.990157,8.445498,16.853529,0.497941,-0.317078,0.149484,7.480000,192.610100

-2.176327,-4.977914,6.807304,16.847647,-0.217511,-0.276309,0.383705,7.480000,192.610100

0.589921,3.735167,11.511123,16.856470,-0.006473,-0.120162,0.564100,7.480000,192.610100

-1.005162,2.046678,9.528047,16.865294,-0.064028,0.128981,0.618991,7.476000,192.610100

-5.632340,-3.430732,10.275292,16.856470,0.169926,-0.272845,0.468706,7.480000,192.610100

-1.005162,2.777159,8.752060,16.853529,-0.177009,-0.359445,0.521199,7.480000,192.610100

2.505936,-0.937516,8.740085,16.853529,-0.267073,-0.162796,0.680277,7.480000,192.610100

3.296293,6.216407,11.863191,16.841763,0.258125,-0.108970,0.693601,7.484000,192.610100

-2.585875,-2.913408,10.342353,16.847647,-0.193263,-0.145742,0.710121,7.480000,192.610100

-2.851722,1.356912,8.689790,16.844706,0.242137,0.044246,0.635512,7.488000,192.610100

1.176700,-1.818883,9.935200,16.835880,-0.379786,-0.032762,0.732771,7.492000,16.065921

2.896324,5.109908,8.011999,16.835880,0.316214,-0.014376,0.746893,7.484000,16.065921

-5.486244,-4.728832,5.882826,16.850588,0.262921,0.138040,0.733303,7.484000,16.065921

-1.278195,-1.907499,8.016789,16.838821,0.366575,-0.443381,0.265928,7.484000,16.065921

-0.715365,-2.482304,3.978786,16.847647,-0.450665,0.254218,0.234219,7.488000,16.065921

0.999469,4.429723,8.323352,16.844706,-0.308108,0.485241,0.006927,7.480000,16.065921

2.292779,-0.575868,10.344748,16.838821,-0.029655,0.029590,-0.272326,7.492000,16.065921

1.998192,-4.561181,9.183164,16.832939,-0.097603,0.024794,-0.288580,7.480000,16.065921

-0.207621,2.925650,6.790539,16.844706,0.197904,0.349345,-0.244614,7.488000,16.065921

-1.766779,-0.393847,10.881232,16.827057,-0.426151,0.334690,-0.154816,7.492000,16.065921

-0.911757,-0.887221,10.205837,16.829998,-0.468518,0.027458,-0.144690,7.484000,16.065921

1.243761,7.021134,11.688354,16.815292,0.286903,-0.076728,-0.178265,7.488000,16.065921

-0.681835,-3.972006,6.419311,16.850588,0.014578,-0.216888,-0.009860,7.492000,16.065921

-2.648146,0.379744,9.551997,16.829998,-1.183171,0.016001,0.395695,7.488000,16.065921

0.261803,-4.024696,18.068686,16.838821,0.260256,0.005875,0.424207,7.476000,16.065921

-0.233966,-1.672787,15.752703,16.850588,-0.216178,-0.140679,0.351196,7.492000,16.065921

2.867584,0.659962,10.433364,16.824116,0.193108,-0.146808,0.359190,7.500000,31.191447

-3.747460,5.265584,5.030200,16.841763,0.469163,0.122319,0.209438,7.488000,31.191447

-4.530631,-3.600778,15.333574,16.812351,-0.681688,0.022129,0.436464,7.492000,31.191447

5.526056,4.463253,10.569880,16.832939,0.780125,-0.554496,0.059153,7.492000,31.191447

-1.644633,1.150941,4.175178,16.821175,0.666345,0.045578,0.048761,7.508000,31.191447

-1.546437,-1.596147,7.116261,16.821175,-0.591624,0.325097,0.375178,7.504000,31.191447

0.479750,3.208262,14.588723,16.835880,0.360180,0.208653,0.085267,7.512000,31.191447

3.691471,10.175374,-4.446893,16.824116,1.338364,-0.124425,-0.570764,7.516000,31.191447

-2.722391,-6.606527,12.893049,16.835880,-1.183171,0.188135,0.124437,7.516000,65.390055

4.398002,4.681200,14.308506,16.821175,0.579745,0.527076,0.343469,7.516000,65.390055

-6.101764,-4.273778,8.459867,16.824116,0.283972,-0.037026,0.006927,7.524000,65.390055

0.573155,14.656456,1.976550,16.812351,0.089720,-0.421531,-0.023716,7.516000,65.390055

4.376447,-4.680932,12.023657,16.827057,-0.667566,-0.078061,0.433000,7.504000,65.390055

-0.020809,6.812767,12.057187,16.832939,-0.058433,0.282996,0.389300,7.500000,65.390055

-6.693334,-13.401197,15.678456,16.832939,-0.107462,-0.346921,0.212369,7.508000,65.390055

1.346747,3.095696,11.441668,16.821175,0.125959,-0.304820,0.173466,7.512000,65.390055

3.092716,7.665394,9.331655,16.818233,-0.141835,-0.013310,0.409285,7.512000,65.390055

4.170475,6.295443,12.505055,16.821175,0.702051,-0.052747,0.309895,7.500000,65.390055

1.550323,2.350845,6.507926,16.821175,0.310884,-0.165194,0.058087,7.508000,65.390055

0.331258,-7.066371,7.475514,16.821175,-0.010736,-0.198768,0.153215,7.524000,65.390055

2.503541,5.739799,8.059899,16.809410,0.506201,0.392778,0.246743,7.532000,65.390055

-1.462611,7.813886,11.077624,16.812351,-0.316901,0.405036,0.115643,7.524000,65.390055

0.774337,-2.688276,10.126801,16.809410,-0.151695,-0.279773,0.073276,7.516000,65.390055

0.654586,-9.959555,5.739125,16.827057,0.193641,0.026926,0.298170,7.536000,33.014594

0.901273,12.544049,8.241920,16.794704,1.358615,0.600619,0.228091,7.548000,33.014594

-4.351005,6.077496,12.129038,16.812351,-0.246022,0.132178,0.242480,7.544000,33.014594

-2.128427,-0.252541,9.307705,16.797646,-0.422420,0.046377,0.294706,7.548000,33.014594

2.757413,0.772528,11.482383,16.818233,0.603460,0.100736,0.285913,7.552000,33.014594

-1.124913,3.162757,11.662009,16.809410,0.152073,0.108996,0.224627,7.552000,33.014594

-2.221832,-0.865666,8.555669,16.809410,-0.362733,0.036785,0.291775,7.540000,33.014594

1.310822,-0.887221,13.599580,16.815292,-0.363532,0.181740,0.432467,7.540000,33.014594

3.497474,3.203472,7.123446,16.812351,0.068403,0.002677,0.366651,7.544000,33.014594

-1.932035,-1.442865,12.773298,16.809410,-0.904984,0.604350,0.345334,7.532000,33.014594

2.802919,-2.930173,12.416440,16.803528,0.360979,-0.051414,0.065282,7.536000,50.960016

-1.273405,-1.751823,7.377318,16.812351,-0.130111,0.310708,-0.079141,7.532000,50.960016

0.910853,4.551868,6.898314,16.809410,0.145145,0.484442,-0.201713,7.544000,50.960016

0.740807,2.185589,10.042975,16.800587,-0.259612,0.365066,-0.251275,7.540000,50.960016

-0.152535,-3.011603,13.000825,16.800587,-0.066427,0.272604,-0.429272,7.540000,50.960016

0.369579,3.198682,7.101892,16.806469,0.170192,0.333890,-0.579824,7.548000,50.960016

-0.078290,3.548355,7.006091,16.806469,-0.004607,0.208653,-0.598210,7.548000,50.960016

-1.215924,2.738839,11.832055,16.809410,0.183515,0.276068,-0.617395,7.544000,50.960016

-0.945287,-4.436640,11.496753,16.809410,0.170192,0.070625,-0.712788,7.552000,50.960016

-0.190856,2.803504,9.338840,16.832939,-0.067759,0.328028,-0.601674,7.564000,50.960016

2.862794,4.336317,6.742639,16.806469,-0.163685,0.112993,-0.427407,7.556000,50.960016

0.367184,-4.834213,9.757969,16.809410,-0.020595,0.034120,-0.266997,7.556000,50.960016

0.355209,6.132582,12.857123,16.803528,0.323142,0.223042,-0.264865,7.560000,50.960016

-0.576454,0.166588,7.645561,16.788822,0.091586,-0.037292,-0.223830,7.560000,50.960016

-0.406408,-0.511203,7.535390,16.797646,0.043622,-0.010646,-0.020252,7.560000,50.960016

-2.111661,0.650382,12.495476,16.797646,-0.150096,0.006674,0.114578,7.560000,50.960016

-0.619564,1.486243,14.943186,16.797646,0.395353,0.114858,0.186256,7.564000,50.960016

-1.266220,-2.752941,9.326865,16.794704,-0.208718,-0.070333,0.054623,7.564000,50.960016

-2.688861,4.420143,6.697133,16.794704,0.194174,0.244359,-0.108452,7.572000,50.960016

-0.107030,-0.111235,8.998747,16.803528,0.070002,-0.189975,-0.231024,7.568000,50.960016

1.353932,-0.535153,11.570998,16.797646,0.013246,-0.142811,-0.289913,7.576000,50.960016

0.807867,0.669542,9.595107,16.809410,0.241071,-0.079659,-0.302969,7.576000,50.960016

-1.582362,-0.535153,4.769143,16.806469,0.408410,0.017066,-0.323753,7.580000,50.960016

-0.962052,-1.354250,12.658337,16.797646,-0.623067,0.158558,-0.097527,7.572000,50.960016

-0.849486,1.043165,10.869258,16.788822,0.137417,0.584631,0.013855,7.580000,50.960016

-1.251849,4.297997,6.081613,16.800587,0.018841,0.321100,-0.274991,7.580000,50.960016

-1.515302,-2.829582,11.899116,16.788822,0.223485,0.013336,-0.224629,7.580000,50.960016

-1.273405,4.451278,11.721885,16.800587,-0.189532,0.333357,-0.244347,7.584000,50.960016

2.697538,1.558094,8.016789,16.779999,0.076664,-0.056211,-0.414350,7.588000,50.960016

0.575550,-3.236735,11.539863,16.788822,-0.193796,-0.022104,-0.472439,7.576000,50.960016

-0.418383,5.064403,9.362790,16.791763,0.489148,0.169216,-0.616595,7.584000,50.960016

0.824632,-0.413007,2.417233,16.782940,-0.066960,-0.424195,-0.655765,7.580000,50.960016

-1.965565,-10.242167,9.858560,16.803528,-0.081348,0.003743,-0.243015,7.576000,50.960016

-0.677045,4.927886,12.641572,16.771175,0.038560,0.267275,-0.325619,7.576000,50.960016

-0.595614,1.294642,6.074428,16.785881,0.467298,0.073823,-0.337609,7.584000,15.500754

-0.732130,-2.573315,12.979270,16.794704,-0.064028,-0.045819,-0.096727,7.580000,15.500754

-4.626432,-4.508490,18.811142,16.791763,-0.386448,0.263544,-0.228360,7.580000,15.500754

0.982704,13.511637,5.842111,16.788822,1.342893,0.053305,-0.499618,7.588000,15.500754

-3.424132,-3.473842,3.705754,16.797646,-0.304910,-0.637898,-0.354130,7.588000,15.500754

1.655704,8.386295,9.343630,16.762352,-0.182871,0.079152,0.045297,7.592000,15.500754

-1.929640,-3.742084,6.385780,16.785881,0.481687,-0.118297,-0.008528,7.592000,15.500754

-4.729418,1.967642,13.166081,16.779999,-0.366996,-0.189975,-0.053294,7.584000,15.500754

1.351537,-10.448138,13.786391,16.785881,0.107307,-0.279773,-0.010926,7.592000,15.500754

2.335890,3.756722,10.682446,16.779999,0.260523,-0.050349,0.252872,7.600000,15.500754

-0.856671,5.629627,10.548325,16.774117,-0.076019,0.071158,0.361322,7.592000,15.500754

-2.130822,-0.429772,10.871653,16.777058,0.488615,-0.347188,0.265395,7.588000,15.500754

-4.554582,3.066956,11.930251,16.779999,0.352186,0.043713,0.079138,7.600000,15.500754

-1.124913,1.426368,6.397756,16.791763,-0.401103,-0.107105,0.057288,7.596000,15.500754

1.770665,0.518656,8.895761,16.777058,-0.167416,-0.329868,0.015986,7.596000,15.500754

2.086808,0.504285,8.776011,16.774117,0.124627,0.111927,0.137760,7.588000,15.500754

-0.684230,-5.006654,5.042174,16.765293,-0.010736,-0.082591,-0.094329,7.596000,15.500754

1.322797,1.265902,8.282637,16.785881,-0.312904,0.164154,0.062084,7.592000,15.500754

1.054554,5.818834,6.052873,16.777058,0.445181,0.077287,-0.211839,7.596000,15.500754

-0.516578,3.672896,1.964575,16.774117,-0.112791,-0.062606,-0.200115,7.600000,15.500754

-0.140560,-6.824474,21.843237,16.777058,-0.947884,-0.108437,0.024247,7.596000,15.500754

3.231627,8.680882,15.786233,16.771175,0.193374,0.178543,-0.244081,7.604000,25.031302

-0.471073,-7.725001,11.082415,16.774117,0.131022,-0.081258,-0.351732,7.604000,25.031302

1.605409,1.914952,15.632952,16.774117,-0.146632,-0.115898,-0.266464,7.604000,25.031302

3.638781,6.671461,9.487331,16.791763,-0.026724,-0.090584,-0.237153,7.608000,25.031302

-1.326095,6.640326,10.850098,16.779999,0.087322,0.284328,-0.232890,7.600000,25.031302

-2.231412,-7.945343,8.579618,16.788822,-0.231900,-0.443647,-0.351732,7.600000,25.031302

0.283358,-2.460749,11.257251,16.782940,-0.139704,-0.039157,-0.189723,7.604000,87.905090

0.649796,4.666830,11.690749,16.765293,0.336731,0.313639,-0.191055,7.612000,87.905090

1.377882,2.573582,1.181403,16.782940,0.415604,-0.181448,-0.282185,7.608000,87.905090

-0.633934,-8.196820,7.080336,16.777058,-0.068025,-0.414070,-0.182528,7.608000,87.905090

0.486935,12.311732,9.935200,16.774117,0.922682,0.467122,-0.275790,7.612000,87.905090

-1.886530,-7.071161,9.987890,16.765293,-0.393642,-0.449243,-0.260335,7.612000,87.905090

-0.648305,-1.090798,11.039304,16.777058,-0.146632,0.097005,-0.117511,7.608000,87.905090

-1.783544,4.408167,9.573552,16.774117,0.479555,0.162288,-0.118577,7.612000,87.905090

-2.430199,-2.360158,12.540981,16.779999,-0.641453,-0.256857,-0.234755,7.604000,87.905090

0.918038,2.350845,19.869741,16.779999,-0.297982,-0.211026,-0.277122,7.608000,87.905090

2.671193,3.510035,12.038027,16.794704,0.420400,-0.087920,-0.270727,7.612000,87.905090

-1.424291,0.995264,12.885864,16.777058,-0.543927,-0.243800,-0.171337,7.612000,87.905090

5.811063,1.680240,7.463539,16.779999,0.487815,-0.370637,0.028777,7.604000,87.905090

-3.780990,-10.996598,4.534431,16.771175,-0.341949,-0.169990,0.037303,7.608000,87.905090

1.119220,5.972115,9.951965,16.777058,-0.307575,0.213716,0.150017,7.584000,35.608826

2.153868,5.984090,11.214140,16.765293,0.440652,-0.232076,0.037303,7.588000,35.608826

-1.917665,-0.250146,3.724914,16.759411,0.588272,-0.296027,0.171867,7.592000,35.608826

-4.056417,-0.796210,13.611555,16.765293,-0.420022,-0.287767,0.138026,7.596000,35.608826

-1.500932,-4.427060,11.772180,16.765293,0.066538,-0.014376,0.261931,7.608000,35.608826

-2.109267,0.386930,8.122169,16.762352,0.138750,-0.048750,0.031708,7.616000,35.608826

-1.860184,1.040770,9.274175,16.779999,0.301558,-0.031963,-0.157747,7.620000,35.608826

-6.228700,-7.056791,13.963623,16.771175,-0.239361,-0.049549,-0.119110,7.616000,35.608826

0.970729,0.545001,8.749665,16.750587,-0.343281,0.207321,-0.059156,7.616000,35.608826

2.869979,-0.168715,-3.081732,16.765293,-0.541529,-0.477222,0.029842,7.616000,35.608826

-2.894833,-3.960031,11.154264,16.765293,-1.226604,0.369330,0.302434,7.600000,35.608826

1.279686,0.382139,15.285673,16.771175,0.535246,0.088212,0.069012,7.604000,35.608826

-3.776200,-3.358881,10.577065,16.771175,-0.126914,-0.413537,-0.159879,7.604000,35.608826

2.079623,-4.750387,6.747428,16.753529,-0.374990,-0.172122,0.062617,7.604000,35.608826

0.848583,10.537023,4.206313,16.762352,0.584275,0.392778,-0.010393,7.616000,35.608826

0.019906,-2.293097,16.327507,16.756470,-0.831174,-0.362909,0.139092,7.616000,35.608826

-0.348927,6.479859,11.051279,16.771175,0.317812,0.071691,0.166005,7.620000,35.608826

-0.121400,-5.155146,2.766906,16.747646,0.223751,-0.363708,-0.133765,7.612000,35.608826

-5.251532,3.134017,12.790063,16.741764,0.054014,0.316304,0.067947,7.608000,35.608826

1.682050,-0.992602,5.638535,16.759411,0.104109,-0.463365,-0.067150,7.616000,35.608826

-3.778595,-3.478632,3.032753,16.741764,-0.032852,0.124451,0.077273,7.612000,25.658117

-5.064721,0.379744,13.472644,16.762352,-0.647315,0.149232,0.115377,7.616000,25.658117

-2.082921,-1.723083,8.847861,16.762352,-0.239094,0.153762,0.252339,7.616000,25.658117

0.594711,2.372401,11.935041,16.750587,0.119564,-0.043687,0.285380,7.616000,25.658117

2.869979,-0.527968,7.430009,16.753529,0.463567,-0.154802,0.416213,7.628000,25.658117

-4.322265,4.053705,7.956913,16.756470,-0.162886,0.085014,0.399426,7.624000,25.658117

-0.202831,0.262388,5.827741,16.756470,0.386027,-0.174254,0.395429,7.632000,25.658117

-2.252968,-3.612753,7.734177,16.747646,-0.211116,0.005076,0.316290,7.628000,25.658117

-0.868646,3.129227,13.870217,16.750587,-0.463456,0.076754,0.173199,7.632000,25.658117

-0.914152,-5.411413,16.581379,16.744705,-0.465854,0.256083,0.162274,7.636000,25.658117

5.949975,9.940662,5.123605,16.741764,0.831019,0.223042,-0.139361,7.632000,25.658117

-2.439779,3.311248,2.201681,16.756470,0.106241,0.015201,-0.186259,7.632000,25.658117

0.201927,-7.698656,7.829977,16.744705,-0.915909,0.011471,-0.033842,7.628000,25.658117

-2.552345,0.372559,16.483183,16.747646,-0.202322,0.637125,-0.100991,7.632000,25.658117

6.462509,3.189102,12.569721,16.732941,-0.089076,-0.235274,-0.524666,7.632000,25.658117

1.885626,0.248018,4.850573,16.732941,0.410008,0.044246,-0.411952,7.640000,25.658117

-2.633776,-1.373410,2.824386,16.744705,0.096382,0.174812,-0.409288,7.640000,25.658117

-5.368888,5.986485,7.518625,16.759411,-0.684886,0.393578,-0.450056,7.628000,25.658117

7.269630,-4.053437,16.466417,16.741764,0.136351,-0.512927,-0.610200,7.632000,25.658117

3.097506,8.723992,5.913961,16.747646,0.704183,0.049575,-0.483631,7.644000,26.395622

-5.701796,4.580609,-1.069915,16.730000,0.512596,0.110062,-0.348801,7.620000,26.395622

-4.521051,-10.898402,20.521187,16.738823,-1.812022,-0.373301,0.275521,7.616000,26.395622

5.947579,4.999737,10.052556,16.732941,1.374336,0.119388,0.295239,7.644000,26.395622

-6.722074,-8.637504,8.349697,16.712351,-0.188200,-0.399681,0.205441,7.636000,26.395622

0.185162,10.117894,8.558064,16.709410,0.077730,0.353875,0.477233,7.648000,26.395622

-0.207621,-0.197455,8.263476,16.730000,0.015644,-0.574747,0.370914,7.648000,26.395622

-6.425092,-1.208153,13.369658,16.715292,-0.617737,0.160690,0.538519,7.636000,26.395622

3.825592,2.108948,12.354170,16.709410,-0.034185,-0.112434,0.199313,7.652000,26.395622

3.286713,1.852681,7.492280,16.724117,-0.050972,-0.133751,0.206241,7.648000,26.395622

-0.399222,-4.252223,16.988533,16.732941,-0.407499,-0.135084,0.097790,7.652000,26.395622

3.969293,1.000055,11.333891,16.730000,0.736958,-0.053013,-0.127370,7.652000,26.395622

-5.289852,-0.068124,9.506492,16.727058,0.655420,0.184938,-0.221432,7.660000,26.395622

1.471288,4.369847,5.303232,16.738823,-0.523143,0.150831,-0.039438,7.656000,26.395622

0.877323,4.645274,11.733860,16.724117,-0.183137,0.340552,-0.147622,7.660000,26.395622

-0.142955,1.256322,10.708791,16.727058,0.347123,-0.194238,-0.363190,7.660000,26.395622

-0.693810,-2.922987,5.121210,16.721176,-0.176742,-0.303222,-0.363989,7.648000,26.395622

2.074833,-5.210231,13.233142,16.718235,-0.575370,0.164953,0.156146,7.640000,26.395622

2.829264,-0.302836,16.720289,16.724117,0.469696,0.107397,0.081803,7.656000,26.395622

-1.601522,1.572464,6.802514,16.718235,0.664214,0.103400,-0.028779,7.660000,27.214063

0.168397,5.641603,3.468647,16.715292,0.101711,-0.454306,0.103653,7.656000,27.214063

-1.785939,1.050350,6.910290,16.721176,-0.548724,0.132445,0.306430,7.644000,27.214063

-3.163075,-4.048646,16.784956,16.732941,0.070535,0.087412,0.316023,7.660000,27.214063

0.235458,-1.509926,8.196416,16.724117,-0.021394,-0.018107,0.270991,7.660000,27.214063

-3.316356,-0.180690,4.493715,16.709410,-0.240160,0.073823,-0.051162,7.660000,27.214063

-0.358507,-3.167279,10.488449,16.700586,-0.307309,0.240362,0.145754,7.664000,27.214063

1.660494,-1.711108,10.414204,16.718235,-0.219110,0.155094,0.279784,7.660000,76.096381

-0.130980,5.893080,16.487972,16.718235,0.732694,0.170549,-0.052761,7.664000,76.096381

-0.207621,2.757999,2.644760,16.706469,0.147010,-0.137748,-0.148421,7.664000,76.096381

1.023419,-3.754059,3.523732,16.712351,-0.819450,-0.092183,0.167071,7.664000,76.096381

-5.012030,-3.112194,9.494516,16.721176,-0.157024,0.490037,-0.051162,7.664000,76.096381

-0.320187,0.351004,15.211428,16.715292,-0.122384,-0.205963,-0.108185,7.660000,76.096381

0.422269,9.116776,9.971126,16.721176,1.055913,0.098604,-0.244614,7.664000,76.096381

-2.818192,-5.203046,9.714858,16.718235,-0.385915,-0.159065,-0.477769,7.664000,76.096381

6.955883,1.862262,12.617621,16.727058,-0.011269,0.139639,-0.055426,7.664000,76.096381

1.329982,1.708980,5.935517,16.703527,0.427328,0.259281,-0.270994,7.668000,76.096381

-4.374955,8.041412,6.009762,16.718235,-0.138638,0.403437,-0.239018,7.668000,76.096381

0.551600,-5.186281,15.319203,16.694704,-0.378454,-0.181715,-0.004531,7.668000,76.096381

1.306031,2.211934,10.514794,16.721176,0.443583,0.062631,-0.070880,7.672000,44.247924

-2.475704,-5.586249,10.708791,16.709410,-0.486638,-0.196370,0.010657,7.672000,44.247924

-6.003568,-7.298688,9.017907,16.738823,-0.396840,-0.034361,0.007726,7.672000,44.247924

0.934803,6.115817,8.297007,16.688822,-0.020329,0.363468,0.025846,7.680000,44.247924

-0.384852,1.007240,9.405901,16.703527,-0.577768,-0.058609,-0.207576,7.676000,44.247924

3.547770,4.173456,9.032277,16.709410,0.323674,-0.182248,-0.243015,7.672000,44.247924

-0.763265,-4.412690,14.195940,16.724117,0.050817,-0.026633,-0.113781,7.680000,44.247924

1.337167,-2.992443,14.873730,16.724117,-0.506889,0.134043,-0.083404,7.676000,44.247924

4.199215,2.638248,8.924501,16.703527,0.611454,0.195063,-0.017854,7.680000,44.247924

-2.437384,5.385335,4.230263,16.715292,0.282106,0.294720,-0.196118,7.680000,44.247924

-3.084039,2.434671,10.965058,16.709410,-0.409097,0.051440,-0.091132,7.672000,44.247924

1.377882,1.014425,11.415322,16.697645,0.060676,-0.112434,-0.202513,7.676000,44.247924

1.413807,3.862103,5.463698,16.712351,0.695923,-0.095647,-0.381842,7.684000,44.247924

-4.418066,-7.408859,14.849780,16.697645,-0.619070,-0.182780,-0.265132,7.680000,44.247924

5.842198,2.413116,11.743440,16.706469,0.052949,0.005342,-0.158813,7.684000,44.247924

-0.442333,5.485926,3.305785,16.694704,0.141414,0.221177,-0.393566,7.684000,44.247924

-1.227899,-5.844911,9.781919,16.688822,-0.154892,-0.243267,-0.367986,7.684000,44.247924

-0.346532,4.669225,13.216376,16.700586,-0.385649,0.243027,-0.237686,7.684000,44.247924

3.169357,-2.381713,10.459709,16.712351,0.172057,-0.359179,-0.362657,7.684000,44.247924

-2.791847,-1.402150,3.262675,16.706469,-0.111192,-0.066336,-0.425808,7.688000,28.422670

0.944383,0.494705,17.534597,16.685881,-0.648381,-0.215289,-0.134032,7.684000,28.422670

-2.092501,8.494071,11.856006,16.697645,0.662082,0.385051,-0.135897,7.692000,28.422670

4.920116,3.718402,10.854887,16.706469,0.302091,-0.515592,-0.212372,7.696000,28.422670

-4.403695,5.897870,11.254856,16.703527,0.052416,-0.015708,0.123904,7.696000,28.422670

-1.781149,-2.388898,4.534431,16.697645,-0.218044,-0.723166,0.071677,7.696000,28.422670

-0.039970,5.919425,8.979588,16.712351,0.193374,-0.158532,0.347732,7.692000,28.422670

-0.298632,-2.599660,16.497553,16.706469,0.063341,-0.421531,0.365585,7.700000,28.422670

1.322797,-0.027409,11.094389,16.677057,0.701518,-0.454306,0.432734,7.696000,28.422670

-6.724469,-2.820002,7.667116,16.694704,-0.136773,-0.123626,0.610464,7.696000,28.422670

-0.104635,2.925650,2.651945,16.694704,0.237074,-0.302156,0.446057,7.692000,28.422670

-2.451754,7.859390,4.072192,16.694704,0.224284,-0.305353,0.481230,7.696000,28.422670

4.041144,-9.751188,17.786074,16.694704,-1.031820,-0.880912,0.552908,7.696000,28.422670

-0.274681,6.295443,18.564455,16.682940,0.348722,0.432748,0.287778,7.696000,28.422670

3.705841,0.176168,8.086245,16.694704,0.278376,-0.811898,-0.123373,7.696000,28.422670

-1.714088,1.807176,9.300520,16.694704,-0.330757,-0.071932,0.197447,7.696000,28.422670

0.798287,2.087393,9.257409,16.682940,0.579478,0.150564,0.013855,7.700000,28.422670

-0.923732,-2.053595,8.507768,16.697645,0.066538,-0.467629,-0.077009,7.708000,29.066779

-0.150140,5.342225,10.351933,16.694704,-0.624665,0.183339,0.070611,7.704000,29.066779

2.934645,-4.089362,7.204877,16.691763,0.037760,-0.245133,0.053824,7.704000,29.066779

0.201927,1.285062,10.998589,16.694704,-0.183404,0.025860,0.211570,7.704000,29.066779

0.237853,-0.798605,16.317926,16.688822,0.573616,-0.043954,0.326682,7.708000,29.066779

-1.421896,4.966207,-0.890289,16.697645,0.428661,-0.109503,0.284314,7.708000,29.066779

1.943107,1.744905,9.523256,16.688822,-0.095205,-0.261653,0.501748,7.708000,29.066779

-0.166906,-2.508649,9.750783,16.682940,-0.031786,-0.103641,0.557172,7.704000,29.066779

-0.930917,-4.661771,13.491804,16.691763,-0.387247,-0.025035,0.597940,7.712000,66.475999

1.638939,6.192457,9.425060,16.688822,0.426263,0.128981,0.338140,7.704000,66.475999

1.028209,3.378309,9.489726,16.703527,0.115567,-0.320808,0.266728,7.708000,66.475999

-0.413593,0.535421,15.647322,16.694704,0.342593,0.390647,0.502280,7.708000,66.475999

0.204322,-1.131513,5.487648,16.682940,0.189111,-0.076995,0.074342,7.712000,66.475999

1.119220,1.711375,7.255173,16.685881,-0.065894,0.102334,0.289643,7.716000,66.475999

-0.305817,0.209698,10.823752,16.674116,-0.114123,0.271805,0.120440,7.712000,66.475999

1.215021,-0.820160,10.864468,16.694704,0.369240,0.245691,0.027711,7.712000,66.475999

-0.001649,-1.006972,10.725556,16.685881,-0.038981,-0.026633,-0.160678,7.720000,66.475999

1.581459,4.875196,9.942385,16.668234,0.317013,0.344549,-0.120442,7.716000,53.492869

1.658099,2.535262,2.740561,16.685881,0.138483,0.125783,-0.219833,7.720000,53.492869

-1.862579,-5.260526,13.340918,16.679998,-0.243358,0.055437,-0.086868,7.720000,53.492869

5.542821,10.996866,10.069321,16.668234,0.630906,0.548659,0.010124,7.720000,53.492869

-3.769015,-4.343234,8.225156,16.668234,-0.343548,0.046910,-0.066350,7.720000,53.492869

-1.759594,3.727982,9.022697,16.668234,-0.335287,0.168417,0.057821,7.720000,53.492869

3.257972,-2.525414,17.208874,16.671175,0.483286,-0.054878,0.209438,7.720000,53.492869

-1.345255,0.190538,5.662485,16.659410,0.125160,0.200393,0.078872,7.724000,53.492869

-0.039970,3.996224,1.396955,16.674116,-0.204188,0.230769,-0.038372,7.720000,53.492869

-4.803663,9.303587,9.293335,16.674116,-0.291587,0.458861,-0.307233,7.720000,53.492869

0.997074,-9.952370,11.544653,16.685881,-0.446402,-0.510529,-0.442596,7.724000,53.492869

2.053277,4.858431,10.783037,16.671175,-0.077085,0.615808,-0.097793,7.728000,29.794230

0.580340,3.004686,9.008327,16.682940,-0.118387,0.295786,-0.241416,7.720000,29.794230

-0.111820,4.465648,12.778088,16.665293,-0.079750,0.260880,-0.323753,7.724000,29.794230

2.836449,2.678963,10.057346,16.671175,0.319145,-0.268048,-0.445793,7.720000,29.794230

-0.715365,-1.960190,9.130473,16.682940,-0.143701,0.115658,-0.219033,7.724000,122.188253

-2.880463,-1.629677,11.535073,16.665293,0.307420,0.192665,-0.251808,7.720000,122.188253

-1.220714,4.355477,9.731624,16.659410,-0.194861,0.084481,-0.000001,7.724000,122.188253

-0.614774,2.156849,5.030200,16.668234,-0.034451,0.031988,-0.002133,7.720000,122.188253

1.629359,1.900582,12.344589,16.682940,-0.191131,0.335755,0.187055,7.720000,122.188253

-4.209699,2.417906,13.760046,16.662352,-0.110926,0.208386,-0.100991,7.720000,122.188253

0.268988,-4.292939,8.950847,16.659410,0.033230,-0.390355,-0.144424,7.724000,122.188253

1.852096,7.411522,14.538427,16.665293,0.081460,0.054371,-0.215037,7.724000,122.188253

3.684286,2.870565,9.072993,16.668234,0.455307,-0.220885,-0.345603,7.724000,122.188253

-2.264943,-3.186440,13.000825,16.671175,-0.382984,-0.158799,-0.167073,7.724000,122.188253

0.685721,5.998460,9.779524,16.653528,0.372171,0.094341,-0.189989,7.728000,122.188253

0.125287,-0.535153,12.330219,16.641764,-0.288656,-0.143344,-0.128436,7.724000,122.188253

0.367184,2.358031,9.559182,16.653528,0.408410,-0.099378,-0.124706,7.720000,122.188253

-1.778754,-4.587526,6.955795,16.677057,-0.020595,-0.090052,-0.090599,7.728000,122.188253

-3.352282,-0.549523,7.544970,16.650587,0.016177,-0.245399,-0.032510,7.728000,38.245733

-1.232689,-1.083612,9.585527,16.674116,-0.066960,0.180408,0.130032,7.728000,38.245733

-2.272128,-1.507531,9.798684,16.644705,-0.210849,0.018399,-0.015989,7.728000,38.245733

1.121615,-1.394965,4.977509,16.659410,-0.151961,-0.101243,0.128167,7.732000,38.245733

-0.365692,4.060890,8.011999,16.653528,-0.269737,0.127915,0.037836,7.724000,38.245733

-0.545319,1.984407,9.896879,16.644705,0.396152,-0.080192,-0.145756,7.724000,38.245733

-4.195329,-7.392094,9.166399,16.647646,-0.274534,-0.053813,-0.190522,7.732000,38.245733

-1.433871,1.206026,10.241762,16.644705,-0.020861,0.134576,-0.133765,7.728000,38.245733

4.512963,6.848692,7.473119,16.671175,-0.151695,-0.122027,-0.126837,7.732000,38.245733

0.175582,-4.163608,14.284555,16.659410,-0.478644,-0.120162,-0.061288,7.732000,38.245733

-3.278036,0.267179,9.599897,16.647646,-0.370194,0.468987,0.114578,7.724000,38.245733

1.351537,-3.995956,10.332773,16.644705,0.140881,-0.458836,-0.040770,7.724000,38.245733

-5.117411,3.320828,10.469289,16.659410,0.479822,0.269406,-0.020252,7.724000,38.245733

-0.372877,-6.247274,6.515111,16.656469,0.039892,-0.447111,-0.201180,7.728000,38.245733

-1.996701,1.256322,10.634545,16.647646,-0.347544,0.160956,0.031974,7.728000,38.245733

1.212626,3.644156,9.741203,16.644705,-0.100001,0.257149,0.135895,7.728000,38.245733

0.656981,0.360584,8.617939,16.641764,-0.246555,0.005875,0.086865,7.728000,38.245733

-3.572623,4.777000,6.539062,16.656469,0.236808,0.085014,-0.258736,7.732000,38.245733

-1.340465,-3.318166,11.151870,16.638823,0.584008,-0.324272,-0.222764,7.732000,1156.767706

-4.121083,-4.858163,7.293493,16.632940,-0.126114,-0.243534,-0.040770,7.732000,1156.767706

-1.163234,-3.950451,2.862707,16.638823,-0.042179,-0.103908,0.077539,7.732000,1156.767706

-5.143756,0.676727,10.392649,16.641764,-0.402169,0.270739,0.241414,7.728000,1156.767706

-0.408803,-3.734899,13.702565,16.624117,-0.119986,-0.067136,0.158277,7.728000,1156.767706

-1.893715,1.397628,12.315849,16.641764,-0.068825,-0.002119,0.071677,7.736000,1156.767706

1.567089,4.250096,10.033396,16.638823,0.308220,-0.243001,0.085533,7.736000,1156.767706

0.058226,2.176009,9.645403,16.641764,0.076664,0.018932,0.261398,7.736000,1156.767706

-2.504445,1.766461,7.358159,16.632940,0.467298,-0.166793,0.088198,7.736000,1156.767706

-0.202831,2.245465,2.134621,16.632940,-0.351808,-0.157999,0.179328,7.732000,1156.767706

-0.377667,-1.744638,16.353851,16.618235,-0.935627,-0.027166,0.360789,7.736000,1156.767706

0.534835,0.121082,17.501066,16.621176,-0.146898,-0.082591,0.220630,7.732000,1156.767706

-0.559689,3.007081,10.325588,16.621176,-0.098669,0.226239,0.084201,7.740000,1156.767706

2.781363,-3.308586,13.927697,16.621176,0.146210,0.126849,0.139891,7.740000,1156.767706

-2.731972,5.833204,2.177731,16.629999,-0.059232,0.224641,-0.090865,7.736000,1156.767706

0.070201,5.596097,7.451564,16.618235,-0.317434,0.131112,-0.112182,7.732000,1156.767706

1.447338,-1.186598,12.186519,16.629999,0.031365,-0.125225,-0.072746,7.732000,1156.767706

-0.420778,-1.291979,7.226432,16.615294,0.108639,0.007207,-0.108718,7.736000,1156.767706

-1.948800,-6.675983,9.942385,16.632940,-0.222041,0.094074,-0.075943,7.736000,29.338719

0.316888,1.328172,12.909814,16.624117,-0.073888,0.189468,0.038902,7.736000,29.338719

-0.418383,7.514508,7.101892,16.624117,0.359647,0.080751,-0.182262,7.736000,29.338719

-0.538134,2.106554,12.033237,16.612352,0.034296,0.090876,-0.056225,7.740000,29.338719

0.726437,1.447923,9.444221,16.621176,0.604526,0.177210,-0.051962,7.744000,29.338719

-1.965565,-1.802118,9.286150,16.618235,-0.188466,-0.127356,-0.030911,7.744000,29.338719

-1.156049,-3.562458,16.243681,16.635881,-0.190865,-0.035427,0.225426,7.744000,77.970476

2.594552,10.201719,4.963139,16.609411,0.572284,0.137507,0.200911,7.752000,77.970476

-4.844379,1.265902,4.915238,16.597647,0.126226,-0.212358,0.046896,7.744000,77.970476

-1.232689,-3.413967,8.119775,16.609411,-0.163419,-0.239271,0.321086,7.740000,77.970476

0.985099,4.729100,2.833966,16.609411,0.229347,0.115924,0.388767,7.740000,77.970476

3.260367,-5.737135,23.091042,16.612352,-0.025125,-0.248863,0.344801,7.744000,77.970476

3.463944,4.726705,3.662643,16.606470,0.933074,0.057569,0.055689,7.740000,77.970476

0.685721,5.964930,10.488449,16.594706,-0.069891,-0.234741,-0.109784,7.744000,77.970476

4.292621,6.180482,11.774575,16.600588,0.605059,0.160956,-0.042635,7.736000,77.970476

-0.765660,-3.229550,6.778563,16.603529,0.022039,-0.222483,-0.231557,7.740000,77.970476

-3.701954,0.588111,12.318244,16.618235,-0.725921,0.562782,0.014388,7.740000,77.970476

1.121615,0.968919,11.192585,16.594706,-0.091474,-0.005583,-0.207842,7.740000,46.075567

2.048487,3.258558,8.007209,16.621176,0.124361,-0.078860,-0.195851,7.740000,46.075567

0.328863,-3.871415,13.178057,16.600588,-0.186868,-0.050615,-0.179597,7.744000,46.075567

1.389857,8.503651,6.843229,16.609411,0.714309,0.231835,-0.068216,7.748000,46.075567

-3.934271,2.049073,11.034513,16.609411,-0.702473,-0.110303,-0.038372,7.740000,46.075567

1.219811,-4.419875,4.915238,16.609411,0.433457,0.088212,0.125502,7.740000,46.075567

-3.958221,-0.671669,13.314572,16.600588,-0.147698,-0.114033,0.056489,7.748000,46.075567

1.011444,-0.810580,8.637099,16.609411,-0.297450,0.025593,0.257668,7.740000,46.075567

-3.761830,2.379586,7.430009,16.588821,-0.074687,0.280331,-0.015456,7.740000,46.075567

-0.447123,-0.058544,11.618898,16.597647,0.050284,-0.105506,-0.014124,7.744000,46.075567

0.894088,-1.699132,10.078901,16.612352,0.032964,-0.217421,0.086599,7.744000,46.075567

-1.702113,-0.618979,3.861430,16.603529,-0.175410,0.138307,0.096725,7.744000,46.075567

-1.908085,2.379586,7.779682,16.588821,-0.187933,0.189734,0.048761,7.740000,46.075567

0.970729,0.154613,11.834451,16.600588,-0.286525,-0.184113,0.079138,7.740000,46.075567

2.173028,1.500613,10.359118,16.603529,0.158734,-0.134284,-0.080207,7.736000,46.075567

1.169515,3.062166,6.649232,16.591763,0.400949,-0.020505,-0.159079,7.740000,46.075567

1.308426,0.453990,7.097101,16.600588,-0.214580,-0.104707,-0.007995,7.740000,46.075567

-3.357072,-4.031881,6.689948,16.606470,-0.076819,0.016001,-0.060488,7.740000,46.075567

1.054554,4.456068,10.763877,16.594706,0.037760,0.021863,0.052492,7.744000,46.075567

1.677259,3.162757,4.999064,16.594706,0.244535,0.124717,0.111646,7.748000,28.127662

-6.628668,-1.888339,15.132392,16.603529,-0.598552,0.102867,0.249674,7.744000,28.127662

4.172870,3.910003,11.365026,16.588821,0.197371,-0.205430,0.340804,7.740000,28.127662

-0.820746,-2.312258,7.825187,16.591763,0.058544,-0.174254,0.224360,7.740000,28.127662

0.858163,-2.836767,9.889694,16.600588,-0.221508,-0.021837,0.387702,7.748000,140.088365

1.682050,2.702913,10.984219,16.585880,-0.047508,0.114325,0.364786,7.744000,140.088365

2.596947,3.090906,8.852651,16.591763,0.130223,0.190001,0.226492,7.748000,140.088365

0.714462,5.629627,4.936794,16.600588,0.342593,-0.051414,0.027178,7.744000,140.088365

1.128800,-1.315929,20.207439,16.597647,0.081993,-0.016241,0.001065,7.748000,140.088365

2.319125,5.564962,6.783354,16.603529,0.906161,0.093008,-0.225429,7.752000,140.088365

-4.858749,0.377349,5.748705,16.591763,0.358315,-0.043954,-0.320556,7.752000,140.088365

-2.818192,-4.927619,9.734018,16.585880,-0.489036,-0.136416,-0.029046,7.748000,140.088365

4.539308,4.594979,9.729228,16.597647,-0.037649,0.344815,-0.027181,7.752000,140.088365

1.210231,-3.849860,12.677497,16.588821,0.282373,0.139906,-0.131634,7.752000,140.088365

-4.480336,5.131464,9.717253,16.582939,0.054014,0.375192,-0.140694,7.748000,140.088365

-2.262548,-3.605568,3.911725,16.574116,-0.227636,-0.246465,-0.180663,7.744000,140.088365

-0.727340,-3.552878,14.294135,16.591763,-0.697143,-0.121761,0.106584,7.744000,140.088365

2.862794,2.132899,10.160332,16.574116,0.351387,0.318968,0.053558,7.744000,35.165065

0.714462,7.143280,10.023815,16.577057,0.180318,0.127648,-0.028513,7.744000,35.165065

-1.872159,-8.936881,15.589841,16.591763,-0.736313,-0.299225,0.059153,7.740000,35.165065

-1.273405,9.334723,4.201523,16.603529,0.798777,0.721593,-0.033043,7.748000,35.165065

-6.226305,0.171378,10.325588,16.591763,-0.793336,-0.180649,-0.156148,7.744000,35.165065

4.386026,-4.312099,9.659773,16.577057,0.573883,-0.318676,-0.004798,7.748000,35.165065

-3.000214,5.500297,4.364384,16.594706,-0.194062,0.499630,-0.049030,7.748000,35.165065

2.671193,-1.933844,13.930093,16.577057,-0.454662,-0.116964,0.019450,7.748000,35.165065

5.552401,0.176168,6.989326,16.577057,0.237874,-0.152137,0.035971,7.752000,35.165065

-7.007082,3.419024,10.325588,16.577057,0.035362,0.585964,0.026645,7.748000,35.165065

2.805314,1.263507,11.233300,16.577057,-0.141569,-0.387424,-0.168672,7.752000,35.165065

0.338444,-1.938634,11.137500,16.582939,-0.158356,0.026126,0.094593,7.748000,50.940198

3.528610,9.655655,10.098062,16.585880,0.439586,0.244625,0.100988,7.748000,50.940198

-0.387247,-8.457877,6.194179,16.577057,-0.883933,-0.347188,-0.001600,7.752000,50.940198

-1.946405,7.715690,10.430969,16.574116,0.390823,0.587563,0.052492,7.748000,50.940198

-2.051786,-0.844111,18.576431,16.579998,0.269316,-0.331467,-0.416749,7.752000,50.940198

3.097506,-5.272501,9.774734,16.577057,0.130489,-0.393019,-0.378911,7.752000,50.940198

1.519188,2.659803,1.349054,16.577057,0.268250,0.383186,-0.282718,7.752000,50.940198

-2.526000,5.675133,3.650668,16.579998,-0.316901,0.116723,-0.290712,7.744000,50.940198

-0.947682,-7.059186,17.795654,16.562351,-0.820249,-0.014376,-0.125239,7.744000,61.909379

6.263722,8.695252,17.570522,16.565292,1.058311,0.037584,-0.401560,7.752000,61.909379

1.313216,3.486085,5.693620,16.591763,0.390024,0.036518,-0.255272,7.748000,61.909379

-2.322423,-1.679972,7.513834,16.577057,-0.032586,-0.187044,-0.209707,7.756000,61.909379

-1.994306,-3.732504,13.736095,16.577057,-0.399505,-0.063672,0.050094,7.756000,61.909379

0.525255,4.810531,11.520702,16.579998,-0.305710,0.104999,-0.022118,7.752000,61.909379

0.240248,7.933637,9.592712,16.582939,0.884045,-0.100710,-0.144957,7.752000,61.909379

-3.797755,-4.846188,12.512241,16.577057,-0.270803,-0.392486,0.013322,7.752000,61.909379

-0.681835,-1.452446,12.488291,16.574116,-0.062163,-0.081791,0.200112,7.748000,61.909379

-1.199159,-1.751823,5.815766,16.579998,0.056946,-0.033295,0.147086,7.756000,61.909379

-3.824100,2.987921,5.748705,16.577057,-0.118653,0.126316,0.259267,7.752000,61.909379

-0.844696,-1.794933,12.236814,16.577057,-0.816785,0.049308,0.458048,7.744000,61.909379

1.746715,2.393956,12.620017,16.582939,-0.052837,0.040515,0.354127,7.748000,61.909379

0.932408,1.182076,5.755890,16.568233,0.252529,-0.226747,0.162807,7.744000,61.909379

-2.276918,-0.396242,8.258686,16.571175,-0.741110,-0.104707,0.215034,7.752000,61.909379

1.749110,0.671937,13.925303,16.565292,-0.202056,-0.088186,-0.015989,7.744000,61.909379

0.807867,-4.656981,18.978794,16.577057,0.056413,-0.061807,0.152948,7.752000,61.909379

-1.879345,4.554264,10.739926,16.582939,0.019907,0.395443,-0.088467,7.756000,61.909379

4.369261,6.590030,6.505531,16.568233,0.147276,-0.169724,-0.084736,7.752000,27.864523

0.357604,2.307735,9.240644,16.577057,-0.159156,0.160690,-0.129236,7.752000,27.864523

1.169515,1.730535,7.875483,16.577057,0.247733,0.014135,-0.161744,7.748000,27.864523

-2.094896,-3.528928,7.961703,16.577057,-0.276399,0.081017,-0.136430,7.748000,27.864523

-3.500773,-4.209113,7.583290,16.579998,-0.202322,-0.148940,-0.144424,7.752000,27.864523

-2.023046,2.595137,7.525810,16.571175,-0.225505,0.138840,-0.000268,7.752000,27.864523

2.024537,-2.566130,9.350815,16.582939,0.279442,-0.120162,0.056489,7.756000,27.864523

-3.998937,-0.290861,12.603251,16.574116,-0.250819,0.165752,0.139891,7.756000,27.864523

1.205441,11.071112,6.270820,16.579998,0.276511,0.110328,0.146819,7.756000,27.864523

1.248551,-7.301083,8.562854,16.562351,-0.305710,-0.582208,0.082336,7.752000,27.864523

-4.494706,3.912398,10.363909,16.577057,0.121163,0.670699,0.273922,7.752000,27.864523

-0.171696,-3.572038,8.323352,16.559410,-0.047508,-0.403145,-0.148954,7.748000,27.864523

-0.011229,0.712652,11.046489,16.568233,-0.308374,-0.115898,0.034639,7.748000,27.864523

2.060463,1.311407,12.830778,16.550587,0.097448,0.222509,-0.088467,7.752000,27.864523

-1.405131,0.487520,9.616662,16.544704,0.074532,0.259547,-0.246746,7.756000,27.864523

-1.711693,3.624996,6.390571,16.565292,-0.089342,0.090610,-0.406623,7.756000,27.864523

1.971847,-1.301559,9.896879,16.553528,0.402814,-0.213957,-0.461514,7.760000,27.864523

-1.009952,1.711375,14.603093,16.568233,-0.615606,0.352010,-0.405291,7.756000,27.864523

3.725001,6.927728,11.702724,16.535881,0.464367,-0.103641,-0.403426,7.756000,27.864523

3.013680,2.599927,-4.190626,16.562351,0.793181,-0.320808,-0.381309,7.764000,27.825215

-6.216725,-5.557509,11.202166,16.538822,-0.083480,-0.292030,-0.227294,7.756000,27.825215

-0.780031,-0.300441,10.792617,16.541763,0.386826,-0.013310,0.049028,7.760000,27.825215

-4.027677,1.718560,7.046806,16.547646,0.044155,-0.069001,0.003196,7.756000,27.825215

-1.340465,1.883817,7.916198,16.565292,0.105175,-0.168924,0.146287,7.760000,27.825215

0.551600,1.838311,5.808581,16.559410,0.152073,-0.374367,0.307763,7.752000,27.825215

-3.613339,-9.370379,12.361355,16.541763,-0.116788,-0.300024,0.464709,7.752000,27.825215

-5.761671,-2.752941,13.036750,16.556469,-0.301180,0.222242,0.590746,7.752000,27.825215

2.194584,1.471873,11.544653,16.556469,-0.133575,-0.256058,0.432467,7.752000,27.825215

2.448456,4.638089,5.490043,16.562351,-0.016865,-0.150272,0.473236,7.756000,27.825215

-3.809730,3.174732,4.249423,16.565292,-0.158889,0.047710,0.309628,7.748000,27.825215

0.884508,-4.637821,9.611873,16.547646,0.130756,-0.184912,0.358124,7.748000,27.825215

-1.769174,-0.477673,15.716777,16.562351,0.140615,-0.012777,0.260066,7.756000,27.825215

-0.957262,1.088670,12.258368,16.553528,-0.182338,-0.031963,0.077806,7.756000,27.825215

1.655704,1.076695,3.174059,16.556469,0.746284,0.114592,-0.197716,7.760000,27.825215

-0.523764,-2.024855,12.335010,16.547646,-0.009404,0.054904,-0.283517,7.764000,27.825215

4.283041,5.624837,4.263793,16.577057,0.135286,0.038650,-0.389569,7.760000,27.825215

1.229391,5.258399,3.672223,16.559410,0.152872,0.119921,-0.458850,7.760000,27.825215

0.755177,-6.714303,16.495157,16.556469,-0.227103,-0.356514,-0.334678,7.752000,27.825215

-1.405131,-1.991325,13.491804,16.568233,0.262388,0.204922,-0.347202,7.760000,27.794191

-1.484166,-4.441430,9.870534,16.571175,-0.343015,0.087146,-0.325885,7.760000,27.794191

-2.648146,7.356437,8.335326,16.574116,0.299693,0.082350,-0.131634,7.756000,27.794191

-2.703231,0.482730,6.924660,16.559410,-0.250819,-0.324538,0.112179,7.752000,27.794191

-1.939220,-4.343234,9.401111,16.553528,0.098780,-0.304021,0.290709,7.756000,27.794191

-0.006439,4.345897,9.123288,16.559410,0.174722,-0.439917,0.186522,7.756000,27.794191

6.143971,0.128267,13.058306,16.535881,0.486750,0.119122,0.738899,7.756000,78.518499

-3.433712,0.386930,6.704318,16.547646,0.489947,-0.447111,0.547846,7.756000,78.518499

-4.113898,9.317958,3.617138,16.553528,0.508067,0.271005,0.605934,7.756000,78.518499

-1.627867,-3.560063,19.577549,16.544704,-1.087244,-0.165460,0.868666,7.756000,78.518499

4.812340,4.674015,5.899591,16.571175,0.851270,-0.220885,0.624853,7.760000,78.518499

-1.333280,1.155731,3.535707,16.535881,0.100379,-0.011445,0.344002,7.756000,78.518499

-3.917506,-6.539467,13.987573,16.550587,-0.129578,0.137774,0.464709,7.756000,78.518499

1.552718,2.880145,8.148515,16.547646,0.531782,0.256883,0.272590,7.760000,78.518499

-2.221832,-5.346747,0.149150,16.550587,-0.449333,-0.281372,0.056489,7.756000,78.518499

2.002982,10.486727,3.298600,16.562351,-0.298782,0.673364,-0.010660,7.752000,78.518499

2.865189,5.150623,13.963623,16.565292,1.195007,0.026393,-0.344537,7.756000,78.518499

2.623292,-4.783917,3.399191,16.562351,-0.207119,-0.633901,-0.126837,7.760000,78.518499

-1.314120,4.434513,6.697133,16.553528,0.494743,0.957146,-0.002932,7.764000,42.089014

-0.950077,9.962217,4.673342,16.550587,0.407610,-0.015975,-0.215569,7.756000,42.089014

-3.491193,-12.165368,12.227234,16.550587,-1.114956,-0.387690,0.160942,7.756000,42.089014

4.249510,10.275966,14.507292,16.550587,0.298893,0.864417,0.225159,7.752000,42.089014

-4.389325,-9.071002,8.332932,16.559410,0.132088,-0.654153,-0.200648,7.756000,42.089014

-5.649105,3.136412,8.867022,16.547646,-0.053903,0.610478,0.236884,7.760000,42.089014

2.623292,-3.097824,7.870693,16.562351,-0.521811,-0.051681,0.162541,7.764000,42.089014

1.674865,3.119647,7.710226,16.550587,0.048952,0.187336,0.115110,7.756000,42.089014

1.274896,8.973075,22.722210,16.574116,0.044955,0.195063,0.467374,7.760000,42.089014

6.206242,2.295760,5.767866,16.553528,0.304223,-0.105773,0.167337,7.768000,42.089014

-6.863380,1.570069,-4.602569,16.553528,0.730829,0.196662,-0.054626,7.760000,42.089014

-7.802228,-4.690512,24.693310,16.550587,-1.557018,0.239829,0.222761,7.752000,42.089014

11.882438,0.087552,7.865902,16.544704,1.422566,-0.171323,0.058887,7.760000,42.089014

-0.906967,1.361702,5.207431,16.571175,-0.503425,0.680558,0.228091,7.756000,42.089014

-1.718878,4.326737,13.570840,16.565292,-0.171946,0.560117,-0.017854,7.760000,42.089014

3.772902,1.570069,10.727951,16.553528,0.435056,-0.252327,-0.203845,7.760000,42.089014

-3.242111,2.025123,11.585368,16.532940,0.011114,0.467388,-0.074078,7.756000,42.089014

0.920433,-0.290861,4.474555,16.571175,-0.068825,0.316037,-0.433269,7.760000,42.089014

3.296293,1.807176,18.037552,16.541763,0.050018,0.255550,-0.460981,7.760000,42.089014

1.562299,4.307577,6.323510,16.544704,0.113169,0.166552,-0.511609,7.760000,27.224895

-3.685189,-5.380277,7.707831,16.547646,-0.461590,0.282729,-0.654966,7.752000,27.224895

1.832936,2.338870,11.369817,16.544704,-0.359269,0.179076,-0.555309,7.752000,27.224895

-2.959498,0.837193,6.395360,16.547646,-0.281462,-0.029565,-0.410620,7.752000,27.224895

-5.970038,0.997660,5.044569,16.553528,0.002054,0.223841,-0.375713,7.752000,27.224895

2.704723,-2.166161,14.030684,16.574116,-0.075753,-0.129488,-0.204378,7.756000,27.224895

-0.847091,5.430841,13.060700,16.550587,-0.190865,0.077020,0.024780,7.752000,27.224895

4.613554,-4.563576,12.447576,16.544704,0.035362,-0.391154,-0.143891,7.752000,65.816214

-1.182394,5.069193,7.271938,16.544704,0.801442,0.290457,-0.035974,7.756000,65.816214

-2.497260,-1.404545,7.988049,16.559410,-0.385382,-0.322140,-0.066883,7.752000,65.816214

-0.210016,-2.930173,1.981340,16.547646,0.245601,-0.216621,-0.077275,7.752000,65.816214

-3.833680,-3.140934,9.307705,16.562351,-0.809058,0.012270,-0.166007,7.744000,65.816214

4.929696,-1.464421,10.210628,16.538822,0.279708,0.050641,-0.116712,7.752000,65.816214

-1.429081,1.479059,7.418034,16.559410,-0.240160,0.162821,-0.170271,7.756000,65.816214

-0.535739,5.931400,3.480622,16.538822,-0.006739,-0.151338,-0.434069,7.744000,65.816214

-0.674650,1.694610,10.387858,16.556469,0.347123,0.200659,-0.251542,7.748000,65.816214

-2.018256,-5.811381,16.313137,16.550587,0.082526,-0.234474,-0.137762,7.756000,65.816214

0.053436,5.792489,5.849296,16.541763,0.075598,0.161223,-0.010127,7.756000,65.816214

-1.591942,1.057535,16.404148,16.553528,-0.364865,-0.145209,0.054357,7.752000,65.816214

2.424506,-1.960190,6.107958,16.565292,0.228281,-0.305087,0.656296,7.756000,43.465374

-6.219120,6.405614,8.488607,16.544704,-0.557783,0.402638,0.372780,7.748000,43.465374

-1.764384,-5.603014,14.825830,16.538822,0.276777,-0.451641,0.228091,7.752000,43.465374

-0.523764,-2.175741,11.796130,16.532940,-0.042978,-0.280306,0.476434,7.756000,43.465374

0.084571,11.157332,9.482541,16.535881,0.151540,0.263011,0.167870,7.752000,43.465374

-1.541647,-0.611794,3.667433,16.544704,0.261855,-0.542238,-0.075677,7.756000,43.465374

-0.818351,-7.756137,15.929934,16.556469,-0.390179,-0.102309,0.271790,7.756000,85.129660

3.813617,1.936507,14.665363,16.547646,0.236808,0.141771,0.468173,7.760000,85.129660

-0.586034,11.049557,9.159214,16.550587,-0.064828,0.688285,0.091395,7.756000,85.129660

-1.278195,-3.239130,7.121051,16.547646,0.292498,-0.328802,-0.218767,7.752000,85.129660

2.640057,-1.097983,16.109560,16.562351,-0.599884,0.061566,-0.090599,7.748000,85.129660

3.143012,6.271492,14.092954,16.532940,0.661016,-0.191041,-0.453254,7.748000,85.129660

1.610199,-5.574274,6.558222,16.538822,0.192308,-0.140146,-0.358660,7.752000,85.129660

-5.253927,4.611744,8.653864,16.538822,0.006051,0.386916,-0.170271,7.752000,85.129660

0.666561,-4.058227,10.897998,16.559410,-0.896457,-0.219552,-0.128436,7.744000,85.129660

1.028209,0.130662,14.528848,16.553528,0.272780,0.403970,-0.171070,7.740000,85.129660

-0.672255,2.774764,8.886181,16.541763,0.537910,-0.123093,-0.344537,7.748000,85.129660

-2.434989,0.413275,6.287585,16.547646,0.287969,-0.234474,-0.110583,7.756000,85.129660

-2.688861,5.624837,10.414204,16.550587,0.076131,0.143636,0.104718,7.744000,85.129660

-0.320187,-8.802760,4.417075,16.532940,-0.242558,-0.338395,-0.051162,7.752000,85.129660

-2.899623,-1.991325,12.136223,16.547646,-0.307842,-0.124958,0.066081,7.756000,37.484921

2.747833,5.469161,9.659773,16.550587,0.305555,-0.012244,0.066881,7.752000,37.484921

-0.947682,1.294642,14.519267,16.532940,-0.155958,-0.129222,-0.030112,7.756000,37.484921

0.031881,-0.405822,5.607399,16.541763,-0.324096,-0.013044,0.021049,7.752000,37.484921

1.940712,4.127950,12.715817,16.535881,-0.110659,-0.147874,-0.021851,7.748000,37.484921

2.664008,5.088353,2.592070,16.532940,0.723901,-0.181448,-0.118577,7.748000,37.484921

-4.068392,-13.425148,25.428581,16.544704,-1.642019,0.106065,0.166005,7.748000,37.484921

6.359523,2.904095,14.933605,16.553528,0.986100,0.122319,0.013322,7.752000,37.484921

-2.710416,2.738839,4.924819,16.547646,0.580544,0.087146,-0.105787,7.752000,37.484921

-4.178564,5.124278,-1.989603,16.544704,-0.062963,-0.173987,-0.063686,7.752000,37.484921

4.350101,-9.868544,9.614267,16.565292,-0.082414,-0.433522,0.213169,7.744000,37.484921

-5.586835,0.549791,11.812895,16.527058,0.061742,0.228105,0.073009,7.744000,37.484921

-0.071105,1.186866,15.700012,16.535881,0.128624,0.242760,0.031974,7.752000,37.484921

-0.736920,2.810689,4.266188,16.538822,0.097714,-0.124692,-0.021052,7.752000,37.484921

1.308426,-0.389057,1.590951,16.529999,-0.112258,-0.256324,-0.131101,7.744000,37.484921

1.837726,-4.594711,17.987255,16.535881,0.336998,-0.166526,0.110847,7.752000,37.484921

1.071320,2.314920,12.164963,16.535881,0.113169,0.044512,-0.067683,7.764000,37.484921

-0.969237,7.155255,-7.608319,16.527058,1.523289,-0.078594,-0.333879,7.752000,37.484921

-5.186866,-2.870297,8.936477,16.535881,-0.554852,-0.202765,0.278718,7.760000,37.484921

0.443824,1.273087,8.428732,16.538822,-1.055535,0.179875,0.205175,7.748000,37.484921

3.911813,1.708980,9.360395,16.538822,0.335399,0.431948,0.167604,7.748000,1620.284619

-0.322582,2.025123,8.905341,16.535881,-0.097336,-0.407941,-0.136697,7.748000,1620.284619

-2.581085,2.300550,8.510163,16.521175,-0.085079,0.207854,0.140957,7.752000,1620.284619

-3.883976,3.524405,7.937753,16.518234,-0.225238,0.209985,0.097257,7.748000,1620.284619

1.662889,-8.201611,10.390254,16.527058,-0.392044,-0.381029,0.122038,7.744000,1620.284619

2.357445,3.225028,8.706554,16.538822,0.298361,0.254484,0.341604,7.748000,1620.284619

-0.432753,3.538775,8.007209,16.518234,-0.648647,0.149232,0.199846,7.744000,1620.284619

2.764598,-3.143329,19.187160,16.527058,-0.042978,-0.044486,0.168936,7.744000,1620.284619

0.532440,3.636971,10.560300,16.538822,0.627442,-0.011179,0.123637,7.748000,1620.284619

-4.456386,2.722074,3.403981,16.544704,0.083858,-0.016241,-0.066350,7.744000,1620.284619

3.183727,-1.359040,9.575947,16.521175,0.226149,-0.049016,0.133496,7.748000,1620.284619

-4.008517,-4.007931,11.345866,16.524117,-0.218044,0.139639,0.217965,7.740000,1620.284619

-0.562084,7.136095,10.524375,16.524117,0.115034,0.071158,-0.015190,7.744000,1620.284619

0.003141,1.833521,11.465617,16.538822,-0.114923,0.093008,0.140424,7.748000,1620.284619

2.788548,-1.998510,11.664404,16.529999,0.076397,-0.099111,-0.035441,7.748000,1620.284619

3.308268,4.841666,7.288703,16.524117,0.699120,0.177210,-0.061554,7.752000,1620.284619

-4.089948,6.221197,1.808898,16.538822,-0.033385,0.009073,-0.134032,7.752000,1620.284619

-2.921178,-4.870138,21.378603,16.527058,-0.805593,0.004276,0.036504,7.736000,1620.284619

7.736659,2.231094,11.436877,16.541763,1.043390,0.046111,-0.248877,7.748000,30.167260

-6.084999,2.049073,4.361989,16.529999,0.263987,0.197728,-0.197983,7.752000,30.167260

5.001546,3.263348,5.097260,16.518234,0.085457,-0.231277,-0.224096,7.740000,30.167260

3.401674,-1.167438,12.967295,16.532940,0.530183,0.133244,-0.150020,7.740000,146.422590

-4.679122,-6.055673,8.754455,16.556469,0.083592,-0.151871,-0.463113,7.744000,146.422590

-2.796637,0.882698,11.573393,16.547646,0.132621,0.146034,-0.238219,7.744000,146.422590

1.801800,6.041571,5.621769,16.529999,-0.000077,0.004543,-0.191055,7.744000,146.422590

0.503700,0.997660,10.090877,16.532940,0.032431,-0.050882,-0.112981,7.736000,146.422590

-2.121242,3.153177,7.307863,16.550587,0.329803,-0.057810,-0.189989,7.740000,146.422590

-2.051786,-3.670234,9.942385,16.512352,-0.339551,-0.119362,-0.079141,7.748000,146.422590

2.082018,6.331368,11.935041,16.535881,0.860863,0.200925,-0.129236,7.748000,146.422590

-4.772528,7.715690,10.622570,16.535881,-0.541263,-0.106839,-0.005864,7.748000,146.422590

-1.311725,-2.903827,4.390729,16.524117,0.478756,0.279532,0.034106,7.744000,146.422590

-0.408803,-4.771943,19.132074,16.497646,-0.130378,-0.219019,0.029310,7.748000,146.422590

-2.715206,2.786739,16.171831,16.529999,0.320743,0.310974,0.023980,7.744000,146.422590

3.499869,3.433394,5.355922,16.518234,-0.007272,-0.130287,0.052492,7.748000,146.422590

1.416202,0.870723,7.877878,16.518234,0.181916,-0.107372,0.132963,7.744000,146.422590

-1.670978,0.293524,16.964582,16.524117,-0.282528,0.018132,0.177196,7.748000,146.422590

-0.427963,7.234291,6.460026,16.529999,0.424397,0.154827,-0.113781,7.748000,146.422590

0.082176,1.584439,3.514152,16.532940,-0.176742,-0.385292,-0.270994,7.744000,146.422590

3.998034,-1.337485,13.467854,16.518234,-0.281462,0.005875,-0.118577,7.740000,146.422590

0.985099,3.438184,14.509687,16.524117,0.867791,0.032255,-0.351199,7.740000,146.422590

-2.885253,-6.532282,8.740085,16.524117,-0.685152,-0.309617,-0.340540,7.736000,146.422590

2.120338,2.652618,8.165280,16.527058,0.752146,0.126316,-0.172403,7.752000,25.087606

0.724042,0.374954,12.469131,16.529999,0.163264,-0.014376,-0.151086,7.752000,25.087606

-1.184789,6.625956,14.057029,16.527058,0.076664,0.148699,-0.179863,7.752000,25.087606

-0.123795,-2.726596,8.807145,16.518234,0.159267,-0.068468,-0.102856,7.752000,25.087606

-0.938102,4.575819,14.078584,16.509411,0.508599,-0.034361,-0.097260,7.748000,25.087606

1.238971,-1.347065,6.244474,16.515293,0.446514,-0.254725,0.019717,7.748000,25.087606

-1.340465,4.501573,8.790380,16.494705,-0.658506,0.207854,0.189720,7.740000,25.087606

0.565970,-1.004577,18.372854,16.512352,0.894704,0.503360,0.099123,7.744000,84.710559

2.314335,1.771251,-1.091470,16.494705,1.196339,-0.506799,-0.346669,7.752000,84.710559

0.221088,1.972432,11.721885,16.506470,-0.385116,-0.403411,0.056222,7.744000,84.710559

0.489330,3.342384,7.149792,16.500587,0.889641,0.064230,0.147352,7.744000,84.710559

-4.442016,-1.696738,10.565090,16.521175,-0.193796,-0.352784,0.122571,7.748000,84.710559

-0.808771,2.362821,10.100456,16.518234,-0.024858,0.338953,0.297637,7.744000,84.710559

2.247274,4.216566,9.868139,16.524117,0.193907,0.038916,0.325349,7.748000,84.710559

-1.079408,-0.527968,5.121210,16.521175,0.341794,-0.108970,0.220630,7.744000,84.710559

-6.001173,-1.809304,14.794695,16.506470,-0.600950,0.116457,0.153481,7.740000,84.710559

2.743043,-2.475119,18.353693,16.521175,0.248266,0.097005,0.160409,7.744000,84.710559

1.018629,2.911280,8.098220,16.494705,0.642097,0.019731,-0.099125,7.744000,84.710559

2.563417,8.906014,1.509521,16.485882,-0.195661,-0.101776,-0.132433,7.732000,84.710559

-2.276918,-0.671669,12.725398,16.488823,-0.187667,0.248356,-0.288047,7.732000,84.710559

1.397042,-3.775615,13.429533,16.500587,0.102511,0.182007,-0.391968,7.732000,84.710559

-2.384694,-2.266752,14.258210,16.491764,-0.449600,0.101002,-0.341606,7.732000,35.990553

2.685563,7.787540,6.529481,16.494705,0.309286,0.240362,-0.392234,7.732000,35.990553

1.329982,4.197406,5.023015,16.482941,0.077996,-0.130554,-0.392767,7.732000,35.990553

-1.345255,-2.831977,6.927055,16.494705,-0.276399,-0.152404,-0.362390,7.728000,35.990553

-1.299750,-3.871415,19.496119,16.491764,-0.355272,0.074622,-0.358660,7.724000,35.990553

2.072438,1.759276,17.230429,16.491764,0.750014,0.044512,-0.423943,7.744000,35.990553

-0.559689,4.041729,6.768983,16.485882,0.730829,-0.168392,-0.260069,7.740000,35.990553

-2.751132,5.497901,0.290456,16.480000,0.087855,-0.058875,-0.071413,7.744000,35.990553

-0.260311,-5.052160,7.073151,16.465292,-0.096270,-0.148407,-0.320289,7.732000,35.990553

-1.908085,-2.264357,14.521663,16.488823,-0.550056,0.026126,-0.330148,7.728000,35.990553

5.243443,4.784185,7.518625,16.485882,0.379898,-0.121494,-0.432736,7.732000,35.990553

-1.326095,0.602481,6.656418,16.509411,-0.141303,-0.238738,-0.353064,7.724000,35.990553

-2.320028,-0.781840,6.301955,16.497646,-0.259345,-0.078594,-0.182795,7.720000,35.990553

-1.359625,0.111502,15.038986,16.485882,-0.727254,0.004276,-0.080473,7.708000,35.990553

3.114271,-2.623610,15.175503,16.477058,0.507267,-0.490811,-0.244614,7.716000,35.990553

-1.694928,0.825218,11.393766,16.485882,-0.373391,-0.065004,0.023181,7.716000,35.990553

4.201610,8.910804,12.696657,16.488823,0.612253,0.015468,0.092728,7.732000,35.990553

-5.378468,3.706426,5.842111,16.482941,0.063874,-0.203298,-0.026648,7.732000,35.990553

-1.259035,0.489915,11.604528,16.480000,-0.422420,-0.147874,-0.073012,7.720000,35.990553

-1.031508,-1.354250,11.915881,16.474117,0.208296,-0.134551,-0.254739,7.720000,35.990553

1.090480,0.190538,7.013276,16.485882,-0.158889,-0.226480,-0.186525,7.724000,35.990553

1.569484,1.694610,9.616662,16.462351,-0.401636,-0.108704,-0.093796,7.720000,35.990553

0.467775,-0.820160,12.763718,16.497646,0.034296,0.065563,-0.174534,7.720000,35.990553

0.328863,-3.291821,12.277529,16.474117,0.248799,-0.071932,-0.342139,7.732000,23.211539

-0.653095,5.102723,4.383544,16.474117,0.411607,-0.063405,-0.234755,7.732000,23.211539

0.580340,8.922779,7.226432,16.482941,-0.060298,-0.134817,-0.017588,7.732000,23.211539

1.897601,2.022728,5.422983,16.488823,0.885644,-0.173188,0.168936,7.736000,23.211539

-9.785304,-4.733622,14.928816,16.474117,-0.362733,-0.020771,0.247809,7.728000,23.211539

-0.554899,5.586517,11.561419,16.482941,-0.070690,-0.254192,0.592078,7.728000,23.211539

0.937198,1.093460,2.649550,16.477058,1.004220,-0.285369,0.409552,7.728000,23.211539

-6.753209,0.844378,11.060859,16.459410,-1.434978,0.027991,0.659227,7.716000,23.211539

7.930656,5.229659,15.517990,16.491764,0.708713,-0.424195,0.562501,7.708000,23.211539

-3.251691,-7.904628,11.204560,16.474117,-0.105330,-0.416735,0.611264,7.708000,23.211539

2.153868,2.089788,11.223721,16.491764,0.552566,-0.439650,0.341071,7.712000,23.211539

-0.861461,5.541012,8.325747,16.477058,-0.236430,0.393844,0.347199,7.716000,23.211539

2.220929,-0.247751,12.737372,16.465292,-0.173278,-0.302156,0.152149,7.712000,23.211539

-0.293842,-1.933844,12.205678,16.480000,-0.249486,0.371728,-0.049563,7.712000,23.211539

2.939435,7.856996,9.207114,16.480000,0.507001,0.117789,-0.289913,7.724000,23.211539

0.443824,7.298956,5.743915,16.494705,0.319411,0.208919,-0.439664,7.724000,23.211539

0.252223,-3.536113,10.428574,16.482941,-0.177541,-0.221418,-0.503082,7.724000,23.211539

-2.195487,-0.820160,12.265553,16.482941,0.018575,0.460993,-0.391168,7.728000,23.211539

0.086966,-2.226037,10.143566,16.497646,0.486217,0.014402,-0.345070,7.732000,23.211539

-2.502050,1.222791,9.262199,16.480000,0.024970,0.119654,-0.283784,7.736000,23.211539

0.999469,11.847098,9.791499,16.471176,-0.138105,-0.152670,0.050627,7.732000,23.211539

1.806591,5.064403,5.628954,16.485882,1.243770,-0.286701,0.131365,7.732000,23.333389

-6.149664,-11.351061,14.423467,16.459410,-0.417891,-0.462833,0.330945,7.728000,23.333389

-2.652936,5.919425,12.775693,16.465292,-0.065627,0.520148,0.571294,7.732000,23.333389

1.143170,3.608231,4.793093,16.471176,0.403880,-0.925145,-0.030112,7.720000,23.333389

3.384908,-3.514557,16.483183,16.477058,0.022838,-0.045019,0.296571,7.712000,23.333389

-0.677045,-0.671669,13.331338,16.488823,0.031099,-0.131620,0.179328,7.712000,23.333389

1.054554,3.071746,6.069638,16.480000,0.192042,-0.076728,0.115910,7.716000,23.333389

-5.213212,2.535262,3.897355,16.471176,-0.269737,0.433014,0.047962,7.712000,23.333389

0.393529,8.254569,4.565566,16.480000,-0.334488,-0.172122,-0.166274,7.708000,23.333389

2.810104,-5.552719,12.471525,16.480000,0.075598,-0.241136,-0.159346,7.712000,23.333389

-2.566715,4.178246,10.704001,16.480000,0.133154,-0.051947,-0.116712,7.704000,23.333389

4.694984,-2.448774,3.044728,16.480000,-0.742975,-0.123626,0.033040,7.704000,23.333389

0.724042,-1.873969,19.527252,16.491764,-0.089076,0.024261,0.278985,7.704000,23.333389

1.715580,5.224869,12.615227,16.477058,0.747883,0.057835,0.240614,7.708000,23.333389

-2.461334,6.625956,6.759404,16.480000,0.024437,0.050641,0.163873,7.712000,23.333389

0.005536,4.432117,3.437511,16.471176,-0.057100,-0.110836,0.289377,7.708000,23.333389

-0.301027,-0.269306,11.671589,16.468235,-0.284126,-0.087653,0.359457,7.708000,23.333389

-0.037575,2.434671,17.263960,16.482941,0.022039,0.379189,0.395695,7.712000,23.333389

1.962267,5.327855,4.330854,16.462351,0.268783,-0.108704,0.100189,7.712000,23.333389

-2.743947,-9.454206,5.252936,16.482941,-0.754166,-0.140146,0.025846,7.700000,23.333389

0.795892,2.937625,14.239050,16.485882,-0.329159,0.383719,0.185723,7.700000,23.333389

2.561022,2.463411,6.610912,16.456469,0.134486,0.074356,-0.113781,7.704000,23.333389

-2.923573,-2.554155,6.505531,16.474117,-0.068292,-0.024235,-0.167873,7.700000,23.333389

1.358722,0.248018,12.241604,16.456469,-0.388313,0.244359,-0.131101,7.704000,23.333389

1.648519,3.675291,10.107641,16.459410,-0.321165,0.278999,-0.148421,7.708000,21.884248

1.411412,4.848851,13.510964,16.468235,0.295962,0.087679,-0.176133,7.704000,21.884248

1.289266,-8.429137,14.797090,16.456469,0.089987,-0.056744,-0.048231,7.716000,21.884248

-2.231412,5.026083,13.376842,16.447645,0.184315,0.485774,0.173732,7.716000,21.884248

-3.603759,3.150782,5.013434,16.447645,0.941335,-0.179050,-0.148687,7.720000,21.884248

-2.003886,-0.542338,5.679250,16.462351,0.052949,-0.455372,0.017052,7.720000,21.884248

0.491725,3.749537,7.894643,16.482941,-0.114390,0.060233,0.346666,7.708000,21.884248

0.956359,3.256163,10.768666,16.447645,0.916820,0.271538,0.386103,7.712000,77.785715

-2.348768,-6.589762,8.289822,16.471176,0.198970,-0.393286,0.349064,7.712000,77.785715

-2.822982,-0.525573,9.623847,16.477058,-0.182071,0.163887,0.361855,7.712000,77.785715

-3.361862,1.416788,7.647956,16.474117,-0.022460,0.061299,0.280850,7.708000,77.785715

0.937198,6.400824,14.797090,16.482941,-0.462923,0.247823,0.317089,7.700000,77.785715

4.172870,2.777159,10.088481,16.459410,0.958388,-0.086854,0.009858,7.704000,77.785715

-1.898505,-2.920593,9.542417,16.497646,-0.324629,-0.102309,0.021316,7.700000,77.785715

2.062858,10.256805,7.300678,16.468235,0.291166,0.672831,-0.038105,7.700000,77.785715

-0.047155,-8.033959,6.546247,16.462351,-0.395774,-0.364508,-0.253674,7.688000,77.785715

-3.457662,5.725428,14.538427,16.477058,-0.445336,0.757566,-0.085536,7.692000,77.785715

4.486618,-2.314652,12.315849,16.482941,-0.083214,-0.046352,-0.499885,7.684000,77.785715

0.278568,6.570870,11.173425,16.462351,0.317812,0.125517,-0.552644,7.692000,77.785715

-1.922455,-0.331576,4.287744,16.474117,-0.149829,-0.076728,-0.498020,7.688000,77.785715

-3.723510,0.669542,5.415798,16.468235,-0.731783,-0.176918,-0.322421,7.688000,77.785715

-0.600404,2.781949,8.440707,16.471176,-0.329958,0.054638,-0.125239,7.680000,77.785715

0.896483,-2.185322,9.901670,16.471176,0.002054,-0.196370,-0.034908,7.688000,77.785715

-3.539093,-1.876364,11.360236,16.480000,-0.353407,-0.128955,0.147885,7.688000,77.785715

-5.601205,3.842942,15.628161,16.474117,-0.262277,0.183073,0.285114,7.684000,29.488436

2.436481,-0.542338,9.369975,16.453527,0.575748,-0.566486,0.366385,7.688000,29.488436

-3.290011,1.610784,7.904223,16.462351,-0.183404,-0.494542,0.609665,7.692000,29.488436

0.139657,0.935389,16.121534,16.471176,-0.407765,0.147367,0.872930,7.684000,29.488436

2.199374,2.552027,18.080662,16.456469,-0.061097,-0.265117,0.844152,7.692000,29.488436

1.246156,7.227106,11.575788,16.468235,0.882979,-0.009047,0.769276,7.688000,29.488436

1.399437,4.549474,7.822792,16.480000,0.214425,0.062898,0.551043,7.692000,29.488436

2.374210,-0.753100,8.083850,16.450586,0.065206,-0.458303,0.205441,7.684000,29.488436

-1.850604,0.808453,9.295730,16.468235,0.068403,0.122586,0.184657,7.680000,29.488436

-0.004044,-2.415243,7.358159,16.468235,-0.238295,0.107664,-0.065018,7.684000,29.488436

-0.425568,-0.185480,11.743440,16.462351,-0.148497,0.380255,-0.155882,7.688000,29.488436

-1.002767,0.434830,15.237773,16.456469,0.456373,0.370129,-0.372249,7.696000,29.488436

3.044816,6.798397,5.243356,16.474117,0.229080,-0.221418,-0.494822,7.696000,29.488436

0.613871,-2.745756,9.403505,16.459410,0.086523,0.374393,-0.239285,7.692000,29.488436

-1.944010,8.932360,7.789262,16.462351,0.131821,0.278999,-0.271260,7.692000,29.488436

2.889139,-3.342116,9.470566,16.447645,-0.003275,0.045578,-0.181196,7.684000,29.488436

2.187399,0.791688,19.467377,16.465292,-0.182604,-0.052214,-0.150819,7.684000,29.488436

1.878441,3.167547,8.433522,16.474117,0.984235,0.114325,-0.162011,7.692000,29.488436

-5.479059,3.275323,7.171347,16.462351,-0.637189,-0.010113,-0.182528,7.680000,29.488436

6.697220,13.384701,7.461144,16.480000,-0.005140,-0.277908,-0.206243,7.680000,29.488436

-3.462452,-10.354733,13.185242,16.480000,-0.364065,-0.018906,0.104185,7.672000,29.488436

-0.425568,6.848692,14.224680,16.474117,-0.274267,0.483109,-0.074611,7.668000,29.488436

3.729791,-5.147961,7.609635,16.471176,0.441451,-0.237405,-0.280320,7.680000,29.488436

-5.869447,3.141202,12.720608,16.453527,0.129690,0.396242,-0.444194,7.680000,29.488436

2.795734,-0.465697,13.304993,16.468235,-0.614007,-0.039157,-0.429272,7.688000,29.488436

4.469852,11.090272,3.677013,16.459410,0.690860,0.198527,-0.318690,7.692000,29.488436

-2.437384,1.380862,8.941267,16.456469,0.517393,0.078619,-0.120709,7.684000,29.488436

-3.110384,-2.348183,11.355447,16.450586,-0.136240,-0.201699,-0.106853,7.696000,29.488436

1.792220,5.483531,8.560458,16.465292,-0.050172,-0.094315,0.165472,7.696000,29.488436

0.362394,4.961417,9.384345,16.474117,-0.129312,0.001878,0.172133,7.688000,29.488436

-1.266220,-3.746874,9.616662,16.462351,0.532581,-0.137482,0.290976,7.680000,29.488436

-4.530631,-6.668798,13.273857,16.453527,-0.156224,0.146034,0.383438,7.676000,29.488436

-0.049550,3.900423,12.830778,16.444704,0.276511,-0.088453,0.251006,7.684000,29.488436

3.533400,3.869288,1.258044,16.450586,0.356183,-0.187044,0.198247,7.680000,29.488436

-1.134493,-4.348024,6.328300,16.438822,-0.150895,-0.110569,0.229423,7.676000,29.488436

0.383949,6.477464,9.928015,16.456469,0.303423,0.237964,0.334143,7.688000,29.488436

0.925223,-0.973442,12.375725,16.432940,0.323142,0.181474,0.232887,7.688000,29.488436

-4.020492,1.050350,6.012157,16.447645,0.020707,0.252886,-0.043701,7.680000,29.488436

-2.355953,5.885894,6.175019,16.459410,-0.156224,0.183872,-0.342939,7.668000,29.488436

5.427860,0.614456,19.247036,16.450586,-0.064828,-0.193172,-0.345603,7.664000,29.488436

1.284476,-2.908617,9.772339,16.444704,0.370305,-0.006915,-0.265398,7.668000,29.488436

-3.615734,4.020175,9.161609,16.441763,-0.078950,0.609679,-0.111116,7.672000,29.488436

-2.205067,6.654696,4.177573,16.438822,0.074799,0.176677,-0.242749,7.668000,29.488436

3.636385,4.101605,8.203601,16.456469,-0.093073,-0.347987,-0.360259,7.668000,29.488436

-2.183512,-3.413967,11.278806,16.453527,0.387093,-0.017574,-0.416749,7.680000,29.488436

-1.802704,6.716966,10.215417,16.444704,0.327938,0.132711,-0.420746,7.684000,29.488436

-0.794401,3.076536,10.950688,16.450586,-0.000077,-0.012777,-0.409821,7.692000,29.488436

3.013680,1.982013,5.106840,16.450586,-0.127180,-0.337862,-0.382375,7.684000,29.488436

4.340521,0.782108,10.612990,16.438822,0.327139,-0.003718,0.026112,7.688000,29.488436

-4.822824,1.280272,10.797407,16.459410,-0.291854,0.240362,0.205974,7.692000,29.488436

-6.849010,3.423814,13.046330,16.447645,-0.238295,0.011737,0.010924,7.684000,10.298211

4.747674,0.353399,10.004656,16.450586,0.458771,-0.608321,-0.012525,7.680000,10.298211

-2.183512,1.297037,7.341393,16.435881,0.123561,0.086080,0.201977,7.680000,10.298211

-4.128268,1.464688,9.178373,16.444704,-0.021394,-0.162529,0.218231,7.688000,10.298211

-4.437225,2.372401,8.134145,16.438822,-0.602016,-0.126823,0.229423,7.680000,10.298211

1.667679,-0.975837,11.760204,16.450586,-0.112525,-0.385825,0.079671,7.680000,10.298211

-0.471073,-1.428495,3.490202,16.438822,-0.163419,0.168417,0.106051,7.684000,10.298211

0.467775,5.667948,10.979428,16.435881,-0.510087,0.011737,0.095925,7.672000,10.298211

3.966898,1.491034,14.540822,16.438822,0.592802,-0.182248,-0.156148,7.680000,10.298211

-5.194052,-5.626965,8.558064,16.450586,-0.370727,-0.144143,-0.250210,7.668000,10.298211

-0.854276,-0.444142,6.716293,16.450586,-0.044310,0.179875,-0.286182,7.676000,10.298211

-1.594337,1.948482,9.975915,16.444704,-0.031254,-0.001320,-0.467643,7.672000,10.298211

-0.794401,1.165311,8.498188,16.435881,-0.335287,-0.138015,-0.380510,7.672000,10.298211

-0.023204,1.206026,15.539546,16.435881,0.024704,-0.027166,-0.355995,7.668000,10.298211

2.302360,1.402418,13.168476,16.444704,-0.345146,-0.054346,-0.308032,7.664000,10.298211

-0.178881,6.151742,9.008327,16.424116,0.460903,-0.028765,-0.237153,7.672000,10.298211

-0.516578,8.494071,4.508085,16.453527,0.080128,-0.233408,-0.261135,7.660000,10.298211

1.969452,-6.661613,15.062937,16.453527,-0.096270,-0.587270,-0.157481,7.660000,10.298211

-1.982330,-2.118261,13.613950,16.432940,0.353252,0.132178,-0.018654,7.672000,10.298211

0.290543,8.362345,0.965851,16.429998,0.026302,-0.069534,-0.107919,7.676000,10.298211

-0.030389,1.143756,5.614584,16.432940,-0.296917,-0.319209,-0.073279,7.672000,10.298211

-2.782267,-0.010644,11.992521,16.432940,0.453708,0.147100,-0.066883,7.680000,10.298211

1.825751,0.765343,10.435759,16.438822,-0.146898,-0.521454,-0.268596,7.684000,10.298211

1.100060,4.080050,11.075230,16.435881,-0.080016,-0.023436,-0.107652,7.684000,10.298211

-0.926127,5.232054,9.202324,16.435881,0.281040,-0.100444,-0.118577,7.688000,10.298211

-0.542924,-1.430890,11.012959,16.447645,0.324474,-0.373568,0.053025,7.684000,10.298211

-5.083880,-5.334772,5.561894,16.429998,0.370305,-0.305087,0.179328,7.684000,20.495371

-1.759594,8.666512,11.822475,16.450586,-0.440007,0.165752,0.457248,7.688000,20.495371

0.860558,-2.896642,9.544811,16.427057,0.301558,-0.831084,0.483095,7.684000,20.495371

0.211507,4.171061,20.011047,16.418234,-0.393909,-0.049016,0.862005,7.684000,20.495371

2.146683,14.400189,9.872930,16.447645,1.274146,0.296852,0.698130,7.692000,20.495371

-5.706586,0.248018,8.148515,16.438822,0.245867,-0.315212,0.457248,7.676000,20.495371

-0.205226,-7.717816,9.386741,16.429998,-0.296117,-0.152137,0.566231,7.684000,20.495371

5.071002,4.159085,13.558865,16.438822,0.138483,-0.002652,0.560103,7.684000,20.495371

-0.624354,-0.551918,4.201523,16.429998,0.999956,0.235832,0.391965,7.688000,20.495371

-8.094420,1.378468,4.354804,16.447645,-0.436543,0.422356,0.225426,7.680000,20.495371

1.662889,-6.951410,7.130631,16.432940,-0.414693,-0.281105,0.298703,7.672000,20.495371

-0.210016,3.826177,14.490527,16.432940,-0.076552,0.643786,0.426872,7.680000,20.495371

1.940712,0.013306,11.702724,16.429998,0.063074,0.115391,0.142823,7.668000,40.084983

1.744320,2.544842,8.177256,16.421175,0.183515,0.078086,0.119374,7.672000,40.084983

-0.954867,3.924373,7.952123,16.441763,-0.071223,0.277933,0.070345,7.672000,40.084983

-0.729735,-1.155463,12.184123,16.432940,-0.246822,-0.093516,0.086333,7.664000,40.084983

0.419874,3.167547,15.882033,16.438822,-0.045643,0.258481,0.175597,7.664000,40.084983

1.488053,2.552027,7.329418,16.418234,0.346057,0.009605,0.063417,7.664000,40.084983

-0.241151,2.695728,7.461144,16.438822,0.031099,0.108197,0.011457,7.664000,40.084983

1.765875,-5.310822,10.586645,16.435881,-0.263076,0.200659,0.034905,7.668000,40.084983

-2.674491,-0.908776,8.435918,16.429998,-0.260678,0.226772,-0.301637,7.672000,40.084983

0.635426,10.654378,0.860470,16.421175,0.504869,0.378656,-0.516139,7.664000,40.084983

2.846029,2.638248,7.628796,16.435881,-0.030454,0.006141,-0.622991,7.676000,40.084983

1.986217,1.783226,12.569721,16.444704,0.325806,0.011204,-0.523334,7.672000,40.084983

-2.138007,-6.297570,15.436560,16.432940,-0.420555,-0.050882,-0.256605,7.668000,43.113549

1.181490,3.419024,12.402070,16.427057,0.447846,0.248356,-0.102856,7.684000,43.113549

-2.106871,9.820911,6.469606,16.424116,0.209629,0.173746,0.115643,7.676000,43.113549

-2.906808,5.222474,5.681645,16.409410,0.172324,-0.037026,0.336008,7.672000,43.113549

-1.795519,-7.708236,17.517832,16.427057,-0.417358,-0.398349,0.328014,7.668000,43.113549

-0.068710,6.676251,11.223721,16.429998,0.523521,-0.083124,0.376777,7.680000,43.113549

0.029486,8.130028,1.998105,16.421175,0.792648,-0.254725,0.266195,7.676000,43.113549

-4.461175,-8.180056,7.360553,16.403528,-0.837036,-0.248597,0.398627,7.672000,43.113549

-0.461493,3.260953,11.341076,16.427057,0.190443,0.219311,0.344801,7.660000,43.113549

-1.611102,-2.678696,11.547048,16.409410,-0.329958,0.038383,0.119907,7.660000,43.113549

2.678378,2.860985,8.981982,16.424116,-0.073621,0.056503,-0.022917,7.660000,43.113549

0.673746,-2.508649,11.082415,16.406469,0.277310,0.179875,-0.223297,7.664000,43.113549

-0.418383,2.705308,8.311377,16.412352,0.144878,0.218246,-0.303236,7.664000,43.113549

-1.436266,4.338712,11.834451,16.406469,-0.049639,0.308576,-0.539321,7.664000,43.113549

0.261803,2.221514,8.886181,16.403528,0.474226,-0.056744,-0.784200,7.668000,43.113549

0.965939,-0.310021,1.071232,16.421175,0.078263,-0.233675,-0.585153,7.672000,43.113549

-0.765660,-8.716539,11.657219,16.427057,-0.241759,0.309109,-0.162543,7.660000,43.113549

-4.516261,4.877591,14.052238,16.435881,0.236541,0.456197,-0.011726,7.672000,43.113549

3.432809,7.674974,2.292692,16.418234,0.198171,-0.384759,-0.250476,7.664000,43.113549

-2.743947,-4.405505,7.774892,16.415293,-0.294518,-0.142545,-0.086069,7.656000,43.113549

-2.140402,-1.241684,12.981665,16.412352,-0.231633,0.418625,-0.065285,7.660000,43.113549

-0.245941,4.762630,10.428574,16.424116,-0.178874,0.192665,-0.294709,7.672000,43.113549

2.620897,8.642562,5.767866,16.418234,0.471028,-0.139081,-0.561971,7.660000,43.113549

1.298846,-5.114430,9.465776,16.403528,-0.392843,-0.050082,-0.487894,7.660000,43.113549

-3.364257,4.331527,8.251501,16.412352,0.235742,0.439676,-0.526531,7.676000,43.113549

2.846029,3.095696,10.735136,16.403528,-0.424552,-0.140946,-0.634449,7.668000,43.113549

-0.959657,7.100169,6.982141,16.441763,0.386560,0.163887,-0.550513,7.672000,20.389109

0.762362,1.855076,12.531401,16.412352,0.108373,-0.361843,-0.599542,7.664000,20.389109

-0.799191,-3.272660,13.767231,16.409410,0.236541,-0.193972,-0.473239,7.660000,20.389109

-1.100963,4.985367,6.745033,16.415293,-0.064028,-0.011712,-0.026648,7.660000,20.389109

-3.057694,0.760553,7.207272,16.418234,-0.285992,-0.157467,0.116709,7.668000,20.389109

-2.969078,2.281390,10.785432,16.397646,0.124361,0.064230,0.129766,7.656000,20.389109

-1.421896,-6.568207,8.941267,16.400587,-0.490368,-0.324538,0.140424,7.664000,83.421984

0.685721,3.893238,14.370776,16.400587,-0.074953,0.029857,0.081803,7.664000,83.421984

0.491725,4.384217,5.516388,16.394705,0.367641,-0.201699,0.089530,7.668000,83.421984

-0.315397,-1.450051,4.783513,16.415293,-0.073088,-0.159865,0.235818,7.660000,83.421984

-1.599127,0.856353,14.136065,16.412352,-0.115989,-0.042355,0.113778,7.664000,83.421984

1.775455,1.091065,4.445815,16.394705,0.546171,-0.099378,0.045031,7.668000,83.421984

-1.026718,-3.210390,9.561577,16.409410,-0.816785,0.050641,0.205974,7.660000,83.421984

0.668956,6.175692,6.323510,16.406469,1.130523,0.330426,-0.059156,7.668000,83.421984

-5.984408,0.010911,8.550879,16.412352,-1.083780,-0.424995,-0.261667,7.660000,83.421984

5.672152,-0.183085,18.097427,16.412352,0.026302,0.256883,-0.128170,7.652000,83.421984

1.811381,0.916229,11.645244,16.424116,0.664214,0.025327,-0.394632,7.664000,83.421984

-4.250414,-0.257331,1.478385,16.412352,0.125959,-0.162796,-0.375713,7.660000,83.421984

-2.734366,9.971798,10.289662,16.418234,-0.343281,-0.083390,-0.247545,7.656000,83.421984

5.846989,-6.292780,4.036266,16.409410,0.100912,-0.278973,-0.351465,7.660000,83.421984

-2.296078,4.058495,10.071716,16.415293,-0.514616,-0.116964,-0.262200,7.660000,83.421984

-0.926127,-1.256054,7.401269,16.412352,0.200036,0.115391,-0.044501,7.652000,83.421984

-3.428922,2.070628,12.370934,16.409410,-0.600417,-0.199301,-0.138029,7.660000,83.421984

2.908299,3.550750,8.752060,16.403528,0.263454,-0.351984,-0.044767,7.656000,83.421984

-1.012347,1.402418,15.944304,16.397646,-0.016332,-0.211026,0.234752,7.664000,83.421984

-5.203631,-2.163766,9.089758,16.412352,0.728164,-0.026101,0.349597,7.664000,26.497823

-6.173615,0.590506,9.130473,16.400587,-0.499162,-0.313081,0.610464,7.672000,26.497823

0.443824,10.735809,3.181244,16.415293,0.216557,0.006408,0.711720,7.668000,26.497823

0.472565,-3.495397,5.693620,16.406469,-0.109061,-0.601926,0.687472,7.668000,26.497823

-2.700836,4.939862,10.337564,16.394705,0.387625,0.090876,0.815907,7.672000,26.497823

-0.593219,0.621641,12.593672,16.412352,0.334067,-0.454839,0.837490,7.676000,26.497823

-0.727340,-2.645165,1.969364,16.427057,0.079328,-0.466030,0.727708,7.664000,26.497823

-5.843102,-1.665602,13.772021,16.444704,-0.243091,0.152429,0.796455,7.676000,26.497823

3.447179,6.372084,10.907578,16.403528,-0.093339,0.241428,0.768743,7.672000,26.497823

0.359999,-4.276174,7.590475,16.400587,0.570952,-0.105240,0.431668,7.672000,26.497823

-3.979777,3.869288,5.559499,16.421175,-0.064295,0.417027,0.371181,7.680000,26.497823

4.045934,2.734049,6.172624,16.418234,-0.462656,-0.023436,0.204109,7.672000,26.497823

2.134708,3.447764,16.025734,16.415293,0.548036,0.039449,-0.054893,7.672000,43.608977

-0.063920,-1.109958,10.521979,16.400587,0.366841,0.178010,-0.058357,7.676000,43.608977

-3.742670,-6.462826,13.594790,16.400587,-0.681955,0.267008,-0.121775,7.676000,43.608977

-1.819469,13.169148,8.019184,16.409410,-0.113324,0.583033,-0.229958,7.668000,43.608977

6.812181,-0.116025,4.385939,16.391764,0.345791,-0.403678,-0.433003,7.664000,43.608977

-2.339188,-8.675824,10.632151,16.391764,0.045488,-0.089785,-0.276323,7.668000,43.608977

-2.552345,0.487520,13.645085,16.403528,-0.796800,0.826579,0.068480,7.668000,43.608977

4.857845,10.541813,8.067084,16.382940,0.251463,-0.082058,-0.407689,7.652000,43.608977

-2.061366,-7.016076,10.828542,16.403528,-0.434145,-0.264052,-0.298972,7.652000,43.608977

4.400397,0.377349,16.914288,16.409410,-0.353407,0.225174,-0.183061,7.660000,43.608977

0.834213,1.507799,4.821833,16.403528,0.461702,-0.142278,-0.640311,7.672000,43.608977

0.599501,0.918624,5.490043,16.377058,-0.351009,-0.127356,-0.459649,7.668000,43.608977

-1.002767,-2.669116,10.359118,16.385881,-0.064295,0.298451,-0.446592,7.672000,43.608977

-1.541647,-2.841557,8.500583,16.377058,-0.898589,-0.024502,-0.429539,7.668000,43.608977

3.660336,3.864498,12.588881,16.397646,-0.130910,0.337621,-0.383441,7.680000,43.608977

2.103573,2.542447,7.650351,16.382940,0.228281,-0.064205,-0.437000,7.672000,43.608977

-4.252809,-6.093993,9.769943,16.394705,0.265319,0.222775,-0.387438,7.676000,43.608977

-1.620682,4.970997,16.732265,16.394705,-0.518613,-0.133485,-0.358393,7.684000,43.608977

6.977437,6.829532,9.274175,16.394705,0.592002,-0.063405,-0.262467,7.684000,43.608977

-2.243387,-0.844111,9.123288,16.368235,0.497408,-0.024768,-0.252608,7.684000,43.608977

-7.189103,0.566556,11.539863,16.374117,-0.246022,0.189468,-0.226228,7.676000,43.608977

2.321520,7.840230,2.400468,16.388823,0.930143,-0.240336,-0.447925,7.680000,43.608977

-0.133375,-9.540426,9.911250,16.379999,-1.311073,-0.300290,-0.207043,7.660000,43.608977

-2.336793,-4.398319,15.949094,16.400587,0.044155,0.475382,-0.215303,7.668000,43.608977

-4.216884,4.671619,11.805710,16.379999,0.063874,0.187602,-0.412219,7.672000,43.608977

4.074674,4.827296,4.409890,16.397646,0.402014,-0.752744,-0.385839,7.664000,43.608977

-1.745224,-5.171911,8.002419,16.391764,0.183782,0.040782,-0.145490,7.668000,43.608977

-4.082763,2.544842,14.284555,16.379999,-0.446136,0.255550,-0.064485,7.676000,43.608977

1.902391,3.584280,8.965217,16.379999,0.155270,-0.055411,-0.041037,7.680000,43.608977

-1.462611,3.593861,12.442785,16.385881,0.028967,-0.442848,-0.135631,7.676000,43.608977

2.046093,3.284903,10.483660,16.374117,0.141947,0.074622,0.056755,7.680000,43.608977

-1.706903,-1.234499,11.206955,16.385881,0.007650,-0.143610,-0.011992,7.676000,43.608977

-0.863856,4.511153,8.479028,16.374117,0.287969,-0.317344,0.032774,7.672000,43.608977

2.304755,0.243228,8.155700,16.379999,0.186713,-0.511329,0.192385,7.668000,43.608977

-5.656291,-0.274096,0.781435,16.379999,0.220021,-0.140413,0.383438,7.672000,43.608977

-4.743788,3.924373,7.552155,16.377058,-0.472249,-0.238738,0.531858,7.664000,43.608977

2.503541,2.005963,17.891455,16.382940,0.405745,-0.137482,0.596342,7.680000,14.126470

0.635426,-1.409335,9.413086,16.374117,-0.005940,-0.413803,0.598473,7.680000,14.126470

-4.868329,1.170101,1.167033,16.377058,0.685797,-0.181981,0.595542,7.676000,14.126470

-2.552345,7.471397,7.458749,16.394705,-0.616405,-0.353050,0.890250,7.684000,14.126470

6.733146,4.171061,6.191784,16.371176,0.428394,-0.274177,1.126336,7.672000,14.126470

-6.458622,-5.042580,13.441508,16.359411,-0.626797,-0.124425,1.261432,7.668000,14.126470

-3.038534,7.813886,13.407978,16.382940,0.547237,0.053838,1.281683,7.676000,14.126470

-0.504603,4.982972,2.508244,16.377058,0.033230,-0.284036,1.090896,7.676000,14.126470

0.920433,0.470755,10.787827,16.374117,-0.583364,-0.140146,1.117276,7.660000,14.126470

-0.847091,-4.333654,13.954042,16.374117,0.071867,-0.001053,1.114078,7.664000,14.126470

-3.230135,2.099368,11.860796,16.379999,-0.357670,0.154827,1.049061,7.668000,14.126470

1.976637,2.652618,8.567643,16.371176,0.302357,-0.095914,0.767411,7.680000,49.153415

2.228114,-5.171911,4.649392,16.374117,0.266918,-0.286967,0.703460,7.676000,49.153415

-1.338070,4.070470,10.440549,16.368235,-0.202855,0.992852,0.770875,7.680000,49.153415

4.127365,8.319234,9.008327,16.371176,-0.208185,0.534803,0.433000,7.676000,49.153415

4.386026,-0.063334,11.496753,16.388823,0.300226,0.665903,-0.418347,7.688000,49.153415

4.812340,10.927411,0.398232,16.377058,0.409475,0.325363,-1.086102,7.688000,49.153415

3.272343,-0.329181,9.537626,16.362352,-0.622534,0.543863,-1.219867,7.668000,49.153415

3.650755,-1.421310,11.623689,16.377058,0.245068,0.513752,-1.299805,7.668000,49.153415

-0.952472,-4.812658,14.313295,16.379999,-0.104264,0.436212,-1.328583,7.680000,49.153415

4.122574,7.993512,10.241762,16.382940,0.258125,0.324564,-1.280087,7.680000,49.153415

3.207677,7.761195,5.118815,16.377058,0.176321,0.243559,-0.758354,7.668000,49.153415

-0.404013,-0.321996,7.535390,16.365294,0.237874,0.057835,-0.555309,7.668000,49.153415

-2.842142,3.081326,11.350657,16.371176,-0.385116,0.095406,-0.324286,7.680000,38.829886

1.471288,10.999261,6.000182,16.371176,0.397218,0.091942,-0.107386,7.676000,38.829886

-3.484008,-3.078664,5.997787,16.391764,-0.936960,-0.379163,-0.000001,7.676000,38.829886

2.601737,5.785304,10.763877,16.362352,0.003120,0.457529,0.201178,7.680000,38.829886

3.693866,-9.502106,37.820412,16.374117,-1.111759,-0.214756,0.240881,7.684000,38.829886

6.896007,0.310289,13.108601,16.374117,1.095883,0.541997,-0.070081,7.700000,38.829886

-5.914952,6.451119,4.953559,16.368235,0.833417,0.238230,-0.102323,7.700000,38.829886

-5.838312,8.041412,0.676054,16.368235,-0.059499,-0.394352,-0.074078,7.688000,38.829886

0.855768,1.368887,13.077465,16.359411,-0.456528,-0.157467,-0.050629,7.680000,38.829886

4.318966,-4.994679,11.077624,16.362352,0.468364,-0.095647,-0.051162,7.688000,38.829886

-4.511471,2.741234,3.154899,16.377058,0.043089,0.042114,0.152682,7.688000,38.829886

0.616266,-2.123051,10.244158,16.371176,0.013512,-0.199301,0.290976,7.680000,38.829886

-2.511630,-0.733940,4.773932,16.374117,0.315414,-0.100444,0.254470,7.684000,38.829886

-2.549950,-1.062057,10.821357,16.362352,-0.403502,-0.161197,0.369049,7.680000,38.829886

0.894088,1.019215,19.347626,16.371176,0.300226,0.212383,0.672284,7.680000,38.829886

3.083136,6.364898,6.687553,16.374117,0.352985,0.151097,0.689604,7.692000,38.829886

-3.730695,13.449367,1.425695,16.371176,1.001289,0.225707,0.428470,7.684000,38.829886

-0.614774,-0.705199,13.293017,16.371176,-0.197793,-0.291764,0.305898,7.692000,38.829886

0.019906,-9.995480,15.817368,16.379999,-1.191698,0.032788,0.337873,7.680000,38.829886

5.748793,11.564486,8.021579,16.362352,0.690593,0.459128,0.166538,7.676000,38.829886

-2.272128,-2.295492,6.747428,16.368235,-0.363532,-0.227280,-0.131900,7.656000,38.829886

-3.048114,0.758158,10.227392,16.362352,-0.298249,0.256083,-0.310697,7.648000,38.829886

2.532281,-5.351537,7.247987,16.362352,-0.620935,-0.083390,-0.367453,7.648000,38.829886

-1.951195,0.039652,11.580578,16.341763,-0.559382,0.354674,-0.352798,7.648000,38.829886

-0.334557,3.675291,10.751902,16.365294,0.382563,0.484175,-0.487361,7.652000,21.859374

1.301241,6.118211,7.456354,16.356470,0.247999,-0.065271,-0.584354,7.664000,21.859374

-2.995424,0.152218,1.511916,16.359411,0.167527,0.007207,-0.431937,7.664000,21.859374

-0.744105,-0.860876,11.499147,16.347647,0.261056,-0.123093,-0.441530,7.668000,21.859374

-1.556017,6.951678,11.513517,16.341763,-0.200990,0.246224,-0.161478,7.672000,21.859374

3.689076,-0.190270,4.587121,16.356470,-0.403768,-0.201699,-0.163076,7.672000,21.859374

-1.821864,3.629786,12.952925,16.359411,-0.034185,0.338953,-0.144690,7.680000,21.859374

-2.188302,1.450318,14.200729,16.356470,0.067871,0.267808,-0.240084,7.680000,21.859374

-2.602640,-4.163608,2.285507,16.350588,0.167794,-0.100710,-0.546782,7.680000,21.859374

-2.164352,-0.633349,10.931528,16.353529,-0.501293,-0.069800,-0.450589,7.676000,21.859374

-2.648146,5.038058,7.109076,16.362352,0.172324,0.083682,-0.411419,7.676000,21.859374

0.570760,-5.294057,9.180769,16.362352,-0.507422,0.120720,-0.211839,7.672000,21.859374

-2.511630,10.446012,9.477751,16.356470,0.026036,0.236365,-0.392767,7.668000,21.859374

1.447338,-9.200334,19.558388,16.356470,-0.300114,-0.601659,-0.522534,7.664000,21.859374

-5.673056,-0.230986,20.166723,16.353529,0.360446,0.135642,-0.462314,7.672000,21.859374

6.443348,7.009159,4.754772,16.359411,1.056713,-0.175852,-0.673352,7.676000,21.859374

-3.311566,-1.404545,2.802831,16.353529,-0.800531,-0.249929,-0.368785,7.672000,21.859374

0.616266,5.107513,8.804750,16.362352,0.024704,0.450334,-0.206510,7.660000,21.859374

-2.255363,-1.038107,11.853611,16.350588,-0.068558,-0.154802,-0.486828,7.672000,21.859374

-2.133217,0.844378,9.087363,16.353529,0.124893,-0.231543,-0.550246,7.672000,21.859374

-2.327213,-4.314494,11.118340,16.335880,-0.724589,-0.292829,-0.429006,7.676000,21.859374

-2.863698,-0.417797,18.015995,16.341763,-0.169281,-0.121761,-0.268596,7.680000,21.859374

-3.194210,0.631221,13.954042,16.327057,0.074799,-0.279240,-0.193986,7.672000,21.859374

4.596788,5.267980,7.324628,16.353529,0.650091,-0.285102,0.054357,7.668000,21.859374

-1.807494,-1.301559,9.111313,16.347647,-0.190332,-0.161463,0.382639,7.680000,21.859374

-3.682794,7.346857,8.725715,16.344706,0.339396,-0.339194,0.417279,7.676000,21.859374

-0.626749,-1.371015,10.967453,16.359411,-0.241759,-0.404744,0.508409,7.676000,21.859374

-0.030389,3.550750,11.388977,16.350588,0.279975,-0.089519,0.640841,7.680000,21.859374

-4.401300,0.813243,7.940148,16.347647,-0.483440,-0.201433,0.502813,7.680000,21.859374

0.601896,5.871524,11.714700,16.338821,0.119831,-0.057543,0.544382,7.676000,21.859374

2.448456,4.741075,9.877720,16.324116,0.414538,-0.348787,0.329080,7.680000,21.859374

-0.487838,-2.254777,6.318720,16.341763,0.086523,-0.321874,0.272590,7.684000,21.859374

-3.076854,1.309012,8.617939,16.318233,-0.465587,0.239030,0.389833,7.676000,21.859374

3.159777,1.244346,12.109878,16.329998,-0.074420,-0.134817,0.266728,7.684000,21.859374

-1.345255,5.634418,7.865902,16.318233,0.641831,0.087679,0.031441,7.676000,21.859374

1.344352,-5.885626,8.867022,16.315292,-0.448267,-0.051681,0.078072,7.684000,21.859374

1.706000,4.920702,10.890813,16.335880,0.020440,0.157492,0.187322,7.676000,21.859374

-4.293524,-4.017511,11.036909,16.312351,-0.140237,-0.019972,-0.022118,7.668000,21.859374

-0.993187,8.704832,9.305309,16.335880,0.164596,0.517217,0.075408,7.680000,21.859374

-2.018256,-1.145883,6.907895,16.327057,-0.568708,-0.261120,-0.009061,7.672000,21.859374

2.731068,3.057376,12.627202,16.335880,-0.183404,-0.031963,0.149218,7.660000,21.859374

1.018629,-0.719570,7.758127,16.327057,0.188578,0.025860,0.119374,7.672000,21.859374

-1.896110,1.218001,4.872128,16.321175,-0.579100,-0.142545,0.269392,7.664000,21.859374

1.052159,-1.838044,21.237297,16.338821,0.178452,0.171881,0.319487,7.676000,21.859374

1.488053,2.925650,7.121051,16.327057,0.536578,0.365066,0.164406,7.680000,21.859374

-4.698283,3.953113,2.251977,16.324116,-0.215646,-0.167859,0.132431,7.676000,21.859374

4.386026,-0.911171,16.380198,16.306469,-0.172212,-0.157999,0.226758,7.672000,21.859374

1.595829,6.158927,8.804750,16.329998,0.759874,0.284328,0.014388,7.684000,21.859374

-3.512748,-1.861994,8.687394,16.318233,-0.131976,-0.359978,-0.003732,7.684000,10.837255

1.351537,-2.745756,13.067885,16.329998,-0.656108,0.219578,0.232087,7.676000,10.837255

-6.013148,-2.060781,3.708149,16.318233,-0.372592,0.099670,0.051159,7.684000,10.837255

-1.824259,1.749696,7.042016,16.332939,-0.345679,0.475648,0.079138,7.680000,10.837255

-0.849486,-3.421152,14.624648,16.321175,-0.005140,0.113259,0.046363,7.684000,10.837255

2.893929,8.625797,10.512400,16.318233,0.410808,0.041048,0.006660,7.684000,10.837255

-3.565438,-2.115866,0.838915,16.324116,0.233077,-0.363975,-0.118844,7.680000,10.837255

-5.086276,4.060890,9.072993,16.318233,-0.365930,0.271805,0.345601,7.684000,10.837255

1.157540,-1.890734,15.098862,16.321175,-0.453330,0.035452,0.217432,7.688000,60.676601

0.910853,5.203314,10.476475,16.329998,0.905629,0.196929,0.047695,7.684000,60.676601

-5.546119,-5.174306,7.743757,16.327057,-0.020861,-0.223016,-0.001067,7.688000,60.676601

-3.536698,3.323223,2.917792,16.315292,-0.379786,-0.015442,0.233420,7.680000,60.676601

-1.148864,-4.680932,8.258686,16.318233,-0.065894,-0.102575,0.139891,7.676000,60.676601

-4.008517,-0.460907,13.031960,16.321175,-0.356871,0.123918,0.155613,7.676000,60.676601

3.334613,1.045560,16.796930,16.297646,0.124893,-0.030097,0.043965,7.680000,60.676601

4.026773,-3.205600,9.650192,16.303528,0.313815,-0.322140,0.043965,7.688000,60.676601

-1.800309,4.154295,12.916999,16.332939,-0.048041,0.419958,0.016253,7.696000,60.676601

-0.193251,4.508758,4.903264,16.315292,0.527252,0.043713,-0.226494,7.688000,60.676601

1.873651,2.233490,11.422507,16.312351,-0.215646,-0.056211,-0.290179,7.688000,60.676601

1.006654,4.676410,4.721242,16.332939,0.101711,0.371994,-0.327484,7.684000,60.676601

-1.520092,-7.756137,12.790063,16.315292,-0.725122,0.023461,-0.461781,7.676000,60.676601

0.319283,5.909845,12.576906,16.329998,0.430792,0.207054,-0.575294,7.688000,60.676601

2.661613,-1.059662,2.433998,16.318233,0.171258,-0.001320,-0.631784,7.684000,60.676601

-0.387247,-1.840439,7.111471,16.294704,-0.555652,0.058635,-0.448458,7.684000,36.169705

-2.545160,-1.636862,13.781601,16.309410,-0.043777,0.186270,-0.241949,7.688000,36.169705

2.848424,3.514825,11.379396,16.294704,0.068137,-0.143344,-0.031710,7.692000,36.169705

-1.450636,10.742994,5.901987,16.300587,0.275711,0.235033,0.042899,7.684000,36.169705

1.109640,0.178563,9.985496,16.309410,-0.262010,-0.136416,0.355993,7.688000,36.169705

-2.164352,5.394916,8.409573,16.318233,0.001521,0.074889,0.450054,7.684000,36.169705

-0.181276,-1.866784,9.908854,16.315292,-0.186868,-0.227546,0.289110,7.684000,36.169705

0.987494,-2.027250,12.514636,16.338821,-0.105330,-0.070067,0.351996,7.680000,36.169705

-1.570387,2.037098,8.766430,16.312351,-0.387780,0.018665,0.280584,7.684000,36.169705

0.973124,2.494547,6.474396,16.303528,-0.103998,0.061299,0.144688,7.680000,57.345380

0.989889,0.425250,7.446774,16.312351,-0.055235,0.175612,0.022914,7.680000,57.345380

-0.890202,-4.628241,11.884746,16.309410,-0.386448,0.278733,-0.123906,7.684000,57.345380

-0.317792,2.540052,11.501543,16.318233,0.059077,0.155627,-0.387971,7.688000,57.345380

1.495238,3.208262,10.639336,16.315292,-0.180206,0.280598,-0.301903,7.692000,57.345380

-0.291447,1.265902,11.012959,16.309410,0.136884,0.129514,-0.502550,7.688000,57.345380

0.594711,-4.130077,8.462263,16.312351,-0.104264,-0.086321,-0.466577,7.684000,57.345380

-2.957103,3.993829,9.449011,16.312351,-0.247088,0.437544,-0.217435,7.688000,57.345380

2.632872,-0.748310,9.717253,16.312351,-0.197793,-0.020771,-0.375447,7.688000,57.345380

-1.340465,3.751932,14.227075,16.315292,0.132354,0.123118,-0.428473,7.688000,57.345380

-0.712970,1.570069,7.422824,16.306469,-0.352341,-0.069267,-0.181729,7.684000,57.345380

2.268829,0.564161,10.126801,16.300587,-0.035783,0.108197,-0.134831,7.692000,57.345380

0.201927,3.217843,13.590000,16.291763,-0.123183,-0.075663,-0.152951,7.692000,57.345380

1.337167,-0.839321,11.841636,16.282940,0.357782,-0.025834,-0.111649,7.692000,37.448325

-2.351163,2.865775,12.708632,16.291763,-0.162620,-0.034894,-0.065818,7.696000,37.448325

4.275856,4.048914,3.744074,16.291763,0.492878,-0.312015,0.023447,7.696000,37.448325

-5.617970,-1.157858,8.170071,16.297646,-0.170080,0.277933,0.040501,7.692000,37.448325

-0.720155,4.518338,7.772497,16.279999,-0.273468,0.086613,-0.079141,7.696000,37.448325

3.011285,1.979617,10.627360,16.291763,-0.038981,-0.126557,-0.259802,7.688000,37.448325

-1.256639,-1.742243,9.381950,16.291763,0.279175,-0.098045,-0.279520,7.692000,37.448325

0.122892,0.465965,8.308981,16.303528,0.509665,0.001612,-0.181196,7.692000,37.448325

-2.154772,-0.250146,11.369817,16.285881,-0.266007,-0.221684,-0.078075,7.688000,37.448325

2.132313,-2.887062,17.026854,16.306469,-0.277998,-0.008248,0.221163,7.696000,37.448325

-1.230294,8.810213,11.048884,16.303528,0.655154,0.321100,-0.041037,7.704000,37.448325

-3.337911,6.252333,-9.296807,16.300587,0.516593,-0.321874,-0.230758,7.700000,37.448325

-5.277877,-1.006972,8.479028,16.279999,-1.502126,0.033321,0.208905,7.692000,37.448325

1.459313,-4.788708,19.793100,16.300587,-0.219909,0.215847,0.039702,7.692000,37.448325

2.261644,2.496942,16.686760,16.294704,0.448379,-0.393286,-0.361857,7.700000,37.448325

1.629359,2.269415,7.700646,16.282940,0.866992,-0.629904,-0.226494,7.700000,37.448325

-4.054022,-2.767311,2.299877,16.282940,0.007916,0.354408,0.085267,7.700000,37.448325

-4.396510,-4.750387,14.318086,16.312351,-1.318267,-0.094848,0.041300,7.696000,37.448325

5.528451,6.036781,11.556628,16.312351,0.956789,0.069293,-0.128969,7.700000,37.448325

-2.894833,1.711375,9.961545,16.306469,0.608256,-0.507598,-0.343205,7.708000,37.448325

0.343234,-5.476078,9.535232,16.279999,-0.256947,-0.199035,-0.023983,7.700000,37.448325

1.447338,1.160521,10.696816,16.291763,-0.205786,-0.163595,-0.002666,7.708000,1347.224127

-1.088988,3.181917,8.610754,16.288822,0.301558,0.091676,-0.021585,7.708000,1347.224127

-1.577572,11.698606,1.631667,16.285881,0.339662,-0.193705,-0.088733,7.704000,1347.224127

2.853214,1.720955,6.833649,16.300587,0.066272,-0.338128,-0.038105,7.696000,1347.224127

-1.606312,-6.050883,15.688037,16.294704,0.097714,-0.050615,0.226758,7.708000,1347.224127

-2.712811,1.989197,12.691868,16.279999,-0.608678,-0.214756,0.059420,7.700000,1347.224127

0.367184,4.515944,10.172307,16.285881,-0.125848,0.483376,0.260599,7.700000,1347.224127

-2.566715,3.210657,12.023657,16.285881,-0.669431,0.101801,0.291509,7.696000,1347.224127

2.860399,-1.136303,21.582180,16.285881,-0.087477,-0.057543,0.085000,7.696000,1347.224127

-0.087870,7.440262,7.698251,16.282940,0.159267,-0.189709,-0.072479,7.696000,1347.224127

-1.132098,3.572305,11.839240,16.291763,0.209629,-0.032496,0.035172,7.692000,1347.224127

0.084571,-3.639098,9.343630,16.271175,-0.510886,-0.344257,0.128434,7.688000,1347.224127

1.981427,6.199642,7.475514,16.277058,-0.191930,0.196396,0.389833,7.692000,1347.224127

0.831818,-1.102773,8.486213,16.294704,-0.494365,-0.130820,0.342403,7.688000,1347.224127

-0.732130,-6.819684,11.381792,16.291763,0.044688,-0.118563,0.401025,7.680000,1347.224127

-0.461493,1.804781,11.812895,16.277058,0.495276,0.093008,0.258201,7.696000,1347.224127

1.586249,1.225186,9.935200,16.274117,-0.794136,-0.478820,0.306697,7.692000,1347.224127

0.333654,7.025924,4.100932,16.274117,0.427595,0.462059,0.263797,7.704000,1347.224127

-0.291447,-2.590080,9.784313,16.268234,-0.316368,-0.238738,0.148152,7.700000,1347.224127

2.002982,4.056099,13.168476,16.271175,0.382829,0.167618,0.092195,7.700000,1347.224127

-0.588429,-3.813935,13.661850,16.277058,0.099047,-0.029298,-0.024249,7.704000,1347.224127

-0.145350,8.130028,8.148515,16.282940,0.225350,0.272071,-0.111116,7.700000,1347.224127

0.355209,-0.480068,-1.762076,16.285881,0.954125,-0.342658,-0.213171,7.700000,23.427277

-4.372560,-3.605568,11.635664,16.262352,-1.487471,-0.032229,0.167337,7.696000,23.427277

6.474483,0.818033,14.718054,16.271175,0.059344,0.375458,0.261398,7.688000,23.427277

-0.918942,3.383099,9.034673,16.274117,0.440385,0.109795,0.061285,7.692000,23.427277

-3.735485,9.116776,-5.790499,16.279999,0.009249,-0.109503,0.149218,7.684000,23.427277

-0.305817,-12.754542,19.129681,16.282940,-0.960675,-0.581408,0.289377,7.684000,101.308430

-0.957262,7.090590,15.965859,16.265293,0.133154,0.760230,0.387169,7.688000,101.308430

0.189952,-0.939911,11.080019,16.250587,-0.038714,-0.486281,0.120440,7.692000,101.308430

1.703605,3.198682,9.379556,16.265293,0.688995,-0.199301,0.168936,7.696000,101.308430

-5.103041,-4.110917,8.950847,16.274117,-0.278531,0.242227,0.318421,7.700000,101.308430

-0.358507,9.526324,7.853928,16.277058,-0.242025,0.174279,0.277386,7.696000,101.308430

5.593116,4.228541,5.887617,16.253529,0.368973,-0.073531,0.170002,7.704000,101.308430

-4.743788,-7.732186,10.464499,16.268234,-0.325428,0.283262,0.030908,7.696000,101.308430

0.230668,4.377032,16.210150,16.265293,-0.279064,0.362668,0.030375,7.696000,101.308430

-3.701954,0.889884,6.421706,16.262352,-0.235630,0.364800,-0.131367,7.700000,101.308430

0.822237,3.804622,8.972402,16.279999,-0.580166,0.255817,-0.177732,7.692000,101.308430

3.023261,1.285062,9.877720,16.265293,0.691393,-0.014643,-0.352531,7.700000,101.308430

-1.805099,3.933954,7.509045,16.262352,0.057212,0.027991,-0.362657,7.704000,101.308430

1.464103,-1.593752,13.843872,16.268234,-0.019796,0.026659,-0.298972,7.704000,101.308430

-1.982330,-0.975837,13.743281,16.262352,0.221619,0.096206,-0.493756,7.700000,101.308430

-0.780031,-0.010644,10.246552,16.288822,0.137417,-0.111901,-0.479900,7.704000,101.308430

-2.078131,6.494229,4.045846,16.288822,0.088655,0.174812,-0.531860,7.708000,101.308430

4.357286,-7.102296,13.039145,16.256470,-0.610010,-0.470560,-0.616595,7.692000,101.308430

2.941830,5.885894,12.926579,16.262352,0.204033,0.028258,-0.501217,7.692000,30.030385

2.103573,10.067598,8.249105,16.262352,0.565889,0.232901,-0.342939,7.700000,30.030385

-0.557294,-4.779128,11.451247,16.262352,-0.441872,-0.883577,-0.373582,7.700000,30.030385

-2.317633,-1.215339,14.571958,16.259411,0.167261,0.290990,-0.040237,7.700000,30.030385

0.156422,3.335198,13.307387,16.262352,0.402281,0.050907,-0.071413,7.708000,30.030385

-0.013624,1.574859,3.401586,16.247646,0.430259,-0.143078,-0.073012,7.708000,30.030385

-1.915270,5.315880,4.129672,16.268234,-0.435211,-0.053546,0.193450,7.708000,30.030385

0.043856,-1.191388,9.549602,16.274117,0.062541,0.141238,0.320287,7.712000,30.030385

-1.908085,-2.293097,13.889378,16.247646,-0.278531,0.149498,0.329613,7.708000,30.030385

-0.495023,1.435948,14.337246,16.256470,0.666345,0.083948,0.197447,7.708000,30.030385

1.155145,2.508917,8.023974,16.259411,0.177920,-0.085522,0.088198,7.712000,30.030385

-3.246901,-1.675182,8.814330,16.241764,0.582143,-0.004784,0.095126,7.716000,30.030385

-5.989198,-3.495397,3.768024,16.250587,-0.253217,0.320301,0.020250,7.708000,30.030385

0.633031,7.782750,9.369975,16.259411,-0.466653,0.265942,-0.022118,7.708000,30.030385

4.378841,0.765343,6.654023,16.253529,0.400949,-0.331200,-0.315759,7.704000,30.030385

-0.540529,-5.226996,5.605004,16.256470,-0.140770,0.005076,-0.318690,7.704000,30.030385

-1.991910,-0.652509,9.686118,16.241764,-0.658506,0.158558,-0.191321,7.704000,30.030385

-0.269891,-0.489648,8.244316,16.262352,-0.346745,0.391713,-0.243814,7.700000,30.030385

-1.728458,3.854918,8.395202,16.256470,-0.130644,0.275535,-0.255272,7.696000,30.030385

1.655704,3.421419,14.064214,16.253529,-0.280396,-0.025834,-0.264332,7.700000,30.030385

1.876046,1.320987,12.533796,16.253529,0.418535,0.071691,-0.364256,7.704000,25.674437

-1.110543,-0.168715,9.868139,16.241764,-0.072289,0.082350,-0.390635,7.712000,331.998556

-0.837511,0.451595,5.640929,16.259411,0.050284,0.103667,-0.309364,7.712000,331.998556

0.324073,3.826177,14.943186,16.250587,-0.441606,0.229703,-0.330681,7.700000,331.998556

5.363194,1.282667,11.405742,16.238823,0.414538,0.015201,-0.580090,7.708000,331.998556

-3.026559,-3.296611,10.181887,16.244705,0.331935,0.045045,-0.463913,7.704000,331.998556

-0.918942,8.932360,6.009762,16.232941,-0.289189,0.064230,-0.220899,7.704000,331.998556

3.049606,-4.721647,6.498346,16.241764,-0.130910,-0.137482,-0.257671,7.704000,331.998556

-4.370165,1.955667,16.399357,16.253529,0.141148,-0.032229,-0.349867,7.708000,331.998556

0.333654,-1.074032,9.058622,16.253529,0.796379,0.085014,-0.416216,7.712000,331.998556

-2.801427,1.179681,8.550879,16.238823,0.102244,-0.217687,-0.327484,7.712000,331.998556

-1.364415,4.872801,9.219090,16.241764,0.051616,0.018665,0.257401,7.720000,331.998556

-4.803663,2.271810,11.108760,16.235882,0.115567,0.030390,0.259800,7.720000,331.998556

-0.442333,3.665711,7.291098,16.244705,0.206431,-0.285369,0.326149,7.720000,331.998556

-0.748895,-3.212785,7.971283,16.250587,0.347923,-0.072998,0.228357,7.720000,331.998556

-3.472033,-0.504018,10.112432,16.227058,-0.041646,0.070892,0.108182,7.724000,331.998556

-3.872001,-1.184203,9.928015,16.224117,-0.495964,-0.524918,-0.076743,7.708000,331.998556

2.740648,7.023529,6.467211,16.247646,0.754011,0.119654,-0.144158,7.712000,331.998556

-1.280590,-7.792062,12.531401,16.244705,-0.459725,-0.413271,-0.301637,7.716000,331.998556

-1.656608,6.585240,13.055910,16.238823,0.249331,0.430616,-0.258470,7.712000,331.998556

0.609081,5.356595,2.565724,16.256470,-0.139171,-0.069800,-0.257671,7.712000,331.998556

0.788707,5.402101,6.989326,16.235882,0.700452,-0.457503,-0.519337,7.700000,24.328428

-1.378785,-4.051042,3.106999,16.232941,-0.409097,-0.546235,-0.327484,7.700000,24.328428

-3.392997,-3.045134,13.992363,16.224117,-0.636390,0.069027,-0.127104,7.700000,24.328428

1.375487,11.372884,9.827424,16.212351,0.079062,-0.119096,-0.270727,7.700000,24.328428

1.856886,-0.159135,7.082731,16.227058,0.247200,-0.554229,-0.274724,7.700000,24.328428

-5.098251,-7.365748,10.325588,16.238823,-0.158090,-0.157200,-0.012792,7.700000,24.328428

-1.745224,-3.322956,6.261240,16.250587,0.191776,-0.496940,-0.019453,7.704000,24.328428

-3.431317,2.101763,9.096943,16.247646,-0.483707,-0.177451,0.406887,7.704000,24.328428

2.807709,2.195169,10.878838,16.235882,-0.030721,-0.443647,0.603803,7.704000,24.328428

-1.929640,-0.513598,9.987890,16.241764,0.324207,-0.123093,0.591812,7.712000,24.328428

-1.893715,5.469161,7.010880,16.241764,0.448112,-0.359445,0.780734,7.712000,24.328428

-3.874396,-0.032199,3.004013,16.241764,0.128091,-0.302955,0.694666,7.716000,24.328428

0.043856,-1.881154,6.917475,16.253529,0.076664,-0.534777,0.806048,7.712000,24.328428

1.660494,-1.902709,9.326865,16.238823,-0.341416,-0.136949,0.902507,7.716000,24.328428

-3.196605,1.917347,9.935200,16.250587,0.028967,0.107131,0.721313,7.712000,24.328428

-0.174091,1.160521,12.387700,16.238823,0.071601,-0.090584,0.575824,7.716000,24.328428

2.927460,3.641761,10.301638,16.250587,0.513396,0.066895,0.414614,7.724000,24.328428

0.944383,2.949600,8.948452,16.227058,0.267184,-0.044486,0.173199,7.716000,24.328428

1.689234,-3.301401,7.631191,16.227058,0.046287,0.027725,0.259267,7.720000,24.328428

-4.576137,1.158126,16.363432,16.230000,0.018308,0.290457,0.369049,7.720000,24.328428

0.759967,5.320670,8.117380,16.238823,0.009249,0.058102,0.351996,7.720000,24.328428

0.254618,-2.221247,8.943662,16.232941,-0.497030,-0.112168,0.434332,7.716000,23.996542

3.001705,3.586675,14.339641,16.230000,-0.128779,0.231569,0.595009,7.716000,23.996542

-1.551227,4.132740,4.084167,16.221176,0.042557,0.320301,0.404489,7.712000,23.996542

1.581459,-4.518070,14.708474,16.221176,-0.715529,-0.333065,0.437264,7.708000,23.996542

2.735858,3.038216,14.603093,16.238823,0.171791,0.456197,0.448721,7.712000,23.996542

2.204164,0.111502,15.359920,16.218235,0.410008,0.110062,0.217166,7.712000,23.996542

1.351537,4.072865,3.538102,16.224117,0.370838,0.341618,0.042100,7.720000,23.996542

-0.952472,7.128910,6.409730,16.235882,0.181650,0.026659,-0.104721,7.716000,23.996542

1.516793,-2.846347,6.994115,16.221176,0.172857,-0.057277,0.075408,7.716000,23.996542

-0.612379,1.481453,13.089440,16.215292,0.177920,0.063164,-0.043968,7.716000,23.996542

-0.159721,-1.708713,15.304833,16.215292,0.211760,-0.155068,-0.062620,7.724000,23.996542

-1.790729,1.428763,10.838122,16.215292,0.225883,0.360537,0.086865,7.720000,23.996542

1.150355,1.189261,12.804433,16.232941,0.158734,0.019997,-0.041569,7.724000,23.996542

1.986217,4.048914,5.296047,16.221176,0.486217,0.153229,-0.005064,7.724000,23.996542

-4.736603,1.316197,8.831096,16.235882,0.013246,0.385850,-0.029046,7.728000,23.996542

3.811222,4.992552,12.979270,16.238823,0.022305,0.239296,-0.048764,7.732000,23.996542

1.078505,8.192298,4.299718,16.235882,1.016210,0.415694,-0.176666,7.736000,23.996542

-1.836234,4.211776,10.847702,16.224117,-0.094405,-0.008248,-0.298972,7.732000,23.996542

-1.424291,-5.605409,11.391372,16.218235,-0.104797,0.127115,-0.232090,7.740000,23.996542

3.145406,1.115016,4.881708,16.230000,0.193907,0.217979,-0.326418,7.736000,23.996542

-1.074618,1.833521,13.532519,16.221176,-0.220975,0.401305,-0.276323,7.732000,23.996542

-0.408803,1.344937,15.431769,16.224117,0.015111,0.175079,-0.305367,7.732000,23.996542

0.666561,3.275323,6.220524,16.235882,0.091586,0.073823,-0.358926,7.732000,23.996542

0.115707,0.568951,6.122328,16.227058,-0.042445,0.028791,-0.110583,7.720000,23.996542

-3.270851,-0.444142,13.204402,16.209410,-0.358203,0.148699,-0.093263,7.724000,23.996542

2.024537,4.666830,7.568920,16.224117,0.445714,0.037051,-0.000801,7.724000,23.996542

-1.601522,-5.610199,10.471684,16.224117,-0.457327,-0.219552,-0.159879,7.716000,23.996542

-2.571505,3.253768,6.440866,16.218235,0.217090,0.313373,-0.198782,7.716000,23.996542

0.221088,-2.506254,15.285673,16.224117,-0.565511,0.004809,-0.201447,7.716000,17.944326

-1.407526,6.604400,15.678456,16.232941,0.410541,0.256616,-0.663493,7.728000,17.944326

2.462826,2.365216,0.359911,16.235882,0.876318,0.008273,-0.684277,7.732000,17.944326

-0.583639,-5.243761,10.672866,16.253529,-0.801330,0.157759,-0.449257,7.728000,17.944326

-5.057536,-1.371015,7.698251,16.218235,-0.252417,0.289125,-0.653367,7.732000,17.944326

0.970729,0.224068,11.379396,16.212351,-0.326494,0.374393,-0.540920,7.736000,17.944326

-0.633934,3.090906,8.244316,16.215292,0.652756,0.065563,-0.853214,7.740000,17.944326

-0.775241,-3.746874,12.100298,16.224117,0.104109,-0.063938,-0.748494,7.740000,17.944326

-4.408485,2.951995,2.582489,16.227058,0.405745,0.184938,-0.693870,7.740000,17.944326

-0.217201,-1.759008,6.778563,16.241764,-0.591091,-0.434321,-0.358926,7.740000,17.944326

0.834213,-1.687157,16.883152,16.218235,0.804106,0.342684,-0.077542,7.744000,17.944326

-0.267496,4.012989,16.969372,16.221176,0.165929,-0.357313,-0.196118,7.736000,17.944326

-3.656449,-0.566288,5.684040,16.232941,0.795580,-0.280839,-0.069015,7.740000,43.801977

-8.415353,-0.216615,7.736571,16.206469,-0.574038,-0.029831,0.213435,7.736000,43.801977

1.756295,6.278678,10.596226,16.232941,-0.246289,-0.124692,0.327215,7.720000,43.801977

-0.214806,-1.466816,14.021103,16.224117,-0.147431,-0.291764,0.282982,7.720000,43.801977

1.258131,-1.667997,17.460352,16.224117,-0.261477,-0.378364,0.234752,7.716000,43.801977

-2.075736,5.114698,5.930727,16.218235,0.689261,0.177210,0.255270,7.724000,43.801977

-1.876950,0.652777,3.123764,16.221176,-0.422953,-0.410872,0.278718,7.720000,43.801977

0.726437,-0.841716,11.314732,16.224117,-0.285459,-0.062872,0.443126,7.720000,43.801977

-2.734366,-2.709831,5.530758,16.215292,-0.093073,-0.137215,0.261931,7.716000,43.801977

-0.614774,5.730218,15.221008,16.212351,-0.038981,-0.062872,0.197181,7.716000,43.801977

1.856886,-1.773378,9.286150,16.221176,-0.236696,-0.194505,0.336807,7.724000,43.801977

-1.012347,10.457987,1.483176,16.227058,0.545638,0.278999,0.166271,7.720000,43.801977

-5.869447,-8.812341,14.282161,16.215292,-1.149597,-0.658682,0.164140,7.712000,43.801977

0.894088,1.977222,15.752703,16.212351,-0.027523,0.571042,0.387968,7.720000,43.801977

2.355050,2.223909,7.827582,16.218235,0.583742,-0.159865,0.014388,7.724000,43.801977

-1.026718,7.780354,0.048559,16.212351,0.193907,-0.002652,0.179594,7.728000,43.801977

-3.376232,-3.560063,14.988691,16.221176,-0.517281,-0.108970,0.023181,7.728000,43.801977

-1.074618,-1.263239,11.309941,16.221176,0.354051,0.018665,-0.086602,7.728000,43.801977

-2.516420,1.749696,16.145485,16.203527,-0.224439,0.062365,-0.119643,7.732000,43.801977

2.716698,1.881422,10.390254,16.197645,-0.358469,0.322166,-0.197983,7.736000,43.801977

4.275856,9.887972,6.251659,16.212351,0.631172,0.238230,-0.470041,7.736000,43.801977

-0.272286,4.336317,9.484936,16.203527,0.410275,-0.391687,-0.512675,7.728000,24.414234

-1.841024,-8.247116,5.068520,16.215292,-0.300914,0.005076,-0.368253,7.724000,24.414234

-0.253126,-2.238012,11.872770,16.221176,-0.450399,0.402904,-0.212105,7.732000,24.414234

1.169515,7.181600,16.528688,16.212351,0.015644,0.367731,-0.422078,7.732000,24.414234

2.896324,5.861944,7.156977,16.221176,0.503004,-0.147075,-0.660295,7.740000,24.414234

-3.824100,-5.279686,4.567961,16.224117,-0.412561,-0.552364,-0.555309,7.720000,24.414234

-0.027994,-5.107245,18.981188,16.206469,-0.069891,0.147367,-0.350932,7.732000,24.414234

0.692906,5.023687,11.281200,16.215292,0.108639,0.108729,-0.339741,7.728000,24.414234

1.162330,4.302787,5.145160,16.218235,0.136351,0.187069,-0.284317,7.732000,24.414234

-4.736603,-0.360317,10.941108,16.218235,-0.416025,-0.142012,-0.095128,7.720000,24.414234

-0.722550,2.686148,11.578183,16.218235,-0.227370,0.041847,-0.030645,7.724000,24.414234

0.623451,3.095696,10.138777,16.215292,0.050550,-0.337062,-0.177199,7.724000,24.414234

-1.855394,-3.473842,12.169753,16.206469,0.337531,-0.023436,-0.117778,7.728000,47.283336

-1.587152,0.094737,9.482541,16.212351,-0.220975,-0.160931,-0.043168,7.728000,47.283336

0.393529,4.530313,4.144042,16.206469,-0.157823,0.011471,-0.093530,7.732000,47.283336

1.361117,3.646551,9.413086,16.212351,-0.434411,0.050374,-0.078341,7.724000,47.283336

0.568365,1.462293,10.747111,16.203527,-0.130111,-0.108171,-0.222497,7.732000,47.283336

1.219811,4.554264,16.260447,16.185881,0.097981,0.146834,-0.357328,7.740000,47.283336

-0.593219,2.039493,7.125842,16.203527,0.321276,-0.168924,-0.191321,7.736000,47.283336

0.695301,2.487362,9.973520,16.203527,-0.393376,-0.079926,0.051159,7.728000,47.283336

1.382672,-2.194901,12.349380,16.197645,0.148076,0.151097,0.031175,7.736000,47.283336

-2.420619,-1.526691,5.901987,16.191763,0.085723,-0.198768,-0.180130,7.732000,52.764766

-1.979935,3.040611,9.226274,16.209410,0.077996,-0.149473,-0.132167,7.740000,52.764766

1.145565,7.107355,3.372846,16.206469,-0.308907,-0.029831,0.048228,7.728000,52.764766

0.839003,0.398905,10.069321,16.200586,0.201901,-0.080992,0.073009,7.720000,52.764766

-0.370482,-7.384909,12.435600,16.191763,0.203500,-0.169457,0.046363,7.728000,52.764766

-4.595297,0.952154,11.599738,16.206469,-0.037382,0.032788,0.037836,7.740000,52.764766

3.365748,3.095696,7.228827,16.197645,0.407077,0.110062,0.013322,7.740000,52.764766

-2.866093,-0.139975,8.364067,16.197645,0.162998,0.116990,-0.172669,7.732000,52.764766

-2.770292,0.073182,5.509203,16.182940,0.014844,0.173213,-0.215836,7.724000,52.764766

-1.074618,2.633458,7.738966,16.194704,0.192841,-0.161730,-0.355462,7.728000,52.764766

-0.811166,1.675450,11.664404,16.194704,-0.240160,-0.156667,-0.237952,7.720000,52.764766

-2.734366,-2.393688,9.092153,16.182940,0.037227,0.042647,-0.216635,7.724000,52.764766

-3.536698,2.609508,9.235854,16.188822,-0.660904,0.106331,-0.035707,7.720000,52.764766

1.892811,-2.934963,11.446457,16.215292,0.257059,0.043446,-0.033309,7.724000,52.764766

-2.621801,0.025282,9.745994,16.188822,-0.280129,0.079952,0.009325,7.724000,52.764766

-3.642079,11.023211,4.464975,16.194704,-0.157557,0.323765,0.164672,7.728000,52.764766

1.911971,1.275482,13.898957,16.200586,-0.263342,-0.627240,-0.044767,7.724000,52.764766

2.173028,1.368887,18.023180,16.188822,0.359647,-0.057277,-0.139095,7.736000,52.764766

-0.933312,4.175850,4.167993,16.197645,0.598131,-0.583807,-0.231291,7.736000,52.764766

-6.329291,-3.679814,8.227551,16.200586,-0.421621,-0.248863,-0.197450,7.728000,52.764766

0.134867,-2.436799,16.171831,16.194704,0.151540,0.571841,-0.152151,7.736000,52.764766

-0.988397,6.518180,6.371410,16.200586,0.142480,-0.249130,-0.462847,7.732000,24.710010

-0.734525,0.480335,10.957873,16.185881,-0.275600,-0.382094,-0.105254,7.736000,24.710010

1.284476,-0.841716,11.099179,16.203527,-0.010736,0.185737,-0.027447,7.732000,24.710010

-2.269733,-1.878759,13.362473,16.203527,0.434789,-0.168658,-0.256338,7.732000,24.710010

-5.103041,7.830650,4.517665,16.194704,0.158734,-0.061274,-0.172669,7.732000,24.710010

3.909418,-5.021024,9.290939,16.194704,-0.540197,-0.619246,-0.146556,7.740000,24.710010

-0.863856,4.159085,12.814013,16.203527,-0.044310,0.035719,0.032507,7.740000,24.710010

-0.054340,6.788817,6.747428,16.200586,0.505135,-0.088719,-0.047698,7.736000,24.710010

-1.551227,-1.711108,7.810817,16.197645,-0.590025,-0.365840,0.107383,7.728000,24.710010

2.321520,8.625797,8.399992,16.185881,0.449178,0.039183,0.238216,7.732000,24.710010

-0.044760,-3.394806,13.237932,16.200586,-0.020329,-0.567286,0.166538,7.732000,24.710010

-1.405131,-5.670075,14.665363,16.174116,-0.283594,-0.192906,0.376244,7.724000,24.710010

-0.313002,7.543248,11.496753,16.174116,0.457705,0.307244,0.280317,7.736000,24.710010

-5.855077,-2.032040,3.389611,16.200586,0.085723,-0.564888,0.139092,7.728000,24.710010

0.422269,6.630745,9.231064,16.185881,-0.563113,0.221177,0.545447,7.732000,24.710010

1.432967,3.871683,7.990444,16.194704,0.071867,-0.247797,0.377576,7.732000,24.710010

1.210231,-0.470488,12.461946,16.188822,-0.022727,-0.080459,0.342936,7.732000,24.710010

-1.515302,1.174891,12.797248,16.194704,0.066805,-0.066869,0.264596,7.732000,24.710010

0.034276,0.992869,6.637258,16.188822,0.439586,0.162555,0.178795,7.736000,24.710010

1.401832,4.432117,-0.938189,16.182940,0.113702,0.082083,-0.031710,7.744000,24.710010

-0.013624,-0.108840,9.233459,16.179998,-0.642252,0.192132,0.064749,7.736000,24.710010

4.306991,4.556659,13.716936,16.194704,0.713776,0.166285,0.010657,7.744000,25.108791

-0.463888,4.729100,6.196574,16.179998,0.170459,0.264876,-0.001334,7.752000,25.108791

-4.540211,1.457503,5.724755,16.194704,-0.241492,0.197461,0.022914,7.740000,25.108791

-0.336952,-1.823673,11.278806,16.185881,-0.286258,-0.143610,0.117509,7.736000,25.108791

0.158817,-2.448774,13.779206,16.174116,-0.155159,0.313373,0.359723,7.736000,25.108791

3.854332,7.878551,11.594949,16.177057,0.774795,0.092209,0.208639,7.740000,25.108791

-1.357230,1.062325,3.174059,16.168234,0.808370,0.053039,-0.054626,7.740000,25.108791

-4.322265,2.233490,-3.455355,16.185881,-0.302246,0.073024,-0.051695,7.728000,25.108791

-0.408803,-1.850019,8.756850,16.174116,-0.607345,0.389847,0.064216,7.724000,25.108791

-0.528554,7.289376,13.956438,16.171175,-0.302246,0.646184,-0.144690,7.728000,25.108791

1.902391,-2.003300,13.829502,16.171175,0.331668,0.105265,-0.367187,7.736000,25.108791

2.675983,1.388048,12.064372,16.177057,0.224550,0.321899,-0.337876,7.736000,25.108791

-3.517538,0.849168,3.535707,16.174116,-0.139970,0.124717,-0.507346,7.736000,25.108791

0.079781,0.018096,5.643324,16.174116,-0.341682,0.150564,-0.577425,7.736000,25.108791

-0.339347,-0.240566,17.134628,16.171175,-0.041379,0.431149,-0.658963,7.740000,25.108791

-2.181117,6.278678,6.158254,16.171175,0.746550,0.431149,-0.733572,7.740000,25.108791

-1.512907,3.888448,8.747270,16.185881,-0.392044,-0.184379,-0.685076,7.744000,25.108791

0.393529,1.641920,5.382267,16.177057,-0.179140,0.085547,-0.471640,7.736000,25.108791

0.640216,-5.375487,6.768983,16.179998,-0.505024,-0.530248,-0.349600,7.728000,25.108791

-4.650382,6.475070,10.050160,16.177057,0.466232,0.678693,-0.155882,7.740000,25.108791

-5.347333,-7.638781,-0.696292,16.162352,-1.147198,-0.628306,-0.526798,7.728000,25.050224

0.319283,7.739639,21.783361,16.171175,0.297828,0.119921,-0.270461,7.736000,25.050224

0.084571,1.222791,10.818962,16.177057,1.200070,-0.126024,-0.396498,7.744000,25.050224

-6.858590,-3.181650,6.761798,16.179998,-0.693946,-0.285635,-0.163609,7.744000,25.050224

1.902391,6.261912,1.260439,16.171175,0.418269,-0.333332,-0.212105,7.744000,25.050224

3.813617,0.453990,21.012165,16.171175,0.298094,0.263278,-0.079407,7.740000,25.050224

0.709672,5.052428,8.902946,16.168234,0.535512,-0.613384,-0.219566,7.740000,25.050224

-0.293842,1.902977,-5.064808,16.185881,0.272514,-0.280039,0.109515,7.736000,25.050224

-7.179523,-3.277451,11.906301,16.177057,-0.997447,-0.215555,0.128167,7.728000,25.050224

-1.244664,-0.877641,18.499790,16.174116,0.229347,0.061832,-0.018920,7.736000,25.050224

-2.298473,0.813243,9.111313,16.168234,0.004452,-0.653886,-0.145756,7.736000,25.050224

1.344352,9.595779,3.933280,16.174116,0.172857,-0.080992,0.061285,7.744000,25.050224

-1.065038,-1.229709,7.925778,16.165293,0.011380,-0.189975,0.124437,7.740000,25.050224

-2.171537,0.214488,17.362156,16.162352,0.083325,0.003477,0.193717,7.744000,25.050224

2.572997,2.204749,10.040581,16.156469,-0.236163,-0.236606,0.108449,7.740000,25.050224

2.070043,1.852681,8.785590,16.177057,0.360446,0.053838,0.214767,7.744000,25.050224

-1.836234,5.849969,9.578342,16.179998,0.305022,-0.075130,0.197181,7.740000,25.050224

-4.195329,2.587952,6.958190,16.165293,-0.063762,-0.084989,0.127368,7.740000,25.050224

-2.516420,-6.199374,8.119775,16.182940,-0.472782,-0.156134,0.159610,7.740000,25.050224

3.325033,6.934913,8.699369,16.165293,0.403613,-0.066070,0.133763,7.748000,25.050224

4.033959,5.976905,2.077140,16.165293,-0.749103,-0.141745,0.215833,7.740000,25.050224

0.127682,-4.565971,16.310741,16.185881,-0.590558,0.098071,0.220097,7.736000,25.050224

-0.827931,-1.172228,13.326548,16.156469,0.323408,0.011471,0.006660,7.744000,25.050224

0.934803,-3.660654,14.734819,16.165293,0.029766,0.093808,-0.121508,7.744000,25.050224

-0.962052,-1.318324,19.184765,16.179998,0.079861,0.449002,-0.205710,7.748000,25.050224

-3.891161,4.130345,5.406218,16.174116,0.655687,0.165486,-0.297640,7.748000,25.050224

-3.383417,10.565763,-0.023292,16.194704,0.123561,-0.092716,-0.320556,7.744000,25.050224

1.334772,-3.469052,13.824712,16.182940,-0.005940,-0.034894,-0.002666,7.740000,25.050224

3.054396,2.499337,12.346985,16.159410,0.305289,0.177743,0.115377,7.740000,18.498026

2.383790,5.864339,-0.540616,16.182940,0.086523,0.057036,0.169735,7.736000,18.498026

-5.155731,1.402418,-1.175296,16.171175,-0.614806,0.117789,0.235552,7.724000,18.498026

-3.819310,-10.405028,23.610762,16.179998,-0.166616,-0.359978,0.034905,7.728000,18.498026

4.091439,5.414076,9.434641,16.191763,0.872054,0.176144,0.205708,7.736000,18.498026

-6.417906,5.311090,2.496269,16.182940,-0.258280,-0.014376,0.338406,7.732000,18.498026

-1.108148,3.265743,7.051596,16.177057,-0.318500,-0.237938,0.393031,7.732000,18.498026

2.352655,-3.339721,19.170395,16.156469,-0.391511,-0.297359,0.496418,7.728000,18.498026

-2.937943,-1.885944,16.701130,16.168234,-0.397107,0.248356,0.511074,7.728000,18.498026

-2.882858,10.913040,10.660891,16.168234,0.620247,0.501495,0.093793,7.728000,18.498026

-0.415988,-6.505937,5.930727,16.168234,-0.540730,-0.696787,-0.254739,7.728000,18.498026

-1.776359,4.721915,7.971283,16.171175,-0.493832,0.282996,-0.010926,7.728000,18.498026

0.393529,-4.108522,13.896563,16.168234,-0.365397,0.230236,-0.163609,7.728000,18.498026

-3.057694,-3.892971,9.449011,16.162352,0.058811,0.166552,-0.290712,7.736000,18.498026

-0.684230,3.002291,-1.134581,16.165293,0.707114,0.049575,-0.323220,7.740000,38.286331

-1.249454,14.354684,11.295571,16.177057,0.273047,0.026659,-0.328017,7.740000,38.286331

1.533558,-6.513122,13.393608,16.179998,-0.738445,-0.451641,-0.100991,7.740000,38.286331

3.392094,-0.135185,10.471684,16.177057,1.119065,0.253419,0.025313,7.752000,38.286331

-6.073024,13.609833,1.729863,16.171175,1.066305,0.421556,-0.021318,7.752000,38.286331

-4.228859,1.910162,4.685317,16.156469,-0.833306,-0.511595,-0.137762,7.748000,38.286331

0.774337,-4.676142,20.257734,16.162352,0.232011,0.099403,-0.004531,7.748000,38.286331

-4.791688,-6.386186,16.231707,16.156469,0.147276,-0.087387,-0.238485,7.748000,38.286331

3.066371,8.479701,7.758127,16.177057,-0.199125,-0.229145,0.004529,7.736000,38.286331

1.191071,11.698606,3.430326,16.153528,0.841411,-0.038891,0.275254,7.728000,38.286331

-3.048114,-9.993085,14.473762,16.165293,-0.194062,-0.746615,0.444725,7.712000,38.286331

-4.777318,-0.482463,19.888901,16.171175,0.016710,0.377324,0.702127,7.708000,38.286331

4.977596,3.792647,-0.928609,16.156469,0.476358,-0.669607,0.104185,7.716000,38.286331

3.581300,1.064720,4.333249,16.162352,-0.677958,-0.476689,0.307763,7.708000,38.286331

1.916761,2.954390,18.312979,16.177057,0.520857,-0.010379,0.540385,7.720000,38.286331

1.200651,3.589071,12.531401,16.150587,-0.107462,-0.027966,0.205175,7.720000,38.286331

2.982545,3.471714,4.886498,16.153528,0.016976,0.081550,0.078605,7.724000,38.286331

0.166002,7.277401,8.122169,16.156469,0.391889,0.048775,0.050893,7.728000,38.286331

-2.080526,-1.612912,11.690749,16.156469,0.012979,0.180408,0.012522,7.728000,38.286331

1.114430,1.601204,8.926897,16.171175,-0.144767,0.197994,-0.163609,7.736000,38.286331

0.989889,6.989998,8.878996,16.162352,-0.824779,0.443406,-0.217168,7.728000,38.286331

0.489330,2.393956,16.293976,16.150587,0.301025,0.711468,-0.227027,7.736000,24.071171

0.474960,6.024806,-2.712899,16.156469,0.612520,0.001612,-0.597410,7.728000,24.071171

4.273461,-7.480710,6.421706,16.150587,-0.619336,-0.401813,-0.340540,7.724000,24.071171

-0.574059,-2.642770,15.544335,16.174116,-0.017131,0.421823,0.062084,7.720000,24.071171

1.083295,5.368570,11.166240,16.165293,0.318079,0.538001,-0.164142,7.728000,24.071171

-0.183671,0.331844,9.429851,16.191763,-0.270270,0.128448,-0.136164,7.724000,24.071171

-2.343978,3.672896,6.503137,16.168234,-0.336886,-0.036493,-0.081805,7.716000,24.071171

1.370697,-5.808986,13.870217,16.174116,-0.035517,-0.150272,-0.057824,7.716000,24.071171

-4.233649,1.215606,13.510964,16.182940,0.610388,0.130313,-0.067683,7.716000,24.071171

0.357604,2.061048,2.726191,16.165293,-0.183137,-0.300024,-0.009594,7.720000,24.071171

-0.090265,4.654854,5.284071,16.179998,-0.676892,0.054904,0.115910,7.700000,24.071171

-2.863698,6.412799,16.928658,16.174116,0.326073,0.530540,0.067680,7.716000,24.071171

4.716539,-1.109958,14.399516,16.177057,-0.599618,-0.315479,0.011723,7.720000,24.071171

1.734740,-3.138539,11.501543,16.159410,0.335665,0.264876,0.119107,7.720000,24.071171

-5.857472,8.826979,11.436877,16.159410,0.332201,0.244092,-0.011459,7.708000,24.071171

3.892653,7.948007,-5.277965,16.162352,0.742287,-0.364241,-0.359193,7.712000,24.071171

-6.039494,1.821546,12.174543,16.162352,-1.230601,-0.207029,-0.059156,7.704000,24.071171

5.229074,-11.600143,23.617947,16.162352,0.375102,0.263011,0.025313,7.720000,30.914922

-4.552186,6.851088,8.541298,16.182940,0.442250,0.492435,0.081536,7.728000,30.914922

-3.124755,18.313650,-7.170030,16.171175,0.571218,-0.417267,-0.080207,7.720000,30.914922

0.439034,-2.463144,2.323828,16.188822,-1.135740,-0.895568,0.034905,7.708000,30.914922

-1.443451,-7.657941,23.536516,16.162352,0.161399,-0.072465,0.254204,7.712000,30.914922

-4.257599,16.069517,2.735771,16.156469,1.409243,0.369330,0.355726,7.720000,30.914922

-8.192616,-0.077704,-1.077100,16.165293,-0.822914,-0.861194,0.335208,7.712000,83.835993

0.721647,-4.218693,23.728117,16.150587,-1.026224,0.068227,0.784464,7.716000,83.835993

2.608922,3.593861,19.467377,16.159410,0.857665,0.102068,0.655230,7.720000,83.835993

-5.155731,3.838153,4.220683,16.162352,0.044155,-0.192107,0.614994,7.720000,83.835993

-1.227899,-1.924264,5.193061,16.150587,-0.514350,-0.773794,0.617392,7.716000,83.835993

1.409017,-1.246474,14.310901,16.156469,0.216557,-0.069267,0.766611,7.712000,83.835993

1.329982,2.010753,6.989326,16.188822,0.133420,0.272870,0.948605,7.716000,83.835993

-5.047956,7.473793,10.301638,16.150587,-0.529272,0.586230,0.836158,7.716000,83.835993

-1.366810,-0.808185,11.891931,16.165293,-0.153560,-0.449243,0.335208,7.704000,83.835993

8.958118,4.614139,12.687078,16.162352,0.591469,0.401305,0.340538,7.716000,83.835993

0.561180,11.662682,7.338998,16.165293,0.458505,0.167351,0.106317,7.716000,83.835993

-0.621959,-0.259726,5.296047,16.144705,-0.251085,-0.303488,-0.050096,7.704000,83.835993

-0.130980,-4.422269,8.165280,16.162352,-0.129312,0.067161,-0.118577,7.708000,83.835993

1.646124,3.222633,15.671271,16.165293,0.192308,0.182273,-0.153217,7.708000,83.835993

3.253182,0.485125,9.829819,16.174116,-0.000077,0.020530,-0.074344,7.704000,83.835993

0.786312,6.728941,4.999064,16.162352,0.406011,0.297918,0.075408,7.716000,83.835993

-2.705626,-4.185163,14.674944,16.153528,-0.786675,0.145768,0.264596,7.704000,83.835993

4.491407,8.312049,10.921947,16.162352,0.461969,0.283529,0.290976,7.704000,83.835993

-1.944010,-1.045292,5.300837,16.162352,-0.263076,-0.097779,0.197714,7.696000,83.835993

-0.921337,10.199325,10.603411,16.147646,0.221353,0.214249,0.217965,7.704000,83.835993

0.982704,-2.992443,4.922423,16.150587,-0.140770,-0.306153,0.053025,7.708000,83.835993

1.746715,6.999578,7.676696,16.159410,-0.389113,0.227838,0.161741,7.704000,83.835993

0.132472,-3.751664,11.228511,16.165293,0.123828,0.294720,0.171068,7.708000,22.124174

0.422269,2.846615,12.368540,16.171175,-0.273468,0.217713,-0.065551,7.708000,22.124174

0.003141,3.445369,11.448853,16.162352,0.355384,0.178809,-0.286449,7.716000,22.124174

2.474801,3.205868,8.625124,16.165293,-0.095737,0.253685,-0.274724,7.712000,22.124174

0.348024,3.716007,10.421389,16.150587,0.116900,0.363468,-0.216102,7.708000,22.124174

1.818566,-3.588803,7.806027,16.159410,0.200569,0.136708,-0.172935,7.720000,22.124174

-2.997819,1.598809,6.831254,16.138823,-0.525008,0.328561,-0.089000,7.712000,22.124174

-1.450636,6.278678,13.453484,16.162352,-0.304111,0.293654,-0.059422,7.704000,22.124174

2.917880,-2.379318,5.767866,16.156469,0.358048,0.110861,-0.125505,7.708000,22.124174

-4.703073,-1.821279,13.925303,16.168234,-1.072322,0.237431,-0.059156,7.700000,22.124174

0.779127,-2.055990,15.268909,16.150587,0.922949,0.011471,-0.000001,7.708000,22.124174

-0.708180,-3.121774,11.214140,16.147646,-0.239894,0.333624,0.152415,7.704000,22.124174

-5.251532,9.298798,6.309140,16.150587,-0.231367,0.196129,-0.166540,7.704000,22.124174

3.593275,-0.336366,9.180769,16.168234,0.088388,0.076221,-0.024516,7.696000,22.124174

-0.653095,-3.013998,9.178373,16.159410,-0.222307,0.085014,0.059686,7.704000,22.124174

-0.329767,5.512271,9.844189,16.171175,0.107840,0.370929,-0.047432,7.704000,22.124174

0.489330,4.832086,5.631349,16.165293,0.002054,0.239030,-0.158546,7.700000,22.124174

0.168397,-1.342275,12.243999,16.165293,-0.463189,-0.026900,-0.165208,7.692000,22.124174

-0.550109,4.515944,11.039304,16.171175,0.224817,0.532671,-0.272060,7.696000,22.124174

-0.207621,3.938743,0.973036,16.159410,-0.060831,-0.073531,-0.234755,7.692000,22.124174

-0.327372,-5.413808,13.846267,16.144705,0.023371,0.037850,-0.110317,7.696000,22.124174

-4.085157,1.064720,12.243999,16.162352,-0.272669,0.376791,-0.059955,7.704000,22.124174

0.491725,11.969244,0.676054,16.159410,0.800909,-0.158266,-0.203579,7.712000,22.124174

-2.202672,0.576136,4.733217,16.147646,-1.000378,-0.266983,0.108715,7.696000,22.124174

-3.000214,-1.347065,19.927221,16.159410,-0.009137,0.300050,0.248342,7.700000,21.890699

-0.296237,-4.692907,9.631032,16.153528,-0.001143,-0.049549,0.239548,7.704000,21.890699

0.470170,11.959664,7.360553,16.162352,0.116900,0.033054,0.381306,7.704000,21.890699

-4.252809,1.668265,13.882192,16.162352,-0.637456,0.176144,0.546247,7.696000,21.890699

0.781522,-0.669274,15.673667,16.159410,0.082792,-0.130554,0.343202,7.700000,21.890699

-3.484008,1.450318,9.520862,16.141764,0.534713,-0.171589,0.190786,7.704000,21.890699

-4.137848,-0.789025,3.542892,16.174116,-0.248420,-0.275776,0.108449,7.716000,21.890699

-0.849486,5.318275,11.405742,16.159410,-0.657707,0.126316,0.023447,7.704000,21.890699

1.670074,12.012355,11.235696,16.156469,0.407877,0.384252,-0.059156,7.712000,21.890699

0.850978,-1.703923,10.411809,16.156469,0.010048,-0.203831,-0.095395,7.708000,21.890699

0.175582,-3.119379,11.269226,16.153528,-0.171679,0.104999,-0.123373,7.704000,21.890699

0.415084,6.398429,7.324628,16.156469,0.446247,0.322166,-0.318158,7.708000,21.890699

-1.888925,0.224068,9.686118,16.156469,-0.103198,-0.061274,-0.495888,7.700000,21.890699

3.629200,3.634576,8.795171,16.147646,-0.085612,-0.170257,-0.452455,7.696000,21.890699

-1.364415,-2.173346,11.899116,16.147646,-0.123450,0.077020,-0.400761,7.692000,21.890699

-0.667465,-0.154345,9.825029,16.147646,0.336731,0.042380,-0.551845,7.688000,21.890699

-2.796637,6.149347,7.183322,16.153528,-0.266273,-0.092450,-0.595012,7.692000,21.890699

7.281605,4.523129,6.033712,16.156469,-0.268405,-0.250995,-0.349867,7.688000,21.890699

1.694025,-1.186598,18.605171,16.165293,-0.200457,-0.120428,-0.173468,7.684000,21.890699

-1.692533,0.130662,10.668076,16.156469,0.718838,0.117789,-0.305634,7.692000,21.890699

-1.160839,4.736285,2.690265,16.159410,-0.015266,-0.348520,-0.369585,7.696000,21.890699

-0.499813,3.670501,1.969364,16.159410,-0.494898,-0.049549,-0.013324,7.692000,21.890699

0.326468,6.146952,10.548325,16.159410,-0.713397,-0.098312,0.074875,7.684000,21.890699

3.063976,4.580609,19.225481,16.156469,0.658618,0.089011,-0.100724,7.700000,21.890699

0.570760,8.333605,4.069797,16.159410,0.581877,-0.185445,-0.181995,7.696000,21.519593

-5.368888,4.068075,1.729863,16.150587,-0.210583,-0.195038,0.018651,7.692000,21.519593

-0.480653,-7.202887,13.685801,16.135881,-0.261211,-0.326137,0.269392,7.696000,21.519593

0.747992,-0.274096,23.428740,16.156469,-0.168482,0.140705,0.213702,7.700000,21.519593

1.583854,9.820911,1.780158,16.153528,0.902165,0.129514,0.007460,7.704000,21.519593

-3.845655,4.159085,0.716769,16.141764,-0.190065,-0.145209,0.123371,7.692000,21.519593

1.282081,0.087552,11.012959,16.153528,-0.380053,-0.214223,0.335475,7.700000,21.519593

2.218534,-1.802118,14.885705,16.141764,0.475825,-0.282437,0.190786,7.700000,21.519593

-0.401617,8.704832,4.144042,16.144705,0.447580,0.193997,0.054623,7.708000,21.519593

0.235458,-3.248710,14.459392,16.135881,0.135019,-0.036493,0.240081,7.696000,21.519593

1.112035,-0.288466,10.320798,16.144705,0.009515,0.031189,0.284314,7.704000,21.519593

0.319283,15.983296,6.792934,16.147646,0.524321,0.255284,0.067147,7.704000,21.519593

0.630636,-6.757413,8.898156,16.153528,-0.338218,-0.572882,0.141224,7.692000,21.519593

-0.600404,-2.824792,15.386265,16.144705,0.113969,0.051707,0.344801,7.692000,21.519593

1.394647,1.344937,5.504413,16.141764,0.467564,0.053838,0.187055,7.704000,21.519593

-0.073500,7.794725,12.924184,16.150587,-0.416025,-0.109503,0.178529,7.692000,21.519593

2.383790,-0.139975,14.440231,16.153528,0.127825,-0.092450,0.205974,7.696000,21.519593

1.133590,-4.257013,11.202166,16.153528,0.660217,-0.152937,0.055423,7.684000,21.519593

-4.063602,0.468360,8.158095,16.129999,-0.314237,0.245691,0.137493,7.696000,21.519593

-1.029113,13.475712,-2.873365,16.162352,0.031099,0.316037,0.153481,7.684000,21.519593

2.151473,0.094737,8.289822,16.132940,-0.599618,-0.248330,0.208905,7.680000,21.519593

-0.825536,-3.631913,21.072041,16.135881,-0.224972,0.044778,0.416479,7.684000,21.519593

-4.444410,7.809095,15.623371,16.150587,0.004452,0.425287,0.252872,7.700000,21.519593

3.131036,9.665236,9.511281,16.150587,0.231212,0.044512,0.134562,7.700000,21.487158

2.826869,-3.761244,6.783354,16.153528,0.134753,-0.405810,0.148685,7.700000,21.487158

-1.944010,6.690621,15.177897,16.150587,0.295429,0.399973,0.452186,7.704000,21.487158

-2.693651,3.122042,9.851375,16.141764,-0.257480,0.108996,0.427671,7.704000,21.487158

2.592157,7.066639,11.582973,16.144705,0.645561,0.059434,0.296038,7.708000,21.487158

-6.180799,-4.328864,13.304993,16.138823,-0.634525,0.045045,0.236884,7.700000,21.487158

-0.305817,9.940662,7.156977,16.150587,-0.307575,0.094873,0.231022,7.700000,21.487158

-0.576454,-4.223483,-0.004132,16.141764,-0.203921,-0.145476,0.145487,7.684000,21.487158

-1.256639,-4.422269,18.334534,16.144705,-0.697143,0.183339,0.341604,7.684000,21.487158

1.892811,-0.810580,14.495317,16.159410,0.587739,0.227305,0.256602,7.696000,21.487158

3.578905,6.616375,4.620651,16.162352,0.567754,-0.080192,-0.009594,7.704000,21.487158

-3.134335,3.234608,5.933122,16.147646,-0.279597,0.152962,-0.059955,7.696000,21.487158

0.388739,-1.986535,7.202482,16.141764,0.004186,-0.002119,-0.065285,7.692000,21.487158

-2.712811,3.047796,7.980864,16.153528,-0.242292,0.365599,-0.188923,7.688000,21.487158

2.264039,0.331844,20.444546,16.153528,-0.113058,-0.158266,-0.466311,7.684000,21.487158

4.302201,-3.076269,13.934882,16.147646,0.346590,-0.023436,-0.539854,7.684000,21.487158

-1.711693,2.681358,6.325905,16.153528,-0.563646,0.494301,-0.403958,7.680000,21.487158

0.506095,5.849969,7.695856,16.177057,0.244269,0.318968,-0.450589,7.672000,21.487158

-0.938102,-7.219652,12.145802,16.162352,-0.512485,-0.496673,-0.514274,7.660000,21.487158

1.899996,2.853800,15.161133,16.147646,-0.045110,0.188402,-0.375713,7.672000,21.487158

0.987494,2.417906,4.453000,16.144705,-0.152760,0.325363,-0.354663,7.672000,21.487158

-2.317633,5.114698,5.947492,16.150587,-0.169015,0.130313,-0.298439,7.664000,21.487158

1.655704,-2.211667,6.517507,16.147646,0.092918,-0.246199,-0.222231,7.680000,21.487158

0.094152,9.456868,13.436718,16.150587,-0.320365,0.296319,0.087665,7.668000,21.487158

1.028209,-3.275055,13.055910,16.147646,0.269849,0.181207,-0.075410,7.680000,21.487158

-1.266220,5.349410,3.363266,16.162352,0.095849,-0.109237,-0.155615,7.684000,21.487158

-3.234926,0.212093,15.771862,16.153528,-0.204454,0.028791,-0.158280,7.684000,20.967702

1.231786,0.109107,11.250066,16.168234,0.222419,0.022396,-0.261135,7.700000,20.967702

1.945502,17.116140,-2.550037,16.156469,0.819028,0.283795,-0.385040,7.704000,20.967702

-3.323541,-3.140934,15.781443,16.135881,-1.349976,-0.413271,-0.483897,7.696000,20.967702

6.673270,-1.744638,16.535873,16.150587,0.650890,0.393045,-0.545184,7.708000,20.967702

-3.225345,-3.200810,6.960585,16.144705,0.509399,0.175345,-0.734372,7.708000,20.967702

-2.152377,6.846297,8.421547,16.156469,-0.543394,0.248089,-0.555576,7.704000,20.967702

3.598065,-1.251264,5.755890,16.144705,-0.084812,-0.089252,-0.544118,7.700000,20.967702

-0.691415,2.762789,3.485412,16.141764,-0.148497,-0.050349,-0.512142,7.692000,20.967702

2.738253,-0.798605,16.440073,16.147646,0.997292,0.148432,-0.460981,7.700000,20.967702

-2.870883,10.177770,0.010239,16.147646,-0.201790,-0.010379,-0.472706,7.696000,20.967702

1.011444,-1.859599,13.448693,16.153528,0.239739,0.040515,-0.225429,7.696000,20.967702

-2.442174,6.079891,11.640453,16.147646,-0.104264,-0.086854,-0.179331,7.688000,20.967702

3.248392,-8.144130,13.008010,16.132940,-0.073621,-0.572082,-0.058090,7.692000,20.967702

-3.033744,6.278678,13.561259,16.132940,0.590936,0.221443,-0.009860,7.700000,20.967702

-2.549950,1.833521,3.818320,16.129999,0.438786,-0.391421,-0.162277,7.692000,20.967702

-1.584757,-3.883390,15.721567,16.150587,-0.954013,-0.264851,0.074342,7.684000,20.967702

-0.502208,7.102564,13.225957,16.141764,0.602394,0.353342,0.025579,7.684000,20.967702

-4.662357,-4.553996,7.853928,16.129999,0.162731,-0.694122,-0.063419,7.680000,20.967702

0.570760,-0.439352,12.380515,16.144705,-0.380852,-0.232875,0.396228,7.688000,20.967702

-1.168024,9.545485,5.087680,16.121176,0.365243,0.137241,0.369582,7.688000,20.967702

-3.697164,1.974827,2.836361,16.135881,-0.102133,-0.250995,0.561435,7.680000,20.967702

-2.159562,1.574859,12.212864,16.129999,-0.312371,-0.160931,0.613662,7.684000,20.967702

-0.612379,-3.550483,11.484777,16.147646,0.171524,-0.247264,0.672284,7.696000,21.904443

2.374210,8.228224,4.840993,16.135881,-0.004874,-0.012777,0.713052,7.692000,21.904443

-1.972750,0.209698,12.749348,16.135881,-0.195128,-0.040223,0.591012,7.696000,21.904443

2.180214,1.740115,13.958833,16.141764,0.120364,-0.142012,0.508143,7.700000,21.904443

-3.294801,11.035187,3.066283,16.150587,0.335932,0.130846,0.343202,7.696000,21.904443

-0.691415,-2.379318,7.458749,16.153528,-0.425884,-0.507332,0.245677,7.696000,21.904443

-1.991910,-5.416203,17.810024,16.156469,-0.376855,0.217180,0.268593,7.696000,94.374184

-3.105594,4.410563,5.480463,16.138823,0.068936,0.032255,-0.051695,7.704000,94.374184

-2.679281,6.166112,3.109394,16.138823,-0.121318,-0.111901,-0.239285,7.696000,94.374184

-2.640961,-4.359999,11.015354,16.144705,-0.552188,-0.274977,-0.349867,7.688000,94.374184

2.276014,-6.053278,16.332296,16.138823,-0.074687,0.203590,-0.230758,7.696000,94.374184

-1.481771,1.277877,4.551196,16.138823,0.292498,0.501762,-0.196917,7.708000,94.374184

0.743202,9.571830,-5.632428,16.132940,-0.070690,-0.008780,-0.172136,7.688000,94.374184

-0.435148,-2.781681,16.236496,16.135881,-0.662237,-0.086854,-0.211040,7.692000,94.374184

3.205282,-0.894406,16.696339,16.112352,0.155803,0.133244,-0.242749,7.692000,94.374184

-0.756080,5.952955,6.560617,16.132940,0.791316,-0.007448,-0.599275,7.696000,94.374184

-1.280590,-8.599184,8.440707,16.121176,-0.680889,-0.179050,-0.604338,7.696000,94.374184

-3.788175,0.037257,10.996194,16.115294,-0.549790,0.131112,-0.451389,7.684000,94.374184

2.299965,9.361068,8.138935,16.129999,0.708180,0.245691,-0.505747,7.700000,94.374184

-2.252968,-1.780563,12.485896,16.135881,-0.505557,-0.559292,-0.532127,7.688000,94.374184

-2.511630,-3.495397,15.800603,16.147646,-0.089076,-0.058609,-0.363190,7.680000,94.374184

1.777850,5.438026,12.785274,16.144705,0.383629,0.047976,-0.240617,7.696000,94.374184

-2.842142,8.609032,2.364543,16.138823,0.127292,-0.205963,-0.063952,7.688000,94.374184

-0.619564,3.174732,8.076665,16.129999,-0.081082,-0.396750,0.058354,7.684000,94.374184

1.332377,-1.086008,12.464340,16.124117,-0.408298,-0.287767,0.226225,7.688000,28.267031

-0.116610,3.014266,10.280083,16.138823,0.215757,0.101801,0.359723,7.688000,28.267031

-3.371442,2.123319,4.749982,16.147646,-0.030188,-0.291497,0.220363,7.700000,28.267031

0.019906,-1.318324,13.022380,16.132940,-0.637189,-0.248330,0.320553,7.696000,28.267031

-3.773805,4.590189,11.633268,16.138823,0.027635,0.116723,0.073276,7.712000,28.267031

0.575550,6.688226,4.905658,16.135881,0.539243,-0.168392,-0.235821,7.708000,28.267031

-0.782426,-1.711108,7.358159,16.124117,-0.798932,-0.301090,-0.244347,7.708000,28.267031

4.812340,-0.650114,19.388342,16.141764,0.633570,-0.063405,-0.292577,7.712000,28.267031

1.440153,9.298798,0.719164,16.135881,0.344459,0.027192,-0.200914,7.708000,28.267031

-0.415988,-4.177978,5.707990,16.138823,-0.317434,-0.331467,0.029842,7.704000,28.267031

-0.849486,-0.635744,14.162410,16.153528,-0.160488,-0.039957,0.170801,7.704000,28.267031

2.812499,3.141202,13.690591,16.135881,0.408942,-0.007981,0.185723,7.704000,28.267031

-0.399222,2.480176,6.850414,16.135881,0.316214,-0.034094,0.298703,7.704000,28.267031

-4.858749,0.513866,3.868615,16.162352,-0.374724,-0.289898,0.306430,7.696000,28.267031

1.780245,-2.360158,17.723803,16.141764,0.217356,-0.084189,0.638443,7.704000,28.267031

2.024537,2.698123,12.440391,16.118235,-0.200990,0.079419,0.795389,7.700000,28.267031

-2.164352,-0.496833,13.314572,16.124117,0.431592,-0.016241,0.461245,7.700000,28.267031

-0.449518,-0.774655,5.981022,16.118235,-0.026191,-0.022903,0.348265,7.696000,28.267031

1.155145,4.470438,6.977350,16.138823,-0.065627,0.225174,0.281117,7.700000,28.267031

1.152750,11.250738,8.536509,16.118235,0.045221,0.211850,0.063417,7.696000,28.267031

0.027091,-2.015275,9.808264,16.121176,0.039359,-0.155068,-0.039438,7.684000,28.267031

1.234181,-0.535153,11.381792,16.129999,-0.327826,-0.069001,0.011723,7.688000,28.267031

0.625846,-1.541061,13.659455,16.124117,0.135019,0.297118,-0.053294,7.696000,28.267031

-0.612379,3.227422,7.873087,16.121176,0.027102,0.101269,-0.212372,7.692000,28.267031

-2.166747,9.842466,3.396796,16.132940,0.170725,0.170282,-0.260335,7.688000,28.267031

0.563575,-5.866467,12.610436,16.124117,-0.358736,-0.293629,0.100455,7.692000,28.267031

1.138380,3.323223,14.777929,16.132940,0.219221,0.170282,0.442859,7.696000,28.267031

0.012721,11.588436,2.120251,16.159410,0.791316,0.138573,0.267261,7.704000,28.267031

-8.288417,-2.197297,8.165280,16.135881,-0.538065,-0.057543,0.246743,7.700000,28.267031

-3.158285,1.589229,13.429533,16.135881,-0.761627,0.192932,0.486293,7.700000,28.267031

4.417162,4.745865,8.955637,16.138823,0.445448,-0.015176,0.290976,7.704000,28.267031

-1.103358,-8.077069,8.023974,16.132940,0.007117,-0.174520,0.292574,7.708000,28.267031

-4.267179,4.614139,8.656260,16.106470,-0.382451,0.726123,0.295506,7.704000,28.267031

2.407740,3.854918,14.528848,16.112352,-0.347544,-0.085788,-0.041303,7.696000,15.509117

4.302201,0.988079,9.937595,16.118235,0.107307,-0.167859,0.020250,7.696000,15.509117

-2.621801,-0.559103,7.885063,16.118235,0.014045,0.035985,-0.062886,7.704000,15.509117

2.412530,-2.757731,8.263476,16.109411,-0.439741,0.174279,0.009058,7.704000,15.509117

-0.375272,6.721756,3.892565,16.127058,0.114235,0.521746,-0.013058,7.700000,15.509117

-2.279313,-3.983981,11.147079,16.109411,-0.297183,0.114858,-0.228626,7.696000,15.509117

1.538348,6.714571,13.364868,16.106470,-0.035250,0.305379,-0.264066,7.696000,15.509117

1.435363,-2.307467,5.396637,16.121176,0.534713,-0.042088,-0.416216,7.700000,15.509117

-4.250414,-2.400873,7.425219,16.118235,-0.411496,0.246224,-0.519070,7.692000,15.509117

2.743043,7.222315,9.798684,16.121176,0.032165,0.052506,-0.879860,7.704000,15.509117

0.525255,-3.852255,5.066125,16.097647,-0.417091,-0.097779,-0.788730,7.696000,15.509117

-0.102240,5.426051,17.048409,16.112352,-0.224439,0.349345,-0.697067,7.696000,15.509117

-0.140560,1.270692,9.092153,16.124117,0.125160,-0.074597,-0.843355,7.700000,40.955742

1.902391,1.694610,13.791182,16.112352,0.018042,-0.376765,-0.505747,7.696000,40.955742

1.698815,2.422696,12.548166,16.112352,0.615984,0.126050,-0.220632,7.700000,40.955742

-5.356913,-0.113630,3.140529,16.103529,-0.040846,0.046377,-0.003732,7.700000,40.955742

-3.297196,17.147276,4.704477,16.115294,0.092652,0.196929,0.195049,7.700000,40.955742

-2.257758,-9.993085,8.548483,16.115294,-0.555652,-1.252894,0.245677,7.696000,40.955742

2.017352,4.439303,19.721251,16.109411,0.100912,0.628331,0.560369,7.700000,40.955742

4.304596,5.050033,1.406535,16.100588,0.600529,-0.304021,0.309895,7.708000,40.955742

-1.788334,-2.295492,11.137500,16.112352,0.164596,-0.355715,0.443925,7.704000,40.955742

1.830541,-1.435680,18.894968,16.097647,0.114501,-0.349852,-0.025315,7.700000,53.785851

2.129918,4.046519,13.453484,16.100588,0.503803,0.041847,-0.107119,7.716000,53.785851

1.844911,8.144398,5.015829,16.121176,0.463567,-0.001053,-0.077808,7.712000,53.785851

-2.020651,-1.900314,0.240160,16.109411,-0.117321,-0.109770,0.013055,7.704000,53.785851

-2.777477,3.579490,7.652746,16.118235,0.086523,0.135909,-0.092730,7.704000,53.785851

1.047369,0.135452,12.665523,16.112352,-0.077618,-0.162263,-0.283784,7.696000,53.785851

4.374052,-5.152750,12.064372,16.118235,0.379365,-0.119629,-0.289913,7.700000,53.785851

-0.205226,0.830008,0.156335,16.106470,0.172857,0.469520,-0.195585,7.704000,53.785851

-3.939061,-3.243920,7.269543,16.121176,-1.050739,0.302714,-0.191055,7.696000,53.785851

-4.008517,0.885094,20.387066,16.127058,-0.932163,0.569443,-0.121508,7.696000,53.785851

3.945343,3.989039,3.092629,16.124117,1.124394,-0.295494,-0.476969,7.704000,53.785851

-6.073024,2.547237,8.122169,16.115294,-0.642785,0.039716,-0.259269,7.700000,53.785851

2.592157,6.678646,11.741045,16.121176,0.021240,0.268074,-0.104988,7.704000,53.785851

-0.107030,-0.221405,13.561259,16.109411,-0.055235,0.069559,-0.234755,7.692000,53.785851

2.321520,0.573741,9.072993,16.115294,0.226682,-0.345323,-0.309897,7.700000,39.151876

-0.480653,4.681200,11.163845,16.106470,-0.327826,-0.126024,-0.194252,7.696000,39.151876

2.352655,4.707545,5.739125,16.100588,0.585874,-0.027433,0.037570,7.692000,39.151876

-3.431317,-4.053437,5.626559,16.127058,-0.271603,-0.148940,0.292574,7.692000,39.151876

-4.204908,4.139925,10.577065,16.106470,-0.255615,0.162821,0.484427,7.696000,39.151876

-5.634735,-8.960832,15.307229,16.097647,0.051083,-0.214756,0.392498,7.696000,39.151876

-2.456544,-0.841716,13.096625,16.115294,-0.308641,-0.000520,0.545714,7.708000,39.151876

2.704723,12.718885,0.029399,16.106470,0.775328,-0.138814,0.194783,7.708000,39.151876

-4.149823,0.027677,4.314089,16.106470,-0.853557,-0.258189,0.343202,7.704000,39.151876

-0.281867,-3.306191,19.096149,16.097647,-0.121051,0.252619,0.339472,7.700000,39.151876

-0.200436,-7.169357,7.942543,16.103529,0.144612,0.221443,0.068213,7.704000,39.151876

-4.303104,17.211941,1.993315,16.094706,0.246400,0.319501,-0.070880,7.704000,39.151876

-0.787216,-1.682367,17.659138,16.109411,0.653289,0.322699,-0.440997,7.696000,39.151876

0.836608,3.759117,2.824386,16.103529,0.420134,-0.206229,-0.641643,7.704000,39.151876

-0.811166,-1.222524,5.502018,16.118235,-0.242292,-0.088453,-0.586485,7.704000,39.151876

0.664166,-1.804513,3.851850,16.103529,0.010848,-0.055411,-0.610733,7.696000,39.151876

-0.289052,2.319710,4.029081,16.100588,-0.145832,0.095939,-0.548115,7.700000,39.151876

-0.866251,4.001014,10.914762,16.094706,-1.170914,-0.065004,-0.515340,7.692000,39.151876

0.031881,-13.856252,19.472168,16.100588,0.412673,0.130046,-0.536923,7.692000,39.151876

-5.826337,-0.599819,10.648915,16.100588,-0.178341,-0.038624,-0.630984,7.692000,39.151876

4.275856,13.597857,-0.653182,16.100588,0.439586,-0.424728,-0.746363,7.692000,39.151876

1.557508,2.832244,7.885063,16.106470,-0.562313,-0.515859,-0.112448,7.676000,39.151876

0.007931,-3.399596,15.700012,16.103529,-0.271603,-0.221950,0.458048,7.668000,39.151876

-2.770292,-3.006813,17.759729,16.091763,-0.091208,-0.299491,0.464976,7.676000,21.910111

-1.364415,9.028160,11.444062,16.085880,0.449711,-0.073797,0.464176,7.680000,21.910111

3.040026,5.720638,6.955795,16.088821,-0.319566,-0.273644,0.892382,7.684000,21.910111

-2.557135,-5.119220,9.810658,16.085880,0.015377,-0.046085,0.814841,7.676000,21.910111

-2.360744,1.495824,9.686118,16.082939,-0.050439,-0.046618,0.695199,7.688000,21.910111

2.388580,6.999578,2.489084,16.097647,-0.246022,0.086613,0.679212,7.688000,21.910111

-3.440897,0.094737,9.274175,16.100588,0.245601,0.012004,0.487891,7.684000,21.910111

-0.528554,-5.691630,9.872930,16.112352,0.134486,-0.084989,0.362121,7.700000,21.910111

2.235299,11.607596,7.128236,16.097647,0.035895,0.254484,0.251273,7.708000,21.910111

-1.266220,-1.768588,9.020303,16.103529,-0.347544,0.374659,0.106317,7.696000,21.910111

-0.231571,0.063602,8.325747,16.097647,-0.057100,0.207321,-0.066883,7.692000,21.910111

1.825751,-4.280963,16.325111,16.100588,0.152073,0.195063,-0.047965,7.696000,21.910111

-2.549950,2.791529,7.109076,16.100588,-0.214846,0.581700,-0.187324,7.700000,21.910111

-0.753685,8.300075,4.031476,16.088821,-0.139704,0.185737,-0.421545,7.692000,21.910111

3.061581,-2.096706,9.592712,16.103529,-0.458926,0.055171,-0.463113,7.688000,21.910111

3.787271,-7.198097,16.873571,16.100588,-0.148231,-0.221151,-0.413285,7.684000,21.910111

-3.129545,1.012030,6.857599,16.103529,0.281573,0.660573,-0.383174,7.692000,21.910111

-1.757199,10.963336,-1.826741,16.085880,-0.546592,0.273403,-0.573962,7.680000,21.910111

0.398319,-7.729792,15.786233,16.100588,-0.562846,-0.308817,-0.514807,7.680000,21.910111

3.308268,0.489915,17.366945,16.097647,0.520324,0.110595,-0.577958,7.684000,21.910111

-1.888925,-0.520783,6.146278,16.103529,0.154471,0.317903,-0.493756,7.696000,21.910111

-3.103199,6.240357,6.603727,16.124117,-0.532469,0.352543,-0.296841,7.696000,21.910111

0.592316,4.348292,4.876918,16.091763,0.363910,0.349345,-0.413285,7.692000,21.910111

-3.349886,-4.388740,13.439114,16.088821,-0.483973,-0.033561,-0.552112,7.692000,21.910111

1.219811,7.871366,12.133828,16.106470,-0.096803,0.024794,-0.523867,7.696000,21.723338

4.496198,-3.931291,6.117538,16.109411,-0.003009,-0.407142,-0.395965,7.688000,21.723338

-2.789452,4.515944,11.520702,16.088821,-0.000877,0.391979,-0.221965,7.688000,21.723338

-0.942892,-3.447497,6.105563,16.115294,0.087855,-0.133751,-0.295775,7.688000,21.723338

-5.548514,2.319710,17.237614,16.103529,-0.233499,-0.067669,-0.296041,7.696000,21.723338

5.722447,-0.183085,11.446457,16.100588,-0.389646,-0.314413,-0.051429,7.696000,21.723338

0.144447,3.404654,3.818320,16.109411,0.601595,0.076221,-0.062087,7.688000,21.723338

-5.526959,1.481453,5.161925,16.100588,-0.074154,-0.134018,0.101787,7.700000,21.723338

-3.354676,-0.384267,17.604052,16.127058,-0.802929,-0.342924,0.153481,7.692000,21.723338

4.702169,0.121082,15.182688,16.085880,0.451044,-0.252061,0.128167,7.696000,21.723338

-1.033903,-0.472883,5.049360,16.106470,0.576014,-0.152137,0.202510,7.704000,21.723338

-4.451596,8.635377,2.352568,16.077057,-0.428016,-0.156667,0.405821,7.696000,21.723338

3.993243,-4.455800,15.228193,16.097647,-1.016365,-0.440183,0.392764,7.692000,21.723338

1.708395,1.004844,16.880756,16.097647,0.279442,0.268873,0.040501,7.692000,21.723338

0.082176,2.717283,16.787350,16.077057,0.510465,-0.017307,-0.101790,7.692000,21.723338

-0.533344,-1.802118,8.182045,16.085880,0.289567,-0.190508,-0.074078,7.692000,21.723338

-3.764225,4.726705,3.758444,16.091763,0.128890,0.005342,-0.037839,7.700000,21.723338

1.976637,7.555223,7.166557,16.106470,-0.472249,-0.230211,0.137493,7.696000,21.723338

2.196979,2.980736,13.855846,16.085880,0.404413,0.139106,-0.108452,7.692000,21.723338

-2.037416,-9.839804,9.801079,16.094706,-0.129045,-0.407408,-0.328550,7.688000,21.723338

-1.177604,5.696688,11.072834,16.094706,0.128890,0.058368,-0.301104,7.704000,21.723338

2.005377,4.017779,1.978945,16.100588,0.510465,-0.014376,-0.421012,7.700000,21.723338

-5.196446,-2.460749,21.196581,16.094706,-0.831174,-0.587803,-0.163076,7.696000,21.723338

6.246957,-2.717016,18.962029,16.088821,0.416403,0.101801,-0.158813,7.700000,21.723338

1.413807,-2.281122,10.316008,16.100588,0.661016,-0.298958,-0.156948,7.708000,22.225451

-1.745224,10.058019,0.599413,16.088821,0.789184,0.341884,0.328280,7.712000,22.225451

-3.558253,5.179364,-1.503414,16.085880,-0.627064,-0.081791,0.633913,7.700000,22.225451

-2.662516,2.805899,9.698093,16.088821,-0.116255,-0.189709,0.373313,7.692000,22.225451

1.332377,2.219119,18.267473,16.082939,0.261322,-0.122560,0.257135,7.692000,22.225451

2.568207,-1.682367,4.036266,16.091763,0.594400,-0.283770,0.136960,7.700000,22.225451

-5.115016,1.275482,7.386899,16.091763,-0.802929,-0.026101,0.251006,7.688000,22.225451

4.263881,8.371924,4.639812,16.091763,0.013779,-0.169191,0.406620,7.680000,22.225451

2.778969,0.437225,15.005456,16.103529,0.050550,-0.089785,0.691202,7.684000,22.225451

0.592316,5.002132,12.346985,16.082939,-0.220708,-0.002918,0.545980,7.680000,22.225451

1.013839,-3.619938,18.166882,16.082939,0.075864,-0.150805,0.518002,7.680000,22.225451

2.446061,11.006446,9.894485,16.079998,0.648492,0.027458,0.335208,7.700000,22.225451

-1.726063,4.642879,1.634062,16.085880,0.210694,-0.197436,0.112446,7.696000,22.225451

-2.969078,-8.544098,12.399675,16.097647,-1.123750,0.007207,0.216633,7.684000,22.225451

-3.780990,-2.111076,10.397439,16.091763,-0.070690,0.531605,0.128700,7.684000,22.225451

-0.588429,0.748577,8.486213,16.085880,-0.489569,0.194530,0.020250,7.684000,22.225451

0.690511,2.580767,5.255331,16.082939,-0.039247,0.049042,-0.132433,7.680000,22.225451

-0.633934,-2.020065,15.254539,16.065292,-0.192463,0.065829,-0.217435,7.684000,22.225451

0.345629,0.248018,11.178215,16.074116,0.197371,0.214515,-0.332813,7.692000,22.225451

-0.202831,-3.325351,10.627360,16.097647,-0.109860,0.131645,-0.113781,7.696000,22.225451

-0.871041,4.858431,12.770903,16.088821,0.342860,0.673630,-0.256338,7.700000,22.225451

-1.709298,3.603441,5.954677,16.082939,0.160067,0.119122,-0.436467,7.712000,22.225451

2.240089,7.612703,0.177890,16.085880,0.274112,-0.197702,-0.228360,7.708000,22.225451

2.968175,-1.833254,7.803632,16.088821,-0.810123,-0.013843,0.102320,7.696000,22.020847

-5.761671,-1.718293,13.702565,16.077057,-0.372326,0.297118,-0.018387,7.684000,22.020847

1.720370,2.559212,12.615227,16.088821,0.015910,-0.165727,-0.091664,7.680000,22.020847

5.559586,-5.226996,19.697300,16.082939,-0.141569,-0.433255,0.199046,7.684000,22.020847

-3.222950,6.491835,13.903748,16.088821,0.425463,0.098870,0.261931,7.684000,22.020847

0.862953,5.840389,3.880590,16.085880,0.644762,-0.026633,0.414081,7.700000,22.020847

-4.231254,2.374796,7.027646,16.088821,-0.103465,-0.003718,0.539052,7.696000,22.020847

-3.249296,0.873118,7.829977,16.082939,-0.304378,-0.059675,0.344268,7.692000,22.020847

-1.158444,3.553145,11.051279,16.094706,-0.121051,0.394111,0.176130,7.692000,22.020847

2.441271,2.647828,7.985653,16.091763,-0.130378,-0.035427,-0.216369,7.688000,22.020847

2.637662,-3.375646,13.676220,16.091763,-0.266806,-0.259522,-0.438332,7.692000,22.020847

-1.769174,-1.320719,7.935358,16.062351,0.348455,0.208653,-0.515873,7.688000,22.020847

-3.857631,6.367293,1.552631,16.071175,-0.148497,-0.146808,-0.524932,7.684000,22.020847

0.410294,-7.401674,20.097267,16.065292,-0.538065,-0.466297,-0.164142,7.692000,22.020847

2.620897,7.047479,9.199929,16.094706,1.044456,0.423422,0.162008,7.700000,22.020847

-5.330568,-4.522861,5.264911,16.100588,-0.309707,-0.220885,0.618458,7.704000,22.020847

-0.674650,13.011078,5.411007,16.085880,0.113436,0.297651,0.860140,7.712000,22.020847

-2.990633,-2.460749,9.092153,16.088821,-0.718460,-0.201166,0.784997,7.696000,22.020847

-0.540529,0.327054,19.151236,16.085880,0.062008,-0.122826,0.852146,7.696000,22.020847

-0.578849,-2.575710,13.120576,16.079998,0.483286,-0.103641,0.673616,7.700000,22.020847

1.351537,1.843101,9.020303,16.077057,-0.200724,-0.173721,0.652832,7.696000,22.020847

-0.322582,4.616534,11.659614,16.053528,0.243469,0.411164,0.296305,7.692000,22.020847

0.891693,-2.752941,8.047924,16.059410,0.382030,-0.103375,-0.100458,7.696000,22.020847

-1.285380,7.916871,6.345065,16.079998,0.087589,0.298984,-0.525199,7.696000,22.020847

-4.238439,-3.421152,6.706713,16.059410,-0.015532,0.201991,-0.799389,7.700000,22.020847

2.846029,-2.626005,6.723478,16.059410,-0.283327,-0.071399,-0.768746,7.696000,22.020847

2.237694,4.575819,13.352893,16.082939,-0.294518,0.510821,-0.788730,7.696000,22.020847

3.131036,-0.420192,9.257409,16.077057,0.097448,0.119122,-0.927824,7.692000,22.020847

0.860558,-0.060939,6.915080,16.079998,-0.435211,0.129514,-0.834295,7.692000,22.020847

0.082176,3.823783,12.375725,16.074116,-0.050972,0.490304,-0.689073,7.692000,22.020847

-1.970355,-0.551918,11.206955,16.074116,0.031632,0.015201,-0.853214,7.696000,22.020847

-1.572782,4.204591,4.115302,16.074116,-0.255082,-0.325604,-0.447925,7.692000,22.020847

2.388580,2.216724,12.200889,16.065292,0.210694,0.012004,-0.129502,7.692000,22.020847

-0.142955,-3.277451,11.355447,16.074116,0.088655,-0.260854,0.065815,7.696000,22.020847

-4.164193,-2.788867,8.718530,16.077057,-0.302246,-0.370903,0.236351,7.700000,22.020847

-1.773964,6.791212,6.869575,16.050587,-0.211382,-0.077794,0.202510,7.696000,22.020847

1.200651,-0.504018,12.169753,16.047646,-0.083480,-0.421797,0.083135,7.692000,22.020847

1.234181,-2.942148,14.928816,16.053528,0.156603,-0.261920,0.108449,7.692000,22.020847

0.405504,0.382139,7.705436,16.071175,0.255194,-0.022903,0.053291,7.712000,22.020847

-2.909203,4.700360,6.158254,16.062351,0.027635,0.023994,-0.078608,7.708000,22.020847

0.199532,0.070787,4.445815,16.065292,-0.025391,-0.212358,-0.102056,7.704000,22.020847

2.632872,1.285062,10.090877,16.062351,-0.223373,-0.183580,-0.000268,7.704000,22.020847

-1.268615,-3.207995,19.225481,16.065292,0.218155,0.085814,-0.172403,7.704000,22.020847

-2.660121,-1.059662,12.816408,16.062351,0.654621,-0.280572,-0.343471,7.712000,22.020847

-2.288893,13.336801,0.158730,16.059410,0.721769,-0.301889,-0.283784,7.712000,22.020847

1.500028,-0.060939,-2.538062,16.059410,-0.810390,-0.374367,-0.129502,7.696000,22.020847

0.668956,-14.071803,26.805717,16.053528,0.151273,-0.228346,0.189720,7.704000,22.020847

-1.702113,0.545001,14.986296,16.053528,0.393221,0.251287,0.228623,7.720000,11.228756

0.395924,9.555064,0.436552,16.041763,0.424930,-0.222217,0.242213,7.708000,11.228756

-0.734525,3.265743,7.683881,16.059410,0.205632,-0.515059,0.515604,7.704000,11.228756

-6.243070,-3.629518,12.493081,16.044704,-0.301446,-0.264052,0.880391,7.704000,11.228756

-0.490233,-1.759008,10.246552,16.062351,-0.336620,-0.419666,0.988574,7.708000,11.228756

-0.382457,0.820428,8.668234,16.062351,0.091053,0.086880,1.089830,7.704000,11.228756

-3.742670,-0.190270,10.253737,16.050587,0.260523,0.063964,0.920627,7.708000,11.228756

-2.743947,5.713453,10.222602,16.050587,0.053748,-0.199035,0.671218,7.708000,11.228756

0.901273,-1.624887,15.743122,16.047646,-0.383783,-0.058342,0.688538,7.712000,11.228756

5.528451,-0.820160,6.656418,16.050587,0.367641,-0.080192,0.496418,7.712000,11.228756

3.277133,0.104317,7.762917,16.047646,0.487815,-0.061807,0.476700,7.716000,11.228756

-1.227899,8.647352,14.315691,16.056469,-0.184469,0.462592,0.425806,7.716000,11.228756

0.386344,0.463570,10.866862,16.041763,-0.166084,0.195330,0.029310,7.708000,11.228756

2.417320,4.420143,7.276728,16.065292,0.192308,0.174013,-0.175600,7.712000,11.228756

2.766993,0.279154,11.640453,16.059410,-0.331024,0.125517,-0.110850,7.708000,11.228756

3.526215,4.520733,7.485095,16.065292,0.006318,0.141771,-0.082871,7.704000,11.228756

0.149237,-6.805314,9.944780,16.065292,0.149142,-0.010646,-0.129502,7.708000,11.228756

-3.414552,4.010594,9.930409,16.047646,-0.333688,0.283529,-0.123107,7.704000,11.228756

2.711908,2.065838,7.719806,16.032940,-0.189266,-0.010379,-0.241683,7.700000,11.228756

1.710790,0.104317,6.608517,16.056469,0.216290,-0.043154,-0.225962,7.700000,11.228756

-1.486561,0.082762,9.813054,16.038822,-0.203388,-0.010912,-0.254739,7.704000,11.228756

-0.262706,-0.626164,15.807788,16.047646,0.097714,-0.004784,-0.134298,7.704000,11.228756

-0.195646,-0.451327,2.932162,16.035881,-0.108794,0.043180,0.004529,7.712000,23.526030

-0.042365,3.749537,7.683881,16.041763,0.172057,0.121253,0.143888,7.712000,23.526030

-1.903295,4.757840,7.501860,16.050587,0.360713,0.116457,0.182525,7.712000,23.526030

-4.743788,-1.270424,4.591911,16.071175,-0.347544,-0.241935,0.175065,7.700000,23.526030

1.840121,2.425091,10.160332,16.047646,0.418002,-0.201433,0.389833,7.708000,23.526030

-0.413593,4.343502,10.122011,16.050587,0.135818,0.334956,0.808979,7.720000,23.526030

-1.115333,-7.993244,18.408779,16.059410,0.026835,0.352543,0.693334,7.716000,23.526030

-0.051945,1.471873,18.324953,16.047646,-0.142901,0.154028,0.440461,7.712000,23.526030

4.225560,4.211776,2.493874,16.038822,0.850471,0.219578,0.235552,7.716000,23.526030

-4.037257,0.691097,7.856322,16.047646,-0.220442,0.352809,0.046097,7.712000,23.526030

1.083295,-1.320719,14.327665,16.047646,-0.361401,0.296586,-0.181462,7.704000,23.526030

2.901114,1.644315,8.191626,16.050587,0.353518,0.408766,-0.259269,7.712000,23.526030

-2.315238,1.622760,6.730663,16.044704,0.175521,0.386383,-0.404491,7.708000,23.526030

-2.293683,-1.050082,10.905183,16.035881,-0.434411,0.284861,-0.447658,7.708000,23.526030

1.844911,2.219119,11.314732,16.041763,-0.028056,0.254484,-0.608335,7.708000,23.526030

3.284317,1.289852,10.095666,16.056469,-0.258812,0.351210,-0.573429,7.708000,23.631771

-0.066315,1.201236,9.638218,16.047646,0.023105,0.529740,-0.578758,7.708000,23.631771

-1.778754,1.529354,10.612990,16.044704,-0.101600,0.237431,-0.731707,7.708000,23.631771

-0.245941,0.741392,9.199929,16.038822,-0.073621,0.189734,-0.777272,7.704000,23.631771

0.415084,0.492310,11.587764,16.035881,-0.003009,0.166285,-0.828433,7.708000,23.631771

1.138380,0.391720,10.186677,16.029999,-0.010203,0.228904,-0.877729,7.716000,23.631771

1.188675,1.879027,8.215575,16.035881,-0.064295,0.119654,-0.861741,7.716000,23.631771

1.437757,0.568951,10.969849,16.027058,-0.050705,0.107664,-0.872932,7.708000,23.631771

1.016234,1.646710,10.761481,16.044704,0.038826,0.069559,-0.870801,7.712000,23.631771

-0.236361,1.263507,9.259805,16.032940,0.112903,0.049575,-0.816709,7.712000,23.631771

-1.096173,2.451436,9.499307,16.038822,0.121962,-0.043154,-0.726911,7.712000,23.631771

-0.751290,1.414393,8.984377,16.044704,0.075864,-0.110569,-0.533193,7.720000,23.631771

-0.171696,0.408485,8.754455,16.029999,0.059344,-0.142012,-0.369585,7.720000,23.631771

0.204322,0.054022,9.547207,16.038822,0.037760,-0.215022,-0.193453,7.712000,23.631771

-1.884135,-0.817765,10.802197,16.032940,0.031632,-0.240869,-0.069815,7.712000,23.631771

-3.493588,0.973709,10.002260,16.038822,0.139016,-0.211558,0.074342,7.716000,23.631771

-3.922296,2.841825,7.808422,16.029999,0.130489,-0.274977,0.122571,7.716000,23.631771

-1.208739,0.329449,8.550879,16.035881,0.135818,-0.346655,0.106584,7.712000,23.631771

-1.987120,-1.996115,8.986773,16.035881,0.092385,-0.316278,0.118574,7.712000,23.631771

-2.703231,0.489915,9.983100,16.029999,-0.089076,-0.336796,0.232887,7.716000,23.631771

-2.427804,4.420143,10.639336,16.038822,-0.117321,-0.493742,0.342403,7.708000,23.631771

-3.862421,0.703072,12.452366,16.041763,-0.139704,-0.247264,0.438596,7.720000,23.631771

-1.476981,0.815638,9.580737,16.047646,-0.169281,-0.338128,0.488424,7.716000,23.717463

0.611476,1.071905,10.335168,16.038822,-0.045110,-0.310682,0.519334,7.720000,23.717463

-0.415988,-0.894406,10.397439,16.044704,0.071601,-0.231010,0.487092,7.716000,23.717463

-0.662675,2.983131,6.915080,16.029999,0.137684,-0.230744,0.367983,7.716000,23.717463

-0.353717,1.675450,6.122328,16.032940,-0.090142,-0.192107,0.415680,7.712000,23.717463

1.195861,-0.611794,14.500107,16.044704,0.189644,0.060500,0.316823,7.716000,23.717463

-1.443451,3.282508,8.220366,16.027058,0.305022,-0.060474,0.053025,7.724000,23.717463

-0.274681,3.368729,3.672223,16.041763,-0.074420,-0.244600,0.100721,7.724000,23.717463

0.000746,-1.023737,10.299243,16.038822,-0.185802,-0.171856,0.194783,7.716000,23.717463

-0.420778,-0.441747,12.873889,16.038822,0.027635,-0.103375,0.182259,7.716000,23.717463

-0.327372,0.607271,9.678933,16.015293,0.054281,-0.155601,0.193184,7.716000,23.717463

-0.942892,2.281390,7.774892,16.035881,0.027635,-0.166526,0.209705,7.716000,23.717463

-0.629144,0.324659,8.625124,16.038822,-0.171413,-0.153203,0.338672,7.712000,23.717463

2.266434,2.293365,12.404465,16.038822,0.027635,-0.102842,0.509741,7.712000,23.717463

-3.785780,0.200118,10.617781,16.018234,0.233344,-0.116964,0.632847,7.716000,23.717463

-0.035179,1.067115,6.136698,16.041763,-0.023793,-0.141745,0.644838,7.720000,23.717463

0.340838,0.461175,11.525493,16.032940,-0.040580,-0.058875,0.679478,7.716000,23.717463

1.176700,4.058495,13.079861,16.044704,0.127558,-0.184113,0.624320,7.720000,23.717463

1.162330,1.189261,9.908854,16.012352,0.066272,-0.149473,0.560636,7.720000,23.717463

0.278568,1.950877,9.968730,16.018234,-0.029122,0.131379,0.411150,7.724000,23.717463

-0.135770,1.864656,10.181887,16.032940,0.035096,0.079152,0.356525,7.724000,23.717463

1.054554,2.314920,10.363909,16.024117,0.229613,0.046111,0.335475,7.724000,23.717463

-0.116610,0.494705,8.572433,16.012352,0.174722,0.160423,0.425539,7.724000,24.168663

-0.722550,-0.367502,8.931686,16.035881,-0.002742,0.136442,0.528927,7.724000,24.168663

-0.047155,3.088511,10.989009,16.021175,0.016976,0.088745,0.603270,7.732000,24.168663

-0.109425,1.316197,9.848979,16.027058,-0.101866,0.203324,0.613662,7.728000,24.168663

-0.147745,2.834639,10.299243,16.015293,0.054281,0.272604,0.591279,7.728000,24.168663

0.575550,1.234766,9.990285,16.024117,0.130223,0.219311,0.513472,7.732000,24.168663

0.678536,-0.559103,11.120734,16.024117,0.072667,0.282197,0.439395,7.728000,24.168663

1.437757,0.624036,9.978311,16.018234,-0.006206,0.346947,0.386103,7.728000,24.168663

0.589921,1.871841,9.463381,16.035881,-0.014733,0.422089,0.298170,7.732000,24.168663

1.078505,1.074300,9.286150,16.029999,0.061742,0.411964,0.193717,7.724000,24.168663

0.927618,-1.021342,10.634545,16.009411,-0.030454,0.370929,0.060486,7.728000,24.168663

1.224601,1.356912,10.584250,16.018234,-0.126381,0.406901,-0.051962,7.720000,24.168663

0.812657,2.753209,8.205996,16.012352,0.225083,0.495899,-0.284850,7.720000,24.168663

0.343234,4.542289,3.964416,16.029999,0.012713,0.398641,-0.489759,7.724000,24.168663

-0.322582,-4.518070,12.859519,16.027058,-0.260411,0.316304,-0.544651,7.720000,24.168663

0.290543,-0.554313,7.034831,16.024117,0.249864,0.391180,-0.789263,7.724000,24.168663

1.147960,0.669542,9.829819,16.029999,0.653555,0.245691,-1.065585,7.724000,24.168663

-0.832721,2.951995,4.455395,16.047646,0.476358,0.124717,-1.144991,7.724000,24.168663

-2.643356,-1.699132,7.743757,16.018234,-0.300381,0.126050,-1.066384,7.724000,24.168663

-1.532067,2.207144,9.238249,16.029999,-0.206319,0.540665,-0.990442,7.728000,24.168663

1.361117,4.848851,10.088481,16.018234,0.168327,-0.085788,-0.931021,7.728000,24.776940

0.910853,-0.784235,10.584250,16.032940,0.224817,-0.086854,-0.834562,7.728000,24.776940

-2.621801,-2.738571,7.228827,16.024117,-0.183670,-0.073531,-0.618994,7.728000,24.776940

-0.914152,-0.961466,13.427138,16.027058,0.598397,0.229437,-0.447125,7.736000,24.776940

-5.852682,6.273888,0.898791,16.012352,0.491279,-0.311215,-0.133233,7.736000,24.776940

-1.014742,2.827454,3.315365,16.021175,-0.522610,-0.593932,0.197447,7.732000,24.776940

-0.023204,-2.420033,16.693945,16.009411,-0.258013,-0.019705,0.363720,7.728000,24.776940

-1.395551,7.294166,18.274658,16.018234,0.259457,0.328561,0.373579,7.728000,24.776940

-0.475863,0.870723,10.893208,16.027058,0.177120,-0.845473,0.092994,7.736000,24.776940

-1.278195,-5.351537,0.189865,16.018234,0.164596,-0.439117,0.302434,7.732000,24.776940

-5.970038,-2.249987,12.045212,16.021175,-0.365930,0.253952,0.493487,7.728000,24.776940

3.451969,6.053546,5.985812,16.029999,0.033230,0.265676,0.439395,7.728000,24.776940

4.582418,1.143756,4.187153,16.027058,0.421200,-0.744483,0.277919,7.724000,24.776940

-3.972592,-1.730268,12.981665,16.024117,0.993828,-0.089785,0.028777,7.728000,24.776940

-9.325460,3.538775,3.691384,16.000587,-0.150895,0.604350,0.107383,7.728000,24.776940

1.820961,1.026400,2.335803,16.003529,-1.098436,-0.567552,-0.213438,7.720000,24.776940

3.725001,-2.973283,14.272580,16.015293,0.202434,0.100469,-0.322954,7.728000,24.776940

1.940712,7.437867,6.757009,16.018234,0.842743,0.146834,-0.381309,7.736000,24.776940

2.117943,3.366334,4.273373,16.021175,0.053482,-0.232875,-0.218767,7.728000,24.776940

-2.140402,-1.277609,15.898799,16.027058,-0.337952,0.182273,-0.207309,7.736000,24.776940

2.029327,-1.553036,19.170395,16.021175,0.616517,0.187069,-0.429805,7.736000,24.776940

-2.487679,-1.883549,8.323352,16.021175,-0.094672,0.062898,-0.431671,7.740000,24.776940

-3.615734,14.290018,5.535549,16.029999,0.213093,0.584365,-0.448458,7.732000,24.776940

4.771625,-3.037949,19.987097,16.021175,-0.366996,0.008007,-0.375181,7.728000,24.776940

1.528768,1.356912,9.125683,16.000587,0.459037,-0.010379,-0.562504,7.732000,24.776940

1.545533,-1.119538,-0.176573,16.012352,-0.724056,-0.382361,-0.279254,7.712000,24.776940

-2.741552,-7.416044,13.637900,16.029999,-0.403502,0.422356,-0.125505,7.712000,24.776940

-0.883016,5.517062,10.038186,16.012352,0.293564,0.104999,-0.393566,7.728000,24.776940

-1.350045,4.659645,4.924819,16.006470,-0.077352,-0.297093,-0.469775,7.720000,24.776940

2.141893,0.564161,-2.068639,16.015293,0.087056,-0.344257,-0.332014,7.724000,24.776940

-3.031349,-2.503859,13.685801,16.018234,-0.345146,-0.115099,-0.080207,7.724000,24.776940

-3.994147,9.452079,13.975597,16.012352,0.226149,0.070892,0.051159,7.724000,24.776940

0.671351,-3.667839,2.630390,16.018234,-0.700341,-0.929941,-0.014124,7.724000,24.776940

-1.872159,4.257281,2.565724,16.015293,-0.177275,-0.214223,0.015453,7.708000,24.776940

-1.000372,-14.663373,26.202173,16.015293,-0.573505,-0.193972,0.206774,7.720000,24.776940

-0.667465,2.420301,22.293501,16.012352,-0.313171,0.331226,0.091662,7.728000,24.776940

3.329823,10.838795,2.235212,16.032940,0.287969,-0.359179,-0.059156,7.716000,24.776940

3.135827,2.693333,7.722201,16.012352,0.282639,-0.399148,0.268859,7.724000,24.776940

-4.734208,0.018096,19.213505,16.015293,-0.478111,0.227572,0.475101,7.724000,24.776940

-0.751290,-1.306349,14.809065,16.012352,0.145145,-0.220885,0.150017,7.720000,24.776940

0.982704,-6.050883,6.481581,16.003529,0.512063,-0.384759,0.042366,7.732000,24.776940

-3.112780,5.969720,3.576422,16.027058,0.333534,0.190001,0.032774,7.740000,24.776940

-1.141679,5.826019,5.842111,16.003529,-0.352341,-0.123892,-0.183860,7.732000,24.776940

1.090480,-1.464421,4.177573,16.029999,0.392155,-0.077528,-0.248344,7.732000,12.253632

0.757572,-1.725478,4.836203,16.041763,0.155270,-0.108437,-0.129236,7.744000,12.253632

2.525096,-6.113153,14.636623,16.024117,0.456106,-0.090318,0.058087,7.744000,12.253632

-3.678004,17.231102,20.667282,16.012352,1.695956,1.065863,0.294706,7.748000,12.253632

-1.888925,10.884300,13.898957,16.027058,-1.520246,-0.706113,0.017319,7.736000,12.253632

5.094953,-14.399920,-10.820040,16.021175,-2.864283,-1.299258,0.235552,7.740000,12.253632

-1.994306,-2.556550,36.639668,16.009411,1.707414,0.798601,0.951803,7.740000,12.253632

-2.415829,4.329132,18.353693,16.009411,0.244002,-0.469494,0.483095,7.744000,12.253632

3.610040,4.468043,7.374924,16.021175,0.479822,-0.265650,0.271790,7.736000,12.253632

-6.899305,-7.360959,5.799001,16.012352,0.170192,-0.348254,0.419411,7.732000,12.253632

-3.005004,-12.426425,13.252302,16.018234,-1.019563,-0.128689,0.787395,7.716000,12.253632

8.218058,8.484490,17.498672,16.038822,-0.182338,0.505759,0.976317,7.724000,12.253632

-0.166906,-4.932409,-3.318839,16.018234,0.961319,-0.128955,0.494819,7.732000,12.253632

-3.730695,9.823307,0.340751,16.009411,0.493678,0.544396,0.244345,7.732000,12.253632

1.880836,11.986010,9.889694,16.015293,-0.422154,0.343749,0.033839,7.728000,12.253632

3.837567,-5.849701,11.113549,16.003529,-0.846895,-0.252860,-0.007729,7.720000,12.253632

3.624410,-9.590722,14.049844,16.006470,0.642897,0.658975,-0.213438,7.736000,12.253632

-2.521210,4.051310,13.374448,16.021175,0.569619,0.844699,-0.535324,7.744000,12.253632

-2.799032,23.197094,0.620969,16.003529,1.139849,0.264077,-1.019753,7.736000,12.253632

-0.897387,-14.787914,14.639018,16.015293,-2.136574,-1.108471,-0.976586,7.736000,12.253632

3.519030,9.224552,2.814806,15.997646,0.550434,0.659507,-0.770611,7.740000,25.321334

-2.425409,-2.640375,15.345549,16.021175,-0.016865,-0.049016,-0.674418,7.732000,25.321334

0.122892,-2.542179,21.689957,16.021175,-0.717128,0.092475,-0.414883,7.740000,25.321334

2.237694,8.022252,8.984377,16.029999,0.599996,0.704273,-0.570764,7.736000,25.321334

-2.825377,-0.072914,-5.007328,16.009411,0.590137,-0.747148,-0.655233,7.736000,25.321334

-3.596574,-5.806591,21.371418,16.024117,-1.384350,0.155893,0.082336,7.724000,25.321334

6.740331,-3.049924,10.239367,16.006470,0.962119,-0.291497,-0.159612,7.732000,25.321334

-5.500614,8.877274,9.674143,16.012352,0.898434,0.273403,-0.160145,7.744000,25.321334

-0.911757,4.106395,4.144042,16.003529,-0.688084,-0.555028,0.021049,7.732000,25.321334

-2.058971,-10.855292,-0.042452,16.018234,-0.261744,-0.330934,0.022382,7.732000,25.321334

-8.302787,5.294325,22.434807,16.012352,-1.095238,-0.430324,-0.012259,7.728000,25.321334

13.851143,-7.080741,7.777287,16.024117,0.135552,-0.164128,0.187855,7.736000,25.321334

-3.349886,9.813726,16.763401,16.000587,0.138217,0.436745,0.311227,7.744000,25.321334

0.177977,3.809412,14.413886,15.994705,0.160866,-0.092183,0.230755,7.740000,25.321334

0.451009,-9.217098,5.619374,16.009411,-0.167416,-0.543571,0.067414,7.740000,25.321334

-0.945287,4.743470,5.403822,16.003529,0.841944,0.482843,0.011989,7.748000,25.321334

-2.763107,8.067758,16.044895,16.009411,-0.260944,-0.396217,-0.068749,7.740000,25.321334

4.084254,2.980736,9.125683,16.027058,0.235742,-0.089519,-0.134032,7.744000,25.321334

-2.102081,0.025282,4.563171,16.018234,-0.224972,-0.136949,-0.042102,7.740000,25.321334

-2.231412,-2.820002,10.169911,16.009411,-0.792537,-0.149473,0.053291,7.732000,25.321334

-1.903295,-0.935121,15.060542,16.000587,-0.138105,0.166818,0.024247,7.732000,25.321334

0.467775,-7.420834,12.679893,16.003529,0.382563,0.031455,-0.093796,7.740000,24.988194

-2.106871,6.649906,11.987732,16.018234,0.780391,0.350411,-0.132433,7.752000,24.988194

-1.503326,6.321788,9.142448,15.997646,-0.388047,-0.158266,-0.055958,7.744000,24.988194

2.031722,8.956309,3.916515,16.021175,-0.008338,0.061299,0.034905,7.740000,24.988194

2.501146,-3.409177,10.248947,16.006470,0.047619,-0.215822,-0.040237,7.744000,24.988194

-2.724787,-2.369738,14.859360,15.988823,-0.033385,-0.007715,-0.043435,7.744000,24.988194

-1.656608,3.962693,7.137816,16.012352,0.265319,0.099137,0.058354,7.752000,24.988194

-0.523764,-0.123210,7.336603,16.000587,-0.160221,-0.220885,-0.074877,7.744000,24.988194

1.229391,0.339029,9.817844,16.000587,0.514462,-0.226214,0.255803,7.744000,24.988194

-1.136889,-4.680932,2.192101,16.012352,-0.045376,-0.074597,-0.015723,7.744000,24.988194

-0.322582,-0.432167,15.910773,16.000587,0.126492,-0.151604,0.110847,7.748000,24.988194

-1.038693,9.988563,9.322075,15.994705,0.089454,0.063697,-0.014657,7.744000,24.988194

3.722606,0.877909,3.176454,16.009411,-0.109327,-0.363442,-0.194785,7.732000,24.988194

0.819842,-9.940394,16.423307,15.988823,-0.396041,-0.187577,0.022914,7.740000,24.988194

-1.750014,1.112620,17.050802,16.006470,-0.071223,0.434613,0.160676,7.740000,24.988194

2.616107,2.616693,3.916515,16.021175,0.215491,-0.024768,-0.017588,7.740000,24.988194

-2.195487,8.039017,4.735612,16.015293,-0.235364,0.134576,0.107650,7.736000,24.988194

3.552560,-1.608122,14.902471,16.032940,-0.096537,-0.090052,0.240881,7.736000,24.988194

0.896483,2.104158,6.742639,15.997646,0.293831,-0.201166,0.144954,7.740000,24.988194

-2.667306,0.758158,13.623530,16.021175,0.054547,0.099670,0.144155,7.736000,24.988194

1.030604,-3.346906,11.582973,16.015293,-0.146898,-0.087387,0.164140,7.744000,25.610936

-1.639843,12.450643,6.306745,15.997646,0.566155,0.281930,0.134296,7.736000,25.610936

-1.014742,-7.758532,10.078901,15.997646,-0.598019,-0.577944,0.028244,7.744000,25.610936

-0.801586,0.796478,12.703842,15.994705,-0.069091,0.195063,0.229423,7.740000,25.610936

1.679655,-1.440470,9.130473,15.991764,0.678336,0.356806,0.076740,7.748000,25.610936

-3.615734,15.173780,8.105405,16.003529,0.416936,0.216114,-0.000534,7.744000,25.610936

-1.105753,-8.230350,10.641730,15.988823,-1.055269,-0.499338,0.006394,7.736000,25.610936

2.783759,-2.750546,14.449812,16.009411,0.213892,0.056769,0.213968,7.736000,25.610936

2.690353,0.729417,9.839399,16.006470,0.738290,0.262745,0.150284,7.748000,25.610936

-3.390602,3.572305,4.929609,15.997646,-0.787741,-0.187577,-0.065818,7.732000,25.610936

2.168238,-7.883073,12.078742,16.000587,0.012180,-0.213957,-0.118044,7.728000,25.610936

-0.986002,4.503968,18.504580,15.985882,-0.309440,0.397308,0.214235,7.736000,25.610936

4.972806,2.987921,3.329736,16.003529,0.237341,0.062898,-0.008262,7.732000,25.610936

3.509449,-1.876364,13.767231,15.982941,0.369240,-0.095381,0.047163,7.736000,25.610936

4.251905,2.393956,4.738007,16.009411,0.135818,0.092475,0.064216,7.736000,25.610936

-4.339030,8.508441,-1.551314,15.997646,0.075864,0.440209,-0.024516,7.716000,25.610936

0.553995,-11.468417,17.000507,15.991764,-0.459192,-0.523586,-0.164942,7.728000,25.610936

-2.188302,9.655655,17.941750,16.009411,0.788652,0.591560,0.178262,7.736000,25.610936

0.618661,1.421578,3.106999,16.006470,-0.484240,-0.572615,-0.122841,7.724000,25.610936

-0.073500,-5.097665,12.672708,15.997646,0.232278,-0.034361,-0.049297,7.720000,25.610936

-0.224386,-5.389857,15.450930,15.997646,0.316746,0.030922,-0.008528,7.736000,25.610936

1.394647,7.823465,8.974797,16.018234,-0.156757,0.129780,0.239016,7.732000,24.140343

0.652191,8.022252,-0.449605,16.027058,0.522722,0.119388,-0.032243,7.728000,24.140343

-5.546119,-6.232904,10.215417,16.012352,-0.809857,-0.456171,-0.147355,7.708000,24.140343

2.141893,-2.226037,15.922749,16.029999,0.374302,0.160423,-0.085802,7.732000,24.140343

0.570760,9.701160,8.342512,16.024117,-0.052038,-0.049816,-0.035707,7.720000,24.140343

0.975519,-4.815053,3.760839,16.003529,-0.449067,-0.059941,0.035971,7.712000,24.140343

0.795892,-7.612435,11.300361,15.997646,-0.208185,0.044778,0.145221,7.712000,24.140343

-0.581244,4.990157,14.308506,16.015293,1.151307,0.334956,0.302700,7.728000,24.140343

-2.219437,-2.470329,4.661366,16.009411,-0.653976,-0.446312,0.080737,7.720000,24.140343

-1.690138,-1.816489,9.597502,16.006470,0.033230,-0.118297,0.129233,7.716000,24.140343

1.138380,6.225987,11.970966,16.000587,0.554431,0.118056,0.125502,7.724000,24.140343

-0.679440,1.661080,7.367738,15.982941,-0.130910,-0.164395,0.021849,7.716000,24.140343

-5.136571,-3.830700,7.463539,16.012352,-0.417624,0.074089,0.015187,7.724000,24.140343

3.425624,2.532867,12.330219,16.000587,-0.119986,-0.231543,-0.021851,7.708000,24.140343

3.375329,-4.774337,4.920029,16.003529,0.354318,-0.284036,-0.033309,7.700000,24.140343

-1.922455,-3.663049,8.376042,16.021175,-0.053103,0.241428,0.082869,7.712000,24.140343

-3.254086,4.860826,7.521020,16.024117,0.028434,0.314172,-0.033842,7.712000,24.140343

-0.504603,-4.498910,13.024776,16.015293,-0.575370,-0.432189,-0.100724,7.708000,24.140343

3.380118,-3.193625,11.772180,16.006470,0.389224,0.042114,0.080204,7.716000,24.140343

-3.155890,9.202996,14.033078,16.009411,0.368973,0.659241,0.111646,7.716000,24.140343

-3.040929,-0.951886,7.073151,16.003529,-0.497030,-0.261653,-0.066883,7.712000,24.140343

0.640216,-0.635744,7.264753,16.015293,0.287436,-0.065004,-0.114314,7.716000,24.140343

-1.493746,6.762472,9.084968,16.018234,-0.064828,0.157492,-0.105254,7.712000,24.140343

0.201927,-5.121615,10.933923,15.994705,-0.289456,-0.048750,-0.238485,7.704000,24.140343

-1.148864,-1.071637,12.960110,16.000587,0.021240,0.192132,-0.183594,7.700000,22.315102

-0.710575,-3.722924,10.783037,16.009411,-0.001143,0.027192,-0.212638,7.704000,22.315102

0.314493,-4.005536,16.744240,16.018234,-0.276932,-0.026633,-0.073012,7.700000,22.315102

1.164725,4.075260,7.171347,15.991764,0.430259,0.104466,0.052225,7.704000,22.315102

-1.783544,8.472516,3.892565,16.018234,0.547503,0.129514,0.060486,7.708000,22.315102

-0.360902,-6.316730,8.177256,16.012352,-0.930298,-0.576878,0.024513,7.692000,22.315102

-2.190697,4.848851,12.907419,16.012352,0.558694,0.489238,0.091928,7.700000,22.315102

-2.128427,-3.196020,11.312336,16.018234,-0.859952,-0.534777,0.055689,7.696000,22.315102

4.378841,4.939862,10.366303,15.997646,0.643163,-0.065004,0.217965,7.700000,22.315102

0.944383,-2.609240,4.884103,16.009411,-0.305976,-0.191574,0.341870,7.696000,22.315102

-2.818192,2.065838,13.764836,16.006470,-0.108261,0.133777,0.345068,7.680000,22.315102

-0.233966,-8.108205,13.000825,16.012352,-0.078417,-0.261120,0.332011,7.692000,22.315102

-0.341742,3.842942,11.180610,15.994705,0.200569,-0.026633,0.400758,7.684000,22.315102

3.519030,4.415352,7.765312,16.000587,0.386027,0.056503,0.365052,7.688000,22.315102

-0.279472,2.599927,9.951965,16.009411,0.214425,0.047976,0.203842,7.696000,22.315102

0.513280,5.737403,7.580895,16.021175,0.167261,0.001345,0.073809,7.692000,22.315102

-0.542924,-8.623134,7.137816,16.012352,-0.448001,-0.253393,0.053824,7.676000,22.315102

-0.751290,-0.578263,11.736255,16.006470,-0.275600,0.282996,0.173199,7.668000,22.315102

0.666561,-2.738571,13.319363,16.003529,0.135818,0.054638,-0.094862,7.668000,22.315102

-1.635053,7.449842,10.407019,16.003529,0.483552,0.278466,-0.130834,7.680000,22.315102

1.991007,-0.290861,4.306904,16.032940,-0.013401,-0.427393,-0.066617,7.664000,22.315102

3.600460,-1.095588,8.555669,16.003529,-0.366197,-0.134018,0.313092,7.668000,22.315102

1.432967,4.630904,12.016472,16.024117,0.522722,0.506025,0.407686,7.680000,22.315102

-0.291447,-5.061740,12.763718,16.003529,-0.556451,-0.334664,0.452186,7.660000,22.315102

-2.516420,6.022410,7.020461,16.012352,0.750014,0.597155,0.432467,7.668000,22.315102

-7.296879,0.204908,10.754296,16.018234,-0.636656,-0.224882,0.133763,7.660000,19.864838

2.062858,-1.517111,10.933923,16.018234,0.258658,-0.119629,0.063683,7.668000,19.864838

3.269948,-3.049924,10.852492,16.000587,-0.320365,0.114325,0.172400,7.656000,19.864838

1.073714,4.147110,8.708950,16.015293,-0.029388,0.467654,0.022648,7.656000,19.864838

1.298846,-1.354250,7.621611,16.012352,-0.227103,0.038383,-0.144957,7.644000,19.864838

1.100060,1.263507,8.984377,16.009411,0.036161,0.108197,-0.198249,7.652000,19.864838

1.612594,-2.594870,10.593830,16.003529,-0.167949,0.025593,-0.313628,7.640000,19.864838

-0.130980,2.659803,12.258368,15.997646,0.206165,0.252353,-0.327750,7.640000,19.864838

-0.475863,-4.386344,7.674301,15.985882,-0.025924,0.088478,-0.306167,7.640000,19.864838

-2.401459,5.121883,9.434641,16.018234,0.058011,0.003743,-0.498020,7.632000,19.864838

0.429454,-2.420033,5.425378,16.009411,0.048152,-0.148407,-0.625922,7.652000,19.864838

-1.278195,5.442816,11.889536,16.009411,0.047086,0.115391,-0.313628,7.636000,19.864838

0.683326,-1.708713,7.762917,16.024117,0.054281,-0.072998,-0.204378,7.652000,19.864838

-0.530949,3.519615,11.285991,16.021175,-0.186868,0.050108,0.001864,7.644000,19.864838

0.800682,-2.707436,10.572275,16.024117,0.108106,-0.098045,0.117775,7.652000,19.864838

0.003141,0.339029,11.913486,16.015293,-0.079750,-0.049016,0.218764,7.644000,19.864838

1.231786,2.839429,6.838439,16.012352,0.455041,0.065296,0.273123,7.636000,19.864838

-1.457821,-4.295334,9.504096,16.012352,-0.039514,-0.025035,0.278985,7.632000,19.864838

-4.918624,-1.354250,12.404465,16.024117,-0.499428,0.134043,0.252072,7.632000,19.864838

-1.467401,3.507640,10.802197,16.015293,0.002854,0.100736,0.077273,7.628000,19.864838

1.703605,-0.032199,7.137816,16.015293,0.027635,-0.122293,-0.070347,7.628000,19.864838

0.024696,2.350845,8.138935,16.027058,-0.016065,-0.024235,-0.229426,7.628000,19.864838

1.205441,-1.035712,9.269384,16.032940,-0.198858,-0.047950,-0.319756,7.628000,19.864838

0.700091,3.778277,8.251501,16.003529,-0.011269,0.065030,-0.395965,7.616000,19.864838

0.539625,0.540211,12.006892,16.015293,-0.250819,-0.001586,-0.437533,7.620000,19.864838

1.679655,0.403695,11.669194,16.003529,0.283439,-0.028765,-0.381043,7.616000,19.864838

-1.522487,-3.188835,12.452366,16.024117,-0.039247,0.042913,-0.260069,7.624000,19.864838

-2.731972,0.511470,7.853928,16.015293,0.007916,-0.022370,-0.027447,7.608000,19.864838

-3.258876,-0.798605,12.969689,16.015293,0.181916,-0.097246,0.106584,7.612000,19.864838

-2.015861,-0.063334,4.769143,16.021175,-0.179673,-0.255525,0.031175,7.604000,19.864838

-2.394274,0.815638,10.605805,16.035881,-0.069358,-0.124958,-0.075677,7.620000,19.864838

0.635426,0.873118,9.187954,16.029999,0.281307,-0.134284,-0.179597,7.616000,19.864838

-0.478258,-3.454682,8.356882,16.006470,-0.218044,-0.194238,-0.089533,7.608000,16.506454

-1.565597,0.861143,7.408454,16.024117,-0.070424,-0.084989,-0.010127,7.608000,16.506454

-0.344137,-2.376923,8.553273,16.012352,-0.289989,-0.258189,0.208639,7.592000,16.506454

1.385067,1.419183,11.630874,16.012352,0.316214,-0.138814,0.479898,7.600000,16.506454

-2.315238,1.055140,11.317126,16.024117,0.105175,-0.082591,1.173499,7.580000,16.506454

-2.985843,1.567674,8.388017,16.024117,0.088655,-0.230744,1.334976,7.588000,16.506454

-2.118846,-1.739848,11.032119,16.038822,-0.042445,-0.351451,1.389601,7.584000,16.506454

-0.195646,-0.784235,8.244316,16.009411,-0.146632,-0.093782,1.281683,7.580000,16.506454

-0.684230,-1.596147,11.379396,16.018234,0.149408,-0.008780,1.121806,7.588000,16.506454

1.262921,-0.597424,7.968888,16.032940,-0.203655,-0.060474,0.881989,7.588000,16.506454

1.713185,0.178563,6.479186,16.032940,0.439586,0.301915,0.647236,7.604000,16.506454

-1.618287,1.764066,11.719489,16.018234,-0.308907,0.230236,0.464443,7.588000,16.506454

2.417320,5.308695,10.311218,16.027058,0.091319,0.177743,0.313359,7.596000,16.506454

1.444943,-4.671351,8.203601,16.032940,-0.166350,-0.068735,0.245677,7.580000,16.506454

0.906063,2.554422,11.139894,16.024117,0.003653,0.142837,0.219830,7.576000,16.506454

0.060621,-0.666879,12.399675,16.038822,-0.222041,0.141238,0.026112,7.572000,16.506454

0.173187,-0.956676,10.605805,16.035881,0.096382,0.106065,-0.101257,7.564000,16.506454

1.349142,2.803504,7.068361,16.032940,0.233344,0.116457,-0.065818,7.560000,16.506454

-0.447123,-1.950610,10.651311,16.021175,-0.363266,0.132711,-0.076476,7.564000,16.506454

0.041461,0.921019,7.291098,16.035881,0.033230,0.152163,-0.158280,7.548000,16.506454

-0.368087,1.771251,14.500107,16.029999,-0.110926,0.276867,-0.143092,7.568000,16.506454

0.058226,1.867052,7.899433,16.038822,-0.064028,0.096472,-0.084470,7.576000,16.506454

0.556390,2.178404,11.640453,16.032940,0.077996,0.075955,0.036504,7.576000,16.506454

0.889298,-0.709989,12.787668,16.041763,-0.227903,-0.037558,0.169202,7.576000,16.506454

-0.593219,3.807017,10.957873,16.035881,0.430792,0.186803,0.055423,7.572000,16.506454

-2.511630,-4.498910,9.676538,16.032940,-0.059765,-0.007715,-0.113248,7.576000,16.506454

-1.426686,6.587635,7.439589,16.027058,0.255727,-0.025568,-0.233422,7.580000,16.506454

3.449574,-2.415243,6.186994,16.027058,-0.172479,-0.135617,-0.300305,7.564000,16.506454

-0.164511,2.504127,11.293176,16.038822,-0.149563,0.211051,-0.402093,7.560000,16.506454

-0.301027,-1.330299,10.629756,16.027058,-0.060831,0.079152,-0.420213,7.576000,16.506454

0.393529,-0.271701,7.892248,16.032940,-0.128512,0.090344,-0.219833,7.584000,16.506454

-1.615892,1.821546,7.231222,16.047646,0.013779,0.081284,-0.069282,7.572000,16.506454

-2.542765,0.303104,7.643166,16.024117,-0.267606,-0.083390,0.216100,7.564000,16.506454

-3.364257,1.574859,7.166557,16.029999,-0.191664,-0.054079,0.510807,7.572000,16.506454

-2.530790,-1.280004,7.652746,16.032940,-0.123716,-0.000520,0.560902,7.576000,16.506454

-2.267338,5.157809,12.042817,16.027058,-0.287058,-0.063938,0.440461,7.588000,16.506454

-0.238756,-1.450051,19.017115,16.027058,-0.089342,-0.127356,0.244878,7.580000,2699.424494

4.273461,-0.571078,13.463063,16.024117,0.177920,-0.296560,-0.071413,7.592000,2699.424494

2.062858,3.069351,15.764677,16.038822,0.596799,0.085281,-0.094862,7.616000,2699.424494

5.767953,2.815479,3.734494,16.018234,0.164863,-0.357047,0.025579,7.616000,2699.424494

-4.360585,3.526800,8.900552,16.029999,0.463834,0.819651,0.041567,7.624000,2699.424494

-4.233649,2.015543,10.404624,16.038822,0.136618,0.073024,-0.212105,7.632000,2699.424494

-0.413593,0.892279,8.550879,16.038822,-0.067492,-0.002385,-0.213438,7.640000,2699.424494

0.503700,-1.447655,9.046648,16.038822,0.212027,0.141771,-0.127104,7.632000,2699.424494

3.040026,-5.270106,10.124407,16.050587,0.559760,-0.021304,-0.001867,7.636000,2699.424494

-4.980895,1.661080,8.867022,16.029999,-0.051505,0.379722,0.038636,7.632000,2699.424494

-2.238597,0.595296,7.358159,16.035881,0.263987,-0.097246,-0.171870,7.620000,2699.424494

5.118903,-2.079941,11.235696,16.021175,-0.281462,-0.339194,0.095925,7.620000,2699.424494

0.316888,5.905055,9.408296,16.038822,0.533913,0.301915,0.330945,7.624000,2699.424494

-2.827772,-3.222365,10.241762,16.027058,0.220554,0.156426,0.332544,7.624000,2699.424494

-1.855394,-3.435522,11.863191,16.029999,0.468097,-0.017840,0.500948,7.648000,2699.424494

0.553995,3.011871,12.945740,16.024117,0.829420,0.078086,0.696532,7.664000,2699.424494

0.441429,12.692540,7.715016,16.035881,1.563258,0.198527,0.580087,7.668000,2699.424494

-8.434513,-4.764757,11.712304,16.018234,-1.056601,0.058102,0.715184,7.660000,2699.424494

4.874610,1.347332,10.754296,16.035881,0.556829,-0.099644,0.445790,7.644000,2699.424494

3.095111,5.861944,9.607082,16.027058,1.066305,0.569443,0.366651,7.652000,2699.424494

-0.581244,-1.105168,8.922107,16.038822,0.135818,0.078086,0.159343,7.656000,2699.424494

-1.620682,-0.111235,4.989484,16.038822,0.034030,0.412763,0.217965,7.640000,2699.424494

-1.999095,-3.287030,10.033396,16.059410,-0.492234,0.116990,-0.146289,7.624000,2699.424494

-0.468678,0.758158,9.492122,16.035881,-0.074420,0.278466,-0.236354,7.624000,2699.424494

-1.491351,5.555382,6.970165,16.041763,0.285037,0.351743,-0.473772,7.624000,2699.424494

0.427059,-4.539626,9.659773,16.027058,0.185114,0.037584,-0.671753,7.628000,2699.424494

-2.288893,4.168665,18.662651,16.027058,-0.489835,0.088745,-0.748228,7.628000,2699.424494

-0.336952,5.524247,5.513993,16.044704,0.925880,0.321899,-1.074378,7.636000,18.752535

-0.715365,1.833521,2.599255,16.029999,-0.328892,-0.523319,-1.070381,7.640000,18.752535

2.299965,5.033267,4.773932,16.027058,-0.039780,0.292056,-0.651236,7.628000,18.752535

-0.380062,-6.161054,15.611396,16.035881,-0.863416,0.175878,-0.535058,7.620000,18.752535

-1.697323,-4.506095,12.837963,16.038822,-0.062696,-0.020238,-0.817508,7.624000,18.752535

-3.342701,2.417906,11.039304,16.029999,-0.139437,0.259281,-0.426874,7.616000,18.752535

-3.575018,1.814361,5.458908,16.035881,0.080128,0.013336,-0.475903,7.608000,18.752535

-3.036139,3.205868,13.707355,16.032940,-0.590025,-0.491610,-0.585952,7.588000,18.752535

1.945502,0.801268,10.818962,16.027058,-0.013134,-0.267249,-0.506014,7.584000,18.752535

2.922670,-1.533876,10.007051,16.038822,-0.155159,-0.374367,-0.404491,7.592000,18.752535

-1.567992,2.195169,9.781919,16.027058,0.102244,0.100469,-0.358660,7.588000,18.752535

-2.044601,1.998778,6.239684,16.035881,0.241071,-0.095914,-0.319490,7.616000,18.752535

-0.586034,1.639525,5.636139,16.038822,-0.255348,-0.358113,-0.173468,7.608000,18.752535

2.283200,1.567674,10.100456,16.047646,0.082792,-0.138281,-0.001334,7.608000,18.752535

-1.345255,6.602005,11.022539,16.038822,0.385494,0.108463,0.237683,7.620000,18.752535

-0.705785,-0.046569,10.368698,16.032940,-0.081348,-0.216088,0.325616,7.620000,18.752535

-1.946405,-4.072597,7.501860,16.027058,-0.062696,-0.314679,0.409552,7.620000,18.752535

-2.279313,1.467083,13.925303,16.027058,0.289834,-0.297892,0.554507,7.620000,18.752535

-1.745224,7.152860,11.987732,16.021175,0.576281,-0.209693,0.498017,7.616000,18.752535

1.763480,-2.580500,7.140212,16.029999,0.138750,-0.416202,0.662158,7.624000,18.752535

-1.333280,10.628034,9.884905,16.024117,0.727365,0.147633,0.728507,7.628000,18.752535

-4.746183,0.741392,3.746469,16.035881,-0.191131,-0.407675,0.600072,7.624000,18.752535

-2.969078,1.234766,6.112748,16.029999,-0.297450,-0.318143,0.467640,7.604000,18.752535

2.556232,-3.143329,14.004338,16.044704,-0.285725,-0.334931,0.399692,7.604000,18.752535

2.225719,1.354517,10.198652,16.056469,0.362578,0.045311,0.262198,7.600000,18.752535

-0.878226,-0.405822,8.958032,16.044704,-0.025658,0.154028,0.146553,7.596000,18.752535

-1.630263,3.809412,5.387057,16.047646,-0.093073,-0.065271,-0.046899,7.604000,18.752535

0.688116,2.343660,9.195139,16.041763,-0.343814,-0.031163,-0.087667,7.588000,18.752535

1.004259,3.351964,10.768666,16.044704,0.117699,0.030922,-0.149220,7.588000,18.752535

0.805472,1.232371,8.344907,16.035881,0.109172,-0.078594,-0.095128,7.604000,18.752535

-1.124913,3.354359,7.992838,16.044704,-0.149030,-0.006649,0.021316,7.604000,18.752535

0.283358,1.179681,13.783997,16.018234,-0.319299,-0.019705,0.137227,7.600000,18.752535

1.409017,4.108790,9.298124,16.029999,0.453442,-0.063405,0.190786,7.608000,16.959183

-1.795519,2.765184,5.540339,16.035881,0.166462,0.138573,0.405555,7.600000,16.959183

-4.576137,-1.035712,14.986296,16.047646,-0.084280,0.011471,0.225959,7.592000,16.959183

1.373092,-0.070519,11.798525,16.056469,-0.044310,-0.483084,0.270725,7.588000,16.959183

4.309386,2.010753,12.423625,16.044704,-0.228702,-0.253127,0.444192,7.600000,16.959183

-1.354835,-0.987812,7.437194,16.041763,0.209096,0.147899,0.232620,7.600000,16.959183

-2.595455,1.354517,6.591752,16.053528,-0.159688,-0.039957,0.168936,7.600000,16.959183

-1.824259,2.219119,7.762917,16.047646,-0.161021,-0.106839,0.219297,7.604000,16.959183

2.278409,1.191656,10.272898,16.038822,-0.197260,-0.022104,0.249674,7.596000,16.959183

1.758690,0.782108,9.877720,16.044704,0.162465,0.063697,0.198780,7.596000,16.959183

-0.372877,0.911439,10.514794,16.059410,-0.133042,0.023728,0.195582,7.604000,16.959183

-2.032626,5.699083,6.486372,16.062351,0.165396,-0.025035,0.158277,7.600000,16.959183

0.005536,-0.444142,11.209351,16.047646,-0.089875,-0.102042,0.127368,7.604000,16.959183

0.872533,1.234766,12.768508,16.062351,0.037494,-0.098845,0.208106,7.600000,16.959183

2.096388,0.849168,5.226591,16.021175,0.355117,-0.106306,0.329080,7.604000,16.959183

-4.065998,0.671937,11.221325,16.050587,-0.510353,0.077553,0.528927,7.600000,16.959183

2.604132,3.680081,15.836528,16.068233,0.161399,-0.181448,0.586216,7.604000,16.959183

2.077228,-1.474001,9.928015,16.050587,0.343659,-0.110836,0.680810,7.596000,16.959183

-3.421737,2.089788,12.210468,16.062351,0.172590,0.245958,0.806847,7.612000,16.959183

1.648519,3.306458,4.175178,16.047646,0.157668,-0.161463,0.827631,7.604000,16.959183

-0.890202,3.778277,11.717094,16.047646,-0.390711,0.155627,0.865469,7.612000,16.959183

2.405345,5.677528,8.064690,16.050587,0.387625,0.025860,0.657362,7.604000,16.959183

0.134867,2.753209,8.299401,16.053528,0.513129,-0.090052,0.441527,7.608000,16.959183

-2.717601,-2.573315,6.213339,16.044704,-0.050439,-0.236872,0.545714,7.612000,16.959183

0.336049,1.965247,14.526452,16.044704,-0.146632,-0.021571,0.691202,7.604000,16.959183

2.582577,0.401300,6.098378,16.053528,0.590137,0.079152,0.969656,7.608000,16.959183

-2.454149,-0.439352,9.154424,16.056469,-0.337685,0.128448,0.934483,7.600000,16.959183

-2.209857,1.632339,19.026693,16.053528,-0.047774,0.115924,0.821503,7.604000,16.959183

6.179896,1.982013,18.439915,16.053528,0.160067,-0.151338,0.758884,7.600000,16.959183

4.558468,1.033585,8.131750,16.065292,1.166229,0.332558,0.625386,7.616000,16.959183

-6.307735,9.605360,7.715016,16.050587,0.136618,0.510555,0.371714,7.620000,17.093378

1.104850,-0.798605,9.590317,16.044704,0.021240,-0.137482,0.257934,7.616000,17.093378

-0.708180,0.195328,8.783195,16.047646,0.254927,0.303780,0.115377,7.616000,17.093378

-0.324977,4.829691,5.767866,16.044704,0.162731,0.191333,0.027444,7.616000,17.093378

0.597106,-4.213903,11.372211,16.050587,0.189644,0.006674,0.045031,7.604000,17.093378

-1.587152,-0.166320,11.082415,16.059410,-0.290255,0.363468,0.128967,7.604000,17.093378

-0.068710,2.676568,9.813054,16.050587,0.368973,0.332558,0.112712,7.592000,17.093378

0.417479,1.797596,9.585527,16.053528,-0.256148,0.192665,0.220097,7.592000,17.093378

-0.526159,-0.999787,11.887141,16.047646,0.657818,-0.072731,0.070345,7.592000,17.093378

1.792220,-0.444142,6.433681,16.041763,-0.001676,-0.086588,0.249141,7.600000,17.093378

-5.232372,-0.616584,10.943503,16.047646,-0.107728,0.472451,0.406620,7.588000,17.093378

-4.092343,-2.115866,9.923224,16.050587,0.096648,-0.182780,0.206774,7.584000,17.093378

1.246156,-1.598542,7.389294,16.059410,-0.423486,-0.269114,0.395962,7.572000,17.093378

3.945343,-0.228591,14.243840,16.047646,0.513129,0.075955,0.561169,7.572000,17.093378

4.031564,-2.400873,12.579302,16.041763,-0.172745,0.014668,0.557971,7.572000,17.093378

-0.911757,7.172020,7.156977,16.053528,0.437454,0.669100,0.500415,7.564000,17.093378

-5.083880,0.092342,7.267148,16.053528,-0.524476,0.206521,0.040235,7.536000,17.093378

1.488053,-0.475278,15.934724,16.053528,-0.465854,-0.171856,-0.173202,7.528000,17.093378

1.032999,1.531749,5.595424,16.032940,0.264786,0.180408,-0.077542,7.524000,17.093378

-1.508116,9.114381,6.603727,16.050587,-0.129578,0.131112,0.063417,7.540000,17.093378

-0.526159,-6.999310,10.040581,16.047646,-0.135440,-0.112967,0.121772,7.508000,17.093378

0.874928,-1.246474,11.281200,16.044704,-0.549790,0.026393,0.221962,7.532000,17.093378

-3.795360,6.944493,13.106206,16.071175,0.162198,0.893195,0.431668,7.548000,17.093378

-0.085475,3.193892,5.142766,16.053528,0.004452,-0.434321,0.170801,7.516000,17.093378

0.903668,-3.083454,8.579618,16.062351,-0.090408,-0.250728,0.167870,7.512000,17.093378

1.056949,-4.043857,10.967453,16.053528,0.064673,0.064763,0.146553,7.504000,17.093378

-2.018256,4.420143,12.021262,16.082939,-0.097070,0.382919,0.215833,7.496000,17.093378

0.831818,0.794083,7.101892,16.053528,-0.166350,-0.116698,0.114578,7.484000,17.093378

2.910695,4.743470,10.574670,16.065292,0.416137,-0.007448,0.157212,7.484000,17.093378

-0.248336,-3.703764,6.016947,16.044704,-0.337952,-0.219286,0.210238,7.468000,17.093378

-0.298632,-1.735058,9.700488,16.062351,-0.049107,0.154827,0.365585,7.476000,17.093378

-0.013624,1.668265,10.792617,16.059410,0.329004,0.120454,0.448988,7.480000,17.093378

-0.142955,1.052745,5.159531,16.056469,-0.140503,0.093541,0.433533,7.440000,17.093378

-1.048273,-0.278886,12.998430,16.059410,-0.259612,0.040249,0.290709,7.456000,17.093378

0.867743,-0.547128,12.181728,16.068233,0.098780,0.143903,0.209438,7.432000,17.093378

-0.267496,2.434671,11.994917,16.056469,0.063341,0.138573,0.046630,7.436000,17.093378

3.471129,1.558094,11.080019,16.068233,0.008183,-0.047950,-0.135631,7.368000,17.093378

3.454364,-2.151791,9.949570,16.047646,-0.233765,0.031722,-0.058890,7.380000,17.093378

1.626964,1.704190,8.332932,16.074116,-0.020861,0.195063,-0.086868,7.248000,13.325668

0.649796,-2.046410,10.095666,16.050587,-0.095471,0.113792,-0.227827,7.232000,1892.577253

0.316888,-1.909894,9.640613,16.062351,0.056946,0.126582,-0.192387,7.152000,1892.577253

-0.669860,-0.527968,7.204877,16.056469,0.104376,0.086880,-0.077275,7.128000,1892.577253

-0.923732,3.402259,10.502819,16.065292,-0.169281,0.089544,0.078605,6.996000,1892.577253

-0.277076,-2.154186,12.076347,16.065292,-0.050705,-0.070866,0.081270,6.852000,1892.577253

1.935922,-0.254936,10.938713,16.053528,-0.118387,0.037850,0.156412,6.708000,1892.577253

1.420992,-0.872851,7.513834,16.050587,-0.034185,0.069559,0.385037,6.572000,1892.577253

0.161212,-0.966257,10.727951,16.032940,-0.102932,0.053572,0.489490,6.432000,1892.577253

0.968334,0.319869,11.973362,16.056469,0.021240,0.034120,0.453518,6.284000,1892.577253

0.355209,0.638407,9.216694,16.068233,0.070002,0.107930,0.427937,6.148000,1892.577253

-0.978817,-1.294374,9.171188,16.074116,-0.031786,0.027458,0.476967,5.968000,1892.577253

-0.296237,-1.284794,10.339958,16.071175,-0.037116,-0.006382,0.483628,5.832000,1892.577253

-0.289052,-0.532758,11.274015,16.047646,0.071601,-0.067669,0.367717,5.700000,1892.577253

0.637821,-0.930331,9.762758,16.056469,-0.004341,-0.074064,0.039968,5.532000,1892.577253

1.799406,-1.119538,9.743598,16.077057,-0.004074,-0.044486,-0.077808,5.396000,1892.577253

2.204164,-2.012880,10.306428,16.041763,0.037760,-0.038358,-0.086602,5.268000,1892.577253

1.732345,-1.706318,9.765154,16.065292,0.047353,-0.005583,-0.078874,5.140000,1892.577253

1.191071,0.257598,9.405901,16.085880,0.081727,0.005875,-0.127104,5.016000,1892.577253

1.557508,2.997501,9.250224,16.071175,0.075864,0.004010,-0.166274,4.892000,1892.577253

1.420992,4.891962,8.699369,16.071175,0.069203,0.079952,-0.221165,4.768000,1892.577253

0.204322,5.414076,8.919712,16.059410,-0.009670,0.106331,-0.281386,4.636000,1892.577253

0.259408,4.812926,9.310100,16.059410,-0.066693,0.070359,-0.295242,4.516000,1892.577253

-0.162116,2.729259,9.717253,16.059410,-0.095205,0.071958,-0.269661,4.396000,1892.577253

-0.511788,0.240833,9.690907,16.082939,-0.076819,0.023461,-0.236620,4.244000,1892.577253

0.146842,-0.683644,9.523256,16.079998,-0.041912,0.009605,-0.174534,4.132000,1892.577253

-0.542924,-0.468093,10.224998,16.059410,0.042290,-0.013310,0.038636,3.916000,1892.577253

-0.253126,0.916229,9.525652,16.071175,0.096648,-0.059941,0.047962,3.792000,1892.577253

0.307308,2.566397,9.892090,16.082939,0.133420,-0.037292,0.007993,3.680000,1892.577253

-0.241151,3.349569,8.996352,16.079998,0.065739,-0.053013,-0.071147,3.568000,1892.577253

-0.425568,4.796161,8.373647,16.071175,0.052949,-0.069267,-0.061821,3.464000,1892.577253

-0.284262,4.606954,8.907737,16.074116,-0.013933,-0.068735,0.030375,3.364000,1892.577253

-0.586034,2.851404,9.817844,16.079998,-0.033119,-0.107638,0.069012,3.272000,1892.577253

0.326468,1.182076,9.880115,16.088821,-0.046975,-0.112434,0.007993,3.216000,1892.577253

0.309703,0.003726,9.175979,16.074116,-0.016065,-0.114833,-0.057824,3.160000,1892.577253

0.616266,-0.142370,9.405901,16.085880,0.010315,-0.115365,-0.057557,3.116000,1892.577253

0.551600,0.968919,9.951965,16.094706,0.038027,-0.111369,-0.043168,3.068000,1892.577253

0.240248,2.484967,9.614267,16.074116,0.057212,-0.104174,-0.030378,3.024000,1892.577253

0.726437,3.565120,8.958032,16.094706,0.040958,-0.104707,0.031175,2.980000,1892.577253

0.482145,3.838153,9.063413,16.082939,0.017776,-0.094315,0.099922,2.936000,1892.577253

0.532440,2.889725,9.427456,16.088821,-0.018730,-0.114566,0.110581,2.892000,1892.577253

0.534835,1.823941,9.465776,16.088821,-0.025924,-0.112967,0.037836,2.852000,1892.577253

0.930013,0.841983,9.580737,16.091763,-0.021128,-0.110569,-0.055426,2.812000,1892.577253

1.135985,0.566556,9.573552,16.091763,0.002587,-0.098845,-0.107919,2.772000,1892.577253

1.176700,1.450318,9.343630,16.082939,0.028701,-0.083656,-0.083138,2.716000,1892.577253

1.385067,2.314920,9.238249,16.088821,0.029233,-0.076995,-0.017588,2.676000,1892.577253

1.152750,3.088511,9.164003,16.082939,0.021240,-0.036759,0.088997,2.636000,1892.577253

0.640216,3.172337,9.250224,16.103529,0.006051,-0.031163,0.172933,2.596000,1892.577253

0.656981,2.671778,9.415481,16.079998,-0.007805,-0.056744,0.206241,2.556000,1892.577253

1.943107,1.558094,9.372371,16.079998,-0.024858,-0.038358,0.179594,2.496000,1892.577253

1.773060,1.136571,9.391530,16.088821,-0.001410,-0.005050,0.102054,2.456000,1892.577253

1.706000,1.366493,9.542417,16.085880,0.010315,0.017599,0.011457,2.416000,1892.577253

1.684445,1.756881,9.362790,16.106470,0.010048,0.038916,-0.048764,2.380000,1892.577253

1.526373,2.374796,9.331655,16.094706,0.016976,0.062631,-0.055426,2.348000,1892.577253

1.258131,2.702913,9.336445,16.094706,-0.002742,0.074089,-0.011992,2.296000,1892.577253

1.279686,2.365216,9.295730,16.106470,-0.004341,0.090610,0.021849,2.260000,1892.577253

1.188675,1.943692,9.243039,16.088821,-0.007538,0.102334,0.029310,2.224000,1892.577253

0.771942,1.510194,9.393926,16.103529,-0.009404,0.119654,-0.000534,2.192000,1892.577253

0.070201,1.404813,9.513677,16.115294,-0.000077,0.110062,-0.064485,2.156000,1892.577253

0.161212,1.845496,9.556787,16.097647,0.004719,0.093808,-0.090066,2.120000,1892.577253

0.122892,2.204749,9.365185,16.106470,0.006851,0.081550,-0.057024,2.084000,1892.577253

0.041461,2.487362,9.432246,16.109411,-0.000610,0.070359,0.011190,2.052000,1892.577253

-0.198041,2.293365,9.408296,16.106470,0.003120,0.057569,0.048228,2.016000,1892.577253

-0.308212,2.075418,9.420271,16.097647,-0.006739,0.031722,0.039968,1.984000,1892.577253

-0.025599,1.728140,9.453801,16.077057,-0.009137,0.011204,-0.015723,1.940000,1892.577253

0.211507,1.735325,9.575947,16.106470,-0.006739,-0.000254,-0.056758,1.912000,1892.577253

0.213903,1.874237,9.391530,16.097647,-0.004874,0.000279,-0.077808,1.880000,1892.577253

0.163607,2.092183,9.494516,16.091763,0.003120,-0.011445,-0.083937,1.844000,1892.577253

0.280963,2.331685,9.496911,16.106470,-0.000344,-0.022903,-0.054626,1.816000,1892.577253

0.618661,2.288575,9.312495,16.091763,-0.003808,-0.025301,-0.010127,1.788000,1892.577253

0.628241,2.161639,9.434641,16.094706,-0.008604,-0.019705,0.026112,1.756000,1892.577253

0.747992,1.905372,9.444221,16.100588,-0.010469,-0.016508,0.025846,1.724000,1892.577253

0.807867,1.747301,9.398716,16.097647,-0.008338,-0.012244,-0.002399,1.696000,1892.577253

0.867743,1.843101,9.453801,16.100588,-0.001410,-0.001320,-0.034109,1.644000,1892.577253

0.728832,2.195169,9.439431,16.106470,0.003120,0.006141,-0.019453,1.612000,1892.577253

0.815052,2.245465,9.350815,16.097647,-0.002209,0.010938,0.002930,1.580000,1892.577253

0.779127,2.116133,9.396320,16.094706,-0.008071,0.017599,0.021049,1.556000,1892.577253

0.726437,1.898187,9.405901,16.094706,-0.009137,0.024527,0.010391,1.528000,1892.577253

0.573155,1.821546,9.439431,16.106470,-0.005140,0.028524,-0.023983,1.500000,1892.577253

0.597106,1.895792,9.465776,16.118235,-0.003275,0.025860,-0.048498,1.472000,1892.577253

0.597106,2.032308,9.425060,16.088821,-0.001676,0.031988,-0.044767,1.448000,1892.577253

0.388739,2.154454,9.468171,16.097647,-0.000610,0.029857,-0.021318,1.420000,1892.577253

0.441429,2.164034,9.516071,16.103529,-0.003275,0.026126,0.008792,1.396000,1892.577253

0.515675,2.029913,9.307705,16.109411,-0.002742,0.026926,0.026112,1.368000,1892.577253

0.407899,1.962852,9.556787,16.118235,0.001788,0.029324,0.021316,1.340000,1892.577253

0.400714,1.859866,9.482541,16.112352,-0.001943,0.023994,0.001864,1.320000,1892.577253

0.352814,1.907767,9.403505,16.132940,-0.000077,0.022929,-0.015456,1.292000,1892.577253

0.398319,2.029913,9.405901,16.115294,-0.002742,0.016800,-0.008795,1.272000,1892.577253

0.326468,1.958062,9.415481,16.115294,0.000189,0.025327,0.014654,1.248000,1892.577253

0.268988,1.974827,9.506492,16.112352,-0.003541,0.016533,0.012522,1.228000,1892.577253

0.336049,2.020333,9.425060,16.127058,-0.001410,0.012537,0.001331,1.204000,1892.577253

0.319283,2.037098,9.439431,16.132940,-0.001143,0.010938,-0.003199,1.192000,1892.577253

0.288148,2.001173,9.449011,16.118235,-0.000877,0.009339,-0.000801,1.176000,1892.577253

0.225878,1.950877,9.446616,16.118235,0.000988,0.000812,-0.000001,1.160000,1892.577253

0.240248,2.063443,9.465776,16.141764,-0.001143,-0.004251,0.011457,1.148000,1892.577253

0.290543,2.061048,9.355605,16.132940,-0.003009,-0.006915,0.019450,1.136000,1892.577253

0.319283,2.053863,9.482541,16.129999,-0.001943,-0.011712,0.022382,1.120000,1892.577253

0.371974,2.046678,9.494516,16.124117,-0.004074,-0.015176,0.016519,1.108000,1892.577253

0.486935,1.984407,9.460986,16.118235,-0.004607,-0.016508,0.012256,1.100000,1892.577253

0.577946,1.982013,9.398716,16.124117,-0.002476,-0.014643,0.014121,1.092000,1892.577253

0.417479,1.857471,9.381950,16.124117,-0.000344,-0.009047,0.011989,1.080000,1892.577253

0.494120,1.950877,9.532837,16.121176,-0.001943,-0.017574,0.009325,1.076000,1892.577253

0.482145,1.998778,9.326865,16.135881,-0.003009,-0.010646,0.009325,1.064000,1892.577253

0.367184,2.142479,9.425060,16.132940,-0.000877,-0.015442,0.010124,1.056000,1892.577253

0.577946,2.077813,9.441826,16.132940,-0.004341,-0.015975,0.011457,1.052000,1892.577253

0.496515,2.020333,9.420271,16.138823,-0.000877,-0.009846,0.009591,1.044000,1892.577253

0.479750,1.965247,9.432246,16.132940,-0.005140,-0.013044,0.002130,1.036000,1892.577253

0.553995,1.955667,9.410690,16.124117,-0.001943,-0.011712,-0.005597,1.028000,1892.577253

0.585131,1.941297,9.384345,16.138823,-0.008604,-0.008780,-0.006130,1.028000,1892.577253

0.522860,2.010753,9.489726,16.115294,0.000722,-0.005583,0.001065,1.024000,1892.577253

0.532440,2.049073,9.451406,16.127058,-0.000077,-0.007715,0.012256,1.016000,1892.577253

0.616266,2.084998,9.343630,16.109411,-0.000877,-0.003451,0.019184,1.012000,1892.577253

0.731227,2.113739,9.460986,16.129999,-0.002742,-0.003185,0.019184,1.004000,1892.577253

0.764757,2.037098,9.432246,16.129999,-0.005673,0.010405,0.013588,1.004000,1892.577253

0.640216,1.931717,9.401111,16.147646,-0.004607,0.013336,-0.001334,1.000000,1892.577253

0.637821,1.862262,9.429851,16.138823,-0.002476,0.017333,-0.008795,0.992000,1892.577253

0.577946,1.936507,9.456196,16.118235,0.000455,0.020797,-0.007995,0.992000,1892.577253

0.570760,1.974827,9.377160,16.135881,-0.001943,0.020530,0.001065,0.984000,1892.577253

0.446219,2.111343,9.451406,16.135881,0.002854,0.022929,0.006394,0.984000,1892.577253

0.288148,2.044283,9.566367,16.118235,-0.000877,0.015468,-0.008795,0.976000,1892.577253

0.345629,1.967642,9.384345,16.129999,-0.005940,0.011737,-0.018387,0.976000,1892.577253

0.383949,1.936507,9.398716,16.129999,-0.004074,0.011471,-0.017588,0.972000,1892.577253

0.419874,1.965247,9.494516,16.124117,0.000988,0.008806,-0.009860,0.968000,1892.577253

