ax,ay,az,gx,gy,gz,temp,volt,vel

0.086966,2.231094,9.374765,16.471176,-0.002209,-0.009047,-0.004265,2.864000,0.000000

0.048646,2.142479,9.322075,16.482941,-0.001143,-0.011445,-0.018121,2.776000,2766.654578

-0.068710,2.223909,9.427456,16.485882,-0.000610,-0.014110,0.000265,2.724000,2772.177894

-0.032785,2.197564,9.381950,16.506470,0.000455,-0.015975,0.015453,2.664000,2773.839254

0.278568,2.310130,9.386741,16.506470,-0.002209,-0.017307,0.009858,2.608000,2770.518653

0.177977,2.283785,9.413086,16.506470,-0.005140,-0.013310,-0.004265,2.556000,2767.757631

0.213903,2.219119,9.420271,16.515293,-0.005940,-0.005583,-0.030112,2.500000,2777.167906

0.043856,2.080208,9.379556,16.500587,-0.008071,-0.004517,-0.005064,2.444000,2775.502520

0.271383,1.962852,9.417875,16.512352,-0.005140,-0.009580,0.012522,2.400000,2774.948028

0.333654,2.063443,9.305309,16.515293,-0.000344,-0.001053,0.035971,2.348000,2772.177894

0.139657,2.159244,9.468171,16.529999,0.000722,-0.001586,0.039435,2.300000,2776.057437

0.115707,2.278995,9.417875,16.532940,-0.001676,-0.005583,0.027444,2.228000,2774.393535

0.379159,2.197564,9.441826,16.515293,0.000722,0.005076,0.004529,2.180000,2775.502520

-0.004044,2.207144,9.264594,16.550587,-0.003009,-0.000787,0.006927,2.132000,2777.167906

0.278568,2.192774,9.535232,16.527058,-0.002209,0.013602,-0.000534,2.088000,2774.393535

0.177977,2.204749,9.346025,16.547646,-0.004074,0.023195,0.026112,2.044000,2768.861319

-0.358507,2.010753,9.410690,16.535881,-0.009937,-0.016241,0.042366,2.000000,2768.861319

0.386344,2.336475,9.460986,16.541763,-0.001410,0.011737,0.036770,1.956000,2777.167906

-0.324977,2.360425,9.235854,16.553528,-0.011802,-0.012777,0.036770,1.912000,2772.731539

0.300123,2.286180,9.506492,16.544704,-0.003541,-0.013310,0.015453,1.868000,2773.839254

0.283358,2.238280,9.348420,16.574116,-0.007005,-0.007448,0.015453,1.824000,2772.177894

0.441429,2.125714,9.346025,16.579998,-0.002742,0.003210,0.007993,1.768000,2759.506981

-0.130980,2.010753,9.417875,16.571175,-0.007538,-0.020505,0.005328,1.732000,2775.502520

0.106127,2.238280,9.389135,16.574116,-0.000344,-0.006382,-0.001867,1.692000,2776.057437

-0.071105,2.231094,9.393926,16.579998,-0.009137,-0.025035,0.005328,1.652000,2776.057437

0.273778,2.240674,9.389135,16.577057,0.003120,-0.020505,-0.004531,1.608000,2773.839254

0.400714,2.099368,9.276569,16.579998,-0.002209,-0.005050,0.025579,1.564000,2776.612565

0.221088,1.955667,9.528047,16.582939,-0.004874,-0.023169,-0.010926,1.544000,2773.285397

0.137262,2.185589,9.283754,16.615294,-0.002209,-0.001852,-0.015190,1.504000,2767.205892

0.252223,2.278995,9.472961,16.594706,-0.002742,-0.012511,-0.011193,1.468000,2774.393535

0.415084,2.250255,9.405901,16.582939,-0.005673,-0.002119,0.012522,1.436000,2772.731539

0.103732,2.199959,9.353210,16.600588,0.004985,0.011737,0.024247,1.388000,2773.839254

0.074991,2.104158,9.496911,16.582939,-0.004607,-0.021038,-0.010660,1.352000,2769.966067

0.467775,2.226305,9.317285,16.591763,0.002054,0.006141,-0.015989,1.316000,2776.612565

0.278568,2.235884,9.451406,16.577057,-0.004074,-0.011179,-0.055426,1.280000,2758.958844

-0.020809,2.614298,9.199929,16.582939,-0.000877,-0.015176,-0.034908,1.252000,2769.966067

0.249828,2.346056,9.257409,16.600588,-0.003541,-0.015442,-0.101257,1.220000,2763.901183

1.006654,2.777159,8.926897,16.591763,-0.002209,0.003477,-0.153217,1.192000,2773.285397

0.283358,3.665711,8.019184,16.603529,0.011114,0.051973,0.028244,1.172000,2760.055541

-0.554899,1.732930,10.802197,16.597647,0.044422,-0.108970,0.298170,1.156000,2631.887606

-0.636329,1.771251,9.317285,16.606470,0.030033,0.005076,-0.043435,1.136000,2776.057437

2.563417,1.716165,9.025092,16.606470,-0.082148,-0.065004,-0.235021,1.112000,2713.667989

-0.027994,2.300550,10.272898,16.612352,0.025503,0.038383,-0.058890,1.088000,2732.357173

-1.709298,1.091065,8.160490,16.606470,0.053215,-0.033029,0.077006,1.076000,2633.884586

-1.019533,1.833521,9.916039,16.621176,-0.045909,-0.012511,0.136427,1.064000,2764.451438

-0.775241,3.672896,10.004656,16.600588,0.010315,-0.041289,0.105518,1.052000,2516.462413

-0.233966,2.942415,8.684999,16.597647,0.011913,-0.021038,0.197714,1.032000,2678.078957

-0.344137,3.931558,9.022697,16.603529,0.013246,-0.085788,0.125502,1.068000,2446.412827

0.467775,4.439303,9.626243,16.606470,0.031898,-0.022370,0.110048,1.204000,2446.412827

-0.018414,4.372242,10.112432,16.615294,0.033497,0.024794,0.086333,1.360000,2446.412827

-0.289052,3.222633,8.673024,16.600588,0.057212,0.011204,0.238483,1.464000,2446.412827

-0.353717,3.366334,10.038186,16.597647,0.069736,-0.028232,0.355460,1.736000,2516.462413

0.451009,3.227422,7.961703,16.600588,0.040158,0.002144,0.369316,2.044000,2699.949323

0.860558,3.766302,8.869416,16.603529,0.046287,0.034919,0.350130,3.076000,2602.781500

1.061739,3.476505,9.003537,16.612352,0.026036,0.030922,0.379441,4.420000,1577.398508

1.056949,5.220079,7.909013,16.600588,0.009515,0.095406,0.256602,4.648000,2682.735679

-0.389642,5.349410,8.462263,16.606470,-0.014999,0.122852,0.000532,5.624000,2733.432893

0.841398,3.802227,9.937595,16.615294,-0.091208,0.102334,-0.197716,5.856000,2771.071451

1.104850,5.440421,8.388017,16.618235,-0.154093,0.137241,-0.285383,6.416000,2768.309369

1.600619,5.176969,9.666958,16.609411,-0.320898,0.160157,-0.138562,6.288000,2534.837377

-1.067433,0.547396,8.663445,16.609411,-0.175143,0.203590,0.100455,6.300000,2678.078957

-0.938102,2.197564,10.969849,16.624117,-0.127713,-0.011712,0.236884,6.056000,2714.198539

-1.833839,3.514825,9.149633,16.615294,-0.072289,-0.002652,0.194783,6.628000,2236.405184

-0.890202,-0.408217,0.817360,36.527058,0.121962,0.007740,-0.000268,7.072000,1972.980832

1.516793,4.990157,8.682605,16.618235,0.006318,-0.059142,0.017852,7.160000,2709.432062

0.654586,2.159244,9.041858,16.627058,0.086256,0.080484,0.179061,7.224000,1895.160296

-1.254244,2.609508,8.270661,16.647646,0.128890,-0.005316,-0.000001,7.236000,2392.460272

0.455800,3.126832,9.674143,16.629999,0.027368,-0.008514,-0.103389,7.236000,2501.953007

0.374369,2.269415,10.440549,16.627058,0.035629,-0.034894,-0.007729,7.216000,2339.258624

-0.243546,3.088511,11.171030,16.647646,-0.106929,0.013336,0.149218,7.216000,955.469541

1.435363,2.659803,11.559023,16.641764,-0.133575,0.002411,0.513472,7.156000,1958.234332

-0.825536,-0.075309,9.592712,16.635881,-0.093606,-0.051947,0.927022,7.112000,1715.360010

-0.310607,0.566556,9.053833,16.647646,0.150740,-0.033295,1.156179,7.180000,2304.703572

0.211507,2.319710,8.601173,16.644705,0.111570,-0.007981,1.264097,7.196000,1630.558945

0.522860,2.578372,8.658654,16.638823,0.060942,0.076754,1.304333,7.228000,1982.275420

1.971847,0.976104,8.481422,16.638823,0.232544,0.061033,1.272890,7.232000,1928.053353

0.055831,0.932994,8.742480,16.638823,0.167794,0.190267,1.255836,7.240000,1230.795889

-2.341583,1.471873,10.215417,16.662352,0.426529,-0.088986,0.889450,7.224000,2588.709841

-1.776359,-3.732504,10.150752,16.665293,-0.033652,0.169749,0.625653,7.244000,2588.709841

0.721647,3.648946,11.137500,16.647646,0.020973,0.345082,0.390633,7.224000,165.331230

1.480868,1.661080,9.202324,16.650587,0.025237,0.217180,0.200378,7.216000,1416.488799

-2.310448,2.906490,10.366303,16.644705,0.108106,0.096739,0.034639,7.220000,1416.488799

-4.806058,-1.200969,9.326865,16.641764,0.458771,0.598488,-0.413818,7.264000,1416.488799

1.804196,-0.216615,7.990444,16.629999,0.043889,0.091676,-0.437266,7.236000,2197.822060

-1.026718,0.276759,10.047766,16.644705,0.101445,0.363468,-0.729043,7.244000,2531.140899

-1.472191,0.873118,9.951965,16.653528,0.006318,0.166552,-1.187092,7.220000,1318.192497

2.630477,2.240674,8.330537,16.647646,0.000988,0.230503,-1.168706,7.236000,719.734606

0.163607,3.311248,10.105247,16.641764,-0.157290,0.210252,-1.115413,7.212000,715.728040

-0.497418,4.240516,10.586645,16.638823,-0.035783,0.183872,-1.217468,7.224000,715.728040

-1.189579,3.208262,8.325747,16.641764,0.015111,0.109262,-1.183095,7.252000,715.728040

-0.794401,1.929322,7.846742,16.644705,-0.065361,0.106065,-1.133266,7.264000,715.728040

-2.399064,4.985367,10.186677,16.653528,0.097714,0.023728,-0.868403,7.276000,635.769411

-0.008834,3.114857,8.608358,16.644705,-0.069624,-0.114833,-0.731174,7.280000,1347.354858

0.218693,3.510035,9.425060,16.644705,0.020973,-0.129222,-0.485230,7.304000,999.556594

-1.704508,2.920860,9.166399,16.647646,0.021772,-0.077261,-0.127637,7.296000,2469.911077

-1.053063,3.505245,9.930409,16.632940,0.064140,-0.120162,0.106584,7.300000,657.504598

-2.001491,3.126832,8.689790,16.650587,-0.034984,-0.113234,0.164939,7.316000,598.914813

-2.724787,3.402259,8.742480,16.650587,0.021240,-0.148407,0.118308,7.324000,394.103421

-2.308053,2.403536,10.553115,16.659410,-0.043511,-0.211558,0.235818,7.336000,394.103421

-1.584757,2.468201,9.518467,16.641764,-0.092007,-0.261387,0.603270,7.340000,1039.982024

-2.571505,2.851404,9.748388,16.653528,-0.112525,-0.214490,1.040801,7.356000,1039.982024

-1.373995,2.762789,9.283754,16.635881,-0.060031,-0.149473,1.410118,7.364000,1039.982024

-2.633776,4.616534,8.938871,16.638823,0.018841,-0.048483,1.387469,7.376000,1039.982024

-3.230135,1.855076,9.092153,16.635881,0.013512,-0.104707,1.230522,7.380000,1039.982024

-0.210016,1.697005,9.468171,16.624117,0.075598,-0.100710,0.923824,7.392000,1039.982024

-1.970355,-0.345946,10.083691,16.641764,-0.023260,0.008007,0.770875,7.388000,1039.982024

-0.772846,2.528077,11.360236,16.644705,-0.141835,-0.016241,0.550244,7.392000,1039.982024

0.031881,2.863380,11.029724,16.647646,0.200036,-0.001053,0.397561,7.396000,1039.982024

-0.205226,2.008358,9.767549,16.656469,0.089720,0.035719,0.158277,7.404000,1039.982024

-0.899782,1.455108,10.639336,16.665293,0.130223,0.050108,-0.030645,7.396000,1039.982024

-0.636329,1.941297,8.325747,16.665293,-0.003541,-0.021304,-0.378645,7.396000,1039.982024

3.368143,1.565279,8.385622,16.668234,0.243203,-0.138814,-0.293110,7.404000,1039.982024

2.537071,0.475545,6.730663,16.659410,0.154737,-0.058342,-0.227294,7.404000,1039.982024

0.115707,-0.264516,9.350815,16.688822,-0.013667,-0.090318,-0.073811,7.396000,1039.982024

0.199532,0.748577,7.556945,16.694704,0.056679,-0.077528,0.036504,7.384000,1039.982024

-0.921337,1.323382,8.352092,16.709410,0.071335,-0.138015,0.031175,7.396000,1039.982024

-1.290170,3.914793,9.863349,16.697645,0.039093,-0.107905,0.130832,7.404000,1039.982024

-1.302145,3.720797,10.105247,16.715292,0.001255,-0.116698,0.306430,7.408000,1039.982024

-1.544042,2.264625,9.429851,16.744705,-0.161554,-0.187843,0.482829,7.404000,20.178360

-0.181276,2.889725,7.825187,16.741764,-0.130378,-0.098578,0.647769,7.416000,20.178360

0.197137,5.016502,8.467052,16.762352,0.093984,-0.085788,0.793790,7.424000,20.178360

-1.201554,5.176969,9.626243,16.759411,0.003387,0.065829,0.862538,7.432000,20.178360

2.079623,5.277560,8.778405,16.788822,0.138217,0.016267,0.780734,7.432000,20.178360

-0.983607,3.586675,10.040581,16.782940,0.042290,0.191866,0.610464,7.448000,20.178360

1.373092,0.794083,10.145962,16.791763,0.045754,0.086080,0.467107,7.444000,20.178360

-0.638724,1.388048,11.491962,16.800587,-0.104531,0.302714,0.379708,7.444000,20.178360

1.547928,3.359149,9.793894,16.815292,-0.013667,0.258481,0.322685,7.452000,20.178360

2.367025,3.234608,9.513677,16.806469,0.166728,0.324831,0.336274,7.444000,20.178360

0.024696,2.207144,11.123130,16.838821,-0.076019,0.331226,0.307496,7.452000,20.178360

-0.308212,0.822823,7.738966,16.832939,-0.021927,0.200126,0.308829,7.456000,20.178360

1.377882,-0.238171,9.937595,16.850588,-0.171146,0.393578,0.371714,7.452000,20.178360

-0.945287,0.858748,13.053515,16.859411,-0.031254,0.240362,0.128700,7.444000,20.178360

-1.989516,4.460858,7.715016,16.856470,-0.134108,0.399973,-0.054893,7.444000,20.178360

0.573155,2.348450,9.417875,16.850588,-0.085878,0.299783,-0.162277,7.444000,20.178360

0.158817,2.106554,7.365344,16.879999,0.073200,0.220910,-0.194519,7.444000,20.178360

1.171910,1.622760,8.768826,16.888823,0.136085,0.243027,-0.245946,7.448000,20.178360

0.683326,2.487362,8.771220,16.894705,-0.053370,0.287259,-0.268063,7.448000,20.178360

-1.103358,3.397469,9.496911,16.909410,-0.085345,0.352543,-0.228093,7.452000,20.178360

-0.427963,2.396351,9.372371,16.918234,-0.000610,0.197195,-0.126038,7.460000,20.178360

-3.146310,0.576136,10.045371,16.915293,-0.033385,0.080218,-0.128969,7.460000,20.178360

-4.609667,3.088511,9.427456,16.909410,-0.164485,0.076754,-0.196118,7.468000,17.725004

-1.060248,3.021451,7.863508,16.927057,0.151007,-0.122826,-0.229426,7.472000,17.725004

-0.650700,-1.857204,9.609477,16.921175,-0.048574,-0.254992,-0.051162,7.476000,17.725004

0.264198,0.851563,10.809382,16.935881,-0.223906,-0.104441,0.193450,7.468000,17.725004

-0.413593,2.439461,10.215417,16.944704,0.169126,-0.030630,0.386103,7.476000,17.725004

-1.211134,0.688702,7.621611,16.950586,0.030832,-0.054079,0.434865,7.476000,17.725004

-2.811007,1.543724,9.975915,16.938822,0.051083,0.068227,0.349864,7.480000,17.725004

0.082176,5.361385,8.950847,16.974117,0.043356,-0.081258,0.127634,7.476000,17.725004

-1.086593,3.356754,10.486054,16.965292,0.134753,0.012537,-0.158280,7.488000,17.725004

1.957477,6.276283,7.614426,16.994705,0.173123,0.062365,-0.232357,7.480000,17.725004

2.802919,2.894515,13.261882,16.988823,0.054814,0.164420,-0.097527,7.476000,17.725004

-0.375272,4.444093,7.638376,16.988823,-0.045110,0.063164,-0.096994,7.484000,17.725004

-0.154930,2.013148,12.560142,16.991764,0.027368,-0.017574,-0.238752,7.484000,17.725004

0.031881,3.763907,8.953242,17.009411,-0.011802,0.010938,-0.247279,7.480000,17.725004

-0.269891,3.553145,7.504255,17.000587,-0.123982,-0.067402,-0.439931,7.480000,17.725004

0.369579,2.532867,9.544811,17.009411,0.028168,-0.015708,-0.365588,7.480000,17.725004

0.312098,2.061048,9.844189,17.012352,-0.047774,-0.018107,-0.367986,7.488000,17.725004

-0.056735,3.088511,9.678933,17.012352,-0.056035,-0.055678,-0.231291,7.484000,17.725004

-0.859066,1.819151,10.165122,17.006470,0.042290,-0.043154,-0.188923,7.492000,17.725004

0.218693,1.646710,8.680209,17.047646,0.046554,-0.167059,-0.134565,7.496000,17.725004

0.189952,2.147269,6.254055,17.041763,-0.182338,-0.064738,-0.017854,7.496000,17.725004

-0.751290,-1.639257,12.555351,17.047646,0.259723,-0.172921,0.000532,7.496000,17.725004

0.894088,3.131622,7.293493,17.041763,0.458238,-0.075663,0.066614,7.500000,17.725004

-0.653095,1.457503,7.916198,17.053528,0.174722,-0.247531,0.249408,7.496000,17.725004

-0.712970,2.111343,9.540022,17.041763,0.190443,-0.086055,0.666421,7.496000,17.725004

-2.597850,2.875355,10.708791,17.047646,0.199237,-0.062339,0.724244,7.500000,17.725004

-1.493746,2.666988,11.676379,17.062351,0.446780,-0.013577,0.796189,7.500000,17.725004

0.156422,3.589071,7.092311,17.056469,0.375901,-0.124958,1.017086,7.512000,17.725004

-1.757199,1.603599,5.240961,17.088821,-0.016865,-0.059142,1.117809,7.508000,17.725004

-0.997977,-0.202245,12.399675,17.091763,-0.158090,-0.067935,1.100489,7.512000,17.725004

-0.854276,-2.027250,8.744875,17.085880,-0.065627,-0.032762,1.004029,7.508000,17.725004

-1.845814,2.674173,6.893525,17.085880,0.069736,0.088745,0.859873,7.520000,17.725004

-1.987120,0.525841,9.963940,17.079998,-0.037382,0.048242,0.661892,7.524000,17.725004

-0.358507,1.311407,7.930568,17.100588,0.043622,0.115391,0.555040,7.532000,17.725004

-1.302145,1.081485,11.084809,17.082939,-0.092273,0.171348,0.340271,7.524000,17.725004

-1.302145,2.535262,10.042975,17.088821,0.021240,0.282197,0.187588,7.528000,17.725004

0.982704,4.058495,9.537626,17.097647,0.058811,0.151363,0.058887,7.528000,17.725004

4.239931,4.798556,7.846742,17.103529,0.209096,0.169749,-0.059422,7.532000,17.725004

-0.135770,1.083880,10.493239,17.091763,-0.119186,0.055970,-0.168406,7.532000,17.725004

-0.954867,3.627391,10.459709,17.091763,0.076664,0.300582,-0.247811,7.528000,10.004430

0.257013,3.656131,10.747111,17.071175,0.087855,0.043979,-0.343738,7.528000,10.004430

1.270106,2.281390,8.958032,17.085880,-0.080283,0.179608,-0.270727,7.532000,10.004430

-0.047155,2.829849,9.307705,17.082939,-0.043511,0.136974,-0.287781,7.532000,10.004430

1.167120,1.998778,8.802356,17.077057,0.004985,0.088212,-0.248877,7.536000,10.004430

-1.065038,1.584439,9.403505,17.074116,0.069736,0.151097,-0.166807,7.540000,10.004430

-0.454308,0.844378,9.005932,17.074116,-0.094672,0.021863,-0.286981,7.536000,10.004430

1.080899,0.717442,8.847861,17.077057,-0.134907,0.042114,-0.240350,7.536000,10.004430

-0.447123,2.748419,9.959150,17.079998,0.097181,0.082350,-0.171870,7.540000,10.004430

1.308426,1.596414,9.063413,17.094706,0.041757,0.011471,-0.082871,7.544000,10.004430

-0.351322,0.691097,9.939990,17.079998,-0.042978,0.084215,-0.026115,7.540000,10.004430

-0.890202,1.148546,7.961703,17.071175,-0.005940,0.053305,0.103919,7.544000,10.004430

-2.317633,3.510035,9.688513,17.077057,0.255993,0.103933,0.144688,7.548000,10.004430

-2.224227,0.271969,8.153305,17.077057,0.103576,-0.010379,0.127368,7.544000,10.004430

1.598224,2.077813,8.323352,17.077057,0.093984,0.006941,0.354660,7.552000,10.004430

-1.381181,0.463570,10.677656,17.085880,0.119564,0.086880,0.320819,7.552000,10.004430

-1.417106,1.689820,9.125683,17.091763,0.105975,0.042114,0.216899,7.552000,10.004430

-0.887806,1.835916,8.143725,17.079998,0.020440,-0.016774,0.192118,7.552000,21.933853

-1.033903,2.724468,9.863349,17.097647,0.064406,0.004276,0.302966,7.560000,21.933853

-1.141679,3.771092,9.913645,17.091763,0.087855,0.057569,0.392764,7.556000,21.933853

-1.050668,1.776041,9.221484,17.118235,-0.087744,0.011471,0.441261,7.560000,21.933853

-1.208739,1.297037,9.714858,17.129999,-0.167682,0.103667,0.365052,7.560000,21.933853

-2.157167,1.328172,10.224998,17.118235,0.090786,0.014135,0.162274,7.564000,21.933853

-0.138165,1.859866,8.735295,17.121176,0.000988,-0.064205,0.009325,7.568000,21.933853

-0.279472,1.107830,8.304192,17.124117,0.059877,0.027725,-0.015190,7.564000,21.933853

0.345629,1.862262,9.865745,17.147646,0.105975,-0.078860,-0.015190,7.572000,21.933853

2.252064,3.464530,9.386741,17.150587,0.224817,0.059167,-0.143625,7.564000,21.933853

1.224601,2.638248,8.749665,17.156469,0.180851,0.023461,-0.220366,7.568000,21.933853

0.326468,2.810689,8.225156,17.162352,0.155270,0.029324,-0.349067,7.572000,21.933853

-0.854276,1.170101,9.508886,17.138823,0.014578,-0.006382,-0.515606,7.568000,21.933853

0.273778,2.420301,8.835886,17.165293,0.098247,-0.090318,-0.389303,7.572000,21.933853

0.424664,2.398746,9.643007,17.159410,0.070535,-0.070067,-0.273392,7.568000,21.933853

-0.617169,2.973551,8.955637,17.168234,0.075065,-0.051148,-0.116179,7.572000,21.933853

-1.362020,3.785462,9.834609,17.191763,0.121962,-0.084722,-0.056758,7.576000,21.933853

-0.020809,3.043006,9.439431,17.188822,0.100645,-0.159598,0.015986,7.576000,21.933853

-0.748895,3.014266,10.783037,17.191763,0.014578,-0.109770,0.128700,7.576000,21.933853

1.018629,4.839271,9.331655,17.206469,0.041757,-0.084989,0.236084,7.580000,21.933853

0.345629,1.953272,8.658654,17.215292,-0.047508,-0.040756,0.336541,7.580000,21.933853

-0.669860,1.232371,9.250224,17.200586,0.039093,0.032788,0.388234,7.588000,21.933853

-0.576454,1.280272,9.813054,17.203527,0.096116,0.037051,0.374645,7.592000,21.933853

-0.195646,1.332962,10.308823,17.203527,0.194707,0.065030,0.323484,7.584000,21.933853

-2.334398,3.344779,6.740243,17.212351,0.313549,0.162022,0.350930,7.592000,21.933853

0.048646,2.410721,11.214140,17.221176,-0.071489,0.160690,0.273922,7.592000,21.933853

2.438876,1.924532,9.640613,17.224117,-0.072822,0.183073,0.443925,7.596000,21.933853

-1.845814,-0.032199,10.426179,17.250587,-0.186601,0.334690,0.343735,7.592000,21.933853

-2.928363,1.534144,9.190349,17.244705,-0.167416,0.308843,0.168403,7.588000,21.933853

-0.308212,1.467083,9.113708,17.250587,-0.139970,0.256883,0.055423,7.592000,21.933853

-2.219437,2.257440,8.771220,17.253529,-0.094405,0.236631,-0.078874,7.592000,21.933853

-0.756080,1.891002,8.991562,17.238823,-0.038448,0.195863,-0.063686,7.596000,21.933853

-1.888925,1.883817,8.823911,17.247646,-0.057100,0.191599,-0.098060,7.604000,21.933853

-2.032626,0.913834,8.740085,17.241764,-0.009404,0.111394,-0.191854,7.596000,11.721362

-3.052904,2.149664,9.425060,17.238823,-0.095205,0.035452,-0.299772,7.600000,11.721362

1.124010,1.416788,8.821516,17.244705,0.033497,-0.089519,-0.389037,7.600000,11.721362

-0.035179,2.413116,10.213022,17.274117,0.131555,0.163088,-0.301903,7.604000,11.721362

-1.263825,2.482572,9.846584,17.256470,0.047886,0.058102,-0.448991,7.604000,11.721362

0.110917,2.954390,9.228669,17.268234,0.137950,-0.028232,-0.543052,7.600000,11.721362

-0.600404,3.292088,9.161609,17.250587,0.133953,-0.090052,-0.604338,7.604000,11.721362

2.448456,4.568634,9.860954,17.256470,0.105708,-0.102575,-0.529995,7.608000,11.721362

-0.387247,3.732772,10.603411,17.268234,0.063874,-0.036226,-0.326684,7.608000,11.721362

-0.971632,2.839429,9.822634,17.274117,-0.036316,-0.118297,-0.304035,7.604000,11.721362

-1.009952,3.866893,8.416758,17.279999,-0.000877,-0.146808,-0.244347,7.612000,11.721362

-0.023204,1.536539,8.596384,17.297646,-0.042445,-0.182248,-0.167873,7.608000,11.721362

-0.164511,1.692215,8.977192,17.312351,0.082526,-0.197702,0.014921,7.612000,11.721362

-0.150140,1.251532,9.178373,17.294704,0.070002,-0.189442,0.197980,7.616000,11.721362

0.067806,1.876631,9.631032,17.312351,0.059610,-0.073264,0.418611,7.616000,11.721362

-1.783544,2.233490,9.645403,17.318233,0.130223,-0.090052,0.435398,7.612000,24.383238

-1.340465,2.698123,9.283754,17.297646,0.034030,-0.048217,0.393564,7.620000,24.383238

0.546810,2.746024,10.138777,17.327057,0.042823,-0.103908,0.286179,7.616000,24.383238

1.234181,2.767579,8.960427,17.303528,0.087056,0.081550,0.330146,7.616000,24.383238

1.650914,2.674173,8.852651,17.321175,0.130489,0.102601,0.387702,7.620000,24.383238

0.755177,2.575977,10.545930,17.329998,0.061209,0.213449,0.305631,7.620000,24.383238

-1.546437,3.292088,10.430969,17.327057,0.061209,0.294187,0.123904,7.620000,24.383238

0.082176,1.740115,8.261081,17.341763,-0.102133,0.109795,-0.023983,7.620000,24.383238

-1.256639,1.258717,8.414362,17.341763,-0.080549,0.048775,-0.112981,7.620000,24.383238

-0.923732,1.162916,9.722043,17.356470,-0.030188,0.144435,-0.080207,7.624000,24.383238

-1.259035,1.941297,9.365185,17.350588,0.129956,0.079952,-0.094063,7.620000,24.383238

-1.764384,3.095696,8.067084,17.341763,0.030033,0.030390,-0.035174,7.624000,24.383238

-1.989516,0.923414,10.466894,17.353529,0.026302,0.038383,-0.023184,7.628000,24.383238

-0.636329,0.889884,9.966335,17.371176,0.031099,0.014935,-0.115380,7.620000,24.383238

1.262921,0.659962,8.826305,17.362352,0.041757,-0.069800,-0.066084,7.620000,24.383238

1.100060,2.528077,8.550879,17.362352,0.009249,0.158558,-0.224629,7.624000,24.383238

-2.106871,2.904095,10.536350,17.377058,0.097181,0.054105,-0.335744,7.624000,24.495115

-1.591942,2.607113,10.280083,17.385881,0.047619,0.046644,-0.582488,7.624000,24.495115

0.383949,2.793924,10.565090,17.374117,0.127292,-0.074330,-0.676283,7.624000,24.495115

1.313216,4.010594,8.867022,17.397646,0.005252,-0.033561,-0.575560,7.628000,24.495115

0.906063,2.781949,8.028764,17.409410,-0.130111,-0.037292,-0.375447,7.624000,24.495115

-1.467401,2.844219,9.755573,17.388823,0.168593,-0.125758,-0.326151,7.624000,24.495115

0.489330,4.032149,9.899275,17.406469,0.136884,-0.096447,-0.274724,7.632000,24.495115

1.262921,4.628509,9.822634,17.406469,0.070002,-0.098578,-0.155349,7.628000,24.495115

-1.259035,3.287298,9.808264,17.391764,-0.077618,-0.065271,-0.049297,7.628000,24.495115

-0.554899,1.850286,10.220207,17.409410,-0.131177,-0.096180,0.063417,7.628000,24.495115

-0.588429,0.032467,9.779524,17.409410,-0.117854,-0.119895,0.061019,7.628000,24.495115

-1.179999,-0.173505,8.572433,17.412352,-0.032053,-0.119895,0.093793,7.620000,24.495115

-0.619564,-0.571078,10.495634,17.397646,-0.044310,-0.181182,0.087132,7.624000,24.495115

0.154027,1.586834,7.614426,17.403528,-0.070690,-0.081791,0.221163,7.628000,24.495115

-0.459098,1.855076,8.064690,17.429998,-0.098136,0.008806,0.362921,7.624000,24.495115

0.173187,0.698282,10.569880,17.421175,-0.017664,0.064763,0.292574,7.628000,24.495115

-1.584757,1.395233,8.914922,17.429998,-0.042978,0.030922,0.143622,7.624000,24.495115

-1.189579,1.265902,8.634704,17.418234,-0.004607,0.065030,-0.163343,7.624000,24.495115

0.290543,2.571187,8.023974,17.444704,-0.124782,0.046111,-0.401027,7.624000,24.495115

-1.596732,1.340147,10.107641,17.424116,-0.158623,0.042647,-0.540920,7.628000,24.495115

-1.785939,0.372559,7.846742,17.438822,-0.143967,-0.122826,-0.600341,7.624000,24.495115

-1.232689,0.932994,9.319680,17.456469,0.147543,-0.180915,-0.412219,7.628000,24.495115

-1.160839,1.246742,9.001143,17.465292,0.085723,-0.337595,-0.274458,7.624000,24.495115

0.953964,2.425091,11.223721,17.444704,0.217889,-0.345856,-0.097793,7.632000,24.495115

0.307308,3.809412,8.948452,17.453527,0.212560,-0.294695,0.051959,7.628000,24.495115

-4.868329,-0.463302,12.627202,17.485882,0.040691,-0.193172,0.192385,7.632000,24.495115

-3.359467,2.362821,9.180769,17.482941,0.388958,-0.305620,0.078872,7.640000,24.495115

-0.746500,4.125555,5.969047,17.474117,0.281573,-0.333332,0.033573,7.640000,24.495115

0.166002,-0.190270,10.088481,17.465292,0.273047,-0.417267,0.221695,7.640000,24.495115

1.346747,0.566556,8.208390,17.477058,0.226416,-0.432189,0.452985,7.644000,24.495115

-0.890202,2.604717,8.704160,17.474117,0.203500,-0.189442,0.572627,7.644000,24.495115

1.219811,7.286981,9.947175,17.477058,0.352186,-0.257124,0.609931,7.648000,24.495115

0.067806,2.341265,11.075230,17.491764,0.123295,-0.092983,0.616060,7.648000,11.939745

0.019906,3.380704,11.075230,17.500587,-0.233232,-0.115632,0.539052,7.644000,11.939745

-1.405131,4.106395,12.811619,17.503529,-0.181805,0.132711,0.627784,7.644000,11.939745

2.261644,2.961576,9.204719,17.497646,-0.122650,0.010405,0.629117,7.656000,11.939745

-0.813561,2.980736,10.617781,17.491764,-0.051238,0.314172,0.795656,7.644000,11.939745

-0.454308,4.197406,10.883628,17.506470,-0.046708,0.200925,0.844418,7.648000,11.939745

0.762362,3.026241,10.557905,17.500587,-0.171946,0.330959,0.872930,7.640000,11.939745

0.429454,4.697965,8.205996,17.518234,0.250131,0.365333,0.800186,7.648000,11.939745

0.391134,2.346056,7.336603,17.512352,0.331935,0.339752,0.554507,7.648000,11.939745

-1.278195,2.580767,10.557905,17.500587,-0.146632,0.505226,0.404489,7.652000,11.939745

1.751505,3.143597,9.961545,17.518234,0.148076,0.448469,0.188388,7.652000,11.939745

-0.293842,3.533985,10.636941,17.524117,-0.145832,0.569710,-0.102056,7.652000,11.939745

1.308426,4.168665,8.179650,17.515293,0.032165,0.592359,-0.382908,7.648000,11.939745

-0.157326,3.284903,9.422666,17.521175,-0.036849,0.587030,-0.544651,7.644000,11.939745

0.661771,0.621641,9.058622,17.529999,-0.141835,0.413829,-0.753291,7.644000,11.939745

-1.900900,2.235884,9.801079,17.529999,-0.176209,0.445805,-0.919297,7.648000,11.939745

-3.007399,1.574859,8.402388,17.515293,-0.071223,0.282729,-0.968859,7.644000,24.238060

-0.073500,3.723191,11.642849,17.521175,-0.112791,0.150031,-0.862807,7.644000,24.238060

-0.892597,2.152059,11.312336,17.506470,-0.044310,0.199593,-0.751692,7.648000,24.238060

-1.254244,1.143756,8.191626,17.518234,0.058278,-0.043687,-0.758620,7.652000,24.238060

-3.122360,1.426368,8.783195,17.509411,-0.132243,-0.077794,-0.757821,7.648000,24.238060

-1.077013,-0.743520,10.090877,17.529999,0.036961,-0.161463,-0.718917,7.652000,24.238060

-2.066156,0.844378,9.808264,17.527058,0.278909,-0.329868,-0.743165,7.648000,24.238060

0.273778,1.426368,7.667116,17.547646,0.093717,-0.465497,-0.562237,7.648000,24.238060

0.022301,2.022728,8.000024,17.529999,0.149674,-0.335730,-0.104988,7.644000,24.238060

-0.327372,3.210657,10.505215,17.532940,0.299959,-0.337329,0.144688,7.652000,24.238060

-1.412316,3.114857,9.980705,17.565292,0.197371,-0.281105,0.266994,7.652000,24.238060

-1.467401,4.446488,7.516230,17.547646,0.172324,-0.447644,0.414881,7.648000,24.238060

-0.497418,2.257440,9.856164,17.553528,0.178985,-0.271246,0.539319,7.652000,24.238060

0.664166,3.838153,10.351933,17.559410,0.105975,-0.217421,0.577689,7.656000,24.238060

-0.370482,4.757840,7.734177,17.556469,-0.026457,-0.088719,0.492155,7.656000,24.238060

-0.267496,1.067115,10.414204,17.562351,0.034563,-0.050349,0.479365,7.660000,24.238060

-0.693810,1.198841,9.348420,17.577057,0.005518,-0.033828,0.375977,7.656000,23.755564

0.719252,2.753209,9.719648,17.577057,-0.088010,0.033321,0.328547,7.652000,23.755564

-1.196764,0.564161,10.083691,17.577057,0.036161,0.276601,0.357325,7.652000,23.755564

-1.182394,2.290970,6.074428,17.591763,-0.014466,0.170815,0.264862,7.656000,23.755564

0.355209,-0.599819,9.439431,17.597647,-0.166616,0.164953,0.251273,7.656000,23.755564

-0.020809,-0.578263,10.059741,17.594706,-0.022460,0.272604,0.264862,7.656000,23.755564

-1.259035,0.664752,9.365185,17.600588,-0.206053,0.213982,0.079138,7.652000,23.755564

0.695301,1.529354,8.138935,17.591763,0.054547,0.297651,-0.159346,7.656000,23.755564

0.381554,2.441856,8.708950,17.597647,0.056946,0.276334,-0.151352,7.652000,23.755564

-0.566874,2.482572,9.135263,17.629999,0.030033,0.308310,-0.199049,7.656000,23.755564

-0.715365,3.088511,10.313613,17.618235,-0.015799,0.223841,-0.270727,7.664000,23.755564

-2.157167,1.407208,7.746151,17.635881,0.011114,0.334157,-0.268329,7.660000,23.755564

-1.524882,-0.971047,6.721083,17.606470,-0.070157,0.004809,-0.451922,7.660000,23.755564

-1.754804,-0.741125,9.590317,17.615294,-0.112258,0.037318,-0.490292,7.656000,23.755564

-0.097450,4.424932,7.336603,17.609411,-0.046708,0.008540,-0.494822,7.660000,23.755564

1.684445,-0.489648,12.299084,17.618235,0.155004,0.137241,-0.466844,7.656000,23.755564

-0.930917,-1.347065,10.502819,17.612352,-0.247088,0.177743,-0.589416,7.656000,23.755564

1.567089,4.111185,9.925620,17.627058,0.149941,0.112460,-0.979784,7.660000,23.554644

-1.110543,3.153177,11.764995,17.638823,-0.053103,0.226506,-1.022418,7.656000,23.554644

-0.430358,3.512430,10.098062,17.635881,-0.051505,-0.027966,-0.973122,7.664000,23.554644

-1.206344,2.695728,7.037226,17.638823,-0.148231,-0.034894,-0.889720,7.660000,23.554644

-1.606312,2.741234,10.574670,17.632940,-0.146365,-0.049283,-0.794592,7.660000,23.554644

-1.752409,0.964129,12.174543,17.650587,0.043889,-0.092450,-0.743432,7.672000,23.554644

-0.887806,2.901700,10.373488,17.665293,0.040425,-0.307751,-0.640844,7.668000,23.554644

-1.826654,5.256004,8.637099,17.650587,0.110238,-0.069800,-0.462847,7.668000,23.554644

1.258131,1.301827,11.523098,17.679998,-0.025391,-0.160398,-0.328550,7.672000,23.554644

-1.462611,1.725745,10.581855,17.656469,-0.028322,-0.046352,-0.381309,7.672000,23.554644

0.647401,2.386771,8.057505,17.647646,0.002054,-0.073531,-0.337076,7.672000,23.554644

-2.240993,1.232371,12.198493,17.659410,0.008449,-0.216888,-0.400494,7.664000,23.554644

0.542020,3.639366,9.635822,17.647646,0.523255,-0.167326,-0.358926,7.668000,23.554644

-0.356112,4.741075,4.797883,17.662352,0.285837,-0.049283,-0.240350,7.672000,23.554644

1.622174,-0.144765,11.978151,17.671175,0.107840,-0.065271,0.130832,7.672000,23.554644

-3.026559,-1.179413,8.450288,17.671175,0.032964,-0.075130,0.301101,7.668000,23.554644

-2.657726,1.507799,10.181887,17.688822,0.051083,-0.192107,0.090596,7.664000,24.105519

-1.963170,2.769974,12.176938,17.668234,0.048152,-0.006382,0.148685,7.664000,24.105519

-1.886530,4.863221,7.501860,17.674116,0.204033,0.067961,0.171867,7.664000,24.105519

-2.885253,2.029913,9.805869,17.656469,-0.018996,0.003210,0.096458,7.668000,24.105519

-1.117728,2.417906,5.605004,17.685881,-0.069358,-0.096180,-0.050896,7.668000,24.105519

-2.442174,0.830008,7.604846,17.694704,0.071068,-0.067935,-0.259536,7.672000,24.105519

-1.189579,0.837193,8.593988,17.685881,0.253861,-0.163862,-0.359193,7.672000,24.105519

0.276173,3.325619,9.475356,17.682940,0.178452,-0.200900,-0.444461,7.672000,24.105519

1.938317,3.601046,9.468171,17.679998,0.117433,-0.109503,-0.338942,7.676000,24.105519

-0.523764,0.667147,10.471684,17.694704,0.197904,-0.120162,-0.351732,7.676000,24.105519

-0.667465,2.511312,9.451406,17.677057,0.245601,-0.002918,-0.513741,7.672000,24.105519

-1.151259,1.503009,8.419152,17.688822,0.236008,-0.221950,-0.599808,7.676000,24.105519

-0.839906,0.257598,10.337564,17.706469,0.118765,-0.149473,-0.675217,7.672000,24.105519

0.118102,2.607113,8.668234,17.682940,0.160599,-0.150006,-0.599542,7.668000,24.105519

-0.552504,3.833362,9.693303,17.703527,0.129157,-0.009047,-0.444727,7.668000,24.105519

-1.702113,3.476505,9.578342,17.691763,0.083858,-0.086588,-0.477502,7.668000,24.105519

-0.495023,-0.094469,8.984377,17.700586,-0.076552,-0.129754,-0.418347,7.672000,24.105519

-0.219596,0.590506,8.970007,17.700586,-0.163952,-0.212091,-0.385306,7.672000,24.105519

-1.845814,1.740115,7.341393,17.691763,-0.135973,-0.023702,-0.314694,7.676000,24.105519

-1.340465,-1.066847,10.368698,17.685881,-0.034185,-0.228346,-0.414084,7.676000,24.105519

0.007931,0.157008,7.406059,17.688822,0.060676,-0.196637,-0.352531,7.676000,24.105519

0.261803,-0.410612,9.288545,17.694704,0.186446,-0.188909,-0.320556,7.676000,24.105519

0.024696,1.931717,10.402228,17.685881,0.123028,-0.020238,-0.215303,7.668000,24.105519

-1.785939,0.461175,9.259805,17.685881,-0.074420,-0.111369,-0.128969,7.668000,24.105519

-0.808771,-0.128000,8.962822,17.662352,-0.220442,-0.152937,-0.027713,7.676000,24.105519

-3.170260,1.814361,6.282794,17.662352,-0.003808,0.053838,-0.000001,7.664000,24.105519

1.044974,0.180958,11.319521,17.665293,0.146743,-0.207295,-0.147089,7.664000,24.105519

-2.159562,1.603599,7.722201,17.644705,-0.055502,-0.071399,-0.109517,7.660000,24.105519

-0.329767,0.530631,10.323193,17.674116,-0.200724,-0.068468,-0.143891,7.660000,24.105519

-1.548832,2.774764,11.556628,17.653528,-0.201257,0.015201,-0.124173,7.664000,24.105519

-2.813402,4.125555,8.855046,17.632940,-0.096004,0.077553,-0.281919,7.664000,24.105519

-0.641119,5.751773,10.502819,17.644705,-0.001410,-0.116165,-0.385573,7.668000,24.105519

-0.911757,4.139925,10.895603,17.615294,-0.108528,0.013069,-0.342406,7.664000,11.650250

-3.301986,2.542447,9.240644,17.612352,0.056413,-0.030630,-0.426608,7.672000,11.650250

-1.235084,5.064403,8.043135,17.609411,0.285304,-0.060474,-0.350666,7.668000,215.237611

-1.572782,3.957904,8.708950,17.632940,0.198970,-0.192107,-0.229426,7.672000,1119.916074

0.266593,1.112620,9.197534,17.612352,0.239739,-0.200633,-0.089799,7.672000,2757.862783

-1.136889,1.560489,9.451406,17.612352,0.264253,-0.244600,-0.024516,7.668000,2704.682323

-1.831444,2.240674,9.520862,17.594706,0.201102,-0.187577,0.021316,7.668000,2640.897638

0.630636,3.399864,11.923066,17.588821,0.100912,-0.187843,0.002663,7.664000,2709.960917

-1.362020,3.972274,9.583132,17.606470,-0.015532,0.010138,0.015187,7.672000,2769.413481

-2.267338,1.043165,10.143566,17.591763,-0.145033,-0.178784,-0.067416,7.664000,2760.604313

0.553995,2.887330,9.619058,17.606470,-0.090941,-0.219019,-0.071680,7.668000,2589.675383

0.185162,2.032308,9.465776,17.585880,-0.123450,-0.078860,-0.066617,7.668000,2572.881052

-1.213529,1.881422,7.607240,17.574116,-0.012868,-0.195571,-0.108984,7.660000,540.305059

-1.136889,1.859866,11.563813,17.597647,0.130489,0.017333,-0.194252,7.660000,1710.500094

0.151632,3.002291,9.913645,17.574116,0.119831,0.051707,-0.350932,7.660000,1710.500094

-0.063920,3.110067,8.258686,17.571175,0.096648,-0.176119,-0.534259,7.668000,1710.500094

0.134867,2.427486,9.472961,17.574116,0.022039,-0.055678,-0.509744,7.668000,1710.500094

-0.322582,2.944810,8.766430,17.574116,0.192308,-0.111901,-0.461781,7.664000,1781.834844

0.216298,4.211776,8.416758,17.582939,0.161932,-0.132419,-0.280586,7.664000,538.461270

0.101337,2.465806,10.153147,17.565292,0.329537,-0.140413,-0.092464,7.664000,769.511726

-0.463888,2.058653,10.313613,17.547646,0.245601,-0.193972,0.012789,7.660000,1372.796798

-0.478258,2.535262,9.769943,17.559410,0.048419,-0.116165,0.130299,7.664000,2777.167906

-1.757199,3.610626,10.519585,17.544704,0.136884,-0.038891,0.232620,7.660000,2550.668497

0.482145,4.068075,11.717094,17.550587,0.305822,-0.158799,0.274455,7.660000,1341.497405

-0.643515,3.486085,9.154424,17.556469,0.068137,-0.018906,0.401558,7.660000,1721.313975

-1.156049,3.720797,9.865745,17.547646,0.033497,-0.012511,0.555839,7.664000,531.271350

-1.120123,4.726705,9.798684,17.547646,-0.009937,-0.019972,0.590746,7.664000,531.271350

-1.908085,3.699241,11.535073,17.532940,0.032431,0.086347,0.608066,7.668000,531.271350

-0.384852,3.320828,9.647798,17.527058,0.208563,-0.135883,0.447123,7.664000,531.271350

-0.329767,1.823941,6.955795,17.532940,0.155004,0.072491,0.280850,7.672000,531.271350

-0.698600,-0.504018,9.738809,17.527058,-0.210849,0.082350,-0.411952,7.660000,38.429268

-0.720155,-1.277609,9.942385,17.547646,-0.265741,0.153762,-0.562770,7.656000,38.429268

-0.037575,-0.815370,8.225156,17.527058,0.018575,0.062099,-0.652035,7.656000,38.429268

-0.375272,0.822823,8.970007,17.521175,-0.000610,-0.014110,-0.618994,7.660000,38.429268

-0.418383,0.396510,9.049043,17.541763,-0.158090,0.082350,-0.476170,7.664000,38.429268

-1.539252,-0.499228,10.756692,17.515293,-0.267339,-0.041289,-0.471373,7.668000,906.919212

-2.564320,0.703072,10.107641,17.506470,-0.145566,0.005875,-0.370651,7.668000,2681.181532

-1.819469,1.627550,5.880431,17.518234,0.030033,-0.010379,-0.366387,7.664000,2771.071451

0.407899,3.028636,7.183322,17.503529,0.112370,-0.094315,-0.248611,7.668000,1438.947136

1.298846,1.869447,11.381792,17.538822,0.136618,-0.021304,-0.185459,7.664000,2769.413481

-0.102240,3.007081,9.504096,17.521175,0.129956,0.069293,-0.157747,7.664000,1904.517813

0.218693,1.900582,8.711345,17.529999,-0.044310,-0.047684,-0.204911,7.668000,1808.994187

0.589921,0.437225,8.823911,17.518234,0.116367,-0.084989,-0.305634,7.672000,1861.123081

1.363512,1.507799,9.463381,17.509411,0.036161,0.010671,-0.336277,7.668000,259.606625

-0.514183,2.463411,9.892090,17.529999,-0.071223,0.118056,-0.272060,7.668000,2665.228368

-2.296078,2.422696,10.541140,17.515293,0.051616,0.069027,-0.257671,7.668000,2665.228368

-0.322582,1.289852,10.217813,17.509411,0.155004,-0.031963,-0.242482,7.668000,2665.228368

0.537230,2.001173,6.627677,17.494705,0.103310,0.021596,-0.270194,7.664000,110.393448

-0.765660,0.705467,8.098220,17.500587,-0.069624,-0.051148,-0.330415,7.664000,110.393448

-0.626749,2.518497,11.956596,17.529999,0.052682,0.039716,-0.278721,7.668000,110.393448

-2.576295,0.698282,8.531718,17.529999,0.138483,-0.055944,-0.141759,7.672000,110.393448

-2.219437,1.876631,8.567643,17.535881,0.048419,-0.111635,-0.008795,7.668000,110.393448

-1.007557,2.001173,9.595107,17.550587,0.179252,-0.090052,0.203310,7.672000,110.393448

-3.074459,1.316197,10.555510,17.527058,0.069736,-0.057010,0.168137,7.676000,61.681673

-0.837511,3.701637,8.203601,17.527058,0.308486,-0.082857,0.109515,7.680000,61.681673

-2.818192,2.535262,7.691066,17.535881,0.184048,-0.091117,0.058354,7.684000,61.681673

0.431849,-0.484858,10.608200,17.524117,-0.062430,-0.211026,-0.023184,7.672000,166.538807

0.810262,1.713770,8.850256,17.518234,0.184048,0.081017,-0.088733,7.676000,919.957527

-0.562084,2.267020,9.621452,17.515293,0.123295,0.127648,-0.307499,7.676000,2769.966067

0.115707,1.773646,8.265871,17.521175,0.032964,-0.031696,-0.662694,7.668000,1905.824907

-0.837511,1.316197,8.704160,17.509411,-0.052038,0.110062,-0.928623,7.672000,2650.475087

-0.629144,1.883817,9.992681,17.491764,0.014045,-0.152937,-1.010694,7.664000,1068.059341

-0.511788,2.566397,9.118498,17.500587,-0.056567,0.000812,-0.754090,7.664000,2669.326996

-0.839906,1.845496,9.743598,17.521175,-0.061097,-0.184113,-0.749294,7.668000,2580.051956

-0.823141,3.917188,8.981982,17.506470,0.052416,-0.230744,-0.712522,7.668000,1878.241590

-0.320187,3.294483,9.916039,17.494705,0.080394,-0.205430,-0.610733,7.672000,2768.861319

0.285753,3.474110,9.729228,17.506470,-0.034718,-0.270980,-0.435135,7.676000,790.630285

-1.536857,3.790252,9.587922,17.480000,0.200569,-0.157999,-0.260335,7.676000,2591.125074

-0.739315,4.341107,10.241762,17.491764,0.289567,-0.326404,-0.213704,7.684000,314.536428

-1.302145,3.759117,8.639494,17.488823,0.220287,-0.227013,0.025046,7.680000,314.536428

-0.291447,4.135135,9.556787,17.477058,0.277576,-0.242735,0.092728,7.676000,314.536428

1.246156,4.204591,9.408296,17.480000,0.286903,-0.201699,0.171068,7.680000,148.771014

-2.470914,1.912557,9.243039,17.480000,0.140348,-0.306686,0.296038,7.680000,351.495748

-1.366810,2.353240,5.518784,17.459410,0.125426,-0.187577,0.490823,7.680000,2735.048063

-0.952472,-3.390016,10.026211,17.453527,-0.076552,-0.353583,0.638176,7.680000,1410.875751

-2.118846,2.753209,10.042975,17.453527,0.159001,-0.076728,0.815907,7.676000,2696.803101

-1.963170,1.285062,9.243039,17.453527,-0.047241,-0.083923,0.725843,7.676000,2562.435737

-1.414711,2.149664,10.876443,17.435881,-0.040047,0.041048,0.627518,7.680000,2757.862783

-2.217042,1.706585,9.211904,17.444704,-0.153560,0.020530,0.538786,7.672000,2737.744461

-0.298632,4.829691,8.347301,17.432940,-0.079217,-0.022104,0.269659,7.680000,2759.506981

-1.932035,4.362662,11.415322,17.435881,-0.010736,0.187602,0.193450,7.676000,1953.001293

-1.419501,4.132740,10.105247,17.435881,-0.048840,0.144702,0.206507,7.676000,2774.393535

-3.697164,1.594019,11.101574,17.409410,-0.046708,0.049841,0.149751,7.684000,1983.974707

-3.448082,0.245623,10.323193,17.421175,-0.163685,-0.109503,0.118841,7.692000,2756.767782

0.331258,-0.513598,9.247829,17.409410,0.013779,-0.112967,0.081270,7.680000,1870.398600

2.287989,0.497100,8.366462,17.421175,0.047353,0.028791,0.081536,7.688000,2041.434741

-0.030389,1.203631,7.983259,17.406469,0.075864,0.034653,-0.214237,7.688000,2712.607736

0.024696,0.772528,9.202324,17.391764,0.089987,0.006408,-0.405824,7.680000,2773.285397

1.059344,2.599927,8.689790,17.400587,0.128357,-0.052214,-0.564635,7.680000,2745.865016

0.889298,4.123160,9.947175,17.391764,0.190443,-0.004251,-0.470041,7.684000,2763.901183

0.383949,5.064403,9.913645,17.400587,0.192575,0.021330,-0.251542,7.684000,2709.432062

0.180372,4.314762,9.300520,17.400587,0.211494,0.028258,-0.104455,7.688000,2768.309369

-0.727340,2.075418,9.884905,17.397646,-0.063762,-0.056211,-0.000534,7.684000,1913.704553

-0.011229,2.326895,10.373488,17.397646,0.005518,-0.126823,-0.041569,7.688000,1176.167963

0.149237,0.640802,9.628637,17.374117,-0.047774,-0.015442,0.123637,7.688000,1111.489563

-0.279472,1.505404,10.476475,17.382940,-0.042711,0.042647,0.057555,7.688000,2727.526919

-1.000372,1.869447,9.393926,17.379999,-0.024326,0.085014,0.012256,7.684000,2727.526919

-0.404013,2.214329,9.669353,17.379999,-0.028855,0.034120,-0.050363,7.684000,2727.526919

-0.993187,1.845496,9.192744,17.391764,-0.058699,0.136175,-0.025848,7.684000,2727.526919

-0.116610,1.958062,10.059741,17.382940,-0.041113,0.073290,-0.054893,7.688000,1941.803800

-0.308212,2.583162,10.035790,17.388823,-0.142901,0.124717,0.070078,7.684000,942.691098

-0.938102,0.839588,9.425060,17.385881,0.078529,0.156160,0.146020,7.688000,942.691098

-1.575177,2.839429,10.471684,17.371176,0.007916,0.178010,0.063683,7.680000,1958.786706

-1.680558,3.548355,9.868139,17.362352,0.068137,0.091143,-0.042369,7.676000,2575.744625

-0.210016,2.863380,8.752060,17.365294,-0.070157,0.089011,-0.032243,7.676000,2763.351139

-0.883016,2.595137,10.622570,17.368235,-0.028589,0.064497,0.035971,7.676000,897.655876

-1.989516,2.884935,9.369975,17.371176,-0.014200,0.087146,0.062084,7.680000,1133.630502

-1.244664,2.556817,8.431128,17.362352,0.045488,-0.018107,-0.005864,7.684000,2556.303263

-2.624196,3.644156,5.456513,17.368235,0.024171,-0.017041,-0.065551,7.676000,2648.453106

-1.048273,0.909044,12.988850,17.353529,0.198171,-0.114566,-0.164675,7.680000,1808.522963

-1.378785,1.579649,9.051437,17.353529,0.037494,-0.077261,-0.135364,7.680000,2578.614554

-0.396827,2.592742,7.925778,17.353529,0.004452,-0.189442,-0.082605,7.676000,2772.731539

-1.409921,2.183194,12.358959,17.353529,0.095583,-0.046085,-0.053827,7.680000,2672.923890

-1.709298,3.210657,9.496911,17.329998,0.043356,-0.315745,-0.050896,7.684000,2763.351139

-0.564479,3.062166,8.986773,17.344706,-0.010736,-0.096713,-0.085003,7.672000,2701.525295

0.235458,4.664434,8.917316,17.341763,0.152073,-0.141745,-0.111916,7.676000,2744.237134

1.370697,4.508758,10.672866,17.344706,0.087322,-0.190508,-0.053827,7.676000,894.936806

0.503700,4.638089,9.348420,17.324116,-0.002209,-0.117231,0.123904,7.672000,2694.709716

-0.471073,4.336317,10.965058,17.327057,-0.077884,-0.087387,0.093793,7.676000,664.013002

0.645006,5.770934,11.365026,17.350588,-0.003009,-0.039424,0.109515,7.680000,664.013002

-0.241151,5.632022,9.228669,17.324116,-0.011802,-0.019705,0.160143,7.672000,664.013002

0.458195,2.930440,10.284873,17.318233,0.171791,0.024527,0.445257,7.672000,664.013002

-0.423173,3.476505,8.883786,17.312351,-0.098669,0.014668,0.158011,7.680000,664.013002

1.464103,1.826336,10.548325,17.327057,-0.111459,0.061299,0.055956,7.676000,664.013002

2.968175,3.881263,7.430009,17.332939,0.039359,0.095939,-0.049030,7.676000,664.013002

0.870138,1.488638,7.008485,17.309410,0.149142,0.237697,-0.148421,7.672000,664.013002

-0.387247,1.431158,8.464658,17.327057,-0.025924,0.187336,-0.369052,7.680000,664.013002

0.048646,2.872960,9.365185,17.306469,-0.074154,0.102334,-0.435667,7.680000,664.013002

1.830541,1.567674,9.015512,17.321175,-0.135707,0.009605,-0.361591,7.676000,664.013002

0.575550,1.768856,8.543694,17.315292,0.021240,0.189468,-0.191055,7.680000,664.013002

-1.441056,0.288734,9.240644,17.309410,0.036961,0.034120,-0.226494,7.676000,32.339428

-0.808771,-0.269306,10.378279,17.327057,-0.060298,0.035186,-0.197450,7.676000,32.339428

-1.136889,1.761671,7.451564,17.312351,0.055080,-0.036493,-0.022384,7.672000,32.339428

-1.632658,2.635853,9.425060,17.303528,-0.076019,-0.104174,0.218498,7.668000,32.339428

-0.068710,2.820269,9.652588,17.303528,-0.042445,-0.081258,0.297104,7.664000,32.339428

-2.971473,2.020333,10.351933,17.300587,-0.025391,-0.078061,0.305898,7.672000,32.339428

-3.160680,2.552027,8.153305,17.294704,0.036694,-0.060474,0.356792,7.676000,32.339428

-4.046837,1.742511,8.560458,17.309410,-0.073088,-0.262719,0.279784,7.672000,51.813993

-0.906967,2.475386,11.951806,17.297646,0.019641,-0.299757,0.396228,7.680000,1127.921366

-1.556017,1.845496,9.434641,17.279999,0.028434,-0.260321,0.450320,7.676000,1445.688663

1.119220,2.427486,8.773615,17.303528,-0.098136,-0.227013,0.396495,7.680000,2682.217418

-1.187184,2.880145,11.000983,17.297646,-0.010736,0.077553,0.298170,7.680000,1129.940593

1.322797,1.119806,9.401111,17.297646,0.103843,-0.130287,0.112979,7.688000,2771.624673

-1.932035,-0.039384,9.777128,17.291763,-0.013667,-0.129222,-0.133233,7.684000,711.948293

0.199532,1.538934,9.063413,17.291763,0.035096,-0.104973,-0.136697,7.680000,711.948293

0.788707,-0.630954,9.029882,17.297646,0.015377,-0.106039,-0.150286,7.684000,711.948293

0.393529,1.998778,9.005932,17.285881,0.089987,-0.103641,-0.012525,7.684000,711.948293

-0.018414,1.244346,8.253896,17.288822,0.059344,-0.106306,0.201711,7.684000,112.056681

-1.841024,-0.077704,11.072834,17.274117,0.050018,-0.153470,0.334676,7.684000,112.056681

-1.426686,1.835916,8.323352,17.282940,0.079328,-0.170257,0.391965,7.684000,112.056681

0.968334,3.229818,8.684999,17.285881,0.178452,-0.140146,0.503080,7.688000,112.056681

-0.423173,2.834639,9.796288,17.282940,0.117699,-0.042888,0.526795,7.688000,112.056681

-1.472191,0.659962,9.956755,17.288822,-0.103731,-0.092983,0.519867,7.688000,112.056681

-0.027994,1.388048,8.708950,17.274117,-0.037649,-0.001586,0.565166,7.688000,112.056681

-1.302145,1.306617,9.951965,17.247646,-0.028589,-0.009047,0.588348,7.680000,112.056681

1.109640,1.809571,10.447734,17.256470,0.014844,-0.035160,0.608066,7.684000,112.056681

0.827027,2.887330,9.602292,17.268234,-0.011802,0.122586,0.590480,7.684000,112.056681

-0.928522,1.471873,10.407019,17.247646,0.032165,0.142837,0.532924,7.688000,112.056681

-0.023204,0.734207,9.111313,17.265293,-0.045376,0.114325,0.420743,7.684000,112.056681

1.543139,0.458780,9.724438,17.256470,0.033497,0.118322,0.288045,7.684000,112.056681

-0.811166,1.754486,10.102851,17.256470,-0.020861,0.239296,0.116176,7.684000,112.056681

0.115707,2.882540,9.324470,17.250587,0.013246,0.070359,0.021049,7.684000,112.056681

-0.107030,3.294483,10.122011,17.268234,0.127825,0.282463,0.007993,7.680000,112.056681

-0.016019,3.859708,9.046648,17.250587,0.204299,0.115391,-0.046366,7.684000,112.056681

-0.904572,3.131622,9.027488,17.241764,0.141681,0.083682,0.043965,7.692000,23.061198

-0.667465,2.647828,11.034513,17.256470,0.089720,0.096206,0.152149,7.688000,23.061198

-1.359625,2.928045,9.329260,17.253529,0.167527,0.017333,0.219297,7.688000,23.061198

-0.689020,3.845338,8.251501,17.238823,0.192042,0.006941,0.286179,7.688000,23.061198

0.788707,1.354517,10.076506,17.244705,0.162198,-0.062073,0.289910,7.688000,23.061198

1.143170,1.790411,8.811935,17.262352,0.273846,-0.087120,0.319221,7.680000,23.061198

-0.044760,1.438343,10.086086,17.235882,0.139549,0.009339,0.257668,7.688000,23.061198

-1.419501,-0.391452,8.402388,17.221176,0.002321,-0.065803,0.161208,7.688000,23.061198

0.302518,2.164034,10.198652,17.215292,0.066272,-0.046352,0.167870,7.680000,23.061198

-0.875831,1.876631,9.714858,17.238823,0.030566,-0.046885,0.212636,7.688000,23.061198

0.017511,1.871841,9.068203,17.227058,0.117433,-0.149206,0.369582,7.688000,23.061198

1.032999,1.656290,8.414362,17.232941,0.066538,-0.157467,0.490556,7.680000,23.061198

-0.339347,2.393956,10.244158,17.230000,0.074532,-0.001053,0.579555,7.688000,23.061198

-0.662675,1.344937,9.029882,17.218235,0.003120,-0.105773,0.515071,7.684000,23.061198

1.169515,0.659962,8.105405,17.224117,0.082259,-0.131886,0.557172,7.688000,23.061198

0.051041,0.497100,9.882509,17.230000,0.132354,-0.016508,0.512406,7.688000,23.061198

-0.171696,1.615574,8.941267,17.212351,0.132887,0.042647,0.562501,7.684000,22.855882

0.862953,1.651500,9.257409,17.212351,0.126492,0.018932,0.504945,7.692000,22.855882

0.333654,2.717283,10.339958,17.218235,0.044155,-0.039157,0.552642,7.688000,22.855882

1.689234,4.714730,10.335168,17.200586,0.050284,0.108463,0.654697,7.680000,22.855882

-0.370482,3.814203,11.269226,17.203527,0.050018,0.157492,0.758884,7.688000,22.855882

0.103732,2.599927,9.767549,17.200586,0.104909,0.065030,0.731172,7.692000,22.855882

-0.887806,1.332962,10.581855,17.215292,0.111037,0.073823,0.770342,7.688000,22.855882

1.195861,1.661080,10.138777,17.206469,0.016976,-0.002385,0.790593,7.684000,22.855882

0.803077,2.841825,8.196416,17.171175,0.055080,0.206255,0.803916,7.688000,22.855882

-0.406408,2.530472,8.610754,17.185881,0.173923,0.197728,0.865469,7.692000,22.855882

0.726437,1.960457,8.756850,17.191763,0.149674,0.100469,0.809778,7.680000,22.855882

-0.099845,1.979617,9.544811,17.179998,0.214691,0.255017,0.831095,7.688000,22.855882

-0.624354,2.963970,11.044094,17.171175,0.092652,0.193198,0.604069,7.696000,22.855882

-1.431476,0.729417,14.021103,17.188822,0.029500,0.272071,0.472703,7.696000,22.855882

-0.004044,3.392679,12.519426,17.177057,0.208563,0.248889,0.357591,7.696000,22.855882

-0.535739,4.080050,7.408454,17.162352,0.186713,0.255284,0.232354,7.704000,22.855882

2.766993,1.239557,10.802197,17.162352,0.244535,0.151363,0.216633,7.696000,22.855882

1.619779,1.107830,8.431128,17.165293,0.261855,0.275535,0.180394,7.700000,22.855882

-0.205226,1.697005,7.750942,17.174116,0.302091,0.221177,-0.004798,7.700000,22.855882

0.470170,3.421419,8.110195,17.153528,0.393221,0.164687,-0.215303,7.696000,22.855882

1.729950,3.375914,7.683881,17.156469,0.315414,0.139906,-0.221165,7.704000,22.855882

1.028209,1.134176,9.300520,17.147646,0.238140,0.120454,-0.080207,7.700000,22.855882

1.059344,2.271810,11.628479,17.141764,0.196838,0.088478,0.026112,7.696000,22.855882

0.415084,3.344779,8.732900,17.153528,0.036428,0.035985,0.227291,7.692000,22.855882

0.204322,2.298155,10.816567,17.153528,-0.066960,0.104999,0.397028,7.692000,22.855882

-2.473310,2.080208,13.218772,17.138823,-0.100001,0.111927,0.426872,7.688000,22.855882

0.580340,3.677686,12.179333,17.153528,-0.025658,-0.036493,0.374645,7.692000,22.855882

2.170634,4.372242,6.254055,17.141764,-0.007538,0.054105,0.364786,7.692000,22.855882

-0.418383,-0.580658,5.676855,17.129999,-0.017397,0.055970,0.413548,7.688000,22.855882

1.861676,-0.695619,9.724438,17.138823,0.139549,0.011204,0.412749,7.696000,22.855882

1.456918,1.160521,10.344748,17.135881,0.026302,0.228105,0.430602,7.700000,22.855882

-0.188461,1.601204,9.207114,17.135881,0.103044,0.176944,0.529460,7.700000,22.855882

-1.055458,2.159244,11.103970,17.132940,0.159800,0.197461,0.561435,7.700000,22.855882

-1.069828,4.652460,10.811777,17.144705,0.226949,0.280331,0.466308,7.700000,22.855882

0.922828,3.730376,8.143725,17.115294,0.119031,0.131645,0.518535,7.708000,11.755039

-0.001649,3.014266,10.459709,17.124117,-0.017397,0.330160,0.515604,7.696000,11.755039

-0.387247,1.071905,7.015671,17.112352,0.205632,0.192665,0.393031,7.700000,11.755039

-0.384852,0.932994,10.296848,17.103529,0.161132,0.193465,0.477499,7.704000,11.755039

-0.717760,2.884935,9.614267,17.091763,0.064939,0.311774,0.426872,7.704000,11.755039

-1.651818,2.681358,10.481264,17.115294,-0.004074,0.194530,0.436997,7.700000,11.755039

-0.734525,2.769974,9.841794,17.109411,-0.030721,0.182007,0.389567,7.700000,11.755039

-1.448241,2.666988,10.878838,17.094706,0.056413,0.147100,0.252605,7.704000,11.755039

0.563575,2.990316,10.881232,17.091763,0.033763,0.174812,0.147352,7.704000,11.755039

0.597106,3.929163,8.881392,17.109411,-0.046175,0.214782,0.150816,7.704000,11.755039

-0.978817,1.071905,10.924343,17.097647,-0.093872,0.179875,0.066614,7.704000,11.755039

-0.092660,2.786739,8.251501,17.097647,-0.022727,0.178010,-0.176666,7.704000,11.755039

-0.111820,2.801109,9.717253,17.094706,-0.034185,0.032521,-0.392234,7.708000,11.755039

0.941988,1.668265,10.313613,17.097647,-0.149296,0.101535,-0.512409,7.708000,11.755039

1.365907,3.996224,10.155541,17.082939,0.042823,0.035186,-0.366920,7.704000,11.755039

1.246156,3.778277,10.464499,17.085880,0.018841,-0.058875,-0.079674,7.704000,24.131115

-0.164511,3.639366,10.780642,17.088821,-0.017664,0.033854,0.106850,7.704000,24.131115

-1.316515,1.965247,9.072993,17.100588,-0.136773,-0.042355,0.180660,7.708000,24.131115

1.047369,3.119647,9.889694,17.082939,0.131821,-0.083656,0.278452,7.708000,24.131115

-0.360902,2.547237,10.052556,17.094706,-0.024858,0.014668,0.371181,7.704000,24.131115

-0.557294,2.061048,10.943503,17.082939,-0.001143,-0.039424,0.383971,7.712000,24.131115

0.371974,2.968760,9.554392,17.082939,0.033230,-0.019972,0.439928,7.708000,24.131115

0.173187,3.550750,9.123288,17.079998,0.007384,0.042913,0.490823,7.708000,24.131115

-1.215924,3.591465,10.780642,17.077057,0.038826,0.130846,0.519068,7.708000,24.131115

-1.412316,2.722074,10.632151,17.062351,0.040958,0.082616,0.468440,7.712000,24.131115

0.048646,2.705308,8.850256,17.068233,-0.019263,0.065829,0.541450,7.716000,24.131115

0.412689,1.225186,9.264594,17.071175,-0.050439,0.133510,0.614461,7.716000,24.131115

-0.566874,0.681517,9.963940,17.068233,0.013246,0.188402,0.575558,7.712000,24.131115

0.472565,1.064720,9.949570,17.065292,-0.066693,0.133510,0.481496,7.712000,24.131115

-0.784821,0.324659,9.159214,17.044704,-0.027790,0.229970,0.388767,7.712000,24.131115

-1.975145,1.823941,8.677814,17.059410,0.127558,0.172414,0.315224,7.708000,24.672777

-0.621959,2.092183,9.063413,17.044704,0.087855,0.142837,0.288311,7.712000,24.672777

0.429454,1.737720,9.092153,17.041763,0.139815,0.142037,0.309095,7.712000,24.672777

-0.756080,2.925650,9.075388,17.041763,0.209895,0.152163,0.278452,7.712000,24.672777

0.022301,2.199959,8.790380,17.041763,0.134486,0.127382,0.306697,7.716000,24.672777

-0.495023,1.912557,9.999866,17.038822,0.052149,0.157226,0.282715,7.716000,24.672777

0.249828,1.737720,10.617781,17.038822,0.027635,0.118056,0.245144,7.716000,24.672777

-0.001649,0.988079,10.179492,17.009411,-0.055235,0.193465,0.162807,7.712000,24.672777

1.528768,1.613179,8.756850,17.027058,0.100112,0.196929,0.016253,7.716000,24.672777

-0.633934,0.753367,9.341235,17.038822,0.015910,0.140172,-0.075144,7.712000,24.672777

0.522860,1.352122,9.734018,17.018234,0.016976,0.132445,-0.170537,7.716000,24.672777

0.142052,2.128109,8.253896,17.041763,0.006318,0.138040,-0.197983,7.716000,24.672777

1.150355,1.974827,9.666958,17.021175,0.004452,0.009605,-0.162277,7.712000,24.672777

0.134867,2.164034,9.626243,17.027058,-0.008071,0.093541,-0.178531,7.716000,24.672777

1.265316,2.384376,8.790380,17.024117,0.063874,0.033854,-0.002932,7.720000,24.672777

-0.138165,3.074141,9.563972,17.024117,0.152339,0.110062,-0.009061,7.720000,24.672777

1.143170,4.676410,9.865745,17.012352,0.137950,0.017066,0.112179,7.720000,24.937125

0.561180,3.775882,9.956755,17.018234,0.076930,0.221443,0.173999,7.720000,24.937125

-1.544042,-0.415402,8.608358,17.006470,-0.147165,0.025327,0.132431,7.716000,24.937125

0.249828,2.894515,9.683722,17.018234,0.090520,0.139373,0.146020,7.716000,24.937125

-0.538134,2.470596,10.122011,16.988823,-0.000077,0.125250,0.176930,7.716000,24.937125

-0.142955,2.202354,10.189072,17.021175,-0.024592,0.151896,0.177729,7.716000,24.937125

0.070201,2.068233,10.145962,17.015293,-0.085612,0.155893,0.192918,7.720000,24.937125

-0.281867,1.804781,9.266990,17.000587,-0.151695,0.191066,0.191319,7.716000,24.937125

-0.815956,0.734207,10.150752,17.012352,-0.088809,0.197728,0.051426,7.712000,24.937125

-1.397946,1.469478,9.947175,16.997646,-0.002476,0.278999,-0.074877,7.720000,24.937125

-0.401617,2.322105,8.507768,17.003529,-0.020861,0.143636,-0.166274,7.724000,24.937125

-0.669860,1.582044,9.317285,17.000587,-0.139970,0.068760,-0.240084,7.716000,24.937125

-1.364415,1.287457,10.110036,17.000587,0.001255,0.152163,-0.329615,7.716000,24.937125

-0.435148,1.328172,8.646679,16.985882,-0.037382,0.027991,-0.267530,7.720000,24.937125

-1.179999,1.004844,8.088639,16.985882,0.121696,-0.025035,-0.217168,7.724000,24.937125

-0.020809,1.134176,9.415481,16.977058,0.135552,-0.074064,-0.147089,7.720000,24.937125

1.147960,1.704190,7.849137,16.971176,0.165662,-0.104973,-0.098592,7.716000,25.054382

0.649796,2.635853,9.693303,16.991764,0.122762,-0.057010,-0.032243,7.720000,25.054382

-0.578849,2.695728,10.105247,16.982941,0.144612,-0.081258,-0.025049,7.720000,25.054382

-1.048273,2.757999,10.095666,16.980000,-0.003808,0.006408,0.011457,7.720000,25.054382

-1.211134,2.173614,9.010722,16.968235,-0.046975,-0.076728,0.077273,7.724000,25.054382

-1.347650,1.689820,9.827424,16.968235,-0.020595,-0.169990,0.096725,7.720000,25.054382

-0.638724,0.964129,8.706554,16.980000,0.153139,-0.174787,0.259533,7.724000,25.054382

0.300123,1.972432,8.864626,16.950586,0.072667,-0.094315,0.365052,7.720000,25.054382

-0.365692,1.330567,10.141171,16.950586,-0.013667,-0.115099,0.379175,7.720000,25.054382

-0.044760,2.319710,9.614267,16.944704,0.016710,0.041581,0.401824,7.720000,25.054382

-0.399222,3.694452,8.900552,16.956469,0.085457,0.002411,0.264596,7.720000,25.054382

0.582735,2.187984,9.808264,16.950586,-0.059232,0.072224,0.227291,7.720000,25.054382

-0.231571,1.936507,9.793894,16.953527,-0.072555,0.167884,0.209971,7.724000,25.054382

-0.753685,2.633458,9.846584,16.938822,0.001521,0.159091,0.155346,7.720000,25.054382

0.134867,3.088511,10.263317,16.941763,0.070002,0.179342,0.112179,7.720000,25.054382

-0.243546,3.026241,10.052556,16.953527,0.051350,0.200393,0.109515,7.724000,25.054382

0.268988,1.392838,10.095666,16.932940,-0.173278,0.159091,0.123904,7.728000,25.054382

-1.342860,-0.123210,9.415481,16.935881,-0.068825,0.183872,0.106051,7.724000,25.054382

0.484540,2.425091,9.221484,16.956469,0.068936,0.257682,0.092461,7.724000,25.054382

-0.401617,2.468201,10.222602,16.935881,-0.051771,0.272337,0.026911,7.724000,25.054382

-0.768055,2.487362,11.348262,16.950586,-0.112791,0.246224,-0.110050,7.724000,25.054382

-1.692533,1.840706,9.319680,16.932940,-0.099201,0.214782,-0.230225,7.724000,25.054382

-1.127308,2.286180,8.720924,16.938822,-0.011002,0.108996,-0.290978,7.728000,25.054382

-2.260153,1.855076,10.612990,16.927057,-0.076286,0.139906,-0.310164,7.732000,25.054382

-0.035179,2.116133,9.247829,16.935881,0.008982,-0.070600,-0.343738,7.724000,25.054382

-0.471073,0.212093,9.518467,16.921175,-0.014466,0.031455,-0.269128,7.732000,25.054382

1.025814,0.928204,9.417875,16.924116,0.011913,-0.144943,-0.227027,7.728000,25.054382

0.374369,0.906649,9.789104,16.912352,0.073466,0.048509,-0.213171,7.732000,25.054382

-1.280590,1.919742,9.195139,16.918234,0.142746,0.031189,-0.255805,7.728000,25.054382

-1.096173,2.123319,9.348420,16.924116,0.135552,-0.061274,-0.389836,7.728000,25.054382

-0.849486,2.324500,10.881232,16.894705,0.114501,-0.060208,-0.413018,7.732000,25.054382

-0.039970,2.700518,9.848979,16.903528,0.071068,-0.157999,-0.314161,7.732000,25.054382

-0.210016,3.711217,10.648915,16.909410,0.093451,-0.106839,-0.211040,7.736000,25.054382

-1.000372,2.757999,10.318403,16.894705,0.088388,-0.123626,0.090329,7.728000,25.054382

-1.232689,0.715047,10.629756,16.903528,-0.057633,-0.208627,0.215034,7.732000,25.054382

-1.100963,1.708980,8.491003,16.877058,0.039625,-0.079926,0.330945,7.732000,25.054382

-1.623077,2.484967,9.575947,16.874117,0.137684,-0.128422,0.360522,7.732000,25.054382

0.479750,2.657408,8.766430,16.868235,0.039093,-0.013577,0.415147,7.728000,25.054382

-0.485443,1.004844,10.802197,16.885881,0.017243,-0.061807,0.385303,7.732000,25.054382

-1.347650,1.778436,9.676538,16.891764,-0.044577,0.071425,0.358657,7.732000,25.054382

-0.712970,1.982013,9.190349,16.885881,0.091586,-0.002918,0.231555,7.732000,25.054382

1.076110,1.931717,9.719648,16.894705,-0.003541,-0.017574,0.141490,7.732000,25.054382

0.891693,2.046678,8.294611,16.885881,-0.025924,0.164953,0.065815,7.724000,25.054382

-0.310607,1.376073,10.282477,16.877058,-0.101067,0.149498,0.059420,7.724000,25.054382

0.525255,2.255045,9.908854,16.871176,-0.052038,0.170016,-0.006929,7.728000,25.054382

-0.451913,3.143597,9.396320,16.868235,-0.009670,0.213183,-0.100724,7.728000,25.054382

-1.498536,1.218001,9.621452,16.877058,-0.135440,0.085014,-0.176399,7.728000,8.398619

-0.859066,0.360584,9.554392,16.847647,-0.034451,0.023461,-0.156415,7.728000,8.398619

-0.138165,1.627550,8.347301,16.859411,0.044688,0.030123,-0.082871,7.732000,8.398619

-1.488956,0.988079,8.507768,16.841763,0.027635,0.078886,-0.037839,7.732000,8.398619

-0.851881,0.518656,10.136381,16.853529,0.044955,0.023994,-0.067949,7.732000,8.398619

-0.241151,2.501732,9.865745,16.847647,0.062541,0.000812,-0.111383,7.728000,8.398619

0.539625,2.161639,9.346025,16.841763,0.048152,-0.007715,-0.086602,7.724000,8.398619

0.443824,2.868170,9.628637,16.850588,0.060942,0.140971,-0.109784,7.728000,8.398619

-0.471073,2.283785,10.809382,16.844706,0.065472,0.039716,-0.177732,7.728000,8.398619

-1.050668,3.581886,9.980705,16.832939,0.047886,0.068760,-0.305900,7.732000,8.398619

1.078505,2.238280,9.269384,16.850588,0.064140,-0.116698,-0.286981,7.728000,8.398619

-0.753685,0.909044,8.804750,16.835880,0.007384,-0.089519,-0.250743,7.724000,8.398619

-0.016019,1.208421,8.344907,16.821175,0.090253,-0.106039,-0.191854,7.728000,8.398619

0.874928,2.995106,8.510163,16.824116,0.144878,-0.012244,-0.151618,7.732000,8.398619

0.958754,3.241793,8.431128,16.809410,0.182183,-0.059408,-0.151352,7.732000,24.962141

-0.133375,3.390284,10.591435,16.829998,0.164596,-0.011712,-0.142292,7.732000,24.962141

1.080899,3.330408,11.147079,16.838821,0.138750,0.005342,-0.215303,7.732000,24.962141

-1.515302,2.844219,10.380673,16.827057,0.011913,0.093541,-0.119377,7.736000,24.962141

0.719252,2.108948,9.379556,16.827057,-0.056834,-0.127889,-0.062354,7.732000,24.962141

-2.066156,1.280272,9.542417,16.809410,-0.056035,0.044778,-0.055692,7.732000,24.962141

-0.265101,0.695887,9.393926,16.821175,0.006851,-0.104973,0.011723,7.736000,24.962141

0.206717,0.858748,8.972402,16.800587,0.133953,-0.043421,0.068746,7.732000,24.962141

-0.025599,0.602481,8.651469,16.806469,0.036161,-0.047151,0.136694,7.728000,24.962141

-0.138165,1.069510,10.198652,16.806469,-0.059232,-0.003451,0.101254,7.728000,24.962141

-1.826654,1.409603,9.312495,16.821175,0.007117,0.045311,0.016253,7.728000,24.962141

-2.183512,2.635853,8.843071,16.806469,-0.027523,-0.067669,-0.067150,7.728000,24.962141

-1.563202,2.458621,10.138777,16.800587,0.002054,-0.056744,-0.110050,7.732000,24.962141

-0.777636,2.372401,10.462104,16.797646,0.047353,-0.069001,-0.112715,7.732000,24.962141

-0.662675,2.726864,10.234577,16.803528,-0.093073,-0.077261,-0.045566,7.728000,24.962141

-1.074618,2.393956,10.742321,16.800587,-0.106929,-0.108437,-0.110050,7.732000,24.962141

-1.383576,-1.095588,9.247829,16.788822,-0.261744,-0.168392,-0.092464,7.728000,24.962141

-1.699718,-0.441747,8.443103,16.782940,-0.152494,-0.149739,-0.098859,7.732000,24.962141

-0.691415,-0.614189,8.840676,16.785881,-0.036316,-0.210493,-0.109517,7.732000,24.962141

-0.621959,0.300709,9.065807,16.800587,0.038826,-0.171323,-0.080207,7.732000,24.962141

-1.843419,2.065838,10.023815,16.791763,0.025237,-0.129488,0.020783,7.732000,24.962141

-0.823141,1.898187,10.289662,16.791763,0.018841,-0.220618,0.139891,7.732000,24.962141

-0.609984,2.837034,10.133986,16.806469,0.054014,-0.195837,0.247009,7.728000,24.962141

-0.164511,3.785462,9.470566,16.800587,0.031099,-0.173721,0.378642,7.732000,24.962141

-0.660280,1.893397,10.747111,16.797646,0.009515,-0.123626,0.424740,7.736000,24.962141

1.231786,2.561607,9.298124,16.782940,-0.019529,-0.100444,0.412483,7.732000,24.962141

-1.239874,2.185589,8.946056,16.806469,0.088655,0.063431,0.270725,7.736000,24.962141

0.419874,1.471873,8.989167,16.818233,0.049751,-0.027966,0.176663,7.736000,24.962141

2.132313,0.657567,9.650192,16.800587,0.003920,0.047177,0.062884,7.740000,24.962141

0.436639,0.027677,8.071875,16.791763,0.069203,0.115125,-0.013324,7.732000,24.962141

-0.813561,-0.017829,8.792775,16.806469,0.051616,-0.007182,-0.057557,7.728000,24.962141

0.422269,0.111502,9.410690,16.785881,0.049218,0.003743,-0.099125,7.732000,24.962141

-1.108148,0.643197,7.765312,16.791763,0.244269,-0.041022,0.005594,7.728000,12.485043

0.175582,1.004844,8.996352,16.791763,0.244269,-0.050082,0.076473,7.732000,12.485043

-1.105753,1.756881,9.331655,16.765293,-0.048574,0.055703,0.296838,7.732000,12.485043

-1.448241,0.025282,8.292216,16.788822,-0.076552,0.075955,0.337074,7.732000,12.485043

-0.540529,1.550909,10.009445,16.794704,0.129956,0.032255,0.266728,7.732000,12.485043

-0.906967,1.905372,9.346025,16.797646,0.139016,0.115658,0.139891,7.732000,12.485043

-0.269891,2.631063,8.455077,16.812351,0.140881,-0.002119,0.069279,7.732000,12.485043

-0.463888,1.744905,9.322075,16.818233,0.059077,0.045311,0.062884,7.732000,12.485043

-1.625473,1.613179,10.129196,16.809410,0.063074,-0.001586,0.030908,7.732000,12.485043

0.359999,2.353240,9.492122,16.824116,0.105442,-0.061807,0.008259,7.728000,12.485043

0.266593,3.191497,9.269384,16.800587,0.034563,-0.006649,0.022115,7.732000,12.485043

1.100060,2.393956,9.211904,16.856470,-0.039514,-0.007182,0.028510,7.732000,12.485043

-0.042365,2.427486,10.193862,16.835880,0.002321,0.090344,0.007193,7.728000,12.485043

-0.511788,3.265743,10.670471,16.841763,0.007650,0.049575,-0.006663,7.728000,12.485043

-0.145350,1.749696,9.980705,16.853529,-0.118120,0.009339,-0.040237,7.724000,12.485043

-1.944010,2.310130,10.263317,16.847647,-0.072822,0.020530,-0.010926,7.728000,24.473745

-1.955985,1.455108,9.961545,16.850588,-0.216178,-0.063672,0.042633,7.728000,24.473745

0.563575,0.676727,9.384345,16.859411,-0.232433,-0.015708,0.150017,7.728000,24.473745

0.743202,1.670660,8.452682,16.850588,-0.091208,0.010405,0.146819,7.724000,24.473745

0.383949,1.416788,8.103010,16.859411,-0.064028,0.030123,0.140424,7.724000,24.473745

0.520465,1.383258,8.950847,16.877058,-0.066160,-0.002385,0.047163,7.724000,24.473745

0.570760,1.131781,9.281360,16.879999,-0.014999,0.034386,0.026378,7.728000,24.473745

-0.296237,0.693492,8.934082,16.877058,0.012180,0.093275,0.014121,7.736000,24.473745

-0.327372,0.676727,8.946056,16.871176,-0.042179,0.079419,0.024513,7.728000,24.473745

-0.636329,1.582044,10.426179,16.877058,0.022572,0.067961,0.058087,7.728000,24.473745

-0.650700,1.785621,9.963940,16.879999,0.021506,0.066362,0.138026,7.732000,24.473745

-0.624354,2.271810,9.563972,16.906469,-0.018197,0.060500,0.162541,7.728000,24.473745

-0.310607,2.252650,9.135263,16.877058,-0.041379,0.039183,0.248608,7.732000,24.473745

1.114430,2.221514,9.736413,16.903528,0.043622,0.169749,0.160409,7.724000,24.473745

1.193465,2.892120,10.292058,16.888823,0.044688,0.177477,0.160676,7.728000,24.473745

-0.044760,2.185589,10.023815,16.891764,0.004985,0.182540,0.051159,7.732000,24.473745

-0.528554,2.456226,10.893208,16.891764,0.015111,0.245691,-0.136430,7.728000,24.473745

0.252223,5.117093,10.816567,16.859411,-0.009404,0.235033,-0.239551,7.732000,24.473745

-0.454308,4.293207,10.876443,16.885881,-0.113324,0.267541,-0.306966,7.724000,24.473745

-1.306935,1.570069,9.650192,16.874117,-0.143701,0.181474,-0.339741,7.724000,24.473745

-1.484166,2.228699,8.347301,16.885881,0.193108,0.048242,-0.294975,7.732000,24.473745

-1.048273,2.477782,10.663286,16.879999,0.091586,-0.021304,-0.211040,7.732000,24.473745

-0.562084,3.229818,10.064531,16.879999,0.129956,-0.022104,-0.078075,7.732000,24.473745

-0.210016,3.696846,10.869258,16.882940,0.110238,-0.027166,-0.003998,7.728000,24.473745

0.551600,3.397469,9.034673,16.874117,0.050284,-0.076995,0.110847,7.724000,24.473745

-1.972750,0.952154,9.995075,16.894705,-0.000877,-0.010113,0.171867,7.732000,24.473745

-1.618287,1.989197,10.636941,16.877058,0.031099,-0.034894,0.096458,7.724000,24.473745

-1.026718,2.444251,7.997629,16.894705,0.009515,-0.029565,0.087132,7.732000,24.473745

0.022301,1.024005,9.592712,16.900587,-0.075220,-0.117497,0.062617,7.728000,24.473745

-0.887806,0.540211,10.009445,16.900587,-0.126114,0.084481,0.048761,7.732000,24.473745

-0.298632,1.479059,9.017907,16.897646,-0.116255,-0.064205,0.086599,7.724000,24.473745

0.649796,1.725745,9.698093,16.909410,-0.083214,0.007207,0.061818,7.728000,24.473745

0.019906,0.509075,8.579618,16.918234,-0.081881,0.128981,-0.014657,7.728000,24.473745

0.177977,0.444410,8.919712,16.918234,-0.039514,0.008806,-0.154550,7.736000,12.094141

-0.126190,0.118687,8.807145,16.894705,-0.010736,0.078353,-0.275790,7.728000,12.094141

0.240248,0.971314,9.187954,16.912352,0.084924,0.056769,-0.368519,7.736000,12.094141

0.556390,1.471873,8.536509,16.927057,0.043889,0.099137,-0.339208,7.732000,12.094141

-0.736920,1.411998,9.745994,16.924116,0.011114,0.092742,-0.336277,7.732000,12.094141

-0.396827,1.548514,9.082573,16.924116,0.179785,-0.030097,-0.251808,7.732000,12.094141

-1.546437,3.711217,10.517190,16.941763,0.024704,0.061832,-0.116445,7.732000,12.094141

0.046251,2.192774,9.025092,16.938822,-0.015266,-0.004251,-0.058623,7.736000,12.094141

0.019906,1.570069,10.433364,16.924116,-0.031520,0.004809,-0.033576,7.728000,12.094141

-0.801586,1.862262,9.868139,16.938822,0.005252,0.025593,-0.019453,7.728000,12.094141

-1.704508,1.447923,9.240644,16.944704,0.014578,0.073290,-0.157747,7.728000,12.094141

-1.843419,1.570069,9.149633,16.929998,0.035096,-0.103641,-0.181995,7.728000,12.094141

-0.787216,1.883817,10.773457,16.929998,-0.007805,-0.061007,-0.297107,7.732000,12.094141

-1.625473,2.640643,10.047766,16.947645,-0.047241,-0.055145,-0.214504,7.728000,12.094141

-1.242269,1.658685,7.997629,16.959410,-0.148763,-0.165194,-0.083937,7.728000,12.094141

-2.830167,0.224068,11.942226,16.929998,-0.149829,-0.188110,0.042366,7.736000,12.094141

-1.299750,-1.100378,7.920988,16.935881,-0.076019,-0.206496,0.204908,7.732000,24.232096

-1.381181,-1.196178,8.574828,16.950586,0.015910,-0.282704,0.147086,7.732000,24.232096

-0.119005,0.932994,10.119617,16.932940,0.121429,-0.216888,0.203310,7.732000,24.232096

0.704881,1.574859,8.790380,16.941763,0.159001,-0.153470,0.196115,7.728000,24.232096

-1.829049,1.438343,11.377002,16.938822,0.107573,-0.066603,0.048761,7.732000,24.232096

-1.050668,0.932994,9.298124,16.929998,0.158468,-0.151071,-0.004531,7.732000,24.232096

0.676141,1.538934,8.373647,16.921175,0.159534,-0.107372,-0.033043,7.728000,24.232096

0.024696,0.688702,9.403505,16.918234,0.050018,-0.138281,0.004262,7.728000,24.232096

0.539625,2.631063,8.953242,16.953527,0.050550,-0.127356,0.066881,7.732000,24.232096

0.086966,2.061048,9.971126,16.935881,0.084125,-0.105773,0.173999,7.728000,24.232096

-0.583639,2.365216,10.605805,16.932940,-0.029655,0.002411,0.264862,7.728000,24.232096

-0.430358,3.668106,8.170071,16.944704,-0.051238,-0.007448,0.204109,7.736000,24.232096

-0.918942,2.199959,11.321917,16.915293,-0.068025,0.011737,0.155346,7.732000,24.232096

0.245038,3.191497,10.785432,16.935881,-0.096270,0.027725,0.120173,7.736000,24.232096

0.185162,2.942415,10.019026,16.947645,-0.129312,0.062365,0.150816,7.732000,24.232096

-1.045878,1.979617,9.872930,16.935881,-0.069091,0.066362,0.150284,7.732000,24.232096

-0.535739,-0.305231,7.990444,16.929998,0.067071,-0.044486,0.053824,7.728000,24.117619

0.094152,3.241793,10.847702,16.938822,0.038293,0.128714,0.090596,7.736000,24.117619

-0.039970,0.295919,9.293335,16.935881,-0.074953,0.069559,0.216899,7.736000,24.117619

-1.098568,-0.444142,8.857441,16.938822,-0.091741,0.081550,0.273656,7.732000,24.117619

-0.413593,1.929322,10.622570,16.956469,0.106241,0.151097,0.316023,7.736000,24.117619

-0.463888,2.765184,9.731624,16.965292,0.088655,0.218778,0.314158,7.728000,24.117619

-2.245783,1.634735,8.129354,16.953527,-0.022194,0.130846,0.256602,7.728000,24.117619

-1.170419,2.911280,8.898156,16.938822,-0.030188,0.110062,0.031175,7.740000,24.117619

-0.116610,2.575977,9.480146,16.953527,0.001788,0.101535,-0.084203,7.736000,24.117619

-0.679440,2.286180,10.596226,16.953527,0.037760,0.143903,-0.152151,7.740000,24.117619

-1.419501,3.169942,8.297007,16.947645,0.008183,0.049575,-0.141226,7.732000,24.117619

-0.128585,1.517379,9.662168,16.962351,-0.005673,0.071691,-0.119377,7.736000,24.117619

0.300123,1.891002,10.335168,16.956469,0.034563,0.092742,-0.135897,7.736000,24.117619

0.139657,2.877750,9.341235,16.935881,-0.016065,0.127648,-0.053827,7.736000,24.117619

-0.746500,1.079090,10.486054,16.947645,-0.229235,0.066095,-0.055426,7.732000,24.117619

-2.449359,2.051468,9.786709,16.944704,-0.198858,0.092209,-0.131367,7.736000,24.300328

-0.753685,1.704190,9.262199,16.944704,-0.217244,-0.015975,-0.073012,7.732000,24.300328

-0.942892,1.110225,10.117222,16.935881,-0.081082,0.013869,-0.055426,7.736000,24.300328

0.549205,0.750972,8.665839,16.941763,-0.066693,-0.030364,-0.039438,7.736000,24.300328

-1.306935,0.940179,8.491003,16.941763,-0.048041,0.033321,-0.075677,7.732000,24.300328

-0.145350,0.298314,9.425060,16.935881,0.011114,-0.015975,-0.158546,7.732000,24.300328

0.910853,0.856353,9.978311,16.932940,0.096382,-0.007981,-0.257404,7.736000,24.300328

0.314493,1.064720,9.001143,16.929998,0.017509,0.001878,-0.367986,7.736000,24.300328

1.073714,1.914952,9.762758,16.918234,0.033763,-0.009580,-0.319756,7.732000,24.300328

0.211507,3.248978,9.231064,16.903528,0.123561,0.112726,-0.249677,7.736000,24.300328

-0.310607,2.561607,9.681328,16.903528,-0.013401,-0.006382,-0.221965,7.744000,24.300328

-1.021928,2.583162,9.396320,16.885881,-0.012068,0.021863,-0.214770,7.740000,24.300328

-0.598009,1.560489,11.506332,16.900587,-0.022993,0.004543,-0.168939,7.740000,24.300328

-0.293842,3.129227,10.622570,16.882940,0.009782,0.057835,-0.128436,7.740000,24.300328

-1.488956,2.319710,10.603411,16.882940,-0.074420,0.065563,-0.076210,7.740000,24.300328

-0.753685,2.626273,10.277688,16.879999,-0.047508,0.079952,-0.062354,7.740000,24.300328

-1.421896,2.082603,8.486213,16.862352,-0.125848,-0.002918,-0.081539,7.736000,24.645628

-1.805099,1.438343,8.953242,16.879999,-0.158889,-0.088986,-0.137496,7.732000,24.645628

-0.265101,0.686307,10.050160,16.874117,-0.061897,-0.091917,-0.138562,7.740000,24.645628

-1.637448,2.669383,9.226274,16.841763,0.026569,-0.065004,-0.083404,7.736000,24.645628

-1.206344,3.282508,9.995075,16.856470,0.028168,-0.082324,-0.027713,7.744000,24.645628

-1.560807,2.580767,11.539863,16.835880,-0.103465,-0.080192,0.020783,7.736000,24.645628

-1.486561,2.120924,11.156660,16.829998,-0.139704,-0.084456,0.127101,7.744000,24.645628

-0.492628,1.043165,9.446616,16.841763,0.112370,-0.156934,0.201178,7.736000,24.645628

-0.023204,-0.135185,9.643007,16.853529,0.096648,-0.155335,0.181193,7.740000,24.645628

-0.162116,1.203631,8.914922,16.853529,0.205365,-0.139081,0.152948,7.736000,24.645628

-0.183671,1.641920,10.138777,16.827057,0.145145,-0.008514,0.200378,7.740000,24.645628

-0.360902,2.544842,8.153305,16.829998,0.073200,-0.050349,0.180660,7.736000,24.645628

-2.205067,0.779713,8.586803,16.821175,0.037227,0.014935,0.058887,7.736000,24.645628

0.039066,1.115016,9.429851,16.824116,0.042823,-0.140146,-0.015456,7.740000,24.645628

0.194742,1.859866,8.464658,16.824116,0.010048,-0.052480,0.044498,7.740000,24.645628

0.280963,1.737720,7.626400,16.818233,0.005785,-0.041822,-0.009328,7.736000,24.645628

1.104850,2.403536,8.819120,16.812351,0.066538,-0.095914,-0.021851,7.736000,24.448880

1.044974,2.825059,11.185400,16.832939,0.024970,0.003210,-0.041569,7.736000,24.448880

-0.650700,0.413275,9.537626,16.818233,-0.190332,-0.041289,-0.014124,7.732000,24.448880

-0.906967,1.354517,8.603569,16.818233,-0.178341,0.002677,-0.013591,7.740000,24.448880

-1.163234,0.264784,8.886181,16.812351,-0.227103,-0.087387,0.049561,7.736000,24.448880

-2.030231,-1.416520,10.799802,16.812351,-0.175676,0.023994,0.122038,7.732000,24.448880

-0.114215,0.271969,8.972402,16.791763,0.043622,-0.067669,0.096192,7.736000,24.448880

-1.134493,1.105435,7.992838,16.797646,0.027901,-0.064738,0.204642,7.736000,24.448880

0.498910,1.371283,10.536350,16.809410,0.187512,-0.005316,0.200378,7.740000,24.448880

0.371974,2.829849,10.670471,16.788822,0.225083,0.112726,0.199579,7.744000,24.448880

-0.231571,2.626273,9.916039,16.818233,0.155270,0.023728,0.155613,7.744000,24.448880

-0.681835,1.883817,9.496911,16.797646,0.128890,0.054904,0.098590,7.736000,24.448880

0.007931,2.925650,10.967453,16.800587,0.238406,0.063697,-0.011193,7.740000,24.448880

-0.200436,4.628509,9.714858,16.797646,0.081460,0.118056,0.019717,7.740000,24.448880

-1.879345,3.399864,10.524375,16.777058,-0.083480,0.092475,0.042899,7.744000,24.448880

-2.305658,0.954549,10.775852,16.782940,-0.131177,-0.040223,0.017852,7.740000,24.448880

-1.184789,1.778436,10.229787,16.765293,-0.160221,0.018932,0.094060,7.740000,24.448880

-0.732130,-0.171110,7.609635,16.759411,-0.067759,-0.146275,0.131365,7.740000,24.448880

0.000746,-0.872851,8.074269,16.768234,-0.063762,-0.055678,0.183325,7.728000,24.448880

0.173187,-0.005854,11.022539,16.768234,-0.009404,-0.034894,0.119907,7.728000,24.448880

0.458195,1.275482,9.762758,16.756470,-0.000344,0.115125,0.054091,7.736000,24.448880

-1.017138,1.541329,10.028605,16.771175,0.042024,0.110328,-0.078608,7.736000,24.448880

-0.071105,2.154454,8.993958,16.762352,0.053215,-0.012777,-0.162810,7.736000,24.448880

-0.636329,2.144874,9.403505,16.759411,0.016177,0.045578,-0.204911,7.736000,24.448880

0.810262,0.853958,8.653864,16.747646,0.015644,-0.061274,-0.128969,7.732000,24.448880

-0.035179,1.292247,10.126801,16.753529,-0.010203,0.097005,-0.112448,7.732000,24.448880

0.649796,2.963970,9.628637,16.747646,0.055080,-0.035960,-0.136164,7.732000,24.448880

-0.181276,2.944810,7.997629,16.747646,0.056413,0.076488,-0.159346,7.732000,24.448880

-0.425568,2.556817,8.059899,16.750587,0.171791,0.075422,-0.223563,7.736000,24.448880

0.779127,3.162757,9.595107,16.744705,0.127558,0.077287,-0.243814,7.732000,24.448880

-0.135770,1.656290,10.548325,16.750587,-0.155958,0.103134,-0.098060,7.740000,24.448880

-0.863856,0.446805,9.738809,16.747646,-0.235364,0.000279,-0.068216,7.740000,24.448880

-1.766779,-0.769865,8.534113,16.735882,-0.176476,0.024261,-0.049563,7.736000,12.103534

-2.183512,-0.810580,7.676696,16.718235,-0.037382,-0.109503,-0.040237,7.732000,12.103534

0.419874,-0.836926,6.754613,16.727058,-0.025658,-0.191840,0.006394,7.732000,12.103534

-0.657885,-0.513598,9.293335,16.744705,0.019108,-0.050615,0.119640,7.732000,12.103534

0.343234,-0.022619,8.349697,16.718235,0.051883,-0.050349,0.174798,7.728000,12.103534

-0.657885,3.270533,9.094548,16.727058,0.093184,0.046377,0.228091,7.728000,12.103534

-1.764384,1.637130,9.880115,16.721176,-0.015266,0.006941,0.146819,7.724000,12.103534

-0.851881,2.274205,9.393926,16.727058,-0.030188,-0.015442,0.114578,7.728000,12.103534

-0.214806,2.290970,9.422666,16.738823,0.037760,-0.006649,0.173466,7.732000,12.103534

-0.672255,1.967642,11.860796,16.718235,0.077463,-0.043421,0.124170,7.732000,12.103534

-0.590824,1.979617,8.534113,16.718235,0.053215,-0.018107,0.093793,7.728000,12.103534

-1.345255,2.152059,6.606122,16.697645,0.152073,0.057569,0.081270,7.732000,12.103534

1.387462,2.195169,8.057505,16.721176,0.202168,-0.103641,0.016253,7.728000,12.103534

2.084413,0.777318,9.480146,16.706469,0.155803,-0.021571,-0.050096,7.728000,12.103534

0.834213,-0.319601,8.917316,16.703527,0.098514,0.050108,-0.078341,7.728000,12.103534

1.181490,2.592742,8.562854,16.721176,0.224018,0.046644,-0.138029,7.728000,12.103534

-0.559689,4.355477,11.666799,16.709410,0.062008,0.206255,-0.295242,7.724000,12.103534

-0.451913,3.790252,9.781919,16.697645,0.047619,0.018665,-0.418347,7.728000,23.513680

-1.203949,1.900582,9.738809,16.703527,-0.084280,0.011737,-0.297640,7.728000,23.513680

-0.547714,1.445528,9.736413,16.691763,-0.055502,-0.140946,-0.175067,7.728000,23.513680

0.549205,2.125714,9.999866,16.703527,-0.020329,-0.109770,0.034372,7.724000,23.513680

-1.112938,2.734049,9.425060,16.709410,-0.008604,0.010671,0.130032,7.724000,23.513680

-1.642238,1.433553,8.205996,16.697645,-0.012601,-0.117764,0.194250,7.728000,23.513680

-0.245941,1.649105,9.472961,16.688822,-0.090408,-0.050082,0.203043,7.728000,23.513680

-0.514183,1.594019,9.712463,16.679998,-0.103198,-0.062073,0.176930,7.728000,23.513680

0.273778,0.741392,9.597502,16.685881,-0.013401,-0.003984,0.174532,7.732000,23.513680

0.297728,1.958062,10.593830,16.685881,-0.033385,0.011737,0.184924,7.728000,23.513680

-1.445846,2.767579,9.398716,16.700586,-0.096537,0.070359,0.078339,7.724000,23.513680

-0.447123,2.631063,9.008327,16.679998,-0.184469,0.011737,0.066348,7.728000,23.513680

0.324073,2.786739,10.569880,16.682940,-0.107728,0.138307,0.027977,7.724000,23.513680

0.324073,3.167547,12.105087,16.682940,-0.064295,0.142037,0.002130,7.728000,23.513680

-1.254244,2.822664,11.858400,16.703527,-0.106396,0.241428,-0.039704,7.728000,23.513680

-0.581244,2.614298,11.829660,16.691763,-0.086944,0.110062,-0.120975,7.732000,23.513680

-0.832721,2.204749,9.125683,16.691763,-0.030454,0.153229,-0.155349,7.732000,23.262285

-1.292565,2.013148,8.783195,16.674116,-0.032586,0.071425,-0.154550,7.728000,23.262285

-2.949918,0.942574,9.420271,16.682940,0.095050,0.058635,-0.137762,7.728000,23.262285

-2.516420,3.148387,9.698093,16.674116,0.020973,-0.001053,-0.074078,7.736000,23.262285

-1.376390,2.995106,11.022539,16.671175,0.083592,-0.045819,0.088731,7.736000,23.262285

-0.803981,3.035821,10.701606,16.677057,0.056679,-0.048750,0.156412,7.736000,23.262285

-0.645909,3.232213,10.402228,16.668234,-0.061364,0.006141,0.214767,7.728000,23.262285

-1.122518,1.440738,10.050160,16.650587,-0.080549,-0.053280,0.198247,7.728000,23.262285

0.570760,1.126991,10.016630,16.662352,-0.118387,-0.049016,0.095126,7.720000,23.262285

0.764757,1.730535,9.087363,16.665293,-0.174077,0.022396,0.060219,7.724000,23.262285

-0.530949,0.501890,8.706554,16.677057,0.060410,-0.018373,-0.163076,7.720000,23.262285

-2.176327,0.789293,6.661208,16.653528,0.194174,-0.159865,-0.400761,7.724000,23.262285

-0.514183,1.093460,10.069321,16.650587,0.047886,-0.032762,-0.343205,7.724000,23.262285

0.999469,2.420301,9.796288,16.656469,0.129956,-0.068468,-0.199582,7.724000,23.262285

-0.408803,2.374796,9.611873,16.671175,0.091053,-0.070600,-0.033576,7.716000,23.262285

-0.447123,3.193892,9.803473,16.656469,0.064406,-0.062606,0.127634,7.724000,23.262285

-2.023046,3.165152,9.302915,16.647646,0.067871,0.027991,0.115910,7.724000,23.172765

0.982704,4.338712,8.886181,16.659410,0.036161,-0.108970,0.131898,7.720000,23.172765

-0.142955,2.401141,11.142290,16.647646,-0.074420,0.007207,0.105784,7.724000,23.172765

-0.789611,2.980736,10.557905,16.641764,-0.121851,0.055171,0.121239,7.724000,23.172765

-0.404013,2.398746,9.611873,16.641764,-0.074154,0.031988,0.079404,7.720000,23.172765

-1.163234,1.852681,10.260922,16.624117,0.011913,0.027192,0.051959,7.724000,23.172765

-0.883016,1.251532,11.068044,16.635881,-0.078684,0.024261,-0.033842,7.728000,23.172765

-1.033903,1.385653,9.180769,16.644705,-0.095737,0.039716,0.001331,7.728000,23.172765

-0.861461,-0.113630,8.682605,16.641764,-0.079483,-0.088986,-0.018920,7.724000,23.172765

0.415084,0.286339,9.719648,16.641764,-0.013667,-0.002385,0.079404,7.720000,23.172765

-0.808771,1.098250,9.741203,16.659410,-0.005940,0.038117,0.117242,7.720000,23.172765

-0.574059,2.039493,10.337564,16.653528,-0.020595,0.138573,0.148685,7.724000,23.172765

-0.284262,2.592742,9.482541,16.632940,-0.083480,0.064497,0.080204,7.716000,23.172765

-0.334557,2.590347,10.577065,16.627058,-0.090675,0.083416,-0.042102,7.724000,23.172765

-0.552504,4.652460,10.545930,16.624117,-0.053903,0.095673,-0.182262,7.720000,23.172765

-0.679440,2.446646,11.080019,16.632940,-0.287058,0.105265,-0.171337,7.720000,23.172765

-1.699718,0.801268,10.107641,16.632940,-0.240160,0.075955,-0.225695,7.724000,23.012204

-2.229017,1.270692,10.608200,16.629999,-0.283594,-0.012244,-0.214504,7.720000,23.012204

-1.156049,1.277877,10.232183,16.618235,-0.184469,-0.002119,-0.189456,7.720000,23.012204

-0.583639,1.153336,8.337722,16.641764,-0.162087,-0.044486,-0.140427,7.720000,23.012204

-0.466283,0.322264,9.710068,16.612352,-0.136506,-0.086854,-0.120442,7.728000,23.012204

-0.849486,0.693492,10.979428,16.624117,-0.153560,-0.002385,-0.098060,7.724000,23.012204

-1.500932,1.220396,9.583132,16.615294,-0.076819,-0.047151,-0.141759,7.720000,23.012204

-0.629144,1.512589,8.809541,16.612352,-0.048307,-0.071399,-0.153217,7.724000,23.012204

-1.414711,1.471873,9.106524,16.618235,0.021506,-0.074064,-0.149220,7.724000,23.012204

-0.092660,1.047955,9.506492,16.606470,-0.024592,-0.148940,-0.047432,7.720000,23.012204

0.623451,1.998778,9.772339,16.615294,0.015910,-0.160131,0.091662,7.720000,23.012204

-1.139284,1.675450,7.954518,16.609411,-0.008871,-0.017041,0.181460,7.724000,23.012204

0.621056,0.171378,8.972402,16.615294,-0.054436,-0.119096,0.173199,7.724000,23.012204

0.312098,0.262388,8.979588,16.585880,0.086256,-0.029565,0.026112,7.724000,23.012204

-1.031508,0.379744,6.862390,16.591763,0.128357,-0.003718,0.021049,7.728000,23.012204

0.185162,-0.456117,7.772497,16.603529,0.120630,-0.059142,-0.038638,7.732000,23.012204

-0.198041,0.959339,8.874207,16.603529,0.219488,-0.031963,-0.080473,7.728000,23.012204

-0.207621,1.651500,8.867022,16.600588,0.123828,-0.021304,-0.039438,7.724000,23.202697

-0.142955,2.063443,9.568762,16.588821,0.073733,-0.068468,0.016253,7.724000,23.202697

-0.368087,1.799991,9.484936,16.585880,0.081727,-0.081791,0.139891,7.724000,23.202697

-1.069828,2.765184,10.160332,16.585880,-0.041912,0.001878,0.253404,7.732000,23.202697

-1.038693,2.971155,10.828542,16.579998,-0.014733,0.010671,0.297637,7.724000,23.202697

0.156422,1.984407,10.332773,16.582939,-0.022727,0.032255,0.322685,7.724000,23.202697

-1.484166,1.452713,9.999866,16.594706,-0.073888,0.111927,0.234219,7.724000,23.202697

-0.423173,0.695887,9.061018,16.579998,-0.066427,0.012004,0.137760,7.724000,23.202697

-0.169301,0.444410,9.446616,16.568233,-0.057367,0.101002,0.044231,7.724000,23.202697

0.343234,1.850286,9.896879,16.553528,-0.032586,0.103400,-0.041037,7.724000,23.202697

0.019906,2.104158,10.078901,16.574116,-0.051505,0.162022,-0.072213,7.724000,23.202697

-0.130980,4.197406,9.487331,16.571175,-0.037116,0.112460,-0.095395,7.724000,23.202697

0.177977,2.583162,10.107641,16.577057,-0.093606,0.035985,-0.194519,7.724000,23.202697

-1.345255,2.233490,11.992521,16.577057,-0.137839,0.254484,-0.300038,7.724000,23.202697

-0.717760,3.292088,10.167517,16.585880,-0.167416,0.074889,-0.313361,7.724000,23.202697

0.218693,2.504127,10.507609,16.585880,-0.144767,0.114059,-0.319490,7.724000,23.202697

-0.904572,0.813243,9.338840,16.571175,-0.098935,0.101002,-0.397030,7.724000,23.202697

-0.322582,0.480335,9.472961,16.579998,-0.048840,-0.027166,-0.383707,7.728000,23.202697

0.611476,0.856353,9.113708,16.579998,-0.086145,-0.006382,-0.387971,7.728000,23.202697

-1.251849,0.465965,9.954360,16.559410,-0.073888,0.020797,-0.328017,7.728000,23.202697

-0.301027,0.552186,10.260922,16.568233,-0.063229,-0.076728,-0.298972,7.724000,23.202697

-1.371600,1.531749,9.880115,16.582939,-0.044310,-0.035160,-0.171603,7.728000,23.202697

-1.086593,0.693492,8.996352,16.568233,0.004186,-0.111102,-0.122308,7.728000,23.202697

-1.534462,0.921019,10.270503,16.568233,0.043356,-0.100177,-0.101524,7.732000,23.202697

-1.280590,1.174891,8.665839,16.568233,0.058278,-0.121761,-0.069015,7.728000,23.202697

-0.686625,0.259993,10.019026,16.571175,0.084391,-0.143344,-0.016256,7.732000,23.202697

0.082176,1.146151,9.983100,16.553528,0.006318,-0.145209,0.042899,7.728000,23.202697

-0.298632,0.391720,9.966335,16.562351,-0.130644,-0.120961,0.095659,7.728000,23.202697

-0.741710,1.352122,8.143725,16.556469,0.096116,-0.130820,0.051959,7.724000,23.202697

1.004259,0.346214,9.475356,16.553528,0.081460,-0.207828,-0.024516,7.724000,23.202697

-0.794401,-0.183085,8.026369,16.568233,0.160599,-0.128955,-0.067150,7.732000,23.202697

0.015116,3.442974,11.834451,16.553528,0.102244,0.001079,0.054357,7.728000,23.202697

-1.074618,4.096815,9.710068,16.547646,0.109972,0.009339,-0.028779,7.732000,23.202697

-0.748895,2.173614,12.270344,16.544704,-0.075753,-0.148407,-0.064219,7.728000,11.818400

-2.205067,1.728140,10.766272,16.541763,-0.191930,-0.021304,0.042100,7.728000,11.818400

-2.545160,1.993988,10.780642,16.559410,-0.042179,-0.079659,0.035971,7.732000,11.818400

1.569484,2.746024,8.799960,16.544704,0.066272,-0.168658,0.107117,7.732000,11.818400

-0.435148,1.888607,10.969849,16.550587,-0.028589,-0.014110,0.252339,7.728000,11.818400

-1.864974,1.076695,10.651311,16.529999,0.014844,-0.044486,0.287512,7.736000,11.818400

0.846188,1.785621,8.773615,16.535881,0.046820,-0.137748,0.356259,7.740000,11.818400

-0.368087,0.827613,7.798842,16.535881,0.023904,-0.077528,0.393297,7.736000,11.818400

0.376764,-1.541061,10.129196,16.535881,-0.121851,-0.124425,0.324550,7.736000,11.818400

1.059344,2.772369,11.312336,16.521175,-0.152494,-0.007182,0.304032,7.728000,11.818400

-2.846932,-2.475119,7.427614,16.521175,0.162465,-0.019705,0.037836,7.732000,11.818400

1.052159,0.777318,7.291098,16.512352,-0.030454,-0.110036,0.017319,7.732000,11.818400

1.844911,1.591624,9.269384,16.544704,0.056146,0.050641,0.010124,7.736000,11.818400

-0.382457,1.433553,8.617939,16.518234,0.082792,0.116457,0.035971,7.732000,11.818400

-1.493746,0.686307,10.263317,16.532940,0.080128,-0.030364,-0.050096,7.736000,11.818400

0.788707,1.608389,10.375883,16.521175,-0.029655,0.144702,-0.091664,7.732000,11.818400

-0.952472,2.370006,9.590317,16.532940,-0.052038,0.088745,-0.140694,7.724000,24.070085

0.692906,3.943534,10.785432,16.527058,-0.045643,0.062365,-0.133233,7.724000,24.070085

0.891693,0.590506,9.956755,16.497646,-0.185002,0.065829,-0.081272,7.720000,24.070085

-0.602799,1.469478,10.713581,16.524117,-0.148763,0.076488,0.003196,7.724000,24.070085

0.070201,0.099527,9.942385,16.512352,-0.004074,0.004010,0.001597,7.716000,24.070085

0.633031,-1.871574,8.912526,16.515293,0.096648,-0.010113,-0.012525,7.724000,24.070085

-0.799191,1.071905,10.201047,16.503529,0.046021,-0.011445,-0.062886,7.716000,24.070085

1.157540,-0.116025,9.314890,16.509411,-0.072289,-0.021571,-0.102856,7.712000,24.070085

0.645006,0.106712,9.250224,16.503529,0.009515,0.049575,-0.152418,7.716000,24.070085

-1.259035,-0.056149,11.120734,16.506470,0.014844,0.001079,-0.191588,7.716000,24.070085

0.302518,-0.283676,9.286150,16.488823,-0.022993,0.013869,-0.208641,7.708000,24.070085

0.405504,-0.757890,8.313771,16.512352,0.077463,-0.039157,-0.244347,7.700000,24.070085

-0.030389,-0.841716,8.802356,16.503529,-0.056301,-0.055411,-0.196917,7.704000,24.070085

-0.799191,-0.947096,9.643007,16.480000,-0.157024,-0.041555,-0.231557,7.700000,24.070085

-1.280590,0.216883,9.757969,16.494705,-0.016065,-0.018640,-0.239018,7.696000,24.070085

0.439034,-1.014157,9.492122,16.512352,-0.118653,-0.212358,-0.217168,7.684000,24.070085

0.587526,1.246742,11.681170,16.506470,-0.081348,-0.073797,-0.153750,7.684000,24.070085

-1.752409,-1.560221,9.975915,16.491764,-0.182604,-0.015442,-0.140427,7.692000,24.070085

-1.330885,-1.404545,9.355605,16.494705,-0.100534,-0.184113,-0.184926,7.684000,21.492313

-0.243546,-0.896801,8.847861,16.503529,-0.098402,-0.096180,-0.103922,7.676000,21.492313

-0.935707,-0.341156,9.192744,16.488823,0.014844,-0.189176,-0.139095,7.672000,21.492313

-0.413593,1.079090,9.585527,16.482941,0.139282,-0.147874,-0.043168,7.676000,21.492313

-0.444728,2.199959,9.511281,16.491764,0.135552,-0.182514,-0.001867,7.676000,21.492313

0.070201,1.174891,10.579460,16.503529,-0.038448,-0.215289,0.004529,7.672000,21.492313

-0.059130,-0.892011,9.683722,16.480000,0.081460,-0.294428,0.116709,7.668000,21.492313

-1.879345,1.150941,10.888417,16.482941,0.006851,-0.172122,0.242213,7.668000,21.492313

-2.006281,0.655172,11.151870,16.497646,-0.084812,-0.254725,0.294973,7.660000,21.492313

-0.281867,1.862262,10.122011,16.494705,-0.021394,-0.318410,0.387169,7.664000,21.492313

0.764757,2.164034,8.929292,16.465292,0.089454,-0.197702,0.490823,7.652000,21.492313

-0.104635,1.651500,10.292058,16.503529,0.093451,-0.246731,0.537187,7.660000,21.492313

-0.595614,1.517379,9.666958,16.494705,0.129956,-0.237139,0.543049,7.652000,21.492313

-0.612379,0.717442,10.368698,16.474117,0.084658,-0.276042,0.541983,7.644000,21.492313

-0.986002,1.541329,9.398716,16.480000,0.073200,-0.321874,0.580087,7.652000,21.492313

0.537230,1.859866,9.027488,16.480000,0.099047,-0.242202,0.644038,7.652000,21.492313

0.142052,1.912557,10.280083,16.494705,0.097448,-0.291497,0.827098,7.656000,21.492313

-1.381181,0.944969,8.898156,16.474117,0.150740,-0.236339,0.966458,7.652000,21.492313

-0.691415,-0.975837,10.974638,16.456469,0.131289,-0.370637,1.117809,7.660000,21.492313

-0.138165,-1.339880,12.038027,16.477058,0.129690,-0.274977,1.238250,7.656000,21.492313

-2.408644,0.118687,8.787985,16.462351,0.043089,-0.159865,1.170302,7.668000,21.492313

-1.285380,2.346056,8.998747,16.453527,0.015377,-0.225947,1.212137,7.668000,18.104518

-0.291447,-0.032199,10.227392,16.488823,0.079595,-0.157200,1.142590,7.668000,18.104518

0.870138,-1.145883,10.119617,16.450586,0.111304,-0.194238,1.211604,7.672000,18.104518

-0.293842,-0.036989,10.122011,16.465292,0.186979,-0.076195,1.208406,7.664000,18.104518

-0.815956,2.108948,9.937595,16.459410,0.223751,-0.034094,0.998700,7.676000,18.104518

0.654586,1.426368,11.032119,16.459410,0.128624,-0.116698,0.826032,7.668000,18.104518

3.032840,2.535262,11.635664,16.450586,0.188844,-0.052214,0.769809,7.668000,18.104518

2.776573,0.051627,9.343630,16.462351,0.225883,-0.005583,0.812709,7.676000,18.104518

-0.279472,-0.214220,9.178373,16.456469,0.218688,0.000279,0.941944,7.668000,18.104518

-0.262706,0.940179,9.029882,16.462351,0.249864,0.022929,1.154314,7.676000,18.104518

-0.339347,0.545001,9.985496,16.456469,0.235742,-0.039424,1.243046,7.676000,18.104518

0.180372,0.619246,11.556628,16.480000,0.349788,0.029857,1.196948,7.676000,18.104518

0.613871,0.128267,10.790222,16.456469,0.356449,0.025860,1.067447,7.684000,18.104518

1.028209,1.244346,8.483818,16.456469,0.443316,0.108197,0.938480,7.692000,18.104518

0.175582,0.640802,11.159055,16.468235,0.244002,0.130313,0.818305,7.680000,18.104518

0.850978,-1.095588,10.806987,16.441763,0.303157,0.178010,0.692002,7.680000,18.104518

1.308426,0.645592,9.587922,16.453527,0.377766,0.123918,0.763414,7.680000,18.104518

0.621056,2.580767,9.671748,16.450586,0.453442,0.198794,0.955533,7.692000,18.104518

1.260526,0.973709,9.918435,16.453527,0.467298,0.116190,1.066115,7.680000,18.104518

-0.399222,0.988079,9.686118,16.453527,0.510731,0.221710,1.172167,7.680000,18.104518

-0.049550,0.846773,11.029724,16.444704,0.378299,0.164420,1.023748,7.684000,20.178506

2.189794,1.304222,10.263317,16.441763,0.442783,0.228105,0.951536,7.684000,20.178506

0.946778,1.210816,8.919712,16.450586,0.424397,0.265676,0.922758,7.692000,20.178506

0.336049,0.025282,10.897998,16.441763,0.380964,0.225174,0.971787,7.680000,20.178506

1.361117,1.907767,9.676538,16.453527,0.443050,0.342684,0.826299,7.684000,20.178506

-0.784821,1.407208,9.065807,16.429998,-0.045909,0.296319,0.367450,7.680000,20.178506

2.699933,-3.746874,16.049685,16.447645,0.084125,0.113792,0.348265,7.668000,20.178506

2.220929,-1.363830,10.320798,16.424116,0.412939,0.415961,0.577156,7.672000,20.178506

-0.808771,2.779554,8.586803,16.435881,0.255460,0.352809,0.665888,7.664000,20.178506

4.970411,-1.974560,9.731624,16.447645,-0.069891,0.335489,0.731971,7.668000,20.178506

-4.633617,2.484967,12.670312,16.450586,0.364710,0.377057,0.526262,7.664000,20.178506

2.817289,-1.239289,13.048725,16.432940,0.338330,0.208386,0.597940,7.672000,20.178506

3.207677,1.117410,11.508728,16.429998,0.384428,0.369330,0.284581,7.668000,20.178506

2.699933,4.865616,5.360712,16.435881,0.307154,0.337621,-0.008795,7.664000,20.178506

0.031881,2.820269,7.765312,16.427057,0.317546,0.542797,-0.010127,7.660000,20.178506

2.369420,0.930599,7.899433,16.418234,0.256526,0.134310,0.139359,7.652000,20.178506

1.013839,2.037098,8.146120,16.415293,0.742287,0.261679,0.361055,7.660000,20.178506

-3.807335,8.498860,7.568920,16.421175,0.643962,0.458328,0.488691,7.664000,20.178506

-1.084198,-0.173505,12.576906,16.429998,0.315148,-0.277641,0.807380,7.660000,20.178506

1.974242,0.343819,11.688354,16.427057,0.335932,0.010938,1.109815,7.660000,19.659556

-0.138165,1.946087,9.710068,16.412352,0.340195,0.081017,1.161775,7.656000,19.659556

-2.705626,1.112620,8.560458,16.406469,0.147276,-0.006649,1.042666,7.652000,19.659556

-0.372877,2.288575,9.645403,16.424116,0.070002,0.095140,0.866535,7.644000,19.659556

0.467775,0.523446,9.302915,16.394705,-0.044577,0.068227,0.907570,7.644000,19.659556

1.361117,-0.899196,9.978311,16.412352,0.079328,-0.031430,0.979515,7.636000,19.659556

0.649796,0.214488,9.884905,16.403528,0.313549,0.090610,1.305665,7.628000,19.659556

-2.492470,2.796319,10.033396,16.418234,0.290900,0.216647,1.029077,7.632000,19.659556

-0.020809,2.702913,9.547207,16.406469,0.254394,0.016533,0.329080,7.644000,19.659556

1.832936,2.822664,8.421547,16.418234,0.220287,0.186537,-0.155882,7.644000,19.659556

2.410136,1.565279,9.604687,16.400587,0.129157,0.121253,-0.312295,7.640000,19.659556

3.875887,1.450318,10.145962,16.409410,0.134486,0.080751,-0.111916,7.632000,19.659556

3.042421,0.995264,8.730505,16.403528,0.072933,0.132711,0.230489,7.612000,19.659556

0.328863,1.867052,10.342353,16.400587,0.088655,0.056236,0.478565,7.604000,19.659556

0.494120,2.777159,10.414204,16.400587,0.045754,-0.040490,0.482829,7.584000,19.659556

1.689234,4.360267,8.265871,16.409410,-0.022727,0.066362,0.525196,7.592000,19.659556

1.727555,3.430999,9.757969,16.406469,-0.030721,-0.023436,0.622189,7.584000,19.659556

0.870138,2.022728,9.379556,16.400587,0.131555,0.031189,0.996568,7.592000,19.659556

-1.876950,3.007081,8.593988,16.382940,0.155004,0.058102,1.521500,7.604000,19.659556

-0.526159,2.666988,9.686118,16.397646,0.128091,-0.078061,1.807947,7.604000,19.659556

-1.872159,1.926927,11.063254,16.400587,0.298893,-0.043687,2.037904,7.612000,19.659556

-0.739315,1.622760,10.907578,16.397646,0.178452,-0.086055,1.910268,7.620000,19.659556

1.773060,1.941297,10.466894,16.394705,0.176587,0.039716,1.756786,7.628000,19.659556

2.014957,1.476663,11.391372,16.377058,0.324740,0.101269,1.731205,7.624000,16.515641

1.650914,0.351004,10.311218,16.382940,0.363910,0.188135,1.694167,7.624000,16.515641

-0.018414,0.954549,10.093271,16.400587,0.333267,0.217979,1.740532,7.624000,16.515641

0.563575,0.901859,10.442944,16.382940,0.518991,0.284595,1.688838,7.636000,16.515641

0.410294,1.505404,10.172307,16.391764,0.585607,0.331492,1.639809,7.644000,16.515641

1.028209,1.038375,10.198652,16.388823,0.614918,0.382386,1.467407,7.644000,16.515641

1.864071,1.179681,10.337564,16.385881,0.610122,0.430083,1.301668,7.644000,16.515641

0.362394,2.027518,10.268107,16.391764,0.640765,0.471918,1.022948,7.640000,16.515641

2.256854,1.330567,9.269384,16.400587,0.539509,0.336022,0.780201,7.640000,16.515641

2.558627,0.489915,9.853769,16.382940,0.510198,0.505492,0.637643,7.636000,16.515641

2.695143,1.086275,8.883786,16.382940,0.394820,0.365066,0.483095,7.624000,16.515641

2.244879,1.004844,9.061018,16.391764,0.318079,0.443140,0.416479,7.624000,16.515641

1.430573,3.162757,8.057505,16.368235,0.318345,0.394377,0.439395,7.620000,16.515641

0.661771,0.659962,11.475198,16.385881,0.326339,0.340285,0.540651,7.616000,16.515641

0.091757,2.049073,9.118498,16.385881,0.331402,0.369330,0.706391,7.616000,16.515641

-0.813561,3.725587,7.679091,16.368235,0.326339,0.295253,0.873729,7.616000,16.515641

0.194742,0.731812,9.532837,16.379999,0.248799,0.210518,0.997901,7.616000,16.515641

0.709672,2.228699,8.677814,16.388823,0.273313,0.324298,1.111147,7.616000,16.515641

-1.026718,1.792806,11.022539,16.382940,0.406011,0.201725,1.145521,7.620000,16.515641

-0.346532,3.591465,9.832214,16.397646,0.346057,0.313106,0.964326,7.640000,16.515641

-1.290170,0.913834,10.316008,16.397646,0.350854,0.156160,0.969123,7.640000,16.515641

2.005377,0.918624,9.161609,16.391764,0.248266,0.125517,1.002164,7.632000,17.681264

1.703605,1.531749,12.191308,16.403528,0.228814,0.273403,1.159643,7.632000,17.681264

2.481986,-2.978073,8.229946,16.400587,0.365243,0.172680,0.953668,7.624000,17.681264

1.591039,2.341265,8.898156,16.394705,0.366042,0.272604,0.811643,7.616000,17.681264

-1.311725,3.196287,9.372371,16.397646,0.393488,0.266475,0.445790,7.616000,17.681264

0.807867,0.736602,8.081454,16.394705,0.332468,0.098870,0.204642,7.628000,17.681264

3.998034,0.267179,8.217971,16.403528,0.190177,0.171348,0.302167,7.624000,17.681264

3.672311,1.795201,9.056228,16.406469,0.338063,0.371195,0.572627,7.624000,17.681264

2.652032,0.552186,8.531718,16.397646,0.364976,0.249955,0.882522,7.612000,17.681264

0.906063,0.279154,9.896879,16.382940,0.288768,0.322699,1.125003,7.612000,17.681264

0.776732,3.478900,9.039463,16.385881,0.352452,0.333624,1.120740,7.612000,17.681264

-0.540529,2.769974,9.508886,16.385881,0.232811,0.422622,0.939545,7.612000,17.681264

2.137103,2.484967,9.142448,16.371176,0.177653,0.392512,0.711453,7.620000,17.681264

2.616107,1.752090,9.537626,16.385881,0.211227,0.474316,0.610997,7.624000,17.681264

2.862794,3.907608,8.924501,16.377058,0.260256,0.564647,0.480963,7.616000,17.681264

1.344352,2.999896,8.946056,16.379999,0.180851,0.608347,0.161475,7.624000,17.681264

2.750228,2.377191,9.554392,16.388823,0.168060,0.583299,-0.144424,7.624000,17.681264

2.357445,4.151900,8.450288,16.388823,0.181916,0.644319,-0.421279,7.616000,17.681264

1.689234,4.008199,8.900552,16.388823,0.032431,0.628864,-0.622724,7.608000,17.681264

2.929855,1.931717,8.996352,16.385881,0.011647,0.422356,-0.759686,7.608000,17.681264

2.951410,2.120924,9.039463,16.374117,0.010848,0.565979,-0.717851,7.604000,17.681264

-0.004044,0.142637,8.747270,16.371176,0.018575,0.528674,-0.678681,7.604000,17.681264

2.455641,2.080208,8.308981,16.382940,0.076930,0.549991,-0.537190,7.604000,17.681264

-0.514183,2.302945,9.348420,16.379999,-0.080816,0.392778,-0.389569,7.604000,17.681264

0.144447,3.110067,8.840676,16.385881,-0.092273,0.276601,-0.324020,7.612000,17.681264

0.872533,2.154454,9.468171,16.368235,0.054814,0.391713,0.036770,7.612000,17.681264

-3.273246,1.064720,10.596226,16.365294,-0.069624,0.309642,0.006660,7.612000,17.681264

-2.274523,2.669383,10.517190,16.356470,0.009249,0.184671,-0.077808,7.608000,17.681264

-0.032785,2.286180,9.465776,16.379999,-0.026724,0.221177,-0.089000,7.604000,17.681264

0.216298,2.511312,8.438313,16.344706,0.017776,0.192399,-0.163076,7.592000,17.681264

-0.315397,1.792806,9.777128,16.371176,-0.090675,0.133777,-0.205444,7.600000,17.681264

-1.249454,3.117252,9.422666,16.359411,-0.080016,0.126849,-0.239285,7.608000,17.681264

-0.313002,2.978341,8.646679,16.353529,-0.163152,0.076488,-0.239551,7.604000,17.681264

-0.454308,2.370006,9.516071,16.359411,-0.030721,0.040249,-0.181995,7.612000,17.681264

-0.990792,2.851404,7.978468,16.374117,-0.077352,0.003743,-0.067949,7.612000,17.681264

-0.528554,4.247701,9.643007,16.371176,-0.045909,-0.016508,0.065548,7.612000,17.681264

-2.758317,3.148387,9.920830,16.350588,-0.079750,0.027725,0.289377,7.624000,17.681264

-2.516420,3.172337,8.766430,16.356470,0.020707,-0.136949,0.330146,7.628000,17.681264

-3.759435,2.439461,6.831254,16.359411,-0.053103,-0.126024,0.293374,7.624000,17.681264

-3.721115,0.899464,9.865745,16.368235,-0.149829,-0.276842,0.246210,7.624000,17.681264

-1.074618,-0.480068,9.992681,16.356470,-0.141569,-0.405543,0.299769,7.624000,17.681264

-0.145350,1.330567,9.777128,16.347647,-0.093606,-0.246465,0.423141,7.620000,17.681264

-2.866093,-1.471606,9.120893,16.379999,-0.104797,-0.261387,0.528927,7.624000,17.681264

-2.528395,-0.446537,9.678933,16.365294,-0.196993,-0.256591,0.436997,7.628000,17.681264

0.067806,2.290970,9.197534,16.353529,-0.082947,-0.197436,0.429270,7.624000,17.681264

1.179096,2.020333,9.674143,16.350588,-0.030188,-0.218753,0.328014,7.624000,8.698438

0.762362,3.318433,7.928173,16.347647,0.074266,-0.139081,0.371980,7.636000,8.698438

1.808985,3.093302,9.966335,16.368235,0.096648,-0.108171,0.371714,7.632000,8.698438

0.601896,0.729417,10.162726,16.347647,0.176854,-0.046352,0.430069,7.636000,8.698438

0.166002,2.197564,7.858717,16.353529,0.193907,0.018932,0.382905,7.632000,8.698438

0.645006,1.617970,8.323352,16.338821,0.084658,0.011204,0.460446,7.632000,8.698438

0.237853,1.711375,8.708950,16.338821,-0.061897,0.076488,0.585150,7.640000,8.698438

0.022301,2.887330,9.113708,16.359411,0.142746,0.151630,0.555573,7.644000,8.698438

1.270106,2.425091,8.258686,16.350588,0.077996,0.224907,0.471371,7.652000,8.698438

-0.025599,2.034703,10.342353,16.356470,0.059877,0.251820,0.343469,7.648000,8.698438

0.932408,3.229818,9.911250,16.365294,0.067071,0.322432,0.108449,7.652000,8.698438

1.516793,2.666988,8.237131,16.341763,-0.118920,0.356007,0.004529,7.652000,8.698438

0.721647,1.052745,10.454919,16.347647,-0.015532,0.350944,-0.013591,7.652000,8.698438

-0.320187,1.498219,7.044411,16.344706,0.153139,0.344549,-0.144690,7.652000,8.698438

1.550323,-1.035712,7.674301,16.347647,-0.017930,0.296852,-0.174001,7.652000,8.698438

0.297728,-0.597424,10.282477,16.341763,-0.046975,0.395443,-0.095661,7.644000,8.698438

-0.277076,1.950877,9.777128,16.335880,-0.011535,0.358671,-0.176666,7.648000,8.698438

-0.506998,1.280272,10.466894,16.350588,-0.208451,0.360537,-0.394632,7.648000,8.698438

-0.624354,3.696846,9.674143,16.338821,-0.119986,0.403970,-0.381842,7.640000,8.698438

-0.154930,3.842942,8.802356,16.347647,-0.086411,0.373860,-0.366121,7.640000,20.038559

-0.435148,3.541170,10.239367,16.356470,-0.024592,0.371195,-0.356528,7.640000,20.038559

-2.193092,3.531590,9.396320,16.341763,-0.002742,0.285394,-0.365055,7.648000,20.038559

-1.041088,4.690780,6.577382,16.341763,0.005252,0.120987,-0.357328,7.656000,20.038559

-1.187184,2.841825,8.256291,16.335880,-0.135440,0.097005,-0.401027,7.656000,20.038559

-2.925968,1.431158,9.769943,16.341763,-0.148497,0.086347,-0.374914,7.660000,20.038559

-1.544042,-2.527809,14.959950,16.341763,0.002321,0.033054,-0.373848,7.672000,20.038559

-3.951036,2.341265,6.553432,16.329998,0.214958,-0.026633,-0.283251,7.680000,20.038559

0.515675,2.094578,8.560458,16.350588,0.111570,0.059434,-0.090865,7.668000,20.038559

-1.548832,2.472991,8.893367,16.324116,0.315414,-0.081525,-0.142559,7.676000,20.038559

-0.322582,2.434671,8.011999,16.329998,0.214158,-0.053813,-0.176666,7.680000,20.038559

-0.162116,1.962852,8.426337,16.324116,-0.005673,-0.040490,-0.292577,7.672000,20.038559

-0.842301,0.202513,9.463381,16.332939,0.052149,-0.156667,-0.358127,7.676000,20.038559

0.350419,0.985684,9.731624,16.327057,0.326073,0.000279,-0.302969,7.680000,20.038559

-1.747618,0.351004,8.047924,16.329998,0.126492,-0.201966,-0.269128,7.676000,20.038559

1.064134,2.317315,10.826147,16.332939,0.151007,-0.123892,-0.085269,7.676000,20.038559

0.367184,3.349569,10.354328,16.335880,0.193374,-0.068735,-0.083138,7.672000,20.038559

0.975519,4.113580,8.105405,16.332939,0.390823,0.038383,-0.064485,7.660000,20.038559

0.230668,3.009476,8.912526,16.306469,0.012979,-0.074863,-0.076476,7.664000,22.223601

-0.327372,-0.745915,9.468171,16.329998,-0.174610,-0.068735,-0.122574,7.660000,22.223601

-1.187184,0.360584,8.845466,16.315292,-0.150629,-0.104707,-0.177732,7.664000,22.223601

1.454523,0.712652,8.567643,16.318233,-0.042445,-0.072199,-0.182528,7.676000,22.223601

-1.177604,4.159085,9.034673,16.309410,-0.021394,0.108996,-0.197450,7.672000,22.223601

0.103732,2.228699,11.120734,16.332939,0.054281,-0.049816,-0.138828,7.680000,22.223601

-1.120123,2.056258,10.533955,16.300587,0.123028,0.034120,-0.070614,7.676000,22.223601

-1.848209,0.722232,8.507768,16.324116,0.066805,0.008273,0.061019,7.672000,22.223601

-1.189579,-0.815370,9.029882,16.321175,-0.055768,-0.130021,0.190253,7.668000,22.223601

-2.264943,1.045560,10.989009,16.312351,-0.021394,-0.033828,0.341071,7.672000,22.223601

-0.873436,1.447923,9.264594,16.318233,0.080394,0.049841,0.278185,7.664000,22.223601

-0.988397,2.025123,7.624006,16.321175,0.040958,0.031722,0.091129,7.664000,22.223601

-0.372877,1.112620,9.013118,16.288822,-0.067226,-0.020505,0.015720,7.668000,22.223601

-1.697323,3.311248,8.182045,16.300587,0.017243,0.187336,-0.008528,7.672000,22.223601

-0.847091,2.789134,8.064690,16.318233,0.232278,-0.076195,0.023181,7.668000,22.223601

0.510885,3.687266,9.053833,16.312351,0.350054,-0.021304,0.058354,7.680000,22.223601

-0.669860,2.243070,9.511281,16.285881,0.185380,-0.083923,0.066348,7.676000,22.223601

-2.990633,2.178404,7.521020,16.303528,0.099313,-0.070600,-0.000534,7.684000,22.289454

0.601896,0.808453,7.825187,16.300587,0.039093,-0.220352,0.005861,7.676000,22.289454

0.168397,-1.579381,9.621452,16.297646,-0.017131,-0.104441,-0.082072,7.676000,22.289454

0.398319,2.199959,7.976073,16.329998,0.210161,-0.083923,-0.220899,7.672000,22.289454

0.992284,3.019056,9.731624,16.309410,0.153938,-0.086854,-0.271527,7.676000,22.289454

0.041461,3.665711,11.161449,16.309410,0.040958,0.023728,-0.296308,7.680000,22.289454

-1.014742,3.775882,9.240644,16.303528,0.053748,-0.019972,-0.343205,7.676000,22.289454

0.292938,2.729259,8.661049,16.306469,0.143812,-0.151604,-0.292311,7.680000,22.289454

0.264198,0.935389,8.194020,16.285881,0.020707,-0.061807,-0.117778,7.676000,22.289454

-0.210016,0.798873,9.652588,16.288822,0.029766,-0.062339,-0.098592,7.684000,22.289454

-0.523764,2.520892,7.990444,16.291763,0.119564,-0.078860,-0.083671,7.688000,22.289454

-0.655490,0.968919,9.235854,16.291763,0.081460,-0.100444,-0.091931,7.680000,22.289454

0.288148,1.778436,9.008327,16.303528,-0.075486,-0.172388,-0.091132,7.680000,22.289454

-0.756080,2.765184,9.975915,16.291763,-0.051771,-0.092983,-0.051962,7.688000,22.289454

0.934803,1.359308,8.795171,16.285881,-0.052837,-0.112168,0.010657,7.688000,22.289454

-0.174091,0.937784,9.132869,16.256470,0.095849,-0.042355,0.153748,7.684000,22.289454

-1.009952,0.125872,10.105247,16.265293,0.033763,-0.018906,0.142556,7.688000,22.289454

-1.206344,1.277877,8.929292,16.282940,0.092918,-0.036759,0.199579,7.692000,22.966340

-0.566874,4.120765,9.252620,16.297646,0.105442,0.011737,0.210504,7.692000,22.966340

1.143170,3.759117,10.905183,16.279999,-0.002209,0.069027,0.282449,7.692000,22.966340

-1.278195,3.680081,10.213022,16.288822,-0.054436,0.164154,0.323751,7.688000,22.966340

-0.981212,3.572305,12.131433,16.285881,-0.074687,0.110328,0.318688,7.688000,22.966340

-0.621959,3.062166,10.538745,16.285881,-0.062430,0.150298,0.280317,7.692000,22.966340

-0.490233,1.244346,7.568920,16.256470,0.096915,0.130046,0.098590,7.696000,22.966340

0.213903,0.875513,8.320956,16.259411,0.043889,0.090876,-0.010660,7.692000,22.966340

-0.468678,0.616851,8.874207,16.253529,-0.028589,0.132178,-0.028513,7.688000,22.966340

-0.720155,1.637130,8.783195,16.268234,0.027635,0.151097,-0.060755,7.692000,22.966340

-1.467401,1.452713,8.857441,16.259411,0.014578,0.095406,-0.154816,7.700000,22.966340

-1.476981,3.641761,8.814330,16.262352,0.032165,0.071958,-0.176932,7.696000,22.966340

-2.049391,2.305340,10.565090,16.265293,-0.018730,0.058102,-0.359459,7.696000,22.966340

-0.123795,1.335357,9.408296,16.262352,-0.007805,0.004010,-0.287248,7.700000,22.966340

-0.236361,1.565279,10.476475,16.247646,-0.020861,0.132178,-0.274458,7.696000,22.966340

-2.164352,1.649105,9.664562,16.259411,0.034829,0.012270,-0.398363,7.704000,22.966340

-0.530949,0.959339,8.713739,16.277058,-0.076552,-0.091117,-0.414350,7.700000,24.033009

-0.624354,0.715047,9.480146,16.262352,-0.157024,-0.145209,-0.308831,7.696000,24.033009

-0.195646,0.691097,10.196257,16.277058,-0.062963,-0.077528,-0.193986,7.700000,24.033009

-0.490233,0.319869,8.182045,16.241764,-0.032319,-0.096447,-0.110850,7.700000,24.033009

0.568365,1.495824,8.641890,16.268234,-0.018463,-0.108171,-0.005864,7.700000,24.033009

-0.150140,1.970037,9.252620,16.247646,0.042290,-0.013843,0.035438,7.700000,24.033009

-1.529672,1.237161,8.778405,16.256470,0.009249,-0.058609,-0.007995,7.700000,24.033009

0.553995,4.096815,9.446616,16.230000,-0.026457,0.043446,0.055956,7.696000,24.033009

-0.720155,2.746024,9.678933,16.247646,-0.037649,0.103667,0.007460,7.704000,24.033009

0.108522,2.863380,9.367580,16.250587,-0.082681,0.000279,-0.104988,7.700000,24.033009

-0.025599,0.995264,10.081296,16.247646,-0.053636,0.047177,-0.122841,7.700000,24.033009

0.764757,1.567674,9.472961,16.250587,0.005252,0.010405,-0.119909,7.700000,24.033009

0.860558,0.827613,9.372371,16.241764,-0.050439,0.055437,-0.189456,7.704000,24.033009

-1.405131,-0.048964,9.408296,16.235882,-0.103731,0.071691,-0.188124,7.700000,24.033009

0.565970,0.827613,9.135263,16.230000,-0.116255,0.104466,-0.133499,7.704000,24.033009

-0.226781,-1.232104,9.551997,16.221176,-0.153293,0.146834,-0.163876,7.704000,24.033009

-1.716483,-0.468093,7.944938,16.235882,-0.080549,0.105532,-0.259802,7.700000,24.267119

-0.990792,0.044442,8.378437,16.230000,-0.130378,0.069027,-0.289913,7.700000,24.267119

-0.940497,0.101922,7.643166,16.235882,0.013779,0.058368,-0.358393,7.704000,24.267119

-2.099686,0.832403,8.649075,16.259411,0.072400,0.004010,-0.391701,7.700000,24.267119

-1.235084,2.039493,9.803473,16.235882,-0.071489,-0.015176,-0.371716,7.700000,24.267119

-1.524882,0.485125,9.954360,16.230000,-0.115189,-0.107105,-0.332813,7.708000,24.267119

-1.615892,-0.211825,9.427456,16.232941,-0.086944,-0.141745,-0.254207,7.708000,24.267119

-1.110543,0.542606,8.749665,16.227058,0.040958,-0.186511,-0.167073,7.708000,24.267119

-0.006439,-0.343551,9.535232,16.221176,-0.026990,-0.136949,-0.094862,7.700000,24.267119

-1.812284,1.239557,8.776011,16.215292,0.099580,-0.099378,-0.112182,7.700000,24.267119

-0.207621,2.532867,10.656101,16.218235,0.092119,-0.110569,-0.091132,7.708000,24.267119

-1.666188,2.734049,9.939990,16.238823,0.139016,-0.118829,-0.124439,7.708000,24.267119

0.168397,0.573741,10.464499,16.244705,0.022039,-0.154802,-0.123640,7.704000,24.267119

-0.504603,0.691097,8.711345,16.238823,0.065206,-0.133485,-0.057824,7.708000,24.267119

0.213903,2.154454,9.381950,16.230000,0.137950,-0.035960,0.052225,7.708000,24.267119

-0.784821,2.130504,9.743598,16.227058,0.176854,-0.058875,0.036504,7.712000,24.267119

-0.626749,2.887330,9.779524,16.224117,0.226416,-0.073264,0.001331,7.712000,24.528301

-0.059130,3.359149,9.688513,16.227058,0.106241,-0.040756,-0.051429,7.712000,24.528301

-1.129703,3.181917,10.466894,16.235882,0.008449,0.031722,-0.059689,7.708000,24.528301

-0.835116,2.326895,10.265713,16.232941,-0.071489,0.037850,-0.039704,7.712000,24.528301

-1.309330,0.101922,10.845307,16.215292,-0.192463,0.091143,-0.050096,7.712000,24.528301

-0.190856,0.475545,10.023815,16.218235,-0.019529,-0.007981,-0.064485,7.708000,24.528301

0.707277,1.232371,7.846742,16.224117,-0.128512,0.004809,-0.053294,7.708000,24.528301

-0.042365,0.315079,9.841794,16.212351,-0.057100,0.093808,-0.063952,7.704000,24.528301

-0.430358,1.071905,10.526770,16.224117,-0.025125,0.217979,-0.171603,7.704000,24.528301

-1.036298,1.052745,7.576105,16.218235,0.036694,0.200659,-0.303502,7.708000,24.528301

-0.044760,1.076695,10.356724,16.215292,-0.128779,0.031722,-0.440464,7.708000,24.528301

0.695301,2.099368,9.578342,16.203527,0.149408,0.186537,-0.599542,7.708000,24.528301

-1.572782,3.579490,8.009604,16.238823,0.189111,0.057569,-0.561171,7.712000,24.528301

-0.918942,2.700518,9.714858,16.235882,-0.086145,0.048509,-0.553977,7.712000,24.528301

-1.421896,2.494547,8.993958,16.218235,0.001255,-0.009313,-0.598210,7.712000,24.528301

-2.078131,2.288575,11.235696,16.194704,0.042823,-0.118030,-0.594746,7.712000,24.491399

0.007931,0.992869,11.846425,16.227058,-0.035517,-0.169191,-0.419680,7.716000,24.491399

-0.459098,1.435948,10.519585,16.206469,0.016710,-0.163329,-0.362923,7.720000,24.491399

-0.780031,1.457503,8.407177,16.212351,0.155537,-0.180382,-0.199049,7.712000,24.491399

-2.176327,2.616693,10.138777,16.191763,0.072933,-0.181981,-0.174534,7.712000,24.491399

-1.395551,1.699400,10.337564,16.194704,0.052149,-0.261653,-0.216369,7.712000,24.491399

-2.087711,1.725745,9.336445,16.197645,0.185114,-0.266183,-0.211573,7.716000,24.491399

-0.885411,1.349727,8.651469,16.191763,0.131821,-0.211558,-0.015456,7.716000,24.491399

-0.933312,2.381981,8.435918,16.200586,0.077197,-0.259522,0.028777,7.712000,24.491399

-0.212411,1.785621,10.423784,16.203527,0.035362,-0.333865,0.154813,7.712000,24.491399

-1.706903,2.937625,10.232183,16.185881,0.006051,-0.102042,0.240881,7.716000,24.491399

-0.255521,1.706585,9.537626,16.203527,-0.082947,-0.243534,0.218498,7.716000,24.491399

0.403109,1.811966,9.947175,16.185881,-0.225771,-0.104441,0.153215,7.708000,24.491399

-0.574059,0.271969,9.916039,16.188822,-0.124782,-0.249663,0.113512,7.708000,24.491399

0.350419,1.239557,9.944780,16.182940,-0.119453,-0.031963,0.122305,7.716000,24.491399

-3.579808,1.708980,8.459867,16.191763,-0.061097,-0.065803,0.056755,7.712000,24.491399

-0.164511,0.786898,7.770102,16.179998,-0.066960,-0.169191,0.101521,7.712000,24.479957

-1.302145,-0.719570,10.337564,16.188822,0.113702,-0.085788,0.110314,7.716000,24.479957

0.599501,1.261111,10.234577,16.194704,0.174722,-0.103375,0.174265,7.716000,24.479957

-1.567992,2.688543,7.863508,16.203527,0.143279,0.088212,0.260599,7.716000,24.479957

-0.289052,2.089788,9.877720,16.177057,0.077197,-0.073531,0.232354,7.716000,24.479957

0.522860,1.914952,11.202166,16.174116,0.196039,0.048509,0.162274,7.712000,24.479957

-0.576454,2.204749,10.835728,16.171175,0.191776,-0.005849,0.085533,7.720000,24.479957

-2.274523,3.057376,8.716135,16.174116,-0.003009,0.082616,0.049294,7.724000,24.479957

-0.885411,3.371124,8.280241,16.191763,-0.044044,-0.083656,-0.043701,7.720000,24.479957

-2.300868,2.142479,8.637099,16.191763,-0.025391,-0.023969,-0.010926,7.716000,24.479957

-2.061366,0.552186,9.089758,16.177057,0.077463,-0.137482,0.060486,7.720000,24.479957

-0.540529,-0.051359,10.989009,16.182940,-0.073888,-0.184912,0.090063,7.724000,24.479957

-1.455426,0.087552,8.388017,16.159410,0.061209,-0.084722,0.081270,7.716000,24.479957

-1.189579,0.647987,11.077624,16.168234,0.209629,-0.172655,0.122571,7.716000,24.479957

-0.176486,3.339988,8.534113,16.185881,0.185380,-0.077794,0.183058,7.724000,24.479957

-1.182394,2.947205,10.167517,16.174116,0.112636,-0.057277,0.191585,7.712000,24.650222

0.292938,2.410721,11.072834,16.182940,0.122762,-0.079393,0.167071,7.720000,24.650222

-1.769174,1.582044,9.837004,16.177057,0.078263,-0.009580,0.078872,7.720000,24.650222

-0.186066,3.064561,6.912685,16.171175,0.132887,-0.064471,0.098057,7.720000,24.650222

-0.324977,0.830008,9.290939,16.174116,-0.044310,-0.006915,0.175065,7.720000,24.650222

0.034276,-0.293256,11.899116,16.174116,0.192308,0.046111,0.214767,7.724000,24.650222

-0.641119,4.341107,6.534272,16.162352,0.189111,0.089011,0.192918,7.724000,24.650222

0.664166,1.261111,8.907737,16.144705,-0.091474,0.013602,0.166005,7.724000,24.650222

1.911971,0.952154,11.741045,16.168234,0.011380,0.056503,0.066614,7.728000,24.650222

-1.086593,0.765343,10.354328,16.179998,0.192308,0.178010,-0.047432,7.728000,24.650222

-1.318910,1.728140,9.920830,16.156469,0.102511,0.073024,-0.125772,7.728000,24.650222

1.717975,2.693333,6.433681,16.188822,-0.040313,0.094074,-0.147089,7.720000,24.650222

-0.248336,2.535262,11.468013,16.174116,0.054814,0.178010,-0.176666,7.724000,24.650222

0.896483,5.030872,9.781919,16.188822,0.058278,0.137241,-0.128703,7.720000,24.650222

0.577946,1.428763,9.753179,16.177057,-0.206586,0.099137,-0.006929,7.724000,24.650222

-1.086593,2.233490,11.779365,16.159410,-0.125048,0.259547,-0.017854,7.720000,24.650222

-1.692533,4.257281,10.418994,16.177057,-0.135440,0.183073,-0.087934,7.720000,24.935468

-0.875831,2.535262,9.422666,16.159410,-0.171946,0.115391,-0.112981,7.720000,24.935468

-2.106871,1.632339,9.647798,16.153528,-0.151695,0.049841,-0.144957,7.720000,24.935468

-2.195487,0.092342,8.565248,16.171175,-0.112791,-0.055411,-0.073811,7.720000,24.935468

-2.480494,1.227581,9.712463,16.159410,-0.019263,-0.130820,0.023980,7.720000,24.935468

-1.400341,2.096973,9.266990,16.171175,0.105442,-0.122826,0.188388,7.720000,24.935468

-0.866251,0.245623,8.205996,16.162352,0.085457,-0.178251,0.295772,7.724000,24.935468

-0.394432,0.374954,10.773457,16.171175,0.041224,-0.095914,0.226758,7.720000,24.935468

0.060621,1.725745,9.997471,16.168234,0.027368,-0.042355,0.282182,7.724000,24.935468

-0.358507,1.275482,9.441826,16.159410,-0.069358,-0.049283,0.213435,7.724000,24.935468

-1.340465,1.469478,8.088639,16.165293,-0.115189,0.047443,0.251006,7.724000,24.935468

-1.280590,0.825218,10.783037,16.144705,-0.073888,0.034919,0.078339,7.728000,24.935468

-0.495023,1.268297,9.518467,16.153528,-0.150629,-0.021038,-0.027980,7.720000,24.935468

0.405504,0.614456,9.662168,16.156469,-0.215113,0.003743,-0.060488,7.724000,24.935468

-0.689020,1.682635,10.809382,16.147646,-0.117321,0.114858,-0.138828,7.720000,24.935468

0.441429,3.014266,8.790380,16.156469,-0.170613,0.063164,-0.152418,7.724000,24.580448

1.363512,3.349569,9.714858,16.153528,-0.060564,0.071158,-0.176932,7.716000,24.580448

0.331258,2.231094,10.648915,16.147646,-0.053370,0.110595,-0.204645,7.724000,24.580448

-1.675768,1.579649,9.769943,16.147646,-0.061097,0.090344,-0.189989,7.720000,24.580448

-0.588429,1.744905,9.853769,16.165293,-0.147165,0.039716,-0.115913,7.724000,24.580448

-1.093778,1.788016,10.356724,16.144705,-0.105064,0.018399,-0.002133,7.728000,24.580448

-1.805099,1.910162,9.726833,16.153528,-0.058966,0.011204,0.094060,7.724000,24.580448

-0.796796,0.947364,8.823911,16.162352,-0.038448,-0.075929,0.146020,7.724000,24.580448

-0.047155,-0.209430,9.875324,16.150587,-0.159156,-0.014376,0.236351,7.724000,24.580448

0.474960,0.619246,10.375883,16.144705,-0.007805,0.019465,0.185457,7.724000,24.580448

-0.693810,0.700677,8.311377,16.156469,0.033230,0.097272,0.187855,7.724000,24.580448

-0.301027,1.332962,8.919712,16.144705,-0.036849,0.002411,0.056222,7.720000,24.580448

-1.790729,0.449200,9.757969,16.127058,-0.020062,0.128181,-0.060488,7.728000,24.580448

-0.626749,1.613179,7.983259,16.124117,-0.059499,0.023728,-0.095395,7.720000,24.580448

-1.623077,2.346056,8.170071,16.135881,-0.013667,0.031988,-0.044767,7.724000,24.580448

-1.556017,2.106554,8.852651,16.129999,0.117699,-0.060741,-0.096727,7.736000,24.580448

-0.396827,2.623878,9.904064,16.144705,0.145678,-0.044753,-0.034375,7.728000,24.560015

-1.474586,1.227581,10.337564,16.132940,0.073466,-0.030630,0.094060,7.728000,24.560015

-0.873436,0.343819,9.954360,16.147646,0.023105,-0.135883,0.250473,7.728000,24.560015

0.118102,1.040770,9.825029,16.156469,-0.051771,-0.082857,0.269126,7.728000,24.560015

-0.317792,1.680240,9.707673,16.171175,-0.173811,-0.027433,0.355726,7.724000,24.560015

-2.243387,-0.286071,8.941267,16.179998,-0.168482,0.054105,0.211836,7.724000,24.560015

-3.122360,1.083880,10.723162,16.194704,-0.099468,0.008007,0.040235,7.724000,24.560015

-0.269891,2.274205,8.742480,16.200586,0.008716,-0.094581,-0.028513,7.732000,24.560015

0.783917,1.033585,8.917316,16.221176,-0.031254,-0.040756,-0.006130,7.732000,24.560015

1.131195,2.420301,9.928015,16.212351,0.071335,-0.057277,0.081270,7.728000,24.560015

0.599501,2.370006,10.165122,16.227058,-0.017131,0.127115,0.153481,7.732000,24.560015

0.297728,2.525682,7.873087,16.215292,-0.202322,0.135109,0.115643,7.728000,24.560015

-0.861461,0.300709,9.643007,16.235882,-0.026191,0.192932,-0.025582,7.728000,24.560015

-0.313002,0.518656,8.948452,16.250587,-0.042179,0.172947,-0.225695,7.732000,24.560015

1.363512,2.094578,8.780800,16.235882,-0.063229,0.178809,-0.280853,7.728000,24.560015

-0.159721,0.983289,10.004656,16.241764,-0.049107,0.222775,-0.411686,7.732000,24.560015

0.470170,1.759276,10.409413,16.262352,-0.101333,0.231835,-0.488694,7.736000,24.801545

-0.466283,1.811966,9.654983,16.297646,-0.149296,0.199593,-0.540387,7.732000,24.801545

-0.974027,0.815638,9.911250,16.288822,-0.138105,0.098870,-0.506280,7.732000,24.801545

0.051041,1.783226,9.288545,16.288822,-0.093872,0.058901,-0.379977,7.736000,24.801545

0.237853,0.724627,8.059899,16.306469,-0.133309,0.051440,-0.256338,7.736000,24.801545

-0.269891,0.068392,9.298124,16.303528,0.038293,0.014668,-0.168672,7.736000,24.801545

-0.705785,0.727022,8.811935,16.327057,-0.006473,-0.015442,-0.100724,7.736000,24.801545

-1.936825,0.918624,8.356882,16.312351,-0.009670,-0.006382,-0.131367,7.736000,24.801545

-2.044601,1.692215,9.250224,16.362352,0.035096,-0.105773,-0.148421,7.732000,24.801545

-2.882858,2.152059,10.924343,16.347647,-0.002742,-0.074597,-0.022118,7.732000,24.801545

-1.996701,-0.441747,9.029882,16.353529,-0.139970,-0.223816,0.038369,7.736000,24.801545

-1.299750,-0.199850,8.488607,16.394705,-0.108528,-0.181981,0.086066,7.736000,24.801545

-1.963170,-1.148278,9.547207,16.377058,-0.007272,-0.307485,0.067414,7.732000,24.801545

0.558785,-0.738730,6.948610,16.394705,0.046820,-0.318943,0.109781,7.732000,24.801545

-0.847091,-0.573473,8.179650,16.403528,0.127825,-0.171856,0.109515,7.732000,24.801545

-0.981212,1.086275,9.549602,16.391764,0.192575,-0.153470,0.008259,7.736000,25.154823

-0.363297,2.417906,9.077783,16.424116,0.151007,-0.150805,-0.060222,7.736000,25.154823

-1.261430,2.276600,9.525652,16.403528,0.115034,-0.147341,-0.070347,7.740000,25.154823

-0.310607,1.560489,10.256132,16.432940,0.002854,-0.200900,-0.034109,7.736000,25.154823

0.125287,1.385653,9.837004,16.429998,0.080661,-0.169457,0.050094,7.740000,25.154823

0.216298,2.228699,10.567485,16.421175,0.069203,-0.125491,0.087132,7.736000,25.154823

-0.499813,3.668106,8.170071,16.438822,0.028967,-0.088453,0.153215,7.740000,25.154823

0.017511,2.379586,8.582014,16.435881,0.021772,-0.079127,0.184924,7.736000,25.154823

-0.574059,0.870723,11.312336,16.435881,0.067871,-0.051148,0.161208,7.740000,25.154823

0.774337,1.730535,10.696816,16.450586,0.014312,-0.022104,0.178529,7.744000,43.568203

-0.166906,2.705308,8.366462,16.462351,-0.016065,0.047710,0.271257,7.744000,43.568203

-1.321305,2.010753,9.908854,16.450586,0.064673,0.081284,0.258467,7.740000,43.568203

-0.660280,2.183194,9.801079,16.465292,0.075864,-0.029831,0.137493,7.740000,43.568203

0.824632,3.572305,10.349538,16.450586,-0.012601,-0.015442,0.220630,7.736000,43.568203

-0.087870,-1.145883,8.081454,16.477058,0.044688,0.009339,0.265928,7.740000,43.568203

0.137262,0.501890,8.201205,16.471176,0.083858,0.138840,0.210771,7.740000,60.181939

0.431849,1.582044,9.537626,16.482941,0.033497,0.127382,0.123637,7.740000,60.181939

-0.787216,2.413116,9.815449,16.480000,0.034563,0.154028,0.034372,7.744000,60.181939

-0.674650,2.152059,9.556787,16.500587,-0.085612,0.093275,-0.055958,7.744000,60.181939

-1.833839,2.492151,10.105247,16.506470,-0.079217,0.108996,-0.093263,7.740000,60.181939

-1.917665,3.325619,10.486054,16.515293,-0.049906,0.038916,-0.099658,7.740000,60.181939

-1.611102,2.798714,10.615385,16.509411,-0.005407,0.023728,-0.091931,7.740000,60.181939

-1.575177,1.313802,9.367580,16.529999,-0.108261,-0.064738,0.014921,7.740000,60.181939

-1.000372,0.125872,9.956755,16.512352,-0.165284,-0.053813,0.034905,7.736000,60.181939

0.216298,0.537816,9.695698,16.515293,0.095050,-0.086321,0.122571,7.740000,60.181939

-0.020809,1.574859,8.385622,16.521175,0.158734,0.001079,0.168936,7.736000,60.181939

0.089361,1.795201,9.041858,16.524117,0.127558,-0.084456,0.111646,7.740000,60.181939

-0.756080,1.788016,9.422666,16.538822,0.104376,0.022129,0.040767,7.740000,60.181939

-0.892597,2.041888,9.755573,16.547646,0.169126,-0.016508,0.026112,7.744000,60.181939

0.987494,3.361544,10.301638,16.550587,0.089188,-0.053813,-0.007196,7.736000,60.181939

0.839003,3.639366,10.622570,16.527058,0.129157,0.018132,0.038103,7.740000,60.181939

0.292938,3.998619,10.169911,16.559410,0.105175,0.023195,0.020783,7.736000,25.068402

0.678536,3.701637,7.671906,16.574116,-0.013401,0.009872,0.107117,7.740000,25.068402

-0.413593,1.931717,8.081454,16.577057,-0.093339,0.047976,0.114578,7.740000,25.068402

0.393529,1.919742,11.422507,16.565292,0.003387,0.085547,0.206507,7.744000,25.068402

0.043856,2.525682,11.151870,16.582939,-0.005673,0.184138,0.276587,7.744000,25.068402

-0.545319,1.948482,8.591594,16.577057,-0.055502,0.135376,0.273922,7.744000,25.068402

-1.316515,1.218001,9.650192,16.585880,-0.103731,0.118589,0.222495,7.744000,25.068402

-0.255521,0.647987,10.536350,16.588821,-0.057900,0.138307,0.133763,7.740000,25.068402

0.383949,0.868328,9.530441,16.597647,-0.055502,0.186803,0.110314,7.740000,25.068402

0.462985,-0.417797,9.480146,16.591763,-0.097603,0.195596,0.079671,7.740000,25.068402

-0.279472,0.058812,6.476791,16.579998,-0.081082,0.253419,-0.022651,7.740000,25.068402

-1.395551,0.010911,9.039463,16.612352,-0.006739,0.199060,-0.210240,7.736000,25.068402

-0.229176,1.148546,9.678933,16.600588,-0.062696,0.119122,-0.375447,7.740000,25.068402

-1.086593,2.815479,8.845466,16.579998,0.075864,0.187602,-0.285649,7.744000,25.068402

-0.957262,3.593861,11.230906,16.606470,0.113702,0.037318,-0.362657,7.740000,25.068402

-0.842301,3.737562,10.553115,16.594706,0.030299,0.147100,-0.305367,7.740000,25.067815

-1.625473,1.768856,9.923224,16.600588,-0.119453,0.058901,-0.252075,7.740000,25.067815

-1.711693,0.798873,10.672866,16.615294,-0.149030,-0.054346,-0.252874,7.740000,25.067815

-0.595614,0.571346,9.149633,16.600588,-0.158889,-0.065537,-0.198516,7.744000,25.067815

0.302518,0.367769,9.142448,16.618235,-0.174077,-0.102842,-0.156681,7.744000,25.067815

0.010326,1.385653,10.232183,16.615294,-0.104264,-0.021571,-0.146556,7.736000,25.067815

-1.776359,2.221514,9.928015,16.597647,0.059877,-0.096980,-0.146289,7.740000,25.067815

-0.451913,0.988079,8.093430,16.609411,0.039625,-0.152937,-0.131101,7.744000,25.067815

-0.550109,1.126991,9.875324,16.591763,0.026835,-0.163862,-0.177465,7.736000,25.067815

-0.392037,1.275482,10.550720,16.588821,0.061742,-0.171856,-0.157747,7.740000,25.067815

0.348024,0.588111,8.977192,16.588821,0.036961,-0.098845,-0.073279,7.736000,25.067815

-0.851881,1.773646,8.287426,16.579998,0.113702,-0.090851,-0.061021,7.736000,25.067815

-0.324977,2.365216,10.311218,16.588821,0.087589,-0.098045,-0.100724,7.744000,25.067815

0.443824,2.626273,9.125683,16.559410,0.108906,-0.093516,-0.096994,7.740000,25.067815

1.018629,3.716007,9.743598,16.556469,0.068936,-0.082324,-0.047965,7.740000,25.067815

0.034276,1.795201,11.726674,16.559410,-0.138371,-0.080459,0.000532,7.740000,25.067815

-0.863856,1.234766,9.197534,16.571175,-0.136240,-0.036759,0.039435,7.744000,24.875700

-1.967960,0.748577,9.410690,16.565292,-0.094405,-0.062339,0.042366,7.744000,24.875700

-0.289052,2.096973,9.645403,16.550587,0.054814,-0.098845,0.125769,7.744000,24.875700

0.259408,2.621483,8.385622,16.562351,0.054547,0.006941,0.212369,7.748000,24.875700

0.518070,2.228699,9.049043,16.562351,0.075065,0.023195,0.281383,7.748000,24.875700

-0.495023,1.783226,10.021420,16.559410,0.037760,0.047976,0.258734,7.752000,24.875700

-1.766779,1.241951,10.433364,16.562351,-0.048307,0.044778,0.262997,7.748000,24.875700

-0.868646,2.597533,9.329260,16.562351,-0.076819,0.108463,0.164406,7.748000,24.875700

-2.628986,1.615574,10.081296,16.550587,-0.123982,0.086613,0.123637,7.744000,24.875700

-1.453031,2.590347,10.260922,16.556469,-0.061630,-0.000520,0.082069,7.748000,24.875700

-1.168024,2.729259,10.653706,16.538822,-0.122917,0.059700,0.079404,7.752000,24.875700

-0.689020,2.453831,8.811935,16.565292,0.136618,0.001878,0.028777,7.748000,24.875700

-1.479376,2.032308,11.743440,16.532940,-0.068025,0.042380,-0.048231,7.748000,24.875700

-0.715365,1.500613,9.223879,16.547646,-0.108528,-0.022370,-0.115113,7.748000,24.875700

-0.181276,0.365374,9.434641,16.544704,-0.074420,-0.093782,-0.133765,7.752000,24.875700

-1.153654,0.542606,10.531560,16.538822,0.023105,0.124184,-0.190522,7.752000,25.342083

-1.189579,1.522169,8.356882,16.535881,0.061475,-0.020505,-0.241416,7.744000,25.342083

-1.687743,1.766461,8.656260,16.535881,0.089454,-0.090052,-0.263266,7.756000,25.342083

-0.231571,1.503009,8.989167,16.538822,0.058544,-0.149206,-0.279787,7.748000,25.342083

0.292938,2.856194,9.837004,16.518234,0.061742,-0.122293,-0.184926,7.752000,25.342083

-0.420778,2.535262,9.386741,16.529999,0.123828,-0.116964,-0.085269,7.752000,25.342083

-0.073500,2.305340,9.884905,16.494705,0.015910,-0.145209,0.048761,7.752000,25.342083

-0.918942,1.766461,9.523256,16.494705,0.008716,-0.080459,0.087398,7.752000,25.342083

-0.169301,1.555699,9.688513,16.524117,-0.035250,-0.093516,0.210504,7.756000,25.342083

-0.526159,1.371283,8.883786,16.512352,0.002854,-0.022903,0.202244,7.756000,25.342083

-1.282985,0.777318,9.250224,16.506470,-0.034185,-0.134018,0.217965,7.756000,25.342083

0.508490,0.619246,8.752060,16.506470,-0.008338,-0.058609,0.228890,7.752000,25.342083

-0.047155,2.300550,9.875324,16.512352,0.117965,0.026659,0.287512,7.756000,25.342083

0.633031,3.270533,10.081296,16.503529,0.100112,0.001079,0.270192,7.760000,25.342083

-1.347650,1.591624,9.245434,16.488823,-0.013134,0.138840,0.233953,7.756000,26.037431

-0.392037,0.923414,9.676538,16.488823,-0.042445,0.036252,0.128167,7.756000,26.037431

-0.583639,1.129385,9.441826,16.488823,-0.023793,0.179342,0.090063,7.756000,382.119479

-1.053063,2.774764,9.089758,16.527058,0.010848,0.065829,-0.003998,7.756000,180.008286

-1.536857,3.878868,10.359118,16.491764,0.024437,0.069826,-0.003465,7.756000,180.008286

-0.976422,2.547237,10.335168,16.488823,-0.002742,0.061033,0.044231,7.760000,180.008286

-1.651818,1.141361,9.489726,16.488823,-0.025924,-0.037292,0.086865,7.756000,180.008286

-1.666188,0.995264,8.639494,16.500587,-0.048307,-0.045819,0.090063,7.760000,180.008286

-1.196764,-0.063334,10.744717,16.480000,-0.007805,-0.093249,0.077806,7.752000,180.008286

1.634149,1.479059,8.756850,16.485882,-0.009937,-0.022104,0.089530,7.756000,180.008286

-0.557294,0.367769,8.819120,16.488823,0.089987,0.099670,0.118308,7.756000,180.008286

-0.095055,1.469478,8.886181,16.491764,0.108106,-0.010379,0.018651,7.752000,180.008286

1.119220,2.554422,10.272898,16.477058,0.168060,0.100736,-0.056491,7.756000,180.008286

-1.570387,-0.125605,7.755732,16.465292,-0.206586,-0.066869,-0.193187,7.760000,180.008286

0.513280,-0.681249,8.888577,16.462351,-0.149829,-0.022370,-0.145756,7.756000,180.008286

0.276173,1.706585,9.240644,16.465292,0.060143,0.001878,-0.123640,7.752000,33.197712

-0.027994,2.887330,8.699369,16.474117,0.036428,0.116990,-0.014657,7.760000,33.197712

-0.533344,2.554422,10.186677,16.477058,0.000455,0.050374,-0.065285,7.756000,33.197712

0.530045,2.971155,10.107641,16.474117,-0.061630,0.046111,-0.048764,7.756000,33.197712

-0.523764,3.105277,9.916039,16.462351,-0.130111,0.081284,-0.035441,7.756000,33.197712

-0.787216,1.318592,10.493239,16.462351,-0.004074,0.017599,-0.009860,7.760000,33.197712

-0.748895,2.104158,9.657377,16.471176,0.041224,0.095406,0.079404,7.752000,33.197712

-1.886530,1.943692,10.359118,16.471176,0.008982,0.013069,0.134562,7.752000,33.197712

-0.255521,0.528236,9.911250,16.474117,-0.105064,-0.032229,0.156412,7.752000,33.197712

0.767152,0.834798,9.520862,16.441763,-0.115989,0.067961,0.151349,7.752000,33.197712

-0.765660,1.728140,8.292216,16.447645,-0.116255,0.036785,0.152682,7.752000,33.197712

-0.404013,-0.147160,10.057346,16.447645,-0.093073,0.070359,0.055956,7.752000,33.197712

-0.674650,-0.001064,8.732900,16.453527,-0.045376,0.076754,-0.069815,7.752000,33.197712

-0.286657,0.458780,8.170071,16.450586,0.025503,0.027458,-0.136963,7.752000,28.901677

-0.966842,1.033585,10.433364,16.462351,0.013512,0.208120,-0.231824,7.752000,28.901677

-0.023204,2.992711,10.481264,16.459410,0.026835,0.018665,-0.300837,7.752000,233.614959

-0.732130,2.506522,10.339958,16.482941,-0.050972,0.095406,-0.287514,7.752000,233.614959

-1.577572,1.828731,9.652588,16.465292,-0.061630,0.093275,-0.284850,7.752000,233.614959

-0.880621,1.007240,8.289822,16.456469,0.032165,-0.002918,-0.211839,7.752000,233.614959

-1.280590,0.226463,10.371094,16.435881,-0.004874,-0.115632,-0.192920,7.752000,233.614959

-0.420778,0.875513,9.899275,16.453527,0.077463,-0.147874,-0.105254,7.752000,233.614959

-1.108148,1.263507,9.609477,16.465292,0.117166,-0.076462,-0.005331,7.752000,63.329896

-2.109267,1.237161,9.707673,16.450586,0.091586,-0.158266,0.075674,7.748000,63.329896

-0.511788,1.716165,9.056228,16.438822,0.109972,-0.167592,0.211037,7.752000,63.329896

0.223483,2.041888,9.597502,16.441763,0.162998,-0.128955,0.305898,7.748000,63.329896

-1.414711,2.738839,10.402228,16.438822,-0.069624,-0.067136,0.359190,7.752000,63.329896

-1.567992,0.885094,8.852651,16.438822,-0.121051,-0.108704,0.263797,7.744000,63.329896

0.470170,0.808453,10.167517,16.441763,-0.126914,-0.036493,0.240348,7.748000,63.329896

0.415084,3.004686,9.820239,16.462351,0.286636,-0.084722,0.195849,7.748000,63.329896

0.386344,3.838153,9.848979,16.429998,0.223751,0.069293,0.151616,7.744000,63.329896

-0.437543,4.487203,11.336287,16.438822,0.141681,0.064497,0.119640,7.748000,41.127508

-1.369205,3.598651,10.806987,16.447645,0.018841,0.026659,0.117242,7.748000,41.127508

-1.112938,2.089788,11.700329,16.424116,-0.082947,0.058368,0.127368,7.748000,41.127508

0.549205,2.161639,9.444221,16.432940,-0.102665,0.044246,0.235285,7.748000,1519.404745

-0.018414,1.110225,8.895761,16.418234,-0.158090,0.034386,0.219297,7.744000,2745.865016

-0.183671,1.359308,10.296848,16.421175,-0.060031,0.078353,0.259533,7.748000,739.513229

-0.724945,0.394115,10.136381,16.435881,-0.062963,0.131912,0.169202,7.744000,1433.155048

-1.031508,0.691097,9.195139,16.432940,-0.084812,0.146567,-0.021052,7.744000,1171.998567

1.694025,2.346056,8.725715,16.427057,0.031632,0.167351,-0.154550,7.744000,1180.066257

1.274896,0.659962,9.506492,16.400587,-0.036050,0.185471,-0.182262,7.740000,1180.066257

-0.442333,0.760553,8.912526,16.429998,0.062541,0.252619,-0.227027,7.736000,1180.066257

-0.693810,0.592901,8.019184,16.418234,-0.083747,0.111661,-0.335744,7.740000,108.764380

0.223483,-0.123210,9.961545,16.406469,-0.113058,0.199593,-0.425009,7.732000,1469.867580

-0.257916,1.857471,10.332773,16.394705,0.036961,0.168684,-0.612332,7.732000,1368.737262

0.137262,3.830968,8.548483,16.418234,0.001255,0.041314,-0.559573,7.732000,430.355164

0.544415,3.157967,10.550720,16.412352,-0.041646,0.070892,-0.505747,7.736000,803.857810

-0.792006,2.719678,10.227392,16.394705,-0.017930,0.087146,-0.408488,7.732000,1882.825638

-2.073341,2.180799,9.681328,16.406469,-0.017930,0.031988,-0.380776,7.736000,1870.146673

-1.498536,-0.527968,9.722043,16.385881,-0.047508,-0.108970,-0.279787,7.728000,1870.146673

-0.530949,0.688702,8.972402,16.385881,-0.039514,-0.109503,-0.123640,7.732000,1870.146673

-1.156049,1.665870,9.391530,16.388823,-0.037649,-0.104174,0.064749,7.732000,1870.146673

-0.971632,1.306617,10.387858,16.382940,-0.015799,-0.096980,0.232087,7.728000,1870.146673

-2.236202,0.839588,9.798684,16.394705,-0.034185,-0.047950,0.313625,7.728000,1870.146673

-0.578849,1.639525,9.688513,16.385881,-0.015799,-0.076995,0.300835,7.728000,1870.146673

-0.344137,2.168824,9.068203,16.359411,0.003387,-0.067669,0.291242,7.732000,1870.146673

-0.495023,2.336475,9.848979,16.371176,0.038027,0.020530,0.221163,7.724000,1870.146673

0.379159,2.722074,8.687394,16.388823,0.119831,0.075155,0.169735,7.728000,1870.146673

0.154027,3.399864,9.384345,16.362352,0.084391,0.101002,0.041034,7.724000,1870.146673

0.333654,3.881263,8.783195,16.359411,-0.085345,0.100736,-0.086335,7.724000,1870.146673

0.340838,2.583162,8.445498,16.377058,-0.026457,0.186537,-0.193986,7.720000,1870.146673

-0.645909,3.181917,10.871653,16.377058,0.066272,0.232368,-0.438066,7.724000,1870.146673

0.503700,3.533985,10.205837,16.365294,0.151806,0.161489,-0.512409,7.720000,1870.146673

0.235458,2.693333,9.753179,16.341763,0.140881,0.192932,-0.562770,7.716000,1870.146673

1.562299,2.465806,9.951965,16.365294,0.097181,0.113259,-0.586485,7.716000,1870.146673

-0.372877,1.534144,10.553115,16.341763,0.001788,0.192132,-0.549181,7.716000,23.126376

-1.065038,1.119806,9.951965,16.359411,-0.059232,0.110861,-0.609135,7.716000,23.126376

0.474960,1.016820,9.250224,16.362352,-0.013933,0.077287,-0.632050,7.712000,23.126376

-0.569269,0.647987,9.334050,16.341763,0.024970,0.081817,-0.658430,7.716000,23.126376

-0.492628,1.330567,9.599897,16.356470,-0.002209,-0.002652,-0.641909,7.720000,85.706062

0.271383,1.273087,10.205837,16.350588,0.013779,-0.027699,-0.512942,7.720000,1807.110776

-1.158444,1.201236,10.172307,16.368235,-0.030721,0.069826,-0.482298,7.716000,2725.385649

-0.506998,1.004844,9.053833,16.341763,-0.004074,-0.069534,-0.498286,7.716000,1322.964907

0.527650,1.723350,10.038186,16.344706,0.016443,0.011204,-0.429539,7.712000,1322.964907

-0.763265,2.025123,9.513677,16.362352,0.125426,0.068760,-0.382641,7.712000,672.079740

-0.310607,1.857471,9.037067,16.335880,0.127292,-0.053013,-0.391968,7.712000,672.079740

-0.102240,2.262230,9.171188,16.335880,0.132621,-0.011978,-0.326951,7.712000,1234.406554

0.324073,0.921019,10.771062,16.356470,0.001521,-0.010646,-0.220899,7.712000,1889.486968

-0.693810,-0.281281,10.004656,16.335880,0.002854,-0.013310,-0.229958,7.720000,478.772511

-1.893715,2.492151,8.100615,16.335880,0.262921,-0.036493,-0.342672,7.716000,478.772511

-1.445846,1.347332,10.363909,16.335880,0.156869,-0.050349,-0.458050,7.712000,2393.284914

-0.102240,1.438343,10.569880,16.341763,0.173656,0.036252,-0.657631,7.708000,2417.451224

0.431849,2.410721,9.240644,16.332939,0.140082,-0.011179,-0.560638,7.704000,2496.555124

-0.598009,1.926927,10.706396,16.327057,0.050817,-0.018373,-0.465245,7.712000,1258.801484

-0.542924,1.368887,10.117222,16.321175,0.071068,-0.044753,-0.386638,7.712000,1291.826225

-2.003886,1.131781,9.255014,16.335880,0.049485,0.019731,-0.382375,7.716000,2327.495833

-0.720155,1.040770,9.384345,16.329998,0.050817,-0.069800,-0.430338,7.708000,2433.550585

0.201927,1.172496,9.135263,16.324116,0.042823,-0.043154,-0.434868,7.708000,1819.900342

-1.060248,0.360584,9.995075,16.318233,-0.042179,0.027991,-0.470574,7.704000,1235.944811

-0.964447,1.414393,9.384345,16.338821,0.028168,-0.093249,-0.532393,7.696000,2508.733414

0.058226,1.910162,9.386741,16.321175,0.051350,-0.017574,-0.512675,7.708000,2447.706573

-0.571664,2.276600,10.830937,16.312351,0.078263,0.075688,-0.439398,7.700000,2655.036252

-1.544042,2.132899,10.936318,16.312351,0.131555,0.061566,-0.422078,7.704000,1713.454987

-1.100963,1.361702,11.190190,16.315292,0.140881,-0.079127,-0.423677,7.704000,1296.288230

0.048646,2.401141,9.805869,16.303528,0.113702,0.010938,-0.431937,7.700000,1822.049452

-0.827931,0.049232,6.797724,16.288822,0.006318,0.039982,-0.468709,7.700000,1639.801516

-0.329767,-0.927936,8.931686,16.291763,0.032697,-0.002652,-0.555043,7.700000,1639.801516

-1.275800,-0.745915,9.616662,16.306469,0.107040,0.023728,-0.683478,7.704000,1639.801516

0.417479,0.564161,8.759245,16.285881,0.221353,-0.008780,-0.767680,7.704000,1639.801516

-0.339347,2.082603,10.476475,16.279999,0.102777,0.026659,-0.873998,7.700000,1639.801516

-0.583639,1.110225,10.651311,16.300587,0.122495,-0.002652,-0.908905,7.704000,1278.740131

-1.433871,1.122200,10.593830,16.291763,0.090786,-0.010912,-0.928890,7.696000,852.101123

0.376764,2.053863,11.865585,16.291763,0.220287,-0.003718,-0.980050,7.704000,2351.539253

-1.268615,1.574859,9.817844,16.277058,0.198171,0.078619,-0.864938,7.712000,2457.235714

-1.711693,0.224068,9.207114,16.279999,0.133687,-0.053280,-0.830565,7.704000,2627.405686

-1.352440,-0.187875,9.348420,16.271175,0.234143,-0.145742,-0.835894,7.708000,2653.007066

-0.356112,1.335357,7.573710,16.268234,0.242137,-0.095114,-0.744764,7.708000,2621.948476

-0.734525,1.172496,10.208232,16.268234,0.205365,-0.093249,-0.736504,7.708000,2540.867301

-1.620682,0.451595,10.344748,16.265293,0.195506,-0.104174,-0.703729,7.700000,2419.135891

-1.029113,1.553304,10.351933,16.253529,0.205099,-0.146275,-0.491625,7.696000,2531.602377

-2.559530,2.540052,9.887300,16.244705,0.310618,0.018132,-0.397030,7.696000,2548.795892

-0.854276,1.900582,9.889694,16.253529,0.322875,-0.288566,-0.294709,7.700000,2598.884371

-3.258876,-1.251264,7.997629,16.256470,0.157402,-0.062606,-0.191321,7.700000,2399.488368

-2.377509,-3.342116,8.411967,16.250587,0.095316,-0.193972,-0.224629,7.692000,2507.374409

-1.057853,-1.457236,8.981982,16.235882,0.111304,-0.178251,-0.430605,7.692000,2340.836079

-0.557294,0.535421,9.398716,16.238823,0.034030,-0.189709,-0.496954,7.684000,2412.411420

-0.499813,0.597691,9.140054,16.232941,0.098780,-0.093782,-0.572363,7.684000,2258.594643

-0.736920,1.122200,9.456196,16.232941,0.022572,-0.177185,-0.642709,7.692000,2308.535230

-1.000372,1.332962,9.980705,16.232941,0.155004,-0.128955,-0.555043,7.684000,2743.694930

-1.805099,1.991592,8.946056,16.203527,0.085191,-0.137748,-0.561704,7.688000,2435.684864

-2.176327,2.302945,9.520862,16.224117,0.140881,-0.177185,-0.529995,7.688000,2435.684864

-2.892438,1.766461,9.664562,16.232941,0.176054,-0.172122,-0.488427,7.692000,276.924779

-1.369205,1.651500,9.089758,16.221176,0.193907,-0.303754,-0.399162,7.692000,276.924779

-1.548832,0.822823,9.793894,16.209410,0.145678,-0.289365,-0.345337,7.696000,128.722758

-1.587152,-0.571078,10.713581,16.215292,0.096116,-0.304820,-0.287514,7.696000,128.722758

-2.305658,0.070787,9.202324,16.212351,0.177920,-0.268315,-0.276056,7.680000,128.722758

-1.266220,1.119806,10.150752,16.212351,0.177120,-0.269914,-0.202779,7.680000,128.722758

-1.400341,1.752090,10.033396,16.206469,0.124893,-0.305087,-0.154816,7.684000,128.722758

-2.233808,0.343819,8.376042,16.209410,0.264520,-0.297359,-0.109784,7.692000,128.722758

-0.818351,2.288575,9.741203,16.209410,0.204566,-0.272845,-0.053827,7.688000,128.722758

-0.739315,2.140084,8.220366,16.200586,0.125160,-0.224615,-0.159612,7.692000,128.722758

-1.024323,0.810848,10.004656,16.182940,0.041491,-0.244866,-0.098060,7.688000,128.722758

0.266593,0.700677,9.913645,16.215292,-0.087744,-0.281372,-0.034375,7.684000,128.722758

-0.909362,1.220396,9.978311,16.191763,-0.090408,-0.191840,0.022914,7.684000,128.722758

0.815052,2.326895,8.855046,16.182940,-0.122384,-0.165194,0.187055,7.692000,128.722758

-0.641119,1.874237,9.398716,16.174116,-0.110126,-0.135617,0.111114,7.692000,128.722758

-0.911757,2.671778,11.068044,16.188822,-0.062963,-0.032496,0.032774,7.688000,128.722758

-0.815956,2.046678,10.900393,16.188822,-0.070690,-0.020238,-0.143092,7.684000,481.578664

-1.019533,2.341265,9.729228,16.188822,-0.004607,0.050374,-0.265132,7.692000,481.578664

-1.266220,1.495824,10.383068,16.174116,-0.041379,0.042380,-0.317891,7.684000,239.799662

0.094152,1.311407,8.641890,16.177057,0.009249,0.013602,-0.289646,7.688000,239.799662

-1.556017,1.167706,8.852651,16.197645,0.001788,-0.035427,-0.281652,7.692000,239.799662

-0.442333,1.323382,9.504096,16.182940,0.017776,-0.098845,-0.178798,7.688000,239.799662

-0.095055,0.990474,10.023815,16.174116,-0.042445,-0.025301,-0.040237,7.692000,239.799662

-2.032626,1.337752,9.805869,16.177057,-0.057100,0.028791,0.058354,7.692000,239.799662

-0.986002,1.294642,9.288545,16.182940,-0.013933,-0.061007,0.038636,7.684000,239.799662

-0.914152,1.570069,8.385622,16.179998,0.061742,0.026659,-0.015989,7.692000,239.799662

-0.650700,2.975945,8.828701,16.174116,0.223751,0.030656,-0.114580,7.688000,239.799662

-1.982330,2.599927,9.501701,16.162352,0.290633,0.032255,-0.191854,7.692000,239.799662

-1.232689,3.821388,9.346025,16.156469,-0.015266,0.034386,-0.159612,7.696000,239.799662

-2.296078,1.491034,8.479028,16.159410,-0.022727,0.069826,-0.163609,7.688000,239.799662

-2.161957,1.038375,8.081454,16.165293,0.107040,-0.063938,-0.244081,7.692000,239.799662

-0.930917,1.958062,8.790380,16.153528,0.218688,-0.147341,-0.255272,7.696000,239.799662

0.443824,2.475386,8.912526,16.153528,0.250397,-0.116964,-0.178798,7.692000,239.799662

-1.251849,0.803663,9.571157,16.147646,0.166195,-0.087920,-0.164675,7.692000,239.799662

-0.739315,1.409603,8.450288,16.141764,0.164330,-0.176918,-0.144424,7.692000,24.202363

-1.347650,1.241951,9.779524,16.141764,0.052416,-0.111635,-0.135897,7.692000,24.202363

-0.289052,2.132899,10.395043,16.153528,0.089720,-0.189442,-0.166540,7.696000,24.202363

-1.932035,1.550909,9.410690,16.144705,-0.008338,-0.096980,-0.192121,7.700000,24.202363

-1.572782,1.344937,8.907737,16.159410,0.049485,-0.168924,-0.289380,7.700000,24.202363

0.007931,1.922137,8.948452,16.127058,0.121429,-0.202765,-0.189723,7.704000,24.202363

-0.629144,2.487362,9.652588,16.135881,0.102244,-0.148673,-0.095395,7.704000,24.202363

-0.008834,1.831126,9.602292,16.138823,0.064673,-0.195571,0.051959,7.704000,24.202363

0.522860,2.453831,8.728109,16.127058,0.055347,-0.150805,0.103120,7.700000,24.202363

0.580340,2.370006,8.603569,16.109411,0.130223,-0.095914,0.065548,7.696000,24.202363

0.000746,3.442974,10.007051,16.109411,0.199237,-0.094848,-0.013058,7.708000,24.202363

0.113312,4.087235,9.741203,16.115294,0.196039,-0.014643,-0.049297,7.704000,24.202363

1.188675,3.248978,8.776011,16.109411,0.066538,0.027192,-0.030645,7.700000,24.202363

-0.193251,1.713770,10.351933,16.100588,0.103843,-0.008514,-0.161744,7.704000,24.202363

-1.520092,2.381981,8.886181,16.103529,0.093984,-0.013044,-0.157747,7.696000,1767.095865

0.096547,2.676568,10.366303,16.100588,0.045221,0.046644,-0.045033,7.700000,1805.700919

-0.159721,3.337594,11.422507,16.097647,0.023638,-0.000254,-0.032243,7.700000,1102.225698

-0.729735,3.890843,10.023815,16.091763,-0.067226,0.041048,0.116709,7.696000,2125.817447

-1.163234,3.007081,10.246552,16.100588,-0.088543,0.015201,0.271790,7.700000,1808.051951

0.072596,2.319710,9.777128,16.085880,0.015377,0.025327,0.379175,7.700000,2732.894927

-0.392037,2.211934,9.099339,16.082939,0.036961,0.160423,0.361588,7.708000,1414.901068

-1.201554,1.100645,10.361513,16.071175,-0.017397,0.140172,0.255536,7.708000,2635.884531

-0.126190,2.518497,10.447734,16.091763,-0.023260,0.121786,0.042100,7.700000,1777.956360

-0.372877,1.991592,8.752060,16.079998,0.056146,0.189201,-0.224629,7.708000,2686.368593

-1.738038,2.827454,9.477751,16.085880,-0.118120,0.228105,-0.426075,7.708000,912.221748

-0.806376,2.638248,9.767549,16.077057,-0.103465,0.091409,-0.595012,7.704000,2758.410708

-0.894992,1.950877,9.487331,16.106470,0.076664,0.096739,-0.638445,7.704000,2758.410708

-0.880621,2.070628,9.214299,16.088821,0.162731,-0.008780,-0.709857,7.708000,2758.410708

-0.296237,1.229976,10.500424,16.085880,0.095316,-0.043687,-0.646972,7.704000,2758.410708

0.213903,1.261111,8.639494,16.088821,0.040691,-0.099911,-0.605671,7.704000,2758.410708

0.326468,1.764066,9.281360,16.094706,0.206165,-0.107105,-0.536657,7.708000,2758.410708

-0.906967,1.637130,8.811935,16.088821,0.227748,-0.120695,-0.465245,7.704000,2758.410708

-0.926127,2.202354,9.226274,16.094706,0.206697,-0.173188,-0.388237,7.704000,2758.410708

-1.304540,1.914952,10.318403,16.068233,0.222152,-0.197169,-0.426341,7.704000,2758.410708

-0.598009,1.189261,9.815449,16.062351,-0.012601,-0.256324,-0.312295,7.704000,2758.410708

-0.667465,1.919742,10.062136,16.079998,0.027368,-0.221684,-0.235288,7.708000,2758.410708

-1.065038,2.619088,9.769943,16.071175,0.035362,-0.278174,-0.105520,7.708000,2758.410708

-1.560807,3.593861,9.741203,16.065292,0.080661,-0.232875,0.035172,7.708000,32.970774

-1.431476,4.681200,9.211904,16.068233,0.228014,-0.225681,0.168403,7.712000,32.970774

-0.693810,2.688543,9.662168,16.068233,0.194707,-0.248597,0.227025,7.712000,2740.445945

-1.232689,2.748419,10.236973,16.062351,0.079062,-0.297359,0.242746,7.712000,1935.848246

0.343234,2.243070,9.243039,16.077057,-0.030987,-0.250995,0.366918,7.708000,2728.062767

-1.690138,1.261111,10.167517,16.062351,-0.074154,-0.193705,0.374378,7.712000,2772.177894

-1.436266,1.785621,9.856164,16.056469,0.046554,-0.203032,0.399426,7.716000,2018.584001

-0.332162,2.370006,10.804592,16.062351,0.137950,-0.171856,0.486026,7.712000,2772.177894

-0.279472,3.543565,8.450288,16.050587,0.143812,-0.109770,0.535322,7.716000,2752.942057

-0.533344,3.723191,10.771062,16.059410,0.148342,-0.017041,0.576091,7.712000,2665.228368

0.690511,3.162757,11.503938,16.059410,0.076664,-0.061807,0.543316,7.708000,2752.942057

-1.421896,2.889725,9.336445,16.056469,0.071867,0.073290,0.500682,7.704000,1381.675570

-0.887806,2.331685,10.313613,16.065292,-0.111192,0.038117,0.410617,7.712000,562.430213

-1.498536,2.671778,10.181887,16.053528,-0.102932,0.060233,0.219830,7.708000,285.065780

0.012721,3.023846,9.571157,16.059410,-0.158623,-0.014909,0.176130,7.712000,285.065780

-0.619564,3.378309,10.270503,16.056469,-0.080549,0.067161,0.126035,7.716000,285.065780

-1.388366,3.706426,9.633428,16.053528,0.028701,0.089544,0.119640,7.712000,285.065780

-1.120123,1.529354,9.319680,16.056469,-0.085878,-0.015442,0.086865,7.712000,285.065780

-0.650700,2.437066,10.296848,16.056469,-0.033119,-0.079659,0.099656,7.708000,285.065780

0.525255,1.332962,10.095666,16.053528,-0.050705,0.001079,0.136694,7.704000,285.065780

-0.138165,1.685030,9.118498,16.044704,0.026302,-0.026900,0.183858,7.712000,285.065780

-0.559689,2.286180,10.313613,16.053528,0.062541,-0.016508,0.161475,7.708000,43.152807

-0.078290,3.464530,9.825029,16.056469,0.067604,-0.014110,0.133230,7.708000,43.152807

-0.286657,2.580767,10.713581,16.047646,0.059344,-0.020238,0.095126,7.712000,43.152807

-0.334557,2.801109,9.331655,16.044704,-0.000610,-0.048750,0.094326,7.716000,716.540551

0.101337,3.102882,10.572275,16.077057,0.032697,0.007207,0.087398,7.712000,1984.258204

1.318007,3.768697,10.869258,16.071175,0.013246,-0.039157,0.099389,7.712000,2761.153297

-0.547714,1.103040,8.625124,16.079998,0.035629,0.008806,0.128967,7.720000,2762.251688

1.181490,2.094578,9.463381,16.091763,0.127025,-0.015176,0.148685,7.720000,2774.948028

-1.323700,2.041888,9.456196,16.094706,0.128357,0.078353,0.125236,7.712000,2777.167906

0.127682,2.769974,10.153147,16.091763,0.110505,-0.077528,0.115910,7.720000,2074.681004

0.221088,2.942415,8.852651,16.124117,0.076397,0.021330,0.216899,7.712000,2773.285397

-0.382457,1.493428,9.621452,16.115294,-0.032852,-0.055944,0.345334,7.716000,2767.757631

-0.938102,0.621641,10.402228,16.115294,-0.061630,-0.077261,0.428204,7.712000,2774.393535

-0.358507,1.651500,10.442944,16.112352,0.044688,-0.022104,0.485760,7.716000,2777.167906

-0.368087,2.343660,9.614267,16.135881,0.030566,-0.012244,0.605135,7.720000,2732.357173

-0.248336,1.756881,9.602292,16.153528,-0.007538,0.041314,0.605135,7.712000,1791.952378

-0.049550,0.509075,10.407019,16.150587,-0.017664,0.060500,0.475368,7.712000,1901.648731

-0.301027,1.948482,8.893367,16.150587,-0.020595,0.216114,0.457515,7.712000,1901.648731

-1.474586,1.244346,9.961545,16.141764,-0.051238,0.150031,0.268326,7.712000,1901.648731

-0.353717,1.914952,9.757969,16.162352,-0.117321,0.121786,0.207040,7.712000,1901.648731

-1.105753,1.548514,11.326706,16.168234,-0.162620,0.123918,0.080204,7.720000,1901.648731

-1.172814,1.232371,9.777128,16.162352,-0.154359,0.104999,0.075674,7.720000,71.869902

-0.660280,0.607271,9.523256,16.174116,-0.135174,0.087146,0.107650,7.712000,1211.150379

-1.041088,-0.674064,9.628637,16.174116,-0.155159,0.050641,0.122038,7.720000,2777.167906

-1.170419,-0.403427,8.385622,16.168234,-0.036050,0.009872,0.138826,7.716000,2762.251688

0.187557,0.319869,8.759245,16.188822,0.050018,-0.014376,0.287512,7.716000,2777.167906

0.122892,2.173614,9.975915,16.185881,-0.019263,0.034653,0.289643,7.716000,2771.071451

-0.894992,1.093460,8.752060,16.185881,-0.069358,0.091143,0.269126,7.720000,2777.167906

-1.175209,0.949759,9.837004,16.206469,-0.056301,0.040515,0.209172,7.712000,2777.167906

-0.559689,0.808453,9.506492,16.197645,0.013779,0.001079,0.204908,7.720000,2776.612565

-0.770451,1.265902,9.269384,16.209410,0.097448,-0.029565,0.218231,7.716000,2775.502520

0.364789,2.166429,9.214299,16.212351,0.056413,-0.009047,0.344268,7.712000,2751.305699

0.903668,1.311407,9.928015,16.200586,-0.001143,0.030922,0.285380,7.712000,2776.057437

-0.703390,0.576136,9.312495,16.209410,-0.082947,0.066628,0.321885,7.708000,2777.167906

1.468893,0.097132,10.203442,16.218235,-0.015266,-0.018906,0.255803,7.720000,2042.335660

-0.289052,-0.329181,7.372529,16.212351,0.002854,0.132178,0.272323,7.716000,2773.285397

-0.382457,4.365057,10.668076,16.209410,0.028967,0.190800,0.130832,7.712000,2651.993851

-0.377667,3.572305,9.489726,16.209410,-0.091474,0.159624,0.139891,7.712000,2774.393535

-0.839906,3.011871,10.459709,16.224117,-0.071756,0.190533,0.157212,7.716000,1860.375141

-0.174091,2.769974,9.623847,16.212351,0.026835,0.100469,0.164140,7.720000,551.397352

-0.504603,2.005963,10.531560,16.200586,0.015111,0.091143,0.221962,7.712000,2552.544068

-0.224386,2.604717,10.816567,16.209410,0.030033,0.092475,0.225426,7.712000,553.993213

-0.621959,2.525682,8.950847,16.212351,0.054814,0.109262,0.279784,7.720000,268.610883

0.225878,0.676727,8.857441,16.209410,0.018042,0.067161,0.358391,7.716000,2713.667989

0.216298,0.087552,9.875324,16.206469,0.034030,0.117523,0.397561,7.716000,2545.058521

-0.720155,1.459898,9.614267,16.218235,0.083592,0.101535,0.385836,7.708000,952.520156

-1.754804,1.107830,9.365185,16.206469,0.030033,0.121786,0.316556,7.708000,2760.055541

-0.174091,2.149664,9.168794,16.197645,-0.007805,0.134310,0.276320,7.716000,2742.069378

-1.141679,1.057535,10.035790,16.209410,-0.116522,0.164154,0.214501,7.712000,2777.167906

0.551600,1.172496,9.161609,16.203527,-0.064295,0.121253,0.172666,7.712000,2776.057437

-0.978817,-0.159135,10.246552,16.212351,-0.069358,0.209186,0.147619,7.716000,2775.502520

-0.483048,-1.435680,7.576105,16.212351,-0.105597,0.069826,0.070345,7.716000,2776.612565

0.539625,-0.367502,8.596384,16.209410,0.091319,0.097805,-0.150819,7.716000,2777.167906

1.567089,2.532867,8.677814,16.227058,0.394554,-0.060741,-0.068749,7.716000,2776.612565

0.757572,3.181917,9.829819,16.215292,-0.047508,0.249422,-0.282718,7.712000,2765.001905

-0.653095,0.358189,10.086086,16.235882,-0.164218,0.175345,-0.347468,7.708000,2705.736432

0.115707,1.538934,10.047766,16.247646,-0.000610,0.012004,-0.393566,7.712000,2760.055541

0.314493,1.953272,9.343630,36.527058,0.121962,0.007740,-0.000268,7.708000,2744.237134

-0.820746,1.747301,9.899275,16.259411,-0.064028,-0.039157,-0.041836,7.712000,2777.167906

-0.899782,1.498219,11.091994,16.277058,0.018042,0.014135,0.146287,7.716000,2777.167906

-0.717760,3.368729,8.526928,16.268234,0.038560,-0.073264,0.195049,7.712000,2773.285397

-0.164511,1.634735,9.278965,16.265293,0.064140,-0.080192,0.170801,7.712000,2755.126975

-1.129703,0.973709,10.327983,16.294704,-0.137039,-0.075929,0.194250,7.708000,2776.612565

-0.229176,-0.657299,8.993958,16.282940,0.006318,-0.140146,0.197714,7.716000,2761.702281

0.589921,1.129385,7.631191,16.306469,0.188312,-0.118829,0.166804,7.712000,2767.205892

-0.054340,1.543724,10.584250,16.309410,0.230679,-0.049549,0.150816,7.712000,2723.247557

-1.139284,1.505404,9.635822,16.312351,-0.111459,-0.063672,0.110581,7.712000,2668.301280

-0.418383,-0.036989,8.534113,16.324116,-0.141835,-0.088186,0.118308,7.704000,2763.351139

0.139657,0.700677,10.457314,16.344706,-0.052304,0.035186,0.122305,7.716000,2769.413481

-1.014742,0.988079,8.160490,16.341763,-0.031786,-0.028499,0.223028,7.712000,1398.936039

-0.377667,1.423973,9.429851,16.347647,-0.094672,-0.010379,0.273123,7.708000,2777.167906

-0.533344,0.932994,9.487331,16.341763,-0.047774,0.016001,0.188921,7.712000,2774.948028

0.424664,1.270692,9.381950,16.335880,0.055880,-0.021038,0.108449,7.708000,2763.901183

-0.210016,1.172496,10.102851,16.341763,-0.021128,0.056236,0.057821,7.716000,2775.502520

-0.650700,1.201236,10.217813,16.335880,0.047086,-0.006116,-0.073279,7.716000,2776.612565

-0.528554,0.925809,8.665839,16.329998,0.019641,0.093008,-0.059955,7.712000,1923.246406

1.143170,1.656290,8.696975,16.321175,0.012180,-0.021038,-0.070614,7.716000,700.314697

-1.884135,0.358189,9.437036,16.338821,0.066805,-0.017574,-0.018387,7.720000,1849.718793

-0.253126,2.171219,9.535232,16.350588,0.065739,-0.133485,0.227824,7.720000,2750.215783

-1.553622,0.465965,9.257409,16.382940,-0.005940,-0.053013,0.412483,7.716000,2634.384201

-2.027836,0.116292,7.497069,16.359411,0.047353,-0.171056,0.547046,7.720000,2703.629274

-1.323700,0.640802,8.867022,16.371176,0.098247,-0.088719,0.559570,7.712000,2643.914613

-0.823141,1.891002,10.320798,16.377058,0.180051,-0.171056,0.490556,7.716000,2776.057437

0.668956,3.351964,10.620175,16.377058,-0.015799,0.022929,0.490290,7.716000,2776.057437

-0.926127,2.686148,12.073953,16.371176,-0.097869,-0.006116,0.420210,7.720000,2762.251688

0.000746,3.605836,10.533955,16.379999,-0.085079,0.006941,0.329346,7.716000,1825.642956

0.321678,0.051627,9.820239,16.394705,-0.144767,-0.110036,0.221429,7.716000,2757.315283

-0.370482,1.165311,10.610596,16.385881,-0.110393,0.006941,0.249141,7.716000,2773.839254

0.278568,0.609666,9.032277,16.382940,-0.008071,-0.028232,0.186522,7.716000,2761.702281

-0.008834,0.621641,9.243039,16.377058,0.055880,-0.026101,0.176930,7.720000,2776.057437

-0.336952,2.068233,10.066926,16.359411,0.017509,0.052239,0.207040,7.716000,2769.413481

1.128800,3.466924,9.736413,16.374117,0.105175,0.054904,0.164140,7.724000,2206.903919

-0.380062,1.948482,9.108918,16.368235,-0.042179,0.004276,0.202244,7.716000,2776.612565

0.051041,2.475386,11.575788,16.382940,0.015644,0.016001,0.213702,7.716000,2775.502520

0.740807,1.244346,9.003537,16.382940,-0.028855,-0.021038,0.253937,7.720000,2777.167906

-0.609984,2.336475,7.513834,16.400587,0.164863,-0.012777,0.347999,7.720000,2776.612565

0.953964,1.788016,9.983100,16.388823,0.028967,-0.078594,0.283781,7.720000,2773.839254

-0.885411,1.126991,9.896879,16.379999,0.036161,-0.035960,0.352262,7.720000,2776.612565

-0.736920,2.001173,9.707673,16.382940,-0.107195,-0.008780,0.404489,7.720000,2773.285397

-0.061525,3.239398,10.201047,36.527058,0.121962,0.007740,-0.000268,7.724000,2777.167906

-0.126190,1.045560,10.133986,16.377058,0.022572,0.085281,0.441793,7.720000,2776.612565

0.407899,1.287457,9.631032,16.379999,0.012713,0.035452,0.420743,7.728000,2776.612565

-0.890202,-0.408217,0.817360,36.527058,0.121962,0.007740,-0.000268,7.720000,2767.205892

0.089361,2.326895,7.937753,16.371176,0.116100,0.130846,0.331212,7.728000,2777.167906

-0.267496,-0.573473,8.965217,16.382940,-0.136773,0.176944,0.263264,7.724000,2776.612565

1.468893,3.411839,8.663445,16.368235,0.066005,0.155094,0.340005,7.732000,2777.167906

0.235458,2.223909,10.380673,16.374117,-0.028855,0.199860,0.239815,7.732000,2139.904362

0.259408,-0.041779,8.914922,16.388823,-0.106396,0.245691,0.205175,7.728000,2777.167906

0.522860,0.961734,9.343630,16.388823,0.070802,0.154028,0.142023,7.732000,2774.393535

-0.063920,1.634735,8.843071,16.397646,-0.025391,0.209452,0.094060,7.728000,2757.315283

0.582735,1.395233,10.615385,16.403528,0.022305,0.144968,0.033573,7.736000,2777.167906

-0.818351,1.742511,0.201840,35.771175,0.053482,-0.060741,-0.068749,7.732000,2776.612565

-0.890202,-0.408217,0.817360,36.527058,0.121962,0.007740,-0.000268,7.736000,2777.167906

1.210231,2.537657,10.648915,15.444704,0.121962,0.007740,-0.000268,7.748000,2777.167906

-0.986002,2.312525,0.817360,36.527058,0.121962,0.007740,-0.000268,7.740000,2776.612565

-0.933312,1.577254,9.736413,16.441763,-0.030188,-0.018107,-0.289646,7.748000,2777.167906

-0.221991,1.292247,10.198652,16.465292,-0.006206,-0.062606,-0.101257,7.740000,2772.177894

-1.005162,1.970037,9.125683,16.468235,0.072134,-0.095114,-0.000534,7.744000,2777.167906

-1.625473,0.420460,8.718530,16.485882,0.065206,-0.093782,0.205175,7.740000,2776.612565

0.146842,3.047796,9.829819,16.485882,0.166462,-0.145209,0.213435,7.744000,2777.167906

-1.761989,1.495824,9.518467,16.485882,-0.078684,-0.059675,0.326149,7.748000,2768.861319

-1.148864,1.014425,8.538903,16.491764,0.094250,-0.112701,0.286979,7.748000,2771.624673

-0.904572,1.138966,10.124407,16.497646,0.088122,-0.116431,0.354660,7.744000,2758.958844

-0.595614,0.480335,10.210628,16.512352,-0.150629,-0.077794,0.232887,7.740000,2738.824419

0.654586,1.019215,9.583132,16.494705,0.150207,0.019731,0.290976,7.744000,2728.062767

-0.157326,1.229976,9.111313,16.503529,0.112370,0.011471,0.246210,7.748000,2772.731539

-1.599127,-0.556708,10.066926,16.521175,-0.060564,0.010405,0.244878,7.744000,2772.731539

-0.746500,-0.518388,9.154424,16.532940,-0.037649,0.023728,0.222495,7.744000,2739.364716

0.027091,3.007081,9.111313,16.503529,0.091586,0.014402,0.233686,7.748000,2773.839254

-1.414711,0.997660,9.765154,16.532940,0.100112,0.122586,0.255003,7.744000,2772.731539

-0.188461,0.327054,9.968730,16.532940,0.093184,-0.049549,0.170535,7.756000,2093.447737

-0.418383,1.759276,9.231064,16.527058,-0.034718,0.076221,0.206774,7.744000,2777.167906

-0.368087,1.982013,10.505215,16.532940,-0.050439,0.020530,0.174532,7.748000,2024.765208

0.874928,1.855076,9.769943,16.538822,-0.058433,0.134043,0.169469,7.748000,2043.838532

-0.952472,1.416788,9.779524,16.512352,-0.069891,0.192932,0.185190,7.744000,2053.814530

0.046251,2.645433,7.717412,16.512352,0.185913,0.152163,0.118308,7.740000,2075.921568

-0.753685,0.276759,10.692026,16.515293,-0.171946,0.085014,0.079937,7.748000,2055.943088

-0.981212,0.355794,8.924501,16.532940,-0.167416,0.131112,-0.060755,7.748000,755.691940

0.549205,1.206026,9.734018,16.550587,0.034829,0.101801,-0.004531,7.752000,1987.951291

0.053436,0.815638,9.477751,16.541763,0.011913,0.160423,-0.053560,7.748000,2043.237214

-0.229176,0.760553,10.062136,16.553528,-0.006206,0.033854,-0.054626,7.748000,1535.534617

-0.181276,1.704190,9.700488,16.562351,-0.092273,0.121786,-0.038105,7.756000,1024.407174

-0.133375,1.632339,9.458591,16.541763,-0.003009,0.062099,-0.051962,7.752000,2150.842512

-0.820746,0.810848,9.537626,16.553528,-0.081082,0.155094,-0.020252,7.752000,2187.779955

-1.395551,0.626431,10.071716,16.562351,-0.008338,0.062365,-0.050363,7.752000,2064.808828

0.015116,1.447923,9.947175,16.577057,0.054814,0.120187,-0.039171,7.756000,2123.541844

0.036671,2.370006,10.110036,16.562351,0.041491,0.147100,-0.028779,7.752000,2098.826974

0.213903,2.358031,10.224998,16.571175,-0.086145,0.136974,-0.060222,7.756000,1264.763607

0.240248,2.379586,10.926738,16.588821,-0.115989,0.087945,-0.055692,7.744000,2048.058992

-0.090265,0.480335,10.720766,16.585880,-0.133042,0.155627,-0.066883,7.752000,2094.710972

-0.859066,0.449200,9.334050,16.579998,-0.212448,-0.006116,-0.145756,7.748000,2014.776497

0.925223,0.571346,9.125683,16.582939,-0.058166,0.007207,-0.290978,7.748000,2045.946537

-0.272286,0.688702,10.727951,16.591763,-0.037382,0.067428,-0.250210,7.748000,1602.705374

-0.004044,0.956944,10.818962,16.600588,0.065739,0.032255,-0.266730,7.748000,1582.612160

0.807867,-0.401032,8.965217,16.597647,-0.134375,0.028791,-0.244880,7.748000,1274.748927

-1.879345,1.584439,10.042975,16.594706,-0.095205,-0.005050,-0.223563,7.744000,2244.720245

-0.509393,0.956944,10.881232,16.606470,-0.121851,0.054638,-0.176666,7.744000,1186.621011

-0.813561,-0.180690,8.883786,16.627058,0.020973,-0.025035,-0.206510,7.748000,2056.856719

-0.744105,-0.760285,8.481422,16.618235,-0.171946,-0.099111,-0.117245,7.744000,1402.468415

-1.088988,0.755763,11.111155,16.615294,-0.094139,-0.015176,-0.053827,7.744000,2024.765208

-0.186066,1.670660,10.763877,16.638823,0.148076,-0.069800,-0.027447,7.744000,2058.076095

0.247433,-1.083612,8.510163,16.624117,-0.038182,-0.122027,0.017585,7.748000,2775.502520

-0.305817,0.765343,10.258528,16.644705,-0.011269,-0.099378,0.025313,7.744000,2776.612565

-0.765660,1.979617,10.181887,16.650587,0.075331,-0.046352,0.035971,7.744000,2776.612565

0.477355,1.091065,11.259645,16.647646,0.012979,-0.054878,0.001065,7.740000,2775.502520

-1.450636,0.111502,10.064531,16.671175,-0.211649,-0.009580,0.049827,7.740000,2745.865016

0.209112,1.562884,10.876443,16.668234,0.019641,0.070359,-0.010393,7.740000,2126.468558

-0.487838,-0.139975,9.446616,16.677057,-0.131710,-0.051947,-0.027713,7.732000,2776.057437

-0.897387,2.264625,10.062136,16.671175,0.061742,0.085014,0.006394,7.732000,2777.167906

-0.399222,0.101922,8.536509,16.665293,0.155803,-0.028765,-0.079674,7.740000,2156.856121

0.015116,-1.562616,9.968730,16.688822,-0.083214,-0.086321,-0.004265,7.736000,2776.057437

-1.632658,-0.063334,10.850098,16.674116,-0.078417,0.025860,0.022648,7.728000,2774.948028

0.290543,0.715047,9.513677,16.656469,0.088921,0.030390,0.010924,7.740000,2774.393535

-0.027994,-0.178295,7.698251,16.671175,-0.005673,-0.031163,0.003996,7.732000,2776.057437

-0.995582,-0.278886,9.092153,16.650587,0.011913,0.013069,-0.012259,7.728000,2724.316073

-0.186066,2.427486,9.923224,16.647646,0.001521,0.069826,-0.035974,7.728000,2776.612565

-0.521369,0.535421,9.846584,16.647646,0.033230,-0.042888,-0.179331,7.724000,2698.375259

0.173187,1.711375,9.741203,16.650587,0.021240,0.054105,-0.208375,7.720000,2637.386345

-1.014742,-1.830859,10.919553,16.644705,-0.139437,0.070092,-0.160145,7.708000,2732.894927

-1.134493,-0.556708,8.289822,16.656469,0.055080,-0.071932,-0.228626,7.712000,2634.884241

0.412689,2.010753,10.136381,16.627058,-0.051505,0.023461,-0.229159,7.720000,2754.034092

0.321678,0.125872,9.255014,16.600588,0.013512,0.017333,-0.166007,7.716000,2639.391587

-0.372877,1.637130,9.860954,16.606470,-0.002476,0.005342,-0.082871,7.712000,2569.072913

-1.338070,2.063443,9.434641,16.606470,0.020440,0.054638,-0.046899,7.712000,2590.641773

-0.849486,1.304222,10.019026,16.603529,0.038560,0.038650,-0.116445,7.708000,2554.422182

-0.856671,0.911439,9.128078,16.603529,-0.009137,0.095406,-0.195318,7.708000,2550.668497

-0.454308,0.327054,9.322075,16.609411,-0.100267,0.016533,-0.233156,7.700000,2494.760915

0.108522,0.497100,10.440549,16.588821,-0.036050,-0.052214,-0.289113,7.704000,2469.911077

-1.019533,1.462293,10.198652,16.609411,0.047353,0.082350,-0.222764,7.712000,2544.592171

-0.183671,0.770133,9.010722,16.597647,-0.083214,-0.022637,-0.254739,7.712000,2500.151170

-1.685348,-0.664484,9.338840,16.579998,-0.049639,-0.015442,-0.224896,7.708000,2501.953007

-0.142955,0.161798,9.482541,16.588821,0.052682,0.048242,-0.255272,7.700000,2520.116090

-0.083080,0.921019,10.229787,16.577057,0.033497,-0.014909,-0.276589,7.696000,2522.863341

-0.667465,-1.593752,10.617781,16.577057,0.110771,0.010138,-0.300837,7.704000,2544.592171

-1.556017,0.616851,7.274333,16.579998,0.166195,-0.124159,-0.332014,7.704000,2516.462413

-0.260311,1.110225,8.047924,16.594706,0.055347,0.005342,-0.320289,7.696000,2463.775636

-0.083080,-0.379477,10.203442,16.574116,0.181650,-0.098845,-0.405824,7.708000,2525.616524

0.776732,2.199959,8.962822,16.591763,0.216823,-0.043154,-0.256338,7.700000,2553.482914

-1.611102,0.717442,11.932646,16.568233,0.276777,-0.075663,-0.239285,7.704000,2574.312097

-1.038693,2.561607,8.119775,16.568233,0.194973,-0.018373,-0.105520,7.704000,2533.912304

-0.997977,0.774923,7.303073,16.577057,-0.055502,-0.148940,-0.097793,7.696000,2436.967380

-0.221991,0.837193,11.810500,16.568233,0.148609,-0.174520,-0.044234,7.696000,2476.077028

0.115707,1.471873,9.954360,16.562351,0.074532,-0.111102,0.033839,7.692000,2449.433616

-2.231412,1.464688,10.045371,16.568233,0.155004,-0.074330,0.070611,7.700000,2456.801146

-0.696205,2.793924,9.235854,16.565292,0.132354,-0.143877,0.028777,7.696000,2497.453076

-0.621959,1.512589,6.627677,16.594706,0.069736,-0.137482,0.056489,7.692000,2402.394318

0.053436,-0.726755,9.992681,16.588821,-0.204454,-0.160398,-0.024249,7.688000,2341.625548

0.795892,0.568951,10.933923,16.591763,-0.051505,-0.105506,-0.084736,7.684000,2307.000999

-1.520092,-0.175900,9.841794,16.594706,0.010848,-0.080192,-0.131900,7.676000,2305.468886

-0.839906,1.788016,7.430009,16.609411,0.040691,-0.093516,-0.182262,7.684000,2336.503322

0.709672,1.773646,8.948452,16.594706,-0.154892,-0.086321,-0.141226,7.680000,2350.743003

1.080899,2.001173,10.795012,16.606470,-0.196194,-0.021304,-0.185193,7.680000,2365.560484

-0.372877,-2.285912,9.358000,16.612352,-0.191131,-0.428992,-0.104455,7.680000,2357.127828

-1.548832,1.306617,11.626083,16.618235,0.126492,-0.102042,-0.098326,7.680000,2415.768888

-1.817074,3.193892,9.717253,16.603529,0.100912,-0.091917,0.083401,7.684000,2776.057437

0.130077,1.982013,9.252620,16.615294,0.070802,-0.191307,0.213435,7.684000,2410.317611

-1.860184,-0.142370,12.023657,16.618235,-0.124515,-0.140146,0.466042,7.692000,2419.978965

-1.912875,-1.677577,7.944938,16.603529,-0.059232,-0.205696,0.451386,7.692000,2402.394318

-1.735643,2.161639,10.407019,16.621176,0.026569,-0.132686,0.437530,7.684000,2439.964862

1.100060,1.859866,10.076506,16.609411,0.090786,-0.010379,0.523597,7.692000,2464.212958

-2.981054,-0.774655,9.793894,16.618235,-0.129045,-0.029831,0.441527,7.692000,2472.990133

-0.734525,-2.197297,8.747270,16.621176,-0.173012,-0.149473,0.380774,7.684000,2446.412827

-1.383576,-2.388898,10.136381,16.612352,0.045488,0.026126,0.155346,7.684000,2428.018794

-0.600404,-1.397360,7.770102,16.600588,-0.054702,-0.035960,0.052225,7.684000,2391.224370

1.009049,-0.381872,11.403347,16.609411,0.138750,-0.122560,-0.123373,7.684000,2406.557993

1.638939,4.274046,6.850414,16.600588,0.118498,0.111927,-0.066350,7.684000,2291.392566

0.424664,4.125555,12.174543,16.597647,0.310884,0.165220,0.002663,7.676000,2160.547514

-0.538134,3.881263,11.171030,16.615294,0.018308,0.099936,0.091129,7.672000,2160.547514

0.225878,4.163876,10.759087,16.600588,0.023105,0.037850,0.279251,7.672000,471.345549

-1.232689,1.821546,10.114826,16.615294,-0.025924,-0.015442,0.279251,7.676000,2151.509090

-0.717760,4.444093,9.686118,16.594706,-0.023260,0.048509,0.294706,7.668000,2138.586038

-0.837511,-0.515993,8.675420,16.609411,-0.122650,0.059700,0.315757,7.668000,2124.516497

-0.509393,-0.252541,9.027488,16.603529,-0.002476,-0.172655,0.293374,7.668000,2205.151662

0.197137,-0.750705,7.686276,16.612352,0.205099,-0.007715,0.377842,7.668000,2265.965987

-1.788334,-0.568683,9.575947,16.585880,0.077463,-0.065537,0.381306,7.664000,1550.624153

1.179096,-2.024855,8.313771,16.615294,-0.040580,-0.082591,0.334143,7.672000,2320.106904

-0.200436,0.238438,9.274175,16.609411,0.071068,-0.021571,0.099922,7.672000,2372.025824

0.637821,0.034862,7.590475,16.591763,0.077197,-0.076728,-0.050363,7.660000,2289.881218

1.837726,0.614456,11.027328,16.612352,-0.142635,0.008273,-0.050629,7.664000,2041.734977

0.812657,-1.873969,9.365185,16.606470,-0.099201,-0.028232,0.019717,7.652000,2619.969718

-0.473468,-0.384267,9.319680,16.600588,0.056679,-0.019439,0.209705,7.656000,2150.176358

0.175582,2.005963,10.945898,16.615294,0.089454,-0.016241,0.290709,7.656000,2131.364494

0.467775,0.276759,9.262199,16.615294,0.042024,0.008007,0.303766,7.652000,2158.532524

-0.873436,-1.706318,9.813054,16.627058,-0.021927,-0.055944,0.260332,7.644000,2071.894980

0.407899,0.932994,9.185558,16.627058,0.060143,-0.021571,0.254737,7.644000,2076.852997

-1.690138,0.705467,9.319680,16.644705,-0.151162,-0.039690,0.284048,7.652000,2145.525356

-0.116610,-0.492043,9.599897,16.656469,0.001521,-0.017307,0.408219,7.640000,2037.241614

-0.902177,0.887489,11.024934,16.650587,0.014578,0.026393,0.470038,7.636000,2776.612565

-1.563202,-0.369897,10.840517,16.662352,-0.091741,-0.039424,0.506810,7.624000,493.788948

0.997074,0.724627,9.748388,16.677057,0.056679,0.053305,0.605135,7.636000,2137.598460

1.820961,1.404813,10.914762,16.677057,-0.074953,0.024261,0.636578,7.632000,2059.296953

-0.207621,2.051468,10.612990,16.691763,0.081727,0.187336,0.621922,7.632000,2480.057003

0.973124,0.983289,10.687236,16.694704,0.001521,0.051707,0.331212,7.620000,2706.263804

0.963544,2.611902,11.266830,16.691763,0.032431,0.186803,0.163607,7.616000,2393.284914

0.103732,-3.093034,8.146120,16.688822,-0.126114,0.055703,-0.140427,7.612000,2185.369808

1.399437,-0.214220,8.582014,16.706469,-0.100267,0.105532,-0.250743,7.604000,2073.751482

-1.187184,0.913834,9.300520,16.715292,-0.099734,0.059434,-0.197716,7.600000,2769.966067

0.194742,0.075577,8.203601,16.730000,0.067338,0.058368,-0.151086,7.592000,2771.624673

0.453404,-2.072756,8.308981,16.706469,-0.041912,-0.080725,-0.084470,7.588000,2767.757631

-1.103358,-1.371015,10.656101,16.730000,0.009515,0.112460,0.065815,7.580000,2275.994107

-0.387247,-0.971047,10.265713,16.753529,0.061209,-0.047950,0.291509,7.580000,1496.964206

0.034276,1.270692,10.627360,16.741764,0.070802,-0.043154,0.371980,7.572000,1496.964206

-0.004044,-0.214220,9.772339,16.759411,0.024171,-0.015708,0.353061,7.564000,1496.964206

0.340838,1.354517,11.326706,16.750587,-0.037649,0.020797,0.479898,7.560000,1496.964206

-0.799191,0.063602,9.365185,16.768234,0.106774,0.045578,0.629650,7.556000,999.196926

-0.696205,-0.956676,9.532837,16.777058,-0.019263,-0.084989,0.743962,7.548000,1074.755420

-1.615892,-1.284794,9.049043,16.774117,0.060143,-0.033828,0.756752,7.540000,1847.995776

0.084571,-1.026132,11.458432,16.782940,0.085191,0.011737,0.665356,7.540000,2710.489772

1.207836,-0.717175,9.604687,16.788822,0.101711,-0.080992,0.608066,7.532000,2569.072913

0.661771,-0.472883,9.995075,16.800587,-0.036316,0.137241,0.546513,7.496000,2346.770233

-0.691415,1.359308,9.762758,16.785881,-0.015532,0.149765,0.347199,7.488000,2762.251688

0.757572,1.115016,9.235854,16.794704,0.158201,0.048242,0.134562,7.504000,2601.806211

0.829423,0.506680,10.327983,16.800587,0.109439,0.077820,-0.038105,7.488000,2616.513938

1.100060,-1.361435,10.385464,16.815292,-0.019263,0.076754,-0.078874,7.480000,2547.393027

0.036671,-0.015434,9.839399,16.815292,0.066805,0.090077,-0.054360,7.452000,2430.994240

1.159935,0.295919,9.631032,16.824116,0.042290,0.036518,-0.075677,7.420000,2275.994107

1.234181,-0.470488,10.227392,16.838821,-0.000077,0.066362,-0.052761,7.368000,2561.490324

-0.356112,-0.154345,11.384187,16.844706,-0.068825,0.030656,-0.014390,7.336000,2754.580321

-0.370482,-1.280004,8.893367,16.832939,-0.019529,-0.012511,-0.034109,7.268000,2775.502520

0.664166,-0.621374,10.787827,16.847647,-0.027790,0.060500,-0.013058,7.092000,2771.071451

0.918038,-0.623769,8.730505,16.853529,-0.046708,-0.053813,-0.036773,6.964000,2773.285397

-0.159721,-0.527968,11.039304,16.838821,0.047353,-0.004784,0.027711,6.748000,2776.612565

0.261803,-0.456117,10.498030,16.862352,-0.043511,0.009605,-0.027713,6.540000,2774.948028

0.106127,-0.999787,9.841794,16.874117,-0.032586,-0.039157,-0.060755,6.316000,2771.624673

0.762362,-1.162648,9.647798,16.862352,0.038826,-0.061274,-0.081272,6.104000,2776.612565

0.235458,-0.721965,10.169911,16.885881,0.024704,-0.010646,-0.058090,5.892000,893.842229

-0.289052,0.020492,10.304033,16.865294,0.011114,-0.054079,-0.092730,5.580000,2777.167906

-0.226781,-1.052477,10.229787,16.885881,-0.030987,-0.031963,-0.015723,5.332000,2777.167906

0.685721,-0.908776,9.465776,16.888823,-0.004874,-0.078594,0.129499,5.108000,2776.612565

0.704881,-0.113630,10.500424,16.894705,-0.022460,-0.104441,0.153215,4.876000,2776.612565

1.092875,-1.584172,9.111313,16.918234,-0.034718,-0.106572,0.097257,4.644000,2776.612565

1.286871,0.204908,10.023815,16.894705,0.035362,-0.065004,-0.021585,4.432000,2777.167906

1.064134,0.106712,9.877720,16.906469,0.058811,-0.028499,-0.057824,4.160000,2777.167906

0.565970,2.176009,9.789104,16.909410,0.049751,0.004010,-0.116445,3.972000,2774.948028

-0.734525,2.015543,8.838281,16.915293,0.042823,-0.059142,-0.083138,3.804000,1215.603590

2.029327,2.540052,9.358000,16.929998,0.091053,-0.072465,-0.035707,3.640000,2570.499720

0.486935,1.225186,8.955637,16.927057,-0.004607,-0.077261,0.052492,3.448000,2695.232850

0.182767,0.832403,9.643007,16.924116,0.024704,-0.029565,0.033573,3.308000,2628.897964

0.903668,1.641920,9.310100,16.935881,0.016443,-0.062073,-0.008528,3.228000,2341.230813

1.078505,1.814361,9.444221,16.938822,0.004985,-0.011712,0.077006,3.160000,2503.757598

1.013839,1.452713,9.587922,16.938822,0.005252,-0.017307,0.028510,3.092000,2295.559419

0.257013,1.510194,9.590317,16.950586,0.010581,-0.010379,-0.041303,3.032000,2132.346351

0.446219,1.570069,9.563972,16.932940,0.007916,-0.027699,-0.043435,2.972000,2137.598460

0.637821,1.888607,9.484936,16.968235,0.007650,-0.019439,0.013588,2.916000,2361.537286

0.819842,1.538934,9.540022,16.941763,-0.007005,-0.018107,0.041567,2.856000,2572.404531

0.953964,1.297037,9.504096,16.968235,-0.005140,-0.006649,0.006927,2.800000,2455.063509

0.336049,1.445528,9.654983,16.971176,-0.005673,0.004809,-0.026381,2.716000,2639.391587

0.472565,1.617970,9.401111,16.991764,-0.004874,0.005609,-0.058090,2.660000,1348.139771

0.738412,1.620364,9.602292,17.000587,-0.009670,-0.020238,-0.023450,2.608000,2688.449053

0.819842,1.210816,9.595107,16.968235,-0.004607,0.010671,0.020516,2.552000,2536.689642

0.173187,1.186866,9.537626,17.009411,0.001788,-0.001852,-0.001867,2.496000,2760.604313

0.582735,1.677845,9.686118,16.994705,-0.001410,-0.002385,-0.019986,2.440000,2748.582603

0.568365,1.514984,9.369975,17.009411,-0.009670,-0.013044,0.014121,2.384000,2772.731539

0.685721,1.162916,9.700488,16.997646,0.001521,-0.002918,0.006660,2.328000,2767.757631

0.491725,1.225186,9.597502,17.012352,0.005785,-0.002119,-0.017055,2.280000,2767.757631

0.640216,1.771251,9.460986,17.006470,0.009515,-0.008780,0.001864,2.228000,2762.801308

0.249828,1.608389,9.676538,17.038822,-0.007805,-0.021304,0.057555,2.160000,2410.317611

0.383949,1.246742,9.547207,17.018234,-0.001410,-0.013310,0.028510,2.116000,2722.179888

0.252223,1.452713,9.657377,17.021175,0.008716,-0.029032,0.024780,2.052000,2765.001905

0.791102,1.670660,9.410690,17.035881,-0.003009,-0.035693,0.042899,2.000000,2765.001905

0.977914,1.464688,9.597502,17.056469,-0.003541,-0.038091,0.035172,1.956000,2754.580321

1.191071,1.421578,9.559182,17.038822,-0.005140,-0.013044,-0.021851,1.908000,2742.069378

0.448614,1.409603,9.551997,17.050587,-0.002209,-0.011978,-0.034109,1.864000,2772.731539

0.412689,1.560489,9.559182,17.044704,-0.000610,-0.020505,-0.012259,1.820000,2748.582603

0.611476,1.404813,9.573552,17.059410,0.000988,-0.029298,0.022382,1.780000,2763.351139

1.068924,1.366493,9.508886,17.047646,0.000988,-0.018640,0.028244,1.732000,2746.408068

0.843793,1.467083,9.638218,17.071175,0.001255,-0.011978,0.023181,1.676000,2750.760529

0.707277,1.565279,9.475356,17.074116,0.000189,0.000812,0.011190,1.640000,2732.357173

0.601896,1.455108,9.568762,17.079998,-0.001676,-0.010912,0.010924,1.596000,2724.316073

0.906063,1.452713,9.484936,17.088821,-0.001143,-0.008514,-0.000268,1.556000,2691.054131

0.515675,1.445528,9.568762,17.091763,-0.004074,-0.001320,-0.023716,1.492000,2739.364716

0.589921,1.452713,9.523256,17.100588,-0.000344,-0.007182,-0.021318,1.452000,2608.159254

0.719252,1.495824,9.607082,17.109411,0.001788,-0.009313,-0.003732,1.424000,2540.867301

0.745597,1.529354,9.453801,17.100588,0.000988,-0.004251,0.014654,1.388000,2746.408068

0.587526,1.531749,9.559182,17.109411,0.001788,-0.011712,0.018918,1.344000,2763.901183

0.939593,1.555699,9.525652,17.106470,-0.001143,-0.005050,0.018118,1.316000,2749.671248

0.728832,1.431158,9.551997,17.132940,-0.001410,0.001612,0.007193,1.276000,2774.393535

0.920433,1.608389,9.496911,17.138823,-0.003541,0.002411,0.000532,1.248000,2664.716887

0.762362,1.481453,9.571157,17.132940,-0.003541,0.006674,0.020250,1.224000,2760.604313

0.733622,1.361702,9.530441,17.147646,-0.002742,0.010938,0.000798,1.196000,2762.801308

0.834213,1.462293,9.508886,17.141764,-0.002742,0.005609,0.000798,1.176000,2776.612565

0.656981,1.457503,9.528047,17.147646,-0.000610,0.016001,-0.003199,1.144000,2763.901183

0.292938,1.447923,9.607082,17.147646,-0.004607,-0.004251,-0.025848,1.132000,2767.757631

0.690511,1.476663,9.573552,17.156469,-0.002209,-0.005316,-0.034641,1.116000,2768.309369

0.601896,1.500613,9.504096,17.162352,-0.000077,-0.004784,-0.009061,1.100000,2773.839254

0.611476,1.505404,9.580737,17.162352,-0.001943,-0.010646,0.011723,1.088000,2772.177894

0.508490,1.493428,9.523256,17.159410,0.000455,-0.009313,0.018651,1.064000,2706.791388

0.793497,1.644315,9.609477,17.185881,-0.000610,-0.019439,0.018118,1.056000,2774.948028

1.071320,1.531749,9.475356,17.174116,-0.005673,-0.006116,0.022648,1.044000,2776.057437

0.757572,1.364097,9.633428,17.159410,-0.005673,-0.005849,0.002397,1.032000,2774.393535

0.930013,1.428763,9.501701,17.194704,-0.003275,0.006141,-0.004265,1.028000,2764.451438

0.666561,1.483848,9.540022,17.174116,-0.004874,0.000812,-0.003998,1.012000,2698.899876

0.810262,1.474268,9.575947,17.185881,-0.003541,0.007474,-0.010127,1.008000,2760.604313

0.199532,1.390443,9.551997,17.191763,-0.001943,-0.003718,-0.030911,1.000000,2774.948028

0.764757,1.479059,9.566367,17.179998,0.000722,-0.018107,-0.027980,0.996000,2656.560101

0.556390,1.459898,9.508886,17.203527,-0.000344,-0.006649,0.002930,0.984000,2686.368593

0.292938,1.538934,9.535232,17.197645,-0.002209,-0.036226,0.023447,0.980000,2644.418042

1.025814,1.529354,9.563972,17.206469,0.000455,-0.036226,0.050094,0.968000,2614.051032

0.930013,1.423973,9.511281,17.209410,-0.000077,-0.016241,0.043699,0.964000,2637.386345

0.941988,1.388048,9.528047,17.209410,-0.002742,-0.011712,0.006660,0.964000,2406.557993

0.846188,1.579649,9.518467,17.232941,0.001788,-0.015176,-0.005864,0.960000,2275.248074

1.095270,1.500613,9.489726,17.227058,-0.003808,-0.006382,0.006127,0.952000,1899.827613

0.630636,1.452713,9.635822,17.227058,-0.001410,0.000812,-0.018654,0.948000,2548.328058

0.690511,1.500613,9.554392,17.238823,-0.003275,-0.013577,-0.034109,0.948000,2519.201612

0.575550,1.488638,9.551997,17.244705,-0.000877,0.001345,-0.003199,0.936000,2185.713691

0.316888,1.553304,9.654983,17.271175,0.001788,-0.015708,0.018918,0.936000,2730.208275

0.925223,1.553304,9.547207,17.244705,0.000189,-0.014376,0.066348,0.932000,2771.624673

0.831818,1.546119,9.470566,17.253529,-0.000877,-0.011712,0.049827,0.924000,2776.057437

1.035394,1.428763,9.456196,17.256470,-0.004074,-0.018640,0.002663,0.924000,2744.237134

1.291661,1.474268,9.410690,17.256470,-0.001410,0.000013,-0.045833,0.924000,2776.612565

0.920433,1.457503,9.465776,17.282940,-0.003009,0.007740,-0.059689,0.920000,2759.506981

0.788707,1.474268,9.738809,17.277058,-0.002476,0.012270,-0.032510,0.920000,2776.057437

0.862953,1.598809,9.523256,17.294704,0.000189,0.022662,0.002663,0.912000,2768.309369

0.393529,1.438343,9.563972,17.271175,-0.004607,0.020797,0.019717,0.912000,2749.126714

-0.111820,1.421578,9.674143,17.282940,-0.000077,-0.012244,-0.018654,0.908000,2763.351139

0.460589,1.519774,9.449011,17.291763,0.000455,-0.035160,0.010124,0.908000,2724.316073

0.604291,1.491034,9.575947,17.300587,0.002587,-0.039690,0.064749,0.904000,2713.667989

1.131195,1.512589,9.528047,17.312351,0.001788,-0.054079,0.059686,0.900000,2562.435737

1.310822,1.464688,9.425060,17.315292,0.005518,-0.030097,0.019717,0.900000,2773.839254

1.267711,1.517379,9.408296,17.332939,-0.002476,-0.015176,-0.023983,0.896000,2776.057437

1.066530,1.443133,9.611873,17.335880,-0.003541,-0.008248,-0.037306,0.892000,2771.071451

0.795892,1.359308,9.583132,17.344706,-0.002209,0.002144,-0.022118,0.896000,2768.309369

