ax,ay,az,gx,gy,gz,temp,volt,vel

-1.309330,2.154454,9.219090,18.377058,-0.002209,-0.031163,-0.067683,3.924000,0.000000

-1.163234,2.444251,9.286150,18.385881,0.015910,-0.059941,-0.023983,3.744000,2731.819630

-1.259035,2.341265,9.353210,18.400587,0.008716,-0.071399,0.007460,3.624000,2747.495018

-1.306935,2.492151,9.314890,18.412352,0.005785,-0.084989,0.022648,3.532000,2709.960917

-1.105753,2.405931,9.362790,18.403528,0.012979,-0.100177,0.026112,3.444000,2696.803101

-1.026718,2.341265,9.341235,18.412352,0.014578,-0.113500,0.022648,3.356000,2761.702281

-0.744105,2.662198,9.231064,18.403528,0.026569,-0.117231,-0.013591,3.284000,2770.518653

-1.168024,2.353240,9.650192,18.429998,0.006318,-0.141479,0.006127,3.240000,2761.153297

-0.499813,2.544842,9.834609,18.421175,0.021772,-0.158532,0.031441,3.192000,2752.942057

-0.387247,2.101763,9.223879,18.418234,0.019108,-0.098845,0.009591,3.156000,1470.801764

-0.495023,2.377191,9.094548,18.424116,-0.005673,-0.107905,-0.021318,3.112000,695.126152

-0.607589,2.813084,9.884905,18.438822,0.042557,-0.120695,-0.007462,3.056000,2243.632236

-0.684230,2.362821,8.991562,18.456469,0.012713,-0.107905,0.061552,3.016000,2417.030428

-1.036298,2.032308,9.391530,18.480000,-0.027790,-0.115365,0.177463,2.980000,1858.880743

0.039066,2.595137,9.314890,18.465292,0.043622,-0.120961,0.220896,2.940000,1321.076941

-0.054340,2.777159,9.008327,18.468235,0.042290,-0.131886,0.161741,2.904000,2091.555850

-0.523764,2.954390,9.578342,18.456469,-0.029921,-0.159065,0.035971,2.864000,2642.908178

-0.425568,2.908885,9.465776,18.462351,0.059077,-0.133218,-0.039704,2.824000,2726.455860

-0.571664,2.202354,8.524533,18.474117,-0.013933,-0.163329,-0.033842,2.788000,2653.514098

-0.681835,3.617811,9.592712,18.477058,0.055880,-0.169724,-0.005864,2.752000,2629.893805

0.264198,2.013148,9.001143,18.468235,0.037760,-0.208627,0.051159,2.720000,2777.167906

0.199532,2.422696,8.598779,18.471176,0.059077,-0.187577,0.056222,2.664000,2704.155799

-0.013624,2.609508,9.185558,18.488823,-0.038182,-0.176652,0.015187,2.628000,2726.991284

-0.461493,3.318433,9.808264,18.488823,0.082792,-0.157733,-0.011193,2.592000,2744.779550

0.134867,2.061048,8.948452,18.497646,0.005785,-0.173454,-0.024516,2.556000,2771.624673

0.137262,3.371124,9.837004,18.500587,0.014045,-0.125491,-0.048498,2.520000,2740.986878

1.179096,1.984407,9.025092,18.497646,0.030299,-0.146542,-0.067683,2.484000,2711.019051

1.064134,2.863380,9.496911,18.482941,-0.049373,-0.135350,-0.065551,2.448000,2764.451438

1.895206,2.698123,9.468171,18.509411,0.094783,-0.064205,-0.057824,2.416000,2746.408068

1.056949,1.225186,8.479028,18.494705,-0.050972,-0.095914,-0.043168,2.376000,2772.731539

0.266593,3.847733,10.351933,18.518234,0.062541,-0.028499,-0.043168,2.344000,2639.893534

0.743202,3.385494,10.193862,18.515293,0.121163,-0.009580,0.055956,2.292000,2771.071451

1.183886,1.311407,8.033554,18.512352,-0.069624,-0.081791,0.173732,2.264000,2662.672870

-0.006439,4.389007,10.320798,18.497646,0.075331,0.043979,0.285646,2.232000,2689.490449

0.187557,3.270533,9.463381,18.535881,0.139016,0.016267,0.409285,2.188000,2758.958844

0.259408,1.675450,7.997629,18.521175,-0.114390,-0.087120,0.396761,2.148000,2606.201049

-0.274681,5.600887,10.725556,18.527058,0.104109,0.042913,0.365319,2.124000,2767.205892

1.071320,3.397469,8.167675,18.512352,0.051350,-0.080459,0.263797,2.092000,2722.179888

-1.829049,2.997501,9.029882,18.532940,-0.058699,-0.056744,0.185190,2.060000,2772.731539

-0.844696,2.350845,8.799960,18.538822,0.036428,-0.128156,0.102587,2.032000,2769.413481

-1.306935,1.847891,9.985496,18.553528,-0.021394,-0.028765,-0.020785,2.000000,2772.731539

0.786312,3.064561,8.598779,18.559410,-0.006206,-0.208094,-0.045300,1.960000,2772.731539

1.737135,2.298155,9.120893,18.550587,0.012446,-0.165460,-0.001867,1.960000,2761.702281

1.212626,1.742511,9.338840,18.547646,0.010848,-0.088719,0.040235,1.924000,2766.654578

1.674865,2.779554,9.080178,18.544704,0.027635,-0.094048,0.095659,1.892000,2763.351139

1.801800,1.680240,9.973520,18.553528,0.018308,-0.075929,0.144155,1.864000,2748.582603

2.309545,2.623878,9.238249,18.577057,-0.040846,0.034120,0.158810,1.800000,2771.071451

1.849701,2.199959,9.607082,18.574116,0.011647,0.067694,0.242746,1.756000,2609.139416

0.700091,2.326895,9.094548,18.588821,0.069203,0.081284,0.155080,1.724000,2430.568783

0.484540,2.128109,9.609477,18.579998,0.006318,0.038916,0.079404,1.700000,2698.375259

0.175582,2.125714,9.643007,18.588821,0.034829,0.030656,0.075408,1.668000,1563.016655

-0.121400,2.516102,9.518467,18.603529,-0.016598,0.050374,0.081536,1.628000,2555.362511

-0.679440,2.537657,10.500424,18.600588,-0.023526,0.087945,0.041300,1.600000,2253.828802

1.030604,2.834639,9.947175,18.594706,-0.007272,-0.018906,0.049028,1.572000,2757.862783

1.825751,2.501732,8.237131,18.609411,0.046287,0.024794,0.072476,1.544000,1246.708477

1.708395,2.784344,8.507768,18.597647,0.146743,-0.029298,0.131898,1.516000,1246.708477

-1.587152,0.961734,9.935200,18.615294,0.000189,0.049308,0.242213,1.528000,1246.708477

1.370697,1.282667,9.034673,18.618235,-0.113590,0.077820,0.350397,1.496000,1165.799667

-0.590824,1.464688,9.671748,18.621176,0.005785,0.148166,0.310161,1.468000,1321.957307

0.264198,0.477940,9.628637,18.606470,-0.037649,0.080484,0.272590,1.440000,2320.494646

0.371974,2.168824,10.066926,18.615294,-0.053636,0.068494,0.222228,1.416000,2632.386586

1.495238,1.373677,9.118498,18.621176,-0.116255,-0.017307,0.137760,1.380000,1870.146673

0.767152,2.626273,9.789104,18.641764,0.007384,0.128448,0.122838,1.360000,2751.305699

0.494120,1.996382,9.793894,18.635881,0.096382,0.117256,0.123104,1.328000,1371.847465

0.532440,2.427486,8.227551,18.659410,-0.081348,0.004809,0.098057,1.308000,608.174494

-0.442333,4.381822,8.776011,18.647646,0.036428,0.255017,0.081003,1.288000,1281.217869

0.908458,5.275165,9.288545,18.653528,-0.050172,0.073290,-0.056491,1.316000,2668.814032

1.758690,2.789134,8.792775,18.650587,0.017776,0.070625,-0.324286,1.300000,1830.214714

0.901273,5.428446,8.244316,18.644705,0.083325,0.122319,-0.470308,1.396000,1045.069607

2.390975,5.174574,9.623847,18.677057,-0.031520,0.022129,-0.508945,1.752000,1045.069607

0.666561,4.408167,9.278965,18.665293,0.017776,0.050907,-0.420746,2.424000,258.456614

-0.988397,3.533985,9.664562,18.694704,0.002854,0.061566,-0.427141,3.448000,2321.658509

-0.945287,4.278836,8.740085,18.682940,0.028967,-0.004517,-0.508145,4.040000,1465.678691

0.659376,2.856194,7.918593,18.665293,-0.030987,-0.032496,-0.506813,4.028000,2076.231974

1.270106,4.642879,9.238249,18.674116,0.012713,0.028258,-0.407422,4.176000,2189.850033

1.157540,3.866893,8.706554,18.671175,-0.038714,0.040782,-0.267530,4.500000,2429.718292

0.345629,5.220079,8.388017,18.679998,0.012446,0.078086,-0.184393,5.008000,2762.801308

0.530045,3.476505,8.287426,18.685881,-0.073088,0.070359,-0.090599,5.380000,2298.980028

-0.523764,3.878868,9.094548,18.679998,-0.043244,0.088745,0.071144,5.492000,1523.906900

-1.156049,4.281231,8.943662,18.682940,-0.022460,0.096206,0.146287,5.948000,2763.901183

-0.497418,4.084840,8.562854,18.674116,0.017509,0.071691,0.265395,6.332000,1483.054530

-0.602799,4.132740,9.405901,18.679998,-0.011802,0.075155,0.437264,6.596000,1967.111514

-0.588429,3.502850,8.931686,18.691763,-0.003541,0.049308,0.566231,6.908000,1265.455186

-1.726063,3.268138,8.981982,18.691763,0.040691,0.082350,0.607000,6.972000,541.105122

-1.824259,3.648946,9.767549,18.691763,0.019641,0.060233,0.651499,7.080000,1410.732414

-1.287775,3.225028,9.159214,18.691763,-0.020595,0.087146,0.719714,7.156000,1860.125757

-1.472191,4.956627,8.946056,18.691763,0.038826,0.076488,0.778069,7.164000,420.846788

-1.546437,2.494547,8.804750,18.715292,0.044688,0.022129,0.792458,7.216000,420.846788

-1.175209,3.328013,9.683722,18.718235,0.022838,0.058635,0.818838,7.232000,1112.825685

-0.210016,2.777159,9.513677,18.712351,0.067604,0.067961,0.837490,7.252000,1482.579492

1.265316,2.511312,8.704160,18.709410,0.040158,0.088745,0.835625,7.256000,1665.567847

1.387462,2.947205,9.604687,18.697645,0.070802,0.148965,0.774072,7.264000,894.879175

0.568365,1.366493,9.147239,18.709410,0.050284,0.131112,0.625386,7.256000,1319.194377

0.010326,1.572464,9.312495,18.706469,0.015377,0.200126,0.421809,7.248000,1319.194377

-0.178881,1.019215,10.054951,18.727058,-0.016865,0.175612,0.268859,7.240000,718.319769

-0.174091,2.027518,9.999866,18.715292,-0.074154,0.132711,0.143089,7.236000,1580.810535

-0.037575,3.045401,9.508886,18.735882,-0.007272,0.161489,0.080204,7.252000,1336.333333

0.058226,2.106554,8.950847,18.735882,-0.022460,0.096739,0.092195,7.204000,2169.662426

0.098942,1.953272,8.617939,18.735882,-0.031254,0.102334,0.029310,7.228000,1668.369550

0.139657,2.554422,9.856164,18.738823,-0.023260,0.164420,0.012256,7.228000,2465.963308

0.177977,4.056099,9.499307,18.718235,-0.016598,0.158824,0.083668,7.256000,2539.473124

1.298846,3.660921,9.369975,18.715292,-0.005140,0.079419,0.138293,7.288000,2345.580944

2.185004,2.561607,8.455077,18.735882,0.013246,0.161223,0.192651,7.284000,2313.535412

0.894088,2.089788,10.107641,18.738823,0.044155,0.212383,0.322685,7.292000,2310.071368

0.199532,1.656290,9.705278,18.730000,0.004452,0.209985,0.317089,7.296000,2501.502336

-0.231571,0.717442,9.695698,18.721176,0.018042,0.226506,0.218231,7.284000,2258.594643

0.436639,2.662198,9.935200,18.724117,0.021772,0.244092,0.143089,7.272000,2162.229849

-0.497418,2.005963,9.338840,18.718235,0.084658,0.241694,0.000265,7.268000,2309.687227

-0.866251,1.476663,8.517348,18.730000,0.055080,0.248356,-0.132966,7.264000,2569.548374

0.319283,1.682635,9.710068,18.732941,-0.173544,0.292589,-0.217435,7.272000,2357.527860

1.133590,2.396351,9.346025,18.715292,-0.049906,0.083682,-0.321622,7.260000,1630.941920

1.030604,2.252650,9.896879,18.715292,-0.073088,0.237431,-0.462580,7.232000,2106.148949

0.151632,2.666988,9.065807,18.730000,-0.004874,0.183605,-0.583288,7.236000,2052.600028

0.668956,4.137530,8.467052,18.724117,0.016710,-0.099644,-0.732507,7.236000,2759.506981

-0.135770,1.996382,8.555669,18.738823,0.057745,0.108463,-0.892917,7.288000,2263.011729

-0.495023,0.231253,9.331655,18.727058,-0.086411,0.066095,-0.915566,7.260000,2126.468558

0.958754,2.837034,9.719648,18.741764,-0.018996,0.082083,-0.745030,7.264000,2198.866210

-1.177604,3.701637,10.749507,18.738823,-0.035250,0.158292,-0.691471,7.252000,2267.445976

-1.783544,3.624996,9.604687,18.738823,0.088655,0.093541,-0.715720,7.268000,2271.154743

-0.308212,2.676568,9.623847,18.730000,0.064140,0.028524,-0.515873,7.296000,2372.836481

-1.136889,2.659803,7.659931,18.735882,-0.003808,-0.023702,-0.254473,7.272000,2317.396521

-1.479376,3.134017,9.942385,18.750587,0.030299,0.059434,-0.139361,7.292000,2305.086229

-1.766779,3.802227,10.359118,18.747646,-0.021661,-0.031963,-0.023716,7.276000,2264.487904

-1.170419,2.779554,7.928173,18.735882,0.086256,-0.053013,0.122305,7.284000,2298.599489

-0.914152,3.998619,8.404782,18.747646,-0.049906,-0.081258,0.291242,7.312000,2479.614171

-1.601522,5.315880,9.413086,18.738823,-0.001943,0.051440,0.545714,7.296000,2508.280200

-0.564479,4.163876,9.010722,18.762352,-0.026191,-0.003451,0.740764,7.324000,2596.454731

-1.115333,5.258399,8.809541,18.756470,-0.022460,0.063164,0.951536,7.332000,2726.991284

-1.704508,4.278836,9.094548,18.759411,-0.052837,0.070892,0.962195,7.344000,457.734678

-1.112938,3.744747,9.183164,18.735882,-0.056567,0.064497,0.836691,7.364000,2621.948476

-1.345255,4.465648,8.852651,18.756470,0.044688,0.113259,0.624853,7.356000,2142.876418

-1.716483,4.671619,9.099339,18.759411,0.020973,0.196396,0.385037,7.380000,2375.271842

-1.338070,4.951837,8.821516,18.774117,0.042290,0.138840,0.240881,7.380000,2533.449980

-2.511630,3.759117,8.883786,18.768234,-0.072289,0.099936,0.104718,7.404000,2508.280200

-0.590824,3.627391,8.589199,18.768234,-0.074953,-0.006382,0.049561,7.408000,2664.205618

-1.292565,1.984407,10.119617,18.765293,0.032431,0.070359,-0.005064,7.404000,2192.616353

-1.259035,-0.810580,9.628637,18.756470,-0.006739,-0.021837,-0.163876,7.412000,2038.138719

1.533558,1.014425,5.971442,18.774117,-0.022727,-0.083124,-0.315226,7.400000,1185.304276

-6.211935,0.173773,15.027012,18.750587,0.048419,0.170549,-0.236354,7.396000,755.116630

-0.027994,3.050191,9.322075,18.777058,0.164863,0.047976,-0.261667,7.388000,278.122861

-0.413593,3.967484,8.608358,18.777058,0.119564,-0.072199,-0.268596,7.396000,1960.999804

-0.303422,3.414234,8.064690,18.768234,-0.019796,-0.135617,-0.241150,7.392000,1664.569569

-1.639843,2.674173,9.144843,18.774117,-0.009937,-0.129222,-0.325352,7.396000,1567.427383

-1.302145,3.040611,9.231064,18.744705,0.080394,-0.172122,-0.407422,7.416000,2776.612565

-0.250731,2.013148,9.372371,18.756470,0.069736,-0.182514,-0.408755,7.404000,1662.178491

-0.085475,1.929322,8.823911,18.759411,0.014844,-0.190508,-0.362657,7.412000,2205.151662

0.956359,3.842942,10.258528,18.774117,0.110238,-0.126823,-0.228093,7.404000,2694.709716

1.138380,3.411839,9.211904,18.771175,0.079328,-0.147341,-0.094596,7.412000,1731.401422

-0.847091,3.272928,7.853928,18.768234,0.068936,-0.172921,0.036238,7.412000,717.948395

0.604291,3.330408,9.901670,18.774117,-0.068825,-0.124958,0.245677,7.420000,1656.428462

-4.054022,0.729417,9.757969,18.756470,0.283705,-0.048217,0.338140,7.424000,1745.548617

1.643729,1.615574,8.845466,18.774117,0.006051,-0.071399,0.442326,7.412000,837.758044

0.036671,2.966366,8.926897,18.774117,-0.038981,-0.085788,0.504146,7.412000,1599.751116

1.626964,3.744747,9.262199,18.774117,0.006584,-0.041022,0.620323,7.408000,2029.796748

-1.714088,3.203472,9.726833,18.762352,0.060676,0.087679,0.707989,7.412000,2065.115844

-2.317633,3.339988,8.572433,18.797646,-0.004874,-0.034894,0.685873,7.416000,2488.501736

-1.441056,3.615416,9.039463,18.768234,-0.098935,-0.008248,0.698930,7.424000,1883.591800

-0.451913,4.563844,9.540022,18.785881,0.082792,-0.021837,0.684541,7.432000,2667.788527

-1.989516,-0.336366,8.004814,18.785881,0.018841,0.013602,0.693601,7.432000,2353.133234

-1.694928,2.626273,10.715977,18.768234,-0.075220,0.114592,0.648835,7.444000,1933.961022

0.853373,0.746182,9.592712,18.774117,-0.065361,0.157226,0.607267,7.440000,1943.162594

-0.344137,1.809571,9.111313,18.774117,0.046554,0.090344,0.498283,7.444000,1329.042822

-0.061525,2.841825,9.460986,18.785881,-0.054702,0.166818,0.472437,7.436000,1956.854562

-1.268615,2.619088,9.901670,18.774117,-0.021394,0.321367,0.467107,7.436000,2411.154542

-1.012347,2.386771,10.385464,18.779999,0.059077,0.313906,0.503879,7.440000,2755.673628

-1.002767,2.147269,9.247829,18.771175,0.026569,0.289125,0.443392,7.452000,2503.306292

-0.418383,2.049073,8.998747,18.788822,0.063074,0.214782,0.339738,7.448000,2482.273703

1.009049,1.754486,9.058622,18.774117,-0.151162,0.186537,0.284847,7.448000,2697.851065

0.501305,3.986644,8.859837,18.768234,0.053748,0.395976,0.268593,7.452000,2775.502520

-0.183671,1.661080,9.544811,18.747646,0.012180,0.301382,0.233153,7.448000,2462.901626

-0.018414,0.976104,10.031001,18.759411,-0.007005,0.311507,0.208639,7.452000,2750.215783

0.731227,1.531749,8.182045,18.779999,0.040425,0.355740,0.074075,7.452000,2525.616524

-1.383576,2.434671,8.184441,18.768234,-0.042711,0.387183,-0.060755,7.448000,2487.164554

-0.751290,2.980736,8.902946,18.759411,-0.060031,0.341884,-0.175600,7.448000,2761.702281

-0.404013,4.235726,8.548483,18.747646,-0.128779,0.346947,-0.272060,7.456000,2745.865016

0.415084,3.486085,8.790380,18.759411,-0.060831,0.295253,-0.400494,7.452000,2623.434610

-0.020809,2.908885,9.482541,18.768234,-0.028322,0.347213,-0.527597,7.460000,2023.290092

-0.598009,1.953272,9.745994,18.744705,-0.057367,0.283529,-0.652834,7.460000,2015.068893

-1.642238,3.304063,9.415481,18.741764,-0.092806,0.280331,-0.736237,7.460000,2126.142897

-1.390761,4.010594,8.737690,18.750587,-0.007538,0.310974,-0.777006,7.464000,2181.935851

0.036671,2.403536,9.092153,18.747646,-0.049906,0.194264,-0.778871,7.468000,2134.312820

-0.962052,2.223909,9.554392,18.762352,0.004985,0.238230,-0.843888,7.468000,1934.499835

-0.236361,0.554581,8.857441,18.744705,-0.097070,0.081550,-0.955536,7.460000,2069.733157

-0.842301,3.392679,10.165122,18.759411,-0.104264,0.134310,-0.990176,7.468000,1464.750969

0.031881,1.986803,8.950847,18.756470,-0.043244,0.095140,-0.972323,7.464000,1717.481682

-1.663793,1.493428,10.634545,18.744705,-0.074420,0.029857,-1.024816,7.468000,986.911106

-0.768055,3.095696,11.278806,18.741764,-0.071489,-0.080992,-1.020286,7.472000,986.911106

-0.758475,3.086117,9.963940,18.756470,0.002854,-0.010113,-1.043468,7.464000,215.224275

-0.636329,1.210816,9.255014,18.738823,0.077996,-0.032496,-1.022951,7.480000,721.080103

-0.147745,2.901700,9.702883,18.765293,-0.027523,-0.129754,-0.933419,7.480000,430.315145

0.010326,3.210657,10.263317,18.779999,0.161399,0.001612,-0.805517,7.480000,406.291934

-2.094896,1.687425,9.142448,18.756470,0.129956,-0.014909,-0.702130,7.484000,406.291934

-2.588270,1.797596,9.856164,18.768234,0.113969,-0.040223,-0.716252,7.492000,406.291934

-1.306935,2.779554,9.348420,18.768234,0.125959,-0.068468,-0.730641,7.492000,406.291934

-1.292565,2.865775,9.072993,18.774117,0.138750,-0.097779,-0.675217,7.492000,406.291934

-0.954867,2.930440,8.917316,18.765293,0.127558,-0.168924,-0.604605,7.488000,115.976270

-0.753685,1.471873,10.031001,18.779999,0.096648,-0.198235,-0.517738,7.500000,2369.597243

-1.524882,2.860985,10.335168,18.765293,0.095050,-0.163062,-0.502283,7.496000,1149.680389

-1.934430,2.149664,9.662168,18.768234,0.233077,-0.071932,-0.434335,7.504000,1149.680389

-2.035021,2.046678,8.179650,18.762352,0.118498,-0.180915,-0.356795,7.504000,1203.591839

-1.172814,1.859866,9.714858,18.756470,0.117965,-0.236606,-0.296841,7.500000,2472.549844

-1.761989,1.371283,9.154424,18.744705,0.179252,-0.145209,-0.165741,7.500000,336.170044

-2.255363,1.174891,9.417875,18.747646,0.120097,-0.275509,-0.078341,7.496000,900.099819

-2.590665,1.603599,9.434641,18.759411,0.193641,-0.228079,0.066881,7.508000,1698.365875

-1.443451,2.748419,9.120893,18.765293,0.145678,-0.223016,0.146819,7.504000,2232.091284

-0.861461,2.231094,10.430969,18.759411,0.168327,-0.219019,0.199313,7.512000,2296.698492

-1.235084,2.537657,9.099339,18.750587,0.200302,-0.180382,0.268326,7.508000,2411.154542

-0.322582,2.628668,8.989167,18.741764,0.174455,-0.217687,0.363986,7.504000,2462.028252

-0.059130,2.777159,8.924501,18.762352,0.200036,-0.148407,0.413548,7.504000,1607.343345

-0.954867,-0.053754,9.087363,18.735882,0.025503,-0.173987,0.354927,7.500000,2077.163827

-2.597850,3.378309,9.322075,18.735882,0.038027,-0.088986,0.330412,7.504000,2464.650281

-1.522487,4.113580,9.803473,18.774117,0.108106,-0.059142,0.253138,7.504000,1137.158216

-1.493746,1.450318,8.843071,18.771175,0.049218,-0.051148,0.216100,7.500000,2255.659454

-2.411039,2.353240,9.920830,18.771175,-0.104531,-0.026900,0.161475,7.516000,2389.989527

-1.536857,4.338712,8.165280,18.774117,0.172590,0.042647,0.100189,7.512000,2438.250956

-1.488956,0.652777,9.324470,18.753529,-0.139437,-0.120695,0.039702,7.516000,1193.351626

-1.761989,4.808136,10.967453,18.782940,-0.074420,0.010938,-0.020252,7.516000,2277.860780

0.261803,2.135294,9.008327,18.759411,0.179252,-0.055411,-0.121775,7.520000,1152.160563

-1.833839,0.746182,9.963940,18.753529,-0.068825,-0.164128,-0.183061,7.516000,1534.007908

-1.936825,2.602323,9.415481,18.753529,0.064939,-0.100710,-0.217701,7.520000,2742.610946

-0.856671,1.052745,8.799960,18.759411,0.031099,-0.147341,-0.270994,7.520000,1560.732788

-0.715365,1.553304,9.434641,18.768234,0.021240,-0.071399,-0.264066,7.516000,580.002466

-0.930917,2.140084,9.566367,18.759411,-0.006473,-0.085788,-0.277389,7.520000,606.209721

-1.151259,2.262230,9.278965,18.756470,0.028701,-0.077528,-0.256338,7.520000,592.854537

-1.453031,2.101763,10.208232,18.759411,0.001521,-0.078061,-0.223563,7.516000,1464.287585

-2.202672,2.690938,10.268107,18.782940,0.097181,-0.104973,-0.229159,7.524000,2425.474102

-0.562084,1.996382,8.895761,18.756470,0.058278,-0.197169,-0.192121,7.520000,1197.984618

-1.378785,1.651500,9.925620,18.753529,0.038027,-0.175053,-0.158813,7.524000,1197.984618

-1.898505,2.329290,8.974797,18.759411,0.097448,-0.095647,-0.083404,7.520000,1197.984618

-0.689020,1.246742,7.674301,18.747646,0.026835,-0.181448,0.035971,7.524000,1197.984618

-0.344137,1.831126,9.276569,18.756470,0.056413,-0.154269,0.083135,7.524000,1197.984618

-0.851881,2.916070,8.670630,18.759411,0.044688,-0.095114,0.103386,7.528000,1197.984618

0.082176,2.975945,9.643007,18.753529,-0.013667,-0.058609,0.127101,7.532000,1197.984618

-0.032785,1.577254,8.474237,18.738823,-0.109061,-0.048483,0.123637,7.524000,1197.984618

-1.290170,3.284903,10.744717,18.741764,-0.059499,0.067161,0.053824,7.532000,1197.984618

-1.388366,2.082603,10.354328,18.759411,0.107307,0.057569,-0.038105,7.532000,1197.984618

-0.190856,1.718560,9.120893,18.750587,-0.071223,-0.030097,-0.111916,7.528000,50.311196

-0.837511,2.595137,9.932805,18.756470,-0.042978,0.005875,-0.215303,7.532000,50.311196

-0.241151,1.464688,9.937595,18.744705,-0.021927,-0.021304,-0.340807,7.532000,50.311196

-0.825536,2.142479,10.581855,18.759411,-0.074154,-0.012244,-0.453254,7.536000,50.311196

-0.224386,4.171061,8.946056,18.747646,0.162731,0.047443,-0.498286,7.540000,50.311196

0.307308,4.060890,10.507609,18.762352,0.047886,0.050374,-0.499618,7.536000,50.311196

0.359999,2.547237,9.094548,18.750587,0.140348,0.041847,-0.532127,7.532000,50.311196

0.199532,1.081485,9.216694,18.744705,0.068137,-0.054079,-0.527597,7.540000,2544.126032

-0.248336,1.548514,10.493239,18.779999,-0.040580,-0.074064,-0.462047,7.544000,2458.976317

-1.215924,2.465806,9.465776,18.779999,0.081194,0.009339,-0.407422,7.536000,2686.888549

-1.318910,1.864656,9.537626,18.779999,0.080927,-0.060741,-0.377845,7.540000,1253.234626

-1.663793,2.947205,9.154424,18.762352,0.079595,-0.124958,-0.318158,7.536000,1010.026168

-0.997977,2.875355,9.420271,18.765293,0.093451,-0.132686,-0.272592,7.536000,1010.026168

-0.763265,1.699400,9.887300,18.765293,0.013512,-0.164661,-0.298972,7.544000,1010.026168

-1.639843,3.107671,10.076506,18.774117,0.123561,-0.139880,-0.309098,7.544000,1010.026168

-1.632658,3.426209,9.741203,18.768234,0.084391,-0.125491,-0.237952,7.548000,1010.026168

-0.178881,1.934112,9.113708,18.774117,0.107573,-0.215022,-0.204911,7.544000,1010.026168

-0.823141,3.397469,9.017907,18.777058,0.062541,-0.237938,-0.180663,7.536000,1010.026168

-1.445846,1.998778,8.593988,18.779999,0.160866,-0.312015,-0.132433,7.540000,1010.026168

-2.020651,1.014425,9.889694,18.771175,0.052149,-0.293096,-0.095661,7.544000,1010.026168

-0.344137,2.252650,9.458591,18.765293,0.050817,-0.338395,-0.059689,7.544000,1010.026168

-1.177604,2.367611,8.744875,18.771175,0.102777,-0.340260,-0.015989,7.544000,1010.026168

-0.607589,2.693333,9.623847,18.788822,0.197371,-0.381828,0.165738,7.548000,1010.026168

-1.098568,0.937784,8.670630,18.794704,0.222152,-0.360245,0.350397,7.544000,1010.026168

-1.493746,0.101922,8.850256,18.791763,-0.014466,-0.368238,0.420210,7.540000,1010.026168

-2.605036,1.445528,9.592712,18.779999,-0.030188,-0.390888,0.552642,7.540000,1010.026168

-2.245783,2.683753,10.035790,18.777058,0.075331,-0.346388,0.638976,7.540000,35.421613

-1.608707,1.270692,10.589040,18.782940,0.133687,-0.341592,0.789527,7.544000,35.421613

-0.344137,3.100487,9.199929,18.800587,0.142480,-0.360245,0.867068,7.536000,35.421613

-1.694928,3.957904,9.803473,18.794704,0.030033,-0.255525,1.008026,7.548000,35.421613

-0.562084,3.280113,8.926897,18.809410,0.186713,-0.213957,1.060519,7.540000,35.421613

-0.770451,0.346214,8.776011,18.809410,-0.033385,-0.244333,1.147120,7.544000,35.421613

-0.983607,3.031031,10.339958,18.815292,-0.074687,-0.122027,1.225993,7.548000,35.421613

-1.397946,2.734049,9.786709,18.809410,0.179785,-0.039157,1.230789,7.548000,35.421613

-0.883016,0.679122,8.409573,18.818233,0.020973,-0.096713,1.237983,7.556000,35.421613

0.302518,2.228699,8.716135,18.824116,0.092385,-0.015442,1.164706,7.556000,35.421613

-0.214806,1.814361,9.566367,18.821175,0.038560,0.023461,1.165506,7.552000,35.421613

-0.780031,2.542447,10.361513,18.821175,0.040158,0.063164,1.154314,7.564000,35.421613

-0.272286,2.221514,9.626243,18.806469,0.117699,0.161489,1.146587,7.564000,35.421613

-0.672255,0.789293,9.834609,18.815292,0.100912,0.176144,1.111414,7.560000,35.421613

-0.183671,2.657408,9.290939,18.829998,0.063607,0.268074,0.898510,7.564000,510.471247

0.891693,2.717283,7.106681,18.829998,0.077197,0.323765,0.785264,7.560000,510.471247

0.910853,2.602323,3.734494,18.853529,-0.012868,0.286193,0.734369,7.556000,180.960719

0.747992,-3.413967,14.495317,18.829998,-0.093872,0.232102,0.810844,7.556000,793.068666

1.684445,1.605994,15.525175,18.829998,0.025237,0.347480,0.711986,7.556000,793.068666

-0.825536,3.950719,8.131750,18.827057,0.092918,0.628864,0.501481,7.564000,2465.087815

-0.183671,5.145833,8.378437,18.821175,0.062008,0.494567,0.411417,7.560000,1615.571748

3.219652,2.753209,9.928015,18.835880,0.048419,0.430350,0.258201,7.560000,1219.339584

1.607804,0.954549,10.141171,18.832939,0.012446,0.614475,0.017319,7.564000,1219.339584

0.539625,3.739957,7.911408,18.832939,0.105708,0.683489,-0.176666,7.560000,1236.715317

-0.219596,1.112620,8.608358,18.824116,0.032697,0.503094,-0.333612,7.568000,2662.672870

0.367184,5.102723,8.960427,18.835880,0.173656,0.522013,-0.540121,7.568000,2525.616524

0.498910,2.619088,8.450288,18.829998,0.295163,0.374126,-0.791928,7.568000,2743.152726

1.143170,1.819151,8.433522,18.824116,-0.057633,0.221443,-0.853747,7.560000,879.964494

1.440153,2.664593,8.026369,18.821175,-0.092007,0.343749,-0.787131,7.560000,879.964494

2.982545,3.833362,11.513517,18.835880,-0.125581,0.425820,-0.782069,7.560000,879.964494

1.466498,3.222633,10.689631,18.818233,0.108373,0.387982,-0.788997,7.556000,879.964494

-0.574059,1.629945,7.030041,18.824116,0.017776,0.285661,-0.764482,7.564000,879.964494

-0.974027,-0.240566,11.161449,18.835880,-0.199391,0.212650,-0.785799,7.556000,879.964494

-0.660280,1.598809,10.921947,18.803528,-0.041379,0.305645,-0.812712,7.560000,879.964494

-0.875831,4.324342,7.331813,18.824116,0.054547,0.119388,-0.807649,7.556000,879.964494

-0.245941,-0.733940,9.757969,18.844706,0.011647,-0.057810,-0.816442,7.556000,879.964494

-1.570387,-0.463302,13.146921,18.865294,0.027901,0.053572,-0.850550,7.560000,879.964494

-1.615892,4.029754,10.201047,18.850588,0.192841,0.177477,-0.752491,7.564000,879.964494

-1.761989,3.179522,6.119933,18.844706,-0.003808,0.051174,-0.594746,7.564000,879.964494

-2.207462,0.679122,6.953400,18.850588,-0.055235,0.057835,-0.475637,7.564000,879.964494

-2.250573,1.871841,9.032277,18.847647,-0.214580,0.064763,-0.405024,7.552000,879.964494

0.479750,3.368729,11.812895,18.838821,0.059077,0.076488,-0.431404,7.560000,879.964494

-1.773964,2.875355,8.158095,18.853529,0.228281,0.036518,-0.374914,7.568000,879.964494

-1.656608,2.319710,7.458749,18.841763,0.065206,-0.071133,-0.420213,7.560000,879.964494

-1.079408,2.499337,9.106524,18.832939,-0.065361,0.001079,-0.335744,7.564000,879.964494

-0.715365,2.568792,10.897998,18.859411,-0.003275,0.029057,-0.245680,7.564000,879.964494

-0.353717,4.891962,9.875324,18.868235,0.186713,0.064497,-0.207309,7.564000,879.964494

-0.404013,-0.271701,8.447892,18.856470,0.184048,-0.112967,-0.180663,7.564000,879.964494

-3.381022,-0.396242,8.565248,18.844706,0.035096,-0.015975,-0.206243,7.568000,879.964494

-0.665070,3.306458,10.028605,18.832939,0.088921,-0.177451,-0.308298,7.572000,23.092992

1.183886,1.720955,8.002419,18.850588,0.071335,-0.100444,-0.217435,7.564000,23.092992

-0.346532,-2.400873,9.628637,18.832939,-0.235097,-0.067935,-0.196651,7.568000,23.092992

-3.158285,3.675291,11.784155,18.856470,-0.052304,0.200393,-0.138295,7.564000,23.092992

-0.794401,3.744747,8.893367,18.853529,0.123828,0.125783,-0.151352,7.564000,130.857752

-0.157326,2.240674,8.344907,18.859411,0.084125,-0.006649,-0.153484,7.568000,1646.997952

-0.806376,2.231094,8.907737,18.832939,-0.087211,0.050641,-0.067150,7.572000,1646.997952

-2.049391,3.299273,9.870534,18.844706,-0.031520,0.146301,-0.030645,7.576000,2620.464249

-2.593060,2.544842,9.803473,18.847647,0.026835,0.017599,-0.113248,7.576000,2620.464249

-2.202672,2.247860,10.620175,18.827057,0.111570,-0.103108,-0.192654,7.572000,2464.212958

-1.227899,1.107830,9.619058,18.844706,-0.051238,0.120187,-0.154816,7.572000,2464.212958

-2.710416,3.572305,9.702883,18.856470,-0.145832,0.045578,-0.164675,7.572000,1637.287971

-1.608707,0.046837,9.113708,18.829998,-0.107195,-0.117764,-0.307765,7.576000,2714.198539

-1.802704,0.343819,10.850098,18.844706,-0.165284,-0.104973,-0.539588,7.576000,2344.392927

-0.605194,4.240516,9.765154,18.859411,0.041757,0.026926,-0.695735,7.576000,1059.179193

1.016234,2.901700,8.886181,18.865294,0.078529,-0.090851,-0.753291,7.576000,2748.582603

-1.371600,2.166429,9.726833,18.853529,0.208296,-0.070333,-0.809248,7.576000,2457.235714

-0.782426,0.738997,7.350973,18.847647,0.081727,-0.153470,-0.752225,7.576000,1250.075585

-3.107990,0.774923,9.049043,18.841763,-0.013667,-0.027433,-0.681346,7.580000,1632.475833

-1.259035,2.408326,10.500424,18.856470,-0.014733,-0.033828,-0.531061,7.584000,883.435530

-3.012189,0.966524,9.504096,18.838821,0.050817,-0.189975,-0.407955,7.584000,430.835843

-0.152535,1.888607,8.740085,18.844706,-0.030188,-0.165460,-0.207576,7.580000,317.870139

-0.116610,4.415352,11.451247,18.841763,0.094250,-0.123093,-0.031977,7.588000,317.870139

-0.327372,3.905213,9.072993,18.865294,0.300226,-0.093516,0.196648,7.592000,1846.766865

0.029486,2.568792,9.144843,18.838821,0.058011,-0.374101,0.276320,7.584000,321.960609

-1.079408,4.166270,8.862231,18.856470,0.223485,-0.143877,0.378908,7.584000,321.960609

-1.388366,1.926927,6.352250,18.856470,0.215491,-0.182514,0.355460,7.584000,321.960609

-1.584757,0.015701,8.914922,18.838821,-0.210316,-0.103108,0.262198,7.588000,321.960609

-1.766779,5.452396,8.704160,18.850588,-0.029388,0.089278,0.155613,7.584000,321.960609

0.774337,2.077813,9.472961,18.850588,-0.023526,0.046910,0.102320,7.584000,321.960609

-1.534462,0.983289,10.984219,18.853529,-0.076819,0.099936,-0.112715,7.588000,321.960609

-1.496141,2.494547,9.460986,18.847647,0.000189,0.127382,-0.217168,7.596000,321.960609

-1.388366,2.223909,8.833491,18.856470,0.034563,0.147633,-0.337876,7.584000,321.960609

-0.789611,1.103040,9.166399,18.853529,-0.166350,0.135909,-0.331747,7.588000,321.960609

-0.214806,3.090906,10.634545,18.850588,-0.066693,0.111394,-0.424476,7.588000,321.960609

0.882113,2.281390,10.402228,18.865294,0.189377,0.075688,-0.508412,7.592000,321.960609

0.474960,1.567674,9.377160,18.856470,-0.037649,-0.081791,-0.515340,7.592000,321.960609

0.024696,4.973392,8.835886,18.853529,0.137417,0.107664,-0.445260,7.588000,321.960609

-0.219596,0.521051,8.605964,18.859411,0.057212,-0.062606,-0.362923,7.588000,321.960609

-1.486561,1.673055,9.949570,18.859411,0.071867,0.069293,-0.322421,7.596000,321.960609

-2.552345,1.117410,9.628637,18.865294,0.081993,0.089278,-0.341873,7.592000,321.960609

-4.887489,2.501732,7.961703,18.859411,0.050018,0.073823,-0.333346,7.592000,321.960609

-2.300868,2.231094,9.525652,18.859411,-0.014999,-0.025035,-0.397030,7.592000,321.960609

-2.784662,2.956785,11.336287,18.847647,0.095583,-0.038891,-0.477502,7.600000,321.960609

-2.391879,2.614298,8.852651,18.865294,0.166728,-0.135617,-0.584087,7.600000,321.960609

-2.042206,1.706585,8.754455,18.868235,-0.003275,-0.297093,-0.543585,7.600000,321.960609

-1.333280,1.656290,9.805869,18.865294,-0.062963,-0.225414,-0.476703,7.600000,321.960609

-0.535739,1.076695,10.957873,18.865294,0.158201,-0.131886,-0.531327,7.600000,321.960609

1.114430,3.646551,10.414204,18.868235,0.150740,-0.337329,-0.609401,7.608000,321.960609

-0.322582,1.232371,9.209509,18.879999,0.270382,-0.224882,-0.648837,7.596000,21.509426

-0.439938,2.609508,11.537468,18.868235,0.198704,-0.203032,-0.593413,7.604000,21.509426

-0.181276,3.500455,7.959308,18.874117,0.377500,-0.144676,-0.626188,7.600000,21.509426

-0.871041,1.792806,7.377318,18.868235,0.136351,-0.361044,-0.587285,7.604000,21.509426

-1.457821,0.568951,8.711345,18.859411,0.119564,-0.316811,-0.469242,7.600000,21.509426

-3.819310,1.304222,9.575947,18.874117,0.073200,-0.262719,-0.427141,7.608000,21.509426

-1.225504,2.920860,10.258528,18.871176,0.224817,-0.309883,-0.395698,7.608000,21.509426

-0.983607,1.843101,8.613149,18.868235,0.219488,-0.403145,-0.271527,7.604000,21.509426

-0.478258,2.513707,10.452524,18.868235,0.154471,-0.452441,-0.096994,7.604000,21.509426

-0.001649,3.038216,10.442944,18.868235,0.170725,-0.341059,0.151083,7.608000,21.509426

-1.055458,4.606954,9.458591,18.879999,0.284505,-0.335463,0.190519,7.608000,21.509426

0.233063,3.368729,8.658654,18.874117,0.271981,-0.388756,0.340804,7.612000,21.509426

-1.215924,2.065838,9.113708,18.862352,0.095316,-0.297626,0.423141,7.608000,21.509426

-0.296237,2.647828,7.940148,18.882940,0.025769,-0.216355,0.449787,7.608000,21.509426

-0.121400,3.052586,9.997471,18.888823,0.058278,-0.192373,0.438329,7.612000,21.509426

-2.104476,2.192774,8.574828,18.882940,0.076131,-0.219819,0.382905,7.604000,21.509426

-3.297196,0.324659,8.931686,18.900587,-0.003541,-0.264851,0.318155,7.608000,21.509426

-2.662516,1.574859,10.198652,18.903528,-0.062963,-0.168658,0.252339,7.604000,21.509426

-1.541647,1.622760,8.809541,18.891764,0.056146,-0.072199,0.260332,7.608000,21.509426

-0.066315,0.367769,9.513677,18.882940,-0.009404,-0.118297,0.224094,7.604000,21.509426

0.724042,1.914952,8.126960,18.894705,0.148076,0.001345,0.316556,7.608000,21.509426

-1.196764,1.510194,7.068361,18.888823,0.151007,0.047976,0.308029,7.604000,21.509426

0.067806,0.140242,8.919712,18.882940,-0.054702,0.004809,0.378642,7.600000,21.509426

-0.962052,2.849010,10.155541,18.900587,-0.076286,0.040782,0.310161,7.612000,21.798943

-1.096173,3.004686,8.871811,18.909410,0.085723,0.034919,0.212369,7.604000,21.798943

-0.739315,1.146151,7.245593,18.921175,0.020973,-0.009047,0.120440,7.608000,21.798943

-2.128427,1.742511,10.682446,18.885881,-0.252684,-0.007715,0.001597,7.612000,21.798943

-1.163234,5.773329,9.044252,18.915293,0.045754,0.152696,-0.079407,7.612000,21.798943

0.321678,1.390443,8.162886,18.909410,0.125160,-0.008514,-0.160145,7.612000,21.798943

-1.292565,0.463570,10.361513,18.912352,-0.175410,-0.047950,-0.240084,7.608000,21.798943

-1.826654,3.926768,10.589040,18.906469,0.018042,0.119921,-0.225429,7.612000,21.798943

-0.557294,3.248978,8.670630,18.932940,0.023105,-0.000520,-0.292844,7.616000,21.798943

-0.372877,2.587952,8.862231,18.918234,0.007650,-0.027433,-0.318690,7.616000,21.798943

0.747992,1.526959,8.965217,18.909410,-0.088809,-0.044753,-0.341873,7.612000,21.798943

0.434244,2.161639,10.845307,18.912352,-0.054702,0.034919,-0.378911,7.616000,21.798943

-0.483048,3.488480,10.260922,18.909410,0.105442,0.142837,-0.405824,7.616000,21.798943

-0.547714,0.760553,8.435918,18.924116,0.051350,0.006941,-0.460182,7.612000,21.798943

-1.393156,2.037098,9.266990,18.909410,-0.064028,-0.040490,-0.519603,7.616000,21.798943

-1.474586,2.257440,10.126801,18.915293,0.054547,-0.062073,-0.503882,7.612000,21.798943

0.216298,1.589229,8.890971,18.927057,0.154471,-0.159598,-0.451922,7.612000,21.798943

-1.247059,2.111343,8.285031,18.929998,-0.003541,-0.118030,-0.309897,7.612000,21.798943

-1.972750,1.629945,9.441826,18.932940,0.075331,-0.088453,-0.191055,7.616000,21.798943

-1.673373,3.215447,11.027328,18.921175,0.007384,-0.159332,-0.077009,7.612000,21.798943

-0.518973,2.999896,9.666958,18.929998,0.165129,-0.006649,-0.023716,7.616000,21.798943

-1.287775,1.450318,9.887300,18.932940,-0.020595,-0.113500,-0.022917,7.616000,21.798943

-1.740433,3.854918,9.087363,18.924116,0.202701,-0.112701,0.010924,7.616000,21.798943

-0.988397,0.545001,9.056228,18.953527,0.120097,-0.150006,0.007993,7.612000,21.798943

-1.563202,2.247860,10.428574,18.918234,-0.042445,-0.114300,-0.006130,7.612000,21.702592

-1.476981,2.643038,9.008327,18.929998,0.100379,-0.085788,0.065815,7.616000,21.702592

-2.197882,2.386771,7.008485,18.962351,-0.128246,-0.102309,0.099922,7.612000,21.702592

-1.007557,0.758158,12.696657,18.927057,-0.098402,-0.170523,0.160676,7.620000,21.702592

-1.213529,1.910162,10.766272,18.927057,-0.077352,0.040782,0.181993,7.616000,21.702592

-1.306935,3.656131,9.092153,18.947645,0.031632,0.098071,0.190253,7.616000,21.702592

0.022301,2.662198,8.251501,18.941763,0.056413,0.031988,0.208372,7.612000,21.702592

0.103732,-0.283676,10.886023,18.962351,-0.040313,-0.008514,0.197980,7.620000,21.702592

-0.602799,3.234608,7.885063,18.953527,0.015111,0.156160,0.140424,7.616000,21.702592

-0.233966,1.926927,7.726991,18.944704,-0.088276,0.117256,0.111114,7.620000,21.702592

-0.071105,3.404654,9.848979,18.938822,-0.060298,0.062099,-0.023983,7.616000,21.702592

-0.164511,4.982972,10.589040,18.956469,0.181117,0.209985,-0.133233,7.616000,21.702592

-0.720155,1.646710,9.063413,18.938822,0.094783,0.004809,-0.210773,7.616000,21.702592

-1.795519,1.845496,10.198652,18.938822,-0.122650,-0.018906,-0.244614,7.616000,21.702592

-0.198041,5.648787,11.132710,18.944704,0.133154,0.068760,-0.290445,7.620000,21.702592

-1.599127,3.898028,6.936635,18.938822,0.311950,-0.072998,-0.340007,7.624000,21.702592

-3.392997,0.659962,7.008485,18.944704,-0.139704,-0.195304,-0.276323,7.628000,21.702592

-2.161957,2.513707,6.091193,18.935881,-0.115189,-0.055678,-0.235288,7.620000,21.702592

-2.334398,-1.047687,12.981665,18.924116,0.018841,0.057569,-0.204911,7.620000,21.702592

-0.392037,1.280272,12.648757,18.929998,-0.092007,-0.029565,-0.302969,7.620000,21.702592

-0.284262,3.804622,10.165122,18.935881,0.114768,0.009339,-0.243814,7.620000,21.702592

0.920433,2.779554,6.661208,18.950586,0.209895,-0.058342,-0.241683,7.620000,21.702592

-1.864974,-1.121933,10.466894,18.941763,-0.061897,-0.055145,-0.342139,7.624000,21.702592

-2.343978,3.514825,10.529164,18.929998,-0.064028,0.024527,-0.325885,7.620000,21.702592

-0.744105,3.596256,6.910290,18.932940,0.131821,-0.043954,-0.345337,7.624000,21.584251

-0.897387,1.888607,8.615544,18.950586,0.131555,-0.122293,-0.314960,7.624000,21.584251

-0.504603,-0.295651,9.312495,18.941763,-0.030454,-0.143877,-0.268596,7.624000,21.584251

0.194742,2.942415,10.572275,18.935881,-0.112258,-0.088186,-0.242749,7.616000,21.584251

0.645006,4.571029,10.325588,18.929998,0.129956,0.029857,-0.160412,7.628000,21.584251

0.120497,2.827454,7.106681,18.932940,0.131555,-0.032496,-0.167873,7.620000,21.584251

-1.235084,-0.149555,9.434641,18.932940,-0.143434,-0.099378,-0.144957,7.632000,21.584251

-1.249454,6.930123,11.329102,18.935881,-0.136773,0.014402,-0.154816,7.628000,21.584251

0.685721,3.510035,7.592870,18.944704,0.275978,0.090610,-0.199315,7.632000,21.584251

-1.601522,-1.143488,8.593988,18.962351,-0.183670,-0.090584,-0.284583,7.624000,21.584251

-0.803981,1.373677,8.984377,18.959410,-0.149030,-0.160398,-0.206510,7.624000,21.584251

-1.261430,3.984249,8.735295,18.977058,-0.016598,0.001345,-0.199315,7.628000,21.584251

-1.651818,0.820428,8.507768,18.991764,-0.044310,-0.047950,-0.155882,7.628000,21.584251

-1.060248,1.730535,7.549760,18.962351,-0.136773,-0.157733,-0.095128,7.620000,21.584251

-2.161957,-0.360317,10.301638,18.971176,0.087322,0.072491,-0.067150,7.620000,21.584251

-1.213529,-0.178295,10.668076,18.977058,-0.074154,0.073823,0.032774,7.624000,21.584251

-0.787216,3.632181,10.593830,18.982941,0.018575,0.053305,0.151083,7.628000,21.584251

0.096547,5.121883,6.450446,19.006470,0.217622,0.006141,0.147086,7.624000,21.584251

-2.001491,0.362979,10.636941,18.977058,0.132354,-0.060208,0.160676,7.624000,21.584251

-1.165629,2.156849,11.312336,19.000587,-0.130644,-0.213424,0.106584,7.632000,21.584251

-2.351163,5.627233,11.214140,18.997646,-0.036849,0.003210,0.181193,7.628000,21.584251

-1.802704,3.615416,9.204719,19.003529,0.343659,-0.099644,0.130299,7.628000,21.584251

-2.123636,0.391720,8.943662,19.021175,0.023638,-0.260321,0.095126,7.632000,21.584251

-3.404972,2.901700,9.973520,18.997646,0.004985,-0.105506,0.093793,7.636000,21.584251

-0.674650,2.312525,8.773615,19.006470,0.152339,-0.088453,0.094060,7.636000,21.698827

-0.564479,0.715047,8.536509,19.006470,-0.032586,-0.261387,0.074342,7.636000,21.698827

-0.497418,4.820111,10.481264,19.015293,0.247733,0.088212,-0.018121,7.640000,21.698827

-2.892438,2.817874,13.386423,19.032940,-0.088276,0.038916,-0.124439,7.628000,21.698827

-0.210016,3.598651,8.962822,19.059410,0.170192,-0.017574,-0.214237,7.632000,21.698827

0.506095,1.402418,9.858560,19.059410,-0.030987,-0.169990,-0.189989,7.632000,21.698827

-1.417106,2.187984,10.984219,19.059410,0.255993,-0.058609,-0.205444,7.636000,21.698827

0.922828,3.383099,8.390412,19.065292,0.385227,-0.177984,-0.106320,7.640000,21.698827

-1.005162,4.515944,5.430168,19.056469,-0.179140,-0.134551,0.085000,7.636000,21.698827

-1.407526,4.252491,7.374924,19.053528,-0.056834,-0.020771,0.023980,7.636000,21.698827

-1.965565,0.604876,10.866862,19.074116,-0.085345,-0.022903,-0.035441,7.636000,21.698827

1.250946,1.665870,9.652588,19.068233,-0.222574,-0.089252,-0.104188,7.636000,21.698827

0.704881,2.245465,8.392807,19.068233,0.086256,0.004010,-0.133233,7.636000,21.698827

-1.912875,-1.620097,6.953400,19.085880,0.007117,-0.068735,-0.113514,7.640000,21.698827

-1.417106,3.282508,10.629756,19.082939,-0.161820,-0.168924,0.061019,7.636000,21.698827

-0.842301,2.863380,9.300520,19.085880,0.177920,0.005875,0.122571,7.644000,21.698827

-1.271010,2.983131,9.458591,19.091763,0.115301,-0.059408,0.215567,7.640000,21.896395

-2.526000,0.334239,7.928173,19.091763,0.090520,-0.067402,0.294440,7.644000,21.896395

-1.991910,2.116133,11.242881,19.112352,-0.173544,-0.142012,0.487359,7.640000,21.896395

-0.890202,3.454949,11.384187,19.094706,-0.055235,0.052772,0.599806,7.636000,21.896395

-0.689020,3.316038,8.924501,19.118235,0.251463,0.133244,0.589947,7.636000,21.896395

-4.521051,-2.249987,8.706554,19.103529,-0.247621,-0.232609,0.568363,7.632000,21.896395

-1.333280,3.229818,11.032119,19.103529,-0.158090,-0.076462,0.616326,7.640000,21.896395

1.258131,3.457345,8.047924,19.112352,0.094517,0.043446,0.563833,7.640000,21.896395

-1.963170,3.026241,7.540180,19.127058,-0.025391,0.126316,0.438596,7.636000,21.896395

-1.735643,3.541170,9.195139,19.118235,0.080927,0.007207,0.374911,7.640000,21.896395

-0.657885,4.269256,10.224998,19.127058,0.129956,0.067428,0.288844,7.644000,21.896395

-1.108148,3.069351,9.001143,19.118235,0.226682,0.047443,0.205441,7.652000,21.896395

-1.965565,2.779554,9.307705,19.138823,-0.044310,-0.072199,0.172666,7.648000,21.896395

-1.488956,1.850286,10.605805,19.118235,-0.003009,-0.062073,0.183058,7.652000,21.896395

0.175582,2.472991,10.739926,19.124117,-0.026457,-0.052214,0.203576,7.640000,21.896395

1.277291,1.577254,9.599897,19.115294,0.073466,0.076221,0.188921,7.644000,21.896395

-0.959657,-0.041779,9.894485,19.124117,-0.026724,0.053305,0.146819,7.648000,21.896395

-1.405131,3.763907,8.869416,19.138823,-0.038981,0.114059,0.111380,7.644000,21.896395

-0.564479,0.806058,9.319680,19.141764,0.026569,-0.003185,0.061552,7.644000,21.896395

0.036671,2.884935,9.326865,19.147646,-0.033652,0.012270,-0.023184,7.648000,21.896395

0.017511,3.213053,9.729228,19.159410,-0.015266,0.046644,-0.135631,7.640000,21.896395

-0.044760,3.680081,8.021579,19.138823,0.091852,0.045045,-0.073279,7.648000,21.896395

-0.190856,2.080208,9.278965,19.138823,0.014045,-0.002385,-0.083937,7.652000,21.896395

0.939593,1.967642,10.694421,19.141764,-0.027790,0.018932,0.006660,7.652000,21.896395

1.540743,4.571029,8.967612,19.147646,0.023904,0.064497,0.092728,7.644000,22.099210

1.164725,3.502850,7.695856,19.153528,0.195506,0.122053,0.096725,7.648000,22.099210

0.551600,1.222791,8.275451,19.144705,-0.076019,0.010938,0.140691,7.652000,22.099210

-0.751290,2.789134,10.608200,19.156469,-0.272136,0.101801,0.180660,7.652000,22.099210

0.556390,4.889566,10.826147,19.159410,0.025769,0.218778,0.150284,7.648000,22.099210

0.714462,2.475386,9.183164,19.159410,0.083325,0.141771,0.108449,7.648000,22.099210

-0.334557,2.228699,8.632309,19.147646,-0.007272,0.224108,0.099389,7.648000,22.099210

-0.990792,1.301827,9.460986,19.144705,-0.121584,0.163887,0.058087,7.652000,22.099210

-0.463888,2.628668,10.617781,19.135881,-0.111725,0.201725,0.017852,7.656000,22.099210

-0.363297,2.506522,9.429851,19.135881,0.111837,0.305379,-0.069548,7.656000,22.099210

-0.267496,0.281549,8.361671,19.141764,-0.034984,0.170282,-0.082072,7.652000,22.099210

-0.130980,3.536380,8.091035,19.147646,-0.114123,0.196929,-0.055159,7.656000,22.099210

0.125287,2.417906,9.197534,19.135881,-0.034185,0.281664,-0.094063,7.652000,22.099210

0.515675,1.661080,9.734018,19.135881,-0.018197,0.236099,-0.142825,7.652000,22.099210

-1.548832,2.168824,9.717253,19.127058,-0.004874,0.171615,-0.354396,7.656000,22.099210

-2.660121,2.049073,8.265871,19.144705,-0.096537,0.112993,-0.383974,7.648000,22.099210

-2.070946,2.837034,8.929292,19.138823,0.010048,0.116990,-0.428473,7.656000,22.099210

-1.718878,2.425091,8.859837,19.138823,0.082792,0.074356,-0.395165,7.656000,22.099210

-2.782267,0.758158,9.087363,19.124117,-0.107195,-0.058076,-0.342139,7.664000,22.099210

-2.446964,4.072865,10.526770,19.127058,-0.062163,-0.001586,-0.208375,7.660000,22.099210

-1.819469,2.262230,10.066926,19.124117,0.097981,-0.050082,-0.092197,7.660000,22.099210

-1.414711,0.583321,9.425060,19.124117,0.026036,-0.075396,-0.070081,7.660000,22.099210

0.247433,0.774923,10.114826,19.115294,-0.109327,-0.126290,-0.025315,7.656000,22.545095

-0.138165,4.432117,10.402228,19.118235,0.059610,0.002411,-0.024782,7.652000,22.545095

-0.801586,1.730535,8.416758,19.124117,0.214958,-0.017041,-0.103389,7.656000,22.545095

-0.700995,0.310289,8.567643,19.124117,0.044688,-0.155335,-0.243548,7.664000,22.545095

0.063016,0.964129,7.997629,19.106470,0.012180,-0.059675,-0.397830,7.656000,22.545095

-0.509393,1.172496,9.278965,19.127058,-0.084546,-0.126024,-0.442862,7.660000,22.545095

-0.935707,2.290970,10.081296,19.135881,-0.004074,-0.126290,-0.474305,7.664000,22.545095

-0.152535,2.791529,10.749507,19.121176,0.110771,-0.112168,-0.453521,7.660000,22.545095

0.223483,2.391561,9.398716,19.124117,0.024437,-0.104973,-0.437266,7.656000,22.545095

-0.868646,3.957904,9.841794,19.103529,0.044955,0.000546,-0.346936,7.664000,22.545095

-0.353717,3.428604,9.374765,19.118235,0.101178,0.018665,-0.252608,7.660000,22.545095

-0.212411,3.229818,9.635822,19.091763,-0.089342,-0.001586,-0.142026,7.664000,22.545095

0.395924,3.557935,9.401111,19.118235,-0.060031,-0.018373,-0.075410,7.664000,22.545095

-0.495023,3.014266,9.587922,19.097647,0.054014,0.014668,-0.126837,7.664000,22.545095

-0.351322,2.231094,9.808264,19.100588,0.040958,0.007207,-0.206776,7.664000,22.545095

-1.273405,0.830008,8.974797,19.068233,0.005785,0.022929,-0.220632,7.668000,22.545095

-1.548832,2.324500,8.529324,19.088821,-0.056834,0.015468,-0.204112,7.664000,22.545095

-0.214806,3.306458,8.476633,19.088821,0.034563,-0.015176,-0.186259,7.668000,22.545095

1.126405,2.159244,9.575947,19.085880,0.009782,-0.092183,-0.271527,7.664000,22.545095

-0.880621,1.347332,10.071716,19.088821,-0.070956,-0.053546,-0.204911,7.668000,22.545095

-0.514183,4.463253,9.393926,19.097647,0.077996,0.030656,-0.028779,7.664000,22.545095

-0.224386,3.464530,9.116103,19.094706,0.099846,0.066895,0.080737,7.660000,22.545095

-0.825536,0.504285,9.719648,19.094706,-0.015799,0.038650,0.126835,7.664000,22.545095

-1.381181,2.853800,10.430969,19.100588,-0.070690,0.059700,0.131098,7.664000,22.545095

-2.389484,3.866893,10.574670,19.100588,-0.030188,0.059434,0.057555,7.664000,22.744507

-1.445846,3.615416,10.074111,19.103529,0.153671,0.027192,0.044764,7.664000,22.744507

-1.136889,1.383258,8.641890,19.109411,0.104642,-0.121494,-0.051695,7.668000,22.744507

-3.510353,1.325777,9.664562,19.115294,-0.092540,-0.091384,-0.106320,7.660000,22.744507

-2.696046,4.453673,10.248947,19.103529,-0.113857,-0.045019,-0.060222,7.664000,22.744507

-1.170419,4.453673,9.913645,19.109411,0.113436,-0.104707,-0.044501,7.672000,22.744507

-0.950077,1.553304,8.550879,19.124117,0.088388,-0.204897,-0.006130,7.668000,22.744507

-1.960775,0.200118,9.779524,19.109411,-0.078950,-0.222483,0.009058,7.672000,22.744507

-1.338070,2.010753,10.414204,19.132940,-0.009937,-0.104441,0.025579,7.664000,22.744507

-0.847091,2.142479,9.326865,19.138823,0.174722,-0.078061,-0.005864,7.664000,22.744507

-1.740433,1.716165,8.895761,19.124117,0.071068,-0.106839,-0.067683,7.668000,22.744507

-1.611102,2.422696,9.252620,19.129999,-0.030454,-0.088719,-0.106320,7.664000,22.744507

-1.352440,3.684871,9.712463,19.141764,0.024171,-0.131886,-0.096994,7.664000,22.744507

-2.212252,2.724468,8.960427,19.147646,0.119298,-0.196370,-0.112715,7.668000,22.744507

0.206717,3.684871,9.207114,19.135881,0.102511,-0.217421,-0.000534,7.672000,22.744507

0.906063,3.514825,9.774734,19.150587,0.071867,-0.228346,0.041300,7.672000,22.744507

-1.290170,2.899305,9.255014,19.159410,0.099846,-0.110036,0.129766,7.676000,22.744507

-1.187184,1.577254,8.984377,19.159410,0.084125,-0.101243,0.112712,7.672000,22.744507

-1.704508,2.384376,9.734018,19.147646,-0.048307,-0.071399,0.137760,7.672000,22.744507

-0.152535,3.878868,10.184282,19.150587,0.016177,-0.046085,0.055689,7.676000,22.744507

1.389857,4.135135,10.083691,19.162352,-0.017664,-0.102309,-0.045566,7.672000,22.744507

0.930013,3.917188,8.881392,19.165293,0.201102,-0.063405,-0.025315,7.676000,23.037209

0.520465,0.686307,8.287426,19.179998,0.104642,-0.139347,-0.027713,7.676000,23.037209

-1.290170,2.041888,10.248947,19.185881,-0.139171,-0.068202,0.031441,7.676000,23.037209

-2.193092,3.524405,10.979428,19.191763,0.007916,0.054904,0.073009,7.680000,23.037209

-0.358507,4.297997,8.203601,19.179998,0.152339,-0.007981,0.102853,7.672000,23.037209

-1.524882,2.702913,9.434641,19.185881,0.025769,0.051440,0.225692,7.680000,23.037209

-0.763265,1.007240,9.906460,19.188822,0.079861,-0.045819,0.301901,7.680000,23.037209

-0.698600,0.022887,10.950688,19.203527,-0.107995,0.023994,0.337074,7.680000,23.037209

-0.660280,2.877750,10.921947,19.194704,0.003920,0.138307,0.341337,7.676000,23.037209

-1.733248,3.270533,9.226274,19.191763,-0.013134,0.118322,0.310161,7.672000,23.037209

-1.474586,1.826336,8.723320,19.209410,0.081460,0.038117,0.281916,7.672000,23.037209

-1.333280,3.445369,9.197534,19.185881,0.024171,0.019198,0.225426,7.672000,23.037209

-2.161957,3.675291,9.839399,19.197645,0.007384,0.059967,0.228357,7.672000,23.037209

-1.433871,4.305182,9.166399,19.203527,0.059877,0.022129,0.246476,7.680000,23.037209

-1.306935,2.743629,9.681328,19.212351,-0.006473,0.005875,0.291509,7.680000,23.037209

-2.511630,2.652618,9.300520,19.227058,0.025237,-0.050349,0.272057,7.676000,23.037209

-2.346373,2.001173,9.063413,19.206469,0.014844,-0.034361,0.235019,7.676000,23.037209

-1.481771,1.718560,8.622729,19.227058,0.103576,0.013069,0.220630,7.676000,23.037209

-0.432753,0.614456,8.452682,19.230000,-0.012601,0.040249,0.161741,7.676000,23.037209

0.518070,0.973709,8.663445,19.235882,0.036428,-0.031696,0.134029,7.672000,23.037209

0.884508,2.334080,9.410690,19.241764,0.015377,0.008007,0.060486,7.680000,23.037209

-0.988397,2.956785,9.769943,19.250587,0.178186,0.014668,-0.090066,7.684000,23.037209

-2.020651,2.295760,7.406059,19.262352,0.124361,-0.025035,-0.132167,7.676000,23.037209

-1.582362,1.148546,7.470724,19.256470,-0.112525,-0.041289,-0.148421,7.680000,23.184528

0.688116,3.804622,10.009445,19.256470,-0.175143,0.019465,-0.148687,7.680000,23.184528

1.277291,4.793766,10.680051,19.238823,0.047086,0.070092,-0.070614,7.680000,23.184528

1.945502,2.978341,8.890971,19.265293,0.129956,0.023195,-0.095395,7.684000,23.184528

1.545533,2.381981,8.534113,19.262352,-0.127180,-0.011179,-0.085003,7.680000,23.184528

-0.468678,3.744747,9.595107,19.262352,-0.030188,0.085281,-0.088467,7.684000,23.184528

-0.478258,2.032308,9.300520,19.271175,-0.045376,0.084215,-0.089799,7.688000,23.184528

0.594711,3.644156,9.681328,19.268234,-0.054436,0.154827,-0.131634,7.684000,23.184528

0.132472,2.889725,8.811935,19.271175,0.052416,0.202524,-0.106853,7.680000,23.184528

-0.861461,1.946087,9.061018,19.291763,-0.115189,0.135109,-0.050896,7.684000,23.184528

-1.829049,2.372401,10.184282,19.282940,-0.006473,0.206255,-0.013857,7.684000,23.184528

-1.958380,1.479059,9.698093,19.285881,-0.020861,0.151097,-0.045033,7.680000,23.184528

-1.546437,1.665870,9.439431,19.277058,-0.041379,0.148965,-0.081805,7.680000,23.184528

-1.139284,2.336475,9.626243,19.297646,-0.017397,0.195063,-0.123373,7.680000,23.184528

0.151632,2.451436,9.968730,19.279999,-0.014200,0.210518,-0.078608,7.688000,23.184528

1.068924,3.157967,8.665839,19.279999,0.013246,0.220910,-0.033842,7.684000,23.184528

1.044974,1.239557,10.105247,19.291763,-0.011002,0.280065,-0.085003,7.684000,23.184528

-1.637448,3.977064,7.094706,19.300587,0.120364,0.404503,-0.297906,7.684000,23.184528

-0.894992,0.961734,7.080336,19.315292,-0.088543,0.160690,-0.353331,7.680000,23.184528

-1.275800,2.046678,10.292058,19.309410,-0.192197,0.155094,-0.437000,7.680000,23.184528

-1.144074,3.529195,10.816567,19.315292,0.058278,0.191599,-0.532660,7.680000,23.184528

-2.334398,2.865775,9.702883,19.321175,0.168327,0.103667,-0.520669,7.684000,23.184528

-2.482889,1.574859,7.806027,19.303528,-0.059765,-0.097779,-0.474305,7.688000,23.369437

-2.478099,2.343660,10.009445,19.303528,-0.162353,-0.091117,-0.389037,7.684000,23.369437

-2.327213,2.537657,11.757810,19.297646,-0.012335,0.062898,-0.366121,7.684000,23.369437

-1.072223,2.310130,9.614267,19.321175,0.114501,0.011204,-0.374914,7.688000,23.369437

-0.897387,1.855076,8.917316,19.300587,0.079595,-0.099378,-0.314960,7.692000,23.369437

-0.784821,2.214329,9.774734,19.291763,0.077996,-0.104441,-0.368519,7.684000,23.369437

-2.025441,0.516261,10.423784,19.315292,0.024704,-0.101776,-0.427141,7.684000,23.369437

-2.293683,0.065997,9.037067,19.303528,0.067871,-0.174520,-0.469508,7.680000,23.369437

-1.292565,3.363939,8.661049,19.277058,-0.006206,-0.030364,-0.549447,7.684000,23.369437

-0.976422,3.986644,9.995075,19.309410,0.121429,-0.152404,-0.525732,7.684000,23.369437

0.915643,4.329132,8.855046,19.271175,0.235209,-0.228612,-0.470041,7.692000,23.369437

-0.207621,2.904095,8.893367,19.282940,0.160067,-0.271779,-0.362923,7.688000,23.369437

-0.849486,1.919742,9.444221,19.265293,0.157402,-0.218486,-0.242749,7.688000,23.369437

-1.711693,3.217843,8.840676,19.274117,0.095050,-0.255525,-0.105520,7.688000,23.369437

-1.486561,2.734049,9.118498,19.274117,0.141681,-0.184912,0.004529,7.696000,23.369437

-1.385971,3.359149,8.522139,19.268234,-0.087477,-0.197969,0.111380,7.688000,23.369437

-0.528554,3.610626,10.933923,19.274117,0.052949,-0.164395,0.192918,7.684000,23.369437

0.702486,2.451436,10.893208,19.271175,0.190710,-0.178784,0.132697,7.688000,23.369437

-0.902177,0.667147,10.907578,19.265293,-0.066960,-0.197969,0.185457,7.692000,23.369437

-0.516578,2.772369,9.259805,19.262352,-0.004341,-0.119096,0.309628,7.696000,23.369437

-1.359625,2.178404,8.328141,19.268234,0.244535,-0.046085,0.382905,7.692000,23.369437

-2.808612,0.384534,7.283913,19.285881,0.136618,-0.146808,0.323751,7.688000,23.369437

-2.696046,3.306458,9.072993,19.250587,-0.144767,-0.130820,0.296838,7.684000,23.483022

-1.364415,3.634576,9.403505,19.256470,-0.010736,0.109262,0.377043,7.692000,23.483022

-0.626749,1.431158,9.056228,19.247646,-0.055235,-0.028499,0.333077,7.688000,23.483022

-0.760870,2.975945,9.844189,19.247646,0.014578,0.104466,0.375711,7.692000,23.483022

-1.476981,2.461016,8.294611,19.247646,0.060410,0.096472,0.398893,7.688000,23.483022

-0.818351,1.670660,9.334050,19.259411,0.051083,0.055171,0.450587,7.692000,23.483022

-1.017138,2.408326,9.020303,19.271175,-0.087477,0.069826,0.548112,7.688000,23.483022

-1.771569,3.972274,8.946056,19.241764,0.055613,0.132178,0.597940,7.688000,23.483022

-1.920060,2.702913,9.180769,19.247646,0.065206,0.097005,0.528127,7.684000,23.483022

-3.512748,2.204749,9.825029,19.241764,-0.144500,0.121786,0.430069,7.688000,23.483022

-2.617011,2.518497,10.553115,19.253529,-0.161287,0.178543,0.267527,7.684000,23.483022

-1.958380,3.157967,9.939990,19.250587,-0.150895,0.184938,0.138293,7.684000,23.483022

-1.522487,2.652618,9.266990,19.256470,-0.056035,0.127648,-0.017055,7.684000,23.483022

-1.029113,1.388048,9.367580,19.250587,-0.089342,0.099936,-0.067150,7.680000,23.483022

-1.182394,1.261111,8.440707,19.238823,-0.198858,0.121520,-0.077808,7.688000,23.483022

-0.993187,2.374796,9.997471,19.259411,-0.074154,0.153762,-0.109251,7.688000,23.483022

-0.890202,2.319710,7.137816,19.268234,-0.017664,0.132978,-0.269395,7.680000,23.483022

-1.639843,0.422855,8.946056,19.271175,-0.017397,0.100469,-0.432736,7.684000,23.483022

-0.880621,2.523287,10.155541,19.282940,-0.164218,0.100736,-0.576360,7.688000,23.483022

1.176700,4.015384,8.079060,19.288822,0.048952,0.084215,-0.640844,7.688000,23.483022

-0.006439,2.942415,8.143725,19.291763,0.075598,0.060766,-0.726378,7.680000,23.483022

-0.897387,2.403536,8.241920,19.288822,0.023904,0.098337,-0.850283,7.688000,23.483022

-0.339347,2.616693,7.614426,19.294704,0.033230,-0.072731,-0.956069,7.692000,22.807904

0.187557,1.771251,7.875483,19.291763,-0.147165,-0.149739,-0.845753,7.688000,22.807904

0.630636,3.771092,7.585685,19.303528,-0.245756,-0.078327,-0.763416,7.684000,22.807904

0.142052,3.019056,11.460827,19.288822,-0.115456,-0.029032,-0.626188,7.684000,22.807904

0.036671,0.863538,13.144526,19.303528,0.053748,-0.018373,-0.641376,7.688000,22.807904

-0.990792,0.913834,10.598620,19.312351,0.022039,0.022396,-0.541187,7.692000,22.807904

-1.522487,3.105277,7.085126,19.309410,0.018575,-0.080992,-0.409821,7.696000,22.807904

-1.886530,3.366334,7.168952,19.321175,0.077197,-0.155601,-0.295775,7.692000,22.807904

-2.276918,1.201236,9.520862,19.318233,0.077996,-0.192107,-0.223563,7.692000,22.807904

-3.467242,2.144874,10.617781,19.309410,0.025503,-0.188909,-0.183594,7.692000,22.807904

0.273778,3.828573,9.528047,19.338821,0.148076,-0.234474,0.072210,7.700000,22.807904

-1.132098,1.249136,7.537785,19.329998,0.138217,-0.147075,0.353861,7.696000,22.807904

-1.103358,0.942574,9.065807,19.321175,0.058278,-0.142811,0.573692,7.696000,22.807904

-0.090265,1.974827,11.185400,19.324116,-0.009137,-0.130021,0.656829,7.692000,22.807904

-0.322582,3.256163,8.811935,19.324116,0.352985,-0.002652,0.662158,7.692000,22.807904

-1.005162,2.832244,6.986930,19.329998,0.278109,-0.056211,0.520133,7.692000,22.807904

-1.965565,4.427328,4.908053,19.332939,0.129157,0.023195,0.451120,7.700000,22.807904

-3.055299,1.055140,9.549602,19.335880,-0.200191,-0.009047,0.386103,7.696000,22.807904

-0.686625,6.084681,11.599738,19.341763,0.088388,0.091942,0.305631,7.696000,22.807904

-0.336952,3.002291,9.556787,19.344706,0.251996,-0.112168,0.012256,7.700000,22.807904

-0.827931,3.862103,7.355763,19.350588,0.268783,-0.197702,-0.193187,7.700000,22.807904

-1.752409,-0.884826,6.517507,19.344706,-0.056035,-0.286701,-0.244880,7.696000,22.807904

-2.667306,0.329449,10.512400,19.368235,-0.087744,-0.109237,-0.256072,7.696000,22.807904

-0.906967,0.521051,12.088323,19.350588,-0.136773,-0.071399,-0.201713,7.696000,23.310552

0.240248,3.742352,10.418994,19.359411,0.209096,0.074356,-0.217435,7.692000,23.310552

-0.068710,1.993988,6.819279,19.371176,0.032964,-0.023169,-0.301104,7.692000,23.310552

-3.136730,3.713611,10.687236,19.359411,-0.084546,0.035452,-0.304035,7.696000,23.310552

-1.582362,4.611744,8.759245,19.377058,0.340462,-0.126290,-0.455652,7.692000,23.310552

-1.156049,-0.436957,9.302915,19.359411,-0.048574,-0.426860,-0.578491,7.700000,23.310552

-0.085475,4.551868,9.274175,19.374117,0.207497,-0.189442,-0.489226,7.700000,23.310552

0.918038,3.028636,7.156977,19.374117,0.309818,-0.141212,-0.313095,7.700000,23.310552

-2.159562,2.616693,8.100615,19.374117,-0.106396,-0.226214,-0.250743,7.704000,23.310552

-0.578849,4.216566,9.367580,19.394705,0.015644,-0.116698,-0.000001,7.696000,23.310552

-0.432753,2.604717,9.621452,19.385881,-0.134907,-0.167859,0.072210,7.700000,23.310552

-1.247059,5.562567,9.640613,19.388823,0.189111,0.011204,0.155346,7.700000,23.310552

-1.328490,0.125872,9.223879,19.391764,0.030832,-0.026367,0.184391,7.700000,23.310552

-1.057853,1.862262,8.766430,19.374117,-0.230301,-0.071666,0.140424,7.704000,23.310552

0.225878,2.597533,10.715977,19.385881,0.074532,-0.063405,0.152149,7.704000,23.310552

-0.990792,1.735325,9.386741,19.391764,0.051616,0.001612,0.177463,7.696000,23.310552

-1.055458,1.704190,9.769943,19.403528,-0.082681,-0.164395,0.047429,7.696000,23.310552

-0.557294,3.931558,10.430969,19.406469,-0.035517,-0.163595,0.107117,7.692000,23.310552

0.865348,1.953272,9.422666,19.421175,0.068403,-0.073797,0.193184,7.700000,23.310552

-0.226781,3.783067,9.298124,19.409410,-0.151162,-0.006116,0.355993,7.696000,23.310552

1.837726,3.663316,9.791499,19.403528,0.438786,0.098071,0.459114,7.700000,23.310552

-0.392037,-2.247592,7.916198,19.418234,-0.071223,-0.068735,0.533190,7.700000,23.310552

-2.777477,3.409444,6.354645,19.432940,0.097714,0.103400,0.227824,7.696000,23.336291

-1.532067,1.107830,10.083691,19.400587,-0.076552,-0.083923,0.149751,7.700000,23.336291

-0.480653,2.118529,9.805869,19.418234,0.023371,0.033054,0.211570,7.700000,23.336291

-2.123636,1.838311,9.863349,19.409410,-0.101866,0.086347,0.169735,7.700000,23.336291

-2.854117,3.699241,10.042975,19.415293,-0.035250,0.111128,0.106584,7.700000,23.336291

-0.796796,4.657249,8.857441,19.447645,0.059344,0.061299,0.091928,7.700000,23.336291

0.611476,2.401141,8.867022,19.418234,0.226682,0.001612,0.132431,7.696000,23.336291

-2.272128,-0.482463,9.956755,19.427057,-0.175143,-0.018640,0.049294,7.700000,23.336291

0.106127,2.870565,9.803473,19.429998,-0.152494,0.083416,0.013588,7.700000,23.336291

-0.042365,2.834639,9.597502,19.444704,-0.069624,0.171881,-0.041836,7.700000,23.336291

-0.756080,2.401141,9.563972,19.438822,0.058811,0.165486,-0.193453,7.700000,23.336291

-1.601522,1.136571,9.619058,19.438822,-0.160221,0.058102,-0.324553,7.692000,23.336291

-1.649423,3.919583,10.617781,19.432940,0.160333,0.022396,-0.430072,7.692000,23.336291

-0.875831,2.587952,7.518625,19.444704,0.219754,-0.079127,-0.528396,7.700000,23.336291

0.142052,3.584280,7.801237,19.459410,-0.018197,-0.187310,-0.501217,7.696000,23.336291

0.290543,5.002132,10.325588,19.468235,0.162198,-0.019439,-0.340807,7.692000,23.336291

-0.210016,0.858748,8.114985,19.441763,0.144079,-0.053546,-0.241683,7.700000,23.336291

-1.333280,0.307894,9.319680,19.462351,-0.028056,-0.023969,-0.174801,7.700000,23.336291

-1.426686,5.790094,10.193862,19.453527,0.039892,0.162821,-0.062886,7.700000,23.336291

0.697697,4.614139,6.936635,19.477058,0.346057,-0.076462,-0.142559,7.696000,23.336291

-0.360902,0.521051,8.570039,19.462351,-0.192197,-0.114833,-0.082338,7.700000,23.336291

-0.289052,3.296878,9.875324,19.474117,-0.098935,0.010138,-0.095128,7.700000,23.336291

1.011444,2.999896,10.991404,19.456469,-0.067492,0.017066,-0.240883,7.700000,23.336291

0.695301,4.070470,9.801079,19.477058,0.005785,0.087146,-0.228626,7.692000,22.866910

-0.518973,1.313802,9.451406,19.471176,-0.020329,0.039716,-0.311496,7.692000,22.866910

0.460589,4.439303,10.203442,19.474117,0.017776,0.044512,-0.391968,7.688000,22.866910

0.101337,4.578214,9.978311,19.482941,0.167261,0.157492,-0.397830,7.696000,22.866910

-0.396827,1.720955,7.001300,19.485882,0.040958,0.058901,-0.441796,7.696000,22.866910

-1.541647,2.168824,8.651469,19.485882,-0.129045,-0.011712,-0.385839,7.696000,22.866910

-0.121400,3.792647,10.821357,19.482941,-0.036849,0.105798,-0.199049,7.692000,22.866910

-0.511788,-0.235776,10.294453,19.491764,0.018841,0.065563,-0.115913,7.696000,22.866910

-1.716483,2.008358,10.227392,19.485882,-0.058966,0.036518,-0.001334,7.696000,22.866910

-1.005162,5.291930,9.274175,19.506470,0.161665,-0.024235,0.074608,7.688000,22.866910

-0.990792,1.404813,8.457473,19.488823,0.071335,-0.114300,0.217965,7.696000,22.866910

-3.481613,3.926768,7.870693,19.506470,0.110771,-0.017041,0.361055,7.688000,22.866910

-1.915270,4.848851,8.826305,19.491764,0.055880,-0.050349,0.392231,7.692000,22.866910

-2.492470,0.947364,10.196257,19.509411,-0.020861,-0.119895,0.365852,7.688000,22.866910

-4.592902,2.736444,10.696816,19.518234,0.031099,-0.010912,0.256069,7.696000,22.866910

-4.612062,1.807176,9.547207,19.497646,0.090253,0.063697,0.138293,7.692000,22.866910

-2.116452,1.031190,7.726991,19.529999,-0.134108,-0.143877,-0.004798,7.696000,22.866910

1.888021,2.695728,9.813054,19.518234,-0.229768,-0.128422,-0.023450,7.688000,22.866910

2.350260,2.997501,10.998589,19.524117,0.016976,0.153495,-0.094596,7.688000,22.866910

1.078505,1.917347,8.208390,19.497646,0.176854,0.050641,-0.164675,7.684000,22.866910

-1.347650,-0.439352,9.872930,19.521175,-0.085612,-0.020505,-0.194252,7.688000,22.866910

-2.420619,4.118370,11.597343,19.518234,-0.160754,0.199860,-0.334412,7.688000,22.866910

-0.564479,4.721915,9.358000,19.518234,-0.005140,0.059967,-0.633383,7.688000,22.866910

-0.363297,1.747301,7.904223,19.535881,-0.144234,-0.104174,-0.870268,7.688000,22.126536

0.230668,4.348292,9.942385,19.535881,-0.005673,-0.085522,-0.830831,7.692000,22.126536

-1.383576,1.524564,10.129196,19.538822,0.106508,-0.015975,-0.772476,7.696000,22.126536

-1.544042,1.790411,8.831096,19.538822,0.038560,-0.076728,-0.822304,7.688000,22.126536

-0.693810,5.143438,8.459867,19.532940,0.012446,-0.123626,-0.744764,7.688000,22.126536

0.812657,2.748419,9.053833,19.538822,0.038293,-0.174254,-0.682678,7.696000,22.126536

1.650914,2.856194,11.709909,19.541763,-0.082148,-0.095381,-0.583554,7.700000,22.126536

-0.025599,5.062008,10.759087,19.544704,0.058278,-0.004251,-0.588350,7.700000,22.126536

2.220929,4.357872,9.429851,19.568233,0.129423,-0.141745,-0.536657,7.700000,22.126536

0.015116,2.832244,9.513677,19.535881,-0.085079,0.023461,-0.373582,7.696000,22.126536

-1.352440,1.031190,10.864468,19.547646,0.041757,-0.121494,-0.420213,7.692000,22.126536

-2.001491,2.118529,8.785590,19.538822,0.095583,-0.202232,-0.421811,7.700000,22.126536

-1.304540,-0.827345,8.876601,19.553528,0.049485,-0.198768,-0.491891,7.696000,22.126536

-2.336793,2.757999,9.863349,19.538822,-0.012868,-0.159865,-0.443661,7.692000,22.126536

-0.198041,2.504127,9.705278,19.562351,0.085191,-0.203831,-0.274458,7.692000,22.126536

-1.292565,1.941297,9.932805,19.547646,0.063607,-0.137215,-0.121242,7.700000,22.126536

-1.453031,0.600086,9.041858,19.556469,0.122495,-0.096447,0.126568,7.696000,22.126536

-1.417106,-0.611794,10.076506,19.538822,-0.048307,-0.091650,0.302700,7.692000,22.126536

-2.887648,1.067115,9.123288,19.521175,0.065206,-0.093249,0.293640,7.688000,22.126536

-3.426527,1.697005,9.365185,19.535881,-0.100800,-0.122560,0.301634,7.692000,22.126536

-2.708021,4.614139,9.942385,19.538822,0.124627,-0.043687,0.342403,7.692000,22.126536

-0.660280,1.186866,8.237131,19.535881,0.127292,-0.270980,0.319487,7.688000,22.126536

-1.872159,2.523287,9.595107,19.515293,-0.116255,-0.206496,0.244611,7.688000,22.126536

-3.479218,4.278836,9.096943,19.521175,0.086256,-0.014909,0.217965,7.692000,22.126536

-1.558412,2.698123,9.130473,19.524117,-0.030454,-0.214756,0.154547,7.688000,22.223104

-0.521369,2.197564,8.332932,19.518234,-0.036316,-0.223016,0.191852,7.688000,22.223104

0.654586,1.495824,9.367580,19.538822,-0.081615,-0.225681,0.120973,7.696000,22.223104

0.273778,2.537657,9.961545,19.535881,0.056413,-0.091917,0.164406,7.692000,22.223104

0.688116,1.280272,6.977350,19.515293,0.082792,-0.086321,0.179328,7.696000,22.223104

-1.563202,0.077972,9.034673,19.518234,0.023105,-0.041289,0.084734,7.692000,22.223104

-3.788175,2.647828,10.186677,19.544704,-0.001143,0.016800,-0.019453,7.688000,22.223104

-0.605194,1.007240,8.682605,19.541763,0.115034,-0.102042,-0.180663,7.696000,22.223104

-1.132098,2.516102,7.913803,19.535881,0.016710,-0.082324,-0.263799,7.692000,22.223104

-1.944010,1.400023,11.032119,19.524117,-0.092007,0.023728,-0.257937,7.688000,22.223104

0.065411,4.956627,9.489726,19.529999,0.149674,-0.007448,-0.263533,7.692000,22.223104

0.333654,2.820269,8.790380,19.529999,0.116900,-0.125225,-0.249144,7.688000,22.223104

0.786312,2.446646,7.465934,19.538822,0.126492,-0.204897,-0.169738,7.684000,22.223104

-1.009952,2.152059,8.098220,19.512352,-0.063229,-0.082324,-0.070081,7.688000,22.223104

-1.266220,2.762789,9.659773,19.527058,-0.058433,0.017599,-0.072479,7.692000,22.223104

-0.128585,3.311248,10.186677,19.524117,-0.105064,-0.110303,-0.201447,7.692000,22.223104

0.137262,5.387731,9.437036,19.529999,0.044688,-0.070866,-0.228093,7.696000,22.223104

2.050883,2.336475,8.019184,19.535881,0.046820,-0.033828,-0.261934,7.692000,22.223104

1.322797,1.016820,10.814172,19.527058,-0.092007,-0.029565,-0.347468,7.684000,22.223104

-0.437543,3.914793,10.603411,19.527058,0.171258,0.082616,-0.345603,7.696000,22.223104

-0.444728,1.917347,6.790539,19.532940,0.077730,-0.084722,-0.322154,7.680000,22.223104

-2.207462,0.255203,9.039463,19.521175,-0.137572,-0.070333,-0.239818,7.688000,22.223104

-3.290011,1.251532,12.320640,19.535881,-0.113058,0.034919,-0.183061,7.688000,22.223104

-0.198041,2.425091,9.386741,19.509411,0.153671,0.095939,-0.062354,7.688000,21.603661

-0.006439,1.989197,6.804909,19.518234,-0.118387,0.004010,0.104452,7.684000,21.603661

-1.917665,1.210816,10.052556,19.521175,-0.070690,0.037850,0.247542,7.680000,21.603661

-2.197882,2.417906,9.916039,19.532940,-0.017131,0.108463,0.279251,7.680000,21.603661

-0.878226,2.971155,8.414362,19.524117,0.048152,0.106065,0.317089,7.688000,21.603661

-1.591942,2.841825,7.794052,19.527058,-0.179673,0.111394,0.300835,7.684000,21.603661

-2.506840,4.908727,9.793894,19.506470,0.159267,0.232102,0.283515,7.692000,21.603661

-1.558412,1.347332,9.798684,19.491764,-0.110659,-0.029032,0.124970,7.684000,21.603661

-1.761989,5.114698,9.190349,19.491764,-0.122917,0.117789,0.078605,7.692000,21.603661

-2.411039,4.226146,10.260922,19.497646,0.109439,0.064763,0.029842,7.692000,21.603661

-0.789611,0.772528,8.091035,19.503529,-0.041379,-0.025568,0.047429,7.688000,21.603661

-3.560648,3.078931,9.817844,19.503529,-0.152760,-0.032762,0.062617,7.688000,21.603661

-0.720155,2.784344,8.840676,19.497646,-0.043777,-0.068735,-0.019187,7.688000,21.603661

0.031881,0.528236,9.386741,19.497646,-0.017131,-0.088719,-0.078075,7.688000,21.603661

-0.600404,2.063443,10.962664,19.482941,-0.179140,-0.030097,-0.103122,7.684000,21.603661

0.082176,4.149505,10.830937,19.488823,0.052682,0.035719,-0.231557,7.684000,21.603661

0.139657,2.451436,9.772339,19.488823,0.243736,0.117789,-0.467110,7.684000,21.603661

-1.623077,1.646710,6.500741,19.482941,0.015111,0.010938,-0.604338,7.684000,21.603661

-1.077013,2.894515,8.519743,19.459410,0.004985,-0.037292,-0.779138,7.688000,21.603661

0.151632,1.505404,8.304192,19.474117,-0.045643,-0.082058,-0.911836,7.688000,21.603661

0.860558,3.505245,9.372371,19.465292,-0.110393,-0.114300,-0.888654,7.684000,21.603661

1.325192,4.357872,11.000983,19.456469,0.003920,0.042380,-0.715986,7.692000,21.603661

0.700091,4.633299,10.474079,19.456469,0.041224,-0.030630,-0.623257,7.692000,21.603661

-1.376390,3.177127,7.815607,19.450586,0.096915,0.126582,-0.606470,7.692000,21.603661

-0.279472,3.320828,10.114826,19.456469,-0.149296,-0.002652,-0.638179,7.692000,21.603661

-0.533344,4.058495,9.848979,19.444704,-0.097336,0.100469,-0.638712,7.696000,21.551454

1.004259,4.460858,9.204719,19.438822,-0.060031,-0.000520,-0.779671,7.692000,21.551454

2.323915,3.898028,8.874207,19.456469,0.079062,-0.028232,-0.779404,7.700000,21.551454

-0.198041,1.526959,9.025092,19.441763,-0.113590,-0.053813,-0.688807,7.696000,21.551454

-0.262706,2.978341,9.973520,19.432940,0.000988,-0.080192,-0.574761,7.696000,21.551454

-0.909362,1.596414,9.216694,19.447645,0.023904,-0.142545,-0.616862,7.692000,21.551454

-1.539252,-0.880036,7.588080,19.438822,-0.020861,-0.058875,-0.543318,7.700000,21.551454

-1.831444,1.263507,8.919712,19.429998,0.067604,-0.199035,-0.567300,7.696000,21.551454

-2.046996,3.598651,11.341076,19.444704,-0.128512,-0.143877,-0.393566,7.700000,21.551454

-1.567992,2.595137,9.901670,19.435881,0.248799,0.018399,-0.189723,7.700000,21.551454

-1.033903,3.761512,7.667116,19.415293,0.181650,-0.146275,0.000265,7.704000,21.551454

-1.505722,1.081485,8.814330,19.424116,0.075065,-0.145209,0.098856,7.696000,21.551454

-2.983449,2.724468,9.080178,19.427057,0.133420,-0.028232,0.178795,7.704000,21.551454

-1.819469,-0.535153,8.608358,19.406469,0.014045,-0.133218,0.243279,7.700000,21.551454

-3.730695,1.194051,9.061018,19.409410,-0.053103,-0.175053,0.197447,7.696000,21.551454

-1.560807,3.692056,10.323193,19.421175,0.102244,-0.118297,0.237150,7.696000,35.248794

-3.155890,4.101605,7.283913,19.406469,0.218155,-0.079393,0.321885,7.700000,384.596025

-0.420778,2.470596,10.407019,19.406469,0.224550,-0.112434,0.345601,7.696000,903.144021

-4.200119,2.228699,9.633428,19.397646,-0.013401,-0.102575,0.296838,7.704000,464.378263

-5.455109,1.833521,7.133027,19.388823,0.123561,-0.042621,0.167071,7.700000,945.065013

-3.713929,-0.207035,11.084809,19.406469,-0.316635,-0.100710,0.085800,7.700000,792.118644

-0.696205,3.960299,11.084809,19.406469,0.004719,-0.021571,0.045297,7.700000,1942.347063

0.082176,4.381822,9.156818,19.385881,-0.018197,-0.050082,-0.243015,7.704000,2722.713616

0.961149,2.338870,10.373488,19.377058,0.074799,-0.074863,-0.365055,7.704000,2722.713616

-1.120123,2.075418,10.835728,19.379999,0.023904,-0.095914,-0.386372,7.708000,2722.713616

-0.078290,3.591465,8.572433,19.374117,0.114235,-0.106572,-0.510810,7.704000,2722.713616

0.645006,2.504127,8.215575,19.371176,0.183782,-0.145742,-0.485496,7.704000,2722.713616

-0.892597,1.891002,9.939990,19.377058,-0.025924,-0.104707,-0.509478,7.704000,2722.713616

-0.425568,2.614298,10.100456,19.371176,0.099313,-0.070067,-0.544917,7.700000,2722.713616

0.987494,2.386771,8.716135,19.350588,0.111570,-0.169457,-0.620859,7.704000,2722.713616

1.061739,2.585557,8.651469,19.365294,-0.081082,-0.115099,-0.522268,7.704000,2722.713616

-1.567992,5.217684,10.047766,19.347647,0.016443,0.032521,-0.428207,7.700000,2722.713616

0.206717,2.904095,6.656418,19.327057,0.177653,-0.036493,-0.405024,7.704000,2722.713616

-0.957262,-0.444142,9.393926,19.341763,-0.165817,-0.162263,-0.369318,7.696000,2722.713616

-1.455426,2.437066,11.103970,19.347647,-0.122384,0.069293,-0.279520,7.700000,2722.713616

-0.231571,2.911280,10.337564,19.338821,-0.028589,0.066362,-0.253940,7.700000,2722.713616

-0.121400,4.089630,9.757969,19.318233,0.088388,-0.004251,-0.143625,7.700000,2722.713616

-2.152377,3.677686,7.398874,19.327057,-0.004341,0.012270,-0.164942,7.700000,2722.713616

-0.631539,1.548514,9.726833,19.347647,0.050018,-0.130554,-0.172136,7.708000,2722.713616

-2.078131,1.426368,9.128078,19.344706,0.146477,-0.023969,-0.164409,7.708000,2722.713616

-0.679440,0.188143,9.748388,19.318233,-0.158623,-0.088986,-0.097793,7.704000,2722.713616

0.436639,5.785304,12.243999,19.315292,0.074266,0.046377,0.113512,7.708000,2722.713616

-0.339347,2.331685,9.041858,19.321175,0.291699,-0.016774,0.086865,7.704000,2722.713616

-2.027836,0.453990,10.157937,19.312351,0.084391,-0.085522,0.147086,7.708000,703.258520

-3.110384,3.100487,7.528205,19.306469,0.039359,-0.094581,0.171601,7.704000,2235.685000

-1.874555,4.472833,8.340117,19.303528,0.124361,-0.104707,0.160143,7.708000,1930.734072

-1.946405,2.928045,9.686118,19.291763,0.060942,-0.210759,0.158810,7.704000,1121.272537

-2.818192,1.855076,11.082415,19.303528,0.042823,0.028791,0.228091,7.712000,1954.650787

-1.745224,3.196287,10.335168,19.306469,0.037760,-0.028765,0.123904,7.712000,2768.309369

-1.728458,3.145992,9.825029,19.288822,0.160067,-0.044220,0.068746,7.708000,2009.528203

-2.219437,-0.230986,8.694579,19.288822,-0.145832,-0.109237,-0.122308,7.708000,1981.992559

-0.233966,2.326895,10.996194,19.279999,-0.113058,-0.110836,-0.154550,7.708000,1888.972944

1.744320,2.700518,11.671589,19.288822,0.044955,-0.023169,-0.184127,7.704000,2747.495018

0.166002,1.452713,8.929292,19.294704,0.051083,-0.015975,-0.328816,7.704000,919.470201

-0.123795,4.113580,8.273056,19.297646,0.074532,0.014402,-0.341340,7.696000,2554.892347

-1.158444,0.640802,8.476633,19.279999,0.078795,-0.083923,-0.352798,7.704000,2554.892347

-1.625473,1.637130,8.320956,19.288822,-0.155159,-0.170257,-0.471906,7.700000,2554.892347

-0.890202,4.796161,10.265713,19.297646,0.145678,-0.141479,-0.614997,7.704000,2554.892347

0.769547,5.476346,7.015671,19.297646,0.318612,-0.276575,-0.665625,7.704000,2554.892347

0.273778,0.568951,8.986773,19.268234,-0.066960,-0.321341,-0.529729,7.708000,2554.892347

-1.750014,4.113580,11.072834,19.268234,0.006584,-0.069001,-0.325086,7.708000,2554.892347

-2.035021,4.001014,11.003379,19.265293,0.037227,-0.023702,-0.371983,7.712000,2554.892347

-2.394274,3.320828,9.082573,19.268234,0.053215,-0.108704,-0.317358,7.712000,2554.892347

-0.032785,5.624837,10.605805,19.271175,0.069736,-0.228878,-0.154017,7.704000,2554.892347

0.345629,2.149664,8.184441,19.274117,0.183782,-0.173721,-0.046366,7.708000,2554.892347

-0.514183,2.032308,10.636941,19.268234,-0.064028,-0.118297,-0.071413,7.712000,2554.892347

0.501305,4.216566,9.061018,19.250587,0.099580,-0.004517,-0.007995,7.712000,2554.892347

-1.000372,2.228699,9.614267,19.253529,-0.056567,-0.121761,0.091928,7.708000,38.903866

-2.233808,2.113739,8.814330,19.256470,0.014578,-0.094315,0.133496,7.712000,38.903866

-1.259035,2.652618,11.113549,19.253529,-0.011269,-0.208361,0.121772,7.716000,158.579321

1.301241,4.772211,8.950847,19.265293,0.330869,-0.089785,0.200378,7.720000,1976.350589

-0.042365,0.499495,8.919712,19.268234,0.110238,-0.146542,0.395695,7.716000,2739.364716

-1.812284,0.509075,8.869416,19.253529,-0.063229,-0.009047,0.463643,7.716000,1854.164694

-2.109267,0.415670,10.665681,19.253529,0.030832,-0.100177,0.340005,7.708000,1157.732189

-1.635053,3.033426,9.590317,19.259411,0.117166,-0.057010,0.262464,7.704000,897.423867

-1.328490,2.767579,6.986930,19.235882,0.075864,-0.031963,0.261931,7.704000,2623.930412

-2.231412,2.034703,8.390412,19.247646,0.063074,-0.085255,0.311760,7.704000,2712.607736

-1.898505,2.305340,8.550879,19.250587,0.088921,-0.148140,0.331744,7.712000,683.324640

-3.790570,1.467083,9.690907,19.250587,-0.127447,-0.126290,0.393297,7.704000,2716.853833

-2.648146,3.514825,9.860954,19.253529,0.054814,-0.123892,0.413015,7.708000,947.709501

-2.085316,1.857471,9.015512,19.253529,0.146210,-0.187577,0.425273,7.704000,1978.603521

-2.149982,0.580926,7.707831,19.250587,-0.044044,-0.177984,0.467907,7.708000,1873.679578

-0.724945,1.821546,10.248947,19.241764,-0.232699,0.031189,0.518268,7.704000,2530.679634

-0.341742,4.202196,12.533796,19.244705,-0.115456,0.080484,0.483895,7.708000,2581.011141

1.066530,3.811807,9.616662,19.230000,0.125426,0.169749,0.362921,7.708000,2713.667989

1.198256,1.433553,7.909013,19.218235,0.123561,0.069027,0.173466,7.704000,2596.940150

-0.739315,0.985684,7.058781,19.241764,-0.015532,0.105265,-0.004531,7.700000,902.909150

1.277291,1.898187,9.025092,19.235882,0.020973,0.113526,-0.318424,7.704000,902.909150

0.089361,3.850127,8.629914,19.227058,-0.033119,0.104200,-0.511343,7.700000,274.163624

0.925223,4.786581,7.681486,19.224117,0.039892,0.105265,-0.654700,7.704000,274.163624

1.353932,4.271651,6.670788,19.230000,-0.040580,0.112460,-0.708525,7.708000,274.163624

0.968334,4.769815,8.407177,19.238823,-0.038448,0.167351,-0.652301,7.712000,274.163624

0.448614,4.741075,10.610596,19.227058,-0.065894,0.101002,-0.650436,7.704000,274.163624

1.612594,3.263348,11.355447,19.203527,0.050284,0.118322,-0.618727,7.712000,274.163624

0.817447,1.337752,8.459867,19.209410,-0.081082,0.106331,-0.567300,7.704000,274.163624

0.750387,1.493428,9.839399,19.235882,-0.126114,0.104466,-0.496421,7.708000,274.163624

-0.174091,2.587952,10.550720,19.218235,-0.082681,0.089544,-0.264865,7.708000,274.163624

-1.970355,1.713770,9.266990,19.232941,-0.129578,0.002944,-0.146556,7.700000,274.163624

-2.789452,2.137689,8.114985,19.206469,-0.036849,0.002944,-0.163876,7.700000,274.163624

-1.613497,3.727982,9.362790,19.212351,-0.037649,-0.056211,-0.148687,7.704000,274.163624

0.894088,2.635853,8.586803,19.221176,0.097181,-0.074330,-0.076210,7.700000,274.163624

1.416202,2.755604,8.505373,19.203527,-0.070690,-0.054079,0.037836,7.704000,668.166666

0.201927,2.307735,10.110036,19.224117,-0.068025,0.089278,0.138293,7.704000,668.166666

-1.251849,4.530313,9.008327,19.212351,0.074532,0.123918,0.132697,7.712000,668.166666

0.319283,2.681358,8.038344,19.194704,0.160333,0.056503,0.023714,7.708000,668.166666

0.053436,-0.525573,11.278806,19.191763,-0.125315,-0.094581,-0.015989,7.708000,668.166666

-3.256481,2.389166,10.845307,19.221176,0.068670,0.091409,-0.122841,7.712000,668.166666

-1.742828,2.391561,8.241920,19.191763,0.013779,0.009872,-0.270461,7.708000,668.166666

-2.480494,2.499337,9.583132,19.185881,-0.201790,0.138840,-0.288047,7.712000,668.166666

-3.014584,3.172337,10.799802,19.191763,-0.020062,0.150831,-0.201980,7.704000,68.198553

-2.549950,3.179522,9.884905,19.179998,-0.013933,-0.054346,-0.273658,7.712000,1992.801250

0.055831,-0.396242,7.899433,19.188822,0.046287,-0.152137,-0.467110,7.704000,768.915174

-0.997977,0.738997,9.700488,19.179998,-0.126114,-0.095114,-0.471906,7.704000,956.127537

-0.574059,2.209539,8.071875,19.168234,0.006851,-0.085788,-0.473505,7.708000,1755.479060

-1.663793,1.613179,9.245434,19.177057,0.123028,-0.142545,-0.381309,7.704000,2716.322223

-1.601522,2.700518,9.700488,19.156469,0.043889,-0.199035,-0.360525,7.704000,2746.408068

-2.423014,3.136412,10.330379,19.168234,0.204299,-0.243534,-0.340274,7.708000,1343.834242

0.271383,3.002291,9.094548,19.185881,0.076131,-0.229944,-0.262200,7.704000,933.376275

0.403109,2.374796,10.519585,19.165293,0.151273,-0.286967,-0.240350,7.708000,1805.700919

0.594711,2.779554,9.329260,19.156469,0.218155,-0.190241,-0.055692,7.704000,1061.202869

0.656981,2.317315,8.062294,19.171175,0.051350,-0.215289,0.024780,7.704000,1061.202869

0.462985,1.998778,9.331655,19.174116,-0.074687,-0.150272,0.119907,7.704000,1061.202869

-0.006439,4.992552,10.184282,19.185881,-0.017131,-0.123892,0.226492,7.704000,237.608467

0.436639,5.006922,10.280083,19.159410,0.184581,0.023994,0.228357,7.704000,237.608467

-1.096173,1.016820,7.058781,19.165293,0.031632,-0.038624,0.177196,7.700000,237.608467

-0.660280,1.479059,9.041858,19.156469,-0.107995,-0.098045,0.157212,7.712000,237.608467

-1.625473,2.729259,10.897998,19.165293,-0.095737,-0.004784,0.130032,7.708000,237.608467

-1.237479,1.184471,10.814172,19.159410,-0.149829,-0.102042,-0.005331,7.704000,237.608467

-1.364415,4.374637,11.633268,19.141764,0.024437,0.056503,0.081803,7.704000,237.608467

-0.126190,2.293365,11.048884,19.135881,0.176054,-0.054346,0.104452,7.708000,237.608467

-1.048273,1.888607,9.525652,19.147646,0.145411,-0.092983,0.085267,7.704000,237.608467

-1.632658,1.170101,9.389135,19.144705,0.059344,-0.105240,0.162807,7.704000,50.823670

-0.001649,2.451436,8.285031,19.168234,-0.046708,-0.052480,0.322951,7.700000,50.823670

-0.430358,2.884935,9.463381,19.141764,0.064939,0.038916,0.442859,7.700000,468.736127

-1.189579,1.565279,8.579618,19.147646,-0.001943,0.002411,0.480431,7.700000,1290.865451

-2.676886,2.422696,8.991562,19.135881,-0.019263,0.018132,0.483362,7.696000,871.623847

-1.544042,3.270533,9.149633,19.141764,0.029766,-0.022104,0.441261,7.696000,525.342016

-1.393156,2.152059,9.846584,19.135881,0.014844,0.078086,0.318421,7.704000,434.203852

-2.003886,3.426209,9.935200,19.135881,-0.088543,0.068494,0.198513,7.700000,1845.539438

-1.199159,2.199959,9.932805,19.138823,-0.068025,0.090876,0.134296,7.700000,480.080188

-2.875673,1.620364,11.285991,19.121176,-0.029921,0.041048,0.040235,7.692000,480.080188

-1.333280,2.604717,10.035790,19.127058,0.046021,-0.013577,-0.018920,7.700000,480.080188

0.498910,1.850286,9.166399,19.135881,-0.082148,-0.010113,-0.095661,7.692000,175.716741

0.633031,3.529195,9.662168,19.124117,0.069203,0.035186,-0.124173,7.688000,175.716741

-0.154930,1.819151,9.144843,19.124117,0.077730,0.051440,-0.154550,7.684000,175.716741

-0.377667,2.741234,10.560300,19.124117,0.014578,-0.000254,-0.336810,7.688000,186.818423

-0.978817,2.564002,8.943662,19.121176,0.107840,-0.030364,-0.421545,7.688000,186.818423

-0.566874,2.808294,8.134145,19.132940,0.113169,0.033054,-0.427141,7.688000,271.234288

-1.524882,0.468360,8.699369,19.129999,-0.018463,-0.007715,-0.477769,7.692000,271.234288

-0.947682,1.804781,9.346025,19.144705,-0.143967,0.000812,-0.435135,7.684000,271.234288

-0.691415,3.004686,10.019026,19.129999,-0.055235,0.003210,-0.430072,7.692000,271.234288

0.012721,2.458621,9.535232,19.135881,0.109172,-0.034361,-0.406623,7.684000,271.234288

-0.293842,1.421578,8.658654,19.121176,0.051883,-0.177451,-0.412219,7.692000,271.234288

-0.164511,2.077813,8.948452,19.150587,-0.122384,-0.192373,-0.339208,7.684000,271.234288

-1.223109,2.968760,9.561577,19.124117,-0.095205,-0.089785,-0.181196,7.684000,65.746724

-1.261430,4.065680,10.102851,19.127058,-0.048840,-0.019173,-0.088467,7.688000,65.746724

0.063016,2.185589,9.757969,19.129999,-0.004341,-0.021038,-0.070880,7.684000,65.746724

0.525255,3.239398,9.784313,19.127058,0.033230,-0.056744,-0.110850,7.692000,65.746724

0.182767,2.056258,8.232341,19.138823,0.076131,-0.025301,-0.068216,7.688000,65.746724

-0.813561,2.688543,9.772339,19.124117,-0.105330,0.005342,0.013055,7.688000,65.746724

-1.857789,1.891002,11.829660,19.135881,-0.057633,-0.031430,0.077806,7.688000,65.746724

-1.888925,3.031031,9.164003,19.124117,-0.003541,0.014935,0.189986,7.684000,65.746724

-1.932035,3.361544,7.521020,19.132940,0.067071,-0.039157,0.267527,7.680000,65.746724

-0.890202,1.443133,8.294611,19.121176,0.017776,-0.067402,0.402357,7.684000,65.746724

-0.966842,2.659803,8.931686,19.124117,-0.047774,0.034919,0.473236,7.680000,65.746724

-1.165629,1.615574,8.531718,19.118235,0.016443,0.077020,0.460979,7.676000,65.746724

-1.745224,1.361702,9.365185,19.106470,-0.090408,0.055703,0.463643,7.676000,65.746724

-2.549950,2.334080,9.719648,19.109411,-0.082947,0.069826,0.443392,7.676000,65.746724

-2.425409,1.174891,9.125683,19.094706,-0.062430,0.083149,0.369316,7.676000,65.746724

-3.124755,1.649105,9.180769,19.100588,-0.182604,0.046111,0.259800,7.676000,65.746724

-2.434989,3.754327,10.742321,19.100588,-0.229768,0.021330,0.087132,7.676000,65.746724

-0.461493,5.363780,10.720766,19.097647,-0.001943,0.020530,-0.101524,7.676000,65.746724

0.405504,0.944969,7.427614,19.094706,0.103843,-0.083390,-0.272592,7.672000,65.746724

-2.221832,0.465965,9.322075,19.088821,-0.296650,-0.035160,-0.387171,7.680000,65.746724

1.071320,3.948323,8.778405,19.106470,-0.218310,-0.008248,-0.370384,7.680000,65.746724

3.248392,2.286180,9.913645,19.100588,-0.051771,-0.047151,-0.460182,7.680000,65.746724

0.853373,1.083880,10.325588,19.097647,-0.105863,0.072757,-0.596344,7.672000,65.746724

-1.220714,1.591624,8.742480,19.074116,-0.086411,0.005342,-0.739168,7.676000,20.482915

-0.849486,2.880145,9.068203,19.077057,-0.026191,-0.037292,-0.783135,7.676000,20.482915

-0.269891,2.978341,8.835886,19.079998,-0.041912,-0.098578,-0.770078,7.676000,20.482915

-0.399222,3.792647,9.724438,19.077057,0.110505,-0.060474,-0.711190,7.684000,20.482915

0.403109,1.742511,8.970007,19.077057,0.075598,-0.222217,-0.626721,7.680000,20.482915

0.010326,2.379586,9.005932,19.065292,0.090786,-0.236872,-0.506014,7.684000,20.482915

-1.168024,2.051468,9.192744,19.068233,0.091586,-0.190508,-0.369052,7.680000,20.482915

-1.048273,2.614298,9.096943,19.085880,0.164063,-0.239271,-0.161744,7.684000,20.482915

-1.299750,1.888607,9.841794,19.071175,0.165129,-0.269381,-0.015989,7.680000,20.482915

-2.858907,2.899305,9.983100,19.068233,0.117699,-0.204897,0.039968,7.688000,20.482915

-0.672255,3.225028,7.932963,19.047646,0.080661,-0.255791,0.148951,7.680000,20.482915

-0.593219,1.253927,8.732900,19.077057,0.035895,-0.231277,0.198513,7.680000,20.482915

-0.669860,0.990474,9.664562,19.053528,-0.126914,-0.171856,0.254204,7.684000,20.482915

-0.653095,4.923097,11.650034,19.068233,0.024970,-0.115632,0.303233,7.684000,20.482915

0.884508,3.138807,8.479028,19.062351,0.215757,-0.135084,0.372780,7.684000,20.482915

-0.710575,1.282667,9.372371,19.065292,-0.050439,-0.158799,0.405555,7.680000,20.482915

-1.419501,2.602323,10.390254,19.056469,0.112636,-0.014110,0.454051,7.684000,20.482915

-1.091383,2.149664,9.008327,19.035881,0.128357,-0.009846,0.438596,7.680000,20.482915

-0.902177,1.435948,7.645561,19.053528,0.093717,-0.045552,0.395962,7.688000,20.482915

-0.392037,0.456385,10.002260,19.035881,-0.058966,-0.136150,0.374378,7.680000,20.482915

-0.899782,1.270692,9.410690,19.027058,-0.233232,-0.069800,0.387702,7.688000,20.482915

-0.619564,5.517062,9.575947,19.044704,-0.013401,0.086347,0.451386,7.684000,20.482915

0.082176,3.095696,7.990444,19.029999,0.204299,0.032521,0.429270,7.684000,20.482915

-1.723668,0.010911,9.070598,19.038822,-0.013933,-0.055678,0.333876,7.680000,20.482915

-2.583480,2.405931,8.831096,19.038822,-0.171146,0.045844,0.326149,7.688000,20.482915

-3.244506,3.119647,9.017907,19.006470,0.068137,0.041048,0.282449,7.684000,20.901329

-2.559530,0.636012,8.996352,19.027058,-0.032586,-0.095914,0.285114,7.684000,20.901329

-3.184630,2.626273,9.750783,19.027058,-0.053370,-0.118563,0.244078,7.680000,20.901329

-2.770292,2.142479,10.555510,19.009411,0.076397,-0.176385,0.268859,7.688000,20.901329

-1.857789,2.142479,8.632309,19.012352,0.014844,-0.261120,0.321885,7.684000,20.901329

-1.014742,0.576136,9.750783,19.027058,0.006851,-0.238738,0.467907,7.692000,20.901329

-1.201554,1.929322,10.835728,19.003529,-0.095737,-0.234474,0.437797,7.684000,20.901329

0.113312,1.495824,10.835728,19.018234,0.037227,-0.121761,0.381040,7.684000,20.901329

-0.241151,1.914952,7.784472,18.991764,0.102511,-0.136682,0.273922,7.684000,20.901329

-1.345255,1.225186,8.780800,18.988823,0.099580,-0.121228,0.114578,7.684000,20.901329

-0.763265,2.801109,9.470566,19.003529,0.064140,-0.236339,0.041300,7.688000,20.901329

-0.914152,2.760394,8.826305,18.991764,0.130756,-0.264584,-0.034375,7.684000,20.901329

-0.863856,2.372401,8.783195,18.994705,0.131022,-0.252327,0.121239,7.688000,20.901329

-0.454308,1.421578,9.398716,18.985882,0.072400,-0.258189,0.321619,7.692000,20.901329

-0.672255,1.301827,10.299243,18.985882,0.103843,-0.277108,0.479898,7.684000,20.901329

0.726437,4.245306,8.244316,18.950586,0.156070,-0.247797,0.672284,7.684000,20.901329

-1.048273,2.664593,9.614267,18.982941,0.188844,-0.192373,0.766078,7.688000,20.901329

-0.629144,1.706585,8.974797,18.980000,0.082792,-0.228346,0.757285,7.692000,20.901329

-1.781149,1.706585,9.937595,18.971176,-0.040580,-0.159332,0.745294,7.688000,20.901329

-0.332162,4.738680,9.690907,18.953527,0.014844,-0.016241,0.768476,7.696000,20.901329

1.634149,2.290970,10.078901,18.968235,0.125959,-0.022370,0.835892,7.692000,20.901329

0.678536,1.567674,9.101733,18.965292,0.080128,-0.012777,0.779135,7.692000,20.901329

-0.121400,2.329290,10.682446,18.953527,0.123828,0.093541,0.817506,7.700000,20.901329

1.179096,2.791529,8.752060,18.962351,0.146210,-0.091384,0.866801,7.692000,21.492013

-0.631539,1.115016,9.319680,18.959410,0.038027,0.005342,0.905438,7.696000,21.492013

-0.813561,0.020492,10.189072,18.968235,-0.027523,0.001345,1.057855,7.696000,21.492013

-0.221991,3.965089,9.896879,18.962351,0.101978,0.140705,1.206807,7.700000,21.492013

-0.497418,3.090906,9.882509,18.956469,0.222952,0.233434,1.310728,7.700000,21.492013

0.048646,2.221514,9.439431,18.971176,0.268250,0.216114,1.451686,7.708000,21.492013

-0.796796,1.335357,9.484936,18.965292,0.190177,0.251287,1.474069,7.708000,21.492013

-0.286657,1.862262,10.256132,18.965292,0.124094,0.279532,1.457815,7.704000,21.492013

0.429454,3.311248,9.022697,18.944704,0.266918,0.351743,1.390400,7.704000,21.492013

-0.248336,2.231094,9.051437,18.953527,0.246667,0.390114,1.305665,7.708000,21.492013

-0.480653,3.066956,9.216694,18.932940,0.166728,0.399174,1.108483,7.712000,21.492013

-0.430358,3.593861,9.901670,18.935881,0.163264,0.418625,0.830562,7.712000,21.492013

-1.081803,2.029913,10.612990,18.929998,0.156869,0.401838,0.564633,7.708000,21.492013

0.060621,2.556817,10.668076,18.932940,0.215224,0.423955,0.389034,7.712000,21.492013

0.336049,1.965247,8.493398,18.947645,0.268783,0.407434,0.301634,7.712000,21.492013

-0.186066,0.307894,9.204719,18.944704,-0.020062,0.381587,0.213702,7.704000,21.492013

2.618502,2.164034,10.826147,18.927057,-0.015532,0.367465,0.212369,7.708000,21.492013

1.574274,2.585557,9.947175,18.906469,0.101978,0.464457,0.154547,7.700000,21.492013

0.733622,3.598651,9.362790,18.932940,0.226682,0.401039,0.119374,7.700000,21.492013

0.340838,0.748577,8.385622,18.938822,0.133154,0.306711,0.069545,7.704000,21.492013

-1.874555,1.131781,10.363909,18.929998,0.005518,0.236099,-0.154550,7.700000,21.492013

-0.638724,2.959180,9.884905,18.924116,0.127292,0.164953,-0.160412,7.700000,21.492013

0.961149,2.025123,9.798684,18.903528,0.067071,0.153229,-0.091931,7.700000,23.134276

0.656981,1.594019,8.531718,18.921175,-0.104797,0.135109,0.009858,7.692000,23.134276

1.655704,3.476505,8.962822,18.903528,0.030299,0.131645,0.081270,7.696000,23.134276

1.365907,2.652618,7.425219,18.897646,0.138217,0.172414,0.187855,7.696000,23.134276

0.597106,3.989039,7.279123,18.862352,0.035096,0.115924,0.212636,7.700000,23.134276

-0.178881,3.933954,8.205996,18.894705,-0.062696,0.062099,0.302167,7.700000,23.134276

1.516793,4.001014,8.493398,18.903528,-0.036050,0.024527,0.308829,7.692000,23.134276

0.063016,1.984407,10.342353,18.879999,-0.083480,0.154827,0.448455,7.692000,23.134276

0.336049,2.827454,10.031001,18.888823,0.055613,0.241161,0.531591,7.700000,23.134276

-0.456703,0.602481,11.551838,18.891764,0.049485,0.179608,0.507343,7.700000,23.134276

-1.182394,1.189261,11.355447,18.868235,0.121429,0.133777,0.536121,7.696000,23.134276

-0.681835,4.788976,9.669353,18.877058,0.034829,0.259014,0.511074,7.704000,23.134276

-1.129703,4.008199,8.864626,18.882940,0.125160,0.219311,0.488424,7.700000,23.134276

0.750387,0.444410,10.500424,18.885881,0.023638,0.085281,0.613129,7.700000,23.134276

1.562299,2.159244,10.701606,18.871176,0.068936,0.190001,0.720247,7.704000,23.134276

0.913248,2.518497,10.141171,18.871176,0.112636,0.309376,0.733570,7.700000,23.134276

-0.109425,2.987921,9.916039,18.874117,0.330336,0.309642,0.718115,7.708000,23.134276

-0.451913,1.220396,7.219247,18.874117,0.335665,0.283262,0.666421,7.700000,23.134276

-1.302145,1.474268,6.553432,18.868235,0.203233,0.293654,0.564366,7.704000,23.134276

-2.023046,2.403536,8.567643,18.859411,0.037227,0.300849,0.490023,7.708000,23.134276

-1.867369,2.039493,10.256132,18.850588,-0.031520,0.275269,0.318688,7.704000,23.134276

-1.608707,4.729100,10.248947,18.856470,0.166728,0.301115,0.238483,7.712000,22.682350

-1.259035,3.629786,8.967612,18.868235,0.152606,0.292855,0.181460,7.708000,22.682350

0.041461,1.649105,8.215575,18.844706,-0.014466,0.117256,0.179328,7.712000,22.682350

-1.529672,-0.523178,11.338681,18.847647,-0.131710,0.163621,0.177996,7.708000,22.682350

1.306031,2.348450,12.581697,18.841763,-0.095737,0.122319,0.136694,7.700000,22.682350

2.230509,2.070628,11.343472,18.832939,0.168060,0.145235,0.125236,7.700000,22.682350

0.043856,1.867052,6.984535,18.832939,0.095050,0.157492,-0.033842,7.700000,22.682350

-0.930917,1.189261,6.299560,18.841763,-0.023260,0.116990,-0.040237,7.696000,22.682350

-1.678163,1.138966,7.250382,18.824116,-0.131443,0.056769,-0.028513,7.696000,22.682350

0.513280,2.810689,8.565248,18.827057,0.065739,-0.014376,-0.113781,7.696000,22.682350

0.407899,1.368887,10.035790,18.827057,-0.085612,-0.039957,-0.034375,7.696000,22.682350

1.282081,2.611902,9.810658,18.824116,-0.062696,0.021863,0.077006,7.704000,22.682350

1.531163,3.675291,10.950688,18.827057,0.210161,0.098337,0.208106,7.704000,22.682350

1.423388,3.256163,8.071875,18.809410,0.227215,0.058901,0.304032,7.704000,22.682350

-0.392037,2.686148,8.491003,18.835880,0.003653,0.109529,0.327481,7.704000,22.682350

0.000746,5.184154,10.114826,18.818233,-0.023793,0.127915,0.325882,7.704000,22.682350

-0.178881,5.552987,9.123288,18.818233,-0.008871,0.189468,0.297104,7.712000,22.682350

1.231786,3.260953,10.490845,18.803528,0.012446,0.184405,0.271790,7.712000,22.682350

1.116825,1.625154,9.745994,18.800587,0.101445,0.251287,0.313891,7.708000,22.682350

-0.451913,1.699400,8.091035,18.824116,0.099846,0.250488,0.246476,7.704000,22.682350

-0.289052,-0.298046,8.234735,18.809410,-0.112791,0.120454,0.292574,7.712000,22.682350

0.120497,1.380862,9.662168,18.809410,-0.180473,0.140439,0.270725,7.708000,22.682350

-0.399222,4.448883,10.174702,18.806469,0.086523,0.255817,0.219830,7.704000,22.682350

-0.123795,3.002291,8.570039,18.806469,0.126492,0.190267,0.160942,7.708000,22.887226

-0.571664,1.687425,9.506492,18.806469,0.023904,0.200393,0.318421,7.704000,22.887226

-0.226781,1.162916,10.083691,18.800587,-0.038714,0.181740,0.335475,7.708000,22.887226

-0.899782,2.317315,9.906460,18.791763,-0.082947,0.222775,0.364786,7.704000,22.887226

-0.741710,2.257440,9.760364,18.800587,-0.089609,0.214515,0.407686,7.708000,22.887226

-1.472191,2.686148,10.296848,18.800587,0.004719,0.271538,0.447656,7.712000,22.887226

-1.932035,3.232213,9.312495,18.788822,-0.017131,0.195063,0.369849,7.708000,22.887226

-1.922455,3.354359,9.492122,18.788822,0.051616,0.144968,0.271790,7.708000,22.887226

-1.079408,2.999896,10.323193,18.782940,0.035629,0.107131,0.171068,7.708000,22.887226

-0.890202,3.565120,9.841794,18.785881,0.073466,0.114325,0.056755,7.708000,22.887226

1.064134,2.429881,8.502978,18.768234,0.043622,0.021863,-0.115113,7.716000,22.887226

1.246156,1.888607,9.884905,18.765293,0.023105,0.060233,-0.152151,7.708000,22.887226

0.259408,2.825059,9.968730,18.750587,0.001255,0.140705,-0.188390,7.712000,22.887226

-0.655490,4.278836,9.037067,18.741764,0.016443,0.086613,-0.249943,7.708000,22.887226

0.048646,2.314920,9.391530,18.777058,0.171258,-0.041022,-0.204911,7.712000,22.887226

0.937198,1.332962,8.838281,18.762352,0.151007,-0.100710,-0.183328,7.704000,22.887226

0.010326,2.729259,9.149633,18.762352,0.131555,-0.042088,-0.010926,7.704000,22.887226

0.678536,1.086275,7.736571,18.738823,0.025237,-0.167592,0.160942,7.708000,22.887226

-1.196764,1.960457,9.106524,18.765293,-0.068292,-0.049549,0.256336,7.708000,22.887226

-1.659003,4.240516,10.586645,18.756470,0.054547,-0.007448,0.264862,7.704000,22.887226

0.106127,3.768697,8.591594,18.744705,0.136618,-0.095381,0.220896,7.712000,23.223691

0.498910,1.500613,8.062294,18.747646,0.023638,-0.092983,0.191052,7.708000,23.223691

-0.289052,2.508917,9.707673,18.741764,-0.045643,-0.061807,0.219031,7.712000,23.223691

-0.552504,3.304063,9.506492,18.741764,0.023371,-0.009580,0.285380,7.716000,23.223691

-0.868646,3.902818,9.549602,18.753529,0.019907,0.048242,0.345334,7.720000,23.223691

-0.906967,2.367611,9.058622,18.732941,0.098247,0.012004,0.442326,7.716000,23.223691

-0.550109,2.475386,10.423784,18.738823,0.026569,0.067961,0.589147,7.716000,23.223691

-0.796796,0.667147,9.096943,18.730000,0.087056,0.048242,0.609665,7.712000,23.223691

-0.459098,0.473150,8.802356,18.741764,-0.084812,0.017066,0.631515,7.720000,23.223691

-0.698600,2.171219,9.916039,18.709410,-0.070424,0.086080,0.688005,7.712000,23.223691

0.680931,3.253768,9.307705,18.718235,0.152606,0.130313,0.731172,7.712000,23.223691

0.479750,0.818033,9.686118,18.718235,0.112103,0.114059,0.739166,7.712000,23.223691

0.345629,2.566397,9.250224,18.715292,-0.061097,0.182273,0.726109,7.712000,23.223691

-0.990792,3.977064,9.975915,18.712351,-0.022727,0.314438,0.658427,7.716000,23.223691

-0.827931,6.214012,9.470566,18.697645,0.080661,0.311774,0.496152,7.716000,23.223691

0.156422,2.779554,8.589199,18.697645,0.191243,0.133510,0.347466,7.716000,23.223691

1.159935,1.019215,8.146120,18.694704,0.127825,0.056769,0.192385,7.716000,23.223691

-2.147587,-0.053754,8.766430,18.691763,-0.047508,0.162022,0.130832,7.720000,23.223691

-2.255363,1.076695,9.080178,18.694704,-0.176209,0.109529,0.108449,7.716000,23.223691

0.549205,1.131781,9.690907,18.700586,-0.020861,0.173480,-0.013324,7.716000,23.223691

0.563575,2.132899,9.688513,18.700586,-0.033385,0.205455,-0.070614,7.724000,23.894632

0.316888,2.532867,9.547207,18.682940,-0.012868,0.269939,-0.136697,7.716000,23.894632

0.692906,2.089788,8.737690,18.656469,0.066805,0.236365,-0.190522,7.716000,23.894632

-0.296237,-0.099259,8.850256,18.679998,-0.010203,0.146567,-0.272592,7.716000,23.894632

-0.856671,1.558094,8.823911,18.677057,-0.050172,0.130846,-0.354130,7.716000,23.894632

-0.708180,1.656290,8.912526,18.668234,-0.037116,0.076221,-0.308831,7.708000,23.894632

-0.835116,1.759276,8.998747,18.671175,-0.042179,0.039982,-0.119377,7.712000,23.894632

-0.495023,2.901700,10.445339,18.653528,-0.036849,0.079152,0.005328,7.716000,23.894632

0.110917,3.629786,10.598620,18.659410,0.065739,0.029590,0.128967,7.712000,23.894632

0.611476,3.735167,9.343630,18.647646,0.028967,0.052239,0.193450,7.716000,23.894632

-1.407526,3.653736,9.973520,18.650587,0.033763,0.104733,0.192385,7.712000,23.894632

0.678536,4.460858,9.659773,18.650587,0.088655,0.034919,0.205175,7.716000,23.894632

1.092875,3.275323,9.635822,18.659410,0.140082,0.098870,0.158277,7.716000,23.894632

0.436639,0.559371,8.713739,18.641764,0.007650,0.116723,0.166271,7.724000,23.894632

-0.842301,0.937784,10.356724,18.647646,-0.186068,0.161756,0.162274,7.720000,23.894632

-1.306935,4.609349,10.047766,18.635881,-0.125315,0.277134,0.085533,7.720000,23.894632

-0.281867,2.580767,10.912368,18.650587,-0.231100,0.177743,0.064749,7.720000,23.894632

0.841398,1.035980,8.462263,18.627058,0.147010,0.151097,-0.189190,7.716000,23.894632

2.185004,1.419183,7.916198,18.606470,-0.014999,0.058635,-0.144957,7.716000,23.894632

0.118102,1.608389,9.111313,18.629999,-0.088809,0.207321,-0.167873,7.716000,23.894632

0.544415,2.904095,10.682446,18.635881,-0.056035,0.209985,-0.228893,7.720000,23.894632

-1.318910,2.348450,9.542417,18.624117,0.068670,0.282996,-0.199315,7.716000,23.894632

-1.043483,2.482572,8.768826,18.603529,-0.048041,0.167351,-0.215303,7.712000,23.894632

-3.107990,3.445369,9.120893,18.618235,-0.066960,0.119122,-0.163609,7.716000,23.894632

-1.134493,3.936348,9.995075,18.597647,0.028701,0.028524,-0.080739,7.720000,23.894632

-0.720155,3.818992,9.334050,18.606470,-0.039780,0.036785,-0.109251,7.724000,23.894632

-3.397787,2.707703,9.068203,18.588821,0.099846,0.056236,-0.111916,7.720000,23.894632

-1.939220,1.126991,9.427456,18.594706,-0.005940,-0.072731,-0.154550,7.728000,23.894632

-1.469796,0.806058,9.803473,18.571175,0.008716,-0.105240,-0.200914,7.724000,23.894632

0.213903,1.344937,9.417875,18.577057,-0.040580,-0.114566,-0.269395,7.724000,23.894632

-0.073500,2.051468,9.705278,18.582939,-0.018197,-0.059142,-0.282985,7.716000,23.894632

-1.024323,1.871841,9.621452,18.577057,0.145411,-0.076195,-0.334412,7.724000,23.894632

-1.455426,0.841983,8.534113,18.574116,0.018308,-0.187310,-0.323220,7.720000,23.894632

-1.601522,2.461016,9.738809,18.565292,-0.000610,-0.181715,-0.257138,7.716000,23.894632

-1.510512,3.299273,9.058622,18.577057,0.125693,-0.229944,-0.195052,7.716000,23.894632

-1.021928,3.390284,9.358000,18.579998,0.240005,-0.190241,-0.088733,7.720000,23.894632

0.086966,3.900423,7.137816,18.579998,0.147276,-0.304554,0.000265,7.716000,23.894632

0.678536,3.193892,9.513677,18.579998,0.152872,-0.160131,0.150017,7.720000,23.894632

-0.363297,1.407208,8.843071,18.574116,0.034030,-0.111901,0.210504,7.724000,23.894632

0.383949,2.755604,8.931686,18.574116,-0.076552,-0.095381,0.266994,7.724000,23.894632

0.221088,2.326895,9.513677,18.559410,-0.134907,-0.008780,0.345867,7.728000,23.894632

-0.820746,1.222791,10.026211,18.559410,-0.100534,0.038117,0.313359,7.728000,23.894632

-0.202831,3.093302,10.011841,18.544704,0.042290,0.066095,0.249408,7.728000,11.969313

-0.135770,0.973709,8.728109,18.556469,0.125959,0.074889,0.185723,7.724000,11.969313

-0.724945,0.849168,9.080178,18.559410,-0.120785,-0.012511,0.197447,7.724000,11.969313

-2.214647,1.989197,9.147239,18.559410,-0.071223,0.075422,0.165205,7.728000,11.969313

-1.623077,1.835916,10.054951,18.562351,-0.030188,-0.032762,0.173199,7.732000,11.969313

-0.763265,2.844219,9.326865,18.559410,-0.029655,0.045578,0.251539,7.724000,11.969313

-0.339347,2.616693,8.965217,18.562351,0.018042,0.084748,0.407420,7.732000,11.969313

-0.847091,1.416788,8.946056,18.553528,0.044955,0.110861,0.483628,7.736000,11.969313

-1.448241,0.418065,9.391530,18.547646,-0.021128,0.137774,0.455916,7.724000,11.969313

-2.209857,1.062325,9.913645,18.538822,-0.069624,0.164154,0.375711,7.728000,11.969313

-2.387089,4.278836,8.498188,18.541763,-0.045376,0.237964,0.221695,7.736000,11.969313

-2.068551,4.214171,10.074111,18.538822,-0.014999,0.234766,0.025579,7.736000,11.969313

0.070201,3.294483,9.025092,18.527058,0.116633,0.082083,-0.145490,7.728000,11.969313

0.824632,1.747301,9.494516,18.518234,-0.032319,0.000546,-0.342406,7.736000,11.969313

0.759967,3.555540,8.076665,18.524117,0.079861,0.089811,-0.402360,7.736000,11.969313

0.982704,0.183353,8.162886,18.518234,-0.055768,0.017066,-0.439131,7.732000,11.969313

0.170792,0.568951,9.623847,18.521175,-0.068558,0.023728,-0.599275,7.732000,11.969313

-0.415988,0.571346,10.153147,18.515293,-0.126647,0.012803,-0.571030,7.736000,11.969313

0.613871,1.184471,9.173584,18.500587,-0.107462,-0.014909,-0.570231,7.732000,11.969313

0.000746,2.070628,8.821516,18.477058,0.003120,0.018665,-0.548115,7.724000,11.969313

-1.661398,1.459898,10.124407,18.474117,0.136884,-0.005849,-0.546249,7.728000,11.969313

-1.402736,0.413275,8.421547,18.485882,0.095050,-0.161197,-0.472439,7.732000,24.821318

-1.117728,3.227422,10.383068,18.477058,0.026569,-0.144943,-0.143358,7.728000,24.821318

-0.981212,2.741234,9.963940,18.474117,0.018575,-0.112434,0.135362,7.732000,24.821318

-0.444728,3.126832,9.592712,18.480000,0.008982,-0.061007,0.195049,7.732000,24.821318

-0.744105,2.573582,9.099339,18.453527,0.035096,-0.077528,0.222228,7.736000,24.821318

-0.360902,2.662198,10.756692,18.482941,-0.008071,-0.031430,0.218231,7.736000,24.821318

-1.469796,3.402259,10.294453,18.482941,0.139815,-0.015176,0.214501,7.732000,24.821318

0.283358,3.639366,7.942543,18.453527,0.244002,-0.110303,0.242480,7.732000,24.821318

0.218693,0.305499,7.928173,18.456469,-0.040047,-0.096447,0.283248,7.736000,24.821318

-1.469796,0.178563,9.777128,18.447645,-0.065094,-0.009846,0.220896,7.732000,24.821318

-1.680558,1.476663,11.130315,18.456469,-0.093606,0.078353,0.188388,7.732000,24.821318

-0.107030,3.414234,10.761481,18.465292,0.052149,0.146834,0.111380,7.736000,24.821318

1.253341,3.821388,8.184441,18.444704,0.116633,0.098071,0.080204,7.732000,24.821318

-1.194369,1.014425,9.896879,18.459410,-0.009404,0.008540,-0.116445,7.728000,24.821318

-2.652936,1.946087,9.695698,18.450586,-0.025658,-0.011978,-0.126837,7.736000,24.821318

-2.667306,3.797437,9.197534,18.444704,-0.034185,-0.018107,-0.073811,7.736000,24.821318

-2.044601,3.385494,10.169911,18.447645,0.029233,-0.057010,-0.111649,7.732000,24.821318

-1.912875,2.029913,9.453801,18.441763,0.098247,-0.130820,-0.106586,7.736000,24.821318

-1.077013,1.112620,8.215575,18.424116,0.051616,-0.205430,-0.043968,7.732000,25.035228

-1.414711,0.913834,9.334050,18.429998,-0.121051,-0.157999,0.032241,7.736000,25.035228

-1.088988,2.772369,10.811777,18.421175,0.018841,-0.150539,0.091662,7.736000,25.035228

0.074991,2.901700,10.136381,18.432940,0.072400,-0.160664,0.139092,7.732000,25.035228

-0.499813,1.936507,8.570039,18.424116,0.082792,-0.145476,0.236084,7.736000,25.035228

-0.983607,1.498219,9.837004,18.415293,0.014578,-0.091917,0.276054,7.732000,25.035228

-1.302145,0.703072,11.070439,18.432940,0.046820,-0.096180,0.176397,7.732000,25.035228

-1.045878,0.748577,8.735295,18.447645,0.042290,-0.128689,0.065815,7.732000,25.035228

-1.208739,1.445528,8.445498,18.427057,-0.022993,-0.086321,-0.019187,7.736000,25.035228

0.743202,4.305182,8.673024,18.429998,0.013246,-0.148407,-0.019986,7.732000,25.035228

1.265316,3.711217,9.207114,18.427057,0.109439,-0.088719,-0.031177,7.732000,25.035228

0.831818,1.610784,9.446616,18.424116,0.053482,-0.065271,-0.025315,7.736000,25.035228

0.853373,2.777159,9.537626,18.418234,-0.081082,0.029324,0.082602,7.736000,25.035228

-0.641119,3.119647,10.339958,18.424116,-0.133575,0.114592,0.088464,7.736000,25.035228

-0.174091,5.162599,9.762758,18.415293,-0.038981,0.107664,0.070345,7.736000,25.035228

-0.696205,2.738839,10.804592,18.412352,-0.062963,0.094074,0.006127,7.736000,25.035228

-0.823141,2.528077,9.659773,18.418234,0.049485,0.140971,0.018651,7.736000,25.035228

-1.084198,1.881422,8.953242,18.415293,-0.035250,0.024261,0.061285,7.732000,25.035228

-0.602799,1.790411,9.290939,18.441763,-0.093339,-0.057810,0.115110,7.732000,25.035228

-0.557294,1.213211,9.551997,18.403528,-0.062430,-0.013044,0.121239,7.736000,25.035228

-1.656608,1.186866,10.270503,18.397646,0.043356,0.012004,0.142023,7.732000,25.035228

-0.782426,1.811966,8.720924,18.406469,0.095316,-0.057543,0.202510,7.732000,24.705438

0.489330,1.471873,8.541298,18.412352,0.019907,-0.026101,0.281117,7.736000,24.705438

-0.138165,2.290970,9.310100,18.409410,0.051083,0.057835,0.337074,7.732000,24.705438

-0.495023,2.130504,8.677814,18.400587,0.068403,0.016001,0.353594,7.732000,24.705438

-2.243387,2.178404,9.429851,18.391764,0.031365,0.063964,0.248875,7.732000,24.705438

-2.803822,1.838311,10.510005,18.382940,-0.025924,0.025327,0.185989,7.732000,24.705438

-1.472191,3.263348,10.524375,18.388823,0.055080,0.010671,0.212636,7.736000,24.705438

-1.184789,2.736444,9.326865,18.377058,0.125426,0.110595,0.220630,7.736000,24.705438

-1.596732,0.609666,8.069479,18.391764,0.010048,0.041847,0.227824,7.740000,24.705438

0.233063,1.699400,8.361671,18.379999,0.045221,-0.052747,0.211570,7.736000,24.705438

0.259408,0.042047,9.575947,18.379999,0.000455,0.010138,0.125769,7.732000,24.705438

-0.027994,0.576136,9.801079,18.362352,-0.101600,0.006941,0.068213,7.732000,24.705438

-0.432753,-0.171110,9.274175,18.379999,-0.071756,0.062365,0.036238,7.732000,24.705438

-0.483048,1.098250,10.122011,18.374117,-0.291854,0.090077,-0.024516,7.732000,24.705438

-1.773964,0.312684,8.747270,18.350588,-0.206053,0.121786,-0.105520,7.724000,24.705438

-1.900900,1.471873,9.556787,18.374117,-0.130111,0.145501,-0.176932,7.732000,24.705438

-1.335675,3.241793,9.932805,18.362352,0.002321,0.166818,-0.255539,7.728000,24.705438

0.007931,2.908885,9.393926,18.362352,0.028168,0.078886,-0.272326,7.732000,24.705438

0.537230,3.117252,8.955637,18.362352,0.019374,0.063164,-0.296574,7.732000,24.705438

0.946778,4.096815,7.463539,18.341763,-0.026457,0.064497,-0.280320,7.732000,24.705438

-0.351322,2.791529,9.532837,18.347647,-0.063762,0.104200,-0.142292,7.732000,24.367448

-0.971632,2.314920,9.966335,18.356470,0.000722,0.105798,-0.079141,7.736000,24.367448

-0.200436,2.616693,9.104128,18.306469,-0.016598,0.099403,-0.042635,7.736000,24.367448

-0.847091,1.694610,8.977192,18.341763,0.029500,0.135109,-0.039971,7.732000,24.367448

-0.578849,1.711375,9.745994,18.324116,-0.065094,0.092209,0.114844,7.740000,24.367448

-0.463888,2.106554,9.556787,18.332939,-0.052038,0.059967,0.108715,7.732000,24.367448

-0.332162,2.022728,10.749507,18.315292,-0.069624,0.082083,0.084467,7.732000,24.367448

-1.505722,1.790411,9.573552,18.318233,-0.098402,0.126050,0.025046,7.732000,24.367448

-0.923732,2.149664,8.996352,18.315292,0.100379,0.113792,0.010924,7.736000,24.367448

0.980309,1.067115,8.114985,18.324116,0.029766,0.035186,0.024247,7.732000,24.367448

0.376764,-0.029804,9.369975,18.309410,-0.121051,0.086880,0.062617,7.732000,24.367448

-0.645909,2.286180,10.342353,18.312351,-0.127180,0.219045,0.120440,7.728000,24.367448

-1.311725,4.149505,11.216536,18.315292,-0.131177,0.236099,0.039702,7.728000,24.367448

-0.887806,5.735008,10.533955,18.303528,0.162998,0.172947,-0.100991,7.740000,24.367448

-1.536857,4.793766,9.209509,18.294704,0.005518,0.123918,-0.209441,7.732000,24.367448

-0.997977,3.213053,10.378279,18.309410,0.088122,0.056503,-0.324553,7.736000,24.367448

-0.859066,1.718560,9.643007,18.303528,0.026036,-0.035693,-0.358127,7.736000,24.367448

-0.909362,1.450318,8.919712,18.279999,0.015644,-0.049549,-0.338675,7.732000,24.367448

-1.486561,0.341424,9.820239,18.297646,-0.052038,0.017333,-0.330148,7.736000,24.367448

-0.997977,1.332962,10.457314,18.291763,-0.051505,-0.032496,-0.371983,7.740000,24.367448

-0.291447,2.305340,9.777128,18.282940,0.009515,-0.051148,-0.373848,7.740000,24.367448

0.731227,2.238280,9.240644,18.288822,0.070535,-0.074597,-0.419147,7.732000,24.367448

0.142052,1.764066,9.082573,18.297646,0.068936,-0.044486,-0.428207,7.736000,24.367448

-1.635053,1.522169,9.283754,18.291763,0.012446,-0.062606,-0.452721,7.736000,24.367448

-2.806217,1.728140,8.814330,18.303528,0.034829,-0.176119,-0.471107,7.740000,24.367448

-0.794401,1.586834,8.634704,18.297646,0.116633,-0.288833,-0.358127,7.732000,24.367448

0.565970,2.997501,9.805869,18.321175,0.054281,-0.207828,-0.240350,7.736000,24.367448

0.623451,2.961576,9.848979,18.300587,0.081727,-0.172921,-0.085802,7.740000,24.367448

-0.020809,3.411839,9.247829,18.300587,0.051883,-0.156134,0.022115,7.744000,24.367448

-0.928522,4.230936,9.319680,18.282940,0.102777,-0.083923,0.090063,7.744000,24.367448

-0.415988,3.543565,8.773615,18.306469,0.041491,-0.103641,0.094326,7.744000,24.367448

-0.612379,3.445369,10.699211,18.282940,0.025503,-0.100444,0.069012,7.740000,24.367448

-1.740433,3.078931,11.343472,18.294704,0.015910,-0.041822,0.120706,7.740000,24.367448

-0.188461,2.338870,10.581855,18.294704,0.043622,-0.078061,0.177196,7.736000,24.367448

-0.748895,2.781949,8.567643,18.279999,-0.064295,-0.093249,0.247542,7.740000,24.367448

-0.851881,1.845496,9.470566,18.279999,0.026302,-0.057810,0.267527,7.740000,24.367448

-2.645751,2.144874,10.325588,18.274117,-0.025924,0.006941,0.287778,7.740000,24.367448

-0.705785,2.516102,8.924501,18.271175,0.034296,-0.011978,0.292574,7.744000,24.367448

0.149237,1.062325,9.235854,18.279999,0.050550,-0.033295,0.332011,7.732000,24.367448

-1.414711,0.204908,10.141171,18.259411,0.005252,0.060233,0.383971,7.736000,24.367448

-2.518815,2.391561,9.722043,18.279999,-0.059499,0.236898,0.423940,7.736000,12.354510

-2.621801,3.751932,9.235854,18.265293,0.021506,0.202524,0.323484,7.740000,12.354510

-2.408644,4.156691,9.331655,18.259411,0.049485,0.094607,0.203310,7.740000,12.354510

-2.617011,2.322105,9.597502,18.282940,0.036961,0.067694,0.143089,7.740000,12.354510

-1.201554,2.104158,8.948452,18.268234,0.040691,-0.017041,0.045564,7.748000,12.354510

-1.460216,1.517379,9.372371,18.271175,-0.014200,-0.069534,0.083401,7.744000,12.354510

-1.017138,1.433553,10.533955,18.268234,-0.131177,0.011471,0.159343,7.744000,12.354510

-0.873436,2.005963,10.651311,18.259411,-0.035783,0.103134,0.105518,7.744000,12.354510

-0.528554,3.009476,9.643007,18.274117,0.048419,0.067961,0.030908,7.740000,12.354510

0.331258,2.221514,8.613149,18.259411,0.020174,0.025327,-0.026914,7.736000,12.354510

0.649796,0.949759,8.761641,18.291763,-0.143967,0.019997,-0.113248,7.736000,12.354510

-0.653095,0.731812,10.945898,18.274117,-0.093606,0.055171,-0.139095,7.732000,12.354510

-1.318910,2.324500,10.830937,18.288822,-0.118387,0.079685,-0.221432,7.740000,12.354510

-0.897387,2.913675,10.347143,18.282940,-0.015532,0.030123,-0.229958,7.732000,12.354510

-0.301027,4.733890,8.663445,18.274117,-0.046442,0.000812,-0.242216,7.736000,12.354510

1.670074,3.687266,9.255014,18.279999,-0.016598,0.022929,-0.159079,7.732000,12.354510

1.064134,3.555540,8.603569,18.297646,0.004985,0.118056,-0.162543,7.740000,12.354510

0.180372,2.453831,8.720924,18.279999,-0.088543,0.073024,-0.184660,7.736000,12.354510

-0.107030,2.755604,9.834609,18.282940,-0.196460,0.029057,-0.134831,7.740000,12.354510

-0.514183,3.387889,10.239367,18.282940,-0.057633,0.098870,-0.159346,7.744000,12.354510

0.747992,2.765184,9.195139,18.297646,0.096915,0.062898,-0.175067,7.740000,12.354510

-0.744105,0.645592,8.649075,18.297646,-0.038448,0.026393,-0.108984,7.744000,24.660071

-1.213529,1.790411,9.525652,18.291763,-0.088276,0.023728,-0.053827,7.740000,24.660071

-1.678163,1.208421,10.335168,18.288822,-0.052571,-0.001320,-0.011193,7.740000,24.660071

-0.947682,2.264625,9.726833,18.277058,-0.010203,0.025327,0.020516,7.740000,24.660071

-0.856671,1.287457,9.401111,18.294704,-0.036849,0.030922,0.018385,7.740000,24.660071

-0.789611,0.827613,9.240644,18.277058,-0.035783,-0.026367,0.083401,7.740000,24.660071

-0.363297,0.830008,8.809541,18.294704,0.008982,0.071425,0.163340,7.736000,24.660071

-0.600404,1.273087,8.510163,18.315292,-0.088809,0.105265,0.234486,7.732000,24.660071

-1.867369,3.500455,8.972402,18.285881,0.015111,0.148166,0.256336,7.740000,24.660071

-3.790570,1.823941,9.369975,18.291763,-0.097070,0.090876,0.151349,7.740000,24.660071

-3.757040,1.555699,9.935200,18.297646,-0.127979,0.051440,0.009325,7.740000,24.660071

-3.203790,3.471714,10.842913,18.306469,-0.071489,0.006141,-0.002932,7.744000,24.660071

1.339562,4.278836,11.420112,18.294704,0.004985,-0.000254,-0.123373,7.744000,24.660071

-0.518973,4.575819,9.875324,18.291763,-0.009670,0.077287,-0.145223,7.744000,24.660071

1.011444,2.674173,10.586645,18.297646,0.038293,-0.052747,-0.187058,7.740000,24.660071

0.999469,2.025123,10.057346,18.291763,0.116100,-0.054612,-0.290445,7.740000,24.660071

0.417479,0.976104,9.278965,18.279999,0.034030,-0.093249,-0.385573,7.740000,24.660071

0.046251,1.198841,8.613149,18.306469,-0.056035,-0.091917,-0.416482,7.740000,24.660071

-0.677045,1.732930,9.271779,18.297646,-0.029655,-0.084189,-0.433802,7.736000,24.660071

-0.966842,2.628668,9.429851,18.312351,0.061209,-0.073531,-0.383174,7.744000,24.660071

-0.914152,1.720955,8.986773,18.303528,0.070002,-0.171323,-0.341873,7.736000,24.693181

-0.454308,2.415511,9.813054,18.309410,0.116100,-0.249396,-0.267796,7.740000,24.693181

-1.074618,3.569910,8.807145,18.300587,0.105442,-0.207029,-0.117511,7.740000,24.693181

-0.229176,2.973551,8.632309,18.324116,0.104909,-0.225947,0.095126,7.748000,24.693181

0.130077,3.098092,9.350815,18.315292,-0.001143,-0.177185,0.166538,7.748000,24.693181

0.055831,3.270533,9.441826,18.324116,0.107307,-0.157200,0.200378,7.748000,24.693181

-0.377667,0.374954,8.845466,18.327057,0.062275,-0.127889,0.247009,7.748000,24.693181

-1.005162,1.720955,9.384345,18.321175,-0.119986,-0.133751,0.357058,7.744000,24.693181

-0.200436,2.820269,9.939990,18.324116,-0.002209,-0.032229,0.437797,7.740000,24.693181

-0.772846,2.616693,9.458591,18.321175,0.012446,0.027458,0.469772,7.744000,24.693181

0.130077,1.716165,8.902946,18.335880,0.143812,-0.096980,0.363720,7.744000,24.693181

0.063016,-0.041779,8.419152,18.327057,-0.070956,-0.136682,0.310960,7.744000,24.693181

-0.566874,1.091065,9.796288,18.332939,-0.179673,-0.042888,0.309895,7.740000,24.693181

-0.696205,1.423973,7.643166,18.324116,-0.111459,0.010405,0.290709,7.744000,24.693181

0.137262,1.431158,9.717253,18.344706,-0.051238,0.004276,0.315757,7.740000,24.693181

0.671351,2.221514,10.198652,18.329998,-0.033652,0.001079,0.242746,7.744000,24.693181

0.204322,3.929163,10.021420,18.327057,0.059610,0.016267,0.197181,7.744000,24.693181

-0.006439,3.835757,7.710226,18.318233,0.122495,-0.004251,0.154014,7.744000,24.693181

-1.860184,2.039493,8.558064,18.324116,0.007916,0.036518,0.115643,7.744000,24.693181

-2.025441,2.420301,9.894485,18.312351,0.023105,-0.034361,0.087665,7.744000,24.693181

-0.974027,1.845496,8.483818,18.318233,-0.002476,0.045311,0.046896,7.748000,24.694937

-1.314120,1.953272,9.245434,18.321175,-0.040846,-0.033029,-0.002133,7.748000,24.694937

-0.559689,0.906649,9.334050,18.309410,-0.019796,-0.066603,0.058087,7.740000,24.694937

-0.360902,1.210816,10.035790,18.312351,-0.028322,-0.075396,0.046097,7.744000,24.694937

-0.542924,1.723350,8.596384,18.329998,-0.012068,-0.036493,0.095925,7.744000,24.694937

0.024696,1.172496,9.774734,18.315292,-0.093073,-0.053813,0.200112,7.740000,24.694937

-0.516578,2.731653,10.112432,18.306469,-0.037382,0.084481,0.314691,7.740000,24.694937

-1.515302,2.360425,9.523256,18.321175,0.121962,0.035985,0.300302,7.744000,24.694937

-1.704508,0.930599,9.061018,18.321175,0.025769,-0.030097,0.252872,7.744000,24.694937

-0.866251,1.936507,9.051437,18.315292,0.004186,-0.047950,0.178529,7.740000,24.694937

-0.360902,3.720797,8.531718,18.309410,0.004985,0.009872,0.195582,7.740000,24.694937

1.387462,3.989039,7.992838,18.306469,0.010315,-0.003984,0.155346,7.736000,24.694937

0.656981,2.025123,9.530441,18.300587,0.041491,0.045311,0.130299,7.740000,24.694937

0.645006,0.753367,10.038186,18.303528,0.026302,0.075688,0.155879,7.740000,24.694937

0.034276,2.566397,7.238408,18.329998,-0.138105,0.163887,0.158810,7.744000,24.694937

-0.614774,1.414393,9.389135,18.309410,-0.183404,0.155094,0.134029,7.740000,24.694937

-0.210016,2.288575,12.804433,18.312351,-0.068558,0.084748,0.065815,7.740000,24.694937

-0.229176,2.767579,11.115945,18.329998,0.038027,0.037850,0.029043,7.748000,24.694937

-0.415988,2.578372,8.067084,18.312351,0.113702,0.004010,0.122838,7.744000,24.694937

0.371974,1.967642,7.760522,18.321175,-0.064828,0.083682,0.178262,7.744000,24.694937

-1.783544,1.450318,10.660891,18.318233,-0.115456,0.143903,0.157478,7.740000,24.694937

-0.562084,1.426368,10.031001,18.315292,-0.065094,0.128181,0.118308,7.740000,24.329196

0.491725,1.450318,9.013118,18.309410,-0.005673,0.153495,0.069545,7.744000,24.329196

-0.008834,2.331685,8.898156,18.288822,-0.030987,0.226239,0.021316,7.740000,24.329196

-0.195646,2.597533,9.470566,18.312351,-0.012868,0.165752,-0.064219,7.740000,24.329196

-0.492628,2.360425,10.241762,18.312351,-0.010469,0.246224,-0.140427,7.740000,24.329196

-0.818351,4.087235,10.593830,18.306469,0.040425,0.184671,-0.227294,7.740000,24.329196

-1.460216,4.741075,10.007051,18.300587,0.115034,0.203324,-0.274724,7.744000,24.329196

-1.357230,3.557935,9.446616,18.297646,0.124893,0.054638,-0.339475,7.752000,24.329196

-0.435148,3.172337,10.019026,18.300587,0.002854,0.023994,-0.221698,7.744000,24.329196

0.110917,1.491034,8.380832,18.294704,0.136351,0.008806,-0.136963,7.744000,24.329196

0.189952,-0.084889,8.579618,18.288822,-0.104797,-0.111635,-0.136164,7.740000,24.329196

-1.036298,1.821546,9.798684,18.288822,-0.079217,-0.105506,-0.041836,7.744000,24.329196

-0.456703,1.589229,9.619058,18.274117,-0.055768,-0.053280,0.030642,7.744000,24.329196

0.012721,1.819151,9.688513,18.282940,-0.077618,0.010671,0.012522,7.740000,24.329196

-1.254244,2.214329,7.810817,18.274117,-0.054969,0.087146,0.031175,7.740000,24.329196

-0.705785,2.851404,8.955637,18.262352,-0.014466,0.110595,0.041567,7.744000,24.329196

-1.285380,1.184471,10.014235,18.279999,-0.017397,0.126316,-0.085269,7.740000,24.329196

-0.384852,0.865933,11.214140,18.268234,-0.072555,-0.081258,-0.129769,7.740000,24.329196

-0.200436,3.191497,11.240485,18.271175,-0.024059,-0.023169,-0.121508,7.740000,24.329196

0.000746,4.666830,9.396320,18.285881,0.133953,0.030123,-0.121508,7.736000,24.329196

0.074991,3.419024,8.055109,18.274117,0.141148,-0.014376,-0.041303,7.740000,24.329196

0.474960,2.358031,9.460986,18.274117,0.014578,0.006408,-0.026115,7.744000,24.204262

0.439034,1.732930,9.276569,18.277058,-0.013667,0.090876,-0.062886,7.748000,24.204262

-0.619564,2.219119,8.821516,18.271175,-0.070956,0.090077,-0.077808,7.740000,24.204262

0.072596,2.496942,7.904223,18.274117,-0.099201,0.038117,-0.063686,7.744000,24.204262

-1.021928,1.718560,9.841794,18.262352,-0.121584,0.150564,-0.039971,7.744000,24.204262

-1.146469,2.322105,10.773457,18.277058,0.011647,0.149498,-0.025049,7.740000,24.204262

-1.340465,0.978499,8.246711,18.262352,0.128624,0.057569,-0.054360,7.748000,24.204262

-1.326095,0.401300,8.167675,18.265293,-0.064028,-0.015708,-0.074877,7.748000,24.204262

-1.088988,1.203631,10.124407,18.259411,-0.166084,0.051440,-0.087667,7.744000,24.204262

-0.078290,3.131622,10.612990,18.265293,-0.053103,0.084215,-0.074877,7.740000,24.204262

0.051041,4.678805,9.837004,18.253529,0.096382,0.112993,-0.013324,7.740000,24.204262

-0.471073,3.522010,9.841794,18.265293,0.166195,0.135642,-0.057824,7.740000,24.204262

-1.033903,1.378468,7.995234,18.268234,0.143546,0.019465,-0.126837,7.740000,24.204262

-2.217042,1.182076,8.292216,18.256470,-0.062696,-0.012511,-0.176666,7.736000,24.204262

-4.097133,2.585557,8.522139,18.262352,-0.184736,-0.017574,-0.207309,7.736000,24.204262

-2.657726,1.888607,11.398557,18.253529,-0.062963,-0.053813,-0.252075,7.740000,24.204262

-1.340465,2.211934,10.842913,18.250587,-0.084546,-0.024768,-0.279254,7.744000,24.204262

-0.140560,3.033426,9.372371,18.238823,0.138483,-0.088986,-0.243548,7.744000,24.204262

0.309703,1.035980,8.433522,18.235882,-0.025391,-0.163862,-0.179863,7.740000,24.204262

-0.605194,2.695728,10.730347,18.227058,-0.090675,-0.103375,-0.202246,7.744000,24.204262

-0.190856,2.801109,11.444062,18.215292,0.074266,-0.083923,-0.273125,7.740000,24.204262

1.009049,2.798714,9.640613,18.224117,0.123028,-0.116431,-0.290179,7.740000,24.204262

0.266593,1.613179,9.044252,18.203527,0.117699,-0.113500,-0.356262,7.740000,24.204262

-0.945287,1.232371,9.702883,18.218235,0.065472,-0.090584,-0.392767,7.740000,24.204262

-0.614774,2.015543,9.168794,18.209410,0.085990,-0.139347,-0.477769,7.744000,24.204262

-1.024323,1.852681,8.368856,18.185881,0.145411,-0.161730,-0.405824,7.744000,24.204262

-0.162116,2.446646,8.435918,18.200586,0.186713,-0.242468,-0.231291,7.744000,24.204262

-1.002767,1.359308,9.238249,18.206469,0.186446,-0.168924,-0.083671,7.744000,24.204262

-1.917665,1.922137,9.863349,18.203527,0.053748,-0.174254,0.090063,7.744000,24.204262

-1.699718,5.330250,8.776011,18.191763,0.115301,-0.128422,0.260332,7.744000,24.204262

-0.950077,4.235726,8.114985,18.188822,0.142746,-0.183580,0.404755,7.744000,24.204262

-1.033903,2.595137,10.141171,18.179998,0.086789,-0.205963,0.503613,7.748000,24.204262

-0.916547,2.056258,10.651311,18.200586,0.164330,-0.176385,0.480697,7.744000,24.204262

-0.581244,1.488638,8.079060,18.165293,0.075864,-0.099378,0.608066,7.744000,24.204262

-1.211134,0.418065,7.425219,18.171175,-0.033119,-0.100710,0.606467,7.744000,24.204262

-1.788334,0.082762,10.524375,18.153528,-0.174877,-0.042355,0.544382,7.740000,24.204262

-1.069828,1.311407,11.065649,18.150587,-0.211382,0.061033,0.443659,7.736000,24.204262

0.673746,3.852523,9.791499,18.165293,0.026302,0.170815,0.405555,7.736000,24.204262

1.531163,1.888607,8.196416,18.150587,0.115834,0.103134,0.328280,7.740000,24.204262

-0.609984,-0.063334,9.429851,18.162352,-0.028855,0.087412,0.184124,7.748000,24.204262

-1.053063,2.619088,9.781919,18.153528,0.021506,0.079152,0.086333,7.744000,12.095669

-1.256639,3.294483,8.730505,18.150587,0.007384,0.154295,0.022914,7.744000,12.095669

-2.114057,3.102882,10.124407,18.132940,0.034563,0.042913,-0.060755,7.748000,12.095669

-1.613497,1.835916,9.769943,18.153528,-0.008071,-0.018107,0.020783,7.752000,12.095669

-0.272286,2.439461,10.035790,18.124117,-0.035250,0.010671,0.142290,7.744000,12.095669

-0.166906,2.053863,9.925620,18.132940,0.121163,0.113526,0.198780,7.752000,12.095669

-1.314120,0.418065,9.441826,18.127058,0.238406,0.110062,0.145221,7.752000,12.095669

-1.393156,0.631221,8.998747,18.118235,0.039093,0.032521,0.081803,7.744000,12.095669

0.345629,2.731653,8.205996,18.112352,-0.003275,0.021063,-0.092197,7.744000,12.095669

1.169515,2.971155,8.431128,18.121176,0.014312,0.054105,-0.131900,7.748000,12.095669

-0.502208,3.136412,7.683881,18.091763,0.153671,0.108197,-0.213438,7.744000,12.095669

-0.959657,4.278836,10.526770,18.109411,0.160599,0.083948,-0.349600,7.740000,12.095669

-0.564479,1.469478,8.162886,18.094706,0.095849,-0.073531,-0.370651,7.744000,12.095669

-1.261430,0.178563,9.916039,18.085880,-0.027257,-0.074597,-0.402893,7.744000,12.095669

-1.084198,1.855076,9.001143,18.109411,-0.112791,-0.096713,-0.325619,7.744000,12.095669

0.237853,2.307735,10.521979,18.082939,-0.112258,-0.117497,-0.196917,7.744000,12.095669

1.047369,4.788976,10.009445,18.082939,-0.012068,-0.124958,-0.133765,7.744000,12.095669

0.417479,4.115975,8.354486,18.079998,0.062808,-0.095114,-0.010127,7.740000,12.095669

0.125287,1.608389,8.677814,18.077057,-0.094139,-0.107638,0.070878,7.744000,12.095669

-1.247059,1.479059,10.598620,18.079998,-0.163152,-0.004517,0.087931,7.744000,12.095669

-0.368087,1.083880,11.755415,18.074116,-0.127180,-0.001053,0.115910,7.748000,12.095669

-0.954867,2.396351,8.493398,18.074116,-0.102665,-0.011179,0.132697,7.748000,24.521241

-1.021928,1.996382,6.582172,18.077057,-0.127180,-0.030897,0.185989,7.744000,24.521241

-0.918942,-0.199850,10.919553,18.065292,-0.005140,-0.023169,0.250207,7.748000,24.521241

-0.432753,2.971155,10.694421,18.068233,0.166195,-0.017840,0.178795,7.752000,24.521241

-0.145350,2.621483,8.383227,18.062351,0.161399,0.016533,0.222228,7.752000,24.521241

-0.037575,3.656131,8.306586,18.053528,0.102511,0.006141,0.359989,7.756000,24.521241

-0.552504,1.134176,9.817844,18.056469,0.325806,0.050374,0.432201,7.756000,24.521241

-1.647028,-0.731545,9.623847,18.041763,0.091319,0.018932,0.407153,7.752000,24.521241

-1.014742,3.809412,8.435918,18.044704,-0.021661,0.075955,0.399959,7.756000,24.521241

-1.759594,4.206986,9.901670,18.047646,-0.008871,0.132178,0.351196,7.748000,24.521241

-1.153654,1.579649,9.832214,18.053528,0.063607,0.072757,0.133230,7.748000,24.521241

-0.545319,0.899464,10.775852,18.056469,-0.066427,0.062898,0.045297,7.752000,24.521241

-1.500932,2.815479,10.174702,18.024117,-0.030721,0.147367,-0.054893,7.752000,24.521241

-1.594337,4.230936,9.120893,18.018234,0.065206,0.129780,-0.070081,7.760000,24.521241

-1.306935,1.277877,8.974797,18.032940,-0.057367,0.057569,-0.126837,7.748000,24.521241

-0.483048,1.584439,9.571157,18.027058,-0.018730,0.005342,-0.186792,7.748000,24.521241

-0.772846,1.165311,9.894485,18.015293,-0.052038,0.062365,-0.240350,7.748000,24.521241

-0.708180,2.547237,8.215575,18.012352,-0.087744,0.074889,-0.232623,7.748000,24.521241

-0.801586,1.409603,7.923383,18.021175,-0.249753,0.056236,-0.225962,7.740000,24.521241

-0.911757,0.588111,11.947017,18.021175,0.035629,-0.018107,-0.374648,7.740000,24.521241

-0.281867,2.362821,10.083691,18.006470,0.047619,-0.067136,-0.251275,7.744000,24.521241

-0.423173,3.716007,8.160490,17.997646,0.076664,-0.100177,-0.162543,7.744000,24.521241

-1.120123,3.430999,8.632309,18.021175,0.044955,-0.132153,-0.097527,7.748000,24.521241

0.767152,4.343502,9.501701,18.006470,-0.044044,-0.173454,0.009591,7.748000,24.521241

-0.468678,3.419024,10.665681,17.991764,0.100645,-0.091650,0.059953,7.744000,24.521241

-0.583639,3.028636,8.991562,17.997646,0.172057,-0.092716,0.098590,7.748000,24.521241

-1.287775,0.583321,8.538903,17.982941,0.040958,-0.100710,0.186522,7.752000,24.521241

-1.845814,0.307894,8.855046,17.982941,-0.077884,-0.075929,0.202244,7.748000,24.521241

-2.106871,1.014425,9.923224,18.006470,-0.009670,-0.003718,0.246743,7.748000,24.521241

-3.428922,1.960457,8.464658,18.009411,0.266918,0.097005,0.316290,7.748000,24.521241

-1.103358,3.078931,8.261081,17.988823,0.179785,-0.004517,0.194250,7.756000,24.521241

-0.313002,1.922137,9.810658,17.974117,0.075864,-0.050349,0.171867,7.748000,24.521241

-0.097450,0.597691,10.993798,17.977058,0.063874,0.057036,0.145487,7.748000,24.521241

-0.341742,1.670660,9.369975,17.974117,-0.013134,0.100203,0.139359,7.748000,24.521241

-0.063920,2.199959,8.495793,17.977058,-0.056035,0.128181,0.192385,7.752000,24.521241

-1.017138,1.883817,8.838281,17.968235,-0.183137,0.136442,0.166271,7.744000,24.521241

-1.560807,2.666988,12.172148,17.971176,-0.058166,0.099936,0.104985,7.744000,24.521241

-0.722550,3.246583,11.029724,17.971176,0.178452,0.081017,0.059953,7.744000,24.521241

-2.794242,1.306617,7.741362,17.947645,0.010848,0.094873,-0.029046,7.744000,24.521241

-3.809730,2.626273,8.184441,17.971176,-0.101067,0.032521,-0.061554,7.744000,24.521241

-1.987120,1.735325,9.959150,17.956469,-0.131177,-0.115365,-0.074611,7.748000,12.311506

-0.942892,2.269415,10.759087,17.959410,-0.053370,-0.099644,-0.022651,7.744000,12.311506

-1.081803,2.566397,10.507609,17.950586,-0.042179,-0.043154,0.001864,7.748000,12.311506

-0.657885,2.827454,10.150752,17.935881,0.045488,-0.051681,0.045830,7.748000,12.311506

0.199532,1.126991,9.633428,17.941763,-0.021927,-0.065803,0.071144,7.748000,12.311506

-0.499813,3.050191,10.047766,17.941763,-0.060831,0.042913,0.089264,7.748000,12.311506

-0.437543,3.440579,9.077783,17.947645,0.100379,0.058635,0.005061,7.744000,12.311506

-0.554899,0.949759,7.441984,17.950586,0.185913,-0.051148,-0.092464,7.744000,12.311506

-0.957262,1.150941,7.935358,17.932940,-0.074420,-0.122560,-0.189989,7.744000,12.311506

-0.363297,1.309012,9.219090,17.921175,-0.151162,-0.165727,-0.209707,7.744000,12.311506

0.197137,0.707862,9.089758,17.947645,0.015377,-0.051947,-0.184926,7.744000,12.311506

-0.588429,1.986803,10.215417,17.953527,-0.101600,-0.059941,-0.054626,7.748000,12.311506

0.120497,4.602164,9.010722,17.918234,-0.033119,0.018132,0.079671,7.752000,12.311506

-0.123795,3.668106,10.972243,17.921175,0.032165,0.115658,0.175864,7.752000,12.311506

-2.066156,3.404654,9.504096,17.918234,0.049485,0.143103,0.173999,7.752000,12.311506

-0.576454,2.235884,9.084968,17.912352,-0.026457,-0.004784,0.169469,7.748000,12.311506

0.268988,1.833521,9.185558,17.938822,-0.029122,-0.051414,0.151083,7.744000,12.311506

-1.524882,0.339029,10.634545,17.921175,-0.153027,-0.042355,0.129499,7.748000,12.311506

-2.365534,2.717283,10.378279,17.906469,-0.109860,-0.050349,0.233420,7.744000,12.311506

0.122892,1.732930,8.546088,17.900587,-0.037116,-0.051148,0.265395,7.744000,12.311506

-1.869765,1.747301,9.501701,17.906469,0.023638,0.074356,0.334942,7.748000,24.405738

-0.439938,2.468201,8.263476,17.891764,0.026835,0.053039,0.341604,7.748000,24.405738

0.427059,1.476663,8.165280,17.897646,-0.066160,0.054105,0.426605,7.744000,24.405738

0.429454,2.101763,9.633428,17.897646,0.029233,0.125783,0.446057,7.748000,24.405738

-0.372877,2.101763,9.851375,17.912352,-0.035517,0.176944,0.416479,7.744000,24.405738

-1.443451,3.265743,9.774734,17.900587,0.000988,0.220644,0.312559,7.744000,24.405738

-1.759594,3.392679,10.054951,17.891764,-0.078950,0.142837,0.211836,7.744000,24.405738

-1.479376,3.260953,9.247829,17.891764,-0.000344,0.216647,0.128967,7.752000,24.405738

-0.181276,1.974827,7.746151,17.879999,-0.017664,0.135642,0.079671,7.748000,24.405738

-0.724945,0.267179,7.985653,17.894705,-0.164751,0.136708,0.067147,7.744000,24.405738

-0.020809,1.914952,11.285991,17.891764,0.046287,0.090876,-0.051962,7.748000,24.405738

0.065411,0.257598,10.292058,17.882940,0.016976,0.114592,-0.178798,7.744000,24.405738

-0.415988,0.679122,9.944780,17.885881,0.014578,0.184938,-0.230225,7.748000,24.405738

-1.304540,1.859866,11.410532,17.891764,-0.047508,0.187602,-0.256338,7.752000,24.405738

-0.784821,3.852523,7.961703,17.888823,0.035096,0.179076,-0.293643,7.744000,24.405738

-0.710575,1.268297,7.710226,17.877058,0.028701,0.094074,-0.343205,7.744000,24.405738

-1.239874,-0.410612,8.388017,17.859411,0.028967,0.049042,-0.446060,7.748000,24.405738

-2.135612,-1.081218,10.747111,17.877058,-0.054969,0.020797,-0.438332,7.744000,24.405738

-1.081803,2.396351,9.959150,17.888823,-0.045376,-0.005583,-0.378911,7.740000,24.405738

-0.787216,3.059771,8.847861,17.859411,0.132621,0.093275,-0.289113,7.744000,24.405738

-0.578849,3.057376,9.920830,17.865294,0.147809,0.066895,-0.241150,7.748000,24.405738

0.137262,2.049073,8.747270,17.882940,0.073999,-0.010379,-0.147888,7.748000,24.313859

-0.480653,3.071746,9.865745,17.868235,-0.018463,-0.001852,-0.080207,7.744000,24.313859

-0.677045,3.062166,9.829819,17.856470,0.009249,0.011737,-0.082871,7.748000,24.313859

-0.399222,2.846615,8.888577,17.868235,-0.016065,-0.063938,-0.125505,7.744000,24.313859

-0.770451,2.262230,8.119775,17.856470,-0.047508,0.026393,-0.077009,7.736000,24.313859

-0.008834,0.025282,8.040739,17.862352,-0.116255,-0.039690,-0.044501,7.740000,24.313859

-0.384852,1.047955,9.482541,17.844706,-0.245756,0.003210,-0.008795,7.740000,24.313859

-2.628986,1.071905,12.605647,17.847647,-0.266273,0.195863,0.037303,7.736000,24.313859

-2.662516,-0.317206,8.256291,17.838821,-0.369394,0.094873,-0.038372,7.740000,24.313859

-0.626749,1.651500,9.729228,17.838821,-0.132776,-0.126290,-0.156948,7.740000,24.313859

-0.871041,1.749696,10.241762,17.829998,0.016976,-0.087653,-0.178798,7.736000,24.313859

0.357604,0.779713,9.365185,17.847647,0.100645,-0.079926,-0.082072,7.740000,24.313859

-0.521369,1.977222,7.827582,17.818233,-0.000077,-0.037825,-0.028779,7.736000,24.313859

-1.699718,3.342384,9.573552,17.838821,0.006318,0.000279,0.062884,7.740000,24.313859

-0.823141,2.937625,10.450130,17.841763,0.058011,0.103400,0.010924,7.736000,24.313859

-2.135612,1.850286,8.898156,17.850588,-0.052038,0.108729,-0.107386,7.736000,24.313859

-1.941615,0.935389,7.916198,17.835880,0.067338,-0.027433,-0.179597,7.728000,24.313859

-2.684071,-0.032199,9.266990,17.824116,-0.030987,-0.040223,-0.193986,7.736000,24.313859

-1.117728,2.482572,10.316008,17.827057,-0.090941,-0.034094,-0.216902,7.736000,24.313859

-0.957262,2.415511,10.059741,17.824116,-0.031786,-0.010379,-0.185459,7.736000,24.313859

-1.105753,2.441856,9.283754,17.818233,0.012979,-0.061274,-0.200914,7.732000,24.313859

-2.415829,1.560489,8.783195,17.815292,0.024171,-0.080192,-0.213171,7.744000,23.408321

-1.869765,1.847891,9.985496,17.803528,0.006318,-0.124425,-0.238752,7.736000,23.408321

-0.241151,1.524564,10.529164,17.818233,0.034829,-0.178784,-0.247811,7.740000,23.408321

-0.049550,1.553304,9.336445,17.797646,0.012180,-0.104441,-0.232090,7.732000,23.408321

-0.990792,1.004844,9.080178,17.829998,-0.027257,-0.128422,-0.148687,7.736000,23.408321

-1.431476,1.325777,9.451406,17.800587,-0.114656,-0.161996,-0.121508,7.732000,23.408321

-0.859066,2.918465,9.949570,17.774117,0.045488,-0.154003,-0.101524,7.728000,23.408321

0.017511,2.022728,9.147239,17.791763,0.142214,-0.153203,-0.034109,7.732000,23.408321

0.103732,2.894515,9.609477,17.800587,0.041757,-0.118829,0.072476,7.728000,23.408321

-0.966842,1.567674,8.531718,17.797646,0.024704,-0.013577,0.180127,7.736000,23.408321

-1.002767,3.311248,10.021420,17.800587,-0.052571,-0.152404,0.209971,7.736000,23.408321

-0.296237,3.562725,10.929133,17.785881,0.065472,-0.065271,0.165472,7.732000,23.408321

-0.624354,3.217843,10.284873,17.771175,0.125959,-0.071133,0.158544,7.732000,23.408321

-1.031508,1.605994,8.711345,17.768234,0.040691,-0.064471,0.119640,7.740000,23.408321

-1.793124,1.433553,8.234735,17.765293,-0.072022,-0.062073,0.043432,7.732000,23.408321

-1.127308,1.534144,8.522139,17.771175,-0.069358,-0.170523,0.067680,7.732000,23.408321

-0.210016,0.552186,9.875324,17.774117,0.026569,-0.053280,0.082336,7.736000,23.408321

-0.372877,-0.235776,9.288545,17.753529,0.014578,-0.039424,0.076207,7.732000,23.408321

-1.891320,0.794083,8.349697,17.762352,-0.043777,-0.067402,0.140158,7.732000,23.408321

-0.720155,1.371283,9.005932,17.759411,-0.052571,-0.050882,0.197447,7.736000,23.408321

-0.075895,1.871841,10.397439,17.756470,-0.063229,-0.009313,0.190786,7.724000,23.408321

-0.952472,1.720955,10.636941,17.756470,0.004719,0.068760,0.120440,7.732000,23.408321

-1.745224,2.073023,9.348420,17.741764,0.064140,0.018932,0.105784,7.728000,22.938795

-0.954867,1.970037,9.005932,17.747646,-0.030454,0.028524,0.029576,7.732000,22.938795

0.266593,2.908885,9.369975,17.750587,0.005785,-0.010113,-0.009328,7.732000,22.938795

0.949174,2.250255,9.719648,17.738823,0.017509,0.009073,-0.003199,7.732000,22.938795

-0.293842,1.543724,10.363909,17.735882,-0.108261,0.008273,-0.025315,7.728000,22.938795

-0.389642,3.699241,10.040581,17.741764,0.063341,0.023461,0.004795,7.732000,22.938795

-0.935707,2.860985,9.767549,17.709410,-0.090142,0.064230,-0.000268,7.724000,22.938795

0.010326,3.220237,9.101733,17.732941,0.128357,0.023728,-0.023184,7.724000,22.938795

0.118102,0.133057,8.376042,17.718235,0.003653,-0.011179,-0.075410,7.732000,22.938795

-1.170419,2.075418,10.016630,17.724117,-0.232966,0.071425,-0.073811,7.728000,22.938795

-0.298632,4.499178,10.735136,17.706469,-0.079217,0.131912,-0.052494,7.728000,22.938795

-0.339347,0.188143,9.767549,17.697645,0.164863,0.012537,-0.252608,7.728000,22.938795

1.009049,0.020492,8.356882,17.732941,0.038293,-0.021304,-0.310963,7.724000,22.938795

-1.512907,1.330567,8.646679,17.715292,-0.078417,0.022662,-0.342406,7.728000,22.938795

-0.825536,1.646710,8.893367,17.703527,-0.035783,-0.007448,-0.309631,7.728000,22.938795

-0.940497,0.631221,8.730505,17.706469,-0.029655,-0.023702,-0.322421,7.724000,22.938795

-0.547714,0.853958,8.632309,17.706469,-0.021927,0.023728,-0.319490,7.720000,22.938795

-1.373995,1.924532,9.130473,17.706469,-0.089875,0.028258,-0.209707,7.728000,22.938795

-0.794401,2.070628,10.002260,17.685881,-0.035783,0.016267,-0.127370,7.724000,22.938795

-0.487838,2.798714,9.743598,17.694704,0.009515,-0.007981,-0.065551,7.724000,22.938795

-0.059130,1.855076,9.350815,17.694704,0.037760,-0.029565,-0.080739,7.724000,22.938795

-1.230294,1.203631,9.204719,17.700586,-0.015266,-0.057277,-0.049030,7.724000,22.550477

-0.933312,1.764066,9.906460,17.715292,-0.157290,-0.108704,0.000265,7.720000,22.550477

-0.856671,3.457345,10.083691,17.694704,-0.075486,-0.069534,0.054890,7.724000,22.550477

0.161212,2.305340,9.547207,17.712351,-0.016598,-0.070866,0.081536,7.720000,22.550477

-1.127308,2.738839,9.899275,17.700586,0.021240,0.004010,0.124170,7.716000,22.550477

-1.864974,3.306458,10.656101,17.691763,-0.033918,-0.066869,0.182525,7.720000,22.550477

-1.160839,2.669383,9.820239,17.688822,0.115834,-0.105506,0.197980,7.720000,22.550477

-1.311725,0.528236,9.535232,17.674116,0.045488,-0.148673,0.189986,7.724000,22.550477

-0.942892,1.617970,10.498030,17.694704,-0.086411,-0.083656,0.245144,7.720000,22.550477

-1.467401,4.204591,11.113549,17.691763,0.019108,0.014135,0.262198,7.720000,22.550477

0.221088,2.437066,8.778405,17.697645,0.159800,0.016800,0.262198,7.724000,22.550477

-0.861461,-0.954281,8.914922,17.712351,-0.031254,-0.037026,0.235285,7.724000,22.550477

-0.952472,1.332962,10.605805,17.703527,-0.192730,0.044778,0.184124,7.720000,22.550477

-1.168024,3.747142,9.839399,17.685881,-0.023793,0.107397,0.131098,7.720000,22.550477

-1.347650,1.742511,10.478869,17.688822,-0.097070,0.047177,0.044231,7.724000,22.550477

-0.245941,2.504127,8.996352,17.662352,-0.141835,0.092475,-0.018387,7.720000,22.550477

-0.001649,1.632339,9.159214,17.668234,0.018575,0.115125,-0.032243,7.720000,22.550477

0.601896,0.980894,9.599897,17.671175,-0.064295,0.118056,-0.114047,7.720000,22.550477

-0.401617,2.415511,10.179492,17.691763,-0.077085,0.142837,-0.130035,7.716000,22.550477

-0.483048,2.152059,9.487331,17.662352,-0.028589,0.036518,-0.102856,7.716000,22.550477

-0.851881,2.343660,10.287268,17.665293,0.035895,0.031455,-0.140694,7.716000,22.550477

-1.491351,0.935389,10.224998,17.677057,-0.022727,0.087146,-0.172136,7.720000,22.550477

-1.750014,1.958062,8.622729,17.662352,-0.045909,0.089811,-0.166540,7.716000,22.550477

-0.997977,2.171219,9.326865,17.671175,-0.034718,0.085547,-0.178798,7.720000,22.196602

-0.169301,1.043165,9.422666,17.650587,-0.044577,0.065563,-0.183061,7.716000,22.196602

-0.892597,1.428763,10.610596,17.638823,-0.016598,0.155893,-0.260335,7.716000,22.196602

-1.848209,1.421578,9.635822,17.659410,-0.077085,0.130313,-0.303502,7.716000,22.196602

0.007931,3.268138,8.682605,17.656469,0.044688,0.103400,-0.254473,7.716000,22.196602

-0.832721,3.371124,9.245434,17.644705,0.039093,0.140439,-0.281386,7.716000,22.196602

-0.954867,1.012030,9.298124,17.644705,-0.006473,0.121520,-0.241416,7.716000,22.196602

-1.517697,1.649105,10.581855,17.656469,-0.133842,0.105265,-0.260602,7.724000,22.196602

-1.323700,3.962693,11.166240,17.653528,0.066272,0.129247,-0.310164,7.724000,22.196602

-0.123795,2.336475,8.641890,17.632940,0.137417,0.022396,-0.292311,7.724000,22.196602

-0.432753,0.025282,7.640771,17.632940,-0.048307,0.032521,-0.358926,7.720000,22.196602

-0.768055,1.498219,8.804750,17.644705,-0.136240,0.071958,-0.406090,7.720000,22.196602

-0.811166,1.742511,10.912368,17.632940,-0.152494,0.083948,-0.406357,7.716000,22.196602

-0.059130,3.332803,10.687236,17.632940,0.036694,0.136708,-0.541720,7.724000,22.196602

-0.198041,2.846615,10.371094,17.627058,0.141148,0.072491,-0.668289,7.720000,22.196602

0.877323,1.411998,8.823911,17.615294,0.022838,-0.077261,-0.710923,7.720000,22.196602

-0.090265,2.226305,9.149633,17.635881,-0.056301,-0.050882,-0.782069,7.724000,22.196602

-0.435148,1.668265,10.162726,17.624117,0.050284,0.007207,-0.807916,7.724000,22.196602

-0.183671,1.332962,9.113708,17.635881,0.057478,-0.095914,-0.784733,7.720000,22.196602

-0.581244,1.253927,8.677814,17.609411,0.026036,-0.130820,-0.657098,7.724000,22.196602

-0.171696,1.821546,8.850256,17.627058,-0.012868,-0.030630,-0.569965,7.724000,22.196602

-1.282985,1.704190,10.351933,17.635881,0.066805,-0.090052,-0.477769,7.724000,22.196602

-1.852999,1.634735,9.834609,17.615294,0.072667,-0.149473,-0.336277,7.724000,22.196602

-1.397946,1.189261,10.732741,17.618235,0.036161,-0.144676,-0.213171,7.724000,22.196602

-0.940497,3.179522,9.937595,17.621176,0.064406,-0.151871,-0.117778,7.720000,22.196602

-0.868646,1.119806,9.020303,17.609411,0.122495,-0.149739,-0.011193,7.720000,22.196602

-2.082921,-0.204640,7.446774,17.615294,-0.038981,-0.175053,0.073542,7.724000,22.196602

-2.492470,2.506522,9.575947,17.621176,-0.081881,-0.136949,0.112446,7.724000,22.196602

-1.014742,2.403536,9.822634,17.603529,0.115034,-0.066070,0.117242,7.724000,22.196602

-0.710575,0.406090,10.438154,17.594706,0.039892,-0.097512,0.063417,7.716000,22.196602

-1.385971,1.172496,10.543535,17.591763,-0.106129,-0.115099,0.051692,7.724000,22.196602

-1.788334,4.106395,9.774734,17.612352,0.074266,-0.006915,0.034106,7.724000,22.196602

-0.986002,3.675291,10.694421,17.591763,0.091319,-0.064205,-0.045033,7.716000,22.196602

0.479750,2.655013,9.008327,17.600588,0.233877,-0.109770,-0.109251,7.720000,22.196602

-0.547714,0.786898,8.316167,17.621176,0.067604,-0.044753,-0.152951,7.724000,22.196602

-1.112938,1.218001,9.693303,17.618235,-0.116522,-0.065271,-0.126571,7.724000,22.196602

-0.978817,3.126832,10.565090,17.600588,-0.058166,-0.086854,-0.122041,7.720000,22.196602

-0.911757,2.999896,9.276569,17.621176,0.125693,-0.103641,-0.193187,7.728000,22.196602

-1.874555,1.014425,9.156818,17.588821,-0.063762,-0.085788,-0.229159,7.728000,22.196602

-2.114057,2.108948,9.506492,17.600588,0.055613,-0.115898,-0.333346,7.728000,22.196602

-1.330885,1.977222,8.960427,17.600588,0.050550,-0.163329,-0.370384,7.724000,22.196602

-0.073500,1.754486,10.347143,17.579998,0.041757,-0.162796,-0.330148,7.728000,22.196602

-0.672255,1.400023,9.216694,17.600588,0.072400,-0.096447,-0.320023,7.728000,22.196602

-1.160839,1.577254,9.020303,17.585880,0.024704,-0.131620,-0.217968,7.728000,11.282724

-0.835116,1.469478,8.924501,17.591763,-0.003541,-0.123093,-0.140161,7.724000,11.282724

-1.302145,0.983289,9.992681,17.597647,-0.009937,-0.161197,-0.132167,7.728000,11.282724

-0.674650,1.632339,9.786709,17.588821,0.057745,-0.102042,-0.062886,7.724000,11.282724

-1.328490,0.394115,9.001143,17.588821,-0.014733,-0.099644,0.047962,7.732000,11.282724

-1.079408,2.856194,9.420271,17.588821,-0.006473,-0.104174,0.170002,7.728000,11.282724

-1.476981,2.441856,9.274175,17.571175,-0.034451,-0.071932,0.195049,7.732000,11.282724

-1.539252,1.076695,10.548325,17.571175,0.072667,-0.106572,0.260332,7.724000,11.282724

-1.745224,0.058812,9.288545,17.559410,-0.077618,-0.092716,0.284581,7.728000,11.282724

-1.108148,0.183353,9.511281,17.579998,0.033497,-0.138814,0.227291,7.728000,11.282724

-0.605194,-0.180690,9.920830,17.577057,-0.167416,-0.142278,0.286712,7.736000,11.282724

0.137262,3.253768,9.286150,17.579998,-0.079750,-0.065004,0.262731,7.724000,11.282724

0.977914,2.999896,9.477751,17.568233,0.056146,0.015734,0.231555,7.724000,11.282724

-0.657885,1.723350,8.368856,17.565292,0.006318,0.062631,0.192385,7.728000,11.282724

-1.797914,-0.027409,10.514794,17.577057,-0.113058,0.064230,0.086865,7.728000,11.282724

-1.079408,2.506522,8.390412,17.556469,-0.095737,0.032255,0.032507,7.720000,11.282724

0.247433,2.504127,7.168952,17.579998,-0.029655,0.040782,0.017052,7.720000,11.282724

-1.088988,-1.656022,9.489726,17.574116,0.004452,0.033587,-0.033576,7.724000,11.282724

-1.898505,-0.159135,10.577065,17.544704,-0.102133,-0.051681,-0.225429,7.728000,11.282724

0.494120,-0.178295,8.570039,17.547646,-0.111992,0.043180,-0.238752,7.720000,11.282724

-1.953590,2.346056,11.065649,17.579998,-0.075220,0.128714,-0.256871,7.720000,11.282724

-1.718878,-0.190270,10.344748,17.550587,-0.096004,0.142570,-0.371450,7.724000,11.282724

-0.938102,2.877750,9.966335,17.553528,-0.222840,0.114325,-0.377579,7.720000,22.892998

-0.856671,0.647987,9.587922,17.547646,-0.027790,0.178543,-0.334145,7.716000,22.892998

-0.708180,-0.326786,8.941267,17.547646,-0.073888,0.111128,-0.451922,7.716000,22.892998

-0.360902,-0.147160,9.381950,17.538822,-0.143701,0.129247,-0.482565,7.716000,22.892998

-0.262706,0.161798,7.717412,17.544704,-0.092540,0.124717,-0.452188,7.724000,22.892998

-1.450636,4.276442,10.670471,17.556469,-0.026191,0.152163,-0.352798,7.720000,22.892998

-0.621959,-0.211825,9.444221,17.544704,-0.012068,0.130579,-0.395165,7.720000,22.892998

1.042579,1.713770,8.682605,17.524117,0.170991,-0.008780,-0.454320,7.724000,22.892998

0.237853,2.820269,10.076506,17.529999,0.063074,-0.004784,-0.394632,7.728000,22.892998

0.039066,1.809571,8.835886,17.527058,-0.142901,-0.106572,-0.386105,7.720000,22.892998

-0.708180,1.244346,10.059741,17.521175,0.097448,0.004276,-0.469508,7.728000,22.892998

-1.424291,0.377349,9.192744,17.541763,-0.031520,-0.140679,-0.476969,7.716000,22.892998

-1.371600,1.385653,9.817844,17.529999,0.216557,-0.168658,-0.466844,7.720000,22.892998

0.177977,-1.272819,9.132869,17.532940,0.014578,-0.201699,-0.405291,7.716000,22.892998

-2.566715,0.391720,10.699211,17.532940,0.010048,-0.151071,-0.422611,7.716000,22.892998

-1.704508,-0.784235,10.265713,17.515293,0.109439,-0.193972,-0.417282,7.720000,22.892998

-1.170419,0.858748,8.280241,17.503529,0.115834,-0.183580,-0.349600,7.716000,22.892998

-0.564479,-1.409335,10.464499,17.518234,-0.174344,-0.234474,-0.282185,7.704000,22.892998

-1.146469,0.461175,12.081138,17.497646,0.129956,-0.180915,-0.313095,7.716000,22.892998

-0.988397,-0.094469,9.032277,17.515293,0.060143,-0.179316,-0.184127,7.712000,22.892998

-2.140402,1.816756,10.541140,17.491764,0.176054,-0.266183,-0.118044,7.708000,22.215814

-1.594337,-1.950610,9.784313,17.503529,0.025237,-0.266983,-0.087401,7.704000,22.215814

-0.734525,2.202354,10.361513,17.494705,0.027368,-0.193172,-0.034109,7.704000,22.215814

-0.753685,1.021610,9.554392,17.482941,0.182449,-0.191307,0.033040,7.704000,22.215814

-1.122518,-0.997392,8.258686,17.494705,0.077730,-0.282970,0.003196,7.708000,22.215814

-1.378785,2.760394,9.116103,17.497646,-0.094672,-0.297359,0.086865,7.708000,22.215814

-2.068551,0.705467,10.258528,17.503529,0.071867,-0.235007,0.044498,7.704000,22.215814

-0.279472,0.705467,9.080178,17.488823,0.202434,-0.229145,0.098323,7.708000,22.215814

-1.067433,-0.106445,9.860954,17.503529,-0.102665,-0.339993,0.122305,7.704000,22.215814

-1.397946,1.486243,10.826147,17.482941,-0.093073,-0.292563,0.124970,7.696000,22.215814

0.467775,2.429881,7.540180,17.491764,0.051083,-0.373834,0.187588,7.692000,22.215814

-0.667465,1.639525,9.441826,17.503529,0.084391,-0.247531,0.280850,7.692000,22.215814

0.218693,-0.472883,9.008327,17.500587,0.077197,-0.386891,0.336541,7.696000,22.215814

-1.338070,1.423973,8.730505,17.491764,0.090520,-0.366640,0.388501,7.700000,22.215814

-1.321305,0.274364,9.202324,17.500587,-0.033119,-0.356248,0.421542,7.692000,22.215814

-2.078131,1.560489,11.120734,17.500587,-0.126381,-0.313880,0.483095,7.692000,22.215814

0.225878,4.527918,10.639336,17.506470,0.310351,-0.250995,0.510274,7.696000,22.215814

0.063016,1.902977,7.604846,17.524117,0.183782,-0.284836,0.521732,7.696000,22.215814

-0.794401,0.025282,8.426337,17.527058,-0.062963,-0.379963,0.620590,7.696000,22.215814

-0.404013,2.810689,9.482541,17.527058,0.110771,-0.235274,0.695466,7.696000,22.215814

1.076110,0.020492,8.625124,17.535881,0.105708,-0.321607,0.745028,7.696000,22.215814

-0.454308,0.022887,9.278965,17.532940,-0.158356,-0.247531,0.831895,7.700000,22.215814

-2.583480,2.348450,10.320798,17.547646,-0.076819,-0.122826,0.945674,7.692000,22.215814

-0.571664,1.459898,9.772339,17.547646,0.007117,-0.211558,0.919294,7.704000,22.215814

-1.821864,1.115016,10.943503,17.565292,0.118232,-0.220885,0.829763,7.700000,22.215814

-0.600404,1.816756,9.554392,17.556469,-0.008871,-0.295228,0.766878,7.700000,20.714497

-0.013624,2.506522,8.776011,17.559410,0.220554,-0.285369,0.810045,7.704000,20.714497

0.276173,2.290970,9.877720,17.579998,0.239206,-0.075396,0.907570,7.708000,20.714497

1.238971,0.774923,8.069479,17.565292,0.131022,-0.129488,0.912100,7.708000,20.714497

-1.060248,1.567674,9.951965,17.600588,-0.036316,-0.227013,0.925423,7.712000,20.714497

-1.764384,1.783226,11.187795,17.612352,0.037227,-0.164395,0.931019,7.712000,20.714497

-0.902177,0.918624,10.680051,17.597647,0.160333,-0.108970,0.944875,7.712000,20.714497

-0.813561,0.640802,10.725556,17.591763,0.171524,-0.087120,0.891849,7.716000,20.714497

-1.120123,2.561607,10.251343,17.597647,0.213359,-0.071133,0.892648,7.720000,20.714497

-0.437543,1.639525,10.004656,17.612352,0.289301,-0.060474,0.994703,7.716000,20.714497

-1.395551,0.271969,10.550720,17.624117,0.230413,-0.086055,1.055457,7.716000,20.714497

-0.641119,-0.901591,10.244158,17.609411,0.239472,-0.032496,1.066648,7.720000,20.714497

-0.066315,-0.230986,10.196257,17.609411,0.244535,0.036785,1.109016,7.724000,20.714497

-1.156049,1.744905,9.592712,17.641764,0.224284,0.005342,1.099956,7.728000,20.714497

-0.799191,2.738839,9.530441,17.621176,0.262655,0.097805,1.125003,7.724000,20.714497

-0.169301,1.112620,11.535073,17.632940,0.213093,0.189734,1.076507,7.728000,20.714497

2.592157,1.294642,10.881232,17.606470,0.277576,0.173213,1.123671,7.728000,20.714497

0.474960,1.819151,10.943503,17.618235,0.431858,0.215314,1.112746,7.732000,20.714497

-0.023204,0.279154,11.388977,17.615294,0.345258,0.185737,1.098357,7.736000,20.714497

2.383790,1.021610,10.145962,17.621176,0.347923,0.191066,1.181760,7.740000,20.714497

1.780245,1.179681,9.532837,17.615294,0.348722,0.311774,1.095426,7.744000,20.714497

-1.048273,0.707862,9.044252,17.621176,0.294364,0.360270,0.828431,7.740000,23.223613

1.916761,-0.537548,9.585527,17.624117,0.334866,0.294187,0.752489,7.740000,23.223613

1.828146,0.288734,11.000983,17.621176,0.257059,0.477780,0.708522,7.744000,23.223613

-1.175209,0.394115,11.951806,17.632940,0.293831,0.468987,0.597674,7.740000,23.223613

1.255736,3.016661,10.795012,17.632940,0.461436,0.458861,0.441261,7.744000,23.223613

0.920433,1.493428,10.133986,17.618235,0.437720,0.435945,0.171867,7.744000,23.223613

1.306031,1.074300,9.125683,17.621176,0.218422,0.389314,-0.094596,7.748000,23.223613

3.945343,3.239398,9.892090,17.632940,0.274912,0.412497,-0.136963,7.744000,23.223613

3.195702,2.070628,8.459867,17.632940,0.438520,0.582500,-0.118844,7.736000,23.223613

-0.997977,1.668265,7.075546,17.638823,0.344192,0.597155,-0.180130,7.736000,23.223613

0.019906,-0.393847,8.510163,17.618235,0.039625,0.264077,-0.163076,7.732000,23.223613

1.792220,-0.144765,8.546088,17.635881,0.158468,0.396509,-0.035974,7.736000,23.223613

-0.375272,0.269574,9.707673,17.635881,0.052416,0.405302,0.118042,7.732000,23.223613

-0.459098,2.087393,11.012959,17.647646,0.074532,0.453265,0.232354,7.728000,23.223613

-0.020809,2.161639,10.385464,17.632940,0.159800,0.367198,0.243812,7.728000,23.223613

0.417479,-0.099259,10.272898,17.647646,0.167527,0.285394,0.244345,7.728000,23.223613

-3.249296,2.278995,10.677656,17.647646,0.276511,0.408766,0.216633,7.716000,23.223613

0.738412,4.563844,9.226274,17.641764,0.081993,0.275535,0.161208,7.724000,23.223613

-1.991910,1.277877,7.928173,17.644705,0.135019,0.311774,0.022382,7.720000,23.223613

-1.872159,3.306458,9.405901,17.632940,0.118498,0.202791,0.090329,7.724000,23.223613

-0.205226,1.316197,9.211904,17.627058,0.064939,0.235299,0.055956,7.724000,23.223613

-0.334557,1.246742,8.962822,17.624117,0.050550,0.321899,-0.024782,7.720000,23.967384

-1.479376,1.811966,9.528047,17.624117,0.000722,0.244892,-0.055426,7.720000,23.967384

-2.336793,2.276600,9.741203,17.627058,0.155270,0.187869,-0.189989,7.724000,23.967384

0.115707,2.664593,10.205837,17.618235,0.078795,0.147100,-0.324819,7.724000,23.967384

-0.799191,0.633617,13.163686,17.627058,0.105975,0.148699,-0.305367,7.720000,23.967384

0.357604,2.161639,9.791499,17.606470,0.257059,0.216114,-0.318424,7.720000,23.967384

-2.607430,3.613021,3.926095,17.606470,0.092119,0.134576,-0.204645,7.712000,23.967384

-0.334557,-2.065571,11.879955,17.597647,-0.060564,-0.084989,-0.086868,7.712000,23.967384

0.120497,2.791529,11.975757,17.594706,0.008183,-0.057277,0.012256,7.704000,23.967384

0.465380,4.393797,10.634545,17.609411,0.135286,-0.002119,-0.019720,7.704000,23.967384

-1.144074,5.423656,8.040739,17.591763,0.026835,0.046644,0.213169,7.712000,23.967384

-0.473468,2.678963,10.090877,17.588821,0.142480,-0.047684,0.134829,7.708000,23.967384

0.659376,2.710098,9.580737,17.579998,0.157135,-0.140946,-0.009328,7.704000,23.967384

1.380277,2.997501,9.118498,17.577057,0.040958,-0.102575,-0.059422,7.712000,23.967384

-0.221991,3.852523,10.066926,17.585880,0.031898,-0.027433,-0.100991,7.712000,23.967384

0.094152,5.735008,7.748547,17.577057,0.121696,-0.042355,-0.053560,7.716000,23.967384

0.817447,0.889884,10.327983,17.579998,-0.092806,-0.055145,0.042633,7.708000,23.967384

1.291661,1.905372,10.771062,17.565292,-0.130111,-0.031696,-0.008262,7.712000,23.967384

0.393529,1.759276,9.983100,17.579998,0.084924,0.041048,-0.026115,7.708000,23.967384

-0.013624,1.929322,9.168794,17.565292,0.151540,0.010138,-0.050896,7.712000,23.967384

-0.880621,3.747142,9.856164,17.556469,0.079861,-0.020771,0.113778,7.712000,23.967384

0.199532,2.865775,10.387858,17.562351,0.065206,0.014402,0.239016,7.708000,23.967384

0.441429,2.506522,8.198811,17.562351,0.240272,0.088745,0.349864,7.712000,22.024060

-2.018256,1.756881,9.530441,17.553528,0.123028,0.002677,0.483895,7.716000,22.024060

-2.504445,1.565279,10.929133,17.571175,0.165929,0.017066,0.626985,7.720000,22.024060

-0.593219,3.421419,9.554392,17.585880,0.223218,-0.010379,0.626185,7.720000,22.024060

-0.468678,1.972432,9.305309,17.559410,0.138217,0.082350,0.719714,7.716000,22.024060

-1.785939,3.464530,8.491003,17.568233,0.082259,0.128981,0.754354,7.716000,22.024060

-4.509076,1.059930,9.899275,17.574116,-0.057367,0.108996,0.690669,7.708000,22.024060

-2.731972,3.402259,10.742321,17.556469,0.093717,0.135109,0.693601,7.712000,22.024060

-3.361862,1.605994,10.921947,17.553528,0.043356,-0.052747,0.592878,7.720000,22.024060

-4.209699,3.694452,10.596226,17.550587,0.179252,-0.024235,0.538786,7.716000,22.024060

-2.142797,2.348450,8.352092,17.544704,0.276511,-0.139347,0.420210,7.716000,22.024060

-0.054340,0.252808,8.170071,17.544704,0.138750,-0.169191,0.454317,7.716000,22.024060

-0.576454,0.236043,11.446457,17.541763,-0.038981,-0.055678,0.502813,7.716000,22.024060

0.022301,3.172337,12.105087,17.538822,0.027102,0.087945,0.524930,7.716000,22.024060

-0.662675,4.113580,11.099179,17.535881,0.234410,0.208919,0.519867,7.716000,22.024060

-1.795519,2.655013,8.165280,17.529999,0.285837,0.037051,0.375444,7.712000,22.024060

-1.814679,1.241951,10.318403,17.524117,0.026569,-0.085255,0.088997,7.716000,22.024060

-0.768055,1.850286,10.895603,17.527058,0.155004,-0.075130,-0.056491,7.716000,22.024060

0.431849,3.835757,7.662326,17.509411,0.201368,-0.059675,-0.213971,7.716000,22.024060

1.274896,2.096973,6.828859,17.512352,0.067338,-0.092183,-0.142559,7.708000,22.024060

3.210072,5.241634,7.978468,17.521175,0.046554,-0.111102,0.096192,7.708000,22.024060

2.721488,2.832244,8.646679,17.515293,0.107573,-0.096180,0.265928,7.704000,22.024060

-0.353717,3.624996,9.619058,17.491764,0.122495,-0.083124,0.364519,7.712000,22.183057

-0.693810,2.619088,10.047766,17.515293,-0.009404,-0.023702,0.445257,7.712000,22.183057

0.544415,4.307577,7.770102,17.494705,0.091852,0.003477,0.535855,7.708000,22.183057

2.268829,3.335198,10.002260,17.503529,0.047086,-0.002385,0.622988,7.704000,22.183057

0.175582,2.686148,10.593830,17.524117,0.070535,0.061299,0.743429,7.716000,22.183057

-0.978817,0.430040,10.105247,17.509411,0.048419,0.070359,0.848149,7.708000,22.183057

-0.032785,0.516261,7.877878,17.485882,0.183515,0.086613,0.938746,7.708000,22.183057

-2.480494,1.306617,10.349538,17.494705,-0.009937,0.145235,0.920893,7.704000,22.183057

-2.327213,2.717283,10.086086,17.503529,0.127025,0.222242,0.935548,7.708000,22.183057

-1.654213,3.500455,7.820397,17.485882,0.297028,0.201458,0.997634,7.708000,22.183057

0.082176,1.486243,6.701923,17.503529,0.020973,0.169749,1.155114,7.712000,22.183057

-1.857789,2.789134,11.578183,17.494705,0.027102,0.332558,1.346700,7.708000,22.183057

0.436639,-0.219010,14.691709,17.497646,0.196039,0.311774,1.408253,7.708000,22.183057

-1.223109,4.257281,9.947175,17.468235,0.315148,0.518282,1.388535,7.712000,22.183057

-2.727181,3.593861,8.998747,17.480000,0.185913,0.417293,1.303800,7.708000,22.183057

-2.619406,1.550909,10.809382,17.480000,0.166195,0.374659,1.311794,7.704000,22.183057

0.786312,2.808294,8.445498,17.468235,-0.000610,0.416227,1.322186,7.700000,22.183057

2.455641,1.929322,10.948293,17.453527,0.173923,0.519615,1.336575,7.704000,22.183057

0.719252,1.071905,10.174702,17.468235,0.149941,0.576105,1.294207,7.704000,22.183057

-3.891161,2.731653,10.169911,17.453527,0.111037,0.762628,1.111147,7.708000,22.183057

-1.493746,3.565120,9.872930,17.462351,0.126759,0.608080,0.871065,7.700000,22.183057

1.964662,2.990316,10.421389,17.474117,0.162465,0.563581,0.669086,7.704000,22.183057

1.971847,1.646710,9.199929,17.456469,0.198704,0.687752,0.351729,7.708000,22.183057

0.903668,4.685990,8.388017,17.441763,0.396685,0.805529,0.006394,7.704000,22.183057

-1.062643,2.940020,9.025092,17.456469,0.121429,0.640322,-0.433269,7.700000,21.681819

1.394647,2.269415,9.937595,17.435881,0.028967,0.522013,-0.628320,7.704000,21.681819

2.755018,1.038375,10.133986,17.424116,0.010048,0.644319,-0.659230,7.696000,21.681819

1.052159,0.964129,9.686118,17.421175,0.012713,0.704540,-0.702929,7.680000,21.681819

-0.202831,2.262230,8.783195,17.438822,0.013512,0.551057,-0.818574,7.672000,21.681819

-0.411198,2.228699,9.760364,17.421175,0.019907,0.393311,-1.088501,7.668000,21.681819

-0.140560,1.052745,9.595107,17.412352,-0.000344,0.294454,-1.191622,7.668000,21.681819

0.175582,1.670660,10.265713,17.412352,0.004985,0.216380,-1.254507,7.656000,21.681819

0.803077,1.917347,9.039463,17.415293,-0.105064,0.091143,-1.204145,7.648000,21.681819

0.683326,4.218961,9.298124,17.406469,-0.011802,0.190533,-1.004298,7.648000,21.681819

-1.294960,1.886212,8.148515,17.397646,0.103310,0.233700,-0.706127,7.648000,21.681819

-1.424291,0.439620,6.682763,17.406469,-0.091208,0.036785,-0.523067,7.644000,21.681819

-0.923732,1.455108,8.009604,17.391764,-0.083214,-0.047151,-0.352798,7.636000,21.681819

-1.536857,1.531749,9.171188,17.403528,-0.240160,0.181740,-0.309098,7.644000,21.681819

-2.710416,3.668106,8.752060,17.403528,-0.091474,0.143903,-0.243282,7.624000,21.681819

-0.439938,2.453831,11.501543,17.394705,-0.135707,-0.010113,-0.288047,7.616000,21.681819

-1.117728,3.105277,10.045371,17.391764,0.075598,-0.002385,-0.253674,7.616000,21.681819

-0.700995,-0.096864,7.832372,17.385881,0.002587,-0.098045,-0.338142,7.616000,21.681819

-1.793124,1.814361,8.797565,17.400587,-0.158889,-0.102842,-0.448191,7.604000,21.681819

-0.530949,1.558094,8.902946,17.394705,-0.231900,-0.147341,-0.431937,7.604000,21.681819

0.314493,2.262230,9.051437,17.403528,-0.174877,-0.072465,-0.432204,7.596000,21.681819

0.824632,0.631221,9.726833,17.365294,-0.139704,-0.055944,-0.421012,7.588000,21.681819

-1.043483,-0.372292,10.385464,17.388823,-0.154093,-0.086588,-0.391168,7.588000,21.681819

-1.515302,1.680240,9.607082,17.388823,-0.176742,-0.085788,-0.299505,7.564000,21.681819

-2.332003,1.675450,9.580737,17.382940,-0.095205,-0.088186,-0.240883,7.564000,21.681819

-0.868646,1.962852,10.373488,17.377058,-0.079483,-0.135084,-0.214504,7.560000,21.681819

-1.373995,2.034703,9.738809,17.394705,-0.095205,-0.041555,-0.274724,7.564000,21.681819

-0.554899,3.014266,9.058622,17.365294,-0.036583,-0.074863,-0.292577,7.568000,21.681819

-0.942892,2.482572,8.792775,17.371176,-0.038714,-0.075663,-0.264599,7.548000,21.681819

0.240248,1.074300,9.420271,17.377058,-0.022194,-0.126557,-0.241416,7.560000,21.681819

-1.163234,1.483848,8.304192,17.365294,-0.021927,-0.099644,-0.172669,7.552000,21.681819

-1.493746,1.486243,9.413086,17.359411,-0.081348,-0.138281,-0.053294,7.544000,21.681819

-1.651818,1.656290,8.869416,17.359411,-0.007805,-0.151071,0.114311,7.548000,15.504095

-2.154772,1.634735,9.544811,17.371176,-0.024059,-0.176652,0.181726,7.552000,15.504095

-1.402736,1.867052,8.522139,17.377058,0.093451,-0.112434,0.307763,7.552000,15.504095

-1.472191,2.295760,9.815449,17.368235,-0.026191,-0.125225,0.417812,7.536000,15.504095

-0.372877,1.898187,8.591594,17.356470,0.023638,-0.125225,0.532657,7.540000,15.504095

-1.443451,0.645592,9.293335,17.368235,-0.056834,-0.107105,0.580887,7.524000,15.504095

-2.157167,3.088511,7.089916,17.374117,-0.081082,-0.095914,0.594477,7.528000,15.504095

-1.872159,0.276759,10.021420,17.362352,-0.098136,-0.108970,0.635512,7.524000,15.504095

-1.920060,0.971314,9.858560,17.347647,-0.044577,-0.035160,0.608066,7.504000,15.504095

-2.070946,0.358189,11.602134,17.356470,-0.083480,0.002944,0.458847,7.516000,15.504095

0.728832,1.194051,10.694421,17.362352,-0.230834,-0.149206,0.231288,7.512000,15.504095

1.636544,4.750655,9.001143,17.350588,0.077197,0.072491,0.098057,7.532000,15.504095

0.065411,1.543724,8.665839,17.359411,0.055613,0.154561,0.011457,7.516000,15.504095

-1.826654,0.312684,10.229787,17.356470,-0.172745,0.030656,-0.049563,7.524000,15.504095

-0.890202,1.395233,11.084809,17.353529,-0.103198,0.015468,-0.199582,7.512000,15.504095

-0.854276,2.571187,7.920988,17.344706,-0.109061,0.170815,-0.338675,7.504000,15.504095

-0.233966,2.834639,8.601173,17.332939,0.025237,0.077553,-0.457784,7.500000,15.504095

1.255736,1.960457,9.326865,17.359411,-0.121584,0.055437,-0.531860,7.484000,15.504095

0.395924,0.803663,9.693303,17.347647,-0.014200,0.037051,-0.615263,7.480000,15.504095

-0.763265,2.422696,9.389135,17.362352,-0.074687,0.070625,-0.642442,7.476000,15.504095

0.386344,1.570069,9.767549,17.368235,-0.061364,-0.106839,-0.687741,7.460000,15.504095

-1.625473,3.043006,9.578342,17.347647,-0.045376,-0.063938,-0.599275,7.476000,15.504095

-0.990792,1.474268,8.491003,17.374117,0.019641,-0.103375,-0.573162,7.452000,15.504095

-1.371600,-0.966257,11.810500,17.344706,0.027102,-0.041289,-0.496687,7.472000,15.504095

-1.711693,1.955667,8.754455,17.338821,-0.105330,-0.071133,-0.352798,7.452000,15.504095

-2.499655,2.413116,8.388017,17.341763,0.039625,0.004543,-0.189456,7.428000,15.504095

-0.887806,-0.195060,10.296848,17.359411,0.100379,-0.113500,-0.011992,7.444000,15.504095

-0.823141,1.936507,7.719806,17.347647,0.013246,-0.196637,0.022115,7.416000,15.504095

-1.067433,-1.263239,8.491003,17.338821,-0.057367,-0.107905,0.126035,7.420000,15.504095

-0.473468,-0.089679,11.345866,17.327057,-0.011269,-0.140946,0.277120,7.368000,15.504095

-1.132098,0.185748,8.924501,17.347647,-0.049107,-0.087120,0.233420,7.356000,15.504095

-0.976422,0.137847,9.767549,17.332939,-0.014466,-0.159598,0.327215,7.300000,15.504095

-0.063920,2.080208,10.193862,17.332939,0.098514,-0.042888,0.362121,7.324000,15.504095

-0.380062,0.921019,9.231064,17.353529,0.149408,-0.044220,0.324284,7.240000,15.504095

0.973124,0.386930,10.179492,17.335880,-0.027523,-0.072199,0.302700,7.256000,15.504095

0.297728,2.463411,10.730347,17.338821,0.073999,-0.017307,0.213169,7.176000,15.504095

1.032999,0.269574,9.166399,17.350588,-0.018730,-0.060208,0.104985,7.036000,15.504095

0.525255,1.138966,10.521979,17.335880,-0.020062,-0.042088,0.139625,6.880000,15.504095

0.956359,0.379744,10.565090,17.335880,0.007650,0.016001,0.059153,6.724000,15.504095

-0.753685,0.643197,11.295571,17.327057,0.032964,-0.003451,-0.010926,6.584000,15.504095

0.060621,-0.532758,9.748388,17.332939,-0.018996,-0.063405,-0.017055,6.408000,15.504095

0.146842,-1.169833,10.122011,17.344706,-0.101067,-0.092983,-0.004265,6.264000,11.971851

-0.629144,-1.306349,9.760364,17.327057,-0.009670,-0.016774,0.141757,6.124000,11.971851

-0.698600,-1.064452,9.846584,17.338821,0.022039,-0.086854,0.194783,5.976000,507.894667

-0.981212,-0.413007,9.777128,17.321175,0.006584,-0.086321,0.202510,5.836000,507.894667

-1.170419,-0.597424,10.078901,17.318233,0.083858,-0.122027,0.189187,5.696000,1199.226135

-0.305817,-1.220129,9.724438,17.338821,-0.000610,-0.155335,0.106584,5.556000,538.356918

0.374369,0.688702,10.567485,17.338821,0.000722,-0.144143,-0.019453,5.428000,538.356918

0.867743,0.037257,10.790222,17.335880,0.098247,-0.117231,-0.112715,5.296000,538.356918

1.523978,-0.180690,9.892090,17.335880,0.144612,-0.136416,-0.205444,5.156000,538.356918

1.088085,3.124437,9.487331,17.321175,0.143812,-0.044486,-0.289113,4.960000,538.356918

-0.461493,3.227422,8.886181,17.338821,0.043622,-0.050615,-0.262200,4.832000,538.356918

1.303637,5.409286,8.292216,17.353529,0.079595,-0.089785,-0.085269,4.704000,538.356918

-1.556017,3.584280,9.123288,17.335880,0.051616,0.093275,0.026911,4.572000,538.356918

-2.147587,2.458621,8.970007,17.329998,-0.022194,-0.025834,0.098590,4.440000,538.356918

-0.636329,1.172496,9.245434,17.332939,-0.021661,0.000279,0.118841,4.320000,538.356918

-0.878226,1.491034,9.700488,17.329998,0.032431,0.015201,0.119640,4.196000,538.356918

0.896483,2.140084,9.391530,17.321175,0.025769,-0.011712,0.143622,4.076000,538.356918

0.077386,3.248978,9.374765,17.312351,0.020973,0.095140,0.201977,3.952000,538.356918

-0.581244,3.371124,9.168794,17.356470,0.012713,0.049841,0.227824,3.840000,538.356918

-1.072223,2.611902,9.216694,17.318233,-0.007272,0.044778,0.176130,3.624000,538.356918

-0.621959,2.410721,9.274175,17.327057,-0.005940,0.026926,0.113778,3.492000,538.356918

-0.399222,2.204749,9.398716,17.329998,0.001521,0.009872,0.046896,3.388000,538.356918

-0.135770,2.645433,9.362790,17.324116,0.005785,0.023195,0.007993,3.292000,538.356918

-0.162116,3.038216,9.190349,17.338821,-0.001943,0.013069,0.005061,3.232000,538.356918

-0.219596,2.947205,9.338840,17.332939,-0.012068,0.034919,0.007193,3.188000,538.356918

-0.506998,2.240674,9.231064,17.344706,-0.020062,0.037318,-0.018387,3.116000,538.356918

-0.521369,2.075418,9.449011,17.303528,-0.014733,0.020264,-0.088733,3.064000,538.356918

-0.126190,2.461016,9.516071,17.315292,-0.001410,0.030922,-0.141759,3.020000,538.356918

-0.183671,2.726864,9.144843,17.329998,0.002321,0.020530,-0.132700,2.976000,538.356918

-0.370482,2.683753,9.358000,17.332939,-0.015799,0.033054,-0.098592,2.920000,538.356918

-1.100963,2.482572,9.393926,17.321175,-0.013401,0.034386,-0.107652,2.876000,538.356918

-0.717760,2.365216,9.214299,17.321175,-0.003275,0.007207,-0.111383,2.828000,538.356918

-0.562084,2.140084,9.403505,17.318233,-0.013667,0.014935,-0.103922,2.788000,538.356918

-0.736920,2.439461,9.396320,17.321175,-0.010203,0.021596,-0.105254,2.740000,538.356918

-0.538134,2.609508,9.221484,17.300587,0.000722,-0.002652,-0.103922,2.704000,538.356918

-0.420778,2.616693,9.389135,17.306469,-0.016065,0.013336,-0.118044,2.660000,538.356918

-1.026718,2.434671,9.346025,17.309410,-0.007272,0.005609,-0.151885,2.620000,538.356918

-0.720155,2.360425,9.362790,17.297646,-0.004607,-0.014643,-0.176666,2.576000,538.356918

-0.626749,2.482572,9.367580,17.327057,-0.007005,-0.003451,-0.163343,2.532000,538.356918

-0.765660,2.506522,9.259805,17.324116,-0.005673,-0.009846,-0.111916,2.480000,538.356918

-0.751290,2.480176,9.422666,17.329998,-0.008338,-0.003984,-0.053560,2.444000,538.356918

-0.835116,2.362821,9.379556,17.303528,-0.000077,-0.010912,-0.004265,2.400000,538.356918

-0.554899,2.341265,9.365185,17.318233,-0.001943,-0.006382,0.034372,2.360000,538.356918

-0.176486,2.480176,9.379556,17.306469,0.000722,-0.008514,0.072743,2.320000,538.356918

-0.152535,2.405931,9.379556,17.309410,-0.004607,0.013602,0.091129,2.284000,538.356918

-0.957262,2.219119,9.300520,17.321175,-0.000344,0.010671,0.053824,2.244000,538.356918

-0.698600,2.494547,9.346025,17.306469,0.006584,-0.007182,0.000532,2.208000,538.356918

-0.562084,2.690938,9.307705,17.324116,0.002321,-0.006116,-0.013857,2.172000,538.356918

-0.502208,2.530472,9.408296,17.338821,-0.001410,-0.005050,-0.030112,2.136000,538.356918

-0.763265,2.310130,9.288545,17.315292,0.002321,-0.013843,-0.039971,2.092000,538.356918

-0.729735,2.358031,9.341235,17.309410,0.003387,-0.011445,-0.033576,2.056000,538.356918

-0.717760,2.458621,9.427456,17.306469,0.001788,-0.015176,-0.023184,2.020000,538.356918

-0.672255,2.686148,9.283754,17.327057,0.003920,-0.012511,0.008259,1.988000,538.356918

-0.533344,2.647828,9.317285,17.303528,0.000988,-0.023969,0.046363,1.956000,538.356918

-0.499813,2.458621,9.377160,17.300587,-0.003541,0.000812,0.063950,1.916000,538.356918

-0.514183,2.326895,9.348420,17.315292,0.003120,-0.015176,0.053025,1.884000,538.356918

-0.181276,2.444251,9.372371,17.297646,0.003387,-0.006116,0.038636,1.852000,538.356918

-0.135770,2.528077,9.322075,17.312351,0.002054,-0.000254,0.034639,1.824000,538.356918

-0.686625,2.633458,9.233459,17.315292,-0.000877,0.003743,0.026911,1.772000,538.356918

-0.648305,2.506522,9.381950,17.318233,-0.003275,0.002144,-0.016788,1.732000,538.356918

-0.499813,2.458621,9.286150,17.324116,-0.004341,0.000279,-0.027980,1.700000,538.356918

-0.372877,2.544842,9.331655,17.318233,-0.004074,-0.003451,-0.013591,1.672000,538.356918

-0.332162,2.489757,9.417875,17.332939,-0.003275,0.008007,-0.005597,1.644000,538.356918

-0.621959,2.379586,9.283754,17.318233,-0.003541,0.010138,-0.009594,1.612000,538.356918

-0.600404,2.477782,9.341235,17.321175,-0.000610,0.002944,-0.003998,1.584000,538.356918

-0.387247,2.609508,9.322075,17.341763,0.001788,0.007740,0.014388,1.556000,538.356918

-0.473468,2.664593,9.295730,17.312351,-0.004607,0.015734,0.042100,1.528000,538.356918

-0.626749,2.439461,9.322075,17.306469,-0.004607,0.006141,0.050627,1.500000,538.356918

-0.430358,2.429881,9.228669,17.309410,-0.004874,0.010671,0.036504,1.472000,538.356918

-0.437543,2.410721,9.358000,17.303528,-0.007005,0.014935,0.027178,1.440000,538.356918

-0.653095,2.439461,9.245434,17.312351,-0.004074,0.011204,0.018918,1.420000,538.356918

-0.684230,2.358031,9.417875,17.327057,-0.009137,0.005609,-0.027713,1.356000,538.356918

-0.662675,2.441856,9.324470,17.312351,-0.004607,0.002144,-0.066617,1.328000,538.356918

-0.581244,2.537657,9.365185,17.324116,-0.003808,-0.001053,-0.089799,1.304000,538.356918

-0.602799,2.504127,9.389135,17.324116,-0.007272,0.001079,-0.092197,1.280000,538.356918

-0.641119,2.501732,9.252620,17.309410,-0.000077,-0.008248,-0.073811,1.260000,538.356918

-0.602799,2.453831,9.437036,17.327057,-0.004074,-0.000520,-0.032776,1.240000,538.356918

-0.734525,2.317315,9.374765,17.341763,-0.002476,-0.001320,-0.002399,1.220000,538.356918

-0.741710,2.393956,9.255014,17.321175,-0.000877,0.002677,0.035172,1.200000,538.356918

-0.408803,2.602323,9.405901,17.324116,0.000722,-0.001852,0.085000,1.180000,538.356918

-0.392037,2.530472,9.226274,17.312351,-0.003541,0.007740,0.060752,1.164000,538.356918

-0.447123,2.350845,9.262199,17.315292,-0.004874,0.002677,0.012522,1.152000,538.356918

-0.521369,2.372401,9.257409,17.312351,0.000455,-0.003718,-0.037306,1.136000,538.356918

-0.348927,2.530472,9.417875,17.303528,-0.001410,0.001079,-0.066883,1.124000,538.356918

-0.631539,2.532867,9.312495,17.315292,-0.004074,0.009605,-0.085536,1.108000,538.356918

-0.823141,2.489757,9.338840,17.297646,-0.003808,0.001878,-0.082072,1.100000,538.356918

-0.439938,2.427486,9.446616,17.327057,-0.005407,0.001345,-0.056225,1.092000,538.356918

-0.456703,2.465806,9.427456,17.303528,-0.004074,0.011471,-0.011193,1.076000,538.356918

-0.720155,2.441856,9.369975,17.309410,-0.000610,0.012004,0.042366,1.072000,538.356918

-0.796796,2.595137,9.298124,17.306469,0.001255,0.015468,0.089797,1.060000,538.356918

-0.691415,2.607113,9.204719,17.327057,-0.002742,0.006674,0.105784,1.052000,538.356918

-0.883016,2.472991,9.219090,17.318233,-0.015799,0.012270,0.070878,1.044000,538.356918

-0.672255,2.374796,9.346025,17.321175,-0.003009,-0.008248,0.005061,1.036000,538.356918

0.283358,2.484967,9.358000,17.306469,-0.005673,-0.011978,-0.030378,1.032000,538.356918

0.046251,2.472991,9.506492,17.332939,-0.012601,0.033321,-0.057024,1.024000,538.356918

-1.498536,2.180799,9.391530,17.300587,0.000988,0.021063,-0.112182,1.016000,538.356918

-1.014742,2.616693,9.348420,17.321175,-0.003808,-0.019705,-0.085003,1.012000,538.356918

-0.037575,2.913675,9.290939,17.306469,-0.002742,-0.007448,0.022382,1.004000,538.356918

-0.401617,2.386771,9.403505,17.315292,-0.010203,0.025327,0.086599,1.000000,538.356918

-0.914152,2.283785,9.319680,17.315292,-0.004874,0.010405,0.078872,0.992000,538.356918

-0.574059,2.578372,9.362790,17.315292,-0.002476,0.006674,0.051159,0.988000,538.356918

-0.562084,2.590347,9.240644,17.309410,-0.003275,0.008007,0.032241,0.984000,538.356918

-0.504603,2.441856,9.343630,17.306469,-0.008338,0.000279,-0.001067,0.980000,538.356918

-0.176486,2.348450,9.221484,17.312351,-0.011802,0.006408,-0.034375,0.976000,538.356918

-0.430358,2.324500,9.331655,17.306469,-0.007005,0.019465,-0.076743,0.972000,538.356918

-0.921337,2.386771,9.405901,17.309410,-0.002742,0.014935,-0.094862,0.968000,538.356918

-1.000372,2.326895,9.439431,17.318233,-0.001410,0.000812,-0.085536,0.964000,538.356918

-0.930917,2.262230,9.439431,17.324116,0.001521,-0.004517,-0.063952,0.960000,538.356918

-0.715365,2.611902,9.278965,17.294704,0.001255,0.000013,-0.008528,0.956000,538.356918

-0.698600,2.578372,9.393926,17.303528,-0.000077,0.000279,0.085800,0.956000,538.356918

-0.657885,2.470596,9.221484,17.315292,0.000988,0.001345,0.106051,0.952000,538.356918

-0.899782,2.535262,9.348420,17.297646,-0.002209,0.005342,0.073542,0.952000,538.356918

-0.454308,2.631063,9.221484,17.303528,-0.004607,-0.006116,0.054357,0.944000,538.356918

-0.281867,2.568792,9.350815,17.312351,-0.004074,0.001878,0.044764,0.944000,538.356918

