ax,ay,az,gx,gy,gz,temp,volt,vel

-0.322582,2.197564,9.398716,16.032940,-0.008604,0.007207,-0.000001,3.500000,0.000000

-0.262706,2.197564,9.413086,16.056469,-0.003275,0.004010,0.003996,3.344000,0.000000

-0.480653,2.087393,9.365185,16.062351,-0.005140,0.004809,-0.001600,3.276000,0.000000

-0.308212,2.231094,9.293335,16.044704,-0.005940,0.002144,0.000798,3.232000,0.000000

-0.317792,2.209539,9.484936,16.050587,-0.006206,0.006674,0.001864,3.188000,0.000000

-0.279472,2.161639,9.401111,16.068233,-0.005140,0.000279,-0.003199,3.148000,0.000000

-0.320187,2.075418,9.401111,16.059410,-0.011269,0.003210,-0.009860,3.100000,0.000000

-0.365692,2.219119,9.360395,16.068233,-0.001943,-0.000254,-0.020519,3.064000,0.000000

-0.334557,2.233490,9.338840,16.065292,-0.004074,0.003477,-0.017055,3.024000,0.000000

-0.439938,2.173614,9.422666,16.077057,-0.010736,0.007740,0.001065,2.988000,0.000000

-0.521369,2.037098,9.492122,16.085880,-0.001943,0.000546,-0.001600,2.948000,0.000000

-0.595614,2.032308,9.403505,16.097647,0.002054,-0.010379,-0.039438,2.904000,0.000000

-0.138165,2.362821,9.355605,16.100588,0.008982,-0.021837,-0.055159,2.864000,0.000000

-0.090265,2.441856,9.355605,16.103529,-0.008071,0.000812,-0.043168,2.828000,0.000000

-0.413593,2.331685,9.571157,16.082939,-0.011269,0.007207,-0.020785,2.788000,0.000000

-0.296237,2.104158,9.405901,16.100588,-0.005673,-0.003185,-0.015190,2.752000,0.000000

-0.217201,2.089788,9.413086,16.091763,-0.000610,-0.002119,-0.019986,2.720000,0.000000

-0.181276,2.298155,9.334050,16.082939,-0.005407,-0.000254,-0.027447,2.684000,0.000000

-0.126190,2.465806,9.281360,16.106470,-0.014200,0.013602,-0.016522,2.640000,0.000000

-0.202831,2.288575,9.434641,16.103529,-0.012601,0.018399,-0.007196,2.604000,0.000000

-0.171696,2.166429,9.508886,16.112352,-0.008071,0.014135,-0.019986,2.572000,0.000000

-0.463888,2.013148,9.453801,16.091763,-0.007272,0.010405,-0.055692,2.528000,0.000000

0.137262,2.302945,9.118498,16.127058,-0.013401,0.005342,-0.081805,2.496000,0.000000

-0.444728,1.989197,9.520862,16.115294,-0.029921,0.050641,-0.085003,2.460000,0.000000

-0.557294,2.161639,9.724438,16.112352,-0.004607,0.017333,-0.095395,2.424000,0.000000

-0.674650,1.852681,9.643007,16.127058,-0.010203,0.013602,-0.104721,2.392000,0.000000

-0.770451,1.792806,9.365185,16.138823,-0.005673,0.009872,-0.116179,2.356000,0.000000

-1.409921,1.529354,9.319680,16.129999,0.016177,-0.024502,-0.191321,2.324000,0.000000

-1.036298,2.065838,9.070598,16.115294,0.024437,-0.039957,-0.231824,2.292000,0.000000

-0.291447,2.746024,9.219090,16.127058,-0.003275,-0.010379,-0.156415,2.260000,0.000000

-1.211134,2.032308,9.817844,16.129999,0.020440,-0.025301,-0.006663,2.228000,0.000000

-0.130980,2.053863,9.415481,16.141764,0.000189,-0.027966,0.110581,2.184000,0.000000

-0.868646,2.370006,8.646679,16.135881,0.012446,0.013869,0.219830,2.156000,0.000000

-1.285380,1.002450,9.930409,16.135881,0.051616,-0.071666,0.227824,2.124000,0.000000

0.403109,2.657408,8.644284,16.153528,0.011380,-0.019705,0.192918,2.076000,0.000000

-0.348927,2.757999,9.089758,16.121176,-0.007538,-0.028499,0.275521,2.044000,0.000000

-0.001649,1.998778,9.360395,16.165293,-0.003275,-0.020505,0.196115,2.012000,0.000000

0.000746,1.050350,9.324470,16.153528,-0.016065,-0.010646,0.014921,1.984000,0.000000

0.245038,2.743629,9.956755,16.162352,-0.009404,-0.034361,-0.099125,1.956000,0.000000

0.496515,2.774764,9.456196,16.153528,0.025237,0.028258,-0.184393,1.920000,0.000000

-0.756080,1.720955,9.386741,16.144705,0.016710,-0.019705,-0.259536,1.896000,0.000000

-0.641119,1.958062,9.257409,16.153528,0.008982,-0.032496,-0.144957,1.852000,0.000000

-0.602799,2.810689,9.453801,16.162352,-0.013134,0.009339,0.028777,1.832000,0.000000

-0.684230,1.730535,9.020303,16.147646,0.031365,-0.036493,0.184657,1.800000,0.000000

-0.257916,2.602323,9.413086,16.165293,-0.001676,-0.015442,0.256336,1.776000,0.000000

-0.950077,2.348450,9.432246,16.165293,0.020440,-0.030897,0.264063,1.752000,0.000000

0.067806,2.559212,9.228669,16.179998,-0.017131,-0.034094,0.248875,1.720000,0.000000

0.568365,2.140084,9.540022,16.182940,0.006584,-0.029831,0.089797,1.664000,0.000000

0.451009,1.886212,9.286150,16.174116,-0.003009,-0.001586,0.034639,1.636000,0.000000

0.156422,2.094578,9.358000,16.194704,-0.008338,-0.004784,0.015453,1.604000,0.000000

-0.432753,2.429881,9.583132,16.177057,-0.001943,0.001079,-0.030112,1.580000,0.000000

-0.380062,2.676568,9.513677,16.171175,0.006584,-0.014376,-0.054360,1.548000,0.000000

-0.229176,2.607113,9.353210,16.165293,0.010315,-0.013577,-0.051162,1.520000,0.000000

-0.406408,3.495665,9.288545,16.177057,0.074266,0.037051,-0.057291,1.492000,0.000000

-1.412316,3.043006,9.391530,16.179998,-0.131710,0.038117,-0.066084,1.468000,0.000000

2.860399,1.625154,9.171188,16.182940,-0.040580,-0.105506,0.032507,1.440000,0.000000

1.071320,0.877909,9.884905,16.182940,0.008716,0.083948,-0.008795,1.412000,0.000000

0.563575,2.391561,9.449011,16.203527,0.013512,0.043446,-0.058890,1.388000,0.000000

-0.837511,2.437066,9.123288,16.179998,-0.040313,0.083682,-0.065285,1.364000,0.000000

-0.641119,2.214329,9.298124,16.182940,-0.035250,0.016001,-0.135897,1.340000,0.000000

-0.516578,2.017938,9.523256,16.182940,-0.023260,0.052239,-0.182795,1.312000,0.000000

-0.516578,1.747301,9.274175,16.185881,-0.007005,0.011737,-0.150819,1.292000,0.000000

-1.450636,1.534144,9.281360,16.188822,0.004452,0.051973,-0.091664,1.268000,0.000000

-0.969237,2.372401,9.559182,16.177057,0.020174,-0.012511,-0.017588,1.244000,0.000000

0.098942,2.899305,9.494516,16.171175,-0.003009,0.014135,0.108715,1.232000,0.000000

0.771942,2.681358,9.384345,16.191763,-0.011002,0.025860,0.183591,1.212000,0.000000

-0.073500,2.307735,9.508886,16.177057,-0.019529,0.057569,0.173999,1.196000,0.000000

-0.923732,1.790411,9.595107,16.174116,-0.036316,0.027192,0.057288,1.176000,0.000000

-1.488956,1.859866,9.401111,16.194704,-0.009404,0.014135,-0.112182,1.164000,0.000000

-1.136889,2.113739,9.456196,16.197645,0.003387,-0.023702,-0.221165,1.148000,0.000000

-0.736920,2.135294,9.240644,16.171175,-0.001143,-0.025035,-0.270194,1.132000,0.000000

-0.813561,1.941297,9.369975,16.200586,0.008982,-0.030897,-0.233955,1.120000,0.000000

-0.487838,2.135294,9.348420,16.197645,0.009249,-0.034627,-0.114047,1.104000,0.000000

-1.014742,2.053863,9.480146,16.185881,0.003120,-0.027166,0.022648,1.092000,0.000000

-0.897387,2.135294,9.355605,16.182940,0.012979,-0.039957,0.103919,1.084000,0.000000

-0.868646,1.962852,9.391530,16.174116,0.011114,-0.035960,0.154014,1.076000,0.000000

-0.598009,2.113739,9.360395,16.200586,0.028967,-0.046352,0.198780,1.064000,0.000000

-0.104635,2.647828,9.250224,16.200586,0.007117,-0.023969,0.222761,1.056000,0.000000

0.039066,3.026241,9.051437,16.203527,0.034296,-0.041289,0.266195,1.048000,0.000000

-0.459098,2.995106,9.966335,16.194704,0.011380,0.020797,0.296571,1.040000,0.000000

0.985099,3.557935,8.867022,16.188822,-0.021661,0.033321,0.276320,1.036000,0.000000

1.157540,3.483690,8.993958,16.177057,-0.009137,-0.052480,0.252605,1.028000,0.000000

0.577946,3.248978,9.693303,16.194704,0.046554,0.047443,0.154280,1.024000,0.000000

0.671351,2.477782,9.065807,16.218235,0.016177,-0.021038,0.014121,1.016000,0.000000

0.395924,3.145992,8.347301,16.203527,-0.008871,0.052239,-0.046099,1.008000,0.000000

-1.414711,2.554422,9.334050,16.203527,-0.077884,0.157759,-0.033043,1.004000,0.000000

0.656981,3.435789,9.422666,16.206469,-0.065361,0.011204,0.013322,1.000000,0.000000

-0.004044,1.816756,8.962822,16.197645,-0.089875,0.116990,-0.001867,0.992000,0.000000

-1.395551,2.595137,9.772339,16.209410,0.019641,0.078353,-0.019453,0.988000,0.000000

-0.200436,2.537657,9.508886,16.206469,-0.025924,0.006941,0.007993,0.988000,0.000000

-0.425568,2.894515,9.101733,16.197645,-0.000077,0.047976,0.064216,0.980000,0.000000

-0.289052,2.049073,9.319680,16.203527,-0.003808,0.060500,0.046097,0.980000,0.000000

-0.571664,2.595137,8.984377,16.194704,-0.081881,0.026926,0.052225,0.976000,0.000000

-1.156049,3.253768,9.549602,16.224117,0.021240,0.042114,0.067414,0.972000,0.000000

-0.243546,1.735325,9.310100,16.203527,0.008982,0.015468,0.026378,0.972000,0.000000

-0.260311,4.544683,10.047766,16.194704,-0.038714,0.023461,-0.086868,1.288000,0.000000

-0.878226,3.074141,8.950847,16.218235,-0.100267,0.054638,-0.094596,1.260000,0.000000

-0.885411,3.059771,9.872930,16.206469,0.010315,0.027725,-0.138295,1.424000,0.000000

-0.748895,3.428604,9.072993,16.203527,-0.013134,0.001345,-0.146023,1.420000,0.000000

-0.653095,2.849010,9.801079,16.206469,-0.010469,0.019198,-0.110850,1.968000,0.000000

-0.921337,2.966366,9.044252,16.224117,-0.003275,0.039982,-0.109784,2.140000,0.000000

-0.382457,2.575977,9.698093,16.218235,-0.007272,-0.010912,-0.114847,2.624000,0.000000

-0.042365,2.274205,9.324470,16.206469,0.000988,0.015201,-0.083671,2.736000,0.000000

-0.722550,2.422696,8.558064,16.206469,-0.037649,0.019198,-0.062620,3.032000,0.000000

-0.689020,2.872960,9.640613,16.191763,-0.029655,-0.006915,-0.086602,3.080000,0.000000

-1.247059,2.849010,9.334050,16.194704,-0.000344,0.029057,-0.074611,3.152000,0.000000

-1.242269,2.999896,8.694579,16.191763,0.010848,-0.019705,-0.126837,3.556000,0.000000

-1.345255,2.765184,9.183164,16.212351,-0.026191,-0.037825,-0.145756,3.696000,0.000000

-0.765660,3.301668,8.491003,16.218235,-0.052304,-0.049549,-0.141759,4.184000,0.000000

-0.835116,2.849010,9.652588,16.203527,-0.052038,-0.033295,-0.133499,4.200000,0.000000

-0.871041,2.930440,9.185558,16.194704,-0.033119,-0.062872,-0.154283,4.636000,0.000000

-0.854276,2.348450,8.352092,16.200586,-0.059765,-0.092183,-0.197184,5.224000,0.000000

-0.250731,3.627391,9.865745,16.209410,-0.035250,-0.096713,-0.158813,5.392000,0.000000

-0.801586,3.833362,9.650192,16.209410,-0.057900,-0.056744,-0.125772,5.504000,0.000000

-0.921337,2.841825,9.415481,16.200586,0.052416,-0.065004,-0.089799,5.652000,0.000000

-0.667465,2.480176,8.787985,16.209410,-0.012068,-0.051148,0.002663,5.984000,0.000000

-0.902177,3.732772,9.398716,16.203527,0.007117,-0.053013,0.177196,6.036000,0.000000

-1.012347,2.183194,8.986773,16.209410,0.001255,-0.048217,0.281117,6.260000,0.000000

-0.389642,2.616693,8.304192,16.212351,-0.012335,-0.089252,0.386636,6.368000,0.000000

0.199532,2.741234,8.562854,16.218235,0.020707,-0.051148,0.536121,6.404000,0.000000

0.218693,2.923255,9.204719,16.197645,-0.012068,-0.059675,0.666954,6.728000,0.000000

-1.024323,1.991592,8.869416,16.209410,0.037227,-0.014110,0.829763,6.728000,0.000000

-0.404013,2.274205,9.484936,16.185881,0.036961,0.027725,0.915830,6.716000,0.000000

-0.051945,1.977222,8.725715,16.224117,0.058011,0.007474,1.018152,6.852000,0.000000

0.726437,1.938902,8.546088,16.200586,0.013512,0.046377,1.131398,6.740000,0.000000

0.268988,1.950877,9.029882,16.203527,-0.061364,0.105798,1.219864,6.708000,0.000000

-0.605194,1.309012,9.590317,16.200586,-0.025125,0.135376,1.291542,6.656000,0.000000

-0.564479,1.629945,9.312495,16.218235,-0.094139,0.158292,1.312060,6.540000,0.000000

-0.557294,2.892120,10.280083,16.206469,0.044422,0.252086,1.248642,6.504000,0.000000

-0.279472,1.452713,9.451406,16.209410,-0.069891,0.161489,1.049594,6.592000,0.000000

-0.490233,2.398746,9.374765,16.209410,-0.075486,0.111927,0.736234,6.540000,0.000000

-1.048273,3.225028,9.798684,16.218235,-0.037649,0.055437,0.375711,6.788000,0.000000

0.613871,2.010753,9.923224,16.215292,-0.110126,0.044778,0.163340,6.788000,0.000000

0.633031,3.251373,10.229787,16.227058,-0.030188,0.127382,0.050094,6.852000,0.000000

0.994679,3.095696,10.435759,16.206469,-0.017131,0.119921,0.077273,7.000000,0.000000

0.518070,2.089788,9.271779,16.209410,-0.020861,0.124984,0.199846,6.980000,0.000000

-1.306935,3.572305,8.759245,16.206469,0.080661,0.092209,0.340804,7.052000,0.000000

-0.942892,2.235884,9.077783,16.209410,0.011913,0.083416,0.451120,7.060000,0.000000

-0.971632,2.413116,8.998747,16.215292,-0.035783,0.113259,0.526795,7.124000,0.000000

-0.083080,1.977222,8.919712,16.203527,0.077463,0.106864,0.565965,7.136000,0.000000

0.201927,0.839588,9.518467,16.206469,-0.059232,0.166818,0.633380,7.148000,0.000000

0.443824,1.419183,9.681328,16.203527,-0.022194,0.166019,0.667487,7.156000,0.000000

1.191071,1.438343,9.362790,16.188822,-0.080549,0.275002,0.634979,7.080000,0.000000

1.454523,2.223909,10.555510,16.197645,-0.009404,0.236099,0.454051,7.072000,0.000000

0.769547,2.872960,8.361671,16.227058,-0.015799,0.228105,0.317622,7.028000,0.000000

1.842516,5.414076,11.537468,16.224117,0.196039,0.012270,0.087132,7.128000,0.000000

0.448614,0.645592,9.437036,16.224117,-0.066160,0.159624,-0.166540,7.112000,0.000000

0.268988,2.209539,8.613149,16.197645,0.022305,0.187602,-0.200914,7.120000,0.000000

1.907181,2.108948,8.864626,16.209410,-0.055768,0.199327,-0.164409,7.140000,0.000000

-0.461493,4.365057,9.096943,16.215292,0.043622,0.369863,-0.220099,7.156000,0.000000

4.223165,3.921978,8.505373,16.215292,-0.182338,-0.002652,-0.381576,7.184000,0.000000

-1.326095,2.096973,10.854887,16.194704,0.079595,0.312573,-0.545983,7.220000,0.000000

0.563575,2.262230,8.840676,16.197645,0.027901,0.135642,-0.526531,7.168000,0.000000

-0.593219,3.054981,10.133986,16.200586,0.042557,0.284328,-0.637113,7.196000,0.000000

-0.710575,2.118529,8.663445,16.212351,-0.004341,0.227039,-0.727977,7.192000,0.000000

-0.128585,2.793924,8.639494,16.203527,-0.090675,0.156693,-0.737303,7.220000,0.000000

-0.083080,2.326895,10.411809,16.191763,-0.029122,0.155893,-0.794326,7.200000,0.000000

-0.545319,3.208262,9.542417,16.206469,-0.000610,0.200925,-0.841223,7.212000,0.000000

-0.667465,2.008358,8.174860,16.197645,-0.072289,0.114858,-0.845220,7.208000,0.000000

-1.220714,1.253927,9.681328,16.191763,0.014578,0.110861,-0.765015,7.224000,0.000000

-0.334557,1.955667,10.035790,16.203527,-0.070956,0.067161,-0.772210,7.220000,0.000000

0.582735,2.971155,9.769943,16.177057,-0.036583,0.170815,-0.617395,7.240000,0.000000

-0.102240,1.459898,8.553273,16.191763,-0.022727,0.179608,-0.245147,7.200000,0.000000

-0.811166,3.071746,9.046648,16.197645,-0.125315,0.197461,-0.123906,7.216000,0.000000

0.314493,4.374637,9.901670,16.200586,-0.062430,0.216380,-0.244081,7.212000,0.000000

-0.566874,3.962693,8.871811,16.194704,-0.069358,0.232368,-0.383707,7.228000,0.000000

-0.928522,0.786898,8.948452,16.188822,-0.068558,0.239829,-0.561171,7.264000,0.000000

-1.814679,3.574700,8.776011,16.179998,-0.098136,0.271005,-0.846286,7.264000,0.000000

-2.322423,2.700518,10.160332,16.203527,-0.125315,0.192665,-1.108219,7.276000,0.000000

-0.662675,1.522169,9.314890,16.200586,-0.040580,0.132711,-1.302203,7.300000,0.000000

-0.530949,4.786581,8.227551,16.209410,-0.035783,0.211318,-1.451689,7.296000,0.000000

-1.302145,1.802386,9.796288,16.218235,-0.045110,0.139639,-1.352298,7.312000,0.000000

-0.602799,3.028636,9.034673,16.188822,-0.061364,0.093275,-1.296341,7.312000,0.000000

-1.625473,2.214329,9.753179,16.185881,0.012979,0.175345,-1.179098,7.336000,0.000000

-2.437384,3.488480,9.053833,16.177057,-0.038714,0.127915,-1.048265,7.324000,0.000000

-2.408644,1.222791,9.238249,16.174116,0.080128,0.115125,-0.969658,7.344000,0.000000

-2.540370,1.258717,9.058622,16.177057,-0.069624,0.114325,-0.881193,7.352000,0.000000

-1.948800,1.150941,11.266830,16.185881,0.002321,0.063697,-0.838292,7.344000,0.000000

-2.315238,1.241951,10.838122,16.191763,0.134753,0.081550,-0.985646,7.356000,0.000000

-1.888925,-2.051200,10.474079,16.191763,0.232011,-0.022370,-1.108485,7.356000,0.000000

-2.516420,1.103040,9.614267,16.171175,0.182716,-0.086055,-1.184693,7.352000,0.000000

-1.024323,-0.583053,10.993798,16.191763,0.169126,-0.169191,-1.223863,7.356000,0.000000

-2.154772,1.045560,8.914922,16.194704,0.206697,-0.038624,-1.225729,7.344000,0.000000

-2.027836,1.620364,9.480146,16.171175,0.100912,-0.088986,-1.110084,7.336000,0.000000

-2.420619,2.195169,9.334050,16.182940,0.239739,-0.056477,-0.910237,7.344000,0.000000

-3.337911,1.663475,10.177097,16.159410,0.206431,-0.141745,-0.794326,7.352000,0.000000

-3.048114,2.041888,9.293335,16.174116,0.316746,-0.131886,-0.671487,7.356000,0.000000

-2.279313,1.356912,7.940148,16.156469,0.264253,-0.233675,-0.617128,7.364000,0.000000

-2.025441,1.546119,8.079060,16.171175,0.282373,-0.296293,-0.511609,7.372000,0.000000

-0.152535,2.084998,8.646679,16.177057,0.348455,-0.236872,-0.370917,7.368000,0.000000

-1.948800,-0.321996,8.486213,16.153528,0.253328,-0.163329,-0.248078,7.368000,0.000000

-1.965565,-0.432167,9.487331,16.162352,0.177920,-0.211825,-0.156681,7.376000,0.000000

-3.007399,3.083721,10.603411,16.150587,0.223751,-0.201433,-0.030911,7.380000,0.000000

-1.908085,1.960457,9.983100,16.174116,0.428394,-0.184113,-0.019187,7.376000,0.000000

-1.175209,1.273087,8.347301,16.159410,0.226682,-0.195304,-0.111649,7.368000,0.000000

-1.122518,1.457503,9.080178,16.171175,0.139282,-0.174520,-0.148421,7.376000,0.000000

-1.273405,3.608231,9.274175,16.159410,0.195240,-0.114033,-0.228093,7.376000,0.000000

-0.669860,1.411998,9.961545,16.174116,0.107573,-0.142278,-0.219300,7.376000,0.000000

-0.629144,3.071746,8.979588,16.159410,0.207497,-0.237139,-0.219566,7.380000,0.000000

-0.691415,1.186866,10.402228,16.159410,0.224284,-0.226480,-0.244081,7.380000,0.000000

-2.099686,1.194051,10.174702,16.159410,0.197904,-0.267516,-0.290445,7.372000,0.000000

-0.061525,2.712493,8.593988,16.162352,0.121696,-0.176652,-0.241416,7.372000,0.000000

0.084571,2.750814,8.083850,16.159410,0.111570,-0.184113,-0.279787,7.384000,0.000000

-0.787216,3.186707,10.830937,16.188822,0.014844,-0.231277,-0.314960,7.376000,0.000000

-0.023204,3.064561,10.038186,16.159410,0.243469,-0.211026,-0.335478,7.376000,0.000000

0.098942,1.788016,8.000024,16.150587,0.149408,-0.298159,-0.357061,7.368000,0.000000

-2.164352,2.650223,7.247987,16.138823,0.092918,-0.190241,-0.244347,7.368000,0.000000

-1.544042,-0.310021,9.070598,16.168234,-0.054436,-0.277375,-0.202246,7.368000,0.000000

-2.298473,1.960457,12.112272,16.153528,0.101978,-0.167859,-0.196651,7.372000,0.000000

-2.037416,0.370164,11.726674,16.147646,0.098247,-0.103108,-0.100458,7.380000,0.000000

-3.079249,3.330408,9.611873,16.141764,0.137417,-0.041555,0.115910,7.392000,2738.284334

-2.537975,3.186707,10.371094,16.150587,0.242403,-0.164927,0.359723,7.384000,2738.284334

-3.000214,0.925809,9.161609,16.159410,0.157402,-0.104174,0.467107,7.388000,2738.284334

-3.182235,-0.077704,8.878996,16.147646,0.059877,-0.244866,0.560636,7.396000,2738.284334

-1.977540,2.652618,10.114826,16.150587,0.062008,-0.152937,0.536654,7.388000,2738.284334

-1.189579,2.714888,9.678933,16.150587,0.028967,-0.165993,0.564899,7.384000,2738.284334

-1.184789,3.138807,7.686276,16.147646,0.142480,-0.110036,0.636578,7.396000,2738.284334

-1.771569,-0.166320,9.829819,16.162352,-0.030454,-0.114833,0.686939,7.384000,2738.284334

-2.514025,3.778277,9.681328,16.159410,0.030566,-0.034627,0.715983,7.384000,2738.284334

-3.244506,2.240674,8.574828,16.168234,0.062808,-0.064471,0.673882,7.388000,2738.284334

-1.462611,0.691097,9.049043,16.156469,-0.031786,-0.041289,0.586749,7.396000,2738.284334

-1.496141,2.240674,9.156818,16.165293,-0.064828,-0.072731,0.440195,7.388000,2738.284334

-1.232689,2.647828,10.174702,16.156469,0.032964,0.011471,0.397028,7.400000,2738.284334

-1.019533,2.671778,8.114985,16.156469,-0.004074,0.035186,0.391699,7.400000,2738.284334

-1.910480,3.610626,8.026369,16.147646,-0.007805,-0.037026,0.338672,7.400000,2738.284334

-2.118846,1.761671,9.051437,16.165293,0.103576,-0.087653,0.296038,7.396000,2738.284334

-2.370324,-1.275214,8.790380,16.153528,0.001521,-0.086055,0.301101,7.404000,2738.284334

-2.470914,1.596414,9.690907,16.159410,-0.123982,-0.022104,0.309362,7.416000,2738.284334

-2.466124,4.824901,9.714858,16.162352,0.222152,0.061299,0.269126,7.420000,2738.284334

-2.406249,0.262388,10.785432,16.171175,0.035629,-0.128422,0.215034,7.420000,2738.284334

-1.249454,2.341265,9.784313,16.174116,0.021506,-0.088453,0.117509,7.420000,2738.284334

0.975519,1.936507,9.355605,16.171175,0.004186,-0.050882,0.102853,7.420000,2738.284334

-0.001649,2.784344,9.956755,16.174116,0.044155,-0.002385,0.128967,7.416000,2738.284334

0.216298,0.983289,9.604687,16.168234,0.143546,-0.011445,0.062084,7.424000,2738.284334

-1.354835,2.140084,7.949728,16.162352,-0.021394,-0.019972,-0.088733,7.416000,2738.284334

-2.770292,1.922137,9.683722,16.156469,0.019907,-0.035160,-0.168139,7.424000,2738.284334

0.053436,2.839429,8.311377,16.171175,0.093451,-0.155068,-0.326151,7.424000,2738.284334

1.837726,3.481295,8.426337,16.162352,0.066272,-0.129222,-0.173202,7.420000,2738.284334

1.420992,1.924532,8.261081,16.182940,0.084924,0.010938,-0.083138,7.432000,2738.284334

-0.856671,1.498219,10.318403,16.168234,-0.015532,-0.002119,-0.009594,7.436000,2738.284334

-1.328490,4.012989,9.494516,16.177057,0.129956,-0.018906,0.068213,7.428000,2738.284334

-0.674650,2.420301,8.165280,16.177057,-0.052038,-0.022370,0.116443,7.432000,2738.284334

-0.602799,4.032149,8.706554,16.165293,-0.092273,0.018132,0.140691,7.432000,15.626770

-0.700995,1.972432,9.935200,16.174116,-0.092806,0.035186,0.143622,7.436000,15.626770

-0.535739,4.494388,9.319680,16.162352,-0.066960,0.112193,0.114311,7.432000,15.626770

0.096547,2.003568,8.462263,16.153528,-0.017664,0.047976,0.059420,7.436000,15.626770

0.745597,1.754486,11.537468,16.156469,-0.266273,0.063697,-0.024782,7.436000,15.626770

0.757572,4.539894,10.253737,16.156469,0.005252,0.131112,-0.273658,7.444000,15.626770

0.985099,1.457503,9.851375,16.153528,-0.076819,0.040515,-0.397830,7.444000,15.626770

-0.233966,4.381822,9.199929,16.159410,-0.113324,0.126050,-0.497487,7.448000,15.626770

0.635426,1.850286,9.298124,16.159410,-0.069091,0.107930,-0.576360,7.440000,15.626770

0.307308,1.596414,9.654983,16.159410,-0.099201,0.062365,-0.502017,7.440000,15.626770

-0.890202,2.635853,10.339958,16.168234,0.009249,0.112993,-0.405557,7.444000,15.626770

-1.062643,1.239557,9.439431,16.165293,0.015111,0.076754,-0.333879,7.444000,15.626770

-0.669860,3.287298,9.245434,16.156469,0.078263,0.019731,-0.220632,7.452000,15.626770

0.041461,0.777318,9.619058,16.162352,0.067871,-0.017840,-0.024782,7.456000,15.626770

-1.330885,3.143597,9.937595,16.153528,0.035895,0.069559,0.094326,7.456000,15.626770

-1.625473,1.560489,10.071716,16.147646,0.144612,-0.004517,0.161741,7.460000,15.626770

-0.569269,2.441856,9.820239,16.144705,0.048952,0.030390,0.205708,7.448000,15.626770

-1.465006,3.543565,9.247829,16.162352,0.159800,0.026126,0.187322,7.452000,15.626770

-1.242269,1.538934,9.669353,16.162352,0.187512,0.098604,0.112446,7.460000,15.626770

-1.615892,0.935389,8.910131,16.150587,0.108906,0.095406,0.176130,7.464000,15.626770

-1.515302,4.171061,8.725715,16.144705,0.072400,0.038117,0.237683,7.456000,15.626770

-0.689020,1.699400,8.725715,16.144705,0.108373,0.174812,0.282182,7.460000,15.626770

-0.863856,2.999896,8.488607,16.147646,-0.024326,0.209985,0.349597,7.464000,15.626770

-2.358348,1.086275,8.438313,16.135881,-0.034718,0.134576,0.337340,7.468000,15.626770

-1.364415,3.380704,9.238249,16.162352,-0.049107,0.153495,0.213968,7.472000,15.626770

-1.541647,0.288734,9.221484,16.153528,0.033230,0.096206,0.198247,7.468000,15.626770

-3.084039,2.813084,10.510005,16.159410,-0.072822,0.174812,0.181460,7.468000,15.626770

-1.903295,2.554422,7.985653,16.159410,0.151540,0.185204,0.191852,7.464000,15.626770

-2.219437,1.282667,9.259805,16.179998,-0.084546,0.094607,0.156412,7.468000,15.626770

-1.745224,2.791529,9.477751,16.156469,-0.064028,0.014668,-0.019187,7.472000,17.825830

-0.308212,2.906490,9.547207,16.171175,-0.021394,0.009605,-0.246479,7.472000,17.825830

0.640216,2.549632,8.855046,16.171175,0.015111,0.017066,-0.372249,7.472000,17.825830

1.157540,2.808294,9.504096,16.162352,0.073200,0.083948,-0.468709,7.468000,17.825830

0.290543,1.778436,9.961545,16.168234,-0.098402,0.079685,-0.534525,7.472000,17.825830

0.666561,4.484808,9.381950,16.165293,-0.024858,0.118855,-0.423943,7.468000,17.825830

1.217416,3.083721,9.147239,16.168234,-0.006473,0.156693,-0.426341,7.468000,17.825830

0.175582,3.526800,10.050160,16.168234,0.023904,0.169483,-0.426608,7.464000,17.825830

0.836608,1.031190,9.453801,16.162352,0.007916,0.062365,-0.425009,7.460000,17.825830

-0.576454,2.063443,10.481264,16.179998,-0.151961,0.136974,-0.495888,7.468000,17.825830

-1.247059,3.775882,7.803632,16.150587,-0.105064,0.135642,-0.730108,7.476000,17.825830

-1.105753,3.754327,9.975915,16.185881,-0.135707,0.082350,-0.810314,7.472000,17.825830

0.484540,3.749537,9.817844,16.159410,0.067338,0.083682,-1.158580,7.472000,17.825830

1.193465,2.187984,9.255014,16.165293,0.060942,0.042913,-1.283818,7.484000,17.825830

0.292938,2.880145,10.292058,16.162352,-0.127447,0.092742,-1.301671,7.480000,17.825830

0.082176,3.354359,10.862072,16.171175,0.149142,0.136708,-1.388804,7.488000,17.825830

-0.104635,3.433394,9.669353,16.159410,0.079062,0.025860,-1.358427,7.488000,17.825830

-0.380062,3.215447,10.950688,16.165293,0.110505,-0.018107,-1.257971,7.488000,17.825830

-0.993187,0.885094,11.707515,16.159410,0.205632,-0.041022,-1.234522,7.492000,17.825830

-2.566715,1.402418,10.624966,16.168234,0.169926,-0.085255,-1.236654,7.492000,17.825830

-1.690138,0.932994,10.361513,16.179998,0.238673,-0.182248,-1.120476,7.500000,17.825830

-0.875831,0.770133,11.851215,16.174116,0.325007,-0.160398,-1.026948,7.496000,17.825830

-0.392037,2.171219,9.381950,16.165293,0.395086,-0.208361,-0.930488,7.500000,17.825830

-0.035179,1.112620,7.082731,16.159410,0.342593,-0.281638,-0.660029,7.504000,17.825830

-1.754804,2.166429,8.955637,16.165293,0.160067,-0.243001,-0.363723,7.504000,17.825830

-2.013466,1.826336,10.514794,16.168234,0.406544,-0.235806,-0.080739,7.508000,17.825830

-2.542765,1.773646,9.992681,16.150587,0.392688,-0.252594,0.132697,7.500000,17.825830

-4.470756,1.701795,8.591594,16.144705,0.308753,-0.164927,0.318421,7.496000,19.210115

-3.828890,0.499495,7.224037,16.153528,0.220820,-0.262453,0.463110,7.504000,19.210115

-4.978500,0.762947,9.068203,16.153528,0.130756,-0.320009,0.605934,7.496000,19.210115

-2.607430,1.584439,9.868139,16.147646,0.082792,-0.250995,0.614728,7.500000,19.210115

-2.384694,3.854918,9.963940,16.135881,0.130489,-0.124425,0.617659,7.496000,19.210115

-3.187025,2.312525,8.728109,16.127058,0.064939,-0.154003,0.540651,7.496000,19.210115

-2.166747,1.141361,9.492122,16.135881,0.002854,-0.186244,0.427937,7.492000,19.210115

-2.482889,3.675291,10.313613,16.135881,0.106508,-0.185445,0.283781,7.492000,19.210115

-2.358348,1.586834,10.972243,16.153528,0.213625,-0.215822,0.135628,7.496000,19.210115

-2.312843,2.216724,9.041858,16.118235,0.055347,-0.240603,-0.059156,7.492000,19.210115

-2.008676,2.688543,8.522139,16.138823,0.096382,-0.246731,-0.207576,7.500000,19.210115

0.034276,2.053863,9.393926,16.132940,0.048419,-0.292563,-0.184393,7.496000,19.210115

0.228273,3.591465,6.994115,16.150587,0.076930,-0.224615,-0.300837,7.492000,19.210115

-2.696046,2.334080,8.979588,16.147646,0.138750,-0.148940,-0.324819,7.492000,19.210115

-2.075736,2.829849,9.295730,16.124117,0.095050,-0.242735,-0.337343,7.492000,19.210115

-0.408803,3.172337,9.429851,16.135881,0.167527,-0.285369,-0.339741,7.496000,19.210115

-0.770451,1.579649,8.970007,16.147646,0.205898,-0.260321,-0.345070,7.500000,19.210115

-2.396669,1.651500,10.181887,16.141764,0.107840,-0.296826,-0.265398,7.492000,19.210115

-1.282985,2.659803,9.235854,16.132940,0.204832,-0.341592,-0.152418,7.488000,19.210115

-0.928522,4.312366,6.673183,16.141764,0.125160,-0.281105,-0.046366,7.492000,19.210115

0.352814,1.871841,10.529164,16.138823,0.127825,-0.261653,0.091395,7.492000,19.210115

-1.613497,3.510035,10.895603,16.135881,0.163531,-0.244866,0.108982,7.488000,19.210115

-1.323700,4.506363,7.384504,16.112352,0.131555,-0.339727,0.071677,7.488000,19.210115

-0.336952,3.893238,8.098220,16.129999,0.227482,-0.258989,0.308296,7.488000,19.210115

-0.928522,-0.278886,9.851375,16.124117,-0.268672,-0.412738,0.426072,7.484000,19.210115

-0.380062,6.592425,10.452524,16.124117,0.091319,-0.123892,0.529726,7.488000,19.210115

-0.147745,2.077813,8.603569,16.127058,0.022039,-0.234741,0.623254,7.492000,19.210115

-1.433871,3.945928,8.550879,16.141764,-0.138904,-0.099911,0.681876,7.492000,19.210115

-2.379904,1.670660,10.251343,16.129999,-0.049107,-0.108970,0.697331,7.496000,18.836047

-0.526159,4.154295,10.260922,16.124117,-0.069624,-0.138548,0.659493,7.500000,18.836047

0.580340,2.302945,8.304192,16.127058,0.336731,-0.085788,0.585150,7.496000,18.836047

0.570760,3.972274,8.783195,16.129999,-0.107995,0.021063,0.537187,7.500000,18.836047

-1.467401,4.137530,10.615385,16.127058,0.050550,0.101801,0.551576,7.500000,18.836047

-1.100963,3.986644,8.210786,16.109411,0.041224,0.044246,0.418611,7.504000,18.836047

0.434244,1.730535,7.501860,16.129999,0.008716,-0.019705,0.561435,7.496000,18.836047

-0.715365,2.300550,10.282477,16.132940,-0.057100,0.065030,0.525996,7.492000,18.836047

-1.824259,2.116133,10.541140,16.141764,0.103044,0.054105,0.430602,7.496000,18.836047

-1.596732,2.765184,8.440707,16.124117,0.012446,-0.002652,0.386103,7.496000,18.836047

-1.572782,3.387889,7.343788,16.135881,0.049485,-0.023969,0.413548,7.496000,18.836047

-1.515302,1.665870,8.361671,16.132940,-0.083747,-0.039690,0.486559,7.492000,18.836047

-0.653095,4.036940,8.555669,16.144705,-0.049107,0.006141,0.501215,7.500000,18.836047

-1.340465,2.983131,9.561577,16.115294,-0.007805,0.018132,0.476167,7.496000,18.836047

-1.848209,3.466924,10.179492,16.132940,0.015910,-0.036759,0.490556,7.496000,18.836047

-1.915270,2.643038,9.736413,16.124117,-0.112258,-0.063672,0.634446,7.500000,18.836047

-1.417106,2.108948,9.975915,16.132940,-0.001676,-0.054346,0.720247,7.496000,18.836047

-2.638566,2.714888,9.944780,16.121176,-0.082947,-0.076728,0.782599,7.496000,18.836047

-2.310448,2.844219,10.251343,16.118235,-0.070956,-0.151071,0.748758,7.492000,18.836047

-0.988397,2.949600,10.450130,16.132940,0.090520,-0.065271,0.836691,7.504000,18.836047

0.206717,1.883817,8.675420,16.124117,0.023904,-0.106572,0.839888,7.500000,18.836047

-0.392037,1.603599,8.491003,16.124117,-0.098669,-0.094315,0.772473,7.500000,18.836047

-0.576454,3.227422,9.549602,16.129999,-0.043511,-0.003451,0.785264,7.508000,18.836047

0.077386,2.621483,8.565248,16.121176,0.147010,-0.019439,0.729040,7.504000,18.836047

-0.154930,2.245465,8.194020,16.129999,0.008449,0.031189,0.645904,7.504000,18.836047

-0.571664,1.402418,8.071875,16.129999,-0.018730,0.016533,0.613395,7.508000,18.836047

-1.124913,0.695887,10.308823,16.124117,-0.094672,0.019198,0.689870,7.504000,18.524950

0.130077,2.350845,10.143566,16.121176,0.001521,-0.044220,0.762881,7.508000,18.524950

0.776732,0.054022,9.274175,16.129999,0.054014,0.009872,0.860140,7.508000,18.524950

-0.183671,2.616693,9.779524,16.121176,-0.041113,0.181207,0.913965,7.504000,18.524950

0.800682,2.793924,10.050160,16.141764,0.156336,0.135642,0.975518,7.508000,18.524950

0.886903,1.543724,9.049043,16.115294,-0.063229,0.164420,0.944342,7.504000,18.524950

0.994679,4.827296,9.283754,16.124117,-0.038714,0.205455,0.892115,7.504000,18.524950

0.676141,3.670501,9.837004,16.121176,0.186713,0.258748,0.861472,7.504000,18.524950

0.594711,1.297037,9.755573,16.127058,0.015644,0.204123,0.807647,7.512000,18.524950

-0.116610,1.996382,10.138777,16.115294,-0.011269,0.303780,0.620856,7.508000,18.524950

-0.202831,2.564002,10.648915,16.121176,0.067338,0.285128,0.492954,7.508000,18.524950

0.154027,2.255045,10.208232,16.121176,0.041491,0.311507,0.424473,7.516000,18.524950

1.135985,2.810689,8.215575,16.132940,0.105708,0.279532,0.381839,7.512000,18.524950

0.779127,1.716165,8.718530,16.124117,0.014312,0.282197,0.318688,7.516000,18.524950

0.197137,0.748577,9.017907,16.112352,0.029233,0.280331,0.257401,7.516000,18.524950

-1.088988,1.047955,10.320798,16.112352,-0.038448,0.347213,0.211303,7.508000,18.524950

0.367184,2.494547,9.652588,16.121176,0.132621,0.368797,0.164140,7.508000,18.524950

0.812657,2.417906,7.458749,16.121176,0.132354,0.325896,0.152149,7.516000,18.524950

-0.653095,1.131781,9.068203,16.109411,0.023105,0.316837,0.199846,7.512000,18.524950

1.234181,3.227422,8.407177,16.112352,0.118232,0.320567,0.234219,7.512000,18.524950

-0.964447,0.753367,10.589040,16.121176,0.049485,0.312040,0.250473,7.508000,18.524950

0.774337,1.402418,10.933923,16.112352,0.028168,0.292855,0.394896,7.504000,18.524950

-0.030389,2.707703,9.832214,16.115294,0.037760,0.403703,0.379441,7.508000,18.524950

-0.095055,3.526800,8.740085,16.118235,0.016443,0.367731,0.372513,7.500000,18.524950

1.140775,2.875355,8.845466,16.109411,-0.015266,0.331226,0.447123,7.496000,18.524950

-0.883016,2.075418,9.961545,16.115294,-0.057633,0.386650,0.511607,7.492000,18.524950

-0.085475,2.583162,8.414362,16.115294,0.012446,0.345881,0.421809,7.500000,18.524950

-0.593219,2.499337,10.019026,16.127058,-0.088276,0.337621,0.460446,7.500000,18.524950

-1.175209,3.807017,9.532837,16.124117,-0.075220,0.406368,0.475901,7.496000,18.524950

-1.994306,3.862103,10.339958,16.115294,0.020174,0.410365,0.365319,7.500000,18.328407

-1.139284,2.360425,9.022697,16.135881,-0.004074,0.398108,0.226225,7.508000,18.328407

-1.553622,2.240674,8.723320,16.127058,-0.052304,0.319235,0.001597,7.496000,18.328407

-1.455426,1.249136,10.735136,16.112352,-0.175143,0.195063,-0.167073,7.504000,18.328407

1.353932,4.585399,7.997629,16.124117,-0.003275,0.295520,-0.349600,7.500000,18.328407

0.321678,0.300709,11.851215,16.129999,-0.111192,0.213982,-0.401027,7.504000,18.328407

1.923947,4.863221,12.603251,16.118235,-0.017664,0.156160,-0.479900,7.504000,18.328407

2.434086,4.671619,8.720924,16.127058,0.255727,0.308576,-0.527064,7.508000,18.328407

0.676141,1.337752,6.124723,16.144705,-0.092273,0.102867,-0.466311,7.512000,18.328407

-0.135770,1.368887,9.535232,16.121176,-0.141303,0.250221,-0.487361,7.508000,18.328407

-0.588429,2.808294,9.523256,16.118235,0.016976,0.278200,-0.775407,7.504000,18.328407

-0.475863,2.140084,8.687394,16.129999,0.019108,0.135642,-0.777539,7.504000,18.328407

-1.520092,1.371283,7.954518,16.127058,-0.007805,0.091676,-0.872666,7.504000,18.328407

-1.342860,1.344937,8.335326,16.127058,-0.144500,0.017066,-1.004032,7.508000,18.328407

1.071320,2.738839,10.560300,16.115294,0.046021,-0.007182,-0.972323,7.504000,18.328407

0.745597,-0.899196,14.682129,16.129999,0.192575,0.170016,-0.989376,7.512000,18.328407

0.350419,3.644156,8.902946,16.132940,0.141947,0.167618,-0.874531,7.520000,18.328407

0.848583,7.933637,3.193219,16.129999,0.292232,0.044246,-0.598210,7.516000,18.328407

-0.049550,3.593861,7.006091,16.129999,-0.059765,-0.086854,-0.406090,7.512000,18.328407

-3.457662,2.053863,9.393926,16.127058,0.177120,-0.036759,-0.272326,7.512000,18.328407

-2.741552,1.879027,9.693303,16.109411,0.262122,-0.244866,-0.446060,7.512000,18.328407

-1.417106,1.026400,8.787985,16.109411,-0.037649,-0.250462,-0.446326,7.516000,18.328407

-0.047155,3.145992,10.009445,16.132940,-0.009937,-0.111102,-0.311762,7.520000,18.328407

-0.708180,2.377191,10.083691,16.129999,0.085191,-0.104174,-0.305367,7.516000,18.328407

-0.751290,0.547396,9.243039,16.129999,0.203766,-0.213157,-0.295242,7.516000,18.328407

-1.132098,1.682635,9.453801,16.118235,-0.036583,-0.279506,-0.109784,7.512000,18.328407

-0.861461,2.446646,9.894485,16.129999,-0.053370,-0.215822,0.096192,7.512000,18.328407

-0.897387,1.100645,10.704001,16.115294,-0.126381,-0.232342,0.271790,7.512000,18.328407

-2.839747,3.735167,9.410690,16.132940,0.253328,-0.138281,0.384238,7.516000,18.328407

-2.296078,-0.784235,8.684999,16.129999,0.163797,-0.184379,0.523065,7.520000,18.234707

-1.999095,3.040611,7.909013,16.121176,0.083325,-0.143877,0.674948,7.520000,18.234707

-2.300868,-0.369897,9.513677,16.132940,-0.087211,-0.203831,0.777270,7.508000,18.234707

-2.003886,1.378468,9.889694,16.135881,0.025503,-0.035160,0.815640,7.508000,18.234707

-1.354835,-1.337485,10.035790,16.121176,-0.057900,-0.104441,0.805781,7.512000,18.234707

-0.303422,3.672896,8.979588,16.121176,-0.116788,0.001079,0.810045,7.512000,18.234707

-0.902177,3.442974,9.698093,16.124117,0.081727,0.052239,0.778069,7.508000,18.234707

-0.708180,1.469478,8.189230,16.118235,-0.026724,0.042647,0.727708,7.504000,18.234707

-2.075736,1.759276,8.067084,16.100588,-0.011535,0.127382,0.630449,7.520000,18.234707

-0.552504,2.552027,9.010722,16.124117,0.112103,0.049575,0.363720,7.512000,18.234707

0.257013,1.131781,11.525493,16.103529,-0.168748,0.060766,0.207839,7.520000,18.234707

0.285753,1.682635,9.317285,16.129999,-0.169281,0.159890,0.179861,7.516000,18.234707

-1.807494,2.587952,9.429851,16.118235,-0.103998,0.201991,-0.024782,7.520000,18.234707

-0.219596,2.262230,10.172307,16.094706,0.039892,0.142037,-0.244081,7.520000,18.234707

-0.638724,2.290970,8.308981,16.112352,0.051616,0.183605,-0.508945,7.520000,18.234707

-0.121400,0.738997,9.252620,16.118235,-0.221241,0.129514,-0.609934,7.524000,18.234707

0.290543,5.014107,10.804592,16.115294,-0.097070,0.213982,-0.698666,7.528000,18.234707

1.176700,1.603599,10.210628,16.106470,0.191243,0.060233,-0.625655,7.524000,18.234707

1.145565,1.960457,9.432246,16.106470,-0.011002,0.058635,-0.597677,7.524000,18.234707

0.182767,3.263348,9.365185,16.115294,0.057212,0.107930,-0.453521,7.524000,18.234707

-2.008676,2.298155,9.774734,16.103529,-0.060298,0.110861,-0.354663,7.528000,18.234707

-1.273405,4.087235,9.726833,16.100588,0.022572,0.030922,-0.354396,7.520000,18.193137

0.096547,2.262230,9.185558,16.112352,0.048419,-0.014909,-0.360525,7.524000,18.193137

0.125287,2.901700,9.358000,16.091763,-0.105863,-0.035693,-0.426075,7.524000,18.193137

0.142052,3.799832,9.568762,16.085880,0.089987,0.034386,-0.490559,7.528000,18.193137

-0.102240,0.782108,8.474237,16.103529,0.021240,0.037318,-0.553177,7.528000,18.193137

-0.313002,3.193892,10.023815,16.103529,-0.121584,0.023195,-0.564369,7.524000,18.193137

-0.310607,2.827454,9.168794,16.106470,0.034563,0.069027,-0.497753,7.528000,18.193137

0.510885,2.413116,9.583132,16.100588,-0.064561,0.047443,-0.434335,7.532000,18.193137

-0.691415,3.318433,9.777128,16.088821,0.011913,0.142037,-0.443928,7.532000,18.193137

-0.923732,1.656290,9.274175,16.100588,0.049218,0.053838,-0.344271,7.536000,18.193137

-0.851881,1.299432,9.511281,16.074116,0.069469,-0.035427,-0.252075,7.536000,18.193137

-1.826654,1.457503,9.312495,16.082939,0.006051,0.006674,-0.234755,7.536000,18.193137

-0.868646,0.935389,9.295730,16.074116,-0.012068,-0.024768,-0.203046,7.532000,18.193137

-0.439938,2.973551,9.425060,16.091763,-0.063495,0.057835,-0.177998,7.528000,18.193137

-0.763265,2.686148,8.981982,16.094706,0.081727,0.016800,-0.181462,7.532000,18.193137

0.012721,1.526959,9.123288,16.094706,0.059610,0.034386,-0.157747,7.528000,18.193137

-0.909362,1.227581,9.173584,16.088821,0.010048,0.074089,-0.188923,7.528000,18.193137

-1.397946,2.008358,9.690907,16.074116,-0.007538,0.051174,-0.205444,7.532000,18.193137

-2.003886,3.433394,9.046648,16.088821,0.045754,0.140971,-0.265132,7.536000,18.193137

-1.680558,2.633458,7.791657,16.094706,0.036961,0.012803,-0.269395,7.536000,18.193137

-1.637448,1.809571,9.092153,16.077057,0.078263,0.113792,-0.274191,7.532000,18.193137

-1.632658,1.493428,8.220366,16.088821,-0.042711,0.044512,-0.313361,7.540000,18.193137

-1.733248,0.516261,9.192744,16.085880,-0.097869,-0.006116,-0.325352,7.540000,18.193137

-2.446964,3.608231,10.323193,16.074116,-0.082947,0.006408,-0.365588,7.532000,18.193137

-1.848209,3.347173,9.657377,16.082939,0.202967,-0.033828,-0.409021,7.536000,18.193137

-1.565597,1.038375,9.621452,16.079998,0.069736,-0.123626,-0.414617,7.540000,18.193137

-2.839747,2.458621,9.547207,16.082939,0.005785,-0.105773,-0.389303,7.536000,18.193137

-2.231412,1.759276,9.537626,16.085880,-0.047508,-0.086055,-0.357594,7.544000,18.193137

-1.563202,3.347173,9.959150,16.088821,0.032431,-0.090318,-0.387704,7.540000,18.921002

-1.103358,1.594019,9.446616,16.112352,0.216024,-0.112168,-0.447658,7.540000,18.921002

0.316888,2.267020,9.322075,16.068233,0.196572,-0.113234,-0.480433,7.540000,18.921002

-0.554899,0.576136,9.243039,16.082939,0.039892,-0.127889,-0.577958,7.540000,18.921002

-1.872159,3.095696,9.504096,16.100588,0.076397,-0.100444,-0.679747,7.540000,18.921002

-2.111661,0.940179,9.379556,16.065292,0.146743,-0.171589,-0.668023,7.540000,93.205441

-1.666188,1.598809,9.923224,16.088821,0.126492,-0.193439,-0.630718,7.544000,2298.599489

-1.900900,1.069510,9.573552,16.088821,0.162731,-0.176652,-0.548115,7.540000,2481.830024

-1.680558,1.711375,9.542417,16.094706,0.110238,-0.229145,-0.406623,7.548000,2333.362397

-1.448241,2.111343,9.568762,16.077057,0.142214,-0.229145,-0.262467,7.544000,2288.748925

-1.103358,2.197564,9.293335,16.097647,0.161399,-0.278441,-0.110583,7.540000,2300.503665

-0.741710,2.384376,9.350815,16.088821,0.128890,-0.255258,0.072210,7.540000,2333.362397

-2.118846,1.764066,9.161609,16.085880,0.060410,-0.236073,0.178795,7.544000,2278.608296

-1.601522,3.119647,9.137658,16.082939,0.042557,-0.202499,0.225426,7.544000,2306.234837

-0.722550,3.217843,9.906460,16.094706,0.139549,-0.215022,0.261665,7.548000,2245.809314

-0.308212,2.549632,9.714858,16.077057,0.065472,-0.169990,0.229423,7.548000,2183.308205

-0.444728,1.974827,9.293335,16.088821,0.083325,-0.092183,0.233153,7.552000,2455.063509

-1.144074,2.147269,9.175979,16.085880,-0.032053,-0.157999,0.212636,7.544000,2394.936103

0.776732,3.692056,9.865745,16.091763,0.008982,-0.071932,0.137227,7.540000,2390.812685

0.280963,1.766461,9.338840,16.085880,0.081727,-0.029032,0.057821,7.548000,2453.762135

0.393529,1.428763,9.937595,16.082939,-0.000877,-0.055944,-0.018654,7.540000,2306.234837

0.130077,1.105435,8.986773,16.077057,-0.015532,-0.050615,-0.072213,7.540000,2055.030304

-1.335675,0.616851,8.174860,16.085880,-0.050972,-0.021304,-0.138029,7.536000,529.549233

-1.302145,2.449041,10.320798,16.065292,-0.071489,-0.008514,-0.155349,7.548000,529.549233

-0.305817,3.172337,9.350815,16.082939,0.041757,0.019465,-0.196917,7.544000,529.549233

-0.126190,1.962852,10.454919,16.088821,0.027102,-0.031430,-0.172935,7.540000,529.549233

0.213903,2.288575,8.773615,16.085880,0.080394,-0.015708,-0.228093,7.544000,116.525174

-1.184789,0.305499,8.653864,16.085880,-0.039514,-0.090851,-0.266997,7.544000,116.525174

-1.666188,2.856194,10.136381,16.079998,-0.102399,-0.046618,-0.300038,7.540000,116.525174

-1.110543,3.905213,8.852651,16.077057,0.145411,0.004276,-0.299772,7.536000,116.525174

-1.014742,0.748577,8.922107,16.077057,0.033763,-0.081525,-0.263799,7.544000,116.525174

-2.696046,2.734049,9.681328,16.074116,-0.126381,-0.011978,-0.252075,7.548000,116.525174

-2.296078,2.858590,8.435918,16.071175,-0.016865,-0.123093,-0.239285,7.552000,116.525174

-2.157167,2.147269,9.381950,16.082939,-0.011802,-0.115099,-0.184127,7.544000,116.525174

-2.023046,1.886212,10.725556,16.077057,-0.013134,-0.200633,-0.169205,7.544000,116.525174

-2.497260,2.396351,9.075388,16.065292,0.092652,-0.196104,-0.160678,7.548000,116.525174

-1.129703,0.916229,9.396320,16.065292,0.004985,-0.256058,-0.109784,7.544000,116.525174

-1.239874,2.496942,9.065807,16.065292,0.071335,-0.203298,-0.012792,7.544000,116.525174

-0.056735,1.292247,9.396320,16.065292,0.084924,-0.272045,0.071144,7.548000,116.525174

-0.732130,1.182076,9.065807,16.088821,-0.063762,-0.179316,0.176397,7.540000,116.525174

-1.623077,3.035821,9.233459,16.085880,0.031632,-0.130820,0.207040,7.540000,116.525174

-1.927245,1.773646,10.601015,16.079998,0.110238,-0.169724,0.213968,7.544000,116.525174

-1.785939,3.304063,9.003537,16.077057,0.089454,-0.153203,0.183858,7.544000,116.525174

-2.133217,2.554422,8.687394,16.082939,0.052149,-0.203565,0.149484,7.548000,116.525174

-1.912875,2.920860,9.209509,16.088821,0.044688,-0.199301,0.160942,7.544000,116.525174

-1.045878,3.213053,8.397597,16.068233,0.046287,-0.221684,0.205974,7.556000,116.525174

0.345629,1.759276,9.496911,16.082939,-0.006206,-0.183580,0.257135,7.552000,116.525174

-0.341742,2.743629,9.089758,16.077057,-0.002209,-0.171323,0.289643,7.544000,116.525174

0.587526,1.538934,8.694579,16.071175,-0.045643,-0.104441,0.360256,7.548000,116.525174

-0.351322,3.054981,10.203442,16.071175,-0.076819,-0.035160,0.337607,7.544000,116.525174

-0.279472,3.201077,9.080178,16.088821,0.108906,-0.074863,0.332544,7.548000,116.525174

-0.130980,1.594019,8.493398,16.074116,-0.041379,-0.065271,0.305098,7.548000,116.525174

-0.308212,2.607113,9.099339,16.077057,-0.163152,-0.018107,0.181193,7.552000,116.525174

-0.487838,4.008199,9.252620,16.077057,0.052416,0.062898,0.157212,7.560000,116.525174

-0.451913,0.645592,9.887300,16.065292,-0.121851,0.088212,0.140691,7.560000,19.058928

-0.911757,4.195011,9.803473,16.065292,-0.104797,0.126316,0.116709,7.552000,19.058928

-0.607589,2.267020,9.465776,16.077057,0.102777,0.059167,0.099389,7.556000,19.058928

0.242643,1.347332,8.838281,16.056469,-0.013667,0.088745,0.087132,7.552000,19.058928

-1.007557,2.329290,9.010722,16.059410,-0.115456,0.108197,0.073542,7.552000,19.058928

0.350419,4.283627,10.313613,16.053528,0.077730,0.117789,0.054357,7.564000,19.058928

0.031881,1.457503,8.859837,16.068233,0.099313,0.056769,0.033040,7.564000,19.058928

-0.758475,1.452713,8.790380,16.071175,-0.089342,0.011204,0.068480,7.556000,19.058928

-0.748895,1.050350,8.426337,16.062351,-0.046708,0.075688,0.042633,7.556000,19.058928

-1.196764,1.265902,8.543694,16.047646,-0.010469,0.034120,0.034372,7.564000,19.058928

-0.598009,1.158126,9.896879,16.062351,-0.102399,0.000013,0.035172,7.556000,19.058928

-0.722550,3.581886,9.918435,16.038822,0.014045,0.038383,0.091129,7.564000,19.058928

-0.724945,1.744905,8.318562,16.044704,-0.004874,-0.000254,0.184124,7.560000,19.058928

-1.057853,2.734049,9.444221,16.053528,-0.030188,0.005076,0.229156,7.564000,19.058928

-1.352440,3.658526,9.556787,16.050587,-0.029122,0.049841,0.196914,7.552000,19.058928

-1.412316,2.183194,8.900552,16.050587,0.017509,0.061566,0.196914,7.556000,19.058928

-2.195487,1.491034,9.904064,16.047646,-0.121584,0.042647,0.166271,7.560000,19.058928

-1.718878,3.478900,9.245434,16.056469,-0.045376,0.082350,0.171867,7.564000,19.058928

-1.493746,2.839429,9.216694,16.056469,0.010848,0.009073,0.138559,7.564000,19.058928

-0.777636,1.967642,8.064690,16.059410,-0.018996,0.063964,0.130032,7.564000,19.058928

-0.612379,0.671937,9.286150,16.059410,-0.093073,0.037850,0.103120,7.560000,19.058928

-1.426686,1.864656,8.893367,16.056469,-0.199658,0.047177,0.009591,7.568000,19.058928

0.865348,3.917188,8.764035,16.050587,-0.088010,0.066628,0.010391,7.560000,19.058928

0.297728,1.855076,10.347143,16.044704,0.038027,0.131912,-0.071680,7.560000,19.058928

0.221088,1.893397,10.850098,16.053528,0.011114,0.044778,-0.213171,7.568000,19.058928

-1.579967,2.370006,9.094548,16.047646,0.143279,0.104999,-0.261934,7.572000,19.058928

-2.032626,0.269574,8.349697,16.041763,-0.002476,0.004276,-0.273125,7.576000,19.771103

-1.340465,2.746024,10.598620,16.050587,-0.106396,-0.013044,-0.208375,7.564000,19.771103

-0.459098,2.650223,9.719648,16.041763,-0.129045,0.004276,-0.090599,7.568000,19.771103

-0.210016,4.247701,9.858560,16.050587,0.150474,0.081817,-0.039971,7.568000,19.771103

-0.827931,1.936507,8.083850,16.041763,0.145678,-0.016774,0.023447,7.568000,19.771103

-1.431476,1.275482,9.015512,16.053528,-0.066427,-0.108437,0.080470,7.576000,19.771103

-0.679440,3.768697,9.674143,16.053528,-0.022194,-0.030364,0.089264,7.576000,19.771103

-1.781149,3.100487,9.312495,16.059410,0.135019,0.023994,0.171068,7.572000,19.771103

-1.081803,1.819151,9.195139,16.056469,0.055880,0.033587,0.245944,7.580000,66.371462

-0.789611,2.144874,8.414362,16.056469,-0.031786,0.106065,0.338939,7.580000,1046.408377

-1.694928,2.726864,9.386741,16.050587,-0.026990,0.140705,0.327215,7.576000,1213.584999

-1.000372,3.136412,11.597343,16.071175,0.023105,0.155893,0.315490,7.580000,734.350799

-0.538134,1.136571,9.398716,16.047646,-0.281195,0.169749,0.315490,7.580000,2512.364632

-0.672255,5.790094,10.112432,16.053528,-0.058166,0.220377,0.256336,7.576000,1016.681777

2.014957,0.075577,10.174702,16.053528,0.015910,0.091409,0.256069,7.580000,2753.487863

-0.035179,1.776041,9.882509,16.056469,-0.129578,0.195063,0.140691,7.576000,1669.974656

0.431849,2.839429,9.889694,16.053528,-0.006206,0.231569,0.067680,7.580000,2278.982266

0.946778,2.398746,7.710226,16.044704,-0.042711,0.221177,-0.041037,7.576000,1250.976504

0.932408,1.900582,8.639494,16.062351,-0.097869,0.237431,-0.127903,7.572000,640.875057

0.908458,2.159244,9.875324,16.056469,-0.105597,0.295520,-0.252608,7.576000,797.303586

0.599501,3.186707,10.586645,16.050587,-0.044577,0.368530,-0.371450,7.572000,2494.760915

0.515675,2.856194,8.728109,16.044704,0.088122,0.331226,-0.513475,7.576000,2494.760915

0.398319,3.198682,9.719648,16.053528,0.015644,0.299783,-0.678148,7.576000,2494.760915

-0.200436,2.094578,10.751902,16.044704,-0.079750,0.256083,-0.856678,7.576000,2494.760915

-0.411198,2.197564,9.243039,16.047646,0.031099,0.147100,-1.044001,7.580000,2494.760915

-0.933312,1.960457,10.493239,16.044704,-0.151695,0.047177,-1.070647,7.584000,2494.760915

-1.833839,0.588111,10.016630,16.062351,-0.186868,0.047443,-1.029879,7.580000,2494.760915

-1.764384,4.197406,10.316008,16.050587,-0.044310,0.105265,-0.917698,7.580000,2494.760915

-0.557294,2.710098,8.423943,16.053528,0.125426,-0.023169,-0.854280,7.588000,2494.760915

-0.871041,0.865933,8.328141,16.053528,-0.034984,-0.142278,-0.812978,7.588000,2494.760915

-0.643515,1.395233,9.995075,16.044704,-0.057367,-0.153203,-0.774075,7.588000,2494.760915

-0.210016,1.692215,10.548325,16.032940,0.012446,-0.191574,-0.812978,7.588000,2494.760915

-1.060248,1.486243,10.224998,16.041763,0.165396,-0.110036,-0.728776,7.588000,2494.760915

-1.769174,2.137689,9.911250,16.044704,0.118498,-0.170790,-0.697600,7.588000,2494.760915

-1.932035,3.471714,8.294611,16.050587,0.248532,-0.239271,-0.549447,7.596000,2494.760915

-2.061366,2.183194,8.033554,16.059410,0.282639,-0.307485,-0.418081,7.588000,2494.760915

-1.932035,0.803663,8.320956,16.050587,0.157935,-0.391421,-0.274458,7.592000,2494.760915

-1.393156,2.748419,9.923224,16.047646,0.116100,-0.338661,-0.126837,7.592000,2494.760915

-1.112938,1.531749,9.736413,16.044704,0.217622,-0.359712,-0.004265,7.588000,2494.760915

-1.532067,0.846773,8.617939,16.044704,0.206697,-0.329868,0.083401,7.588000,2494.760915

-0.152535,0.880304,9.120893,16.050587,0.137684,-0.301623,0.132431,7.588000,2494.760915

-2.497260,3.189102,8.756850,16.050587,0.068670,-0.224082,0.202244,7.588000,2494.760915

-2.200277,3.251373,10.131592,16.032940,0.109439,-0.210493,0.257401,7.592000,2494.760915

-1.065038,2.257440,8.550879,16.047646,0.173123,-0.190241,0.236351,7.596000,2494.760915

-0.595614,1.788016,8.047924,16.038822,-0.049639,-0.284036,0.177729,7.592000,20.409577

-0.631539,4.532709,8.979588,16.038822,0.022572,-0.135084,0.305898,7.592000,20.409577

2.019747,2.029913,10.984219,16.029999,0.075331,-0.311482,0.294440,7.592000,20.409577

-0.068710,2.808294,10.320798,16.047646,0.026835,-0.239537,0.341337,7.592000,20.409577

-0.475863,2.389166,10.687236,16.041763,0.108373,-0.221151,0.383971,7.592000,20.409577

-2.042206,2.482572,8.819120,16.038822,0.168860,-0.200633,0.375977,7.584000,123.213929

-0.806376,0.121082,8.299401,16.041763,-0.100001,-0.220885,0.421009,7.584000,123.213929

-0.298632,2.269415,11.559023,16.041763,-0.163685,-0.085522,0.464976,7.592000,123.213929

-1.862579,0.930599,10.011841,16.050587,-0.247888,0.037850,0.490556,7.596000,123.213929

-0.677045,3.809412,10.076506,16.024117,-0.050439,0.099403,0.436997,7.596000,123.213929

-0.382457,3.237003,9.017907,16.041763,0.151540,0.098337,0.307763,7.596000,123.213929

-1.836234,0.858748,7.753336,16.050587,-0.083214,0.020797,0.180127,7.592000,123.213929

-2.111661,2.372401,9.132869,16.047646,-0.089609,0.052239,0.079138,7.592000,123.213929

-1.505722,1.754486,10.294453,16.056469,0.008183,0.043446,-0.054626,7.596000,123.213929

-1.163234,2.118529,9.750783,16.038822,-0.021927,0.123918,-0.127104,7.596000,123.213929

-1.318910,4.738680,9.786709,16.047646,-0.069091,0.114592,-0.118844,7.596000,123.213929

-0.679440,3.857313,9.015512,16.029999,0.052682,-0.017041,-0.178531,7.600000,123.213929

-1.203949,1.311407,8.962822,16.053528,-0.068825,-0.065271,-0.197716,7.596000,123.213929

-0.844696,0.633617,10.313613,16.047646,-0.138638,-0.106839,-0.172669,7.596000,123.213929

-0.095055,2.226305,10.833332,16.050587,-0.053103,-0.127356,-0.141759,7.596000,123.213929

-1.239874,3.387889,10.596226,16.056469,0.113169,-0.062073,-0.047965,7.596000,123.213929

-0.109425,4.209381,10.227392,16.047646,0.139549,-0.089252,0.144155,7.604000,123.213929

-0.339347,3.495665,9.937595,16.041763,0.004719,-0.067136,0.240614,7.600000,123.213929

-1.230294,3.634576,8.993958,16.041763,0.105175,-0.078860,0.230222,7.608000,123.213929

-1.124913,1.697005,7.336603,16.056469,0.184848,-0.150006,0.179328,7.596000,123.213929

-1.783544,0.458780,7.588080,16.047646,-0.080816,-0.169990,0.233420,7.604000,123.213929

-1.151259,0.252808,9.022697,16.041763,0.006051,-0.195837,0.182792,7.600000,123.213929

-1.084198,0.693492,10.579460,16.032940,0.056946,-0.170257,0.230755,7.596000,22.286414

1.167120,3.589071,8.107800,16.047646,0.132354,-0.098312,0.287512,7.604000,514.709770

1.028209,1.936507,7.372529,16.044704,0.051616,-0.078860,0.352529,7.608000,514.709770

0.259408,3.203472,10.191467,16.041763,-0.296917,0.032255,0.377043,7.604000,514.709770

0.170792,5.610467,13.242722,16.044704,0.055347,0.072757,0.305631,7.608000,514.709770

1.770665,5.167388,9.065807,16.041763,0.211227,0.079952,0.268060,7.612000,514.709770

0.731227,2.171219,6.388175,16.032940,0.027635,-0.001586,0.302700,7.612000,514.709770

-0.392037,0.861143,9.848979,16.044704,-0.324096,0.003477,0.302700,7.604000,514.709770

-0.102240,3.445369,11.259645,16.032940,-0.127447,0.141771,0.302700,7.608000,514.709770

0.278568,1.732930,11.681170,16.047646,0.024704,0.155893,0.313891,7.604000,514.709770

-0.217201,1.014425,9.645403,16.050587,-0.058433,0.162555,0.316023,7.612000,514.709770

-1.591942,1.814361,7.765312,16.056469,0.014578,0.159091,0.227291,7.608000,514.709770

-1.350045,2.717283,8.297007,16.050587,0.034030,0.154827,0.197181,7.612000,514.709770

-0.190856,2.686148,9.353210,16.041763,0.024437,0.200126,0.162274,7.616000,514.709770

0.786312,0.762947,11.975757,16.027058,-0.022727,0.253152,0.098590,7.616000,514.709770

0.338444,1.340147,11.757810,16.035881,0.031365,0.324831,0.038902,7.612000,514.709770

-1.014742,3.828573,8.141330,16.053528,0.046554,0.326696,-0.108718,7.616000,514.709770

-1.740433,3.898028,8.110195,16.038822,0.072400,0.223575,-0.211040,7.612000,514.709770

0.161212,1.797596,9.963940,16.044704,-0.022993,0.147633,-0.280586,7.612000,514.709770

0.357604,-0.190270,10.208232,16.044704,-0.025391,0.188935,-0.419413,7.612000,514.709770

-2.336793,1.306617,9.956755,16.047646,-0.057900,0.210252,-0.496421,7.612000,514.709770

-2.418224,3.452554,9.233459,16.035881,0.025503,0.090876,-0.413018,7.616000,514.709770

-2.030231,4.499178,6.989326,16.044704,0.153405,0.058635,-0.379177,7.612000,514.709770

-0.827931,1.725745,7.303073,16.038822,0.036428,-0.052747,-0.364522,7.616000,514.709770

-1.654213,1.012030,9.149633,16.047646,-0.094139,-0.054878,-0.275790,7.616000,514.709770

-2.046996,4.702755,9.271779,16.032940,0.016976,0.004809,-0.237952,7.620000,514.709770

-0.293842,2.681358,8.383227,16.044704,0.177387,-0.091384,-0.177998,7.616000,514.709770

0.800682,0.231253,8.347301,16.035881,-0.050972,-0.191307,-0.141226,7.616000,514.709770

-0.336952,0.825218,10.378279,16.035881,-0.147431,-0.094848,-0.124173,7.616000,514.709770

-0.504603,1.996382,9.801079,16.038822,-0.020595,-0.088186,0.001864,7.616000,514.709770

-0.887806,2.228699,10.071716,16.035881,0.047353,-0.056211,0.102054,7.612000,514.709770

-2.312843,3.256163,8.989167,16.044704,0.105442,-0.062606,0.208372,7.608000,514.709770

-1.524882,1.637130,8.229946,16.035881,0.006318,-0.102842,0.276587,7.612000,514.709770

-2.221832,1.543724,10.483660,16.035881,-0.019796,-0.130021,0.306164,7.612000,514.709770

-0.856671,3.169942,9.686118,16.029999,0.034563,-0.119629,0.363986,7.612000,514.709770

0.441429,2.269415,8.826305,16.035881,-0.127180,-0.056744,0.426605,7.608000,514.709770

0.192347,3.335198,9.956755,16.038822,-0.071489,0.124717,0.502547,7.612000,514.709770

0.144447,3.016661,8.862231,16.038822,-0.043244,0.108729,0.456449,7.612000,514.709770

-0.928522,2.346056,9.037067,16.041763,0.016443,0.172947,0.255536,7.612000,514.709770

-0.835116,1.850286,9.441826,16.024117,-0.024592,0.143636,0.042366,7.620000,514.709770

-0.071105,1.565279,9.707673,16.041763,-0.081881,0.201725,-0.107119,7.616000,514.709770

0.175582,3.397469,8.100615,16.035881,-0.033119,0.167351,-0.340807,7.620000,514.709770

0.577946,3.687266,9.173584,16.038822,-0.012868,0.175345,-0.421545,7.624000,514.709770

0.503700,1.934112,9.860954,16.035881,0.020973,0.138307,-0.490292,7.624000,514.709770

-0.535739,1.934112,9.092153,16.050587,0.076930,0.153495,-0.542785,7.620000,514.709770

-1.548832,1.795201,8.608358,16.035881,-0.125581,0.045844,-0.414617,7.620000,514.709770

-0.265101,2.769974,10.301638,16.059410,-0.055235,0.083682,-0.357860,7.620000,514.709770

0.580340,1.898187,9.463381,16.029999,0.189644,0.070625,-0.283784,7.616000,514.709770

-0.677045,-0.293256,8.591594,16.038822,-0.086678,-0.034094,-0.236620,7.624000,11.033169

-2.097291,3.265743,10.215417,16.050587,-0.097869,0.081017,-0.149487,7.620000,11.033169

-2.030231,3.086117,9.992681,16.053528,0.175521,0.083682,-0.117245,7.620000,11.033169

-1.318910,3.553145,9.966335,16.053528,0.031898,0.053039,-0.168939,7.624000,11.033169

-1.165629,3.126832,9.235854,16.047646,0.119831,-0.061807,-0.202779,7.628000,11.033169

-2.389484,1.931717,8.912526,16.047646,0.034030,-0.108171,-0.217168,7.624000,11.033169

-2.446964,1.153336,9.307705,16.047646,-0.109860,-0.159065,-0.238219,7.620000,11.033169

-2.578690,1.986803,9.827424,16.038822,-0.058699,-0.141745,-0.216635,7.632000,11.033169

-1.448241,1.625154,9.676538,16.038822,-0.001943,-0.228612,-0.230491,7.624000,11.033169

-1.390761,1.960457,10.050160,16.053528,0.003653,-0.219286,-0.177732,7.620000,11.033169

-0.245941,2.453831,8.488607,16.047646,0.001788,-0.181448,-0.074877,7.628000,11.033169

0.103732,1.833521,8.297007,16.056469,-0.049373,-0.173987,0.064749,7.628000,11.033169

-0.631539,3.244188,9.738809,16.027058,0.051883,-0.131886,0.148418,7.620000,11.033169

-3.201395,1.859866,9.432246,16.032940,0.186713,-0.157467,0.172133,7.628000,11.033169

-2.935548,1.584439,8.510163,16.038822,0.051616,-0.322940,0.141224,7.624000,11.033169

-2.336793,0.952154,8.589199,16.038822,0.080128,-0.304287,0.168669,7.624000,11.033169

-0.679440,3.680081,7.681486,16.038822,0.058011,-0.326670,0.329346,7.628000,11.033169

0.185162,1.390443,8.768826,16.041763,-0.028322,-0.266183,0.486826,7.624000,11.033169

-1.970355,0.152218,10.744717,16.032940,-0.093339,-0.154003,0.472170,7.624000,11.033169

-0.404013,3.586675,11.094389,16.032940,0.030033,-0.159332,0.344268,7.628000,11.033169

2.374210,3.169942,8.467052,16.032940,0.197105,-0.079926,0.247009,7.624000,11.033169

-0.674650,2.348450,7.535390,16.044704,-0.022194,-0.161730,0.514804,7.628000,11.033169

-2.197882,2.437066,11.048884,16.041763,-0.080283,-0.015975,0.644305,7.632000,11.033169

-0.250731,1.718560,7.674301,16.041763,-0.082681,-0.132153,0.432734,7.640000,22.345265

0.084571,2.156849,9.326865,16.029999,-0.229768,-0.005050,0.440728,7.632000,22.345265

-0.181276,4.626114,9.947175,16.035881,-0.023793,0.105265,0.308562,7.636000,22.345265

-0.241151,1.455108,9.329260,16.032940,0.069736,0.043979,0.255536,7.636000,22.345265

-0.219596,0.451595,8.138935,16.041763,-0.133309,0.025060,0.306430,7.640000,22.345265

0.393529,2.676568,10.141171,16.021175,-0.134108,0.131112,0.314424,7.636000,22.345265

0.489330,3.397469,9.865745,16.044704,0.047086,0.174812,0.353594,7.636000,22.345265

0.230668,0.252808,9.367580,16.056469,0.083325,0.135642,0.338939,7.636000,22.345265

0.173187,1.057535,10.452524,16.047646,-0.081082,0.187069,0.183325,7.640000,22.345265

-0.212411,3.390284,9.712463,16.044704,-0.060831,0.214782,0.179594,7.640000,22.345265

-1.388366,2.111343,9.968730,16.071175,-0.081615,0.242494,0.069279,7.636000,22.345265

-0.954867,3.426209,9.422666,16.074116,-0.024326,0.265143,-0.009594,7.632000,22.345265

-0.205226,1.744905,9.437036,16.062351,-0.000344,0.209452,-0.035974,7.640000,22.345265

-1.024323,2.075418,9.750783,16.088821,-0.165551,0.272337,-0.145756,7.640000,22.345265

-1.831444,3.138807,10.498030,16.074116,-0.067759,0.231302,-0.226228,7.636000,22.345265

-1.776359,2.245465,10.840517,16.103529,0.100379,0.084215,-0.338675,7.636000,22.345265

-0.368087,2.954390,8.419152,16.127058,-0.053370,0.006141,-0.401560,7.636000,22.345265

-0.619564,3.948323,9.420271,16.118235,0.047353,0.048509,-0.287514,7.636000,22.345265

-0.624354,1.663475,8.970007,16.127058,0.174722,-0.089519,-0.227560,7.636000,22.345265

-2.652936,0.485125,9.005932,16.112352,-0.116522,-0.116964,-0.063153,7.636000,28.615846

-0.202831,0.853958,8.893367,16.121176,-0.084013,-0.076195,0.242480,7.640000,28.615846

-1.939220,2.803504,11.084809,16.121176,-0.081082,0.039183,0.346400,7.636000,2632.885778

-0.420778,2.726864,8.687394,16.147646,0.112103,0.036252,0.382905,7.636000,2595.484103

-1.608707,-0.961466,8.031159,16.147646,0.030832,-0.144676,0.301901,7.628000,2595.484103

-2.650541,-0.166320,9.789104,16.153528,-0.221774,0.159890,0.186256,7.628000,300.013806

1.559904,3.150782,10.011841,16.159410,0.077463,-0.016774,0.260332,7.636000,300.013806

2.230509,3.272928,8.112590,16.135881,0.139016,-0.018640,0.254204,7.632000,300.013806

-1.896110,2.513707,9.446616,16.171175,-0.069358,0.519082,0.321619,7.636000,300.013806

-1.275800,3.275323,9.597502,16.182940,-0.224172,0.081817,0.369582,7.640000,300.013806

1.301241,3.574700,9.324470,16.197645,0.067338,0.220644,0.208905,7.644000,300.013806

-0.995582,4.400982,10.629756,16.191763,0.093717,0.309642,0.006127,7.636000,300.013806

-1.589547,0.312684,9.446616,16.218235,-0.010736,0.203324,-0.099658,7.640000,300.013806

-1.232689,-0.398637,8.926897,16.206469,-0.069891,0.163621,-0.228360,7.636000,300.013806

0.067806,2.075418,9.753179,16.194704,-0.100001,0.165752,-0.342939,7.632000,300.013806

0.479750,2.482572,9.025092,16.203527,-0.077884,0.193731,-0.405291,7.628000,2526.995446

-0.406408,2.492151,9.925620,16.227058,-0.040313,0.194264,-0.426075,7.632000,1062.583380

-0.607589,2.393956,9.587922,16.256470,-0.044044,0.156426,-0.389569,7.640000,1814.193749

-0.806376,2.444251,9.954360,16.224117,-0.009937,0.187602,-0.343471,7.632000,1793.341047

0.106127,1.735325,7.580895,16.247646,-0.105863,0.224108,-0.338142,7.632000,2755.673628

0.503700,1.852681,9.511281,16.274117,-0.086678,0.175345,-0.244081,7.640000,2760.604313

-0.835116,1.323382,9.631032,16.259411,-0.138371,0.193731,-0.309098,7.632000,2691.575782

-0.871041,2.453831,9.837004,16.268234,-0.076819,0.168151,-0.330415,7.636000,2763.901183

-0.569269,1.852681,9.204719,16.274117,0.027368,0.122319,-0.354929,7.636000,2608.159254

-1.608707,1.115016,9.774734,16.271175,-0.111725,0.105798,-0.463913,7.636000,2756.767782

-1.939220,2.451436,9.731624,16.285881,-0.099201,0.066095,-0.575560,7.636000,893.554706

-0.499813,4.671619,9.185558,16.274117,0.032697,0.039982,-0.626188,7.640000,2733.432893

0.103732,2.753209,7.815607,16.300587,0.175521,-0.023969,-0.708791,7.644000,2729.671580

-2.348768,0.465965,8.443103,16.297646,-0.078684,-0.050615,-0.726644,7.640000,2676.530318

-2.748737,2.238280,10.744717,16.300587,-0.138638,-0.082324,-0.623257,7.640000,394.338450

-2.207462,4.106395,9.793894,16.303528,0.082792,-0.092450,-0.514807,7.648000,394.338450

-3.472033,2.530472,9.760364,16.318233,0.016443,-0.224349,-0.297373,7.648000,394.338450

-2.382299,1.522169,8.646679,16.321175,0.175521,-0.286168,-0.206243,7.648000,153.311030

-1.215924,0.774923,8.931686,16.324116,0.098514,-0.337595,-0.138295,7.644000,560.568414

-1.225504,2.537657,9.559182,16.341763,0.097448,-0.293629,-0.053027,7.648000,912.701447

-1.350045,1.881422,8.864626,16.341763,0.162998,-0.339993,0.062351,7.644000,2663.183716

-2.411039,1.718560,9.171188,16.332939,0.152339,-0.336529,0.137227,7.648000,2764.451438

-2.308053,2.123319,8.840676,16.362352,0.071867,-0.395151,0.224893,7.644000,2712.607736

-0.914152,2.113739,9.432246,16.350588,0.119564,-0.379430,0.354927,7.644000,2715.791037

-1.184789,2.398746,9.652588,16.362352,0.170459,-0.344523,0.457781,7.640000,2770.518653

-1.103358,1.670660,9.310100,16.353529,0.151806,-0.335730,0.528927,7.648000,2764.451438

-0.039970,2.932835,9.623847,16.368235,0.202967,-0.197436,0.510008,7.648000,2772.731539

-0.526159,3.385494,7.968888,16.341763,0.082792,-0.206762,0.368783,7.644000,2658.594583

0.410294,2.202354,8.395202,16.362352,0.160599,-0.057810,0.330679,7.648000,2737.744461

-0.269891,2.068233,9.022697,16.374117,-0.012868,-0.108970,0.140158,7.644000,1140.333360

0.968334,3.184312,9.681328,16.382940,-0.080816,-0.126823,-0.001067,7.652000,2671.381183

0.276173,3.830968,9.535232,16.391764,0.105975,-0.024502,-0.034908,7.648000,2671.381183

-0.377667,1.768856,8.091035,16.382940,0.037760,-0.031163,-0.065818,7.652000,1352.077899

-0.344137,2.865775,9.405901,16.371176,0.183249,-0.007448,0.039169,7.648000,1803.121690

-1.029113,0.073182,8.258686,16.371176,-0.013933,-0.072199,0.119640,7.652000,1011.202956

-1.299750,1.452713,9.444221,16.397646,-0.200724,-0.002652,0.251006,7.652000,1920.055265

-1.371600,0.339029,9.643007,16.400587,-0.103198,-0.066336,0.474035,7.652000,2702.050972

-2.518815,3.210657,10.064531,16.409410,-0.008071,0.002144,0.600872,7.652000,2654.021341

-1.203949,2.123319,8.845466,16.412352,0.089987,-0.043421,0.660026,7.648000,926.093074

-1.237479,0.322264,8.368856,16.403528,0.030299,0.000812,0.641907,7.652000,2720.046881

-0.909362,1.378468,9.705278,16.388823,-0.016065,0.002677,0.654963,7.652000,1448.856391

-0.518973,3.260953,9.760364,16.406469,0.109705,0.076221,0.670418,7.652000,1847.504000

-1.359625,3.347173,10.153147,16.418234,0.081460,0.190267,0.594477,7.656000,2736.665351

0.058226,2.322105,8.629914,16.415293,0.048952,0.085014,0.616859,7.656000,553.154588

-0.686625,1.577254,9.187954,16.444704,-0.049906,0.076488,0.545181,7.652000,553.154588

-1.031508,3.821388,9.724438,16.418234,-0.067226,0.179076,0.459114,7.656000,553.154588

-1.153654,2.743629,8.634704,16.421175,-0.065361,0.177477,0.374378,7.652000,553.154588

-1.053063,2.987921,10.244158,16.427057,-0.021128,0.203590,0.311227,7.656000,553.154588

-0.677045,2.250255,9.058622,16.421175,-0.056567,0.233700,0.222228,7.660000,553.154588

-1.156049,2.185589,8.764035,16.409410,-0.135707,0.246224,0.095659,7.656000,553.154588

0.027091,2.573582,9.887300,16.406469,-0.036583,0.275535,0.009325,7.660000,553.154588

1.763480,2.990316,9.219090,16.415293,0.001255,0.290990,-0.210773,7.660000,553.154588

0.721647,2.367611,9.247829,16.397646,0.006318,0.196396,-0.345603,7.656000,553.154588

2.302360,2.710098,9.197534,16.409410,-0.017664,0.178809,-0.363723,7.656000,553.154588

-0.030389,3.122042,9.643007,16.397646,0.089188,0.264876,-0.478568,7.656000,553.154588

0.082176,1.270692,8.735295,16.400587,0.084391,0.120720,-0.596611,7.656000,553.154588

-0.813561,0.252808,7.688671,16.435881,0.028434,0.111661,-0.614464,7.656000,41.373694

-1.426686,1.371283,8.479028,16.429998,-0.134907,0.050907,-0.559573,7.652000,41.373694

-1.826654,2.209539,9.942385,16.427057,-0.077085,0.048775,-0.551046,7.656000,41.373694

-0.976422,2.391561,10.074111,16.424116,0.094250,0.010405,-0.421545,7.660000,41.373694

-1.342860,1.586834,9.183164,16.435881,0.071867,0.050641,-0.310164,7.660000,41.373694

-1.330885,1.831126,10.447734,16.456469,-0.087744,-0.034894,-0.127903,7.660000,41.373694

0.273778,5.109908,9.832214,16.456469,0.019907,-0.019705,0.045830,7.664000,41.373694

0.807867,3.771092,8.464658,16.456469,0.233344,-0.025301,0.085533,7.660000,41.373694

0.154027,2.669383,8.131750,16.453527,0.007650,-0.028232,0.114045,7.664000,41.373694

0.221088,3.768697,7.995234,16.459410,-0.085345,-0.020771,0.158810,7.664000,41.373694

-1.184789,1.328172,9.187954,16.477058,-0.139704,0.038383,0.140957,7.664000,41.373694

-0.775241,2.535262,10.811777,16.453527,-0.082947,0.050108,0.092195,7.664000,41.373694

0.096547,2.142479,11.460827,16.459410,0.007384,0.121253,0.037570,7.664000,41.373694

0.594711,1.850286,9.362790,16.465292,-0.022460,0.125783,-0.030378,7.668000,41.373694

-0.217201,1.809571,9.408296,16.480000,-0.064561,0.125517,-0.044767,7.668000,41.373694

-0.976422,3.375914,9.130473,16.494705,0.071335,0.124184,-0.112182,7.660000,41.373694

-1.326095,0.753367,8.876601,16.485882,0.018841,0.063431,-0.215569,7.660000,41.373694

-1.179999,1.867052,9.441826,16.518234,-0.149030,0.043979,-0.289113,7.668000,41.373694

-1.699718,2.226305,9.894485,16.521175,-0.094938,0.118855,-0.329349,7.664000,41.373694

-0.023204,2.434671,9.353210,16.500587,0.058278,0.046910,-0.298706,7.664000,41.373694

0.156422,1.692215,9.537626,16.529999,0.115834,0.037850,-0.258736,7.660000,41.373694

-1.338070,-0.415402,8.993958,16.515293,-0.004341,-0.014643,-0.293110,7.660000,41.373694

-1.311725,2.401141,9.130473,16.527058,-0.062163,-0.046885,-0.312295,7.664000,41.373694

-1.373995,4.587794,9.872930,16.509411,0.050817,0.049575,-0.261934,7.672000,23.467505

-1.603917,2.803504,9.480146,16.544704,0.136884,-0.047151,-0.168672,7.664000,23.467505

-1.972750,1.323382,9.269384,16.527058,0.028434,-0.113500,-0.098592,7.672000,23.467505

-2.669701,0.897069,9.765154,16.556469,-0.080816,-0.163595,-0.006663,7.668000,23.467505

-1.491351,2.743629,10.201047,16.553528,-0.060298,-0.208627,0.031441,7.668000,23.467505

-0.818351,2.853800,9.389135,16.547646,0.139016,-0.098045,0.122038,7.672000,23.467505

-1.112938,1.220396,9.183164,16.550587,0.019374,-0.158532,0.215833,7.672000,23.467505

-0.614774,2.652618,8.823911,16.571175,0.045488,-0.064205,0.492954,7.672000,65.295960

-1.627867,1.234766,9.149633,16.577057,0.056679,-0.052480,0.495086,7.672000,65.295960

-4.018097,1.246742,9.669353,16.568233,0.008183,-0.080725,0.347999,7.668000,65.295960

-3.143915,0.750972,9.247829,16.579998,-0.008604,-0.076728,0.205175,7.668000,1449.915373

-1.024323,2.446646,9.480146,16.565292,-0.002209,-0.131886,0.100721,7.668000,1109.447029

1.538348,1.991592,10.512400,16.571175,0.026302,-0.120162,-0.013857,7.668000,950.824365

1.195861,2.108948,8.543694,16.574116,0.172857,0.025593,-0.226228,7.664000,950.824365

0.752782,2.199959,6.163043,16.571175,0.091852,-0.062872,-0.213971,7.664000,950.824365

0.149237,1.131781,9.453801,16.553528,-0.102133,-0.100710,-0.081539,7.664000,950.824365

0.345629,5.011713,9.671748,16.547646,0.020440,0.026659,-0.254207,7.664000,176.093333

-0.741710,5.447606,9.899275,16.535881,0.034030,0.037318,-0.191321,7.668000,1454.319215

-0.411198,4.666830,10.466894,16.556469,0.086789,0.000812,-0.059422,7.672000,1922.980072

-1.112938,1.979617,9.161609,16.538822,0.134220,0.022129,-0.081539,7.676000,2032.768169

-1.309330,0.286339,8.589199,16.529999,-0.022727,0.009605,-0.023983,7.672000,635.333042

-1.395551,0.815638,9.142448,16.527058,-0.200191,-0.004517,0.027711,7.676000,1917.403997

-1.491351,3.268138,9.815449,16.547646,-0.099468,0.042913,0.050360,7.676000,969.816963

-0.657885,2.882540,9.841794,16.515293,0.077730,0.040249,0.075141,7.668000,476.619746

-2.061366,1.761671,9.084968,16.535881,0.076397,0.019465,0.094326,7.676000,476.619746

-1.680558,0.825218,9.082573,16.535881,-0.107462,-0.075663,0.153215,7.672000,476.619746

-0.085475,3.469320,10.179492,16.538822,0.015910,-0.128422,0.313891,7.672000,476.619746

-0.542924,3.495665,10.605805,16.541763,-0.011535,0.070359,0.487891,7.672000,143.961843

-0.269891,2.135294,9.084968,16.544704,0.152872,0.047710,0.499616,7.676000,143.961843

-0.475863,0.667147,8.517348,16.559410,0.003920,0.089278,0.444458,7.672000,143.961843

-0.667465,0.609666,9.276569,16.532940,-0.106129,0.065030,0.305098,7.672000,143.961843

-0.962052,3.591465,9.712463,16.544704,-0.058699,0.148432,0.150550,7.672000,143.961843

-1.278195,3.021451,10.282477,16.547646,0.039625,0.155360,0.047429,7.668000,143.961843

-1.009952,2.154454,9.662168,16.547646,0.039625,0.062898,-0.067150,7.672000,143.961843

-1.599127,2.549632,8.828701,16.547646,-0.047241,0.073290,-0.179064,7.676000,143.961843

-2.547555,2.211934,9.911250,16.532940,0.088388,0.047710,-0.165741,7.676000,143.961843

-1.781149,1.766461,7.616820,16.535881,0.090520,-0.016508,-0.186259,7.676000,143.961843

-1.493746,2.271810,9.973520,16.532940,0.093451,-0.018640,-0.126038,7.680000,143.961843

-1.819469,0.727022,10.150752,16.538822,-0.065627,-0.082857,-0.139894,7.676000,143.961843

-1.412316,2.300550,10.447734,16.509411,-0.075753,-0.097246,-0.026381,7.676000,143.961843

0.204322,3.213053,9.841794,16.512352,0.091852,-0.122826,0.065815,7.672000,143.961843

-0.147745,3.153177,10.304033,16.535881,0.137950,-0.070866,0.151349,7.676000,143.961843

-0.499813,2.099368,9.266990,16.509411,0.264253,-0.080725,0.206774,7.676000,143.961843

-2.003886,-0.535153,8.019184,16.524117,0.025503,-0.154003,0.235019,7.676000,661.324920

-2.607430,1.962852,9.616662,16.488823,-0.155958,-0.091117,0.250740,7.676000,661.324920

-1.503326,3.565120,9.932805,16.518234,0.108639,-0.003984,0.268326,7.680000,661.324920

-0.530949,1.237161,8.677814,16.485882,0.146210,-0.056744,0.207573,7.676000,661.324920

-0.013624,2.276600,8.617939,16.491764,0.078263,0.025060,0.236884,7.684000,661.324920

-0.396827,2.202354,9.777128,16.494705,-0.065894,0.079952,0.239815,7.680000,661.324920

0.458195,4.159085,9.666958,16.485882,0.012979,0.129247,0.194250,7.684000,70.643203

0.815052,3.759117,8.855046,16.494705,0.044422,0.132445,0.145221,7.684000,70.643203

0.427059,1.467083,8.929292,16.480000,0.047619,0.133510,0.109781,7.680000,1436.713909

0.166002,1.596414,9.147239,16.500587,-0.104797,0.104733,0.032774,7.680000,2009.818904

-0.384852,1.704190,9.427456,16.494705,-0.116522,0.115924,-0.022651,7.676000,2043.537873

0.695301,2.951995,9.760364,16.482941,-0.059232,0.093541,-0.011193,7.680000,2769.966067

1.648519,2.592742,9.592712,16.485882,-0.030987,0.117789,-0.018654,7.676000,2773.285397

0.604291,2.422696,9.106524,16.482941,-0.039780,0.142037,-0.052494,7.680000,2028.018007

-0.621959,0.798873,8.993958,16.485882,-0.079217,0.082616,0.007460,7.676000,2773.839254

0.036671,0.909044,10.316008,16.480000,-0.145566,0.110861,-0.101790,7.680000,2767.205892

-0.231571,2.578372,10.304033,16.485882,-0.090941,0.146567,-0.064752,7.676000,2776.612565

0.163607,4.891962,9.480146,16.477058,0.107040,0.199593,-0.060222,7.680000,2775.502520

0.678536,1.450318,8.596384,16.488823,0.207497,0.114325,-0.066883,7.684000,2635.384280

-0.598009,-0.583053,9.125683,16.488823,-0.239894,0.025860,-0.103655,7.684000,2763.901183

-2.909203,3.706426,10.663286,16.477058,-0.146632,0.279798,-0.170004,7.680000,2749.126714

-1.273405,4.741075,9.781919,16.474117,0.038027,0.127648,-0.177998,7.676000,1883.336483

-1.232689,2.061048,9.063413,16.459410,0.142480,0.108197,-0.229159,7.676000,1158.021830

-1.797914,0.925809,9.003537,16.477058,-0.041912,0.001878,-0.266730,7.680000,2738.284334

-1.453031,1.294642,8.725715,16.477058,0.030566,-0.046885,-0.207043,7.684000,1431.972752

-1.196764,2.068233,9.319680,16.468235,-0.051771,-0.079393,-0.171337,7.680000,723.748534

-1.014742,3.162757,9.556787,16.468235,0.072667,-0.012777,-0.169738,7.676000,953.501271

0.386344,2.544842,9.939990,16.465292,0.127558,-0.126557,-0.176932,7.684000,2765.001905

0.855768,1.720955,9.113708,16.453527,0.025503,-0.145209,-0.103655,7.680000,2000.841502

-0.044760,1.962852,9.111313,16.456469,-0.061364,-0.059675,-0.032243,7.676000,2753.487863

-0.497418,2.863380,8.931686,16.465292,-0.049373,-0.005849,0.006127,7.676000,2711.019051

-0.207621,3.107671,9.939990,16.444704,-0.007272,-0.031163,-0.030911,7.676000,2758.410708

-0.392037,1.450318,9.523256,16.474117,0.061209,-0.001320,-0.052494,7.676000,2762.251688

-1.244664,1.409603,9.918435,16.465292,-0.003009,-0.057810,-0.131101,7.680000,2748.582603

-1.625473,0.746182,10.699211,16.453527,-0.101333,-0.104707,-0.200115,7.676000,2005.175317

0.139657,4.975787,9.362790,16.447645,0.124627,-0.165194,-0.182262,7.680000,2776.057437

-1.014742,3.797437,9.870534,16.453527,-0.083747,-0.046085,-0.037573,7.676000,2677.562602

-0.811166,2.944810,9.678933,16.456469,0.127292,-0.041022,0.020516,7.676000,2730.745181

-0.200436,1.404813,8.107800,16.450586,-0.012601,-0.164927,0.045564,7.676000,1437.159919

-0.859066,1.888607,9.329260,16.444704,-0.195661,-0.127889,0.092728,7.680000,710.491187

0.439034,4.923097,10.557905,16.441763,0.016177,-0.080459,0.094593,7.680000,710.491187

1.260526,2.757999,9.686118,16.456469,0.193641,-0.093516,0.077273,7.684000,284.598371

-0.463888,0.195328,8.871811,16.453527,0.042823,-0.088719,0.066881,7.684000,2455.497653

-1.855394,1.522169,9.391530,16.453527,-0.146898,-0.038624,0.092461,7.680000,1373.339850

-1.618287,1.361702,8.814330,16.453527,-0.014733,-0.142811,0.150284,7.680000,1451.127545

-1.292565,2.214329,9.219090,16.450586,-0.085079,-0.122027,0.183591,7.676000,2620.464249

-0.672255,2.267020,10.208232,16.459410,0.007916,-0.096180,0.208639,7.680000,2717.385443

-1.033903,1.059930,9.516071,16.444704,0.118232,-0.064738,0.252339,7.676000,2693.664294

-1.445846,0.322264,9.183164,16.459410,-0.035783,-0.059675,0.287778,7.684000,2776.057437

-0.868646,1.742511,9.135263,16.456469,0.002854,-0.076995,0.346400,7.680000,1988.520616

-0.025599,1.732930,9.882509,16.453527,0.067338,0.053305,0.369849,7.680000,2765.001905

0.060621,2.118529,9.693303,16.441763,0.027635,0.052239,0.355460,7.680000,2775.502520

0.082176,2.446646,9.080178,16.459410,-0.019263,0.114059,0.302167,7.680000,2773.839254

-0.360902,3.481295,9.487331,16.468235,0.017243,0.131645,0.245677,7.680000,2772.731539

-1.194369,2.518497,9.765154,16.453527,0.052416,0.076488,0.135895,7.676000,1967.111514

-1.211134,0.679122,7.837162,16.435881,0.017243,0.075422,-0.001867,7.680000,2769.413481

-3.062484,1.198841,8.340117,16.441763,-0.163419,0.108996,-0.001867,7.680000,1839.184065

-2.080526,3.119647,9.120893,16.459410,-0.070956,0.114059,-0.035441,7.680000,2766.103475

-0.368087,1.562884,9.676538,16.441763,0.036694,-0.025568,-0.059955,7.680000,1886.919392

-0.176486,0.410880,10.076506,16.453527,-0.182071,-0.053280,-0.050096,7.680000,2691.054131

-0.885411,4.166270,11.075230,16.468235,-0.165018,0.094607,0.013588,7.676000,508.657439

1.464103,5.153018,10.387858,16.450586,0.148875,0.048775,-0.042635,7.676000,508.657439

-0.674650,-0.310021,8.673024,16.450586,0.083059,0.037850,-0.166540,7.676000,2569.548374

-2.188302,-0.408217,9.082573,16.438822,-0.157557,0.022129,-0.191588,7.684000,1430.202803

1.224601,1.225186,8.110195,16.456469,0.031898,-0.045019,-0.273392,7.680000,2715.791037

-0.976422,1.431158,9.037067,16.441763,-0.081082,0.016267,-0.326151,7.676000,2575.267045

-0.823141,2.417906,9.844189,16.474117,-0.010203,0.000279,-0.324553,7.684000,2774.393535

-0.947682,1.780831,8.831096,16.453527,0.119564,-0.084722,-0.368253,7.680000,2728.598826

-0.478258,1.148546,8.871811,16.453527,0.010315,-0.128422,-0.281652,7.680000,2773.285397

-1.419501,2.702913,9.774734,16.459410,0.005785,-0.042355,-0.230225,7.684000,2772.177894

-1.081803,2.784344,9.860954,16.474117,0.094250,-0.041289,-0.154816,7.680000,2724.850861

-0.078290,2.664593,9.013118,16.465292,0.119298,-0.043154,-0.090332,7.684000,2758.410708

-0.181276,2.719678,9.118498,16.471176,0.014312,-0.028765,-0.019986,7.676000,2761.153297

-1.194369,4.127950,9.635822,16.453527,0.038560,0.042114,0.045830,7.684000,2010.400941

-1.544042,2.997501,9.717253,16.456469,-0.076552,-0.049016,0.073276,7.680000,2776.612565

-0.641119,1.524564,9.592712,16.471176,-0.072822,-0.033828,0.074075,7.680000,1999.688868

-0.727340,2.111343,9.877720,16.459410,0.024437,0.032521,0.098856,7.684000,2761.153297

-1.053063,0.525841,9.573552,16.450586,0.008449,0.031189,0.112179,7.680000,2773.285397

-1.735643,2.916070,8.807145,16.468235,-0.082414,0.018399,0.145754,7.680000,2773.839254

-0.765660,3.383099,10.141171,16.459410,0.008183,-0.045286,0.122305,7.680000,2753.487863

-0.205226,1.526959,10.177097,16.453527,0.034829,-0.093249,0.054357,7.676000,2757.862783

-1.074618,0.487520,10.383068,16.456469,-0.091474,-0.086055,0.088731,7.680000,2767.757631

-0.521369,2.271810,10.368698,16.453527,-0.136773,0.012004,0.207839,7.680000,2759.506981

1.234181,4.851246,10.344748,16.456469,0.070802,0.101002,0.266195,7.684000,1391.785052

-0.770451,2.444251,10.799802,16.456469,-0.193529,0.131645,0.237150,7.680000,1126.640121

-1.438661,3.742352,10.016630,16.468235,-0.157557,0.249422,0.157744,7.684000,1889.486968

-0.966842,3.763907,9.540022,16.450586,0.124094,0.210518,0.091662,7.676000,1407.729105

-0.586034,1.388048,9.044252,16.450586,0.011380,0.128181,-0.028779,7.676000,924.674636

-1.160839,1.579649,9.437036,16.441763,-0.090941,0.086080,-0.121775,7.676000,1376.607480

-0.746500,3.457345,8.941267,16.444704,-0.020861,0.116190,-0.119110,7.676000,1376.607480

-0.039970,2.520892,8.694579,16.441763,0.065472,0.042380,-0.122308,7.676000,1376.607480

-1.268615,1.445528,9.472961,16.435881,-0.139437,0.045311,-0.142292,7.680000,1376.607480

-0.803981,3.239398,10.608200,16.447645,-0.090941,0.045844,-0.119110,7.680000,1376.607480

-0.770451,2.290970,9.180769,16.444704,0.101445,0.038650,-0.105787,7.676000,1376.607480

-0.274681,2.925650,9.257409,16.447645,-0.010736,0.010938,-0.121242,7.684000,79.245768

0.156422,3.311248,9.947175,16.435881,0.073200,0.001612,-0.106320,7.684000,2591.125074

-0.147745,1.536539,10.081296,16.450586,-0.074420,0.007207,-0.166807,7.680000,1743.576004

0.283358,2.099368,10.184282,16.456469,-0.047774,-0.003984,-0.186525,7.672000,1743.576004

-0.825536,2.760394,9.662168,16.438822,0.026835,0.058368,-0.200914,7.676000,1743.576004

-1.843419,2.346056,9.245434,16.444704,0.156336,-0.015442,-0.227027,7.676000,171.614445

-1.247059,1.562884,7.532995,16.447645,0.016976,-0.072998,-0.234755,7.680000,171.614445

-0.518973,1.953272,9.647798,16.456469,-0.074687,-0.069534,-0.223297,7.680000,171.614445

-0.087870,2.805899,9.678933,16.459410,0.114235,-0.018906,-0.223830,7.676000,194.927271

-0.018414,1.007240,8.840676,16.450586,0.111304,-0.062606,-0.183594,7.680000,194.927271

-0.305817,2.161639,8.083850,16.441763,0.111570,0.011204,-0.083937,7.672000,194.927271

-1.105753,1.862262,9.022697,16.459410,-0.092273,0.038383,-0.029312,7.676000,194.927271

-1.266220,3.407049,10.924343,16.453527,-0.100534,0.047443,-0.081805,7.676000,194.927271

-0.641119,4.975787,9.999866,16.438822,0.047086,0.095406,-0.102056,7.676000,194.927271

-0.083080,2.070628,8.435918,16.444704,0.141414,0.061566,-0.120176,7.684000,194.927271

0.027091,0.135452,7.731781,16.427057,-0.110659,0.003210,-0.158014,7.676000,194.927271

-0.691415,1.323382,9.765154,16.441763,-0.244956,0.034653,-0.172136,7.680000,1868.134014

-0.684230,3.670501,10.042975,16.427057,0.016177,0.086880,-0.163343,7.676000,1096.394730

-0.051945,1.471873,8.898156,16.427057,-0.050972,0.060766,-0.147888,7.676000,2546.458843

-0.940497,1.091065,9.389135,16.424116,-0.123716,0.070892,-0.113514,7.676000,2755.126975

-0.906967,1.596414,10.783037,16.441763,-0.057900,0.071158,-0.049297,7.676000,1796.124529

-1.009952,1.888607,10.014235,16.447645,-0.049107,0.113526,-0.057824,7.672000,2692.097646

-0.631539,2.348450,8.878996,16.441763,0.017243,0.116723,-0.032243,7.680000,2688.969645

-0.130980,1.831126,8.682605,16.409410,-0.076552,0.139106,-0.016256,7.676000,1307.025516

0.039066,2.511312,9.353210,16.432940,-0.085878,0.167085,-0.056491,7.676000,1803.121690

-0.677045,2.051468,8.519743,16.441763,0.007117,0.202258,-0.054893,7.672000,915.167743

-0.370482,1.699400,8.505373,16.441763,0.002054,0.208386,-0.076210,7.672000,915.167743

-1.556017,0.794083,8.761641,16.438822,-0.108794,0.166818,-0.205444,7.672000,915.167743

-0.538134,4.206986,10.277688,16.421175,-0.042711,0.171881,-0.280053,7.676000,915.167743

-0.487838,3.660921,7.798842,16.438822,0.094517,0.187869,-0.322687,7.676000,915.167743

-1.481771,1.780831,9.017907,16.427057,0.035629,0.216380,-0.486562,7.676000,915.167743

-1.251849,0.643197,11.020144,16.432940,-0.140237,0.115924,-0.552644,7.676000,915.167743

-1.000372,4.147110,11.374607,16.429998,-0.097336,0.154295,-0.622191,7.676000,915.167743

0.252223,4.173456,9.585527,16.427057,0.181117,0.081284,-0.643508,7.672000,915.167743

0.704881,0.906649,9.082573,16.427057,0.100112,0.016533,-0.688807,7.672000,915.167743

-0.643515,1.323382,10.320798,16.432940,-0.153560,-0.020771,-0.763949,7.684000,915.167743

-0.506998,2.968760,9.480146,16.438822,-0.069358,0.053838,-0.719716,7.676000,915.167743

0.144447,2.827454,8.730505,16.418234,0.048685,0.092742,-0.734638,7.676000,45.532569

-0.978817,0.259993,9.022697,16.409410,0.067338,0.073290,-0.768479,7.676000,45.532569

-1.532067,0.374954,10.078901,16.432940,-0.109594,0.043713,-0.857211,7.676000,45.532569

-1.201554,1.500613,9.693303,16.427057,-0.039514,-0.033828,-0.947808,7.676000,45.532569

-1.247059,2.714888,10.028605,16.432940,0.115301,-0.018640,-0.929955,7.680000,45.532569

-0.056735,1.385653,9.120893,16.435881,0.129956,-0.115632,-0.897180,7.680000,45.532569

0.151632,2.027518,9.444221,16.421175,0.094517,-0.131620,-0.810314,7.680000,45.532569

-1.045878,2.111343,9.846584,16.412352,0.155537,-0.070600,-0.709324,7.684000,45.532569

-1.785939,1.210816,8.582014,16.415293,0.114235,-0.100710,-0.589949,7.680000,45.532569

-3.182235,2.324500,9.815449,16.424116,0.097448,-0.138814,-0.490292,7.680000,45.532569

-1.742828,2.801109,8.196416,16.427057,0.169393,-0.166526,-0.438599,7.684000,45.532569

-0.875831,2.736444,9.563972,16.418234,0.220021,-0.128156,-0.346403,7.688000,45.532569

-1.390761,0.667147,8.035949,16.427057,0.225083,-0.148140,-0.263000,7.684000,45.532569

-1.496141,0.006121,8.730505,16.412352,0.125959,-0.158266,-0.250210,7.688000,45.532569

-1.108148,1.622760,9.985496,16.394705,0.016710,-0.159865,-0.164142,7.688000,45.532569

-2.231412,2.544842,9.899275,16.400587,0.014578,-0.098845,-0.065018,7.684000,45.532569

-2.229017,1.024005,8.766430,16.409410,0.134486,-0.048750,-0.027713,7.688000,45.532569

-2.619406,-0.159135,9.003537,16.397646,-0.020861,-0.060208,-0.008795,7.680000,45.532569

-1.852999,2.863380,10.560300,16.415293,-0.072289,-0.069534,-0.056491,7.676000,45.532569

-0.564479,3.419024,9.700488,16.400587,0.164596,-0.070866,-0.079940,7.680000,45.532569

0.836608,0.841983,8.661049,16.397646,0.098514,-0.144143,-0.086602,7.680000,45.532569

-0.059130,0.322264,8.955637,16.400587,-0.065094,-0.028765,-0.162011,7.676000,45.532569

-0.339347,1.864656,9.918435,16.385881,-0.060298,0.037584,-0.238485,7.680000,22.741191

-0.334557,1.337752,8.562854,16.409410,-0.080549,0.109795,-0.387171,7.676000,22.741191

-1.761989,2.750814,9.686118,16.391764,0.061209,0.179875,-0.566501,7.676000,22.741191

-1.654213,1.819151,7.995234,16.397646,0.127025,0.141771,-0.676816,7.684000,22.741191

-1.218319,1.871841,7.856322,16.388823,-0.073355,0.054105,-0.737569,7.684000,22.741191

-0.930917,4.355477,9.578342,16.394705,0.044422,0.134576,-0.711723,7.688000,22.741191

-0.959657,2.401141,10.260922,16.379999,0.055613,0.108996,-0.768213,7.692000,22.741191

-1.685348,1.507799,10.505215,16.379999,0.047886,0.036252,-0.746363,7.684000,22.741191

-1.419501,2.077813,9.647798,16.403528,0.093451,-0.000787,-0.831364,7.688000,22.741191

-3.586993,0.707862,9.705278,16.382940,0.148609,0.004010,-0.820173,7.684000,22.741191

-0.954867,1.206026,9.631032,16.379999,0.093184,-0.158532,-0.731174,7.692000,22.741191

-2.006281,1.459898,9.214299,16.377058,0.158468,-0.002652,-0.730375,7.696000,22.741191

-0.245941,1.215606,9.427456,16.379999,0.048685,-0.080992,-0.697600,7.692000,22.741191

-0.502208,1.392838,9.096943,16.382940,0.115567,0.018932,-0.637912,7.684000,22.741191

-1.678163,0.693492,10.699211,16.377058,0.200569,0.000546,-0.755689,7.688000,22.741191

-2.703231,2.317315,9.918435,16.377058,0.143546,-0.033561,-0.752491,7.692000,34.910096

-2.121242,3.442974,7.885063,16.385881,0.177387,-0.130287,-0.731174,7.692000,1419.819994

-1.124913,0.568951,7.322233,16.356470,0.217622,-0.110569,-0.778072,7.696000,1424.773244

-1.311725,-1.083612,8.584409,16.356470,0.100112,-0.207561,-0.818041,7.692000,1918.463614

-0.691415,1.043165,10.390254,16.353529,-0.099734,-0.239271,-0.811646,7.684000,2766.103475

0.273778,3.112462,11.041698,16.362352,0.210428,-0.175852,-0.758886,7.696000,1886.406640

-1.750014,2.302945,10.727951,16.353529,0.103576,-0.132153,-0.677082,7.696000,1139.958967

-1.057853,3.826177,9.832214,16.350588,0.318079,-0.156667,-0.589150,7.696000,2643.914613

-0.164511,2.832244,9.834609,16.365294,0.307953,-0.174254,-0.539321,7.696000,985.650202

-2.126032,2.698123,10.083691,16.362352,0.215224,-0.085255,-0.525199,7.700000,1419.674855

-2.854117,1.912557,9.346025,16.359411,0.181916,-0.128955,-0.557974,7.696000,1472.205158

-1.132098,3.426209,8.577224,16.335880,0.120097,-0.202232,-0.516672,7.700000,1543.214035

-0.732130,3.323223,9.678933,16.332939,0.237074,-0.151338,-0.397830,7.700000,1979.167549

-1.005162,0.767738,9.417875,16.321175,0.256259,-0.227013,-0.345603,7.700000,1950.806416

-0.090265,-0.707594,9.722043,16.332939,0.055880,-0.324272,-0.264865,7.700000,1007.461348

-1.920060,1.807176,10.136381,16.347647,0.224817,-0.159598,-0.183328,7.704000,1507.364284

-2.341583,3.392679,9.829819,16.327057,0.233610,-0.179050,-0.188390,7.704000,1484.481443

-1.505722,2.777159,7.415639,16.324116,0.247466,-0.127623,-0.052761,7.704000,996.686770

-0.466283,1.483848,7.806027,16.344706,0.084658,-0.150539,-0.005331,7.700000,2776.612565

-0.679440,0.952154,12.138618,16.335880,-0.014466,-0.059675,0.066081,7.700000,2021.522792

-1.694928,0.161798,8.826305,16.318233,0.245335,-0.112434,-0.254739,7.700000,1939.092146

-1.093778,2.140084,6.591752,16.315292,-0.168748,-0.138015,-0.196384,7.700000,1939.092146

-4.420460,-2.309863,14.306110,16.341763,0.031365,-0.142811,-0.266730,7.700000,1391.924576

-2.171537,2.860985,14.385146,16.297646,0.046554,-0.050615,-0.321888,7.704000,670.619137

-1.845814,4.702755,10.217813,16.303528,0.594134,0.016800,-0.514807,7.704000,856.833222

-0.595614,3.205868,7.521020,16.306469,0.308486,-0.265917,-0.442862,7.708000,1507.200605

-1.460216,2.729259,8.931686,16.294704,0.220820,-0.077528,-0.350666,7.704000,1212.419441

-1.601522,2.283785,8.040739,16.324116,0.245335,-0.254992,-0.443661,7.704000,1960.722875

-1.110543,-1.035712,7.944938,16.306469,0.183249,-0.353583,-0.328816,7.708000,2099.779168

-1.041088,3.462135,11.432087,16.315292,-0.069358,-0.218486,-0.321888,7.708000,1536.214120

0.870138,4.472833,8.632309,16.309410,0.436388,-0.043154,-0.244614,7.704000,1534.516422

-1.572782,0.264784,8.359277,16.306469,0.246134,-0.215822,-0.292044,7.704000,1953.825722

-2.152377,0.988079,9.669353,16.294704,0.050018,-0.334131,-0.317625,7.700000,2668.301280

-2.056576,1.692215,9.623847,16.300587,0.122495,-0.240336,-0.241949,7.700000,1943.978760

-1.999095,1.237161,10.126801,16.291763,0.029233,-0.309084,-0.169205,7.696000,2614.543232

-1.292565,2.587952,9.906460,16.300587,0.117166,-0.230744,-0.041569,7.696000,1880.276073

-1.026718,3.320828,10.301638,16.306469,0.146477,-0.188909,0.007460,7.692000,2776.057437

-0.212411,1.850286,7.750942,16.315292,0.169659,-0.327203,0.082869,7.692000,2715.260063

-0.224386,1.962852,7.226432,16.297646,-0.037915,-0.274977,0.122571,7.692000,2585.817452

0.350419,1.934112,8.917316,16.291763,-0.090941,-0.260055,0.175331,7.696000,2766.103475

0.434244,1.352122,10.680051,16.277058,-0.102133,-0.135883,0.195849,7.688000,2756.220705

-0.387247,3.620206,9.626243,16.291763,-0.085345,-0.025834,0.127101,7.692000,2736.665351

0.580340,4.482413,8.878996,16.288822,0.109439,-0.006915,0.079138,7.696000,2776.612565

0.041461,3.126832,8.675420,16.291763,0.062008,-0.046085,-0.040504,7.696000,2763.351139

0.467775,1.285062,9.058622,16.294704,-0.059232,-0.067402,-0.142292,7.692000,1888.202332

-1.227899,1.526959,10.342353,16.271175,-0.098136,0.018132,-0.270194,7.696000,2773.285397

-0.566874,0.432435,8.380832,16.291763,-0.131976,-0.027433,-0.352798,7.700000,2776.612565

-0.461493,2.959180,9.348420,16.282940,-0.186601,0.020264,-0.349867,7.700000,2768.309369

-0.550109,3.658526,11.276411,16.285881,0.009515,0.069027,-0.373315,7.700000,2726.991284

-0.334557,1.280272,9.142448,16.282940,0.149142,0.014135,-0.352265,7.696000,2042.335660

1.054554,1.153336,7.274333,16.274117,-0.044310,0.001345,-0.265931,7.696000,2128.750517

0.233063,1.601204,8.701765,16.271175,-0.118653,0.062898,-0.209441,7.696000,2766.103475

-1.160839,1.083880,11.223721,16.265293,-0.092273,0.132178,-0.206510,7.696000,2012.148960

-2.406249,0.255203,9.731624,16.282940,0.034296,-0.153203,-0.218234,7.704000,1943.434437

-0.760870,0.255203,8.579618,16.241764,-0.083214,-0.185712,-0.487095,7.700000,2023.879757

-0.835116,1.744905,9.159214,16.259411,0.092385,-0.171323,-0.552378,7.704000,652.499384

-2.133217,1.953272,10.627360,16.253529,0.032431,-0.120162,-0.214504,7.712000,1493.422190

-0.700995,3.562725,9.626243,16.250587,0.008982,-0.119895,0.035971,7.704000,535.987929

-0.145350,3.342384,8.313771,16.250587,0.215757,-0.046618,-0.006396,7.708000,841.515014

-0.940497,0.873118,8.694579,16.256470,0.095583,-0.109770,-0.112182,7.708000,413.835590

-2.334398,0.659962,8.347301,16.259411,0.032964,-0.084989,-0.207842,7.712000,413.835590

-3.268456,2.137689,10.502819,16.247646,-0.149296,-0.050882,-0.203312,7.712000,413.835590

-1.678163,4.563844,10.457314,16.224117,0.045754,-0.005316,-0.243814,7.716000,1941.803800

-0.938102,3.478900,10.416599,16.230000,0.200569,-0.033828,-0.303236,7.708000,1941.803800

-1.352440,1.615574,9.460986,16.238823,0.146210,-0.150272,-0.393300,7.708000,1941.803800

-1.721273,2.587952,9.760364,16.250587,0.119031,-0.148407,-0.390635,7.712000,1941.803800

-0.854276,1.500613,9.374765,16.244705,-0.041113,-0.217954,-0.386638,7.712000,2001.706824

-1.766779,1.871841,10.531560,16.238823,0.117965,-0.162796,-0.375713,7.716000,2692.097646

-1.788334,1.974827,9.724438,16.244705,0.161132,-0.246998,-0.357061,7.704000,1013.417007

-2.262548,2.980736,8.414362,16.232941,0.102777,-0.278441,-0.311762,7.704000,1980.014225

-1.757199,2.195169,9.001143,16.253529,0.074266,-0.306952,-0.237153,7.716000,1953.276102

-1.821864,2.882540,8.828701,16.241764,0.103310,-0.320808,-0.204911,7.712000,2040.834694

-1.922455,1.371283,9.688513,16.250587,0.143546,-0.337062,-0.255006,7.712000,2776.057437

-1.670978,1.649105,8.263476,16.235882,0.116367,-0.363442,-0.211839,7.716000,2771.071451

-0.736920,2.056258,8.512558,16.241764,0.075065,-0.369571,-0.076476,7.708000,2776.057437

-0.578849,2.930440,8.797565,16.232941,0.107307,-0.282437,0.020250,7.716000,2773.285397

-0.351322,3.378309,10.359118,16.244705,0.161665,-0.331733,0.132164,7.712000,2776.612565

0.000746,3.682476,9.219090,16.241764,0.287169,-0.310949,0.225692,7.716000,2081.210968

-0.301027,1.306617,8.368856,16.232941,0.133420,-0.261387,0.241947,7.708000,2084.647891

-2.281708,1.869447,8.955637,16.230000,-0.091208,-0.263785,0.262997,7.712000,2775.502520

-0.162116,3.653736,10.241762,16.235882,-0.069891,-0.290964,0.305898,7.716000,2776.612565

-0.911757,4.475228,10.368698,16.244705,0.123561,-0.177185,0.205708,7.712000,2777.167906

-0.914152,1.756881,8.447892,16.215292,0.151273,-0.268315,0.188388,7.716000,2119.005046

-1.259035,0.259993,8.014394,16.221176,0.090786,-0.269114,0.282715,7.712000,2773.839254

-1.589547,0.212093,9.070598,16.221176,-0.042179,-0.182514,0.326415,7.712000,2774.948028

-1.079408,1.651500,10.045371,16.235882,-0.067226,-0.160398,0.369049,7.720000,1997.675150

-0.255521,2.094578,8.232341,16.227058,-0.004607,-0.129754,0.479898,7.720000,2062.355457

-0.885411,2.494547,9.350815,16.221176,-0.050439,-0.054346,0.522265,7.716000,765.270872

-0.803981,2.437066,10.416599,16.232941,0.022039,-0.022370,0.519068,7.720000,1202.445456

-0.186066,2.609508,9.631032,16.221176,0.100379,-0.040756,0.478832,7.716000,556.546698

-0.883016,1.524564,8.601173,16.215292,-0.004874,-0.042355,0.455383,7.720000,1519.903619

-1.481771,1.481453,9.542417,16.230000,-0.036316,-0.022903,0.417545,7.716000,1016.160974

-1.987120,1.888607,10.430969,16.232941,-0.086678,0.030390,0.337340,7.720000,1575.608748

-2.193092,3.943534,10.447734,16.218235,0.048685,0.079952,0.233420,7.720000,409.008541

-2.423014,2.741234,9.288545,16.230000,0.073200,-0.013577,0.239282,7.720000,2100.732209

-2.494864,2.262230,9.132869,16.241764,0.028701,0.023994,0.260599,7.724000,1260.401187

-0.708180,1.316197,8.799960,16.227058,0.072933,-0.051148,0.296571,7.728000,2080.899079

-1.706903,0.044442,8.792775,16.224117,-0.000077,-0.033295,0.287245,7.728000,2041.734977

-1.819469,1.273087,9.470566,16.212351,-0.134907,0.028791,0.302700,7.724000,2036.046817

-0.322582,2.638248,10.392649,16.227058,-0.088543,0.110062,0.285380,7.724000,2077.474445

0.661771,-0.333971,8.661049,16.230000,-0.115722,0.030922,0.173999,7.724000,2243.269707

-1.158444,1.764066,10.986613,16.212351,-0.146898,0.080484,-0.025582,7.724000,2242.545074

-0.849486,3.476505,10.438154,16.215292,-0.038714,0.104733,-0.122308,7.728000,2774.948028

-0.138165,3.215447,9.166399,16.250587,0.015111,0.083149,-0.180929,7.720000,2221.379000

-0.334557,2.750814,8.826305,16.238823,0.117166,0.045844,-0.235554,7.724000,2774.948028

0.355209,2.647828,9.729228,16.230000,0.095849,0.060500,-0.207842,7.724000,2058.991633

1.054554,2.942415,8.431128,16.218235,0.019907,0.011471,-0.106320,7.724000,2197.474151

0.724042,2.053863,9.611873,16.218235,0.016976,0.047177,-0.037573,7.724000,2776.612565

0.472565,2.528077,8.390412,16.230000,-0.017930,0.069027,-0.009860,7.728000,2246.172690

-0.974027,2.061048,8.857441,16.230000,-0.122650,0.094873,0.018918,7.728000,2772.731539

-0.588429,2.834639,8.740085,16.244705,-0.119719,0.051973,0.070345,7.728000,2079.964047

-0.404013,2.741234,9.647798,16.224117,-0.036583,-0.054878,0.052758,7.728000,2095.343225

-0.823141,2.417906,9.235854,16.230000,-0.085612,0.089544,0.100721,7.728000,2075.611374

-0.471073,2.290970,9.765154,16.238823,-0.020062,0.050641,0.114311,7.728000,2095.975690

-0.751290,1.761671,10.308823,16.247646,0.016443,0.080751,0.132431,7.732000,2084.022206

-1.148864,1.052745,9.278965,16.227058,0.113169,0.054638,0.135362,7.728000,2087.782248

0.982704,2.980736,9.113708,16.232941,0.077730,0.128181,0.143622,7.732000,2059.908018

-0.027994,2.065838,7.360553,16.244705,0.080927,0.121520,0.100721,7.728000,2176.122893

0.213903,0.425250,8.110195,16.256470,-0.053636,0.056769,0.088464,7.732000,2032.470688

-1.000372,0.137847,10.251343,16.265293,-0.167949,0.017599,-0.077542,7.732000,2123.866658

-1.958380,2.815479,10.617781,16.253529,-0.197260,0.118855,-0.102323,7.724000,1968.784951

-2.597850,3.665711,9.714858,16.277058,-0.028589,0.086080,-0.124173,7.728000,2040.235071

-2.305658,2.918465,9.104128,16.277058,0.025769,-0.002119,-0.104988,7.728000,2104.233968

-2.384694,2.470596,9.669353,16.279999,0.014045,-0.043687,-0.107119,7.736000,2114.165682

-2.209857,2.358031,9.937595,16.288822,0.071867,-0.106839,-0.011726,7.732000,2115.776190

-1.445846,1.323382,8.007209,16.291763,0.117433,-0.147874,0.083401,7.736000,2117.066546

-0.768055,3.481295,9.460986,16.303528,0.159800,-0.135084,0.268060,7.740000,2126.142897

-0.478258,0.449200,9.346025,16.291763,0.089454,-0.224349,0.286712,7.736000,2108.067320

-0.463888,1.591624,8.625124,16.303528,0.013512,-0.125225,0.309095,7.736000,2121.595081

-0.957262,0.976104,9.410690,16.303528,-0.016865,-0.092716,0.387702,7.736000,2119.975462

-0.938102,1.431158,10.368698,16.312351,-0.032053,-0.106039,0.400492,7.740000,2109.989294

-0.626749,2.164034,9.307705,16.306469,0.083858,-0.040490,0.346133,7.736000,2112.878716

0.479750,1.993988,8.792775,16.315292,0.119564,-0.161463,0.328014,7.736000,2097.242103

-0.435148,2.528077,9.441826,16.312351,0.098247,-0.119629,0.284048,7.732000,2777.167906

0.412689,4.032149,11.060859,16.315292,0.191776,-0.067402,0.270725,7.732000,2109.989294

0.520465,2.353240,9.504096,16.332939,0.162465,-0.056477,0.323218,7.740000,2131.037350

0.345629,4.654854,8.491003,16.321175,0.163797,0.120187,0.282715,7.740000,2144.862380

0.745597,2.238280,8.445498,16.329998,0.071867,0.029590,0.258467,7.736000,2122.243649

1.112035,4.065680,10.090877,16.347647,0.019907,0.140971,0.172666,7.740000,2113.843835

0.963544,2.841825,9.654983,16.350588,0.186446,0.132711,0.131365,7.740000,2123.541844

1.071320,2.868170,8.122169,16.327057,0.095849,0.058368,0.120706,7.740000,2126.794219

-0.169301,1.881422,8.653864,16.338821,0.008716,0.013069,0.118308,7.740000,2173.057821

-1.268615,1.359308,8.768826,16.353529,-0.050705,0.044512,0.177196,7.740000,2054.422205

-0.250731,1.170101,11.142290,16.353529,-0.092540,-0.005583,0.296838,7.736000,1569.730849

1.076110,2.741234,9.865745,16.365294,-0.015532,0.138040,0.348532,7.740000,1569.730849

1.476078,2.564002,8.934082,16.347647,0.144612,0.148432,0.423408,7.736000,2043.237214

-0.432753,2.401141,9.743598,16.356470,0.019108,0.170016,0.496685,7.732000,450.414875

-0.837511,2.494547,9.255014,16.353529,0.047619,0.175345,0.457515,7.736000,450.414875

-0.413593,1.464688,8.517348,16.382940,0.009515,0.178010,0.372780,7.736000,209.013921

-1.321305,2.243070,9.935200,16.377058,-0.058166,0.215847,0.217432,7.740000,209.013921

-1.347650,2.784344,9.341235,16.371176,-0.000077,0.203324,0.136694,7.740000,209.013921

-1.098568,2.458621,9.377160,16.371176,-0.020329,0.183339,0.072210,7.736000,209.013921

-0.250731,2.868170,9.549602,16.371176,0.031898,0.130579,0.012522,7.740000,209.013921

-0.298632,1.177286,9.106524,16.406469,0.062275,0.158025,-0.021851,7.740000,209.013921

-0.559689,1.024005,9.559182,16.397646,-0.094405,0.139906,0.004795,7.736000,209.013921

-0.748895,2.458621,11.087204,16.388823,-0.124249,0.245691,-0.046632,7.740000,209.013921

-0.253126,0.921019,7.683881,16.409410,-0.134375,0.068227,-0.110317,7.744000,209.013921

-0.104635,1.378468,9.022697,16.394705,0.067871,0.104999,-0.244081,7.740000,209.013921

-0.327372,0.451595,9.784313,16.403528,0.030832,0.033054,-0.294975,7.740000,209.013921

-1.282985,-0.511203,8.469448,16.406469,-0.021927,0.112726,-0.229958,7.736000,209.013921

-3.103199,-0.583053,9.228669,16.412352,-0.183937,0.077820,-0.222497,7.740000,209.013921

-2.561925,1.799991,10.339958,16.412352,-0.076552,0.122852,-0.251275,7.740000,209.013921

-0.581244,3.028636,10.165122,16.403528,0.109172,-0.032229,-0.258736,7.736000,37.530108

0.137262,2.942415,8.335326,16.418234,0.147543,-0.084722,-0.197983,7.744000,431.371214

-1.764384,0.415670,8.280241,16.427057,-0.005407,-0.074064,-0.090332,7.740000,1546.651806

-2.782267,2.192774,10.021420,16.429998,-0.102133,-0.046352,0.034372,7.740000,324.966990

-1.362020,1.778436,11.386581,16.432940,-0.040313,-0.027966,0.095659,7.740000,2171.019313

-1.038693,2.070628,9.305309,16.435881,-0.112525,0.043446,0.209971,7.740000,1046.881720

-1.036298,2.384376,10.909973,16.429998,-0.055502,0.081550,0.169202,7.740000,1568.312623

-1.120123,2.777159,9.278965,16.412352,0.032431,0.078086,0.156146,7.736000,2129.076814

-0.957262,2.001173,9.779524,16.427057,0.008982,0.009605,0.168137,7.744000,2092.501476

-0.650700,1.754486,8.562854,16.427057,-0.027523,-0.015442,0.160676,7.740000,2066.037739

-0.976422,2.223909,10.124407,16.415293,-0.051771,-0.047418,0.149218,7.736000,2051.690210

-0.645909,2.247860,9.757969,16.415293,0.129157,-0.069800,0.142023,7.736000,2055.638614

0.891693,1.498219,8.416758,16.435881,0.074532,-0.101509,0.096192,7.736000,2734.509461

-0.451913,0.449200,9.887300,16.435881,-0.016865,-0.103375,0.157744,7.740000,2056.856719

-0.756080,2.233490,8.723320,16.441763,0.175788,-0.022370,0.177729,7.736000,2776.057437

-1.005162,-0.460907,8.196416,16.418234,0.099313,0.012004,0.176130,7.740000,2050.781240

-2.643356,-0.144765,9.573552,16.418234,-0.016865,-0.029032,0.122571,7.732000,2160.883769

-2.358348,2.420301,8.426337,16.406469,0.019907,-0.009313,0.167071,7.740000,2773.285397

-1.182394,2.176009,8.989167,16.421175,-0.036583,0.045844,0.123637,7.740000,2081.522857

-1.527277,1.788016,11.142290,16.441763,-0.064028,0.037850,0.101787,7.744000,2238.929323

-1.093778,3.131622,10.435759,16.441763,-0.088010,0.050907,0.103120,7.740000,2134.969228

-0.926127,3.723191,10.502819,16.435881,0.052149,0.110861,0.094593,7.740000,2776.612565

-0.629144,2.307735,9.985496,16.444704,0.131289,0.030922,0.088731,7.736000,2231.015352

0.070201,2.025123,9.010722,16.450586,0.100379,-0.057010,0.115377,7.740000,2776.612565

-1.891320,1.596414,9.415481,16.456469,-0.120252,-0.039957,0.162274,7.736000,2776.612565

-1.922455,1.984407,9.755573,16.456469,-0.068825,-0.043421,0.208372,7.740000,2777.167906

-0.190856,2.705308,9.949570,16.453527,-0.002742,-0.070067,0.280317,7.740000,2777.167906

-0.090265,3.215447,8.136540,16.468235,0.125160,-0.067136,0.358124,7.744000,2151.842379

-0.449518,1.203631,7.822792,16.474117,0.161932,0.011737,0.491089,7.744000,2777.167906

-1.659003,0.317474,9.065807,16.465292,0.081460,-0.027966,0.459114,7.736000,2726.455860

0.371974,1.749696,9.037067,16.468235,0.087322,-0.064471,0.472703,7.740000,2775.502520

2.113153,3.078931,8.591594,16.471176,-0.032319,-0.038891,0.469506,7.740000,2776.057437

-0.104635,2.937625,10.052556,16.474117,0.014578,0.010671,0.370648,7.740000,2201.306232

1.823356,3.378309,10.064531,16.480000,-0.072289,0.015734,0.337340,7.736000,2775.502520

0.781522,1.596414,8.419152,16.482941,-0.089076,0.235299,0.104985,7.740000,2161.220236

-1.088988,1.503009,8.761641,16.500587,-0.089609,0.211584,-0.057557,7.740000,2192.962567

-0.641119,1.340147,8.091035,16.500587,-0.119986,0.099403,-0.248611,7.744000,2215.354161

-0.298632,1.241951,9.338840,16.491764,-0.182871,0.165486,-0.348001,7.740000,2191.232346

-0.102240,2.180799,11.561419,16.482941,-0.135440,0.136175,-0.400494,7.732000,2776.612565

0.154027,2.827454,9.973520,16.500587,0.087056,0.150031,-0.363456,7.740000,2776.612565

-0.162116,0.662357,9.319680,16.506470,0.026835,0.036785,-0.355196,7.740000,2111.272446

-1.821864,1.625154,9.147239,16.503529,-0.003541,0.091676,-0.203579,7.740000,2776.612565

-0.071105,1.385653,8.809541,16.512352,-0.058166,-0.015442,-0.128969,7.736000,2120.946937

-0.950077,1.665870,10.213022,16.500587,-0.057100,0.027192,-0.064485,7.736000,2110.630658

-0.552504,2.199959,10.114826,16.512352,-0.037382,-0.048750,-0.029579,7.736000,2151.842379

-0.945287,3.083721,8.038344,16.509411,0.068137,0.030123,-0.043168,7.732000,2162.903419

-1.752409,1.203631,7.983259,16.518234,0.003120,-0.056744,0.014388,7.740000,2086.840860

-3.124755,2.729259,10.430969,16.532940,-0.119186,-0.107372,0.039435,7.744000,2016.531932

-1.139284,4.293207,10.871653,16.518234,0.084391,-0.102042,0.114311,7.740000,2072.204114

1.310822,3.011871,9.494516,16.503529,0.099846,-0.222750,0.187855,7.744000,2057.466301

0.431849,1.483848,8.613149,16.518234,0.121163,-0.262453,0.189187,7.736000,2094.079354

-0.653095,0.506680,8.443103,16.515293,0.020440,-0.260588,0.220630,7.744000,2078.718398

-0.128585,-0.707594,7.995234,16.524117,-0.019263,-0.281105,0.183858,7.740000,2750.215783

-0.569269,0.832403,8.385622,16.521175,-0.033652,-0.205696,0.189453,7.744000,2190.540978

-0.293842,2.051468,8.201205,16.535881,0.155803,-0.202765,0.123371,7.744000,2053.814530

0.494120,1.229976,7.367738,16.547646,0.008716,-0.312548,0.119107,7.736000,2041.134718

-0.997977,1.641920,9.446616,16.547646,0.003120,-0.226480,0.095392,7.744000,2718.449298

-0.868646,1.383258,10.471684,16.544704,0.080128,-0.259522,0.094593,7.740000,2067.268132

-0.327372,1.886212,10.090877,16.565292,0.153139,-0.273644,0.190786,7.736000,2018.290545

-0.708180,1.898187,9.238249,16.521175,0.164330,-0.306419,0.272057,7.744000,2762.251688

-1.263825,1.644315,9.585527,16.518234,0.071867,-0.317877,0.394630,7.744000,2005.754600

-1.766779,3.081326,8.977192,16.535881,0.061475,-0.339194,0.519068,7.752000,2084.022206

-0.518973,2.872960,8.608358,16.529999,0.048685,-0.327736,0.611797,7.748000,2088.096256

0.307308,2.973551,8.967612,16.527058,0.039359,-0.272578,0.675748,7.740000,2128.097924

-2.001491,1.313802,10.469289,16.527058,0.087589,-0.300557,0.794323,7.752000,2084.334943

-0.942892,1.699400,9.132869,16.535881,0.099846,-0.310150,0.877193,7.748000,2094.079354

-1.972750,1.134176,9.034673,16.521175,0.101445,-0.202499,0.960063,7.744000,2104.233968

-0.818351,0.693492,8.493398,16.547646,-0.057900,-0.260055,1.047196,7.748000,2101.050030

-1.072223,3.193892,10.445339,16.529999,0.000722,-0.086588,1.098091,7.752000,2118.035267

-0.806376,2.930440,10.505215,16.524117,0.093184,-0.087120,1.079971,7.756000,2135.625847

-1.033903,1.395233,11.089600,16.544704,0.221886,0.024794,1.108483,7.756000,2162.903419

-1.247059,1.471873,9.360395,16.541763,-0.009404,0.089011,1.009892,7.752000,2159.539595

-0.897387,1.900582,10.689631,16.532940,0.057212,0.100469,1.017885,7.760000,2749.126714

0.127682,2.324500,11.285991,16.538822,0.181916,0.168950,1.000299,7.752000,2144.531210

-0.966842,2.111343,9.295730,16.535881,0.066805,0.160956,0.982179,7.756000,2353.532206

-0.799191,3.014266,9.199929,16.521175,0.132354,0.268074,0.880391,7.764000,2777.167906

-1.196764,1.673055,10.538745,16.529999,0.132088,0.229437,0.773273,7.760000,2380.973774

0.716857,1.864656,10.088481,16.506470,0.147276,0.239030,0.734369,7.764000,2717.917264

0.134867,2.944810,10.500424,16.515293,0.100645,0.368797,0.634979,7.764000,2249.447524

-0.990792,2.556817,9.695698,16.515293,0.075065,0.386916,0.555306,7.764000,2777.167906

-0.083080,1.893397,9.322075,16.518234,0.095849,0.376524,0.549711,7.764000,2566.698573

0.573155,1.742511,10.167517,16.494705,0.175255,0.373060,0.463110,7.764000,2223.513066

-0.013624,1.268297,9.923224,16.518234,0.085191,0.364800,0.385570,7.760000,2211.473135

0.731227,2.128109,9.525652,16.518234,0.076397,0.322965,0.287512,7.764000,2117.066546

0.359999,1.929322,10.217813,16.488823,0.078529,0.411164,0.226758,7.760000,2552.074964

0.922828,1.483848,9.611873,16.515293,0.129157,0.429817,0.221429,7.760000,2205.151662

-0.715365,1.558094,9.125683,16.503529,0.007650,0.394377,0.164406,7.760000,2776.612565

0.336049,2.693333,8.162886,16.500587,0.055080,0.255017,0.176930,7.760000,2665.228368

1.246156,2.271810,9.930409,16.480000,-0.108794,0.302981,0.121772,7.760000,2776.057437

-0.207621,1.898187,8.907737,16.488823,0.000189,0.360803,0.165205,7.760000,2168.307235

0.225878,3.366334,9.645403,16.488823,0.046554,0.378656,0.068213,7.760000,2776.057437

-0.650700,2.501732,9.039463,16.488823,0.091053,0.339752,-0.001334,7.760000,2456.801146

0.077386,1.613179,9.683722,16.477058,0.077197,0.303514,-0.043701,7.764000,2750.215783

-1.088988,1.062325,8.148515,16.480000,0.000189,0.285394,-0.107919,7.760000,2178.170936

0.345629,1.249136,9.506492,16.477058,-0.090408,0.207054,-0.061821,7.760000,2132.018995

0.546810,1.380862,9.987890,16.500587,-0.130378,0.284062,-0.034908,7.764000,2170.001436

-0.188461,1.610784,10.174702,16.503529,-0.054702,0.285927,-0.000801,7.764000,2159.875427

-1.294960,1.079090,10.787827,16.500587,-0.036050,0.227838,-0.022384,7.760000,2159.875427

0.127682,2.865775,10.042975,16.500587,0.003387,0.147367,-0.071147,7.764000,2776.057437

-0.140560,2.887330,9.343630,16.494705,0.067071,0.203324,-0.059422,7.760000,2739.905225

0.041461,2.393956,8.795171,16.506470,0.126226,0.162288,-0.147089,7.764000,2777.167906

0.053436,2.118529,9.535232,16.497646,0.121696,-0.060741,-0.068749,7.768000,2417.030428

0.096547,1.251532,8.876601,16.494705,0.040958,0.105798,-0.158014,7.772000,2764.451438

-0.782426,0.942574,7.985653,16.521175,0.068137,0.049575,-0.216102,7.776000,2544.126032

-0.320187,0.647987,10.323193,16.515293,-0.132509,0.096206,-0.124439,7.772000,2739.364716

-0.317792,0.504285,9.051437,16.535881,0.008716,0.001878,-0.179064,7.768000,2776.612565

-1.014742,1.131781,8.110195,16.515293,-0.021394,-0.053280,-0.000534,7.780000,2739.364716

-0.902177,0.832403,9.228669,16.527058,-0.026724,0.011471,-0.035707,7.772000,2777.167906

-1.579967,0.556976,8.251501,35.771175,0.053482,-0.060741,-0.068749,7.772000,2776.612565

-0.322582,1.395233,8.644284,16.547646,0.143279,-0.114833,-0.000268,7.772000,2734.509461

0.398319,0.410880,-0.418470,33.503529,-0.151961,-0.266183,-1.095961,7.776000,2776.612565

-0.950077,0.681517,8.577224,16.556469,0.082259,-0.012777,0.037570,7.776000,2655.036252

0.417479,1.177286,8.019184,16.547646,0.042557,-0.085255,0.067414,7.776000,2771.071451

-1.407526,0.640802,8.965217,16.553528,0.028701,-0.049816,0.060752,7.772000,2755.126975

-0.061525,1.301827,10.318403,16.556469,-0.016598,-0.075130,0.177196,7.776000,2547.393027

-0.940497,1.368887,9.372371,16.568233,-0.072022,-0.005583,0.203842,7.772000,2775.502520

-3.100805,0.377349,9.592712,16.565292,-0.040580,-0.049283,0.220896,7.776000,2763.901183

-1.393156,0.125872,9.554392,16.577057,-0.096803,-0.126557,0.220896,7.772000,2728.598826

-0.830326,1.071905,8.553273,16.579998,0.011380,-0.054346,0.278985,7.776000,2765.552584

-0.727340,1.045560,7.559340,16.571175,-0.101333,-0.025301,0.269925,7.772000,2716.853833

-1.687743,1.320987,9.226274,16.582939,-0.075486,-0.023169,0.195316,7.772000,2773.839254

-1.393156,0.959339,9.518467,16.609411,0.019374,-0.082857,0.143089,7.780000,2284.606650

-0.049550,1.450318,8.984377,16.612352,-0.026457,-0.057010,0.164140,7.776000,2756.767782

-0.964447,2.420301,9.966335,16.615294,-0.087477,0.047177,0.117242,7.784000,2756.220705

0.333654,1.891002,9.532837,16.621176,-0.034451,-0.009313,0.132164,7.784000,2777.167906

0.058226,3.043006,10.615385,16.606470,0.062275,0.008540,0.087398,7.780000,2764.451438

-0.497418,2.161639,9.209509,16.612352,0.072134,0.009605,0.061285,7.788000,2265.596254

-1.007557,1.637130,9.020303,16.603529,-0.004341,-0.054079,0.063417,7.784000,2776.612565

-2.190697,1.543724,9.803473,16.609411,0.026036,-0.008248,0.089264,7.784000,2777.167906

-2.243387,0.877909,9.877720,16.621176,0.027901,-0.133485,0.127634,7.780000,2713.667989

-1.366810,0.870723,9.860954,16.618235,-0.000077,-0.177984,0.216100,7.784000,2308.151513

-1.079408,1.491034,9.528047,16.618235,0.060410,-0.176652,0.294173,7.776000,2291.014570

-0.935707,2.176009,9.168794,16.618235,0.194707,-0.163329,0.342669,7.784000,2707.846979

-0.569269,1.742511,10.586645,16.621176,-0.034718,-0.130021,0.460446,7.776000,2721.113067

1.207836,4.032149,7.578500,16.606470,0.197904,-0.071399,0.548112,7.776000,2709.432062

3.823197,1.548514,9.441826,16.615294,-0.032852,-0.105773,0.468706,7.776000,2247.990842

2.125128,1.914952,9.405901,16.621176,0.103044,0.172414,0.368516,7.780000,2297.458510

0.853373,2.377191,9.039463,16.612352,-0.028855,0.158292,0.147086,7.780000,2289.503646

0.891693,2.051468,9.202324,16.621176,-0.008338,0.185737,0.087132,7.784000,2298.599489

-0.176486,2.573582,9.611873,16.632940,-0.054969,0.276068,-0.078075,7.788000,2299.741528

0.022301,2.051468,8.780800,16.624117,-0.088276,0.194264,-0.175334,7.784000,2445.981861

0.793497,1.440738,7.892248,16.635881,-0.100800,0.221177,-0.220366,7.788000,2327.885906

-0.827931,2.801109,9.700488,16.641764,-0.143168,0.186537,-0.286449,7.788000,2335.324416

-0.609984,3.727982,8.593988,16.638823,0.006584,0.113526,-0.313095,7.784000,2345.184938

0.419874,1.893397,10.390254,16.624117,-0.134375,0.128448,-0.168139,7.788000,2387.113453

-0.152535,3.016661,10.213022,16.641764,-0.100534,0.157492,-0.149220,7.792000,2401.978819

1.313216,4.343502,9.504096,16.635881,0.109172,0.152163,-0.034109,7.796000,2442.539853

1.540743,3.275323,8.395202,16.632940,-0.065894,0.160956,0.004262,7.792000,2429.718292

1.337167,1.359308,8.479028,16.647646,-0.140770,0.193465,0.161741,7.792000,2459.411944

0.125287,3.205868,8.972402,16.653528,-0.040313,0.246491,0.189986,7.792000,2501.953007

-1.244664,2.063443,10.545930,16.656469,-0.032319,0.157492,0.104985,7.796000,2441.251616

-1.987120,-1.289584,10.409413,16.647646,-0.035783,0.105532,0.071944,7.796000,2478.286524

-1.352440,1.891002,7.715016,16.647646,-0.045643,0.099670,0.037037,7.796000,2456.366366

0.355209,-0.101654,10.670471,16.656469,-0.083214,0.107930,0.031708,7.792000,2397.003215

-0.198041,1.332962,9.386741,16.674116,0.028434,-0.029032,0.049827,7.796000,2464.212958

-0.301027,1.172496,10.203442,16.671175,-0.003275,-0.032762,0.186522,7.796000,1772.057061

-1.328490,1.380862,9.736413,16.671175,-0.019263,-0.016241,0.288311,7.796000,1740.080178

-0.856671,1.538934,8.294611,16.665293,0.092385,0.091143,0.360256,7.792000,2370.810898

-1.223109,1.450318,9.719648,16.674116,-0.056834,0.044778,0.323484,7.796000,2384.653937

-1.563202,2.829849,10.114826,16.674116,-0.014466,0.087945,0.374911,7.796000,787.223714

-1.330885,2.956785,8.452682,16.679998,0.036961,0.126849,0.294706,7.800000,2411.573430

-1.105753,1.457503,9.355605,16.674116,-0.076819,0.098604,0.282182,7.796000,1193.762039

-0.978817,2.094578,9.949570,16.709410,-0.055235,0.189468,0.317355,7.800000,1811.117659

-1.096173,1.598809,10.533955,16.694704,0.036428,0.245958,0.310694,7.800000,1838.210259

0.316888,1.730535,8.955637,16.688822,-0.076286,0.192132,0.308029,7.804000,1809.465622

-0.186066,0.973709,7.913803,16.694704,-0.005140,0.317636,0.353861,7.800000,2458.976317

-0.521369,1.759276,9.774734,16.688822,-0.118387,0.345082,0.211570,7.800000,522.220372

-0.619564,2.645433,11.065649,16.700586,-0.042445,0.305379,0.053025,7.800000,2382.608013

-0.506998,2.671778,9.065807,16.706469,0.082792,0.311241,-0.261401,7.808000,1840.158930

1.243761,1.409603,9.717253,16.727058,-0.194595,0.192132,-0.366387,7.800000,723.974929

-0.389642,1.258717,10.220207,16.703527,0.047086,0.357339,-0.479367,7.800000,1868.636808

-0.473468,0.430040,9.451406,16.718235,-0.109061,0.220644,-0.608335,7.804000,561.815811

0.166002,2.250255,8.445498,16.721176,-0.092806,0.213716,-0.575827,7.804000,2498.801488

-1.898505,-0.137580,11.870376,16.727058,-0.027257,0.279265,-0.610200,7.804000,2446.412827

-1.017138,3.780672,7.736571,16.721176,-0.016865,0.148965,-0.678948,7.804000,2504.660848

-2.092501,2.276600,8.701765,16.735882,-0.022194,0.143636,-0.637646,7.804000,2410.317611

-1.156049,1.007240,10.213022,16.747646,-0.021927,0.055171,-0.559040,7.800000,2385.473281

-0.449518,3.301668,9.971126,16.744705,-0.016065,0.033854,-0.510543,7.808000,2500.601418

-0.423173,1.697005,10.644126,16.738823,0.079062,-0.066336,-0.495888,7.812000,1847.749782

-1.189579,2.269415,9.959150,16.741764,0.044688,-0.040756,-0.123373,7.812000,2530.679634

-1.556017,2.417906,9.087363,16.724117,-0.060031,-0.029032,0.082069,7.808000,2560.073687

-1.357230,2.346056,8.229946,16.750587,0.077730,-0.047684,0.166005,7.812000,1903.995526

-1.912875,3.524405,8.512558,16.762352,0.088655,-0.049549,0.132431,7.812000,1495.191079

-1.407526,-0.767470,11.187795,16.756470,-0.161021,-0.034361,0.205175,7.808000,1849.472587

-1.316515,-0.314811,9.135263,16.779999,0.135818,-0.173721,-0.053294,7.812000,1896.195547

-0.727340,4.080050,8.143725,16.771175,0.041224,-0.170790,-0.172136,7.812000,1255.614369

0.470170,0.293524,9.906460,16.765293,0.107040,-0.075663,-0.122308,7.812000,944.679178

-0.930917,1.601204,8.517348,16.779999,0.038560,-0.073531,-0.190788,7.808000,2457.670706

-1.366810,1.196446,10.347143,16.785881,-0.031520,0.006941,-0.185726,7.812000,2479.614171

-2.530790,1.373677,9.377160,16.785881,-0.049906,0.061832,-0.136697,7.812000,2470.789959

-1.448241,0.722232,9.523256,16.774117,0.010848,-0.013843,-0.207309,7.812000,2472.549844

-2.020651,2.104158,9.492122,16.782940,0.178452,-0.141745,-0.238485,7.816000,2512.364632

-2.166747,0.659962,9.777128,16.788822,-0.048574,-0.193172,-0.280586,7.816000,2510.547752

-1.041088,2.635853,8.258686,16.777058,0.018575,-0.154269,-0.141493,7.812000,2508.733414

-1.673373,1.661080,9.623847,16.815292,0.096915,-0.201966,-0.024249,7.816000,2535.763297

-1.793124,2.008358,11.329102,16.797646,0.082526,-0.231543,0.098057,7.816000,2568.597663

-0.212411,2.171219,9.762758,16.785881,0.110505,-0.277108,0.178529,7.816000,2510.093903

-1.556017,1.318592,9.645403,16.797646,0.126492,-0.191041,0.290443,7.816000,2555.362511

-2.063761,2.130504,8.641890,16.794704,0.189644,-0.184379,0.273922,7.816000,2573.834940

-1.905690,1.012030,10.253737,16.815292,0.032431,-0.142545,0.319754,7.820000,1905.301773

-0.313002,2.001173,11.027328,16.815292,0.074532,-0.119895,0.318421,7.812000,2561.963031

0.862953,2.585557,9.803473,16.827057,0.295163,-0.074597,0.255803,7.816000,1089.683714

-0.289052,2.429881,8.354486,16.827057,0.015910,-0.245399,0.244878,7.820000,2547.393027

-1.247059,0.956944,12.148198,16.818233,0.028701,-0.097512,0.283248,7.820000,1518.075826

-0.200436,4.527918,8.306586,16.806469,0.082259,-0.066070,0.314424,7.820000,2537.616833

-1.146469,2.587952,5.787025,16.827057,0.008716,-0.056477,0.246476,7.816000,1888.202332

-0.677045,-0.906381,10.620175,16.821175,0.027102,-0.078061,0.261132,7.820000,2558.658533

-0.530949,2.496942,6.833649,16.838821,-0.018996,-0.011179,0.231288,7.816000,2494.312787

-2.178722,0.504285,8.136540,16.821175,-0.237229,0.023994,0.128167,7.820000,2457.670706

-1.699718,0.334239,13.008010,16.853529,-0.096537,0.066895,0.249141,7.820000,2480.943301

-0.815956,1.162916,13.024776,16.835880,0.024437,0.055437,0.106850,7.820000,2514.639600

-0.473468,1.325777,8.859837,16.824116,0.038826,0.023461,0.008792,7.820000,1880.785435

-0.962052,2.305340,9.693303,16.829998,-0.022460,0.050108,0.007993,7.820000,2519.658851

0.304913,3.054981,8.294611,16.827057,-0.028056,0.063164,0.091395,7.820000,2492.521968

-1.620682,1.455108,8.562854,16.835880,0.175521,0.094873,-0.064219,7.820000,2520.116090

-1.002767,4.123160,10.191467,16.812351,0.057212,-0.000254,-0.029312,7.820000,2561.963031

0.719252,1.388048,7.662326,16.815292,-0.034984,0.046644,-0.013591,7.824000,2551.137178

0.611476,1.337752,5.981022,16.812351,0.204299,0.077820,0.052492,7.824000,2595.484103

-0.892597,5.885894,9.053833,16.818233,-0.130910,0.108463,0.058087,7.824000,2546.925829

-0.593219,-0.535153,14.356406,16.806469,-0.109327,0.073556,0.171867,7.820000,2558.658533

-2.142797,-0.207035,8.919712,16.788822,-0.139704,0.091409,-0.051962,7.820000,2537.616833

-2.375113,3.807017,9.997471,16.812351,0.064140,0.110595,-0.137230,7.824000,2525.616524

1.373092,0.216883,10.478869,16.791763,-0.110126,-0.143610,-0.132167,7.824000,2504.209117

0.515675,3.395074,8.294611,16.779999,0.035096,0.093008,-0.253407,7.820000,2227.793912

0.130077,3.280113,6.596542,16.774117,-0.227370,-0.026101,-0.312295,7.820000,2464.212958

-0.801586,3.433394,7.774892,16.774117,-0.020329,0.076221,-0.070614,7.820000,2476.960361

-0.437543,-1.682367,12.773298,16.771175,-0.114123,-0.045819,-0.074611,7.820000,2492.521968

-0.219596,4.142320,13.506174,16.774117,0.546704,-0.019705,-0.066350,7.828000,2633.385182

-0.056735,2.413116,6.301955,16.779999,-0.154626,-0.261120,-0.105254,7.820000,2524.698019

-1.019533,1.277877,7.250382,16.774117,0.334333,0.030390,0.162807,7.824000,2571.451702

-0.966842,2.061048,8.620334,16.771175,0.166728,-0.162263,0.054091,7.828000,2772.177894

-1.397946,0.968919,11.760204,16.779999,-0.321964,-0.156667,-0.029579,7.824000,2506.921831

0.496515,1.210816,11.554234,16.768234,0.198704,0.034653,0.078605,7.828000,2597.912049

0.374369,3.265743,8.306586,16.768234,0.195240,-0.022903,0.006127,7.828000,2639.391587

-0.839906,0.056417,6.730663,16.759411,-0.000610,-0.146808,0.100455,7.832000,2618.981505

-1.862579,10.120289,13.839082,16.774117,0.071068,-0.123359,0.009858,7.836000,2578.614554

2.019747,0.583321,7.355763,16.777058,0.386826,-0.259522,0.065282,7.832000,2576.222628

-2.937943,-3.112194,9.935200,16.759411,-0.014999,-0.188376,0.098323,7.828000,2551.605859

-1.771569,0.839588,11.446457,16.756470,-0.060298,-0.024768,0.322951,7.832000,2555.362511

-2.463729,1.265902,10.430969,16.762352,-0.089076,0.056769,0.274988,7.824000,2518.287980

-2.672096,3.795042,8.804750,16.747646,0.272514,-0.062606,0.278452,7.832000,2547.860437

-1.182394,-0.978232,8.081454,16.759411,-0.204454,-0.341592,0.280584,7.828000,2537.616833

-1.699718,2.702913,8.639494,16.744705,-0.116788,-0.131353,0.386369,7.828000,2530.218581

2.132313,2.813084,9.072993,16.744705,0.050550,-0.087653,0.474568,7.820000,2581.970963

-2.284103,-0.027409,11.911091,16.753529,-0.070690,0.054638,0.528394,7.832000,2590.641773

-1.074618,2.664593,10.759087,16.785881,0.101445,0.013869,0.629383,7.836000,2629.893805

-2.566715,1.476663,11.784155,16.779999,-0.041113,-0.005849,0.545447,7.832000,2618.487610

-1.033903,4.240516,7.889853,16.777058,0.206697,0.029057,0.552375,7.832000,2611.101859

-0.193251,0.271969,12.646362,16.771175,0.058544,0.130046,0.467907,7.836000,2609.629709

0.345629,2.908885,7.942543,16.791763,-0.053636,0.086613,0.284314,7.828000,2592.092523

-0.562084,-0.532758,9.798684,16.785881,-0.018463,0.282463,0.125502,7.828000,2581.490840

-0.983607,1.182076,9.439431,16.794704,-0.014200,0.142037,-0.066084,7.832000,2574.789465

-1.136889,1.838311,9.463381,16.803528,0.047886,0.156426,-0.133499,7.832000,2576.700632

-1.057853,0.362979,10.579460,16.797646,-0.095737,0.120454,-0.261135,7.824000,2558.187098

-0.121400,3.526800,9.520862,16.821175,0.062008,0.202258,-0.278988,7.832000,2532.525966

-1.493746,-1.289584,11.096785,16.821175,0.089720,0.021063,-0.406623,7.828000,2550.668497

-2.899623,3.066956,8.016789,16.827057,-0.093872,0.061033,-0.323487,7.832000,2502.854985

-1.805099,1.447923,10.150752,16.832939,0.094783,0.049042,-0.179863,7.828000,2544.126032

-0.392037,3.129227,9.003537,16.829998,-0.004341,-0.152404,-0.132433,7.828000,2522.405042

1.658099,4.939862,8.936477,16.832939,0.114235,-0.079659,-0.071680,7.832000,2555.362511

1.126405,1.457503,10.811777,16.832939,-0.163952,-0.168924,0.192385,7.832000,2577.657275

-2.200277,1.433553,9.187954,16.835880,0.194707,0.102601,0.390899,7.832000,2604.246022

-1.491351,3.165152,8.368856,16.853529,-0.078684,0.010938,0.419944,7.836000,2568.597663

0.494120,2.650223,9.551997,16.847647,0.216557,-0.095114,0.481230,7.836000,2601.318673

-1.417106,-1.390175,9.659773,16.844706,-0.088276,0.051440,0.486826,7.820000,2576.222628

-1.321305,-0.693224,9.049043,16.838821,-0.047774,0.012270,0.325349,7.836000,2562.908656

-1.898505,1.189261,12.021262,16.853529,0.091852,0.028524,0.207306,7.828000,2546.458843

-1.091383,-0.228591,8.467052,16.859411,0.029500,0.026393,0.047695,7.836000,2524.239085

-2.116452,1.570069,11.264436,16.862352,-0.117054,0.092475,0.111380,7.832000,2542.262750

-0.243546,2.825059,7.568920,16.865294,0.079595,-0.006382,0.009058,7.836000,2533.912304

0.712067,0.468360,9.734018,16.874117,0.019641,-0.050349,0.027711,7.836000,2516.918593

0.712067,1.215606,10.258528,16.871176,-0.072555,0.201725,0.218764,7.836000,2562.908656

-1.050668,1.306617,6.191784,16.885881,-0.001676,0.164953,0.265129,7.836000,2558.658533

-3.388207,1.069510,9.130473,16.894705,-0.194062,0.227572,0.306164,7.840000,2532.064065

0.855768,0.868328,10.064531,16.906469,0.089987,-0.046352,0.249141,7.836000,2542.262750

-0.020809,0.925809,6.225314,16.906469,0.069203,0.130846,0.189187,7.836000,2544.592171

-1.824259,0.590506,10.589040,16.906469,-0.043511,0.074356,0.201178,7.836000,2535.763297

-1.115333,0.286339,7.535390,16.909410,-0.101333,0.186004,0.091395,7.832000,2533.912304

-1.539252,2.017938,8.541298,16.903528,0.026569,0.296586,0.076740,7.836000,2509.640265

-0.413593,0.592901,6.419311,16.918234,0.139549,0.233167,0.034639,7.836000,2526.995446

-2.355953,-2.084731,9.104128,16.909410,-0.343015,0.268340,0.000265,7.840000,2498.351876

-1.841024,4.597374,11.355447,16.897646,-0.023260,0.364800,-0.184926,7.836000,2519.658851

-1.091383,2.259835,10.830937,16.918234,0.162465,0.233700,-0.249410,7.836000,2541.332168

1.868861,2.420301,8.349697,16.912352,-0.079750,0.088478,-0.242216,7.836000,2551.605859

-0.942892,1.720955,9.753179,16.900587,0.044155,0.043180,-0.324819,7.840000,2246.536066

-0.526159,3.775882,9.657377,16.912352,0.053215,0.068760,-0.278188,7.840000,2509.186840

-0.590824,0.688702,8.773615,16.897646,0.254927,0.015468,-0.381043,7.836000,2570.975605

-1.345255,1.057535,5.803791,16.906469,-0.116788,-0.076995,-0.304301,7.840000,2528.375639

-1.299750,2.377191,7.827582,16.894705,-0.023260,-0.011712,-0.272859,7.832000,2548.328058

-0.729735,0.786898,9.827424,16.897646,0.034829,0.072491,-0.190522,7.836000,1904.517813

1.741925,0.561766,9.475356,16.903528,-0.044044,0.039716,-0.112448,7.836000,2545.991857

-0.212411,2.748419,8.246711,16.882940,0.096915,0.106065,-0.119643,7.836000,2461.155514

-0.224386,0.652777,7.319838,16.885881,0.162998,-0.145742,-0.112448,7.836000,2488.055726

0.302518,0.889884,7.561735,16.879999,-0.015532,-0.181182,-0.095661,7.828000,1462.591053

0.647401,2.094578,11.300361,16.894705,0.113702,-0.046352,-0.119643,7.836000,2457.670706

0.862953,3.162757,9.923224,16.871176,-0.070956,-0.026633,-0.094329,7.832000,670.554355

0.240248,4.240516,7.614426,16.868235,0.115034,-0.010912,-0.091664,7.832000,1056.439358

-0.799191,0.446805,7.966493,16.879999,0.133953,-0.041555,-0.167340,7.832000,1477.845857

-0.564479,1.474268,8.984377,16.865294,-0.103731,-0.105773,-0.127903,7.832000,922.340766

-0.765660,1.917347,10.213022,16.871176,-0.057100,-0.035427,-0.098060,7.836000,610.071571

-0.662675,2.353240,9.777128,16.868235,-0.085079,-0.064471,-0.122574,7.836000,610.071571

-2.415829,3.440579,10.007051,16.850588,0.161132,0.102867,-0.030112,7.836000,1759.705982

-1.366810,0.959339,8.546088,16.853529,0.113702,-0.115898,-0.072746,7.836000,1759.705982

-1.206344,1.155731,9.525652,16.844706,-0.031520,-0.172388,0.063950,7.836000,1759.705982

-2.396669,1.210816,9.868139,16.841763,-0.018730,-0.075929,0.064749,7.836000,207.217315

-0.523764,0.698282,10.064531,16.865294,-0.106662,-0.186777,0.246743,7.836000,494.492340

-0.456703,1.469478,10.232183,16.853529,-0.012068,-0.135617,0.223561,7.836000,435.511211

0.367184,0.997660,8.804750,16.859411,-0.015532,-0.048483,0.294173,7.836000,435.511211

0.321678,0.738997,9.037067,16.865294,-0.008604,0.012803,0.424207,7.836000,435.511211

-1.675768,0.168983,10.739926,16.850588,-0.018730,0.016001,0.411683,7.832000,435.511211

-2.705626,1.864656,9.149633,16.847647,0.035629,0.086347,0.314691,7.836000,435.511211

-2.370324,2.676568,10.596226,16.844706,0.132088,-0.046352,0.133230,7.836000,435.511211

-0.193251,3.093302,9.930409,16.835880,0.052949,-0.070067,0.085533,7.828000,435.511211

-0.478258,3.871683,8.342512,16.844706,0.106241,0.083948,0.028510,7.836000,435.511211

-1.673373,2.049073,10.878838,16.821175,-0.017664,0.086880,-0.103655,7.832000,435.511211

-2.442174,2.468201,10.524375,16.844706,-0.044843,0.157759,-0.090332,7.836000,435.511211

-0.339347,-1.188993,9.688513,16.838821,0.099047,0.080484,-0.227027,7.836000,435.511211

-0.883016,1.179681,8.134145,16.853529,-0.163419,0.133244,-0.196118,7.836000,42.337975

-1.282985,1.356912,9.101733,16.847647,0.098247,0.029857,-0.103922,7.836000,908.402380

-1.663793,0.755763,8.687394,16.838821,-0.008604,0.059167,-0.114314,7.828000,908.402380

-2.540370,0.233648,11.211745,16.841763,-0.058699,0.074356,-0.112182,7.832000,256.836014

-1.761989,2.238280,8.498188,16.835880,0.006318,0.149232,0.030908,7.836000,2368.788704

-2.396669,1.251532,7.829977,16.847647,0.076930,-0.106572,0.016519,7.824000,1201.820937

0.348024,-0.154345,9.130473,16.818233,0.133420,-0.223016,-0.037839,7.828000,2390.812685

0.963544,4.245306,9.999866,16.856470,0.205898,-0.013310,-0.067150,7.828000,2353.532206

-1.596732,1.469478,8.347301,16.853529,0.054547,-0.133751,-0.089266,7.824000,2389.578266

-1.955985,2.813084,11.618898,16.835880,-0.084280,-0.206762,-0.033309,7.820000,2367.980802

1.813776,2.793924,11.963781,16.868235,-0.053370,-0.206762,0.009858,7.828000,2388.345330

-2.073341,4.240516,7.259963,16.877058,0.027102,0.094341,0.092195,7.828000,2367.173535

-2.355953,0.724627,6.819279,16.871176,-0.136240,-0.162796,0.183858,7.816000,2347.960793

-1.773964,-0.230986,11.027328,16.868235,-0.217777,-0.168392,0.294973,7.820000,2425.474102

-0.475863,2.865775,12.107483,16.882940,0.142480,-0.108171,0.369049,7.832000,2380.565691

-0.404013,2.635853,8.438313,16.897646,0.178452,-0.107638,0.481496,7.832000,2381.382281

-0.360902,0.643197,8.249105,16.906469,0.078263,-0.142012,0.489224,7.832000,2345.580944

-0.660280,2.408326,10.232183,16.897646,0.033497,-0.073264,0.423940,7.828000,2512.819329

-0.363297,2.662198,10.294453,16.903528,0.111570,0.084481,0.427937,7.808000,2592.576459

-1.081803,1.268297,10.421389,16.900587,0.035629,0.131112,0.157744,7.832000,2371.620707

-2.128427,1.637130,10.979428,16.897646,-0.045909,-0.013044,0.031974,7.836000,2166.953738

-0.835116,3.859708,8.869416,16.918234,-0.015799,0.076221,-0.090599,7.820000,2371.620707

0.599501,2.781949,8.967612,16.941763,0.140615,0.090876,-0.162543,7.832000,2414.928568

2.161053,2.712493,8.337722,16.938822,0.133154,0.059700,-0.077542,7.832000,2384.653937

-1.905690,1.194051,11.113549,16.927057,-0.127180,0.032255,-0.064485,7.828000,2363.949552

-0.904572,3.543565,8.914922,16.941763,0.033763,0.016001,0.025579,7.832000,2375.678230

-2.281708,-1.735058,9.980705,16.956469,0.281573,-0.089252,0.146287,7.820000,2381.790576

2.113153,-0.242961,11.058464,16.950586,0.028967,0.001612,0.298170,7.832000,2375.678230

-3.299591,1.035980,7.568920,16.962351,-0.054969,0.176411,0.217166,7.832000,2330.620868

-2.540370,0.200118,11.125525,16.947645,-0.093339,0.192665,0.029842,7.832000,2353.133234

0.213903,1.165311,10.924343,16.974117,-0.071489,-0.018640,-0.054626,7.816000,2278.982266

-0.578849,2.219119,9.719648,16.980000,-0.069624,0.106331,-0.117245,7.800000,2218.894059

-0.475863,-1.471606,13.204402,16.974117,-0.054436,0.110328,-0.288847,7.820000,2258.962045

-0.116610,3.533985,10.064531,16.982941,0.055080,0.056503,-0.524133,7.828000,2214.294332

1.181490,4.923097,7.619215,17.012352,0.123028,0.037051,-0.523867,7.828000,2234.246115

0.312098,0.185748,10.483660,17.009411,0.023105,-0.208361,-0.008262,7.824000,2317.783204

-3.869606,2.659803,10.045371,17.015293,0.091053,-0.026367,0.093793,7.824000,2326.715687

-1.041088,6.494229,8.155700,17.024117,0.116900,-0.103908,0.139891,7.808000,2295.939110

1.114430,0.542606,6.910290,16.997646,0.323674,-0.197702,0.278185,7.820000,2399.073929

-0.518973,-1.430890,7.475514,17.015293,-0.165817,-0.221950,0.272057,7.820000,2331.012212

-2.803822,1.378468,10.074111,17.012352,-0.149563,0.121786,0.463110,7.820000,2313.535412

-2.200277,1.256322,11.891931,17.029999,-0.082414,0.059967,0.384238,7.820000,2279.730630

-1.788334,4.357872,10.804592,17.035881,-0.102133,0.111661,0.431668,7.828000,2274.875375

2.446061,2.966366,9.542417,17.047646,0.335399,-0.074597,0.306963,7.824000,2305.468886

-0.241151,0.336634,8.574828,17.035881,-0.066160,-0.286701,0.240081,7.824000,2271.154743

0.113312,1.364097,9.686118,17.047646,0.072134,0.095406,0.340005,7.820000,2247.263242

-0.880621,2.295760,9.420271,17.027058,0.020707,0.037051,0.314424,7.816000,2772.177894

-0.847091,5.409286,9.930409,17.032940,-0.223373,0.268607,0.348532,7.816000,2264.857213

0.199532,3.282508,10.047766,17.012352,0.241338,0.091942,0.313625,7.828000,2709.960917

0.355209,-0.262121,7.667116,17.027058,0.160599,-0.018640,0.314424,7.816000,2755.126975

0.074991,0.995264,9.142448,17.024117,-0.094938,0.167884,0.196648,7.820000,2752.396251

-1.876950,0.535421,9.580737,17.009411,0.082526,0.180674,0.109248,7.824000,2662.162449

0.031881,1.253927,9.271779,17.009411,-0.184469,0.118322,-0.057824,7.824000,2774.393535

-0.097450,3.632181,9.985496,17.000587,0.100112,0.197994,-0.052494,7.820000,2473.871346

1.241366,2.223909,9.305309,17.012352,0.131289,0.120454,-0.074611,7.824000,2248.354854

-2.126032,0.813243,9.992681,17.015293,-0.022727,0.052506,-0.152684,7.824000,2777.167906

-1.979935,3.258558,10.550720,17.038822,-0.137839,0.090344,-0.055692,7.820000,2236.765381

-1.385971,0.767738,10.193862,16.997646,-0.348344,0.234233,0.059420,7.820000,2217.830839

-0.717760,3.658526,9.216694,17.018234,-0.143967,0.272870,0.028777,7.824000,2683.772625

-0.523764,0.501890,8.570039,16.997646,0.072933,-0.029032,-0.139095,7.820000,2216.414838

-0.128585,0.748577,11.386581,17.000587,-0.260944,0.017066,-0.172935,7.820000,2314.692282

-0.123795,5.711058,8.828701,17.003529,0.147010,0.220111,-0.189456,7.820000,2218.185316

0.362394,1.055140,8.728109,17.000587,0.066805,0.066628,-0.224629,7.820000,2222.801358

-1.074618,0.880304,9.554392,16.974117,0.000189,0.144702,-0.194785,7.812000,2225.294775

-2.976264,-0.501623,7.755732,16.994705,-0.138371,0.183339,-0.230491,7.812000,2175.440848

-2.698441,-1.109958,10.838122,17.006470,-0.139437,0.109262,-0.251542,7.812000,2167.630275

-1.730853,2.022728,9.930409,16.985882,-0.074953,0.128981,-0.224629,7.812000,2166.615576

0.197137,1.320987,7.899433,16.997646,-0.021394,-0.041555,-0.003998,7.812000,2168.984619

-1.654213,2.671778,8.395202,16.997646,0.152339,-0.042088,0.051692,7.812000,2165.939676

-2.811007,1.074300,8.670630,17.006470,-0.077618,0.122053,0.177996,7.812000,2199.562663

-1.920060,2.398746,8.833491,17.032940,-0.261477,-0.063938,0.262997,7.820000,2224.938179

1.107245,1.982013,11.099179,17.029999,-0.037915,0.155360,0.154014,7.812000,2224.938179

-1.373995,5.454791,10.442944,17.024117,-0.044044,0.141504,0.098590,7.820000,2191.578136

1.071320,3.263348,8.797565,17.009411,0.190177,-0.007715,0.074342,7.816000,2207.254794

0.522860,-0.087284,8.213181,17.038822,-0.012601,-0.030097,0.035705,7.816000,2188.469628

-1.797914,1.416788,10.232183,17.027058,0.048152,0.068494,0.059153,7.816000,2173.397890

0.082176,0.312684,8.447892,17.041763,0.072667,-0.035960,-0.012525,7.816000,2302.028997

-2.288893,2.005963,12.081138,17.027058,-0.220175,0.128448,-0.000801,7.816000,2760.604313

0.925223,4.762630,14.265395,17.024117,0.030033,-0.061274,0.025313,7.812000,2704.682323

1.088085,1.792806,10.011841,17.035881,0.380964,-0.014643,-0.138562,7.808000,2757.315283

-0.095055,3.629786,8.313771,17.021175,0.275445,-0.085788,-0.010926,7.816000,2776.612565

0.496515,1.912557,7.894643,17.024117,0.170991,-0.053813,0.069812,7.812000,2769.413481

-0.025599,4.815321,8.522139,17.027058,0.132354,0.077820,0.052225,7.808000,2777.167906

1.009049,0.980894,10.804592,17.018234,0.043089,-0.047684,-0.022118,7.812000,2708.375199

-1.117728,2.176009,10.054951,17.024117,0.045754,0.025860,-0.073811,7.816000,2340.836079

-1.541647,2.956785,7.046806,17.024117,0.098780,-0.104441,-0.101257,7.816000,2686.368593

-1.476981,0.588111,9.575947,17.021175,0.040691,-0.075663,-0.111116,7.812000,2216.414838

-0.231571,1.402418,8.962822,17.018234,0.079328,-0.084456,-0.168406,7.816000,2383.835017

-2.700836,3.787857,9.633428,17.015293,-0.121584,-0.034094,-0.100724,7.816000,2181.593027

1.761085,3.816597,8.821516,17.032940,0.037494,-0.053546,-0.061821,7.812000,2157.861709

-1.479376,0.650382,10.574670,17.024117,0.155004,0.042647,-0.103389,7.812000,2199.562663

-2.571505,3.351964,8.773615,17.012352,0.004985,-0.021837,-0.112448,7.812000,2178.170936

-1.654213,1.972432,10.521979,17.018234,0.084658,-0.023702,-0.184127,7.816000,2187.779955

-0.954867,1.258717,8.474237,17.038822,0.233877,-0.143344,-0.403159,7.812000,2181.250415

-2.303263,-0.163925,10.100456,17.029999,-0.259612,-0.230211,-0.468975,7.808000,2142.215349

0.932408,2.013148,10.011841,17.038822,0.096648,-0.176385,-0.319223,7.808000,2172.717752

-0.509393,1.299432,10.737532,17.044704,-0.202589,-0.318143,-0.163609,7.804000,2127.771839

-1.136889,1.311407,7.506649,17.050587,-0.042445,-0.263252,0.107383,7.808000,2136.283102

-1.886530,4.523129,10.107641,17.035881,0.076930,-0.237672,0.169202,7.812000,2170.001436

0.046251,1.788016,8.395202,17.038822,0.130223,-0.155868,0.292574,7.808000,2162.903419

-3.407367,3.081326,8.970007,17.044704,-0.176209,-0.162263,0.263264,7.808000,2146.188543

-0.243546,3.998619,10.720766,17.047646,0.088921,-0.100177,0.286179,7.812000,2191.232346

-1.579967,0.386930,12.054792,17.053528,-0.065361,-0.169191,0.247276,7.816000,2195.736726

-0.202831,3.225028,10.203442,17.062351,-0.037116,-0.144143,0.268859,7.812000,2330.620868

0.697697,5.078773,9.029882,17.056469,0.272514,-0.032496,0.320819,7.816000,2211.825281

-1.393156,-0.614189,7.343788,17.079998,0.136618,-0.192640,0.281383,7.816000,2212.882780

-1.060248,1.371283,9.312495,17.059410,-0.103998,-0.305886,0.347732,7.808000,2172.717752

-2.569110,0.703072,8.778405,17.074116,0.188312,-0.060474,0.423674,7.808000,2190.886556

-0.303422,0.513866,7.473119,17.091763,0.135552,-0.150539,0.435398,7.804000,2754.034092

0.678536,-0.650114,10.390254,17.077057,-0.068025,-0.163862,0.537187,7.816000,2725.385649

1.416202,3.213053,9.640613,17.079998,0.081194,0.146034,0.674415,7.816000,2765.552584

-3.749855,0.142637,8.570039,17.088821,-0.030454,0.241428,0.596875,7.816000,2735.587088

-2.176327,4.338712,9.317285,17.088821,-0.066693,0.101269,0.640308,7.808000,2758.958844

-0.614774,2.597533,11.482383,17.091763,0.057212,0.101535,0.620323,7.816000,2775.502520

-0.552504,3.251373,10.893208,17.085880,0.014578,0.125250,0.407953,7.812000,2777.167906

-2.102081,3.502850,9.664562,17.077057,0.148076,0.188935,0.408752,7.812000,2767.205892

-2.025441,3.459739,9.211904,17.094706,-0.062696,-0.002119,0.433000,7.808000,2592.576459

-2.355953,1.299432,12.131433,17.079998,0.024704,0.047710,0.459380,7.816000,2767.205892

-0.540529,1.177286,6.266029,17.088821,-0.151695,0.127115,0.447922,7.812000,2626.411963

-1.845814,2.329290,12.655942,17.085880,-0.304644,0.305912,0.394630,7.812000,2686.368593

1.861676,0.396510,10.651311,17.077057,-0.086145,0.099670,0.217166,7.816000,2203.052345

-1.364415,4.932677,9.786709,17.077057,0.010315,0.298451,-0.031977,7.816000,2226.365198

-1.412316,2.662198,10.428574,17.056469,-0.005407,0.232635,-0.126571,7.816000,2175.100143

0.130077,3.062166,8.847861,17.050587,-0.072022,0.162022,-0.199848,7.812000,2188.124686

-0.351322,2.686148,10.052556,17.059410,0.278376,0.197195,-0.272592,7.816000,2586.299058

0.927618,2.017938,8.455077,17.062351,0.120097,-0.029032,-0.378645,7.820000,2188.124686

0.580340,1.651500,9.889694,17.077057,-0.013401,-0.010912,-0.254739,7.816000,2207.605669

0.530045,1.218001,8.469448,17.097647,-0.177541,0.061033,-0.107119,7.812000,2173.057821

-1.668583,3.481295,10.098062,17.106470,-0.046175,0.152429,-0.204645,7.820000,2219.248747

-1.371600,1.982013,11.729070,17.106470,-0.047241,-0.023169,-0.283251,7.812000,2194.348905

-1.029113,3.289693,10.747111,17.106470,-0.003541,0.129780,-0.276589,7.812000,2192.270139

0.065411,2.729259,8.658654,17.118235,0.066805,0.122586,-0.265931,7.824000,2190.886556

0.783917,3.886053,7.269543,17.112352,-0.233765,0.134843,-0.197450,7.816000,2178.512700

0.144447,3.349569,10.732741,17.129999,-0.057900,0.073556,-0.139628,7.808000,2204.801423

-0.693810,2.844219,8.574828,17.132940,0.021240,0.017066,-0.035441,7.816000,2157.191105

-0.758475,-0.920751,9.791499,17.124117,0.216823,-0.013310,-0.038105,7.820000,2204.801423

-4.351005,0.192933,8.035949,17.124117,-0.156757,0.051973,0.124170,7.812000,2187.435437

-1.158444,2.226305,9.700488,17.138823,0.099047,0.053039,0.276587,7.820000,2243.632236

0.134867,4.441698,8.876601,17.144705,0.302357,0.075155,0.421276,7.824000,2306.617918

-0.722550,1.737720,7.755732,17.138823,-0.060564,0.080218,0.428470,7.816000,2546.925829

-1.553622,2.528077,9.137658,17.127058,0.009782,0.147367,0.507610,7.816000,2093.447737

-0.763265,1.426368,10.462104,17.141764,-0.033385,0.138040,0.498017,7.820000,2264.487904

0.206717,3.739957,9.947175,17.109411,0.120364,0.203590,0.358124,7.816000,2268.928084

-0.715365,1.855076,8.692184,17.124117,-0.020062,0.264610,0.200112,7.820000,2249.083089

-1.196764,3.474110,9.147239,17.129999,-0.009137,0.170282,0.146020,7.816000,2650.981271

-0.348927,1.802386,8.021579,17.138823,0.026302,0.238763,0.141224,7.820000,2265.596254

-2.612221,0.535421,9.219090,17.129999,-0.121584,0.226239,0.043699,7.816000,2265.965987

-1.127308,4.094420,10.732741,17.088821,-0.070157,0.071691,-0.060488,7.820000,2270.040884

1.210231,3.749537,10.548325,17.091763,-0.046442,0.063431,-0.087401,7.820000,2227.793912

1.876046,2.039493,8.280241,17.094706,0.363111,-0.025568,-0.151352,7.820000,2249.447524

-1.637448,-1.268029,9.070598,17.109411,0.063074,-0.044220,-0.176932,7.820000,2158.196905

1.095270,2.307735,7.207272,17.091763,-0.223639,-0.076462,-0.219300,7.812000,2224.225411

-1.776359,2.940020,9.966335,17.085880,-0.153027,0.183073,-0.290712,7.820000,2174.418945

-1.290170,2.267020,9.508886,17.100588,0.114768,0.014402,-0.353597,7.812000,2712.607736

0.728832,0.952154,6.943820,17.115294,-0.089875,-0.192107,-0.461514,7.824000,2210.065185

-0.645909,0.944969,9.171188,17.129999,-0.001676,-0.107105,-0.502816,7.804000,2424.627213

0.201927,2.947205,7.679091,17.118235,-0.051238,-0.084989,-0.437799,7.816000,2188.124686

-2.205067,1.196446,12.138618,17.138823,0.102511,0.021330,-0.310164,7.816000,2256.759329

-1.805099,1.021610,10.823752,17.135881,-0.107462,-0.021304,-0.297107,7.816000,2231.373855

-1.639843,5.584122,6.891129,17.135881,-0.085079,-0.113500,-0.182795,7.808000,2249.447524

0.609081,4.772211,6.665998,17.132940,-0.140503,-0.150805,-0.048764,7.816000,2189.850033

-0.815956,0.779713,12.651152,17.159410,-0.121851,-0.196637,0.018385,7.788000,2237.125791

-0.643515,3.102882,10.646521,17.159410,0.034829,-0.048483,0.019717,7.820000,2254.560639

-2.051786,-0.635744,11.896721,17.165293,0.108106,-0.047684,0.035172,7.816000,2281.603659

-2.027836,-0.480068,8.797565,17.179998,0.342860,0.020264,0.240614,7.800000,2373.647774

-3.785780,-0.448932,6.953400,17.191763,-0.081082,-0.187843,0.349864,7.824000,2282.728748

-3.752250,5.440421,6.043293,17.185881,0.377500,0.111128,0.497484,7.820000,2273.385639

-0.135770,2.753209,8.510163,17.200586,-0.093339,-0.103108,0.625386,7.804000,2272.269661

1.037789,1.627550,8.299401,17.203527,-0.203388,-0.084189,0.569429,7.820000,2774.393535

0.288148,1.601204,10.124407,17.185881,-0.037649,0.084748,0.593677,7.824000,2747.495018

0.841398,0.499495,10.876443,17.185881,0.124893,0.080218,0.598740,7.824000,2743.152726

-1.407526,5.730218,6.783354,17.191763,0.025769,0.179608,0.359723,7.820000,2749.671248

-0.741710,3.117252,8.658654,17.200586,0.119564,0.068760,0.300035,7.824000,2777.167906

-3.438502,-0.695619,10.272898,17.182940,-0.226837,-0.004517,0.213702,7.816000,2281.978477

-0.272286,1.795201,12.500266,17.185881,-0.084812,-0.106839,0.096192,7.824000,2723.247557

1.176700,3.617811,11.264436,17.165293,-0.115722,0.097005,0.045830,7.816000,2313.921035

-1.431476,6.968443,9.990285,17.179998,0.167261,0.198261,-0.094596,7.824000,2303.556659

-1.551227,1.316197,9.465776,17.191763,-0.379254,0.021330,0.025579,7.828000,2305.851756

-0.547714,5.658368,8.450288,17.177057,0.060676,0.203857,-0.017055,7.824000,2455.932009

1.167120,1.752090,9.207114,17.171175,0.014045,-0.130287,-0.062886,7.832000,2407.809787

0.149237,0.420460,8.833491,17.168234,-0.090675,-0.042621,0.035438,7.828000,2311.994612

0.063016,2.061048,7.430009,17.156469,0.176054,-0.029298,-0.083671,7.824000,2298.599489

-0.569269,3.440579,11.513517,17.135881,0.042290,-0.033828,-0.018121,7.824000,2273.757914

-0.739315,1.665870,9.688513,17.135881,-0.033385,-0.049016,-0.036507,7.816000,2299.360778

-1.579967,3.016661,9.681328,17.144705,0.049485,-0.084989,0.001864,7.820000,2307.000999

-1.005162,2.415511,9.092153,17.138823,0.161132,-0.165194,0.108449,7.820000,2287.240968

-1.045878,2.087393,9.724438,17.112352,0.121163,-0.173188,0.145221,7.824000,2270.040884

0.774337,4.508758,10.167517,17.135881,0.027102,0.095140,0.321352,7.824000,2307.384503

1.629359,5.732613,5.442143,17.132940,0.084125,0.081817,0.229423,7.820000,2321.270343

0.098942,0.334239,10.742321,17.127058,-0.173012,0.146034,0.246476,7.824000,2359.931863

-1.469796,4.824901,10.823752,17.118235,-0.000077,0.230503,0.121506,7.828000,2354.330150

2.271224,4.731495,8.582014,17.124117,0.273313,0.151630,0.035172,7.824000,2394.936103

0.985099,0.700677,10.234577,17.121176,-0.114923,0.097805,0.074342,7.832000,2390.401000

-1.350045,2.240674,10.184282,17.109411,-0.122384,0.273137,0.101521,7.832000,2454.629576

-1.081803,1.730535,10.313613,17.121176,0.148875,0.039449,0.103120,7.820000,2653.514098

-0.121400,-1.047687,10.339958,17.100588,-0.075753,0.030123,0.120706,7.828000,2774.948028

-2.691256,1.665870,10.610596,17.121176,0.024437,0.232635,0.086865,7.812000,2546.458843

-1.350045,0.772528,7.147397,17.088821,0.096116,0.029324,0.199046,7.828000,2766.103475

-1.230294,2.420301,9.334050,17.103529,-0.095737,-0.024502,0.339738,7.828000,2776.057437

-1.225504,3.672896,10.876443,17.091763,0.059344,0.113792,0.420210,7.824000,2776.612565

-2.511630,3.689661,9.290939,17.082939,0.186180,0.199860,0.365852,7.832000,2773.839254

-3.048114,1.788016,8.325747,17.085880,0.108639,0.068227,0.256336,7.832000,2777.167906

-2.547555,0.315079,8.878996,17.100588,0.010315,-0.049549,0.115910,7.824000,2777.167906

-0.672255,1.177286,10.761481,17.094706,0.015111,-0.007981,0.156146,7.828000,2776.057437

-1.259035,3.203472,11.891931,17.071175,-0.151162,-0.060741,-0.068749,7.828000,2769.966067

-1.062643,0.777318,7.834767,17.085880,-0.136240,0.016267,0.110314,7.816000,2774.948028

-0.274681,1.328172,10.486054,17.085880,0.012180,0.109795,0.051692,7.828000,2773.839254

0.034276,2.583162,9.453801,17.077057,0.034563,0.136708,-0.154283,7.836000,2774.393535

0.822237,0.667147,8.126960,17.091763,0.114501,0.236365,-0.383974,7.820000,2773.285397

-0.545319,0.923414,8.285031,17.077057,-0.010736,0.031722,-0.592081,7.832000,2774.393535

0.161212,2.820269,8.124565,17.079998,0.073200,-0.041822,-0.651236,7.824000,2774.393535

1.897601,2.755604,9.966335,17.065292,-0.093339,0.047976,-0.584354,7.816000,2756.767782

0.348024,2.825059,10.917158,17.065292,0.171258,0.057302,-0.513208,7.820000,2700.999618

-0.976422,2.698123,9.413086,17.077057,0.010315,0.001345,-0.489226,7.828000,2564.328683

-0.269891,3.454949,9.082573,17.077057,0.073733,-0.047418,-0.334678,7.824000,2601.806211

-0.487838,3.965089,8.498188,17.056469,0.013246,0.021063,-0.359459,7.804000,2372.431152

-0.899782,1.718560,8.898156,17.038822,0.018575,-0.092183,-0.321089,7.804000,2777.167906

-1.009952,1.524564,9.631032,17.065292,0.084391,-0.068735,-0.167073,7.808000,2762.801308

-0.552504,1.447923,9.166399,17.032940,-0.070157,-0.106039,0.018118,7.828000,2776.612565

-0.890202,-0.408217,0.817360,36.527058,0.121962,0.007740,-0.000268,7.828000,2773.839254

-3.874396,2.389166,13.925303,17.068233,0.105975,-0.196104,0.219297,7.828000,2776.612565

-1.829049,4.681200,10.838122,17.059410,0.245068,-0.223816,0.228357,7.824000,2744.779550

0.405504,3.773487,7.334208,17.056469,0.147010,-0.289632,0.377576,7.836000,2765.001905

1.140775,0.396510,9.233459,17.044704,-0.002742,-0.161996,0.565699,7.832000,2748.582603

-2.063761,2.168824,10.706396,17.044704,-0.025125,0.014935,0.623254,7.828000,2774.948028

-1.546437,2.049073,9.034673,17.032940,0.027635,0.008540,0.581153,7.832000,2777.167906

-1.450636,1.977222,8.411967,17.053528,0.030832,0.070625,0.536388,7.816000,2777.167906

-2.324818,0.655172,9.118498,17.053528,-0.097070,0.002411,0.405288,7.828000,2769.413481

-0.193251,6.281073,10.972243,17.044704,0.031898,0.114592,0.362654,7.832000,2777.167906

-1.603917,4.369847,9.025092,17.047646,0.012180,0.131645,0.284314,7.832000,2722.713616

-2.284103,0.025282,10.244158,17.053528,0.126226,-0.083124,0.229156,7.832000,2773.839254

0.496515,0.621641,9.288545,17.053528,-0.088010,-0.107638,0.157478,7.832000,2745.322177

0.678536,1.514984,10.835728,17.050587,0.083858,-0.005316,0.179328,7.824000,2774.948028

0.680931,3.071746,10.038186,17.041763,0.077463,0.159624,0.090596,7.832000,2777.167906

-0.574059,3.723191,7.350973,17.027058,-0.157823,0.033587,-0.104455,7.832000,2776.612565

-1.072223,3.026241,8.888577,17.032940,-0.159156,0.019731,-0.298972,7.820000,2773.285397

0.257013,2.571187,13.654665,17.018234,0.163264,-0.002652,-0.464978,7.836000,2716.853833

-0.799191,4.113580,7.350973,17.029999,-0.054702,0.001612,-0.418081,7.832000,2776.612565

-0.013624,0.839588,11.690749,17.024117,0.214691,0.055970,-0.217435,7.832000,2773.839254

-0.303422,2.377191,8.392807,17.006470,-0.157823,-0.099378,-0.137230,7.828000,2777.167906

-0.705785,4.036940,9.813054,17.015293,-0.034451,-0.028765,-0.050629,7.836000,2777.167906

-2.320028,1.498219,12.873889,17.041763,-0.020861,-0.059408,0.084734,7.832000,2698.899876

-0.689020,6.429564,10.052556,17.009411,0.104376,0.011204,0.166538,7.828000,2774.393535

0.982704,6.089471,8.754455,17.018234,0.313016,-0.097779,0.265395,7.836000,2773.839254

-0.051945,3.486085,9.863349,16.991764,0.218422,-0.053813,0.343202,7.832000,2777.167906

1.653309,2.626273,9.360395,17.015293,0.088921,-0.035160,0.479098,7.836000,2774.393535

-1.304540,1.785621,9.923224,17.003529,-0.050439,0.095140,0.425539,7.832000,2776.057437

0.017511,3.605836,8.776011,16.980000,0.294897,0.021063,0.319487,7.828000,2777.167906

-1.831444,2.762789,9.410690,17.000587,0.095583,0.264610,0.169735,7.836000,2777.167906

-1.170419,3.933954,9.789104,16.997646,0.143812,0.328828,-0.000268,7.824000,2776.057437

-1.005162,1.891002,9.101733,17.000587,0.026036,0.102334,-0.079407,7.812000,2772.177894

-2.185907,3.227422,11.214140,16.997646,0.055880,0.058102,-0.060222,7.828000,2774.393535

-0.521369,1.718560,8.598779,16.994705,-0.000610,0.057835,-0.006130,7.832000,2777.167906

0.422269,1.225186,7.722201,16.980000,0.074799,0.018932,-0.000534,7.832000,2776.057437

-0.890202,-0.408217,0.817360,36.527058,0.121962,0.007740,-0.000268,7.828000,2776.612565

-2.782267,1.141361,9.825029,16.985882,-0.141835,0.078086,-0.164409,7.832000,2776.612565

-0.918942,2.367611,8.701765,16.947645,0.053482,-0.060741,-0.068749,7.832000,2775.502520

0.067806,2.487362,9.051437,16.994705,0.003653,-0.080992,-0.050363,7.832000,2776.612565

-0.071105,3.601046,8.613149,16.997646,-0.015532,-0.046085,0.021849,7.820000,2738.284334

1.562299,-0.408217,0.817360,36.527058,0.121962,0.007740,-0.000268,7.812000,2774.393535

-0.432753,1.617970,9.724438,16.974117,0.248266,0.000279,0.164406,7.836000,2760.604313

-1.134493,0.839588,7.901828,16.968235,-0.017930,-0.039157,0.191852,7.832000,2776.057437

0.077386,4.132740,10.675261,16.988823,-0.132509,0.029857,0.292574,7.808000,2777.167906

-0.152535,3.344779,9.329260,16.971176,-0.072289,0.154295,0.242480,7.828000,2774.948028

-1.934430,0.595296,10.349538,16.977058,-0.046175,0.090077,0.262997,7.820000,2773.839254

-1.570387,1.440738,9.470566,16.980000,-0.123450,0.116457,0.157212,7.812000,2776.057437

-0.851881,3.088511,9.192744,16.985882,-0.028855,0.192932,0.154280,7.828000,2776.612565

-0.607589,1.586834,8.002419,16.985882,-0.094139,0.177477,0.070345,7.832000,2775.502520

1.761085,1.716165,10.462104,-38.772942,-0.014999,-0.129222,-0.137230,7.832000,2771.071451

0.288148,3.205868,8.038344,16.968235,0.165129,0.290190,-0.042902,7.832000,2773.839254

-1.742828,1.972432,8.514953,16.950586,-0.074687,0.119388,-0.102589,7.824000,2777.167906

-0.277076,4.494388,0.201840,35.771175,0.053482,-0.060741,-0.136697,7.832000,2774.393535

-1.287775,0.451595,8.840676,16.974117,0.063607,0.054904,-0.197450,7.820000,2776.612565

-1.697323,1.208421,11.080019,16.971176,-0.171946,0.043713,-0.174801,7.832000,2776.057437

0.752782,2.207144,7.195297,16.938822,-0.025391,-0.111369,-0.053827,7.836000,2777.167906

0.125287,3.126832,10.704001,16.938822,0.027635,0.092209,-0.037306,7.824000,2530.679634

-0.121400,0.863538,9.343630,16.962351,-0.030721,-0.049816,-0.094862,7.828000,2754.034092

2.046093,1.411998,9.164003,16.947645,0.127025,0.124717,-0.249410,7.828000,2384.653937

-1.944010,1.433553,8.677814,16.956469,-0.040047,0.033587,-0.412752,7.820000,2446.412827

-2.813402,2.470596,8.320956,16.944704,0.012180,0.010405,-0.492424,7.816000,2282.728748

-0.487838,2.820269,7.738966,16.935881,-0.002476,-0.105773,-0.585153,7.828000,2349.549901

-0.305817,0.851563,9.233459,16.938822,-0.037649,-0.155335,-0.543318,7.828000,2332.186669

-0.995582,2.130504,9.207114,16.941763,-0.072289,-0.055411,-0.443928,7.832000,2318.944524

1.004259,2.638248,8.893367,16.932940,-0.058966,-0.115632,-0.308298,7.828000,2349.549901

0.431849,4.805741,10.078901,16.947645,0.034030,-0.051947,-0.157747,7.832000,2375.271842

-1.845814,3.433394,10.033396,16.956469,0.042290,-0.041822,-0.144424,7.828000,2358.328770

-1.254244,2.734049,8.419152,16.932940,0.068936,-0.053813,-0.165475,7.836000,2340.836079

-0.521369,2.662198,10.514794,16.941763,0.005518,-0.050082,-0.201447,7.836000,2311.994612

-0.377667,3.833362,9.631032,16.944704,0.028967,-0.010646,-0.200648,7.828000,2330.620868

-1.429081,1.931717,11.350657,16.953527,0.122495,-0.176918,-0.154283,7.832000,2316.236684

-2.149982,0.818033,8.874207,16.929998,0.214958,-0.149739,-0.046099,7.832000,2333.754589

-2.765502,1.431158,5.849296,16.924116,-0.033652,-0.265917,0.042100,7.836000,2292.527613

-3.747460,-0.508808,11.044094,16.924116,-0.129045,-0.256591,0.106051,7.832000,2273.757914

-2.202672,1.900582,11.508728,16.941763,0.131555,-0.167592,0.332277,7.828000,2331.012212

-1.577572,0.940179,6.893525,16.935881,0.025503,-0.291231,0.339472,7.832000,2363.144828

-1.920060,2.889725,8.993958,16.929998,-0.119986,-0.189442,0.555839,7.828000,2344.392927

-1.285380,2.810689,8.158095,16.921175,0.143013,-0.011978,0.832694,7.832000,2537.616833

-0.753685,0.937784,9.678933,16.932940,0.184315,-0.086854,0.836424,7.832000,2364.352126

-1.280590,1.313802,7.966493,16.927057,-0.075753,-0.093516,0.670685,7.832000,2776.057437

-3.244506,4.341107,9.571157,16.912352,0.035629,0.044246,0.584617,7.836000,2334.146781

-1.642238,0.317474,10.775852,16.906469,-0.000877,0.021863,0.636311,7.828000,2769.413481

-1.065038,2.391561,10.620175,16.912352,0.006584,-0.008780,0.515870,7.844000,2749.126714

-2.947523,4.518338,10.359118,16.932940,-0.042445,0.079685,0.325083,7.832000,2693.141796

-1.429081,0.585716,8.708950,16.927057,-0.031786,-0.012511,0.300835,7.840000,2511.455874

-0.705785,2.025123,8.862231,16.944704,-0.026990,0.127915,0.267527,7.832000,2772.731539

-0.435148,-0.700409,11.673985,16.912352,-0.162353,0.131112,0.180127,7.832000,2725.920649

-1.750014,3.522010,11.125525,16.915293,0.082526,0.285394,0.081270,7.840000,2772.177894

-1.184789,3.593861,7.719806,16.921175,-0.080549,0.175878,-0.200648,7.836000,2758.958844

-0.581244,2.298155,9.980705,16.918234,-0.048574,0.305379,-0.327217,7.836000,2777.167906

0.537230,2.858590,9.147239,16.909410,0.007384,0.128981,-0.418880,7.832000,2760.055541

0.324073,2.199959,8.682605,16.906469,-0.061897,0.117256,-0.483631,7.844000,2775.502520

0.290543,2.779554,8.728109,16.894705,-0.020861,0.225973,-0.516406,7.836000,2651.487455

0.592316,0.456385,9.434641,16.891764,-0.204721,0.158824,-0.501484,7.836000,2777.167906

-0.027994,0.861143,8.158095,16.900587,-0.002742,0.142304,-0.577159,7.824000,2539.473124

-0.753685,0.894674,8.562854,16.885881,-0.153826,0.040515,-0.557707,7.836000,2761.153297

-1.577572,2.290970,8.888577,16.885881,-0.116522,0.049308,-0.540387,7.828000,2647.947982

-0.102240,2.810689,9.920830,16.897646,0.182982,0.061566,-0.484430,7.832000,2472.109555

-1.134493,2.647828,10.495634,16.885881,-0.159422,0.017599,-0.287514,7.832000,2756.767782

-1.651818,1.912557,9.398716,35.771175,0.053482,-0.060741,-0.068749,7.836000,2732.894927

-1.740433,2.247860,9.130473,16.891764,-0.008338,-0.087653,-0.052228,7.840000,2776.612565

-1.211134,2.908885,9.913645,16.894705,0.077197,-0.110303,0.039702,7.840000,2772.177894

0.491725,2.817874,10.704001,16.879999,0.079861,-0.179050,0.276587,7.816000,2771.624673

0.903668,2.362821,8.182045,16.879999,0.119298,0.000546,0.358124,7.836000,2774.393535

-1.062643,1.577254,8.416758,16.888823,0.081194,0.008273,0.376777,7.824000,2775.502520

-1.373995,3.555540,9.772339,16.868235,0.157402,0.051707,0.092994,7.836000,2761.702281

-1.948800,0.597691,9.501701,16.871176,0.073733,-0.077794,0.039702,7.836000,2758.958844

-1.529672,3.031031,8.397597,16.879999,-0.080549,-0.004517,-0.038105,7.836000,2207.254794

-2.013466,2.628668,10.284873,16.827057,0.053482,-0.060741,-0.068749,7.836000,2776.612565

-0.375272,2.413116,8.320956,16.862352,-0.002209,-0.066336,-0.219300,7.832000,2699.424494

-1.862579,0.243228,9.997471,16.874117,0.085990,-0.020505,-0.221165,7.836000,2776.612565

-1.055458,0.619246,8.392807,16.868235,-0.007805,-0.110836,-0.260602,7.828000,2317.783204

-2.102081,-1.184203,9.607082,16.877058,-0.062430,-0.085788,-0.260335,7.836000,2744.237134

-1.752409,0.200118,9.420271,16.862352,-0.147431,-0.117764,-0.247545,7.840000,2315.078330

-1.855394,1.373677,10.313613,-2.628826,0.053482,-0.060741,-0.068749,7.836000,2773.839254

-0.789611,2.432276,9.228669,16.871176,-0.053903,-0.188376,-0.242482,7.840000,2758.410708

-0.111820,2.892120,8.804750,16.894705,-0.036050,-0.217421,-0.179597,7.828000,2777.167906

-1.426686,3.368729,10.241762,16.879999,0.211227,-0.216088,-0.152951,7.824000,2776.057437

0.388739,4.463253,8.625124,16.897646,0.231745,-0.268581,-0.045833,7.828000,2770.518653

0.953964,4.245306,7.109076,16.874117,0.194707,-0.181182,0.050094,7.836000,2735.048063

1.406622,3.569910,7.966493,16.865294,-0.031520,-0.174787,0.158810,7.844000,2773.285397

-0.286657,3.967484,10.380673,16.865294,0.070269,-0.095914,0.179328,7.832000,2771.071451

0.858163,2.839429,9.736413,16.874117,-0.016598,-0.126823,0.122038,7.840000,2543.659894

1.092875,2.920860,9.199929,16.871176,0.002321,-0.075130,0.154547,7.840000,2777.167906

-1.429081,0.391720,9.676538,16.865294,0.038293,-0.079926,0.226492,7.832000,2718.981755

-1.055458,0.942574,8.809541,16.859411,-0.112525,-0.197702,0.303499,7.828000,2753.487863

-1.304540,2.164034,13.882192,16.865294,0.046021,-0.261120,0.460446,7.816000,2695.755985

-0.107030,3.423814,10.100456,36.527058,0.121962,0.007740,-0.000268,7.832000,2769.966067

-0.995582,2.769974,7.094706,16.853529,-0.096004,-0.102575,0.723711,7.828000,2733.971071

-1.529672,4.218961,7.980864,16.859411,0.018308,0.031455,0.983512,7.832000,2720.046881

0.017511,2.269415,6.627677,16.877058,0.273047,0.034919,0.913699,7.840000,2765.552584

-7.021451,-0.408217,0.817360,36.527058,0.121962,0.007740,-0.000268,7.828000,2738.824419

-2.830167,5.124278,8.306586,16.856470,0.290900,0.192399,0.290709,7.824000,2758.958844

-1.802704,-0.144765,8.514953,16.868235,0.101978,-0.009313,0.162807,7.836000,2752.942057

-1.855394,0.339029,10.730347,16.874117,-0.250286,0.090610,0.056489,7.828000,2777.167906

-1.048273,1.934112,9.650192,16.859411,-0.099201,0.174546,-0.030378,7.836000,2762.251688

-0.198041,0.334239,9.393926,16.853529,-0.093339,0.243559,-0.053294,7.832000,2771.071451

-1.730853,1.390443,11.432087,16.829998,-0.130111,0.224907,-0.217968,7.832000,2773.285397

2.101178,2.992711,10.639336,16.850588,-0.138904,0.120454,-0.306167,7.824000,2771.071451

2.515516,4.614139,10.323193,16.862352,0.000189,0.191866,-0.595545,7.828000,2752.396251

1.447338,4.480018,7.094706,16.847647,0.067338,0.142304,-0.691471,7.832000,2777.167906

1.976637,1.819151,8.838281,16.829998,-0.129312,0.122852,-0.718917,7.832000,2777.167906

-1.364415,3.675291,10.641730,16.835880,-0.080283,0.211318,-0.812978,7.824000,2762.251688

0.793497,3.538775,8.390412,16.832939,-0.045110,0.032521,-0.771410,7.836000,2729.671580

1.023419,0.980894,9.652588,16.824116,-0.068292,-0.095647,-0.542785,7.836000,2768.309369

0.712067,3.608231,9.393926,16.832939,-0.062163,-0.058342,-0.392501,7.832000,2775.502520

-1.503326,2.959180,10.004656,-2.628826,0.053482,-0.060741,-0.068749,7.836000,2775.502520

-1.017138,2.262230,8.826305,16.821175,0.068137,-0.183580,-0.027980,7.840000,2777.167906

-1.225504,1.919742,8.742480,16.829998,0.073733,-0.265384,-0.068749,7.836000,2776.612565

-1.132098,4.080050,8.119775,16.809410,-0.044044,-0.007715,0.374112,7.832000,2776.612565

-3.316356,-0.324391,10.900393,16.824116,-0.139437,-0.128955,-0.068749,7.828000,2776.612565

-0.243546,2.329290,8.016789,16.829998,-0.024059,-0.025568,0.753022,7.836000,2776.612565

-0.236361,2.343660,10.224998,16.800587,0.139016,0.073823,0.413548,7.832000,2776.057437

-2.684071,2.719678,11.472802,16.800587,-0.266540,0.125517,0.227291,7.840000,2775.502520

-0.011229,1.292247,9.259805,16.812351,0.016177,0.059434,0.178262,7.836000,2774.948028

-1.601522,3.081326,9.465776,16.800587,-0.075486,0.055703,0.199046,7.828000,2777.167906

-1.944010,-1.639257,-0.413680,35.015293,-0.014999,-0.129222,-0.137230,7.836000,2775.502520

0.230668,4.068075,7.231222,16.791763,0.075331,0.145235,-0.000268,7.832000,2776.057437

-0.466283,1.993988,9.293335,16.794704,0.002321,0.034386,-0.188124,7.836000,2776.612565

-0.681835,1.469478,7.257567,16.794704,-0.028855,0.007474,-0.273125,7.832000,2774.948028

0.292938,1.708980,0.201840,35.771175,0.053482,-0.060741,-0.068749,7.828000,2776.612565

-1.558412,0.226463,8.953242,16.785881,0.020440,0.012537,0.144954,7.812000,2776.612565

-0.890202,-0.408217,0.817360,36.527058,0.121962,0.007740,-0.000268,7.828000,2776.612565

-0.741710,4.082445,6.412126,16.788822,0.125426,0.024527,-0.230225,7.836000,2776.612565

-0.890202,-0.408217,0.817360,36.527058,0.121962,0.007740,-0.000268,7.836000,2776.057437

-0.466283,0.667147,8.388017,-2.628826,0.053482,-0.060741,-0.069015,7.836000,2776.612565

0.086966,1.038375,8.601173,16.765293,0.138750,-0.074330,-0.348534,7.836000,2777.167906

1.246156,5.526641,7.676696,16.774117,0.225883,-0.026633,0.169735,7.832000,2776.057437

-0.727340,0.305499,9.803473,16.774117,-0.285725,0.015201,0.229156,7.820000,2776.612565

1.380277,2.039493,-1.644720,33.503529,-0.151961,-0.540107,-0.548115,7.828000,2775.502520

-0.238756,2.362821,9.475356,16.741764,0.120097,-0.065537,0.227291,7.828000,2777.167906

-0.389642,3.023846,9.657377,16.744705,0.016710,0.091409,0.206241,7.824000,2776.057437

1.332377,1.737720,9.796288,16.750587,0.203500,0.142837,0.056489,7.824000,2768.309369

1.835331,3.141202,6.651628,16.747646,0.143546,0.271005,0.095126,7.824000,2776.612565

-0.986002,-2.276332,7.300678,16.753529,-0.325695,0.091409,0.143888,7.824000,2776.612565

0.925223,1.716165,11.283596,16.738823,0.035895,0.089278,-0.033043,7.824000,2776.612565

0.233063,0.624036,10.624966,35.771175,0.053482,-0.060741,-0.068749,7.828000,2777.167906

-2.185907,4.903936,6.946215,35.771175,0.053482,-0.060741,-0.068749,7.836000,2776.057437

-0.538134,-2.149396,14.373171,16.544704,0.121962,0.007740,-0.000268,7.820000,2777.167906

-0.890202,-0.408217,0.817360,36.527058,0.121962,0.007740,-0.000268,7.828000,2777.167906

-0.976422,-1.023737,0.199445,35.015293,-0.014999,-0.129754,-0.274191,7.824000,2776.612565

0.930013,-1.030922,0.817360,36.527058,0.121962,0.007740,-0.000268,7.828000,2776.612565

1.298846,-1.639257,-0.413680,33.503529,-0.151961,-0.266183,-0.548115,7.824000,2777.167906

-0.890202,-0.408217,0.817360,36.527058,0.121962,0.007740,-0.000268,7.820000,2776.612565

-0.890202,-0.408217,0.817360,36.527058,0.121962,0.007740,-0.000268,7.824000,2777.167906

-2.051786,3.512430,7.616820,16.721176,0.000189,-0.060741,-0.147888,7.816000,2777.167906

0.486935,2.999896,7.310258,16.715292,-0.039780,-0.050349,-0.048498,7.828000,2777.167906

1.538348,1.689820,5.741520,16.724117,-0.062696,-0.123359,-0.073012,7.820000,2776.057437

1.068924,0.446805,13.894167,16.730000,0.100112,-0.035960,-0.033842,7.820000,2772.731539

1.777850,5.699083,8.565248,16.709410,0.097981,-0.103908,0.099922,7.824000,2771.071451

1.866466,1.864656,7.504255,16.732941,-0.090142,0.007474,-0.068749,7.828000,2767.757631

-0.418383,-0.822555,10.845307,16.712351,-0.182604,-0.034094,0.245411,7.832000,2776.612565

-1.062643,3.004686,10.071716,16.715292,-0.077352,-0.008780,0.222761,7.828000,2750.760529

-1.728458,2.489757,11.590158,16.718235,-0.080816,0.182007,0.283248,7.824000,2774.393535

-0.449518,2.920860,10.476475,16.724117,0.122762,0.106864,0.346400,7.828000,2764.451438

-0.193251,2.415511,7.204877,16.709410,0.168860,0.163887,0.222228,7.828000,2765.001905

1.265316,2.393956,5.322392,16.712351,0.121962,0.048242,0.262997,7.832000,2776.612565

1.540743,2.746024,9.621452,16.715292,0.014045,0.194264,0.302700,7.828000,2777.167906

-1.460216,0.300709,8.943662,16.712351,-0.105597,0.205988,0.168669,7.832000,2772.177894

-4.051627,3.102882,11.269226,16.712351,-0.224439,0.438077,0.114578,7.824000,2776.612565

0.300123,6.841507,13.115786,16.715292,0.143812,0.223042,-0.029046,7.820000,2777.167906

0.010326,4.434513,8.486213,16.700586,0.128357,0.474582,-0.546249,7.828000,2776.612565

-0.157326,4.027359,4.153622,16.688822,-0.110393,0.126582,-0.423410,7.824000,2774.948028

-1.362020,1.213211,10.500424,16.703527,0.022572,0.108463,-0.525199,7.820000,2777.167906

2.778969,2.487362,10.210628,16.677057,0.098247,0.037584,-0.645640,7.836000,2776.612565

2.249669,2.942415,8.922107,16.679998,0.119031,-0.007448,-0.484430,7.828000,2774.948028

0.175582,4.554264,4.611071,16.679998,0.020174,0.023461,-0.522001,7.832000,2771.624673

0.189952,-1.541061,9.793894,16.697645,0.156336,-0.027966,-0.387171,7.832000,2765.552584

2.122733,2.487362,9.446616,16.668234,0.113169,-0.194771,-0.414883,7.832000,2776.057437

-1.661398,-0.365107,7.482699,16.688822,-0.003009,0.009872,-0.167340,7.832000,2752.396251

-3.175050,-1.150673,9.789104,16.665293,-0.011269,-0.025301,-0.037573,7.832000,2771.624673

-1.553622,2.458621,9.257409,16.677057,0.186979,-0.098578,-0.031444,7.828000,2777.167906

-2.617011,4.367452,6.824069,16.674116,0.139016,-0.105506,0.106584,7.832000,2773.285397

-1.445846,-0.408217,0.817360,36.527058,0.121962,0.007740,-0.000268,7.828000,2769.966067

0.803077,1.675450,11.312336,16.682940,0.121962,-0.147874,0.159876,7.828000,2774.393535

-0.890202,-0.408217,0.817360,36.527058,0.121962,0.007740,-0.000268,7.836000,2776.612565

-1.187184,-0.389057,8.605964,16.647646,-0.287324,0.007740,-0.000268,7.836000,2776.057437

-1.007557,1.785621,7.549760,16.638823,-0.149296,-0.010912,0.171334,7.828000,2775.502520

-0.890202,-0.408217,0.817360,36.527058,0.121962,0.007740,-0.000268,7.828000,2775.502520

-0.890202,-0.408217,0.817360,36.527058,0.121962,0.007740,-0.000268,7.832000,2771.624673

-0.684230,3.716007,10.974638,16.632940,-0.117054,0.032255,0.114311,7.828000,2777.167906

-0.540529,0.971314,18.727316,16.618235,-0.036583,-0.081525,0.079937,7.824000,2774.393535

0.199532,4.341107,12.232023,16.615294,0.043089,-0.062606,-0.135897,7.828000,2776.057437

1.018629,4.726705,3.626718,16.603529,-0.156224,0.017333,-0.052228,7.820000,2678.078957

-0.425568,-2.362553,11.879955,16.618235,-0.516215,-0.089252,0.193184,7.828000,2631.389050

0.144447,2.219119,11.252460,16.603529,-0.136240,0.000546,0.228091,7.820000,2661.652239

-0.336952,2.729259,8.644284,-2.628826,0.053482,-0.060741,-0.068749,7.828000,2762.801308

-1.776359,2.319710,9.501701,16.600588,-0.100267,-0.060741,-0.068749,7.824000,2774.393535

-1.833839,0.161798,10.423784,16.627058,0.117166,-0.127090,0.554241,7.828000,2777.167906

-1.139284,5.052428,11.415322,16.624117,0.086523,0.111394,0.515870,7.828000,2777.167906

-1.556017,5.260795,10.610596,16.600588,-0.091208,0.081817,0.515071,7.824000,2775.502520

0.280963,2.894515,10.356724,16.600588,0.105442,0.195063,0.543049,7.828000,2776.612565

-3.100805,5.361385,10.404624,16.609411,0.037760,0.144169,-0.000268,7.832000,2776.057437

-2.868488,2.681358,9.298124,16.579998,0.096116,0.266475,0.371714,7.812000,2776.612565

-0.415988,-1.847624,9.971126,16.606470,-0.181005,0.124184,0.219830,7.836000,2776.057437

-0.756080,3.613021,8.438313,16.600588,-0.146898,0.300050,-0.252608,7.832000,2776.612565

1.332377,2.901700,9.192744,16.606470,0.015910,0.117256,-0.564369,7.836000,2776.612565

1.631754,4.748260,8.026369,35.771175,0.053482,-0.060741,-0.068749,7.828000,2775.502520

0.628241,4.417747,8.234735,16.577057,0.269316,0.139373,-0.295508,7.828000,2771.071451

-3.345096,-1.644047,-1.644720,33.503529,-0.151961,-0.266183,-1.091698,7.832000,2776.057437

-0.559689,-0.408217,0.817360,36.527058,0.121962,0.007740,-0.000268,7.832000,2775.502520

-2.118846,-1.023737,0.201840,35.771175,0.053482,-0.061007,-0.137230,7.836000,2776.057437

-1.373995,-0.575868,8.680209,16.556469,0.350054,-0.142278,0.103120,7.836000,2776.612565

-0.890202,-0.408217,0.817360,36.527058,0.121962,0.007740,-0.000268,7.832000,2776.612565

0.472565,4.896751,10.610596,16.527058,0.034829,-0.039690,0.269659,7.836000,2777.167906

-2.614615,2.556817,7.465934,16.509411,0.016976,0.359204,0.322152,7.840000,2774.393535

-0.085475,-0.803395,11.135105,16.518234,-0.252950,0.271272,0.324816,7.840000,2777.167906

1.638939,-0.408217,0.817360,36.527058,0.121962,0.007740,-0.000268,7.840000,2775.502520

0.692906,4.183036,12.239208,16.521175,-0.020062,0.327229,-0.046366,7.832000,2774.948028

-0.691415,5.579332,10.893208,16.527058,-0.007272,0.652579,-0.238219,7.848000,2775.502520

-0.221991,5.653578,8.423943,16.515293,-0.041912,0.397042,-0.546249,7.840000,2746.951543

-2.394274,2.963970,10.692026,16.518234,0.058811,0.385318,-0.488427,7.836000,2759.506981

0.388739,3.119647,10.636941,16.509411,0.097981,0.128448,-0.541187,7.840000,2776.057437

-2.231412,1.213211,10.572275,16.506470,-0.152227,0.190800,-0.448991,7.840000,2777.167906

-0.959657,2.245465,12.217653,-2.628826,0.053482,-0.060741,-0.068749,7.836000,2576.222628

-0.571664,2.319710,10.818962,16.521175,-0.165551,0.148166,-0.337343,7.840000,2582.451085

-0.332162,3.852523,9.530441,16.518234,0.069469,0.127115,-0.313628,7.840000,2455.497653

0.551600,2.638248,9.626243,16.494705,0.002321,-0.092450,-0.230758,7.836000,2685.849060

-1.692533,1.809571,9.101733,16.494705,-0.065094,0.025593,-0.232890,7.840000,2777.167906

-1.888925,1.186866,9.853769,16.500587,0.153938,-0.054079,-0.162011,7.836000,2645.929814

-3.404972,-0.551918,7.750942,16.488823,0.083059,-0.045019,-0.147355,7.840000,2477.844329

-2.748737,-1.335090,9.401111,16.524117,0.046820,-0.257923,-0.153217,7.840000,2700.999618

-0.631539,3.306458,9.575947,16.497646,0.050284,-0.230744,-0.042369,7.840000,2771.624673

0.410294,3.596256,7.154582,16.497646,0.294630,-0.258989,-0.005331,7.840000,2759.506981

-0.744105,0.995264,7.956913,16.497646,0.097181,0.019731,0.175597,7.844000,2629.893805

-2.188302,1.320987,11.221325,16.491764,0.070269,-0.128955,0.113245,7.840000,2748.582603

-0.487838,-1.023737,0.201840,35.771175,0.053482,-0.060741,-0.068749,7.840000,2628.897964

0.340838,0.748577,12.457155,16.480000,-0.254016,-0.117497,0.126302,7.836000,2768.309369

-1.941615,1.919742,6.946215,35.771175,0.053482,-0.060741,-0.068749,7.840000,2776.057437

-2.741552,2.712493,7.190507,16.485882,0.022039,0.016800,-0.087401,7.840000,2767.205892

-2.030231,1.459898,8.344907,16.503529,-0.016598,-0.047151,-0.073545,7.844000,2749.126714

0.831818,0.202513,11.108760,16.500587,-0.004074,-0.070866,-0.141759,7.840000,2764.451438

-0.147745,3.452554,6.986930,16.497646,0.229080,-0.001586,-0.273392,7.840000,2772.731539

0.077386,0.137847,7.585685,16.491764,0.054014,-0.061007,-0.116179,7.836000,2760.604313

-0.626749,-0.415402,9.401111,36.527058,0.121962,0.007740,-0.000268,7.840000,2772.731539

-2.403854,2.044283,0.817360,36.527058,0.121962,0.007740,-0.000268,7.832000,2776.612565

-0.645909,-0.408217,0.817360,36.527058,0.121962,0.007740,-0.000268,7.844000,2772.177894

-1.472191,0.382139,8.385622,16.474117,0.005252,-0.538241,-0.068749,7.840000,2774.948028

-1.639843,3.105277,10.557905,16.762352,-0.014999,-0.129222,-0.137230,7.844000,2776.612565

-0.890202,-0.408217,0.817360,36.527058,0.121962,0.007740,-0.000268,7.840000,2777.167906

-0.890202,-0.408217,0.817360,36.527058,0.121962,0.007740,-0.000268,7.840000,2777.167906

-0.890202,-0.408217,0.817360,36.527058,0.121962,0.007740,-0.000268,7.848000,2777.167906

-0.487838,1.747301,10.392649,16.450586,-0.014999,-0.129222,-0.137230,7.852000,2777.167906

-0.890202,-0.408217,0.817360,36.527058,0.121962,0.007740,-0.000268,7.872000,2776.612565

-0.890202,-0.408217,0.817360,36.527058,0.121962,0.007740,-0.000268,7.856000,2776.612565

-0.890202,-0.408217,0.817360,36.527058,0.121962,0.007740,-0.000268,7.872000,2777.167906

-0.890202,-0.408217,0.817360,36.527058,0.121962,0.007740,-0.000268,7.872000,2777.167906

-0.890202,-0.408217,0.817360,36.527058,0.121962,0.007740,-0.000268,7.872000,2776.057437

-0.890202,-0.408217,0.817360,36.527058,0.121962,0.007740,-0.000268,7.868000,2777.167906

-0.032785,-0.408217,0.817360,36.527058,0.121962,0.007740,-0.000268,7.872000,2777.167906

-0.890202,-0.408217,0.817360,36.527058,0.121962,0.007740,-0.000268,7.872000,2756.220705

1.042579,1.735325,9.302915,16.350588,0.013512,-0.079127,-0.136164,7.872000,2777.167906

-0.705785,1.646710,8.847861,16.344706,-0.023793,-0.033029,-0.163076,7.868000,2776.612565

-1.048273,1.610784,9.870534,16.350588,-0.111992,-0.008248,0.082336,7.864000,2690.532692

-0.356112,2.015543,10.828542,16.341763,-0.025391,0.008273,0.147619,7.868000,2777.167906

-2.617011,2.401141,11.075230,16.338821,-0.046442,0.029590,-0.000268,7.868000,2772.731539

-1.002767,2.300550,8.929292,16.353529,-0.129312,-0.056477,0.074342,7.868000,2758.410708

-0.890202,-0.408217,0.817360,36.527058,0.121962,0.007740,-0.000268,7.868000,2776.057437

0.266593,-0.329181,8.852651,16.335880,-0.171146,-0.067669,0.221163,7.868000,2769.966067

-1.876950,2.674173,10.110036,16.332939,-0.287590,-0.060741,-0.068749,7.872000,2776.057437

-3.347492,-2.879877,-18.802639,36.527058,0.121962,0.007740,-0.000268,7.872000,2773.285397

0.098942,2.631063,8.105405,-2.628826,0.053482,-0.060741,-0.068749,7.872000,2777.167906

-0.533344,0.477940,9.678933,16.324116,-0.151162,-0.060741,-0.068749,7.876000,2772.731539

-0.890202,-0.408217,0.817360,36.527058,0.121962,0.007740,-0.000268,7.880000,2777.167906

-0.454308,6.573265,9.657377,16.335880,0.143013,0.203057,0.330412,7.876000,2774.393535

-0.195646,1.809571,8.287426,16.321175,0.082259,0.073290,0.239548,7.872000,2700.474365

-0.890202,-0.408217,0.817360,36.527058,0.121962,0.007740,-0.000268,7.876000,2776.612565

-1.326095,1.021610,9.300520,16.324116,-0.019263,0.097005,0.149218,7.876000,2774.948028

-1.323700,2.001173,10.945898,16.309410,0.041224,0.092209,0.183058,7.876000,2766.654578

-0.700995,1.524564,8.438313,-2.628826,0.053482,-0.060741,-0.068749,7.876000,2777.167906

-0.516578,3.663316,9.216694,16.306469,0.121429,-0.129222,-0.137230,7.876000,2775.502520

-0.890202,-0.408217,0.817360,36.527058,0.121962,0.007740,-0.000268,7.880000,2774.948028

-2.521210,1.704190,10.574670,16.291763,-0.135973,0.062898,-0.204112,7.880000,2772.731539

-1.287775,3.093302,0.817360,36.527058,0.121962,0.007740,-0.000268,7.880000,2777.167906

0.340838,3.292088,9.494516,16.315292,0.123828,-0.016508,-0.054360,7.884000,2766.103475

-0.890202,-0.408217,0.817360,36.527058,0.121962,0.007740,-0.000268,7.880000,2777.167906

-0.890202,-0.408217,0.817360,36.527058,0.121962,0.007740,-0.000268,7.884000,2776.612565

-1.529672,1.292247,8.922107,16.262352,0.041224,-0.127356,0.146020,7.884000,2771.624673

-0.413593,2.513707,9.369975,16.262352,0.130489,-0.060741,-0.068749,7.884000,2776.612565

-0.253126,3.268138,0.201840,35.771175,0.053482,-0.060741,-0.068749,7.888000,2775.502520

1.562299,-0.408217,0.817360,36.527058,0.121962,0.007740,-0.000268,7.884000,2773.839254

-0.142955,1.450318,10.318403,16.268234,0.060942,0.012803,0.179594,7.880000,2768.309369

-0.025599,2.664593,9.343630,16.253529,-0.018197,0.053305,0.115377,7.880000,2777.167906

-0.332162,2.152059,9.310100,16.262352,-0.044310,0.012270,-0.029845,7.880000,2775.502520

1.011444,4.226146,10.330379,16.268234,0.041491,-0.115632,-0.000534,7.880000,2776.057437

1.195861,2.626273,10.615385,16.253529,-0.093606,0.029057,0.084467,7.880000,2737.744461

-1.326095,2.180799,9.669353,16.247646,-0.054436,0.107131,0.091662,7.884000,2646.938580

-1.445846,1.012030,9.659773,16.256470,-0.113857,-0.014376,0.173199,7.880000,2740.445945

-1.553622,1.898187,9.027488,16.250587,-0.066427,0.062898,0.256602,7.884000,2722.713616

-0.842301,1.936507,9.259805,16.262352,0.040958,0.082616,0.303499,7.880000,2411.992319

-1.359625,0.509075,10.038186,16.256470,0.020174,0.071958,0.240881,7.880000,2755.673628

-1.647028,-0.408217,0.817360,36.527058,0.121962,0.007740,-0.000268,7.884000,2763.351139

-1.479376,2.202354,9.262199,16.241764,-0.073088,0.172680,0.224360,7.884000,2681.699369

-2.109267,1.579649,9.906460,16.250587,-0.038182,0.172148,0.171068,7.880000,2571.928011

-0.406408,3.019056,8.610754,16.244705,-0.122384,0.201458,0.094593,7.880000,2717.917264

-0.279472,1.155731,10.569880,16.244705,0.224550,0.305112,-0.021052,7.884000,2775.502520

1.047369,1.055140,10.469289,16.244705,0.043356,0.086347,-0.173468,7.884000,2517.831377

-0.399222,0.923414,6.962980,16.256470,0.023105,0.140705,-0.473505,7.884000,2588.709841

-1.405131,0.281549,6.819279,16.256470,-0.102133,0.196662,-0.502816,7.880000,2773.285397

0.098942,1.263507,9.762758,16.230000,-0.087477,0.180941,-0.489493,7.880000,2775.502520

0.805472,-0.369897,9.966335,16.232941,-0.072022,0.091942,-0.581156,7.880000,2774.948028

-0.506998,1.304222,9.681328,16.221176,0.010581,0.073024,-0.491891,7.868000,2773.839254

-1.759594,4.036940,5.276886,16.232941,-0.109061,0.069293,-0.424210,7.884000,2602.781500

-1.117728,3.177127,3.224355,16.230000,-0.190598,-0.000254,-0.337876,7.876000,2547.860437

0.132472,-2.942148,15.407820,16.218235,-0.378454,-0.080192,-0.345603,7.884000,2335.717244

0.827027,3.756722,13.685801,16.238823,0.184581,-0.008248,-0.482298,7.880000,2590.158472

-2.478099,-0.899196,10.447734,16.238823,0.237341,-0.069001,-0.223830,7.880000,2620.464249

-2.782267,0.707862,8.826305,16.253529,0.050817,-0.215555,-0.050896,7.880000,2623.930412

-3.148705,3.141202,10.402228,16.227058,0.109972,-0.227280,0.059153,7.880000,2610.120214

0.441429,3.198682,8.340117,16.227058,0.117433,-0.326670,0.060219,7.880000,2561.963031

-2.188302,-0.398637,9.815449,16.218235,0.195772,-0.259522,0.027977,7.880000,2583.892724

-1.036298,-1.404545,7.590475,16.212351,0.117166,-0.276575,0.045830,7.884000,2609.629709

-2.456544,-0.456117,10.337564,16.212351,0.088388,-0.166526,-0.001600,7.880000,2610.120214

-0.119005,7.418707,11.460827,16.218235,0.209096,-0.134284,0.077806,7.888000,2693.141796

1.950292,2.271810,9.791499,16.230000,0.023371,-0.328269,0.065282,7.880000,2768.861319

-0.260311,3.730376,8.320956,16.203527,0.083325,-0.117764,0.143888,7.884000,2025.355721

-0.186066,1.687425,9.913645,16.215292,0.209362,-0.220885,0.272323,7.880000,2627.902970

-1.357230,1.340147,11.963781,16.212351,-0.021394,-0.096180,0.383172,7.880000,2757.315283

-1.491351,3.660921,10.081296,16.230000,0.107840,-0.083656,0.352529,7.880000,2608.159254

-3.084039,2.803504,9.331655,16.218235,0.097714,-0.038358,0.394363,7.880000,2547.860437

-1.182394,-0.647719,9.027488,16.212351,0.030566,-0.136416,0.422342,7.880000,2586.780875

-2.044601,1.325777,9.678933,16.221176,-0.213514,-0.028765,0.428204,7.880000,2533.912304

2.381395,3.038216,10.624966,16.209410,0.028967,-0.097512,0.314424,7.880000,2536.689642

1.267711,2.662198,8.160490,16.215292,0.036161,0.086613,0.282182,7.876000,2570.499720

-0.665070,-0.815370,10.636941,16.200586,-0.014733,0.108197,0.148951,7.884000,2589.675383

-3.098409,2.793924,9.111313,16.203527,-0.207385,0.091942,0.149484,7.880000,2671.381183

-1.388366,2.408326,10.967453,16.197645,0.021240,0.151630,0.109515,7.880000,2632.386586

0.877323,4.616534,9.235854,16.188822,0.088388,0.271272,0.124970,7.880000,2484.049902

0.106127,-1.565012,13.829502,16.215292,-0.000610,0.097272,0.164406,7.884000,2772.731539

1.866466,2.128109,8.352092,16.227058,-0.066960,0.215048,0.136694,7.884000,2581.970963

-2.724787,2.592742,9.983100,16.212351,0.008716,0.389581,0.034372,7.880000,2775.502520

-1.302145,-1.078822,9.808264,16.197645,0.040425,0.063697,0.094326,7.880000,2769.966067

-2.061366,2.389166,4.946374,16.174116,-0.172212,0.064497,-0.059422,7.876000,2776.612565

-0.768055,2.061048,9.640613,16.200586,-0.239894,0.122319,0.021582,7.880000,2776.612565

0.194742,3.442974,10.878838,16.182940,0.148342,0.182540,-0.085536,7.876000,2777.167906

-1.266220,1.057535,12.519426,16.191763,-0.038714,0.141238,-0.011992,7.876000,2777.167906

-0.368087,0.844378,8.615544,16.200586,0.085990,0.144169,-0.000268,7.880000,2776.612565

-2.363138,-4.640216,9.245434,16.185881,-0.777082,0.202791,-0.107386,7.880000,2776.612565

-0.049550,0.133057,0.201840,35.771175,0.053482,-0.060741,-0.068749,7.876000,2776.057437

-0.890202,-0.408217,0.817360,36.527058,0.121962,0.007740,-0.000268,7.880000,2777.167906

-1.323700,2.269415,10.565090,16.203527,0.015111,0.195063,-0.108185,7.876000,2771.624673

-0.918942,1.083880,11.958991,16.185881,-0.056035,0.104733,-0.265398,7.876000,2730.208275

0.326468,3.409444,10.363909,16.191763,0.041491,0.055970,-0.258736,7.876000,2777.167906

0.992284,1.423973,8.582014,16.185881,0.014844,0.200126,-0.293643,7.876000,2774.393535

-0.382457,1.014425,8.754455,16.200586,0.045488,0.088212,-0.384773,7.872000,2773.839254

0.393529,3.052586,8.802356,16.203527,-0.021927,0.053305,-0.370384,7.876000,2777.167906

0.755177,2.441856,10.737532,16.200586,0.119031,0.237164,-0.427674,7.876000,2766.654578

0.082176,4.441698,7.925778,16.206469,0.087322,-0.054612,-0.350932,7.880000,2773.839254

2.098783,2.092183,10.019026,16.200586,0.003653,0.015468,-0.347735,7.880000,2777.167906

-0.279472,1.366493,9.427456,16.197645,-0.052038,0.092209,-0.344537,7.876000,2776.612565

-0.334557,1.505404,8.117380,16.191763,0.018841,-0.035960,-0.293110,7.876000,2777.167906

-0.890202,-0.408217,0.817360,36.527058,0.121962,0.007740,-0.000268,7.876000,2777.167906

-2.118846,-1.026132,-0.413680,35.015293,-0.015532,-0.266183,-0.274191,7.876000,2776.612565

0.810262,4.044125,10.622570,35.015293,-0.014999,-0.129222,-0.137230,7.876000,2776.612565

-2.085316,0.952154,0.201840,35.771175,0.053482,-0.537975,-0.000268,7.880000,2777.167906

-0.983607,1.158126,10.009445,16.206469,0.080128,-0.082591,-0.217435,7.868000,2777.167906

-0.890202,-0.408217,0.817360,36.527058,0.121962,0.007740,-0.000268,7.872000,2777.167906

0.132472,2.542447,10.129196,16.191763,0.237341,-0.180382,-0.378645,7.876000,2777.167906

0.139657,2.736444,9.700488,16.191763,-0.118920,0.065030,-0.299239,7.876000,2776.612565

-1.860184,1.541329,10.603411,16.179998,0.053482,-0.060741,-0.068749,7.876000,2777.167906

-2.475704,-0.005854,8.665839,16.194704,-0.069624,-0.060208,-0.243814,7.880000,2773.285397

-0.890202,-0.408217,0.817360,36.527058,0.121962,0.007740,-0.000268,7.872000,2773.839254

-1.153654,2.233490,10.878838,16.188822,-0.004874,-0.120961,-0.208641,7.872000,2775.502520

-2.039811,2.628668,9.137658,16.197645,0.034563,-0.134551,-0.202513,7.876000,2725.385649

-0.142955,1.632339,11.127919,16.185881,0.141681,-0.184113,-0.194252,7.872000,2773.839254

0.211507,2.899305,9.654983,16.197645,0.193108,-0.127889,-0.178531,7.872000,2749.126714

-0.550109,1.656290,9.072993,16.206469,0.126226,-0.088186,-0.106053,7.876000,2767.757631

-2.454149,1.788016,8.380832,16.191763,0.205365,-0.108171,-0.085269,7.872000,2734.509461

-0.918942,-0.623769,9.209509,16.209410,0.005785,-0.217154,-0.059955,7.872000,2332.186669

-1.448241,0.784503,8.632309,16.188822,0.116367,-0.148407,-0.135364,7.864000,2619.475400

-1.373995,1.759276,9.837004,16.203527,0.110771,-0.195837,-0.114314,7.872000,2499.251099

0.525255,0.612061,9.417875,16.194704,0.045488,-0.223016,-0.063153,7.872000,2776.612565

-0.954867,2.573582,9.130473,16.206469,0.027901,-0.042621,-0.078608,7.872000,2774.948028

-1.548832,1.531749,8.316167,16.212351,-0.147431,-0.051681,0.054890,7.872000,2767.205892

-2.351163,-0.084889,10.033396,16.206469,-0.175143,-0.072199,0.067414,7.868000,2775.502520

-2.085316,2.980736,10.507609,16.191763,-0.008871,-0.011445,0.056222,7.872000,2767.205892

0.918038,2.997501,9.568762,16.203527,0.078529,-0.113234,0.056755,7.868000,2713.137862

-1.350045,1.512589,10.543535,16.200586,-0.058966,-0.152404,0.091395,7.868000,2137.927511

-1.829049,3.744747,11.386581,16.179998,0.169393,-0.062606,0.008792,7.868000,2425.897864

-1.326095,1.965247,8.814330,16.203527,0.254128,-0.179050,0.051692,7.868000,2439.964862

0.680931,2.511312,8.706554,16.200586,0.035362,-0.110569,0.030375,7.864000,2414.508619

0.391134,2.604717,10.210628,16.188822,0.016976,-0.100177,-0.018387,7.864000,2370.406205

0.930013,2.152059,8.007209,16.212351,0.026036,-0.119895,-0.030378,7.868000,2380.973774

0.407899,1.297037,10.260922,16.221176,0.025769,0.008806,-0.004798,7.864000,2414.088883

-0.825536,2.065838,9.810658,16.200586,0.072933,0.017866,-0.013857,7.864000,2396.589411

-0.583639,3.490875,8.649075,16.188822,0.058544,-0.023969,-0.064752,7.876000,2458.976317

-1.826654,3.617811,9.918435,16.182940,0.001788,0.035186,-0.058090,7.868000,914.384313

1.289266,1.591624,10.248947,16.182940,-0.119719,-0.054612,-0.057024,7.868000,653.543534

0.326468,2.329290,11.247670,16.185881,0.018308,-0.011445,-0.123640,7.868000,2312.764800

-1.213529,3.593861,9.872930,16.197645,0.234143,-0.096447,-0.182795,7.860000,2396.176031

-0.025599,1.033585,7.834767,16.179998,0.162731,-0.181182,-0.265398,7.856000,2415.768888

-0.514183,0.027677,10.220207,16.177057,-0.081348,-0.173721,-0.290445,7.864000,2363.547190

-0.157326,2.185589,9.140054,16.177057,-0.025924,-0.045552,-0.220632,7.860000,1779.323417

-0.186066,6.082286,7.710226,16.182940,0.029233,-0.011712,-0.149487,7.868000,2419.557322

1.377882,-1.644047,11.743440,16.191763,0.042290,-0.144143,-0.219833,7.868000,2425.050551

-1.632658,3.538775,12.030842,16.188822,0.063874,-0.017574,-0.249410,7.864000,1810.645376

-0.626749,3.294483,7.765312,16.188822,0.119564,-0.114300,-0.051695,7.868000,2443.399454

-1.139284,0.506680,8.493398,16.194704,-0.042978,-0.090851,-0.046366,7.864000,2540.867301

-1.601522,-1.485976,7.801237,16.191763,-0.111192,-0.180116,-0.032243,7.864000,2353.532206

-0.655490,0.727022,9.525652,16.182940,-0.169548,-0.076995,-0.020785,7.860000,2341.625548

-0.890202,2.911280,9.283754,16.194704,0.082526,-0.042888,-0.049830,7.860000,2775.502520

-1.642238,0.303104,8.742480,16.185881,0.055613,-0.182780,-0.021052,7.864000,2119.328377

-1.498536,-1.471606,10.179492,16.197645,-0.252151,-0.163062,0.025046,7.868000,2758.410708

-2.454149,1.493428,11.221325,16.182940,-0.484506,-0.038091,0.042899,7.864000,2109.348354

-0.449518,1.026400,9.470566,16.179998,-0.343548,0.058635,0.195049,7.860000,2376.084830

1.423388,4.429723,9.460986,16.179998,0.015377,-0.006915,0.087132,7.860000,2641.902590

0.350419,1.970037,7.588080,16.200586,0.192841,-0.086588,0.153748,7.860000,2772.731539

-0.751290,3.802227,8.320956,16.168234,0.172057,-0.119362,0.066348,7.860000,2776.612565

-1.179999,-0.360317,5.691225,16.174116,0.242403,-0.214756,0.153748,7.860000,2616.513938

-1.644633,-1.246474,9.283754,16.171175,-0.016065,-0.138548,0.137227,7.868000,2770.518653

-2.870883,2.176009,11.767390,16.171175,-0.082681,-0.069267,0.174532,7.864000,2100.096777

-1.148864,2.652618,11.113549,16.168234,-0.032852,-0.124425,0.200112,7.860000,2224.938179

-0.514183,4.127950,11.142290,16.171175,0.148342,-0.097246,0.091928,7.864000,2448.569777

1.224601,0.940179,11.388977,16.174116,0.236008,-0.221684,0.164672,7.864000,2776.612565

0.192347,-0.245356,8.306586,16.174116,0.001788,-0.223816,0.127101,7.864000,2739.364716

-2.633776,0.497100,11.853611,36.527058,0.121962,0.007740,-0.000268,7.856000,2738.284334

-0.408803,4.820111,10.708791,16.165293,0.074799,0.054638,0.103120,7.864000,2777.167906

-1.637448,3.464530,9.585527,16.174116,0.152872,-0.051414,0.116443,7.860000,2668.814032

1.713185,3.464530,7.087521,16.182940,0.226949,-0.120961,0.162008,7.860000,2774.393535

-3.685189,-0.484858,10.119617,16.171175,0.144878,0.029590,0.112979,7.860000,2633.884586

-0.408803,1.359308,10.402228,16.177057,0.249331,-0.219819,0.033306,7.864000,2776.057437

-0.911757,2.767579,9.995075,16.162352,0.115834,-0.093249,0.099922,7.864000,2769.966067

-0.332162,1.651500,9.930409,16.168234,-0.018730,0.015468,0.130032,7.860000,2492.074475

-3.026559,4.068075,6.376200,16.174116,0.076397,0.129247,0.119907,7.864000,2330.229735

-1.824259,2.432276,8.323352,16.159410,-0.348077,0.009605,0.097257,7.852000,2305.086229

-1.730853,-3.061899,11.638059,16.162352,0.582143,0.029590,0.039968,7.856000,2325.936177

3.291502,2.504127,7.949728,16.162352,0.455041,-0.105506,0.057022,7.860000,2736.126114

0.252223,4.367452,8.047924,16.165293,0.043889,0.070359,0.125769,7.852000,2661.652239

-1.292565,-1.081218,11.635664,16.165293,0.022305,-0.215555,0.130032,7.852000,2776.057437

-1.620682,0.075577,9.882509,16.159410,-0.211382,-0.017574,0.137493,7.860000,2260.065098

-4.204908,2.810689,8.359277,16.150587,-0.162353,0.150298,0.162807,7.856000,2760.604313

-0.044760,1.649105,8.491003,16.168234,-0.255615,-0.099911,0.189720,7.856000,2766.654578

1.432967,-2.264357,9.745994,16.153528,-0.068292,-0.061007,0.177996,7.852000,2774.393535

-3.452872,2.865775,10.335168,16.177057,-0.170347,0.125517,0.050893,7.840000,2777.167906

-0.243546,-2.249987,8.002419,16.159410,-0.343548,-0.275509,0.141224,7.852000,2777.167906

0.738412,3.579490,10.586645,16.144705,-0.014733,-0.060741,-0.068749,7.856000,2776.612565

0.118102,4.997342,10.708791,16.147646,0.028168,0.149232,0.083401,7.848000,2776.612565

-0.892597,-1.023737,0.201840,35.768234,-0.014999,-0.129222,-0.137230,7.856000,2777.167906

0.225878,2.880145,11.309941,16.144705,0.115034,0.071425,0.300568,7.844000,2776.057437

-3.033744,2.983131,9.348420,16.141764,-0.122384,0.197728,0.349864,7.852000,2776.057437

-0.739315,1.194051,8.787985,16.132940,-0.091474,-0.059675,0.342137,7.848000,2777.167906

0.257013,1.138966,9.072993,16.141764,0.133154,0.055703,0.145754,7.852000,2777.167906

-2.013466,2.444251,9.175979,16.132940,0.027102,0.227572,0.107383,7.848000,2776.612565

-3.740275,1.320987,10.754296,16.118235,-0.394975,0.236898,-0.026648,7.852000,2776.612565

2.874769,-0.451327,8.809541,16.135881,0.112903,-0.161730,-0.222764,7.848000,2777.167906

0.743202,3.945928,9.587922,16.124117,-0.019529,0.328828,-0.192387,7.848000,2774.393535

-1.120123,2.731653,11.307546,16.138823,0.044155,0.228371,-0.199315,7.848000,2775.502520

-1.038693,4.262071,9.068203,16.150587,-0.012868,0.237431,-0.179863,7.856000,2776.612565

-0.863856,1.653895,9.837004,16.121176,0.043622,0.113526,-0.101790,7.852000,2767.757631

0.065411,1.019215,10.521979,16.115294,-0.203921,0.004543,-0.046632,7.848000,2744.237134

0.779127,3.766302,11.506332,16.129999,-0.065894,0.075422,-0.045833,7.848000,2772.731539

1.401832,3.586675,9.051437,16.127058,0.180584,0.123385,0.054091,7.852000,2772.731539

0.221088,0.554581,10.493239,16.132940,-0.115189,-0.045552,-0.065551,7.848000,2774.948028

-1.062643,4.211776,9.027488,16.129999,-0.169281,0.122053,0.007726,7.848000,2766.654578

-1.754804,1.639525,10.019026,16.127058,-0.069624,0.241694,-0.001067,7.844000,2732.894927

-2.499655,2.743629,10.251343,16.129999,0.129690,0.162288,-0.057557,7.848000,2387.934492

-0.066315,-0.321996,8.874207,16.115294,-0.066693,-0.025301,-0.000534,7.844000,2771.624673

-2.597850,-0.884826,9.465776,16.132940,-0.201523,0.087945,-0.016788,7.840000,2777.167906

-3.199000,1.510194,8.565248,16.127058,-0.079750,0.010405,-0.077275,7.848000,2774.948028

-1.493746,1.886212,9.276569,16.135881,-0.063762,0.041314,-0.039171,7.840000,2775.502520

0.922828,3.275323,4.553591,16.112352,-0.011002,0.043979,-0.009594,7.848000,2774.948028

-0.550109,0.700677,9.233459,16.109411,0.156070,-0.034627,-0.065551,7.848000,2777.167906

-3.589388,2.111343,12.816408,16.121176,-0.103465,0.104999,-0.088200,7.832000,2776.612565

1.310822,2.140084,9.484936,16.118235,0.061742,-0.047418,-0.111116,7.856000,2775.502520

2.276014,5.203314,8.529324,16.127058,0.151806,-0.009580,-0.082072,7.848000,2776.612565

-0.890202,-0.408217,0.817360,36.527058,0.121962,0.007740,-0.000268,7.852000,2774.393535

-0.186066,2.726864,10.418994,16.118235,0.204033,-0.060741,-0.068749,7.840000,2777.167906

-1.915270,0.257598,10.581855,16.091763,-0.172745,0.296053,-0.079674,7.840000,2773.285397

-0.636329,0.437225,7.159372,16.115294,-0.016598,0.140172,-0.103122,7.836000,2776.612565

0.441429,0.858748,10.203442,16.106470,0.076397,0.050108,-0.354929,7.840000,2774.393535

-0.787216,1.320987,9.750783,16.121176,-0.154892,0.262212,-0.234488,7.836000,2775.502520

0.084571,2.978341,6.929450,15.927057,0.121962,0.007740,-0.000268,7.828000,2776.612565

-1.443451,4.671619,11.652429,16.091763,-0.081082,0.231302,-0.572629,7.832000,2775.502520

0.122892,0.786898,8.799960,16.085880,0.209096,-0.156934,-0.861741,7.836000,2775.502520

-1.280590,2.159244,7.942543,16.094706,0.162198,-0.244333,-0.613931,7.836000,2776.057437

0.697697,3.339988,10.464499,16.094706,-0.022194,-0.296560,-0.439931,7.832000,2773.285397

-3.117570,0.741392,0.201840,35.771175,0.053482,-0.060741,-0.068749,7.840000,2777.167906

-0.437543,4.465648,12.241604,16.091763,0.401215,-0.223016,0.063417,7.836000,2776.057437

-1.546437,-0.551918,9.379556,16.077057,-0.082681,-0.432989,0.425539,7.832000,2777.167906

-0.890202,-0.408217,0.817360,36.527058,0.121962,0.007740,-0.000268,7.832000,2769.413481

-0.602799,0.604876,4.752377,16.097647,0.165929,-0.302422,0.640574,7.828000,2777.167906

-0.890202,-0.408217,0.817360,36.527058,0.121962,0.007740,-0.000268,7.828000,2777.167906

-0.346532,2.384376,9.504096,16.077057,0.022305,-0.129754,0.064483,7.824000,2777.167906

0.740807,2.949600,10.694421,36.527058,0.121962,0.007740,-0.000268,7.832000,2222.445609

-0.056735,3.196287,11.333891,16.079998,0.074532,-0.115099,0.067414,7.828000,2254.926770

0.400714,3.596256,9.460986,16.077057,0.273047,-0.048483,0.172666,7.828000,2342.415653

0.158817,3.134017,7.176137,16.079998,0.091053,-0.046618,0.247809,7.828000,2576.222628

-1.867369,1.186866,7.777287,16.097647,-0.031786,-0.134551,0.413282,7.832000,2777.167906

-1.091383,2.710098,10.560300,16.082939,0.204033,-0.006649,0.482029,7.828000,2613.559044

-1.608707,-2.156581,7.942543,16.082939,0.067338,-0.284569,0.370914,7.828000,2777.167906

-0.871041,0.545001,6.943820,16.082939,-0.071756,-0.320009,0.423141,7.828000,2577.657275

-1.419501,1.234766,10.421389,16.097647,-0.058966,-0.148673,0.532657,7.824000,2755.126975

-0.396827,3.284903,11.357841,16.088821,0.120364,-0.061540,0.655763,7.824000,2632.885778

1.507213,3.862103,8.491003,16.082939,0.158468,-0.034094,0.670685,7.824000,2774.393535

-0.890202,-0.408217,0.817360,36.527058,0.121962,0.007740,-0.000268,7.820000,2777.167906

0.764757,3.890843,13.000825,-4.131767,0.121962,0.007740,-0.000268,7.824000,2776.612565

-0.607589,2.662198,8.701765,16.071175,-0.163419,0.158824,0.309095,7.824000,2773.285397

-1.821864,0.741392,10.876443,16.091763,-0.165817,0.202791,0.236617,7.820000,2762.801308

0.508490,1.895792,10.984219,16.088821,-0.223906,0.174013,0.167604,7.824000,2671.381183

0.568365,1.479059,8.795171,16.068233,-0.021927,0.045311,0.114578,7.820000,2774.948028

-0.890202,-0.408217,0.817360,36.527058,0.121962,0.007740,-0.000268,7.820000,2777.167906

-2.118846,-1.023737,0.199445,35.015293,-0.014999,-0.129222,-0.137230,7.824000,2776.057437

-2.130822,1.972432,10.828542,16.097647,-0.064828,0.121786,0.412749,7.820000,2776.057437

-0.832721,2.013148,9.439431,16.079998,0.055347,0.035452,0.271524,7.820000,2775.502520

0.300123,2.096973,10.596226,16.094706,-0.029655,0.100469,0.347732,7.820000,2777.167906

0.633031,0.157008,11.096785,16.091763,-0.097603,0.222775,0.385570,7.816000,2668.814032

-0.315397,-0.082494,7.243197,16.059410,-0.046708,0.120720,0.242746,7.820000,2755.673628

0.268988,2.137689,10.869258,16.085880,0.060143,0.366132,0.035705,7.820000,2777.167906

0.973124,1.007240,11.412927,16.077057,-0.346745,0.147633,-0.144158,7.816000,2770.518653

-0.521369,1.383258,8.361671,16.091763,-0.258280,0.344282,-0.287781,7.816000,2775.502520

-0.978817,0.636012,9.568762,16.082939,-0.158356,0.277134,-0.446859,7.812000,2777.167906

0.898878,1.318592,9.128078,16.077057,-0.227103,0.252086,-0.424476,7.812000,2750.760529

0.240248,4.053705,10.064531,16.074116,-0.033385,0.347480,-0.476170,7.816000,2773.285397

-2.308053,1.330567,7.659931,16.059410,-0.085612,0.392246,-0.368253,7.816000,2775.502520

0.295333,3.107671,11.307546,16.091763,0.058278,0.108729,-0.463646,7.812000,2776.057437

-1.081803,3.675291,7.214457,16.077057,-0.003275,0.130046,-0.346136,7.816000,2737.204800

-1.939220,0.259993,9.954360,16.074116,-0.165018,-0.037825,-0.224896,7.812000,2773.285397

-3.249296,3.512430,9.451406,16.053528,0.125160,0.113259,-0.079141,7.808000,2775.502520

-1.529672,2.484967,11.051279,16.088821,0.186979,0.040515,-0.090332,7.808000,2776.612565

-0.435148,1.742511,10.126801,16.062351,-0.151961,-0.231543,-0.057824,7.812000,2774.393535

-2.530790,-0.075309,10.076506,16.071175,-0.587894,0.186004,0.073809,7.808000,2776.057437

0.213903,5.550592,12.399675,16.065292,0.123295,-0.018107,0.022382,7.776000,2777.167906

2.292779,-0.032199,9.178373,16.050587,-0.119719,-0.197436,0.070611,7.800000,2776.612565

-1.194369,1.776041,8.934082,16.050587,0.039625,-0.081258,0.096991,7.800000,2777.167906

-0.662675,1.725745,10.569880,36.527058,0.121962,0.007740,-0.000268,7.800000,2772.731539

0.125287,4.915912,7.906618,16.071175,0.110238,-0.094315,0.278185,7.808000,2776.057437

0.462985,0.408485,9.614267,16.068233,-0.045376,-0.136949,0.260066,7.800000,2750.760529

-1.373995,1.780831,9.183164,16.074116,0.313815,0.054638,0.308029,7.808000,2766.103475

-0.976422,-1.675182,7.784472,16.062351,-0.076019,-0.050082,0.311760,7.804000,2777.167906

-3.790570,2.252650,10.936318,16.053528,-0.313437,0.130846,0.367717,7.796000,2774.393535

-1.012347,2.106554,10.383068,16.065292,-0.134375,0.170016,0.452718,7.800000,2770.518653

0.024696,2.619088,12.454761,16.044704,0.155803,0.055437,0.333876,7.796000,2775.502520

-0.832721,3.761512,11.094389,16.053528,0.040691,0.044512,0.213169,7.800000,2777.167906

0.903668,2.935230,9.734018,16.062351,-0.004074,-0.100177,0.172400,7.796000,2776.612565

-2.245783,1.136571,8.670630,16.056469,-0.111459,0.097005,0.016519,7.788000,2773.285397

3.013680,2.628668,10.335168,16.053528,0.017509,0.087412,-0.068216,7.792000,2776.057437

-0.847091,3.031031,9.815449,16.053528,0.077463,0.276334,0.008525,7.788000,2774.948028

-1.448241,2.683753,9.607082,16.053528,-0.206586,0.309909,-0.053294,7.776000,2775.502520

-1.522487,2.302945,12.828383,-4.134708,0.053482,-0.060741,-0.068749,7.784000,2777.167906

-0.281867,3.280113,10.105247,16.059410,0.077197,0.104999,-0.259269,7.780000,2776.612565

-0.564479,0.097132,7.602450,16.068233,0.016976,0.022129,-0.257138,7.764000,2776.057437

-0.437543,1.445528,9.798684,16.024117,0.159800,0.076221,-0.147888,7.772000,2722.179888

-0.174091,0.224068,10.033396,16.062351,0.043089,-0.001852,-0.148687,7.764000,2775.502520

0.113312,-0.156740,9.070598,16.047646,-0.223639,0.048509,-0.139894,7.760000,2775.502520

-1.611102,1.105435,10.124407,16.062351,-0.228436,0.219844,-0.163343,7.768000,2561.018041

-1.223109,1.100645,12.009287,16.047646,-0.144234,0.060500,-0.195318,7.764000,2468.593600

1.004259,3.656131,10.756692,16.068233,0.024970,0.026659,-0.236354,7.752000,2436.112228

-0.765660,0.777318,10.663286,16.050587,-0.009670,0.008540,-0.328017,7.744000,2381.382281

-0.202831,-1.725478,10.478869,16.059410,0.049485,0.040782,-0.321888,7.748000,2371.215802

-0.849486,-0.494438,10.747111,16.059410,-0.200191,-0.017307,-0.335744,7.740000,2322.435053

-3.009794,2.255045,8.761641,16.047646,-0.169814,0.160956,-0.397563,7.740000,2776.057437

-0.753685,0.782108,10.876443,16.041763,0.038826,-0.060741,-0.068749,7.744000,2775.502520

-1.393156,-1.062057,10.984219,16.065292,0.175255,-0.009047,-0.447125,7.740000,2769.413481

0.077386,-0.690829,9.621452,16.032940,0.141414,-0.175586,-0.474038,7.736000,2777.167906

0.743202,-0.393847,11.321917,16.059410,0.103044,-0.158532,-0.455119,7.724000,2774.948028

-1.544042,-0.413007,-0.413680,35.015293,-0.014999,-0.129222,-0.137230,7.648000,2777.167906

0.724042,0.288734,11.611713,16.044704,0.075065,-0.112168,-0.018121,7.620000,2774.393535

-0.830326,0.458780,8.668234,16.050587,0.078795,-0.124425,0.031441,7.588000,2777.167906

0.625846,3.268138,0.199445,35.015293,-0.014999,-0.129222,-0.137230,7.580000,2777.167906

-0.633934,0.329449,8.761641,16.053528,0.064140,-0.026900,0.054091,7.556000,2776.612565

-1.345255,1.069510,9.489726,16.035881,-0.111725,-0.042355,-0.103655,7.532000,2773.285397

-0.277076,-0.408217,0.817360,36.527058,0.121962,0.007740,-0.000268,7.524000,2774.948028

0.403109,-0.408217,0.817360,36.527058,0.121962,0.007740,-0.000268,7.456000,2777.167906

-1.397946,1.076695,10.028605,16.012352,0.124627,-0.161730,-0.391701,6.004000,2777.167906

-1.098568,0.331844,10.294453,16.053528,-0.017664,-0.082591,0.322685,4.712000,2776.612565

-1.369205,-1.644047,-1.644720,33.503529,-0.151961,-0.266183,-0.274191,4.020000,2777.167906

-1.982330,2.760394,8.974797,16.041763,-0.016598,0.168684,-0.158813,3.028000,2776.057437

-2.367929,3.021451,9.504096,16.053528,-0.044310,0.043713,-0.077009,2.844000,2702.050972

-2.427804,2.659803,10.040581,16.059410,0.075065,0.030123,-0.077275,2.804000,2702.050972

-1.776359,0.631221,8.562854,16.050587,0.014312,0.004543,0.031708,2.760000,2678.595523

-1.117728,1.958062,9.226274,16.062351,-0.113058,-0.041289,0.153748,2.716000,2706.263804

-2.549950,3.186707,10.304033,16.071175,0.147543,0.046111,0.242213,2.680000,1049.572186

-1.457821,0.626431,8.787985,16.035881,0.098514,-0.059941,0.300835,2.636000,1205.054242

-1.503326,-0.063334,8.582014,16.062351,-0.065627,-0.099111,0.304832,2.588000,2775.502520

-1.560807,0.691097,9.420271,16.065292,-0.055235,-0.157200,0.148685,2.492000,2777.167906

-1.750014,1.802386,10.560300,16.056469,0.136351,-0.146009,-0.006663,2.404000,2776.612565

-0.463888,2.003568,9.700488,16.068233,0.025503,-0.223016,0.003463,2.328000,2775.502520

-0.619564,1.071905,8.979588,16.062351,-0.036583,-0.172388,0.145221,2.144000,2776.057437

-0.020809,0.985684,8.929292,16.053528,-0.000610,-0.207561,0.099656,2.028000,2777.167906

