ax,ay,az,gx,gy,gz,temp,volt,vel

0.345629,1.115016,9.659773,14.247646,-0.008071,0.012004,-0.014657,0.908000,0.000000

0.201927,0.944969,9.616662,14.250587,-0.005940,0.014668,-0.040504,0.904000,0.000000

0.211507,1.021610,9.628637,14.256470,-0.004874,0.015734,-0.045566,0.904000,0.000000

0.106127,1.143756,9.635822,14.244705,-0.003541,0.018132,-0.043168,0.900000,0.000000

0.154027,1.237161,9.635822,14.277058,-0.004074,0.012270,-0.032776,0.900000,0.000000

0.283358,1.201236,9.566367,14.277058,-0.006739,0.013602,-0.019720,0.900000,0.000000

0.242643,1.040770,9.619058,14.282940,-0.007538,0.015734,-0.009061,0.900000,0.000000

0.221088,0.978499,9.635822,14.297646,-0.004874,0.016001,-0.016788,0.900000,0.000000

0.228273,1.024005,9.626243,14.288822,-0.003808,0.016001,-0.031177,0.896000,0.000000

0.343234,1.153336,9.626243,14.288822,-0.001143,0.017599,-0.031710,0.900000,0.000000

0.439034,1.194051,9.614267,14.303528,-0.003275,0.025593,-0.014390,0.900000,0.000000

0.213903,1.119806,9.621452,14.297646,-0.000877,0.031722,-0.004531,0.896000,0.000000

0.163607,1.098250,9.523256,14.309410,-0.003541,0.027725,-0.016522,0.900000,0.000000

0.242643,1.186866,9.616662,14.332939,-0.002476,0.031189,-0.019453,0.896000,0.000000

0.245038,1.263507,9.662168,14.315292,-0.002209,0.032788,-0.013591,0.896000,0.000000

0.118102,1.155731,9.609477,14.344706,-0.002209,0.033854,-0.018920,0.900000,0.000000

0.161212,1.191656,9.523256,14.324116,-0.008871,0.028524,-0.028513,0.896000,0.000000

0.182767,1.095855,9.616662,14.329998,-0.004074,0.035719,-0.030645,0.896000,0.000000

-0.018414,1.069510,9.671748,14.335880,-0.001943,0.039449,-0.036773,0.896000,0.000000

-0.128585,1.014425,9.652588,14.335880,-0.008871,0.030922,-0.055159,0.892000,0.000000

0.067806,0.935389,9.489726,14.344706,-0.005940,0.035452,-0.065285,0.892000,0.000000

-0.037575,1.184471,9.654983,14.347647,-0.006473,0.027991,-0.059422,0.892000,0.000000

-0.051945,1.196446,9.578342,14.341763,0.004985,0.034120,-0.052228,0.892000,0.000000

-0.217201,1.086275,9.542417,14.356470,-0.016865,0.014135,-0.061288,0.892000,0.000000

-0.181276,1.239557,9.659773,14.338821,-0.014466,0.012270,-0.074344,0.892000,0.000000

-0.087870,1.136571,9.664562,14.341763,-0.006473,0.006674,-0.115113,0.892000,0.000000

-0.133375,1.124595,9.580737,14.356470,-0.003275,0.004543,-0.197184,0.892000,0.000000

-0.186066,1.146151,9.573552,14.359411,-0.020062,-0.008248,-0.313361,0.892000,0.000000

-0.030389,1.265902,9.654983,14.359411,-0.021661,-0.014110,-0.463113,0.892000,0.000000

0.204322,1.273087,9.690907,14.362352,-0.025924,-0.010912,-0.651769,0.888000,0.000000

0.431849,1.289852,9.551997,14.379999,-0.030454,-0.011712,-0.883591,0.888000,0.000000

0.405504,1.258717,9.482541,14.379999,-0.046975,-0.007981,-1.122341,0.888000,0.000000

0.400714,1.009634,9.542417,14.371176,-0.052304,0.016267,-1.300072,0.888000,0.000000

0.321678,0.784503,9.750783,14.374117,-0.040580,0.020530,-1.487128,0.888000,0.000000

0.175582,0.691097,9.578342,14.374117,-0.035250,0.004543,-1.670455,0.888000,0.000000

0.132472,0.727022,9.084968,14.388823,-0.041912,0.048242,-1.697367,0.884000,0.000000

-0.645909,0.909044,9.877720,14.391764,-0.013401,0.031189,-1.606504,0.888000,0.000000

0.005536,1.136571,9.386741,14.394705,-0.032852,0.045045,-1.458084,0.884000,0.000000

-0.444728,1.050350,9.583132,14.388823,-0.031520,0.070359,-1.325919,0.884000,0.000000

-0.229176,1.045560,9.872930,14.397646,-0.024059,0.060500,-1.239851,0.888000,0.000000

0.036671,1.189261,9.604687,14.403528,-0.025924,0.082616,-1.171104,0.884000,0.000000

-0.734525,1.194051,9.415481,14.406469,-0.040846,0.107397,-1.083171,0.884000,0.000000

-1.479376,0.892279,9.607082,14.400587,-0.047774,0.092475,-1.057324,0.888000,0.000000

-1.587152,0.978499,9.528047,14.391764,-0.025924,0.086880,-1.039205,0.880000,0.000000

-1.390761,0.961734,9.508886,14.412352,-0.036583,0.058102,-0.959000,0.888000,0.000000

-1.357230,0.966524,9.738809,14.412352,-0.020861,0.047177,-0.870268,0.884000,0.000000

-1.599127,0.870723,9.559182,14.418234,-0.014200,0.042380,-0.817242,0.884000,0.000000

-2.159562,0.688702,9.475356,14.403528,0.005518,0.019198,-0.774075,0.884000,0.000000

-1.984725,1.364097,9.571157,14.403528,0.029500,-0.016241,-0.755156,0.884000,0.000000

-1.802704,0.834798,9.556787,14.394705,0.010048,-0.022104,-0.730108,0.884000,0.000000

-1.821864,0.619246,9.386741,14.409410,0.055080,-0.050082,-0.728243,0.884000,0.000000

-1.898505,0.437225,9.580737,14.424116,0.068936,-0.063938,-0.771943,0.884000,0.000000

-1.721273,1.328172,9.597502,14.424116,0.027635,-0.085255,-0.743698,0.884000,0.000000

-1.560807,1.251532,9.954360,14.421175,0.107307,-0.110303,-0.699732,0.884000,0.000000

-1.433871,1.828731,9.626243,14.435881,0.195240,-0.092983,-0.658963,0.884000,0.000000

-1.335675,0.200118,9.355605,14.427057,0.109972,-0.118297,-0.612332,0.884000,0.000000

-0.983607,1.191656,9.599897,14.447645,0.181117,-0.148407,-0.523600,0.880000,0.000000

-1.362020,0.509075,9.760364,14.444704,0.123295,-0.119362,-0.480167,0.884000,0.000000

-0.768055,1.857471,9.690907,14.432940,0.142746,-0.131620,-0.390902,0.884000,0.000000

-1.469796,0.499495,9.767549,14.432940,0.114235,-0.099644,-0.320023,0.884000,0.000000

-1.144074,1.562884,9.358000,14.462351,0.062008,-0.112967,-0.224896,0.884000,0.000000

-2.001491,0.533026,10.083691,14.441763,0.128091,-0.146275,-0.169471,0.884000,0.000000

-1.460216,0.853958,9.396320,14.429998,0.087855,-0.124159,-0.127104,0.880000,0.000000

-1.728458,0.727022,9.520862,14.441763,0.138750,-0.164128,-0.079940,0.880000,0.000000

-1.115333,0.834798,9.274175,14.456469,0.098247,-0.144676,-0.085269,0.888000,0.000000

-0.576454,2.106554,9.808264,14.438822,0.208563,-0.182780,-0.081539,0.884000,0.000000

-0.281867,1.098250,9.398716,14.450586,0.125426,-0.120428,-0.115913,0.884000,0.000000

0.477355,2.310130,9.425060,14.432940,0.114768,-0.152937,-0.104988,0.892000,0.000000

-0.418383,1.404813,9.690907,14.447645,0.131555,-0.085522,-0.136697,0.888000,0.000000

0.094152,1.541329,9.099339,14.450586,0.039892,-0.110303,-0.137230,0.892000,0.000000

-0.075895,1.883817,10.016630,14.462351,0.138750,-0.126024,-0.169471,0.896000,0.000000

0.427059,1.970037,9.829819,14.447645,0.063341,-0.001852,-0.209974,0.896000,0.000000

0.747992,2.140084,9.338840,14.465292,-0.036583,0.000812,-0.193187,0.896000,0.000000

-0.586034,1.304222,9.822634,14.456469,-0.057633,0.020264,-0.179331,0.896000,0.000000

0.142052,2.547237,10.107641,14.450586,-0.017930,0.025060,-0.166807,0.892000,0.000000

-0.763265,1.574859,10.119617,14.447645,-0.028322,0.065296,-0.157481,0.892000,0.000000

-0.789611,1.574859,9.312495,14.459410,0.075065,0.006941,-0.154816,0.892000,0.000000

-1.009952,0.238438,9.252620,14.459410,0.022838,0.017866,-0.209441,0.892000,0.000000

-1.687743,-0.254936,9.168794,14.462351,0.024970,-0.043421,-0.244081,0.892000,0.000000

-1.795519,0.470755,9.223879,14.477058,-0.054969,-0.033561,-0.299772,0.892000,0.000000

-2.375113,0.195328,9.784313,14.471176,0.021772,-0.041555,-0.352798,0.888000,0.000000

-1.376390,0.624036,9.446616,14.459410,0.041757,-0.063938,-0.422078,0.888000,0.000000

-1.287775,1.613179,9.504096,14.480000,0.145678,-0.093249,-0.408488,0.892000,0.000000

-0.974027,0.784503,9.868139,14.482941,0.088921,-0.046885,-0.377046,0.892000,0.000000

-0.399222,2.549632,9.549602,14.459410,0.038027,-0.042621,-0.264865,0.892000,0.000000

-1.005162,1.869447,9.829819,14.491764,0.102777,-0.051148,-0.137496,0.892000,0.000000

-0.231571,1.567674,8.993958,14.471176,0.007650,-0.059142,0.002397,0.892000,0.000000

0.067806,2.233490,9.736413,14.480000,0.046554,-0.075130,0.133763,0.892000,0.000000

0.824632,2.621483,9.575947,14.488823,-0.069358,0.001612,0.177729,0.892000,0.000000

0.451009,1.419183,9.324470,14.482941,-0.062430,0.016001,0.176663,0.892000,0.000000

0.118102,1.050350,9.336445,14.488823,-0.166350,0.074889,0.050627,0.892000,0.000000

-1.793124,-0.125605,9.482541,14.494705,-0.160221,0.084748,-0.163076,0.888000,0.000000

-1.647028,1.584439,9.781919,14.480000,-0.100534,0.080218,-0.252075,0.888000,0.000000

-1.948800,0.825218,10.145962,14.488823,-0.003541,0.086347,-0.272060,0.888000,0.000000

-1.726063,0.978499,9.518467,14.488823,0.130223,-0.014909,-0.221165,0.888000,0.000000

-1.795519,1.574859,9.961545,14.506470,0.010581,0.029590,-0.068216,0.888000,0.000000

-0.626749,2.477782,9.724438,14.497646,0.072400,-0.035693,0.055689,0.888000,0.000000

-1.251849,1.855076,9.631032,14.480000,0.076397,0.009605,0.029043,0.884000,0.000000

-0.447123,2.884935,9.377160,14.494705,-0.021661,-0.036759,0.061285,0.888000,0.000000

0.005536,1.749696,9.693303,14.500587,0.019374,-0.044753,0.112179,0.888000,0.000000

-0.305817,2.120924,9.619058,14.506470,-0.007272,-0.052214,0.085533,0.944000,0.000000

0.096547,2.583162,10.023815,14.521175,-0.032319,0.016533,0.008792,0.972000,0.000000

-0.609984,0.327054,9.178373,14.494705,0.006318,0.027725,-0.070081,0.968000,0.000000

0.010326,0.695887,9.178373,14.506470,-0.093073,-0.009580,-0.093530,0.980000,0.000000

-0.164511,1.486243,10.495634,14.518234,0.040425,0.033321,-0.074877,0.976000,0.000000

-0.406408,-0.446537,9.413086,14.521175,-0.024059,0.043446,-0.091931,0.972000,0.000000

-0.660280,0.077972,9.547207,14.503529,-0.010469,0.018399,-0.033043,0.972000,0.000000

-0.981212,-1.002182,9.841794,14.509411,-0.088276,0.069826,-0.001867,0.964000,0.000000

-2.274523,-0.365107,9.916039,14.500587,-0.035250,0.042380,0.029043,0.964000,0.000000

-2.013466,0.336634,9.338840,14.500587,-0.019529,0.026659,0.025046,0.960000,0.000000

0.271383,1.155731,9.865745,14.503529,0.025503,-0.034094,0.135895,0.956000,0.000000

-0.463888,0.401300,10.064531,14.518234,-0.060298,0.046377,0.180660,0.952000,0.000000

-0.772846,0.197723,9.614267,14.524117,-0.047241,0.032788,0.128434,0.948000,0.000000

-1.462611,0.535421,9.621452,14.529999,-0.017664,0.030656,0.095392,0.948000,0.000000

-1.927245,0.528236,9.525652,14.506470,0.007117,0.011737,0.054091,0.944000,0.000000

-2.358348,0.772528,9.523256,14.521175,0.015377,0.003743,0.005594,0.944000,0.000000

-1.182394,2.398746,9.575947,14.524117,0.028967,-0.023969,0.020783,0.940000,0.000000

-0.111820,3.098092,9.678933,14.518234,0.000722,-0.009313,0.118841,0.940000,0.000000

0.134867,2.231094,9.573552,14.518234,-0.049107,0.019997,0.205175,0.936000,0.000000

-0.677045,1.098250,9.710068,14.527058,-0.060831,0.031722,0.184924,0.940000,0.000000

-0.993187,0.595296,9.738809,14.524117,-0.045643,0.024527,0.091928,0.932000,0.000000

-0.897387,0.355794,9.621452,14.512352,-0.050439,0.040515,-0.062354,0.932000,0.000000

-1.074618,0.523446,9.726833,14.518234,-0.037382,0.033321,-0.138295,0.928000,0.000000

-1.280590,1.107830,9.573552,14.521175,-0.030721,0.031722,-0.158813,0.924000,0.000000

-1.187184,1.318592,9.494516,14.532940,-0.032319,0.034919,-0.169205,0.924000,0.000000

-1.728458,1.210816,9.434641,14.518234,-0.010469,0.029324,-0.149487,0.924000,0.000000

-1.965565,1.352122,9.331655,14.529999,0.015377,-0.006649,-0.096461,0.924000,0.000000

-1.692533,1.366493,9.580737,14.529999,-0.006206,-0.014110,-0.042902,0.924000,0.000000

-1.575177,1.035980,9.549602,14.532940,-0.007805,-0.009846,0.009591,0.920000,0.000000

-1.709298,0.700677,9.410690,14.527058,0.040958,-0.049816,0.082069,0.920000,0.000000

-1.426686,1.265902,9.702883,14.541763,0.020707,-0.058076,0.135895,0.920000,0.000000

-0.430358,1.718560,9.116103,14.547646,0.030832,-0.103641,0.160143,0.916000,0.000000

-3.096014,-1.086008,9.238249,14.524117,-0.076286,0.024794,0.225426,0.916000,0.000000

-0.001649,3.047796,9.650192,14.553528,-0.119453,0.051973,0.222761,0.912000,0.000000

-0.404013,2.449041,8.510163,14.544704,0.037494,0.062365,0.116709,0.916000,0.000000

-3.038534,0.566556,9.860954,14.547646,-0.065894,-0.025568,0.013588,0.912000,0.000000

-1.486561,1.342542,9.520862,14.553528,-0.011802,-0.022637,0.041567,0.912000,0.000000

-1.496141,1.047955,9.980705,14.544704,-0.220708,0.146567,-0.029579,0.908000,0.000000

-2.097291,1.423973,10.246552,14.547646,0.048685,0.071958,-0.147888,0.908000,0.000000

-0.990792,0.554581,9.683722,14.544704,0.047086,-0.014643,-0.187857,0.908000,0.000000

0.194742,3.177127,10.016630,14.547646,-0.052038,-0.007448,-0.152151,0.904000,0.000000

-0.339347,1.962852,9.631032,14.544704,-0.014200,0.069559,-0.089000,0.908000,0.000000

-1.508116,-0.341156,9.214299,14.541763,-0.133575,0.072757,-0.095128,0.904000,0.000000

-2.652936,1.160521,8.783195,14.550587,-0.190332,0.146834,-0.036773,0.904000,0.000000

-2.679281,1.455108,10.981823,14.550587,0.060410,0.013869,0.019450,0.900000,0.000000

0.163607,2.398746,9.235854,14.550587,-0.023260,0.022929,0.108449,0.904000,0.000000

-1.649423,2.439461,9.547207,14.550587,-0.030721,0.067428,0.118042,0.900000,0.000000

-0.990792,2.348450,9.719648,14.553528,0.135019,-0.087120,0.070611,0.900000,0.000000

-0.614774,1.982013,8.850256,14.553528,-0.062163,0.003210,0.127901,0.896000,0.000000

-0.217201,3.603441,9.398716,14.562351,-0.005673,-0.019705,0.159077,1.004000,0.000000

-1.603917,1.859866,8.972402,14.577057,0.054814,-0.015708,0.130299,1.196000,0.000000

-0.763265,1.941297,9.092153,14.574116,0.081727,-0.046085,0.091928,1.332000,0.000000

-1.041088,1.570069,8.914922,14.577057,-0.033918,-0.024235,0.056489,1.348000,0.000000

-1.321305,2.549632,9.578342,14.568233,-0.071223,0.011737,0.017852,1.372000,0.000000

-1.124913,3.596256,9.748388,14.562351,-0.035517,0.041581,0.008792,2.404000,0.000000

-1.184789,4.271651,8.972402,14.574116,-0.051771,0.035186,0.059686,2.732000,0.000000

-0.504603,2.904095,9.257409,14.574116,-0.042179,0.017599,0.091129,4.148000,0.000000

-1.666188,2.863380,8.411967,14.559410,-0.012068,0.062099,0.079404,4.472000,0.000000

-2.315238,2.458621,8.505373,14.579998,-0.043511,0.039183,-0.034908,4.788000,0.000000

-2.190697,1.742511,8.646679,14.571175,-0.041113,-0.002652,-0.160145,5.676000,0.000000

-3.014584,1.996382,9.456196,14.579998,0.051883,0.000546,-0.181462,5.924000,0.000000

-1.352440,2.511312,9.741203,14.588821,0.023904,-0.047684,-0.155349,6.096000,0.000000

-2.023046,2.470596,9.118498,14.568233,-0.004074,-0.067402,-0.109784,6.764000,0.000000

-1.915270,2.978341,9.870534,14.582939,0.110505,-0.087387,-0.077275,6.856000,0.000000

-1.108148,2.465806,8.833491,14.594706,0.070802,-0.120961,-0.046632,6.944000,0.000000

-1.596732,2.286180,9.106524,14.594706,-0.002742,-0.073797,0.057288,7.052000,0.000000

-0.954867,1.610784,9.353210,14.597647,-0.004341,-0.052214,0.179061,7.048000,0.000000

-1.955985,3.339988,9.369975,14.577057,0.086789,-0.009047,0.213968,7.072000,0.000000

-0.923732,2.065838,9.643007,14.594706,-0.039780,-0.047684,0.320819,7.112000,0.000000

-0.983607,1.864656,9.259805,14.591763,0.033497,-0.033561,0.437264,7.104000,0.000000

-1.170419,1.134176,9.355605,14.574116,0.039892,-0.045286,0.528927,7.116000,0.000000

-1.156049,1.416788,9.250224,14.591763,0.027901,-0.027699,0.619790,7.088000,0.000000

-1.711693,0.583321,10.236973,14.603529,-0.047241,-0.003451,0.700529,7.152000,0.000000

-2.030231,1.364097,9.870534,14.588821,0.024970,-0.046352,0.676280,7.116000,0.000000

-1.376390,1.670660,9.954360,14.588821,0.049485,-0.043421,0.586483,7.172000,0.000000

-1.570387,1.457503,9.487331,14.588821,0.112636,-0.046885,0.568896,7.144000,0.000000

-1.867369,1.627550,9.065807,14.585880,0.030566,-0.044486,0.461778,7.184000,0.000000

-1.668583,2.525682,9.681328,14.606470,-0.005673,-0.025568,0.314158,7.176000,0.000000

-1.120123,2.027518,9.599897,14.603529,-0.016598,-0.029298,0.129499,7.180000,0.000000

-1.096173,2.130504,9.477751,14.594706,0.062008,0.000279,-0.015190,7.204000,0.000000

-0.758475,0.916229,9.750783,14.600588,0.008982,-0.002119,-0.169205,7.216000,0.000000

-0.923732,1.158126,10.224998,14.609411,-0.031520,-0.076728,-0.268596,7.208000,0.000000

-1.673373,0.710257,10.795012,14.612352,0.028967,-0.064738,-0.298439,7.208000,0.000000

-1.053063,0.973709,9.039463,14.591763,0.030832,-0.112967,-0.309897,7.216000,0.000000

0.206717,1.620364,8.567643,14.588821,-0.004607,-0.082058,-0.211040,7.208000,0.000000

0.486935,2.192774,8.917316,14.603529,0.023105,-0.078594,-0.006396,7.192000,0.000000

0.448614,1.107830,9.008327,14.609411,-0.009937,-0.047684,0.302167,7.184000,0.000000

-0.868646,1.989197,10.507609,14.606470,-0.001943,-0.037558,0.587016,7.200000,0.000000

-1.934430,1.411998,9.939990,14.600588,0.108639,-0.059675,0.809778,7.180000,0.000000

-2.487679,1.689820,9.472961,14.606470,0.066272,-0.038891,1.006694,7.192000,0.000000

-2.070946,1.306617,9.745994,14.588821,0.014578,-0.098845,0.994970,7.200000,0.000000

-1.261430,2.736444,10.342353,14.600588,0.035362,-0.116165,1.018951,7.208000,0.000000

-0.279472,2.619088,9.350815,14.594706,0.034829,-0.102309,1.035738,7.212000,0.000000

-0.020809,1.970037,9.250224,14.600588,0.041224,-0.037558,1.067181,7.200000,0.000000

0.007931,0.619246,8.790380,14.594706,-0.126381,-0.126290,1.088764,7.192000,0.000000

-0.811166,2.216724,9.798684,14.588821,-0.018197,0.003210,1.059453,7.216000,0.000000

-0.997977,1.668265,9.736413,14.606470,0.035629,-0.041822,0.979515,7.208000,0.000000

-0.109425,2.573582,9.690907,14.612352,-0.013933,-0.027699,0.771408,7.240000,0.000000

0.752782,1.234766,9.439431,14.609411,-0.001676,-0.030364,0.641640,7.244000,0.000000

1.076110,1.000055,8.790380,14.606470,-0.028589,0.035452,0.442859,7.244000,0.000000

0.616266,1.088670,9.633428,14.615294,-0.009137,0.084748,0.259267,7.236000,0.000000

0.692906,0.525841,9.312495,14.597647,-0.019796,0.111128,0.128167,7.240000,0.000000

0.484540,0.446805,8.768826,14.577057,0.023638,0.123118,0.231022,7.248000,0.000000

-0.370482,1.115016,9.678933,14.577057,0.028434,0.143103,0.338939,7.252000,0.000000

-1.191974,2.046678,10.105247,14.591763,0.011647,0.103134,0.375711,7.252000,0.000000

0.041461,2.137689,9.791499,14.588821,0.043089,0.063964,0.325349,7.252000,0.000000

-0.277076,0.837193,8.433522,14.597647,-0.080816,0.126050,0.351463,7.256000,0.000000

1.205441,2.173614,9.820239,14.577057,-0.117854,0.011204,0.481763,7.240000,0.000000

-0.736920,2.226305,10.203442,14.588821,0.076397,0.105798,0.591012,7.240000,0.000000

0.973124,1.143756,8.330537,14.579998,0.124893,0.048775,0.766078,7.236000,0.000000

-0.842301,0.791688,9.611873,14.582939,-0.040313,0.124184,0.792458,7.264000,0.000000

-0.708180,1.788016,8.941267,14.594706,-0.059499,0.119122,0.749824,7.244000,0.000000

-0.571664,2.132899,9.714858,14.579998,-0.018463,0.155627,0.757285,7.272000,0.000000

-0.583639,1.184471,9.379556,14.591763,0.027901,0.139906,0.726908,7.252000,0.000000

-1.551227,2.300550,10.277688,14.609411,-0.025125,0.148166,0.642440,7.272000,0.000000

-0.243546,1.179681,8.682605,14.609411,-0.002209,0.446604,0.376777,7.268000,0.000000

-0.147745,1.610784,9.190349,14.612352,0.063341,0.208919,0.075408,7.280000,0.000000

1.634149,1.225186,9.449011,14.606470,-0.019796,0.125250,-0.035974,7.268000,0.000000

1.756295,1.402418,9.396320,14.591763,0.030566,0.277667,-0.206243,7.276000,0.000000

0.690511,2.815479,9.810658,14.594706,0.023105,0.336022,-0.421012,7.288000,0.000000

0.118102,2.403536,9.360395,14.612352,-0.019529,0.282996,-0.563836,7.296000,0.000000

0.362394,0.959339,9.772339,14.594706,-0.025924,0.302981,-0.714920,7.280000,0.000000

0.872533,2.904095,8.850256,14.597647,-0.063229,0.321367,-0.899046,7.296000,0.000000

-0.008834,0.453990,8.392807,14.588821,-0.106129,0.321633,-1.063986,7.304000,0.000000

-0.265101,1.093460,10.107641,14.603529,-0.200990,0.348546,-1.207609,7.288000,0.000000

0.340838,2.700518,10.272898,14.600588,-0.135707,0.305112,-1.316326,7.308000,0.000000

-0.277076,1.749696,10.402228,14.597647,-0.051238,0.254218,-1.439965,7.292000,0.000000

-1.014742,1.644315,9.686118,14.594706,-0.054969,0.197195,-1.424243,7.316000,0.000000

-1.441056,1.891002,9.808264,14.585880,0.002587,0.141238,-1.374148,7.316000,0.000000

-0.377667,2.341265,9.017907,14.621176,-0.040047,0.077287,-1.323254,7.324000,0.000000

-0.344137,1.323382,9.523256,14.609411,0.027635,0.066895,-1.130602,7.316000,0.000000

-0.368087,1.241951,9.319680,14.615294,0.052416,0.026926,-0.843089,7.320000,0.000000

-0.945287,0.494705,9.250224,14.591763,-0.010203,0.005609,-0.644574,7.332000,0.000000

-1.211134,1.807176,9.690907,14.621176,0.075065,0.038916,-0.480167,7.324000,0.000000

-1.678163,1.594019,9.231064,14.606470,0.098514,0.000546,-0.396498,7.316000,0.000000

-2.152377,1.802386,9.841794,14.603529,0.028967,-0.035160,-0.351199,7.336000,0.000000

-2.121242,1.821546,9.159214,14.600588,0.059877,-0.029565,-0.374115,7.336000,0.000000

-0.521369,2.039493,9.619058,14.609411,0.022305,-0.074597,-0.378112,7.356000,0.000000

-0.861461,1.737720,9.930409,14.629999,0.062541,-0.011712,-0.427674,7.356000,0.000000

-1.536857,2.051468,10.019026,14.618235,0.117699,0.008540,-0.494289,7.348000,0.000000

-1.996701,1.946087,9.027488,14.603529,0.062541,-0.074064,-0.452188,7.360000,0.000000

-1.486561,2.710098,8.869416,14.609411,0.060676,-0.111102,-0.403692,7.364000,0.000000

-0.811166,0.952154,10.876443,14.621176,0.009782,-0.077528,-0.504948,7.368000,0.000000

-1.136889,1.780831,9.789104,14.624117,0.028701,-0.099378,-0.602207,7.372000,0.000000

-0.368087,1.455108,9.860954,14.629999,0.145145,-0.166526,-0.650436,7.372000,0.000000

-0.614774,0.166588,9.415481,14.615294,0.118498,-0.171856,-0.713588,7.368000,0.000000

-0.837511,1.455108,10.277688,14.621176,0.090253,-0.197436,-0.715986,7.364000,0.000000

-0.751290,0.566556,10.124407,14.606470,0.164596,-0.209960,-0.749827,7.376000,0.000000

-1.311725,0.748577,9.678933,14.603529,0.134486,-0.270180,-0.746896,7.376000,0.000000

-1.084198,1.258717,10.050160,14.615294,0.159534,-0.269647,-0.734905,7.364000,0.000000

-1.644633,-0.017829,9.130473,14.606470,0.217622,-0.280306,-0.659496,7.360000,0.000000

-2.082921,1.689820,10.232183,14.618235,0.193108,-0.344523,-0.407955,7.368000,0.000000

-1.857789,0.655172,8.960427,14.627058,0.213093,-0.401013,-0.003465,7.364000,0.000000

-1.206344,2.362821,9.243039,14.606470,0.159267,-0.416468,0.477766,7.364000,11.993214

-1.553622,1.364097,9.501701,14.612352,0.198970,-0.451908,0.893714,7.372000,11.993214

-3.563043,0.643197,9.017907,14.615294,0.182716,-0.430857,1.156979,7.368000,11.993214

-2.434989,-0.025014,9.049043,14.618235,0.086523,-0.502269,1.300069,7.360000,11.993214

-1.781149,0.686307,9.398716,14.621176,0.078263,-0.432189,1.359757,7.368000,11.993214

-0.509393,2.851404,9.247829,14.609411,0.184048,-0.371702,1.299803,7.364000,11.993214

-0.138165,0.738997,8.560458,14.606470,0.067071,-0.332799,1.219331,7.368000,11.993214

0.795892,2.755604,7.741362,14.597647,0.005252,-0.286168,1.103686,7.372000,11.993214

0.635426,0.949759,10.126801,14.621176,0.074266,-0.183846,0.860939,7.364000,11.993214

1.547928,2.889725,10.778247,14.618235,-0.047241,-0.122826,0.754887,7.368000,11.993214

0.867743,1.306617,9.003537,14.635881,0.088122,-0.082058,0.715450,7.380000,11.993214

-0.202831,2.073023,8.814330,14.609411,0.063074,0.033854,0.692801,7.380000,11.993214

-1.738038,1.380862,9.832214,14.618235,-0.015532,0.028524,0.587548,7.380000,11.993214

-0.404013,1.340147,9.298124,14.644705,-0.013134,-0.007182,0.457515,7.388000,11.993214

-0.600404,1.632339,8.972402,14.624117,0.046820,0.047710,0.409818,7.380000,11.993214

-1.017138,-0.151950,10.246552,14.641764,-0.058966,0.016267,0.387169,7.380000,11.993214

-0.938102,0.662357,9.393926,14.615294,-0.044843,0.030390,0.364519,7.384000,11.993214

-0.035179,1.498219,9.760364,14.635881,-0.018730,0.046377,0.360522,7.380000,11.993214

0.086966,1.000055,9.494516,14.624117,-0.020861,0.076221,0.404755,7.376000,11.993214

-0.993187,1.845496,9.702883,14.627058,0.007117,0.122053,0.391432,7.372000,11.993214

-0.792006,1.656290,9.283754,14.635881,0.000988,0.045578,0.350397,7.384000,11.993214

-0.166906,2.281390,8.960427,14.612352,-0.031254,0.026393,0.299769,7.388000,11.993214

-0.950077,2.386771,10.304033,14.621176,-0.013667,0.054904,0.204908,7.388000,11.993214

0.594711,1.776041,9.671748,14.632940,0.037760,-0.007715,0.118841,7.392000,11.993214

0.489330,2.401141,8.732900,14.612352,0.028434,0.064497,0.123904,7.400000,11.993214

0.410294,1.754486,8.831096,14.632940,0.045221,0.103667,0.194516,7.400000,11.993214

0.532440,0.607271,10.198652,14.621176,-0.072022,0.112726,0.268593,7.396000,11.993214

0.285753,1.512589,10.304033,14.603529,0.043356,0.100736,0.296038,7.392000,11.993214

0.561180,1.560489,9.398716,14.629999,0.043622,0.178543,0.295772,7.400000,11.993214

0.336049,2.202354,9.657377,14.624117,-0.068292,0.110328,0.167071,7.408000,11.993214

0.606686,3.260953,10.342353,14.635881,-0.002476,0.113526,0.125502,7.400000,11.993214

0.106127,1.946087,10.184282,14.635881,0.026835,0.185737,-0.041303,7.412000,11.993214

0.252223,0.497100,8.756850,14.638823,-0.030188,0.135642,-0.171070,7.404000,11.993214

-0.887806,1.189261,9.793894,14.641764,-0.132776,0.133510,-0.239285,7.412000,11.993214

0.055831,2.034703,9.590317,14.612352,-0.001410,0.131645,-0.264066,7.412000,14.609031

-0.286657,1.229976,9.336445,14.627058,-0.030188,0.169749,-0.217168,7.416000,14.609031

-0.408803,1.057535,9.199929,14.629999,0.010048,0.160423,-0.212105,7.412000,14.609031

-0.559689,0.882698,9.482541,14.635881,-0.045643,0.121520,-0.204112,7.408000,14.609031

-0.586034,1.232371,9.386741,14.618235,0.055613,0.104999,-0.157214,7.420000,14.609031

-0.221991,0.231253,9.199929,14.635881,-0.154359,0.083149,-0.098592,7.408000,14.609031

-0.315397,3.157967,9.762758,14.615294,-0.021927,0.083149,-0.126571,7.424000,14.609031

-0.241151,0.636012,9.185558,14.632940,0.011913,0.058635,-0.127370,7.412000,14.609031

0.146842,1.385653,9.765154,14.629999,-0.078950,0.068227,-0.119110,7.424000,14.609031

-0.315397,1.086275,9.995075,14.635881,-0.003541,0.049575,-0.094329,7.416000,14.609031

-0.241151,1.253927,10.488449,14.635881,-0.067226,0.024794,-0.062620,7.412000,14.609031

-0.372877,2.535262,9.183164,14.624117,0.052682,-0.000254,-0.052494,7.420000,14.609031

-0.193251,1.167706,9.518467,14.644705,0.018575,-0.025035,-0.021052,7.428000,14.609031

-0.564479,1.723350,9.389135,14.635881,-0.009404,-0.003451,0.005061,7.432000,14.609031

-0.894992,1.550909,9.547207,14.644705,-0.029921,0.003210,0.023714,7.428000,14.609031

-1.266220,1.809571,9.614267,14.632940,0.013512,-0.006116,0.052758,7.432000,14.609031

-1.227899,1.129385,9.741203,14.629999,0.006584,-0.039157,0.075141,7.432000,14.609031

0.154027,1.368887,9.288545,14.632940,0.006051,-0.014643,0.092728,7.432000,14.609031

-0.183671,1.059930,10.189072,14.627058,0.007117,0.012270,0.065016,7.432000,14.609031

0.424664,2.039493,8.730505,14.644705,0.054281,0.049575,0.086066,7.424000,14.609031

-0.938102,1.584439,9.353210,14.650587,-0.029655,-0.011712,0.033839,7.424000,14.609031

-0.102240,1.514984,10.213022,14.624117,0.024171,-0.088186,0.003996,7.432000,14.609031

0.158817,1.579649,9.420271,14.629999,-0.039780,-0.087120,0.003196,7.440000,14.609031

0.091757,2.796319,9.573552,14.635881,-0.019263,-0.094581,0.045564,7.432000,14.609031

0.264198,1.613179,9.990285,14.615294,0.032697,-0.023702,0.147352,7.432000,14.609031

0.134867,1.198841,9.959150,14.627058,0.001521,-0.070067,0.189986,7.436000,14.609031

-0.586034,2.214329,8.814330,14.647646,-0.057900,-0.102042,0.231022,7.444000,14.609031

-0.454308,2.164034,9.789104,14.629999,0.005252,-0.072465,0.339738,7.440000,14.609031

0.113312,1.481453,9.005932,14.629999,-0.010469,-0.084989,0.420476,7.448000,14.609031

-0.147745,1.835916,10.742321,14.615294,-0.044577,-0.064205,0.449787,7.440000,14.609031

-0.133375,1.615574,9.530441,14.618235,0.024171,-0.019173,0.414614,7.448000,14.609031

-0.748895,1.481453,9.911250,14.618235,-0.006473,0.032255,0.360789,7.440000,14.609031

-0.147745,1.711375,9.171188,14.627058,0.036694,-0.058609,0.344535,7.444000,16.544174

-0.859066,1.359308,9.884905,14.627058,-0.011002,-0.008780,0.270991,7.452000,16.544174

-0.736920,1.493428,9.590317,14.635881,-0.026191,0.028258,0.244611,7.448000,16.544174

-0.353717,0.813243,8.986773,14.638823,-0.053636,-0.027966,0.251006,7.452000,16.544174

-0.966842,2.429881,10.533955,14.612352,0.006051,0.036252,0.219297,7.448000,16.544174

-0.808771,1.184471,9.118498,14.650587,0.142746,0.010138,0.170268,7.452000,16.544174

-1.385971,-1.318324,8.783195,14.615294,-0.100001,0.012270,0.164939,7.456000,16.544174

-0.475863,2.312525,10.002260,14.603529,-0.146898,-0.027166,0.147885,7.452000,16.544174

-0.214806,1.220396,9.734018,14.632940,0.004719,-0.011978,0.089530,7.448000,16.544174

0.661771,1.244346,9.247829,14.615294,0.028967,0.017066,0.069012,7.460000,16.544174

0.709672,1.256322,9.516071,14.635881,0.078263,0.042913,0.107650,7.460000,16.544174

-0.289052,0.135452,9.650192,14.632940,-0.109860,0.031988,0.105518,7.460000,16.544174

-0.238756,0.770133,9.369975,14.612352,-0.001676,0.027458,0.142556,7.468000,16.544174

0.276173,1.807176,9.556787,14.635881,-0.069091,0.069027,0.115643,7.468000,16.544174

0.015116,2.240674,9.894485,14.635881,-0.037915,0.049042,0.102853,7.460000,16.544174

-0.186066,1.311407,9.295730,14.641764,0.020973,0.076221,0.102587,7.468000,16.544174

-0.372877,0.353399,9.578342,14.627058,-0.050705,0.067694,0.102320,7.464000,16.544174

0.005536,1.900582,9.690907,14.638823,-0.003541,0.073024,0.108715,7.468000,16.544174

-0.080685,1.256322,10.031001,14.624117,-0.012868,0.066095,0.078872,7.468000,16.544174

0.005536,1.282667,9.657377,14.621176,0.024970,0.108729,0.025579,7.464000,16.544174

-0.190856,1.919742,8.740085,14.650587,-0.062696,0.107930,-0.011459,7.472000,16.544174

-0.195646,2.269415,9.465776,14.627058,-0.059765,0.050641,-0.095928,7.472000,16.544174

-0.775241,1.850286,10.826147,14.618235,0.039625,0.124451,-0.176399,7.476000,16.544174

-0.341742,2.702913,9.688513,14.615294,0.037494,0.050108,-0.235288,7.476000,16.544174

0.458195,1.924532,8.883786,14.615294,0.077197,0.042647,-0.165475,7.472000,16.544174

0.726437,1.035980,8.965217,14.615294,0.005785,-0.026367,-0.085269,7.476000,16.544174

0.642611,1.354517,9.877720,14.627058,-0.084812,0.034919,-0.084203,7.476000,16.544174

-0.511788,2.456226,10.519585,14.618235,0.049751,0.040515,-0.083671,7.484000,16.544174

-0.861461,1.043165,8.816726,14.606470,0.139016,0.062099,-0.033043,7.476000,16.544174

-1.091383,0.432435,9.590317,14.618235,-0.045376,0.029590,0.021582,7.480000,16.544174

-0.631539,1.962852,9.470566,14.632940,-0.044843,0.014402,0.050893,7.488000,16.544174

0.089361,1.970037,9.164003,14.603529,0.035629,0.059700,0.084201,7.480000,16.544174

-0.600404,2.281390,10.519585,14.615294,0.048685,0.081017,0.096192,7.484000,16.544174

-0.056735,1.431158,8.572433,14.615294,0.144345,0.104733,0.055156,7.484000,16.544174

-0.559689,-0.635744,8.917316,14.615294,-0.108794,0.037051,0.032774,7.480000,16.544174

0.019906,2.640643,10.373488,14.621176,-0.107462,0.064497,0.045564,7.484000,16.544174

-0.336952,2.446646,9.422666,14.615294,0.110238,0.119388,0.002930,7.484000,16.544174

0.070201,-0.214220,9.520862,14.612352,0.013512,0.050641,0.015986,7.492000,16.544174

-0.554899,1.026400,9.935200,14.621176,-0.096803,0.127915,0.035705,7.488000,16.544174

-0.871041,2.099368,9.980705,14.612352,-0.026990,0.154028,-0.003998,7.492000,16.544174

-1.012347,2.061048,9.235854,14.603529,0.008982,0.162821,-0.067683,7.488000,16.544174

0.309703,1.237161,8.464658,14.609411,0.039359,0.053838,-0.065018,7.496000,16.544174

0.522860,0.566556,10.349538,14.618235,0.023904,0.094341,-0.138029,7.488000,16.544174

0.218693,1.526959,10.316008,14.627058,-0.087211,0.102867,-0.278188,7.496000,16.544174

-0.653095,2.393956,9.250224,14.597647,0.068670,0.076488,-0.268862,7.488000,16.544174

-0.724945,0.791688,9.372371,14.612352,-0.033918,0.108463,-0.369585,7.500000,16.544174

-0.511788,0.738997,10.593830,14.606470,-0.048041,0.059434,-0.419946,7.496000,16.544174

0.474960,2.180799,9.439431,14.606470,0.008183,0.071958,-0.438599,7.504000,16.544174

-0.535739,2.209539,9.863349,14.612352,-0.004341,0.055703,-0.429539,7.500000,16.544174

-0.703390,2.326895,8.306586,14.615294,0.051616,0.091143,-0.434602,7.496000,16.544174

-0.586034,0.307894,8.301796,14.600588,0.036961,-0.019972,-0.419413,7.496000,16.544174

-0.497418,0.492310,10.469289,14.591763,-0.153826,-0.106839,-0.369318,7.504000,16.544174

-0.212411,2.288575,9.350815,14.624117,-0.015532,-0.143078,-0.253141,7.500000,16.544174

0.098942,1.222791,10.327983,14.624117,-0.034718,-0.107638,-0.125505,7.508000,16.544174

-0.926127,2.717283,10.799802,14.603529,0.034829,-0.019173,-0.092464,7.508000,16.544174

-0.921337,0.937784,7.837162,14.606470,0.178452,-0.064738,-0.056225,7.512000,16.544174

-1.383576,0.386930,8.452682,14.606470,-0.076019,-0.118030,0.012522,7.508000,9.497033

-1.441056,1.955667,9.817844,14.615294,-0.104797,-0.096447,0.020516,7.508000,9.497033

-0.959657,1.186866,11.911091,14.603529,-0.017664,-0.084722,0.007460,7.504000,9.497033

-1.299750,0.195328,9.899275,14.621176,-0.100001,-0.131886,0.074608,7.508000,9.497033

-1.572782,3.447764,9.930409,14.588821,-0.123450,-0.037825,0.148152,7.516000,9.497033

-1.900900,2.482572,10.718371,14.612352,-0.157024,-0.118297,0.300302,7.512000,9.497033

-1.441056,1.201236,10.186677,14.600588,-0.123450,-0.090584,0.305098,7.508000,9.497033

-1.096173,2.207144,10.347143,14.612352,0.084924,-0.059675,0.306430,7.516000,9.497033

-0.607589,0.252808,8.893367,14.588821,0.037760,-0.083656,0.387169,7.516000,9.497033

-0.650700,1.457503,9.583132,14.594706,-0.046975,-0.067669,0.377576,7.520000,9.497033

-1.553622,1.855076,9.825029,14.627058,0.017243,-0.047950,0.317355,7.516000,9.497033

-1.103358,1.311407,9.551997,14.609411,-0.002476,-0.072199,0.298703,7.524000,9.497033

-0.267496,1.673055,10.177097,14.603529,0.063874,-0.052214,0.242746,7.524000,9.497033

-0.281867,0.698282,9.762758,14.615294,0.092652,0.008806,0.162274,7.520000,9.497033

-0.054340,1.867052,9.568762,14.612352,-0.058966,-0.005849,0.135362,7.524000,9.497033

0.367184,2.233490,10.050160,14.603529,-0.020062,0.056503,0.130565,7.520000,9.497033

0.051041,2.851404,10.047766,14.600588,0.029233,0.023461,0.104452,7.524000,9.497033

-0.298632,1.411998,9.870534,14.606470,0.044955,0.055437,0.036770,7.524000,9.497033

-0.796796,0.782108,9.995075,14.597647,0.050817,0.070625,-0.030378,7.524000,9.497033

-0.238756,0.904254,9.827424,14.588821,0.015377,0.078619,-0.096194,7.528000,9.497033

0.180372,0.782108,8.802356,14.618235,-0.031254,0.055703,-0.227027,7.524000,9.497033

-0.784821,1.174891,9.116103,14.606470,-0.088276,0.043180,-0.263533,7.528000,9.497033

0.692906,1.565279,9.906460,14.606470,-0.049107,-0.003451,-0.312562,7.528000,9.497033

0.374369,0.659962,10.577065,14.606470,-0.128779,-0.001320,-0.348268,7.532000,9.497033

-0.126190,3.517220,9.911250,14.624117,0.113436,-0.030097,-0.309631,7.532000,9.497033

0.065411,0.669542,8.627519,14.609411,0.116900,-0.029032,-0.242216,7.532000,20.966467

-0.420778,0.116292,9.422666,14.594706,0.082526,-0.097512,-0.150819,7.536000,20.966467

-1.074618,0.420460,10.289662,14.588821,-0.047774,-0.108704,-0.103922,7.528000,20.966467

-1.366810,3.876473,9.896879,14.597647,0.081460,-0.013310,-0.039171,7.540000,20.966467

-0.138165,1.617970,8.244316,14.597647,0.178985,-0.120162,0.079138,7.532000,20.966467

-0.674650,-0.702804,9.243039,14.606470,-0.126114,-0.172921,0.204908,7.536000,20.966467

-1.476981,2.156849,11.010564,14.594706,-0.128779,-0.087120,0.318688,7.536000,20.966467

-0.756080,3.162757,10.344748,14.594706,0.093184,-0.087387,0.436198,7.536000,20.966467

-0.777636,0.715047,9.456196,14.594706,0.097714,-0.117764,0.550510,7.540000,20.966467

-1.486561,1.117410,9.456196,14.597647,-0.001676,-0.069534,0.570495,7.540000,20.966467

-0.751290,1.790411,9.856164,14.577057,0.049751,-0.052480,0.583019,7.544000,20.966467

-0.023204,1.275482,9.264594,14.579998,0.064140,-0.001320,0.510008,7.544000,20.966467

-0.518973,0.580926,10.208232,14.582939,-0.008604,-0.001320,0.407420,7.540000,20.966467

-0.466283,2.525682,10.098062,14.594706,0.013779,0.017066,0.391699,7.544000,20.966467

-0.516578,1.201236,9.544811,14.591763,0.076131,0.058368,0.302434,7.540000,20.966467

-0.636329,0.271969,9.683722,14.582939,0.008449,0.094074,0.256868,7.548000,20.966467

0.637821,2.080208,8.313771,14.579998,-0.117587,0.185737,0.257934,7.544000,20.966467

1.552718,1.785621,9.791499,14.591763,-0.041912,0.206255,0.192918,7.544000,20.966467

0.738412,1.948482,10.462104,14.597647,0.076664,0.196396,0.099656,7.552000,20.966467

0.290543,1.107830,9.240644,14.588821,-0.002476,0.186803,-0.017055,7.552000,20.966467

-0.107030,1.347332,9.329260,14.588821,-0.127979,0.135909,-0.354396,7.560000,21.946089

-0.516578,-0.242961,8.289822,14.559410,-0.024059,0.059167,-0.334412,7.556000,21.946089

-0.056735,1.055140,8.835886,14.582939,0.097714,0.049575,-0.290978,7.560000,21.946089

-0.439938,0.257598,9.008327,14.571175,-0.088543,0.043713,-0.313894,7.560000,21.946089

-1.441056,1.622760,9.784313,14.562351,-0.098669,0.067694,-0.247545,7.564000,21.946089

-1.395551,1.397628,9.959150,14.559410,0.030033,0.061566,-0.195585,7.564000,21.946089

-0.887806,1.457503,9.111313,14.579998,0.032964,-0.028232,-0.191055,7.564000,21.946089

-0.708180,1.553304,9.592712,14.562351,-0.000610,-0.051414,-0.188124,7.560000,21.946089

-0.645909,0.700677,9.889694,14.550587,0.045754,-0.054346,-0.184393,7.564000,21.946089

-0.844696,1.206026,10.349538,14.579998,-0.004341,-0.085255,-0.166807,7.568000,21.946089

-0.598009,1.562884,9.889694,14.556469,0.046820,-0.074863,-0.132700,7.560000,21.946089

-0.511788,2.621483,8.637099,14.565292,0.047886,-0.059142,-0.119643,7.568000,21.946089

0.194742,1.483848,8.186835,14.568233,0.016710,-0.123359,-0.142292,7.568000,21.946089

-0.746500,0.403695,9.583132,14.574116,-0.033385,-0.096180,-0.140427,7.564000,21.946089

-1.206344,0.626431,10.538745,14.565292,-0.053103,-0.022637,-0.117511,7.572000,21.946089

-0.739315,1.665870,10.802197,14.559410,0.027635,-0.092450,-0.117778,7.572000,21.946089

0.489330,1.323382,10.569880,14.565292,-0.060831,-0.186511,-0.027447,7.572000,21.946089

-1.093778,2.700518,10.222602,14.577057,0.007916,-0.068468,-0.013324,7.568000,21.946089

-1.060248,2.204749,8.845466,14.553528,0.219754,-0.123892,-0.009328,7.568000,21.946089

-1.110543,0.044442,8.203601,14.538822,-0.025391,-0.196903,0.060486,7.572000,21.946089

-1.273405,1.155731,9.772339,14.550587,-0.069624,-0.150272,0.106317,7.568000,21.946089

-0.542924,1.972432,10.045371,14.553528,0.026302,-0.152404,0.184391,7.576000,21.946089

-0.598009,2.731653,9.029882,14.556469,0.172057,-0.113234,0.217166,7.576000,21.946089

-0.631539,0.065997,7.870693,14.538822,0.075598,-0.146275,0.300035,7.576000,21.946089

-1.033903,-0.417797,10.040581,14.553528,-0.168215,-0.099378,0.405821,7.580000,21.946089

-0.868646,2.956785,11.156660,14.541763,-0.012601,-0.037026,0.392231,7.580000,21.946089

-0.590824,3.076536,9.832214,14.556469,0.172057,-0.077528,0.339205,7.580000,21.946089

-0.830326,1.069510,8.359277,14.544704,0.157402,-0.102575,0.331212,7.580000,21.946089

-0.353717,0.180958,9.137658,14.550587,-0.058433,-0.073531,0.289643,7.576000,21.946089

-0.847091,1.002450,10.603411,14.538822,-0.105330,-0.018373,0.255003,7.576000,21.946089

-0.744105,2.075418,9.916039,14.524117,0.087322,0.062365,0.229423,7.580000,21.946089

-0.047155,0.894674,9.187954,14.538822,0.106508,0.034653,0.111913,7.580000,21.946089

-0.648305,0.746182,9.815449,14.535881,-0.042179,-0.001586,0.039968,7.584000,21.946089

-0.035179,1.989197,9.990285,14.547646,0.006584,0.004543,-0.028246,7.580000,21.946089

-0.442333,2.746024,9.458591,14.535881,-0.034984,0.112993,-0.092997,7.584000,21.946089

-0.334557,1.627550,9.468171,14.532940,0.042557,0.085547,-0.138562,7.580000,21.946089

-1.395551,0.796478,9.719648,14.538822,0.032165,0.140971,-0.198516,7.584000,21.946089

-0.255521,0.904254,9.657377,14.521175,-0.107462,0.127382,-0.236886,7.580000,21.946089

0.645006,2.568792,9.441826,14.538822,-0.014733,0.114592,-0.155882,7.588000,21.946089

0.786312,0.279154,9.465776,14.524117,0.008449,0.034386,-0.153484,7.588000,21.946089

-0.047155,0.513866,9.595107,14.538822,-0.140237,0.024261,-0.216902,7.584000,21.946089

-1.884135,2.013148,9.264594,14.535881,-0.090142,0.076221,-0.145223,7.588000,21.946089

-1.771569,1.867052,9.556787,14.541763,-0.003275,0.028258,-0.140161,7.592000,11.490334

0.278568,1.007240,8.970007,14.524117,0.010581,-0.060208,-0.045300,7.588000,11.490334

0.709672,0.389324,9.757969,14.544704,-0.054702,-0.031163,-0.062087,7.592000,11.490334

-0.384852,1.804781,10.119617,14.538822,-0.134108,-0.063938,-0.047432,7.592000,11.490334

0.017511,3.143597,10.409413,14.535881,-0.042978,-0.107105,0.041034,7.592000,11.490334

-0.451913,2.774764,9.532837,14.509411,0.173656,-0.056477,0.024513,7.592000,11.490334

-0.684230,-0.068124,8.677814,14.527058,0.139016,-0.111901,0.025046,7.592000,11.490334

-0.993187,-0.563893,9.307705,14.527058,-0.105064,-0.162529,0.092728,7.596000,11.490334

-1.136889,2.063443,10.512400,14.524117,-0.061097,-0.040756,0.184924,7.596000,11.490334

-0.279472,1.150941,9.262199,14.535881,-0.069091,-0.108437,0.218764,7.596000,11.490334

-0.116610,0.815638,9.820239,14.512352,0.067071,0.000546,0.246476,7.600000,11.490334

-0.123795,0.988079,9.298124,14.515293,0.001788,-0.043954,0.231555,7.596000,11.490334

-0.363297,1.661080,9.829819,14.518234,-0.010203,-0.025035,0.169735,7.592000,11.490334

-0.272286,2.262230,9.185558,14.527058,0.061475,0.032255,0.117775,7.596000,11.490334

-0.018414,1.273087,7.252778,14.518234,-0.014999,-0.037292,0.073009,7.600000,11.490334

0.386344,0.283944,10.122011,14.521175,-0.097603,0.021063,0.081803,7.604000,11.490334

0.807867,1.747301,10.323193,14.497646,0.002054,0.074089,0.024513,7.604000,11.490334

0.779127,1.922137,9.465776,14.524117,0.082526,0.028524,-0.022384,7.600000,11.490334

0.443824,1.433553,8.241920,14.512352,-0.023526,-0.016241,0.021849,7.600000,11.490334

-0.095055,-0.290861,8.615544,14.521175,-0.090408,0.008273,-0.045033,7.600000,11.490334

-1.036298,1.083880,10.450130,14.515293,-0.139437,0.057835,0.019983,7.600000,11.490334

-1.342860,1.922137,10.284873,14.521175,-0.098402,0.114325,0.022648,7.604000,23.743215

0.302518,2.118529,9.468171,14.497646,0.040425,0.090876,0.086865,7.604000,23.743215

0.237853,0.370164,9.113708,14.497646,-0.068292,-0.002119,0.055956,7.600000,23.743215

-1.191974,0.820428,10.720766,14.477058,-0.220442,-0.041555,0.082069,7.608000,23.743215

-1.302145,3.208262,11.618898,14.521175,-0.015799,0.070359,0.132963,7.604000,23.743215

-0.454308,1.891002,9.487331,14.482941,0.218155,0.101801,0.157744,7.604000,23.743215

-0.693810,0.027677,8.423943,14.494705,0.090253,0.051973,0.132164,7.612000,23.743215

-1.057853,-0.092074,9.147239,14.497646,-0.116255,-0.028499,0.118841,7.608000,23.743215

-0.724945,-0.161530,8.802356,14.503529,-0.041646,0.032788,0.086865,7.608000,23.743215

-0.748895,0.310289,9.202324,14.491764,-0.113324,0.021330,0.058087,7.608000,23.743215

-0.526159,2.214329,9.575947,14.494705,0.018042,0.078886,0.023980,7.612000,23.743215

0.113312,1.119806,9.379556,14.524117,0.068403,0.093541,-0.028513,7.612000,23.743215

-0.497418,0.602481,10.239367,14.503529,-0.013667,0.040782,-0.111649,7.612000,23.743215

-0.219596,1.907767,9.353210,14.485882,0.027635,0.050108,-0.187591,7.612000,23.743215

-0.042365,1.931717,8.730505,14.500587,0.008449,0.039716,-0.216635,7.616000,23.743215

0.051041,1.577254,7.736571,14.480000,-0.053903,0.049841,-0.211306,7.612000,23.743215

0.300123,0.662357,10.514794,14.485882,-0.066960,0.046111,-0.219033,7.612000,23.743215

1.495238,1.584439,10.519585,14.471176,0.018308,0.017066,-0.222497,7.612000,23.743215

-0.142955,2.118529,9.245434,14.497646,0.002054,0.067428,-0.081539,7.616000,23.743215

-0.705785,1.955667,8.958032,14.491764,0.033497,0.016800,-0.013591,7.612000,23.743215

-1.000372,0.463570,9.017907,14.482941,0.086789,0.047976,-0.029312,7.616000,23.743215

-1.302145,-0.034594,9.017907,14.474117,-0.084013,0.009073,0.004529,7.612000,23.743215

-0.770451,1.507799,9.238249,14.488823,-0.175943,0.012537,0.004795,7.616000,24.107821

0.666561,2.717283,10.098062,14.482941,0.077730,-0.054079,-0.007729,7.612000,24.107821

1.155145,1.330567,9.820239,14.465292,0.227215,-0.062872,0.053291,7.616000,24.107821

0.259408,-0.338761,9.460986,14.468235,0.017509,-0.090052,0.015720,7.620000,24.107821

-0.954867,1.991592,10.457314,14.480000,-0.144767,-0.010646,0.009858,7.620000,24.107821

-1.400341,3.814203,10.244158,14.474117,0.078529,0.090344,-0.038372,7.624000,24.107821

-0.964447,1.984407,9.631032,14.474117,-0.080549,-0.017574,-0.070880,7.620000,24.107821

-0.336952,0.947364,10.505215,14.456469,0.070535,-0.079659,-0.111116,7.620000,24.107821

0.424664,0.935389,9.350815,14.459410,0.133420,-0.126557,-0.160412,7.620000,24.107821

-0.159721,0.465965,9.516071,14.482941,-0.013933,-0.129222,-0.053560,7.616000,24.107821

0.419874,2.719678,9.484936,14.462351,0.019108,-0.092716,0.047962,7.624000,24.107821

-0.080685,2.920860,9.070598,14.465292,0.112103,-0.040756,0.051426,7.624000,24.107821

-0.873436,1.277877,8.459867,14.447645,0.123295,-0.107905,0.056489,7.624000,24.107821

-0.439938,1.309012,9.101733,14.477058,0.068137,-0.158266,0.074875,7.624000,24.107821

-1.129703,1.582044,8.689790,14.465292,-0.072822,-0.075130,0.115643,7.628000,24.107821

-0.447123,1.062325,10.672866,14.465292,-0.083214,-0.030364,0.162807,7.620000,24.107821

-1.635053,1.313802,10.778247,14.468235,0.022039,0.029324,0.189986,7.624000,24.107821

-0.332162,1.428763,9.544811,14.462351,0.037494,-0.011445,0.193184,7.624000,24.107821

-0.468678,1.708980,9.561577,14.456469,0.017776,-0.086854,0.209438,7.628000,24.107821

-0.514183,2.849010,9.695698,14.453527,0.097448,-0.061807,0.185723,7.624000,24.107821

-1.251849,1.141361,9.252620,14.474117,0.109705,0.023195,0.223561,7.628000,24.107821

-0.700995,0.346214,8.900552,14.465292,-0.134907,-0.029298,0.253671,7.628000,24.391848

-0.588429,2.250255,10.617781,14.471176,-0.151695,0.028258,0.286446,7.628000,24.391848

-0.322582,3.392679,10.656101,14.459410,0.112903,0.073823,0.267793,7.624000,24.391848

-0.360902,0.906649,9.032277,14.450586,0.177920,-0.005050,0.258201,7.628000,24.391848

-0.281867,-0.662089,7.379714,14.438822,0.031632,-0.011445,0.245411,7.624000,24.391848

-0.827931,2.849010,10.543535,14.444704,-0.090675,0.090077,0.256336,7.628000,24.391848

-0.392037,2.358031,10.304033,14.453527,0.044155,0.070092,0.205974,7.624000,24.391848

0.213903,0.592901,9.396320,14.444704,-0.035783,0.052506,0.203043,7.628000,24.391848

-0.313002,1.050350,9.631032,14.450586,-0.114390,0.080484,0.149751,7.628000,24.391848

0.003141,2.746024,8.502978,14.427057,0.026569,0.122586,0.116709,7.628000,24.391848

0.393529,0.784503,8.627519,14.444704,0.036961,0.126849,0.046630,7.624000,24.391848

-1.067433,0.042047,9.978311,14.441763,-0.166350,0.129247,-0.001867,7.632000,24.391848

-0.329767,1.905372,9.939990,14.435881,-0.060298,0.167085,-0.022118,7.628000,24.391848

0.278568,1.366493,10.656101,14.450586,-0.093606,0.191866,-0.052761,7.632000,24.391848

-0.696205,3.162757,8.922107,14.462351,-0.007805,0.186004,-0.134831,7.632000,24.391848

0.556390,1.807176,9.386741,14.450586,-0.031254,0.072224,-0.200648,7.632000,24.391848

0.573155,0.758158,9.243039,14.432940,0.010581,0.071691,-0.270194,7.628000,24.391848

0.803077,1.541329,9.183164,14.447645,-0.077085,0.030390,-0.333612,7.632000,24.391848

-0.552504,2.561607,9.563972,14.415293,0.007117,0.069559,-0.259802,7.632000,24.391848

-1.493746,0.698282,9.597502,14.450586,0.090520,0.056236,-0.245413,7.636000,24.391848

-0.521369,-0.518388,9.003537,14.424116,-0.088276,-0.030630,-0.246213,7.636000,24.391848

-0.914152,1.754486,10.292058,14.444704,-0.116255,0.024794,-0.219566,7.636000,24.353004

-0.253126,3.260953,10.747111,14.438822,0.026569,0.019465,-0.153484,7.636000,24.353004

0.177977,2.185589,8.411967,14.441763,0.226416,-0.040223,-0.159879,7.640000,24.353004

-0.645909,-1.040502,8.673024,14.444704,0.017776,-0.058609,-0.157214,7.640000,24.353004

-0.578849,-0.151950,7.506649,14.438822,-0.063229,-0.045286,-0.101257,7.640000,24.353004

-0.401617,0.796478,8.749665,14.435881,-0.153560,-0.046885,-0.047965,7.640000,24.353004

-0.547714,1.347332,10.100456,14.456469,-0.110393,-0.063139,0.036238,7.640000,24.353004

-1.112938,2.278995,10.038186,14.427057,-0.021661,-0.032229,0.073809,7.636000,24.353004

-0.935707,1.474268,9.664562,14.424116,0.044155,-0.045019,0.086865,7.640000,24.353004

-1.057853,0.449200,8.926897,14.429998,-0.048307,-0.046885,0.135362,7.640000,24.353004

-0.595614,1.483848,9.338840,14.432940,-0.129045,-0.011712,0.153215,7.648000,24.353004

-0.842301,2.362821,9.961545,14.429998,-0.022194,0.027725,0.084734,7.644000,24.353004

-1.024323,1.316197,9.288545,14.424116,0.026036,-0.069267,0.040501,7.640000,24.353004

-0.847091,1.055140,9.748388,14.435881,-0.014733,-0.067935,0.071944,7.644000,24.353004

0.245038,0.418065,9.113708,14.424116,0.024171,-0.059675,0.010124,7.648000,24.353004

-1.168024,1.440738,8.673024,14.432940,-0.130378,-0.091117,0.029043,7.644000,24.353004

-0.883016,1.129385,9.396320,14.427057,-0.072289,-0.009846,0.030642,7.644000,24.353004

0.527650,1.855076,8.989167,14.406469,0.057212,0.039449,0.028777,7.644000,24.353004

-2.087711,0.932994,9.825029,14.412352,0.041757,0.120454,0.034372,7.648000,24.353004

-1.644633,0.214488,9.362790,14.438822,0.062808,0.035719,0.082602,7.648000,24.353004

-0.732130,0.422855,10.232183,14.427057,-0.081082,0.023728,0.079404,7.652000,24.353004

-0.576454,2.446646,9.681328,14.409410,-0.020595,0.021063,0.053025,7.656000,25.024536

-1.527277,1.088670,10.668076,14.397646,-0.096270,0.011204,0.062884,7.656000,25.024536

-0.674650,2.707703,11.005774,14.406469,-0.016332,0.012270,0.081003,7.652000,25.024536

-0.614774,0.353399,8.625124,14.394705,-0.136773,0.048775,0.137227,7.652000,25.024536

-0.272286,1.519774,9.575947,14.394705,-0.104797,0.104733,0.141490,7.656000,25.024536

-1.225504,1.871841,10.478869,14.406469,-0.042978,0.113526,0.158810,7.660000,25.024536

-0.962052,2.286180,9.736413,14.421175,0.069736,0.098604,0.070878,7.660000,25.024536

-0.959657,1.033585,9.082573,14.403528,0.048152,0.051174,0.031175,7.660000,25.024536

-0.751290,0.331844,9.494516,14.403528,-0.072022,0.034120,0.025313,7.660000,25.024536

-0.039970,0.535421,9.551997,14.415293,-0.098935,0.086880,-0.031977,7.660000,25.024536

-0.298632,2.614298,10.205837,14.397646,-0.106129,0.081284,-0.043435,7.660000,25.024536

0.206717,2.228699,9.827424,14.394705,0.051350,0.082350,-0.068749,7.660000,25.024536

0.012721,1.172496,9.207114,14.397646,0.007117,0.065563,-0.135364,7.664000,25.024536

-0.495023,0.597691,8.929292,14.409410,0.085990,0.129514,-0.141493,7.664000,25.024536

-0.698600,0.674332,9.238249,14.409410,-0.116522,0.116457,-0.195585,7.664000,25.024536

-1.663793,1.577254,9.417875,14.403528,-0.048574,0.136974,-0.230758,7.668000,25.024536

-1.330885,1.835916,8.864626,14.388823,-0.090941,0.095939,-0.192387,7.660000,25.024536

-0.815956,0.820428,10.354328,14.406469,-0.029921,0.146034,-0.183594,7.660000,25.024536

-0.617169,0.307894,11.185400,14.412352,0.112636,0.051707,-0.199848,7.668000,25.024536

-0.404013,1.153336,10.620175,14.400587,0.009515,0.027458,-0.176666,7.664000,25.024536

-2.444569,2.135294,9.274175,14.388823,0.000722,0.134310,-0.062620,7.668000,25.024536

-1.618287,1.529354,10.112432,14.397646,-0.058699,-0.010912,0.044231,7.664000,25.024536

-1.912875,1.637130,11.456038,14.394705,-0.067226,0.050641,0.015720,7.668000,25.024536

-0.746500,2.005963,10.007051,14.406469,-0.011269,-0.103375,-0.031977,7.672000,25.024536

-1.479376,2.331685,10.083691,14.388823,0.026835,-0.038358,0.007993,7.668000,25.024536

-0.511788,2.190379,9.710068,14.388823,0.055080,-0.158532,0.030375,7.668000,25.024536

-0.518973,1.035980,9.741203,14.388823,0.045221,-0.013843,0.040767,7.672000,25.024536

-1.520092,0.777318,9.748388,14.388823,0.071601,-0.032496,0.015187,7.672000,25.024536

-0.643515,0.961734,8.869416,14.394705,0.064673,-0.061007,0.036770,7.680000,25.024536

0.245038,1.354517,8.792775,14.379999,-0.058166,-0.071133,0.067414,7.676000,25.024536

0.134867,2.592742,10.454919,14.397646,-0.054169,-0.025834,0.034905,7.676000,25.024536

0.434244,1.649105,10.387858,14.412352,0.082526,-0.019439,0.026911,7.680000,25.024536

0.618661,1.443133,9.255014,14.385881,0.035096,-0.002918,0.010924,7.672000,25.024536

-1.304540,1.706585,8.785590,14.388823,0.138483,0.071158,-0.005597,7.676000,25.024536

-0.957262,0.382139,8.680209,14.397646,-0.057367,-0.018640,-0.061821,7.676000,25.024536

-1.750014,0.643197,9.777128,14.388823,-0.033918,0.019465,-0.107386,7.676000,25.024536

-1.484166,0.073182,10.648915,14.397646,-0.125048,-0.008514,-0.134831,7.676000,25.024536

-1.268615,1.697005,10.792617,14.385881,-0.041646,0.041847,-0.081805,7.680000,25.024536

-1.112938,2.729259,10.208232,14.391764,0.066005,0.002411,-0.051429,7.684000,25.024536

-1.021928,1.778436,10.002260,14.394705,0.060410,0.007740,-0.045833,7.684000,25.024536

-1.599127,1.174891,8.572433,14.394705,0.062808,-0.032229,-0.023450,7.684000,13.281149

-0.384852,2.235884,10.708791,14.391764,0.013779,-0.004784,-0.002399,7.684000,13.281149

-0.583639,2.154454,10.471684,14.379999,0.114768,0.017333,0.004262,7.688000,13.281149

-0.418383,1.948482,10.675261,14.397646,-0.106396,-0.034094,0.012256,7.684000,13.281149

-0.016019,1.119806,9.072993,14.379999,-0.118120,0.027991,0.037037,7.684000,13.281149

0.822237,1.831126,9.968730,14.388823,-0.019263,-0.035160,0.030375,7.684000,13.281149

0.736017,2.132899,9.343630,14.394705,-0.011002,-0.052747,-0.052494,7.688000,13.281149

0.359999,2.717283,8.692184,14.391764,0.008982,-0.074863,-0.090865,7.688000,13.281149

0.568365,1.517379,8.543694,14.385881,0.076131,-0.095381,-0.069282,7.688000,13.281149

0.357604,-0.539943,10.004656,14.388823,-0.077618,-0.099111,-0.114847,7.688000,13.281149

0.407899,1.974827,10.397439,14.400587,-0.021661,-0.002652,-0.121242,7.688000,13.281149

0.053436,2.274205,9.786709,14.406469,0.015111,-0.005050,-0.090865,7.692000,13.281149

-0.341742,2.805899,8.771220,14.385881,0.036428,-0.035960,-0.096194,7.692000,13.281149

0.513280,0.511470,9.144843,14.403528,-0.060298,-0.011179,-0.107119,7.688000,13.281149

1.195861,1.845496,10.567485,14.397646,-0.036849,-0.015708,-0.138562,7.696000,13.281149

0.654586,2.037098,9.865745,14.371176,0.118765,-0.018906,-0.131900,7.692000,13.281149

-0.265101,1.955667,9.046648,14.379999,0.128624,-0.112701,-0.097527,7.696000,13.281149

-0.710575,0.427645,9.077783,14.388823,0.042024,-0.103108,-0.071680,7.696000,13.281149

-1.153654,-0.034594,9.080178,14.388823,-0.038981,-0.048750,-0.079940,7.696000,27.451864

-1.769174,1.182076,9.729228,14.377058,-0.049107,-0.056477,-0.034641,7.696000,27.451864

-0.169301,2.564002,10.153147,14.388823,-0.115722,-0.084189,-0.001067,7.696000,27.451864

-0.760870,2.161639,10.481264,14.388823,-0.034451,-0.022637,0.008259,7.700000,27.451864

-0.516578,1.634735,10.675261,14.406469,0.006851,-0.049016,0.022648,7.700000,27.451864

0.154027,1.083880,9.252620,14.374117,0.002854,-0.042088,0.085533,7.700000,27.451864

-0.447123,1.000055,9.456196,14.394705,-0.047241,-0.014110,0.092195,7.700000,27.451864

-0.638724,1.153336,10.198652,14.388823,-0.032319,-0.005316,0.087665,7.704000,27.451864

-0.004044,1.828731,9.889694,14.382940,-0.007272,-0.032229,0.057288,7.700000,27.451864

-0.598009,2.712493,9.880115,14.394705,0.107840,0.001612,0.057821,7.704000,27.451864

-0.305817,0.197723,9.223879,14.382940,0.048952,-0.016241,0.043166,7.704000,27.451864

-0.662675,1.479059,9.611873,14.382940,-0.022194,-0.068202,0.018651,7.700000,27.451864

-0.499813,1.143756,10.217813,14.382940,0.010315,0.005076,0.068213,7.704000,27.451864

-0.942892,2.350845,9.190349,14.391764,-0.011535,0.025593,0.002130,7.700000,27.451864

0.058226,0.990474,9.281360,14.379999,-0.021128,-0.049283,0.003729,7.700000,27.451864

0.839003,1.153336,9.860954,14.385881,-0.067759,0.059700,-0.033576,7.704000,27.451864

0.094152,1.261111,10.363909,14.403528,-0.052038,0.077020,-0.113248,7.704000,27.451864

0.582735,2.290970,9.987890,14.385881,-0.049639,0.018399,-0.067150,7.704000,27.451864

1.150355,2.621483,10.586645,14.374117,-0.000344,-0.013310,-0.094329,7.704000,27.451864

0.553995,2.750814,9.611873,14.403528,0.118765,-0.011978,-0.100724,7.704000,28.162861

0.326468,1.553304,8.493398,14.397646,0.165662,-0.000254,-0.095395,7.708000,28.162861

-0.375272,2.113739,10.217813,14.400587,-0.038448,0.015201,-0.052761,7.708000,28.162861

-0.765660,2.149664,10.280083,14.400587,0.011913,0.021330,-0.030911,7.708000,28.162861

0.237853,1.972432,10.481264,14.377058,0.037494,-0.013310,-0.006130,7.712000,28.162861

-0.729735,1.129385,9.693303,14.382940,0.050284,-0.031163,-0.043701,7.712000,28.162861

-0.712970,2.089788,9.961545,14.385881,0.021240,0.001345,-0.010393,7.712000,28.162861

-0.415988,2.446646,8.907737,14.400587,0.093184,0.019198,0.012789,7.716000,28.162861

-0.305817,-0.087284,8.946056,14.379999,-0.003275,-0.046885,0.013588,7.716000,28.162861

-0.317792,1.100645,10.768666,14.382940,-0.029122,-0.097512,-0.023983,7.712000,28.162861

0.757572,1.522169,9.487331,14.388823,0.014312,-0.146542,-0.012259,7.716000,28.162861

-0.930917,2.544842,9.118498,14.382940,0.126226,-0.094581,-0.010926,7.712000,28.162861

-0.581244,-0.041779,8.514953,14.388823,-0.012601,-0.061274,-0.022118,7.720000,28.162861

-0.059130,1.388048,11.003379,14.394705,-0.069891,-0.100444,-0.063419,7.716000,28.162861

-1.457821,1.431158,9.314890,14.388823,0.163797,-0.014643,-0.034908,7.720000,28.162861

-1.096173,0.770133,9.185558,14.365294,0.097714,-0.079127,-0.009860,7.720000,28.162861

-0.408803,1.361702,10.181887,14.400587,0.145411,-0.102309,0.010124,7.720000,28.705528

-0.411198,1.356912,9.226274,14.388823,0.174722,-0.045019,0.003196,7.720000,28.705528

-1.785939,0.877909,8.811935,14.388823,0.123828,-0.011445,0.014654,7.716000,28.705528

-0.789611,1.546119,8.828701,14.379999,0.144345,-0.030897,0.049028,7.724000,28.705528

-0.437543,0.841983,9.266990,14.379999,0.086789,-0.023969,0.117775,7.724000,28.705528

-0.665070,1.270692,9.475356,14.391764,0.019374,-0.052747,0.169735,7.728000,28.705528

-1.687743,1.040770,9.872930,14.391764,0.019374,-0.011445,0.210504,7.724000,28.705528

-1.778754,0.616851,9.987890,14.385881,-0.035783,0.012270,0.270991,7.724000,28.705528

-1.160839,1.548514,10.081296,14.377058,-0.034984,0.023994,0.317622,7.728000,28.705528

-1.151259,2.472991,10.155541,14.374117,0.000988,0.045045,0.236617,7.728000,28.705528

-0.619564,2.243070,9.602292,14.385881,0.001521,-0.001053,0.215567,7.724000,28.705528

0.455800,1.019215,9.472961,14.391764,0.020707,-0.011712,0.176663,7.728000,28.705528

-1.524882,1.548514,9.350815,14.359411,0.038293,0.041314,0.129233,7.724000,28.705528

-1.407526,0.667147,9.329260,14.379999,-0.083747,0.031455,0.108982,7.728000,28.705528

-1.266220,1.292247,11.048884,14.391764,-0.064561,0.087679,0.110314,7.728000,28.705528

-1.793124,0.834798,10.646521,14.359411,-0.060298,0.158824,0.011989,7.728000,28.705528

-2.123636,1.699400,10.105247,14.379999,0.035362,0.194797,0.029043,7.728000,28.705528

-0.904572,1.495824,9.319680,14.385881,0.014312,0.103667,0.006927,7.728000,28.705528

-0.693810,1.021610,9.290939,14.368235,0.056413,0.133510,-0.051695,7.732000,29.282169

-0.784821,0.791688,8.349697,14.365294,0.055347,0.067694,-0.075144,7.732000,29.282169

0.048646,1.974827,10.622570,14.388823,-0.017930,0.004809,-0.096194,7.736000,29.282169

1.217416,2.374796,9.140054,14.374117,-0.012601,0.036785,-0.108452,7.728000,29.282169

0.048646,1.668265,9.317285,14.371176,-0.015266,0.048775,-0.071413,7.732000,29.282169

-0.332162,1.977222,9.851375,14.374117,-0.049107,0.060766,-0.057557,7.732000,29.282169

-0.770451,1.807176,10.031001,14.382940,-0.016332,0.081284,-0.009594,7.736000,29.282169

-0.523764,1.500613,9.482541,14.374117,0.035096,0.088478,-0.035441,7.736000,29.282169

-0.557294,0.968919,8.955637,14.388823,0.056679,0.043180,-0.014390,7.732000,29.282169

-0.435148,0.691097,8.670630,14.385881,-0.058166,0.049042,-0.017321,7.732000,29.282169

-0.071105,1.155731,10.050160,14.377058,-0.040580,0.034386,-0.025049,7.732000,29.282169

0.029486,0.988079,9.583132,14.377058,-0.045909,0.023195,-0.047698,7.728000,29.282169

0.024696,2.463411,8.876601,14.365294,0.040958,0.016800,-0.076476,7.736000,29.282169

0.783917,1.201236,8.744875,14.362352,-0.047774,-0.054079,-0.084470,7.740000,29.282169

0.870138,0.782108,10.421389,14.353529,-0.059765,-0.055411,-0.138029,7.732000,29.282169

0.089361,0.580926,9.561577,14.365294,-0.064028,-0.055411,-0.227827,7.732000,29.282169

-1.017138,2.283785,10.263317,14.377058,-0.007805,-0.053280,-0.160678,7.736000,29.282169

-0.473468,1.754486,10.737532,14.371176,-0.000877,-0.008248,-0.154283,7.740000,29.282169

-0.930917,2.240674,10.282477,14.374117,0.120897,0.020530,-0.133233,7.736000,29.305099

-1.421896,2.140084,9.049043,14.374117,0.122762,0.017333,-0.104455,7.736000,29.305099

-1.259035,1.644315,8.711345,14.356470,0.012180,-0.037558,-0.064752,7.740000,29.305099

-0.339347,1.103040,10.593830,14.365294,0.041491,-0.058875,-0.061021,7.744000,29.305099

0.182767,1.632339,9.152028,14.362352,-0.001143,-0.019439,0.008792,7.744000,29.305099

-0.420778,2.204749,9.231064,14.359411,-0.060831,-0.031963,0.022648,7.744000,29.305099

-1.000372,1.891002,9.734018,14.362352,-0.055502,-0.065004,0.053824,7.736000,29.305099

-0.229176,1.570069,10.466894,14.365294,-0.009404,-0.065537,0.060219,7.740000,29.305099

-1.417106,0.636012,9.322075,14.377058,-0.120252,0.000013,0.022648,7.740000,29.305099

-1.053063,1.467083,10.090877,14.374117,-0.112791,-0.046618,0.058887,7.740000,29.305099

-0.111820,0.966524,9.913645,14.362352,-0.046442,-0.029032,0.065282,7.740000,29.305099

-0.554899,0.434830,11.233300,14.356470,0.031365,-0.028232,-0.005864,7.740000,29.305099

-1.232689,2.271810,7.760522,14.353529,-0.041379,0.011737,-0.027713,7.748000,29.305099

-0.317792,2.044283,9.700488,14.353529,-0.034451,0.027458,-0.015456,7.744000,29.305099

-1.014742,1.124595,10.541140,14.379999,-0.081082,-0.017574,-0.078075,7.744000,29.305099

-1.838629,2.046678,10.438154,14.377058,0.032431,0.028524,-0.014657,7.744000,29.305099

-0.995582,1.397628,10.007051,14.362352,-0.036316,0.069559,0.023447,7.744000,29.305099

-0.677045,1.752090,10.383068,14.356470,0.080128,0.061832,-0.001867,7.744000,29.305099

-1.136889,1.488638,10.179492,14.356470,0.099047,0.075688,-0.008795,7.748000,29.401710

-1.819469,1.675450,10.069321,14.344706,0.051083,0.001345,0.005594,7.744000,29.401710

-0.655490,1.852681,9.822634,14.356470,0.063341,0.019997,0.012522,7.748000,29.401710

-0.808771,1.649105,9.712463,14.350588,0.064140,0.011204,0.032241,7.744000,29.401710

-0.619564,1.287457,8.881392,14.329998,-0.029921,0.000013,0.047429,7.744000,29.401710

-0.976422,1.196446,9.793894,14.341763,-0.053370,0.025860,0.069812,7.748000,29.401710

-0.871041,1.438343,10.512400,14.332939,0.008716,-0.018107,0.029310,7.744000,29.401710

-1.692533,1.816756,9.523256,14.347647,0.119298,0.063431,0.067147,7.748000,29.401710

0.755177,2.317315,9.128078,14.327057,0.046820,-0.074330,0.027178,7.752000,29.401710

-0.365692,0.810848,9.638218,14.359411,0.002587,-0.049816,0.036238,7.748000,29.401710

-0.004044,1.335357,10.112432,14.347647,-0.019796,-0.045019,0.042100,7.748000,29.401710

-0.593219,2.051468,9.295730,14.332939,-0.003541,0.074356,0.077273,7.748000,29.401710

1.820961,2.283785,9.094548,14.344706,-0.055235,-0.038091,0.005328,7.752000,29.401710

1.600619,1.285062,10.270503,14.344706,0.120097,-0.075663,-0.050096,7.752000,29.401710

0.312098,0.065997,7.212062,14.347647,0.099580,-0.019972,-0.100191,7.752000,29.401710

-0.703390,1.455108,8.409573,14.338821,-0.073621,-0.120961,-0.040770,7.752000,29.401710

0.098942,1.059930,10.189072,14.329998,-0.035517,-0.038891,-0.070614,7.752000,29.401710

0.175582,1.277877,8.735295,14.332939,0.078795,-0.025301,-0.062087,7.752000,29.719115

-0.260311,1.002450,8.874207,14.324116,-0.014733,-0.013843,-0.006396,7.752000,29.719115

0.316888,0.794083,9.166399,14.324116,-0.067492,-0.014643,0.017319,7.756000,29.719115

0.225878,1.256322,8.811935,14.324116,-0.007805,0.003743,0.020783,7.752000,29.719115

-0.200436,1.249136,8.922107,14.335880,0.017776,0.004276,0.036770,7.752000,29.719115

-0.059130,1.143756,9.872930,14.329998,-0.010736,-0.096980,0.013055,7.752000,29.719115

-0.758475,0.909044,9.231064,14.341763,-0.083480,-0.028765,0.015720,7.752000,29.719115

-0.174091,1.376073,9.235854,14.327057,-0.065361,-0.032762,0.052492,7.756000,29.719115

-0.974027,2.360425,10.787827,14.338821,-0.049906,0.018932,0.037037,7.756000,29.719115

0.587526,2.583162,10.031001,14.338821,-0.073355,-0.090052,0.029842,7.756000,29.719115

0.738412,2.080208,9.221484,14.332939,0.067338,-0.078860,0.000532,7.760000,29.719115

0.577946,1.378468,10.658496,14.324116,0.046021,-0.072731,0.003996,7.752000,29.719115

-0.492628,1.838311,8.807145,14.327057,-0.001143,-0.062872,0.008259,7.756000,29.719115

1.021024,1.270692,9.563972,14.327057,-0.109327,-0.075929,0.006394,7.756000,29.719115

0.477355,1.649105,10.462104,14.324116,-0.073355,0.056769,-0.027980,7.760000,29.719115

-0.904572,2.197564,10.531560,14.327057,0.029233,0.092209,-0.055426,7.756000,29.719115

0.477355,1.788016,8.943662,14.335880,0.002587,-0.049549,0.017052,7.756000,29.719115

1.150355,2.013148,9.774734,14.318233,0.052682,0.004809,-0.001867,7.760000,29.719115

-0.049550,2.827454,9.650192,14.341763,0.115034,0.050907,-0.006130,7.760000,29.974183

-0.435148,0.741392,10.119617,14.329998,-0.090142,-0.037292,0.013588,7.760000,29.974183

0.664166,2.061048,9.556787,14.318233,0.073466,-0.036759,0.100455,7.764000,29.974183

0.235458,1.165311,9.171188,14.315292,0.057478,-0.002918,0.071944,7.760000,29.974183

-0.169301,0.207303,9.259805,14.315292,-0.057367,-0.020238,0.135895,7.764000,29.974183

-0.336952,1.402418,9.681328,14.318233,-0.031520,0.012537,0.126302,7.768000,29.974183

-1.541647,1.421578,10.100456,14.306469,-0.021927,0.011204,0.122038,7.764000,29.974183

-0.722550,2.164034,9.753179,14.318233,0.025237,0.003743,0.123637,7.764000,29.974183

-1.606312,0.985684,9.678933,14.303528,0.039093,0.041581,0.087931,7.764000,29.974183

-2.049391,1.083880,10.021420,14.306469,0.026835,0.048775,0.038103,7.764000,29.974183

-1.556017,1.059930,9.621452,14.312351,0.065206,0.091942,0.041300,7.768000,29.974183

0.086966,0.932994,10.169911,14.291763,-0.105330,0.027991,-0.059955,7.772000,29.974183

0.427059,0.473150,9.302915,14.291763,-0.045643,0.125783,-0.084203,7.764000,29.974183

-0.186066,1.756881,9.743598,14.294704,-0.058966,0.135909,-0.068749,7.768000,29.974183

-0.530949,0.715047,9.192744,14.288822,-0.093073,0.066095,-0.093263,7.764000,29.974183

-1.148864,0.329449,9.681328,14.288822,-0.132509,0.102601,-0.123373,7.768000,29.974183

-1.438661,1.043165,9.599897,14.291763,-0.152760,0.045311,-0.134565,7.768000,30.369686

0.429454,1.112620,10.141171,14.303528,-0.114390,0.022662,-0.133499,7.768000,30.369686

0.055831,1.206026,10.002260,14.294704,-0.063762,0.097005,-0.122841,7.764000,30.369686

-0.593219,2.499337,8.996352,14.279999,-0.013667,0.067161,-0.088467,7.772000,30.369686

-0.653095,1.665870,9.128078,14.288822,-0.034718,0.041581,-0.088733,7.768000,30.369686

-0.966842,0.442015,9.583132,14.291763,0.003120,0.003210,-0.036507,7.772000,30.369686

-0.178881,0.590506,8.653864,14.312351,-0.056301,0.017599,-0.054093,7.768000,30.369686

-0.502208,1.289852,9.698093,14.285881,-0.126647,-0.004251,-0.022118,7.772000,30.369686

0.019906,2.413116,9.688513,14.291763,-0.028589,-0.018906,-0.028246,7.772000,30.369686

-0.871041,0.592901,10.713581,14.291763,0.016443,-0.003185,-0.053827,7.768000,30.369686

-1.275800,1.608389,9.856164,14.303528,0.031099,-0.043421,-0.092997,7.772000,30.369686

-0.990792,1.342542,7.992838,14.291763,0.052416,-0.001053,-0.098859,7.772000,30.369686

-0.025599,1.368887,9.068203,14.288822,-0.104531,-0.036493,-0.122308,7.772000,30.369686

0.079781,1.215606,10.847702,14.282940,-0.024059,0.030656,-0.151352,7.772000,30.369686

-1.496141,1.862262,10.253737,14.291763,0.098780,-0.010646,-0.271793,7.772000,30.369686

1.092875,2.168824,9.815449,14.279999,-0.059765,-0.105773,-0.157481,7.772000,30.369686

0.889298,2.164034,10.605805,14.274117,-0.009670,-0.097512,-0.165208,7.772000,30.369686

-0.399222,2.738839,10.083691,14.262352,0.011380,-0.155601,-0.123906,7.772000,30.351163

-0.339347,2.302945,9.465776,14.279999,-0.004074,-0.156134,-0.050096,7.772000,30.351163

-1.201554,1.031190,10.378279,14.300587,-0.006739,-0.118297,-0.066883,7.772000,30.351163

-1.457821,1.059930,9.669353,14.297646,0.002587,-0.084189,0.063150,7.776000,30.351163

-2.305658,1.210816,9.839399,14.274117,-0.045909,0.000812,0.026378,7.776000,30.351163

-1.704508,1.653895,9.801079,14.279999,-0.041379,-0.110569,0.053558,7.776000,30.351163

-0.609984,1.316197,10.265713,14.274117,0.038826,-0.132153,0.058620,7.772000,30.351163

-0.595614,1.699400,9.587922,14.285881,0.110238,-0.100177,0.009058,7.780000,30.351163

0.321678,1.093460,8.064690,14.265293,0.066538,-0.129488,-0.017854,7.776000,30.351163

0.127682,0.662357,9.865745,14.268234,-0.096004,-0.150805,-0.003998,7.772000,30.351163

0.039066,1.972432,11.139894,14.274117,0.054547,-0.069800,0.043432,7.776000,30.351163

0.046251,1.622760,10.395043,14.279999,0.061475,-0.017307,0.042899,7.780000,30.351163

-1.699718,3.047796,7.683881,14.265293,0.053748,-0.002918,0.051426,7.776000,30.351163

1.452128,0.173773,8.277846,14.291763,-0.054436,-0.067669,0.055956,7.776000,30.351163

0.542020,1.218001,9.798684,14.297646,0.036428,0.083682,0.062351,7.780000,30.351163

0.441429,1.926927,9.451406,14.277058,0.038293,-0.050882,0.043432,7.780000,30.351163

-1.005162,1.423973,9.501701,14.274117,0.023638,-0.046885,0.070345,7.776000,30.351163

0.240248,1.194051,10.344748,14.277058,-0.103998,-0.159065,0.056755,7.784000,30.598491

-0.317792,1.608389,8.462263,14.282940,-0.039514,-0.027966,0.055689,7.784000,30.598491

-1.012347,1.879027,10.129196,14.262352,-0.018996,-0.118829,0.084201,7.784000,30.598491

0.206717,1.244346,10.481264,14.277058,0.056679,-0.146808,0.103120,7.780000,30.598491

-0.674650,0.846773,9.911250,14.277058,0.045221,-0.104441,0.091928,7.780000,30.598491

-0.521369,1.237161,8.900552,14.285881,0.016710,-0.089252,0.075940,7.784000,30.598491

-0.746500,1.045560,9.228669,14.271175,0.035629,-0.039424,0.084734,7.780000,30.598491

-1.129703,0.243228,9.413086,14.259411,-0.052571,0.002411,0.137760,7.780000,30.598491

-1.079408,2.655013,8.785590,14.271175,-0.029921,0.066362,0.168669,7.780000,30.598491

-0.665070,1.079090,9.963940,14.277058,0.034563,-0.000520,0.161741,7.780000,30.598491

-0.471073,0.885094,11.221325,14.274117,0.010048,-0.045019,0.221163,7.780000,30.598491

-0.528554,3.117252,7.916198,14.274117,0.137417,-0.014909,0.178262,7.784000,30.598491

0.609081,1.086275,6.934240,14.247646,-0.119453,-0.069267,0.102853,7.784000,30.598491

0.573155,0.044442,9.408296,14.262352,0.017776,-0.066869,0.048228,7.784000,30.598491

0.800682,0.382139,10.864468,14.274117,-0.024059,-0.136682,0.050893,7.784000,30.598491

0.582735,2.334080,9.010722,14.274117,0.047086,-0.069267,0.070611,7.784000,30.598491

-0.368087,1.076695,8.383227,14.277058,-0.037382,-0.072465,0.035438,7.784000,30.598491

-0.607589,-0.242961,8.593988,14.285881,-0.113058,-0.087920,0.057288,7.784000,30.851252

0.084571,0.899464,9.695698,14.279999,-0.082681,-0.010113,0.109781,7.788000,30.851252

-0.305817,1.881422,9.245434,14.282940,0.026835,0.039982,0.109781,7.784000,30.851252

-0.626749,1.239557,8.730505,14.288822,-0.024592,0.001612,0.131365,7.788000,30.851252

-0.586034,0.889884,10.186677,14.285881,0.027102,0.004809,0.171601,7.788000,30.851252

-0.380062,1.895792,10.478869,14.268234,0.111837,0.072757,0.135095,7.788000,30.851252

-1.259035,2.132899,8.280241,14.279999,0.107040,0.093808,0.115377,7.788000,30.851252

-0.863856,0.121082,8.536509,14.279999,-0.048307,0.039183,0.106051,7.788000,30.851252

0.120497,1.680240,9.532837,14.285881,-0.086411,-0.020505,0.113778,7.788000,30.851252

-0.133375,0.825218,9.820239,14.288822,0.079328,0.022129,0.081803,7.792000,30.851252

-0.348927,1.404813,9.822634,14.279999,-0.005140,0.056503,0.072210,7.792000,30.851252

-0.796796,1.522169,8.737690,14.268234,0.105708,0.044778,0.078339,7.792000,30.851252

0.439034,0.013306,8.783195,14.274117,-0.106662,-0.005849,-0.001600,7.792000,30.851252

-1.599127,0.212093,9.487331,14.277058,-0.021128,0.089811,-0.058090,7.792000,30.851252

-0.130980,0.830008,9.525652,14.274117,0.005252,-0.043954,-0.084736,7.792000,30.851252

0.503700,1.009634,8.862231,14.271175,-0.012601,-0.052214,-0.017055,7.792000,30.851252

0.204322,0.604876,9.175979,14.274117,0.016976,0.001345,-0.028513,7.792000,30.851252

0.134867,1.783226,9.039463,14.303528,0.018841,0.021330,0.069545,7.796000,31.036399

0.836608,0.724627,8.831096,14.282940,0.036694,0.033854,0.112712,7.792000,31.036399

-0.231571,1.186866,9.355605,14.265293,0.010581,0.084215,0.119907,7.792000,31.036399

-0.423173,2.216724,9.425060,14.274117,0.043089,0.111661,0.150816,7.792000,31.036399

-1.244664,1.639525,8.962822,14.288822,0.049485,0.091676,0.096458,7.796000,31.036399

-0.257916,0.106712,8.584409,14.288822,-0.058166,0.040782,0.071411,7.796000,31.036399

0.470170,0.427645,9.966335,14.279999,0.051083,0.047177,0.006394,7.796000,31.036399

-0.205226,1.605994,8.898156,14.265293,0.148342,0.113259,-0.030112,7.800000,31.036399

-1.529672,2.290970,7.020461,14.291763,-0.101866,0.112460,-0.072479,7.796000,31.036399

-0.739315,0.578531,9.221484,14.274117,-0.071489,0.049042,-0.082338,7.792000,31.036399

0.348024,0.192933,12.136223,14.268234,-0.089076,0.013069,-0.056758,7.796000,31.036399

1.095270,2.338870,10.071716,14.262352,0.138217,0.087679,-0.119643,7.796000,31.036399

0.278568,1.675450,9.135263,14.262352,-0.089076,0.105532,-0.108185,7.792000,31.036399

0.240248,2.690938,10.708791,14.279999,-0.035783,0.074356,-0.164942,7.792000,31.036399

0.968334,1.788016,10.438154,14.271175,0.028701,0.045844,-0.177199,7.796000,31.036399

0.166002,1.668265,10.466894,14.259411,-0.062696,0.021063,-0.164942,7.792000,31.036399

-0.308212,2.310130,10.675261,14.282940,-0.098136,0.058635,-0.076210,7.796000,31.036399

-1.136889,0.037257,10.749507,14.268234,-0.082148,-0.017574,-0.027713,7.796000,31.134729

-1.266220,1.227581,9.360395,14.282940,0.013246,-0.033029,-0.006929,7.796000,31.134729

-1.728458,2.152059,8.330537,14.271175,0.037227,-0.063672,-0.023184,7.800000,31.134729

-1.690138,0.956944,9.096943,14.288822,-0.070424,-0.111369,-0.027447,7.800000,31.134729

-1.103358,-0.010644,10.505215,14.271175,-0.083747,-0.169990,0.067680,7.800000,31.134729

-0.480653,1.306617,10.670471,14.271175,-0.004074,-0.146009,0.086599,7.800000,31.134729

-1.649423,2.269415,10.742321,14.271175,0.033763,-0.053013,0.068213,7.796000,31.134729

-1.486561,1.249136,9.113708,14.274117,0.079595,-0.131886,0.138826,7.800000,31.134729

-1.397946,1.198841,9.959150,14.271175,-0.001143,-0.117231,0.181460,7.796000,31.134729

-1.182394,1.167706,10.093271,14.271175,0.074532,-0.105240,0.196382,7.796000,31.134729

0.321678,0.935389,10.569880,14.282940,0.055080,-0.108704,0.207839,7.800000,31.134729

-0.030389,2.322105,7.693461,14.253529,-0.050705,-0.108437,0.183058,7.796000,31.134729

1.152750,0.468360,8.591594,14.288822,-0.039514,-0.038624,0.142290,7.800000,31.134729

-0.346532,2.235884,10.301638,14.279999,-0.037116,0.002144,0.134562,7.800000,31.134729

-0.509393,1.543724,9.674143,14.279999,-0.051771,0.004010,0.165738,7.800000,31.134729

-0.061525,1.218001,9.801079,14.274117,-0.097336,0.026126,0.184124,7.800000,31.134729

0.118102,1.723350,9.221484,14.274117,-0.029388,0.002944,0.161475,7.804000,31.134729

0.137262,1.428763,9.135263,14.262352,-0.063495,-0.045019,0.190786,7.804000,31.267936

-0.334557,0.818033,9.319680,14.268234,-0.049639,-0.014909,0.186522,7.804000,31.267936

-1.203949,1.050350,9.928015,14.268234,0.018042,-0.013044,0.189187,7.804000,31.267936

-0.408803,2.073023,8.864626,14.259411,0.024970,-0.035160,0.201178,7.800000,31.267936

0.046251,1.069510,8.414362,14.241764,0.005785,-0.051947,0.199846,7.800000,31.267936

0.328863,0.844378,9.123288,14.259411,0.050284,-0.043954,0.187588,7.804000,31.267936

0.403109,0.621641,9.152028,14.265293,-0.069891,-0.050615,0.184924,7.800000,31.267936

-0.576454,1.967642,9.808264,14.268234,-0.129578,0.094607,0.229423,7.804000,31.267936

0.257013,2.367611,9.789104,14.282940,-0.009137,0.061033,0.218764,7.800000,31.267936

1.114430,1.704190,9.410690,14.282940,0.064673,0.047443,0.179328,7.804000,31.267936

0.771942,2.171219,7.774892,14.279999,-0.072822,0.003210,0.140957,7.804000,31.267936

1.614989,0.216883,8.510163,14.259411,-0.072555,0.034120,0.078605,7.808000,31.267936

-0.286657,1.826336,10.042975,14.262352,-0.044310,0.147633,0.124970,7.804000,31.267936

-1.417106,1.136571,9.489726,14.279999,-0.003009,-0.000520,0.072210,7.804000,31.267936

-0.538134,1.368887,8.239526,14.268234,0.070802,-0.005050,0.122838,7.804000,31.267936

-0.538134,0.952154,9.161609,14.277058,0.098514,0.039183,0.112446,7.804000,31.303532

-0.727340,0.224068,9.722043,14.253529,0.037494,0.031722,0.098323,7.804000,31.303532

-1.682953,1.040770,10.047766,14.285881,0.025237,0.080751,0.084467,7.808000,31.303532

-1.251849,2.017938,9.034673,14.279999,0.031365,0.062099,0.114311,7.808000,31.303532

-1.223109,1.325777,9.513677,14.256470,0.018308,0.027725,0.061285,7.808000,31.303532

-0.801586,0.662357,10.131592,14.279999,0.047086,0.024261,0.054357,7.808000,31.303532

-0.128585,0.600086,9.609477,14.274117,0.063341,0.108729,0.126835,7.816000,31.303532

0.110917,1.153336,8.373647,14.268234,-0.002742,0.097272,0.098590,7.812000,31.303532

-1.714088,1.143756,9.506492,14.271175,0.014578,0.114858,0.075141,7.812000,31.303532

0.058226,0.580926,10.246552,14.274117,0.011647,0.051174,0.043166,7.812000,31.303532

0.223483,2.734049,9.008327,14.268234,0.018575,0.193997,0.061285,7.816000,31.303532

0.431849,0.746182,10.510005,14.277058,-0.096004,0.033587,-0.028246,7.812000,31.303532

0.132472,2.120924,10.682446,14.268234,0.037760,0.062631,-0.124706,7.812000,31.303532

0.120497,1.328172,9.623847,14.265293,0.017243,0.017333,-0.135631,7.812000,31.303532

0.019906,1.823941,9.250224,14.259411,-0.063495,-0.008514,-0.107652,7.812000,31.303532

-0.001649,1.234766,10.354328,14.271175,-0.033918,0.033321,-0.067416,7.812000,31.303532

-0.377667,0.964129,9.056228,14.256470,-0.115722,0.061299,-0.064485,7.816000,31.894634

-0.827931,1.213211,9.307705,14.262352,-0.093606,0.091409,-0.011459,7.812000,31.894634

-1.129703,1.874237,9.676538,14.265293,0.009249,0.073823,-0.081272,7.812000,31.894634

-1.577572,1.129385,9.916039,14.265293,-0.044310,0.026393,-0.037839,7.816000,31.894634

-0.550109,1.289852,10.347143,14.279999,-0.024592,0.023728,-0.001867,7.816000,31.894634

1.116825,2.029913,9.451406,14.274117,0.094783,0.043180,0.019717,7.812000,31.894634

0.383949,0.365374,9.008327,14.277058,-0.008338,0.010138,-0.037040,7.816000,31.894634

-1.227899,1.584439,9.389135,14.282940,-0.069091,0.018932,-0.026381,7.816000,31.894634

-0.813561,1.136571,9.173584,14.277058,-0.015799,0.031988,-0.017321,7.812000,31.894634

-0.588429,1.165311,9.832214,14.277058,0.023904,0.025593,-0.049563,7.816000,31.894634

-0.818351,0.964129,10.141171,14.259411,0.015377,-0.023169,-0.060222,7.816000,31.894634

0.041461,2.005963,8.182045,14.277058,0.025769,0.005875,-0.044767,7.816000,31.894634

-1.951195,0.875513,10.414204,14.274117,0.112636,0.156426,-0.067416,7.820000,31.894634

-2.679281,0.650382,10.301638,14.277058,-0.060564,0.089811,-0.064485,7.816000,31.894634

-0.729735,1.510194,10.277688,14.265293,-0.023793,0.060766,0.015986,7.820000,31.894634

0.491725,2.710098,10.009445,14.253529,0.078263,-0.013044,-0.110317,7.820000,31.894634

-1.261430,2.049073,9.913645,14.271175,0.167261,-0.013310,-0.116445,7.816000,31.907681

0.412689,1.771251,9.501701,14.274117,0.011913,0.000546,-0.024249,7.820000,31.907681

0.338444,1.059930,8.467052,14.274117,0.043889,-0.072998,-0.032510,7.816000,31.907681

-0.803981,1.689820,8.843071,14.259411,-0.014733,-0.041289,0.004529,7.820000,31.907681

-0.820746,0.973709,9.324470,14.271175,-0.050705,-0.044220,0.091928,7.820000,31.907681

0.479750,1.110225,8.871811,14.274117,-0.061364,-0.118030,0.107916,7.820000,31.907681

-1.500932,0.166588,9.415481,14.271175,-0.054702,0.006674,0.132963,7.820000,31.907681

-0.947682,1.388048,9.769943,14.268234,-0.063495,0.027991,0.116976,7.820000,31.907681

-0.224386,2.068233,8.905341,14.259411,0.046287,-0.057010,0.138826,7.816000,31.907681

0.333654,1.570069,9.408296,14.268234,0.072933,-0.082058,0.098057,7.820000,31.907681

-0.032785,1.378468,10.129196,14.279999,0.040958,-0.075130,0.072476,7.824000,31.907681

0.316888,2.329290,7.731781,14.271175,0.093717,-0.059142,0.081536,7.820000,31.907681

1.009049,0.815638,8.045529,14.277058,0.099580,-0.085522,0.079138,7.820000,31.907681

0.623451,1.941297,9.223879,14.265293,-0.023793,-0.019705,0.106317,7.820000,31.907681

0.721647,1.670660,9.084968,14.274117,0.037760,-0.034894,0.084734,7.816000,31.907681

-0.413593,1.991592,9.240644,14.271175,0.103843,-0.006116,0.104985,7.824000,31.907681

-0.071105,2.159244,10.361513,14.259411,0.005785,0.005875,0.134829,7.820000,32.094040

0.968334,1.241951,9.825029,14.262352,-0.034718,-0.012244,0.112446,7.824000,32.094040

-0.107030,1.859866,9.880115,14.268234,-0.043244,-0.026900,0.113245,7.824000,32.094040

-0.468678,2.061048,9.171188,14.279999,-0.029122,-0.021571,0.148152,7.820000,32.094040

-0.856671,1.194051,9.913645,14.250587,-0.047774,0.012004,0.163340,7.824000,32.094040

-0.119005,1.388048,10.715977,14.268234,0.021772,0.008007,0.185457,7.824000,32.094040

-0.490233,2.370006,9.980705,14.268234,0.045221,0.053572,0.183858,7.828000,32.094040

-0.918942,1.543724,8.661049,14.265293,0.086789,-0.023436,0.133763,7.824000,32.094040

-1.510512,-0.101654,9.628637,14.238823,-0.061097,-0.034894,0.125502,7.828000,32.094040

0.585131,1.081485,9.072993,14.259411,0.021506,-0.030897,0.120706,7.828000,32.094040

0.506095,1.610784,10.840517,14.259411,0.030566,-0.069267,0.092195,7.832000,32.094040

-0.538134,2.451436,9.904064,14.271175,0.123295,0.009605,0.126035,7.828000,32.094040

-0.583639,1.376073,9.111313,14.268234,0.078795,0.005076,0.068213,7.824000,32.094040

-0.164511,1.879027,9.575947,14.265293,-0.028855,0.011204,0.054890,7.828000,32.094040

0.824632,1.632339,10.826147,14.279999,-0.030721,0.011471,0.063950,7.824000,32.094040

0.410294,1.843101,11.161449,14.259411,-0.048574,0.063431,0.075141,7.828000,32.094040

0.757572,2.772369,10.768666,14.250587,0.030832,0.035186,0.084201,7.824000,32.274338

0.769547,1.510194,9.008327,14.268234,-0.012601,-0.026633,0.078872,7.828000,32.274338

-0.669860,1.407208,9.513677,14.262352,-0.006739,-0.120961,0.015986,7.824000,32.274338

-1.256639,1.467083,9.456196,14.253529,0.024437,-0.086854,0.018651,7.824000,32.274338

-0.339347,0.971314,8.823911,14.262352,-0.011002,-0.055145,0.121772,7.828000,32.274338

0.417479,0.980894,8.632309,14.277058,0.000189,-0.030097,0.150816,7.828000,32.274338

-0.655490,1.112620,9.540022,14.256470,-0.018463,-0.038891,0.116176,7.832000,32.274338

-0.866251,1.450318,9.477751,14.271175,-0.010469,0.047177,0.189720,7.828000,32.274338

-1.644633,1.720955,10.287268,14.268234,-0.032852,-0.005050,0.195316,7.828000,32.274338

-1.438661,0.159403,10.510005,14.253529,-0.052304,0.003477,0.242480,7.828000,32.274338

-0.245941,1.871841,10.201047,14.268234,0.009782,-0.050615,0.240081,7.828000,32.274338

-0.768055,2.647828,9.554392,14.259411,0.088921,0.078886,0.242746,7.828000,32.274338

-0.322582,0.813243,9.508886,14.259411,0.042557,-0.022104,0.173732,7.832000,32.274338

-0.724945,1.385653,9.913645,14.259411,-0.010203,0.022929,0.154547,7.828000,32.274338

-0.186066,1.244346,10.598620,14.265293,-0.094405,0.095406,0.160409,7.832000,32.274338

-0.095055,2.259835,10.742321,14.268234,-0.030188,0.107930,0.222228,7.832000,32.274338

0.637821,2.068233,10.107641,14.265293,-0.042445,0.096739,0.227558,7.832000,32.435215

0.400714,1.376073,9.207114,14.268234,-0.020595,0.124451,0.187855,7.832000,32.435215

-0.562084,1.637130,9.243039,14.262352,0.053748,0.061299,0.151349,7.828000,32.435215

-1.932035,0.849168,9.180769,14.265293,-0.018996,0.107930,0.089797,7.832000,32.435215

-1.215924,-0.242961,9.506492,14.274117,-0.099734,0.041847,0.101254,7.828000,32.435215

1.028209,1.064720,10.004656,14.279999,-0.040846,-0.022370,0.099123,7.836000,32.435215

0.977914,2.633458,9.889694,14.250587,0.015910,0.001079,0.103120,7.836000,32.435215

0.728832,2.942415,9.331655,14.259411,0.155004,0.032788,0.070878,7.832000,32.435215

-0.811166,1.871841,9.647798,14.262352,0.012713,0.140971,0.115110,7.832000,32.435215

-0.902177,0.676727,10.359118,14.244705,-0.013401,0.115391,0.127368,7.836000,32.435215

-0.303422,1.768856,10.210628,14.277058,0.001521,0.096472,0.118042,7.832000,32.435215

0.762362,1.155731,9.187954,14.268234,0.093984,0.169749,0.099123,7.832000,32.435215

-0.744105,1.361702,9.566367,14.265293,0.012180,0.102867,0.049561,7.832000,32.435215

-0.578849,1.823941,9.168794,14.256470,0.024704,0.059700,0.023447,7.828000,32.435215

0.259408,1.613179,8.962822,14.253529,0.033497,-0.046885,-0.052228,7.832000,32.435215

0.915643,2.061048,9.722043,14.259411,0.092119,-0.092450,-0.031444,7.832000,32.435215

0.350419,1.428763,10.907578,14.250587,0.005518,0.014135,-0.033842,7.832000,32.435215

-0.332162,1.816756,10.076506,14.247646,-0.046175,0.035985,0.003729,7.832000,32.597705

-1.067433,0.693492,9.369975,14.253529,0.004719,0.009073,0.073276,7.832000,32.597705

-2.042206,1.067115,9.286150,14.274117,-0.028056,-0.010379,0.042100,7.832000,32.597705

-1.328490,0.300709,9.269384,14.244705,-0.052837,-0.021837,0.039169,7.836000,32.597705

-0.626749,0.808453,9.705278,14.230000,-0.007005,0.036252,0.115643,7.836000,32.597705

-0.653095,1.404813,9.336445,14.253529,-0.026191,0.040515,0.099123,7.836000,32.597705

-0.281867,2.164034,9.597502,14.247646,-0.007005,0.010671,0.112446,7.840000,32.597705

0.113312,0.729417,10.026211,14.247646,-0.060831,0.002677,0.162274,7.836000,32.597705

0.530045,2.247860,9.571157,14.268234,0.021772,0.051707,0.146819,7.836000,32.597705

0.063016,1.107830,8.622729,14.268234,0.044422,0.118056,0.137493,7.836000,32.597705

-0.801586,1.340147,7.865902,14.250587,-0.004341,0.101269,0.075940,7.832000,32.597705

-0.614774,1.074300,10.213022,14.244705,-0.017397,0.022396,0.031441,7.836000,32.597705

0.247433,1.457503,10.941108,14.250587,0.092652,-0.073797,-0.036507,7.836000,32.597705

-0.401617,2.853800,6.093588,14.244705,-0.056567,0.106331,0.044764,7.836000,32.597705

0.589921,0.149823,7.444379,14.244705,-0.226304,0.021596,0.003729,7.836000,32.597705

0.240248,0.128267,10.799802,14.238823,-0.024326,-0.030897,0.017319,7.836000,32.597705

0.357604,0.592901,10.912368,14.247646,0.023371,-0.020238,0.058087,7.836000,32.597705

-1.117728,1.316197,9.178373,14.253529,-0.036050,0.065563,0.077273,7.836000,32.597705

-1.625473,1.859866,8.541298,14.244705,-0.063495,0.045578,0.074875,7.840000,32.597705

-0.497418,0.880304,9.022697,14.250587,-0.014999,-0.012777,0.057288,7.840000,32.597705

-0.245941,0.480335,9.798684,14.238823,-0.031254,-0.056477,0.000265,7.836000,32.597705

0.637821,1.895792,10.138777,14.247646,-0.084280,-0.014643,0.020516,7.836000,32.597705

0.982704,0.760553,9.104128,14.256470,0.048952,-0.007448,0.023181,7.840000,32.597705

-0.466283,0.746182,10.246552,14.241764,0.153139,0.087945,0.031441,7.840000,32.597705

-0.032785,3.929163,9.346025,14.256470,0.092918,0.049841,0.049561,7.844000,32.597705

0.709672,2.283785,8.960427,14.265293,0.065472,0.124984,0.055423,7.844000,32.597705

-0.133375,1.567674,8.740085,14.259411,0.046554,0.076488,-0.007729,7.844000,32.597705

-0.887806,0.822823,11.575788,14.244705,0.030832,0.098604,-0.055692,7.840000,32.597705

-1.611102,0.961734,10.131592,14.265293,0.012180,0.091143,-0.068482,7.840000,32.597705

-0.899782,1.766461,10.057346,14.235882,0.047353,0.083416,-0.019187,7.844000,32.597705

-0.633934,1.409603,10.682446,14.235882,-0.024059,0.058901,-0.072746,7.844000,32.597705

-0.353717,0.604876,9.810658,14.250587,-0.072022,0.070092,-0.145223,7.836000,32.597705

-0.427963,1.742511,9.573552,14.256470,-0.066160,0.026659,-0.095395,7.840000,32.597705

-0.459098,2.262230,9.257409,14.244705,-0.007538,0.048775,-0.123640,7.840000,32.597705

-0.825536,0.166588,8.421547,14.247646,-0.035517,0.026393,-0.125505,7.840000,32.597705

-1.182394,0.540211,8.974797,14.244705,-0.071489,-0.021571,-0.079674,7.844000,32.597705

-1.493746,0.554581,9.281360,14.247646,-0.109061,0.031988,-0.030378,7.840000,32.597705

-0.226781,2.238280,9.597502,14.244705,-0.027257,0.041314,-0.010926,7.844000,32.597705

-0.380062,1.838311,8.488607,14.244705,0.019108,0.005342,-0.020785,7.844000,32.597705

-0.933312,2.255045,10.167517,14.250587,-0.026191,-0.046352,-0.061554,7.844000,32.597705

-1.007557,1.182076,9.580737,14.253529,0.060676,-0.006915,-0.008262,7.844000,32.597705

0.261803,0.315079,10.007051,14.253529,-0.014466,-0.083923,0.011723,7.844000,32.597705

-0.722550,2.446646,8.035949,14.256470,0.035895,-0.022104,0.007993,7.844000,32.597705

-0.332162,0.183353,9.492122,14.253529,-0.014999,-0.033029,0.010657,7.840000,32.597705

-1.587152,0.834798,10.421389,14.259411,-0.042711,0.045045,-0.002133,7.844000,32.597705

0.407899,2.815479,10.059741,14.235882,0.164063,-0.012511,-0.014923,7.844000,32.597705

0.496515,2.472991,8.917316,14.250587,0.061742,-0.085788,-0.018920,7.844000,32.597705

-1.069828,1.452713,9.211904,14.262352,0.030832,0.026393,0.076740,7.844000,10.912217

-0.997977,0.348609,10.035790,14.250587,0.021240,0.022662,0.138826,7.844000,10.912217

-1.297355,1.512589,9.664562,14.262352,-0.065094,-0.040490,0.126302,7.848000,10.912217

-0.710575,2.597533,9.535232,14.256470,0.015910,-0.125491,0.142290,7.848000,10.912217

-1.115333,0.458780,8.924501,14.250587,-0.042445,-0.052214,0.182792,7.848000,10.912217

-1.211134,0.367769,10.519585,14.268234,-0.003009,-0.065803,0.177463,7.848000,10.912217

-0.739315,1.093460,9.566367,14.277058,-0.056567,-0.095914,0.194516,7.844000,10.912217

-0.969237,1.371283,9.748388,14.265293,-0.009137,-0.066070,0.205175,7.848000,10.912217

-0.993187,0.655172,10.605805,14.256470,0.045221,-0.035160,0.188654,7.848000,10.912217

0.472565,0.420460,9.633428,14.262352,-0.075220,-0.057543,0.147352,7.848000,10.912217

0.012721,1.929322,7.923383,14.274117,0.077996,-0.021837,0.112179,7.844000,10.912217

0.055831,0.576136,8.867022,14.268234,-0.087477,-0.071666,0.098323,7.844000,10.912217

0.462985,1.802386,9.178373,14.262352,0.024437,-0.054346,0.036238,7.848000,10.912217

1.603014,2.178404,9.616662,14.262352,0.116367,-0.119895,0.074342,7.848000,10.912217

1.935922,2.456226,9.650192,14.262352,0.029766,-0.015176,0.088198,7.852000,10.912217

1.459313,2.209539,9.391530,14.265293,0.032697,0.040249,0.057821,7.852000,33.162510

-0.116610,1.241951,9.017907,14.268234,-0.043777,0.040515,0.042899,7.856000,33.162510

-1.429081,1.586834,9.848979,14.238823,-0.081881,-0.036759,0.024247,7.852000,33.162510

-0.483048,1.246742,9.698093,14.247646,-0.043777,-0.015442,0.078072,7.848000,33.162510

-1.235084,0.204908,9.700488,14.253529,-0.038981,0.011737,0.038103,7.848000,33.162510

-2.178722,1.237161,10.031001,14.244705,-0.090408,0.047443,0.135895,7.848000,33.162510

-0.188461,2.123319,10.313613,14.259411,0.037227,-0.017840,0.152149,7.848000,33.162510

-0.056735,1.536539,9.365185,14.253529,0.004719,-0.004784,0.144421,7.852000,33.162510

-1.663793,1.268297,9.760364,14.259411,0.018575,-0.052747,0.146819,7.848000,33.162510

-0.257916,1.256322,9.698093,14.230000,0.108373,-0.018373,0.193184,7.852000,33.162510

0.920433,0.731812,9.623847,14.247646,-0.009404,-0.020238,0.170268,7.856000,33.162510

-0.753685,2.705308,9.082573,14.244705,0.192042,0.121253,0.149484,7.856000,33.162510

0.870138,1.091065,8.191626,14.256470,-0.007005,-0.102042,0.095659,7.852000,33.162510

0.233063,2.056258,9.916039,14.238823,0.080661,-0.034894,0.043432,7.852000,33.162510

1.200651,1.895792,10.301638,14.241764,0.116367,-0.001852,0.050094,7.856000,33.162510

0.898878,2.034703,10.742321,14.256470,0.024437,0.038650,0.085000,7.856000,33.162510

1.282081,2.135294,9.654983,14.250587,0.047619,0.084748,0.106584,7.856000,33.526181

0.374369,1.467083,8.797565,14.247646,0.003387,0.043979,0.080470,7.856000,33.526181

-0.935707,1.335357,8.998747,14.259411,-0.066427,0.021863,0.089797,7.856000,33.526181

-0.873436,0.327054,9.844189,14.253529,0.022039,0.041048,0.116709,7.860000,33.526181

-0.794401,1.294642,8.519743,14.250587,0.097181,0.123385,0.163607,7.856000,33.526181

-1.067433,0.425250,8.780800,14.250587,-0.014466,0.078619,0.146020,7.856000,33.526181

-1.144074,1.546119,9.820239,14.247646,-0.078950,0.087679,0.148951,7.856000,33.526181

-0.847091,1.950877,9.197534,14.262352,0.014578,0.090876,0.136161,7.852000,33.526181

-1.160839,1.349727,9.726833,14.244705,-0.041912,0.112193,0.131098,7.852000,33.526181

-1.280590,1.126991,10.828542,14.250587,-0.029388,0.106331,0.116443,7.860000,33.526181

-0.875831,0.475545,12.900234,14.230000,-0.062963,0.092475,0.117775,7.860000,33.526181

-0.542924,3.318433,9.283754,14.241764,0.047619,0.110595,0.096725,7.856000,33.526181

-0.226781,1.335357,8.481422,14.238823,-0.009670,0.154561,0.044764,7.856000,33.526181

-1.103358,0.367769,10.423784,14.215292,-0.009137,0.040515,0.002130,7.856000,33.526181

0.096547,0.597691,10.459709,14.215292,0.027368,0.056769,-0.015456,7.856000,33.526181

-1.144074,2.128109,9.815449,14.256470,0.001521,0.127915,-0.029845,7.860000,33.931791

-1.654213,2.101763,8.694579,14.256470,0.004719,0.100203,-0.030378,7.856000,33.931791

-1.359625,1.150941,9.609477,14.238823,-0.045643,0.053305,0.016519,7.860000,33.931791

-0.415988,0.803663,11.194981,14.241764,-0.067226,0.011737,0.006127,7.864000,33.931791

-1.544042,2.444251,11.008168,14.250587,0.032964,0.047177,0.007726,7.860000,33.931791

-1.426686,0.865933,8.948452,14.235882,0.088122,-0.019972,0.033573,7.864000,33.931791

-2.063761,0.863538,8.079060,14.232941,-0.047508,0.029857,0.036770,7.860000,33.931791

-1.663793,1.117410,9.633428,14.232941,-0.013933,0.023195,0.024780,7.864000,33.931791

0.350419,1.656290,10.730347,14.250587,-0.036316,-0.002652,0.013588,7.856000,33.931791

-0.059130,0.288734,11.697934,14.232941,-0.066160,-0.020771,0.026911,7.860000,33.931791

-2.099686,3.519615,8.962822,14.227058,0.002854,0.090077,0.075674,7.860000,33.931791

-0.708180,0.391720,9.760364,14.238823,-0.036583,0.048509,0.045564,7.864000,33.931791

-1.730853,0.458780,8.845466,14.244705,-0.066693,-0.001320,0.024247,7.860000,33.931791

-0.806376,0.897069,8.265871,14.244705,-0.037382,0.024261,0.046363,7.860000,33.931791

-1.122518,0.346214,10.174702,14.230000,-0.025125,-0.005583,0.073276,7.864000,33.931791

-1.498536,2.132899,10.071716,14.235882,0.023904,0.045311,0.074608,7.864000,34.196437

-1.615892,1.675450,9.822634,14.238823,0.031632,0.017599,0.154547,7.864000,34.196437

-0.746500,1.435948,9.987890,14.253529,0.020174,-0.056744,0.151616,7.864000,34.196437

0.065411,1.299432,8.749665,14.247646,-0.025391,-0.058609,0.179328,7.868000,34.196437

-0.672255,1.538934,9.111313,14.247646,-0.051238,-0.060474,0.191052,7.864000,34.196437

-0.447123,1.464688,9.633428,14.241764,0.009249,-0.107638,0.168936,7.868000,34.196437

1.191071,0.147428,9.223879,14.241764,-0.002476,-0.068468,0.292574,7.864000,34.196437

0.994679,2.358031,9.027488,14.244705,-0.013401,-0.008780,0.185457,7.868000,34.196437

0.522860,1.265902,9.767549,14.218235,0.036161,-0.026101,0.203043,7.868000,34.196437

1.054554,1.227581,9.209509,14.259411,0.003920,0.005342,0.202244,7.864000,34.196437

0.213903,2.049073,8.833491,14.253529,0.168327,0.092742,0.195316,7.872000,34.196437

0.568365,1.172496,8.965217,14.230000,-0.103998,-0.039157,0.121239,7.864000,34.196437

-0.092660,2.214329,10.050160,14.235882,0.030832,0.032788,0.095925,7.868000,34.196437

-1.002767,0.659962,9.951965,14.247646,-0.019529,0.149498,0.087398,7.868000,34.196437

0.357604,1.550909,9.106524,14.241764,-0.022993,0.197994,0.071411,7.868000,34.196437

-0.042365,2.288575,9.171188,14.244705,-0.046442,0.310974,0.010924,7.868000,34.561147

0.106127,2.204749,9.173584,14.241764,0.035362,0.091409,-0.038905,7.872000,34.561147

0.549205,1.189261,9.374765,14.253529,-0.029388,0.048775,-0.023450,7.868000,34.561147

-0.016019,1.119806,9.947175,14.253529,0.002587,0.069559,-0.029046,7.864000,34.561147

-0.535739,1.879027,9.877720,14.224117,0.062541,0.067161,-0.056225,7.868000,34.561147

-2.327213,0.281549,9.837004,14.235882,0.004985,0.073823,-0.023716,7.868000,34.561147

-1.124913,2.731653,10.047766,14.247646,0.019641,0.120987,0.016786,7.872000,34.561147

-0.437543,0.988079,9.171188,14.247646,-0.019796,0.045578,-0.002399,7.872000,34.561147

0.958754,1.816756,9.449011,14.250587,0.014844,0.039716,0.000798,7.868000,34.561147

0.702486,1.917347,9.377160,14.244705,0.108373,0.112193,-0.019720,7.872000,34.561147

-0.607589,2.056258,8.713739,14.268234,-0.072022,0.010138,-0.027713,7.868000,34.561147

-0.899782,1.043165,11.326706,14.247646,-0.015799,-0.021571,-0.049297,7.872000,34.561147

-0.643515,1.162916,11.429692,14.253529,-0.014466,-0.074064,-0.056491,7.868000,34.561147

0.240248,1.603599,9.911250,14.244705,-0.048574,-0.110036,-0.010926,7.872000,34.561147

0.307308,1.364097,9.506492,14.253529,0.000988,-0.030097,-0.014657,7.872000,34.561147

-0.902177,1.349727,9.025092,14.244705,0.015377,-0.041555,0.049294,7.872000,34.773104

-0.542924,1.342542,8.582014,14.224117,-0.033385,-0.091917,0.023181,7.872000,34.773104

-0.449518,0.839588,9.468171,14.218235,-0.009137,-0.141479,0.064749,7.872000,34.773104

-0.576454,1.984407,10.050160,14.235882,0.036961,0.005342,0.122038,7.872000,34.773104

-1.659003,1.227581,10.239367,14.221176,0.061742,0.033854,0.131631,7.872000,34.773104

-1.182394,0.662357,8.627519,14.232941,-0.040846,0.008273,0.148951,7.872000,34.773104

-0.873436,1.366493,10.383068,14.224117,-0.062163,-0.020771,0.209172,7.872000,34.773104

-0.224386,2.106554,10.311218,14.215292,0.029766,-0.023436,0.161741,7.876000,34.773104

-0.313002,0.640802,9.075388,14.238823,0.068670,-0.095647,0.188921,7.872000,34.773104

-0.176486,-0.113630,10.057346,14.215292,0.050817,-0.050349,0.176397,7.872000,34.773104

2.503541,1.941297,9.101733,14.212351,0.044155,-0.126823,0.120440,7.872000,34.773104

-0.253126,2.480176,10.145962,14.227058,0.024704,-0.017840,0.055423,7.876000,34.773104

-0.004044,1.629945,9.916039,14.218235,0.018841,-0.094048,0.108715,7.872000,34.773104

0.359999,1.263507,9.367580,14.235882,0.027635,0.006674,0.118308,7.876000,34.773104

-1.714088,1.225186,9.537626,14.227058,0.028967,-0.008514,0.148418,7.872000,35.064987

-1.498536,1.464688,9.585527,14.238823,-0.006206,-0.023969,0.135628,7.876000,35.064987

-1.697323,1.055140,9.346025,14.244705,0.061742,-0.045552,0.159077,7.876000,35.064987

0.331258,2.161639,8.900552,14.221176,0.038293,-0.007981,0.224893,7.876000,35.064987

-0.236361,1.103040,9.549602,14.230000,0.052949,0.060233,0.152149,7.876000,35.064987

-0.883016,1.407208,9.920830,14.230000,-0.021661,-0.046085,0.186789,7.876000,35.064987

-0.456703,2.793924,9.523256,14.221176,0.107573,-0.128689,0.176663,7.876000,35.064987

-0.075895,0.853958,8.392807,14.215292,0.077996,-0.180116,0.200112,7.876000,35.064987

0.628241,0.109107,9.487331,14.238823,-0.066960,-0.190774,0.236351,7.872000,35.064987

-1.189579,0.868328,12.045212,14.224117,0.100645,0.132445,0.252872,7.876000,35.064987

-2.121242,2.355635,9.396320,14.209410,-0.051238,0.101535,0.205441,7.876000,35.064987

-0.581244,1.347332,9.796288,14.212351,-0.006473,0.103667,0.185457,7.876000,35.064987

0.367184,0.894674,9.647798,14.221176,-0.060031,-0.029298,0.117242,7.880000,35.064987

1.737135,1.682635,8.764035,14.238823,-0.010203,-0.016774,0.153215,7.876000,35.064987

0.886903,1.661080,9.765154,14.224117,0.099313,0.038117,0.131098,7.880000,35.064987

0.300123,2.101763,9.542417,14.215292,-0.014466,0.079952,0.132963,7.880000,35.339489

-1.014742,0.973709,9.441826,14.238823,-0.032586,-0.025301,0.084201,7.876000,35.339489

-0.298632,0.556976,9.310100,14.218235,-0.050972,0.003210,0.123904,7.880000,35.339489

-1.407526,1.112620,10.857283,14.215292,-0.107995,0.042114,0.083934,7.880000,35.339489

-0.214806,1.335357,10.629756,14.230000,-0.065094,0.051973,0.150284,7.880000,35.339489

-0.574059,2.317315,9.664562,14.230000,0.068936,0.066628,0.131365,7.880000,35.339489

-1.350045,0.535421,8.517348,14.230000,0.000189,0.051174,0.123637,7.880000,35.339489

-0.384852,0.276759,10.021420,14.224117,-0.145033,0.065829,0.175597,7.880000,35.339489

0.724042,1.160521,9.604687,14.212351,-0.037915,0.097805,0.166538,7.880000,35.339489

-0.346532,2.259835,8.744875,14.235882,0.075864,0.116990,0.173732,7.876000,35.339489

-0.621959,0.362979,9.367580,14.227058,-0.059765,0.086080,0.078072,7.880000,35.339489

0.642611,2.717283,10.270503,14.209410,0.043356,0.070625,0.080470,7.880000,35.339489

1.794616,1.840706,9.738809,14.209410,0.002054,0.096472,0.094593,7.880000,35.339489

2.460431,2.027518,8.919712,14.227058,-0.041113,0.043979,0.037037,7.880000,35.339489

-1.120123,1.857471,9.848979,14.227058,0.049751,0.215048,0.073009,7.880000,35.559220

-1.393156,1.229976,9.745994,14.221176,0.000988,0.178010,0.042633,7.880000,35.559220

-1.366810,0.494705,9.882509,14.238823,0.020174,0.143636,0.028510,7.880000,35.559220

0.127682,1.617970,9.295730,14.238823,0.042024,0.172414,0.027977,7.880000,35.559220

-0.653095,1.220396,8.656260,14.215292,-0.016332,0.179076,0.042366,7.880000,35.559220

-1.359625,1.016820,9.480146,14.224117,-0.064828,0.118322,0.070078,7.880000,35.559220

-0.981212,1.744905,9.652588,14.232941,0.005252,0.128181,0.097524,7.884000,35.559220

-0.981212,1.110225,8.816726,14.227058,-0.044044,0.152696,0.087398,7.884000,35.559220

0.125287,0.679122,10.227392,14.227058,-0.100267,0.094873,0.116443,7.884000,35.559220

0.235458,0.274364,10.143566,14.221176,0.031632,0.135109,0.086599,7.884000,35.559220

-1.055458,3.131622,8.081454,14.203527,0.017776,0.179076,0.045297,7.884000,35.559220

-0.545319,0.475545,9.065807,14.227058,-0.102133,0.213449,0.037570,7.884000,35.559220

-0.590824,1.241951,9.334050,14.203527,-0.123450,0.186004,-0.035174,7.884000,35.559220

0.645006,1.150941,9.149633,14.218235,0.015377,0.148166,-0.011726,7.884000,35.559220

-1.809889,2.223909,9.496911,14.212351,-0.036583,0.128448,-0.107652,7.884000,35.936438

-0.971632,1.503009,9.796288,14.218235,-0.044310,0.073024,-0.143891,7.888000,35.936438

0.154027,1.194051,9.305309,14.227058,-0.026457,0.046910,-0.156948,7.884000,35.936438

-0.454308,1.730535,9.360395,14.235882,-0.069624,0.038916,-0.122574,7.888000,35.936438

-0.495023,1.498219,9.008327,14.218235,-0.038981,0.042380,-0.108984,7.884000,35.936438

-0.066315,0.753367,9.401111,14.221176,-0.040846,0.045844,-0.118844,7.888000,35.936438

-0.938102,0.715047,8.208390,14.232941,-0.062430,-0.039690,-0.138828,7.888000,35.936438

0.750387,1.189261,9.798684,14.209410,-0.148497,-0.034627,-0.135098,7.884000,35.936438

1.437757,1.529354,9.439431,14.221176,-0.008604,-0.016241,-0.112715,7.880000,35.936438

0.951569,2.389166,9.300520,14.224117,0.057478,-0.039424,-0.122574,7.888000,35.936438

-0.473468,1.859866,7.918593,14.215292,-0.016598,-0.117231,-0.095395,7.884000,35.936438

0.678536,2.171219,10.153147,14.230000,-0.021128,0.078353,-0.085536,7.888000,35.936438

-0.011229,0.988079,9.930409,14.215292,0.036428,-0.001852,-0.100458,7.888000,35.936438

-0.514183,1.411998,9.468171,14.218235,0.011647,0.027458,-0.053027,7.888000,35.936438

-1.362020,1.749696,9.005932,14.197645,0.076397,0.063431,-0.029845,7.888000,36.062431

-1.481771,0.695887,9.939990,14.212351,-0.022993,-0.032762,-0.025315,7.892000,36.062431

-0.092660,0.722232,8.167675,14.218235,0.104909,-0.110836,-0.030645,7.892000,36.062431

0.371974,0.834798,9.501701,14.230000,-0.058699,-0.232609,-0.005064,7.892000,36.062431

-1.122518,2.995106,9.928015,14.212351,0.072400,-0.078061,0.042899,7.892000,36.062431

-0.231571,1.799991,8.342512,14.218235,0.087056,-0.062872,0.116709,7.888000,36.062431

-0.104635,1.007240,9.369975,14.218235,-0.054436,-0.046618,0.094859,7.888000,36.062431

-0.051945,2.108948,9.710068,14.206469,-0.074687,-0.118829,0.127368,7.888000,36.062431

0.762362,0.947364,8.682605,14.221176,-0.023260,-0.120162,0.158011,7.888000,36.062431

-0.667465,1.119806,10.802197,14.197645,-0.121584,-0.058076,0.190519,7.888000,36.062431

-1.606312,1.917347,8.960427,14.203527,-0.054436,0.016533,0.190519,7.888000,36.062431

-0.775241,0.944969,9.451406,14.200586,0.008716,0.013069,0.171334,7.888000,36.062431

-1.285380,0.430040,9.449011,14.212351,-0.144234,-0.057010,0.048228,7.888000,36.062431

1.056949,0.264784,9.731624,14.200586,-0.204454,-0.065271,0.081803,7.888000,36.062431

-0.308212,2.295760,9.252620,14.191763,0.054547,0.029590,0.029043,7.892000,36.062431

-0.509393,0.746182,8.649075,14.197645,-0.094139,0.002411,0.012522,7.892000,36.246843

-0.152535,0.513866,9.132869,14.209410,-0.009137,-0.059675,0.031974,7.892000,36.246843

-1.469796,1.507799,9.317285,14.212351,0.077996,-0.007182,0.040501,7.892000,36.246843

-1.146469,1.601204,8.546088,14.206469,-0.064295,0.039716,0.053558,7.896000,36.246843

-0.689020,0.659962,10.842913,14.209410,-0.113324,-0.007981,0.085533,7.892000,36.246843

-0.406408,2.329290,10.720766,14.212351,0.059610,0.066895,0.111646,7.896000,36.246843

0.041461,1.062325,9.022697,14.209410,0.012713,0.061832,0.071144,7.896000,36.246843

-0.921337,-1.153068,9.693303,14.200586,-0.009404,0.080751,0.078339,7.892000,36.246843

-1.462611,0.446805,9.923224,14.209410,0.082792,0.125250,0.043965,7.896000,36.246843

-0.899782,1.828731,8.155700,14.209410,0.016976,0.201192,0.007193,7.896000,36.246843

0.034276,0.710257,7.343788,14.197645,-0.168215,0.069293,-0.010393,7.896000,36.246843

-0.145350,1.510194,9.916039,14.188822,-0.007805,0.213716,-0.078341,7.896000,36.246843

0.465380,1.371283,11.638059,14.218235,-0.033385,0.079952,-0.089533,7.892000,36.246843

0.122892,1.225186,10.488449,14.203527,-0.066693,0.108996,-0.113248,7.896000,36.246843

-0.401617,2.690938,10.701606,14.191763,0.014045,0.117523,-0.143891,7.900000,36.246843

-0.308212,0.650382,10.615385,14.197645,-0.032319,0.087679,-0.147355,7.896000,36.246843

0.283358,0.465965,9.580737,14.215292,0.068137,0.081017,-0.135098,7.900000,36.246843

-0.004044,0.810848,5.945097,14.200586,-0.145299,-0.042621,-0.147355,7.896000,36.246843

-0.540529,1.129385,9.731624,14.221176,-0.058433,-0.001852,-0.090066,7.900000,36.246843

-0.406408,0.858748,10.361513,14.212351,-0.008338,-0.000254,-0.035174,7.896000,36.246843

0.240248,1.943692,10.081296,14.206469,-0.007538,-0.004251,0.001331,7.896000,36.246843

-0.063920,2.633458,10.989009,14.206469,0.098514,0.055437,0.016786,7.896000,36.246843

0.688116,2.456226,9.381950,14.197645,0.089454,-0.008514,0.002663,7.900000,36.246843

-0.334557,-0.190270,9.183164,14.206469,-0.215379,-0.183580,-0.038105,7.900000,36.246843

-0.336952,1.239557,9.599897,14.209410,-0.006473,-0.050349,-0.050629,7.900000,36.246843

0.551600,0.058812,9.978311,14.215292,0.038560,-0.091117,-0.001600,7.900000,36.246843

0.599501,2.398746,9.961545,14.206469,0.054281,-0.022637,0.023980,7.900000,36.246843

-1.548832,3.550750,9.853769,14.191763,0.074799,0.016001,0.041567,7.900000,18.572971

-1.060248,0.762947,8.893367,14.200586,0.110771,-0.092450,0.081270,7.900000,18.572971

0.022301,0.782108,9.492122,14.212351,0.041224,-0.152137,0.143089,7.900000,18.572971

0.058226,1.634735,9.688513,14.218235,-0.020595,-0.098845,0.164406,7.904000,18.572971

0.271383,1.639525,10.265713,14.212351,0.012180,-0.023702,0.217166,7.900000,18.572971

-0.063920,1.833521,10.378279,14.197645,0.148342,-0.079393,0.215833,7.904000,18.572971

-0.198041,0.542606,9.362790,14.215292,0.074266,-0.135084,0.174265,7.904000,18.572971

0.156422,1.543724,8.663445,14.209410,-0.040846,-0.131886,0.142556,7.904000,18.572971

-0.293842,-0.113630,8.105405,14.194704,0.010048,-0.019173,0.150816,7.900000,18.572971

-0.387247,0.786898,10.883628,14.206469,-0.099468,-0.059408,0.187855,7.904000,18.572971

0.108522,1.033585,8.318562,14.221176,-0.025924,-0.021571,0.097257,7.904000,18.572971

-1.347650,1.788016,10.169911,14.200586,-0.022993,0.061299,0.077006,7.904000,18.572971

0.726437,1.031190,9.599897,14.197645,0.015111,0.015201,0.082069,7.904000,18.572971

-0.317792,1.560489,10.936318,14.206469,0.083858,0.114858,0.059153,7.900000,18.572971

-1.977540,2.935230,6.503137,14.188822,-0.065894,0.089811,0.015187,7.904000,38.103839

-0.471073,-2.259567,10.081296,14.197645,-0.052038,-0.002385,-0.009061,7.904000,38.103839

-0.653095,1.608389,11.657219,14.194704,-0.053370,0.063697,-0.025315,7.904000,38.103839

-0.344137,1.299432,10.488449,14.197645,0.082792,0.120187,-0.033576,7.904000,38.103839

-0.681835,1.340147,8.289822,14.194704,-0.106129,0.090876,-0.016522,7.904000,38.103839

0.285753,2.983131,9.178373,14.185881,0.032431,0.046111,-0.035441,7.904000,38.103839

-1.100963,2.638248,9.132869,14.209410,-0.088809,0.069826,0.022382,7.904000,38.103839

0.115707,-0.839321,7.470724,14.194704,-0.158623,0.057835,0.030375,7.904000,38.103839

-0.059130,1.847891,9.068203,14.185881,0.009515,0.066362,-0.009860,7.900000,38.103839

-1.127308,2.556817,8.632309,14.203527,0.054014,0.040782,0.015453,7.904000,38.103839

0.975519,1.682635,7.501860,14.185881,-0.117854,-0.129222,-0.040504,7.904000,38.103839

0.367184,0.873118,13.103810,14.197645,-0.142635,0.049308,-0.039171,7.908000,38.103839

1.179096,2.046678,11.920671,14.188822,0.023904,0.101535,-0.009328,7.908000,38.103839

0.611476,1.203631,9.484936,14.194704,0.044155,0.071158,-0.011459,7.908000,38.103839

-2.217042,0.322264,7.772497,14.188822,-0.170613,0.032521,-0.034908,7.908000,37.811450

-1.299750,-1.270424,8.835886,14.209410,-0.053636,0.046644,-0.083404,7.904000,37.811450

-0.027994,-0.513598,8.701765,14.182940,0.086789,-0.020505,-0.104455,7.908000,37.811450

-0.602799,2.844219,8.658654,14.188822,-0.044843,0.027458,-0.075144,7.904000,37.811450

0.084571,3.653736,9.690907,14.203527,0.133154,0.069027,-0.055958,7.904000,37.811450

-1.453031,2.611902,9.834609,14.194704,0.028967,-0.021837,-0.001067,7.908000,37.811450

0.010326,0.506680,7.650351,14.203527,-0.047241,-0.067669,0.022914,7.904000,37.811450

-0.114215,-1.303954,8.986773,14.194704,-0.060298,-0.018640,0.073542,7.912000,37.811450

-0.904572,1.285062,10.553115,14.209410,-0.093339,0.075422,0.100721,7.904000,37.811450

-0.552504,1.965247,8.977192,14.191763,0.099313,0.114059,0.107383,7.908000,37.811450

-2.049391,-0.317206,9.963940,14.215292,0.022305,-0.009047,0.011457,7.908000,37.811450

0.283358,0.152218,10.639336,14.197645,-0.225505,-0.091384,-0.035441,7.908000,37.811450

-0.521369,1.883817,11.245275,14.200586,-0.005140,0.013336,0.041567,7.904000,37.811450

-1.189579,1.122200,8.292216,14.203527,-0.008604,0.048509,0.026378,7.908000,37.945882

-1.242269,-0.250146,9.762758,14.191763,-0.022993,0.014135,0.094859,7.908000,37.945882

-1.120123,1.069510,10.335168,14.200586,-0.009137,0.037850,0.040767,7.904000,37.945882

-1.309330,2.343660,9.899275,14.191763,0.172857,0.073823,0.072476,7.912000,37.945882

-1.007557,-1.155463,9.159214,14.194704,-0.223639,-0.007182,0.063683,7.912000,37.945882

-1.381181,2.219119,11.300361,14.200586,0.038826,0.064763,0.040767,7.912000,37.945882

0.144447,1.119806,9.437036,14.191763,0.054281,0.009073,0.045297,7.908000,37.945882

-0.518973,1.565279,9.384345,14.191763,0.067871,0.008806,0.041833,7.908000,37.945882

-1.136889,-1.500346,9.252620,14.200586,0.080394,0.066362,0.034372,7.908000,37.945882

0.427059,-0.108840,8.397597,14.200586,0.075864,0.037051,0.038369,7.908000,37.945882

0.422269,1.400023,9.877720,14.203527,-0.060298,-0.042088,-0.001067,7.908000,37.945882

1.667679,1.409603,9.003537,14.194704,0.012713,0.035719,-0.032776,7.912000,37.945882

1.368302,1.433553,9.578342,14.191763,-0.135707,0.011737,-0.003998,7.908000,37.945882

0.925223,1.984407,10.488449,14.197645,0.210694,0.140971,-0.022118,7.908000,37.945882

-0.377667,-0.060939,8.191626,14.197645,-0.033918,0.094873,-0.038372,7.908000,37.521689

-0.794401,1.912557,9.652588,14.215292,-0.046975,0.069293,-0.042902,7.908000,37.521689

0.156422,0.279154,9.276569,14.200586,0.067604,0.071691,-0.056491,7.908000,37.521689

0.412689,1.962852,10.409413,14.197645,0.156070,0.110328,-0.034641,7.908000,37.521689

-0.183671,0.070787,8.768826,14.200586,-0.178607,0.019997,-0.030911,7.908000,37.521689

-0.698600,0.798873,9.911250,14.200586,-0.022727,0.008007,-0.060222,7.908000,37.521689

0.556390,1.246742,9.343630,14.200586,-0.097336,0.014935,-0.056491,7.908000,37.521689

0.340838,1.503009,10.459709,14.200586,-0.049107,0.054105,-0.035974,7.908000,37.521689

0.122892,0.674332,9.726833,14.200586,0.093717,-0.045019,-0.091398,7.908000,37.521689

-0.514183,-0.475278,9.999866,14.200586,-0.131177,-0.051148,-0.109517,7.904000,37.521689

-1.967960,1.024005,9.743598,14.212351,0.006851,0.039982,-0.096727,7.904000,37.521689

-1.879345,-0.611794,9.437036,14.206469,-0.018463,0.031722,-0.165475,7.904000,37.521689

-2.169142,1.845496,11.597343,14.194704,-0.012335,0.010671,-0.174001,7.904000,37.521689

0.829423,-1.014157,8.780800,14.197645,0.092652,-0.027699,-0.163876,7.908000,37.521689

-0.308212,1.780831,10.059741,14.212351,-0.196993,0.038117,-0.181729,7.904000,37.521689

-1.797914,2.650223,9.405901,14.185881,-0.021927,0.082616,-0.194785,7.908000,36.583850

0.053436,0.113897,9.563972,14.209410,-0.053370,-0.045552,-0.187857,7.908000,36.583850

-0.906967,1.864656,10.236973,14.200586,-0.082681,0.033854,-0.130568,7.908000,36.583850

-1.829049,1.234766,10.028605,14.188822,-0.026457,0.043713,-0.121508,7.904000,36.583850

-1.112938,1.067115,9.913645,14.212351,0.119831,0.034919,-0.116179,7.908000,36.583850

-0.147745,-0.199850,9.082573,14.182940,-0.137306,-0.098312,-0.082605,7.908000,36.583850

-0.554899,1.306617,9.547207,14.203527,-0.137839,-0.057277,-0.077808,7.908000,36.583850

-0.075895,1.582044,11.091994,14.206469,0.147543,-0.094581,-0.058623,7.908000,36.583850

-0.351322,-0.477673,9.063413,14.206469,-0.023260,-0.183846,-0.096194,7.908000,36.583850

-0.914152,1.814361,9.116103,14.206469,0.059610,-0.202499,-0.087401,7.904000,36.583850

0.458195,2.080208,9.099339,14.212351,-0.013401,0.025060,-0.040770,7.912000,36.583850

0.953964,0.511470,8.754455,14.185881,-0.107728,-0.094315,-0.041303,7.908000,36.583850

0.745597,2.633458,10.313613,14.206469,0.092119,-0.057277,-0.048498,7.904000,36.583850

-0.413593,0.477940,8.275451,14.212351,0.000722,-0.063405,-0.059955,7.904000,36.005766

-0.162116,-0.130395,8.608358,14.215292,-0.036316,-0.111901,-0.025848,7.912000,36.005766

-1.084198,0.281549,8.981982,14.185881,-0.156224,-0.118297,-0.000268,7.904000,36.005766

-0.538134,3.325619,9.609477,14.191763,0.044688,-0.056211,0.023447,7.908000,36.005766

-0.540529,-0.008249,9.192744,14.209410,0.026036,-0.092716,0.033573,7.908000,36.005766

-0.748895,0.367769,10.723162,14.194704,-0.040846,-0.133751,0.025579,7.908000,36.005766

-1.031508,2.068233,9.274175,14.200586,0.032697,-0.108970,0.059953,7.904000,36.005766

-0.552504,0.010911,9.899275,14.194704,-0.109327,-0.061274,0.118042,7.908000,36.005766

-0.360902,1.962852,11.005774,14.203527,0.071068,-0.067402,0.106850,7.908000,36.005766

0.268988,0.456385,8.488607,14.209410,0.019907,-0.114300,0.072210,7.912000,36.005766

-0.959657,1.586834,9.494516,14.203527,0.027635,-0.127623,0.100455,7.908000,36.005766

-1.115333,1.210816,10.466894,14.203527,0.010315,-0.065271,0.058354,7.908000,36.005766

-1.148864,0.168983,10.193862,14.218235,-0.063229,-0.116698,0.041567,7.908000,36.005766

0.549205,1.045560,9.597502,14.203527,-0.005940,-0.116165,0.097790,7.908000,36.005766

-0.303422,0.351004,9.482541,14.206469,-0.022727,-0.012777,0.119640,7.904000,36.005766

-1.522487,0.750972,8.723320,14.221176,-0.066160,-0.004251,0.149218,7.908000,35.933183

-0.090265,2.214329,8.263476,14.218235,0.071335,-0.036493,0.130299,7.904000,35.933183

-0.437543,2.245465,8.591594,14.215292,0.049485,0.032255,0.132431,7.908000,35.933183

-1.057853,-0.769865,10.078901,14.200586,-0.006739,0.004010,0.115110,7.908000,35.933183

-1.237479,0.942574,10.756692,14.197645,-0.031254,0.014935,0.172933,7.908000,35.933183

-0.765660,2.731653,8.491003,14.218235,0.107040,0.077020,0.134029,7.908000,35.933183

0.283358,0.856353,8.304192,14.209410,0.012713,0.072757,0.140158,7.912000,35.933183

0.031881,2.128109,10.098062,14.215292,0.085990,0.131379,0.083668,7.912000,35.933183

1.169515,1.014425,9.731624,14.209410,0.074799,0.098071,0.069812,7.908000,35.933183

0.412689,1.814361,8.160490,14.197645,0.041224,0.142304,0.017852,7.908000,35.933183

0.451009,1.529354,8.958032,14.215292,-0.110659,0.162821,-0.023450,7.908000,35.933183

-1.450636,1.780831,10.019026,14.238823,-0.111725,0.207854,-0.087401,7.908000,35.933183

-0.178881,1.004844,9.707673,14.221176,-0.022727,0.091409,-0.152684,7.908000,35.933183

0.158817,1.131781,8.881392,14.206469,-0.031254,0.143103,-0.183328,7.912000,35.933183

-1.294960,1.883817,8.687394,14.221176,0.011114,0.087679,-0.230758,7.912000,36.336857

-0.813561,0.044442,8.124565,14.209410,0.086523,0.028258,-0.225695,7.908000,36.336857

-0.090265,-0.544733,8.079060,14.218235,-0.137572,0.000013,-0.216902,7.912000,36.336857

-1.560807,2.638248,9.971126,14.212351,0.003653,0.122319,-0.197983,7.908000,36.336857

-1.469796,1.012030,9.968730,14.203527,0.103044,0.061033,-0.134298,7.912000,36.336857

-1.213529,0.396510,9.760364,14.215292,-0.051238,0.019731,-0.144957,7.912000,36.336857

-0.483048,2.312525,9.422666,14.197645,-0.056301,-0.031696,-0.101790,7.912000,36.336857

0.565970,1.397628,7.635981,14.215292,0.007650,-0.011179,-0.103122,7.912000,36.336857

-0.945287,1.476663,8.900552,14.215292,0.009515,-0.012511,-0.058890,7.912000,36.336857

-1.316515,-0.168715,7.865902,14.200586,-0.034984,0.017866,-0.056491,7.912000,36.336857

-0.202831,1.816756,8.852651,14.230000,-0.062696,-0.084722,-0.139628,7.916000,36.336857

1.092875,1.570069,9.686118,14.238823,0.113702,-0.059941,-0.205977,7.912000,36.336857

0.173187,0.944969,9.350815,14.218235,-0.078151,-0.033561,-0.109784,7.916000,36.336857

0.233063,2.671778,10.174702,14.218235,-0.121851,0.019997,-0.122574,7.916000,36.336857

1.535953,2.123319,7.341393,14.230000,0.033230,-0.126024,-0.119643,7.912000,36.826507

1.593434,0.535421,7.631191,14.218235,-0.174877,-0.238738,-0.165208,7.912000,36.826507

0.048646,0.794083,11.489568,14.215292,-0.234298,-0.091917,-0.093263,7.912000,36.826507

0.374369,4.872801,9.985496,14.197645,0.206697,-0.088453,-0.054360,7.916000,36.826507

-3.263666,4.329132,9.954360,14.215292,0.143812,0.038117,0.039435,7.916000,36.826507

-0.552504,2.422696,11.108760,14.218235,-0.152760,-0.014643,0.086865,7.912000,36.826507

1.009049,1.560489,9.803473,14.215292,0.060410,-0.088719,0.064483,7.916000,36.826507

0.388739,-0.489648,9.829819,14.227058,-0.105330,-0.128689,0.088464,7.920000,36.826507

-0.631539,2.904095,13.601974,14.230000,-0.175943,-0.025035,0.079404,7.916000,36.826507

0.067806,6.422379,9.293335,14.206469,0.347390,-0.041022,0.027178,7.916000,36.826507

0.683326,-1.497951,7.885063,14.221176,-0.021661,-0.214756,0.009058,7.920000,36.826507

-1.122518,0.113897,9.432246,14.238823,-0.063495,-0.087653,0.006127,7.920000,36.826507

-0.559689,2.336475,10.301638,14.227058,0.071068,-0.087120,0.110048,7.920000,36.826507

-0.008834,1.598809,9.757969,14.218235,0.038826,-0.128422,0.081270,7.920000,37.731107

-0.863856,0.545001,10.098062,14.197645,0.048419,-0.031430,0.096991,7.916000,37.731107

-1.093778,0.980894,10.725556,14.224117,0.025769,-0.051148,0.076740,7.920000,37.731107

-0.236361,1.699400,9.494516,14.197645,0.002587,-0.054346,0.075408,7.920000,37.731107

-1.041088,2.214329,9.113708,14.218235,-0.018463,-0.076728,0.022382,7.924000,37.731107

-1.053063,0.676727,10.792617,14.224117,0.093984,-0.171056,0.048761,7.920000,37.731107

-0.181276,0.573741,10.407019,14.224117,0.014045,-0.102842,0.088198,7.920000,37.731107

-2.446964,1.411998,9.930409,14.191763,0.045221,0.014935,0.080470,7.920000,37.731107

0.177977,1.639525,9.034673,14.221176,0.026835,-0.143610,0.172133,7.920000,37.731107

0.580340,2.149664,8.821516,14.218235,0.161399,-0.149739,0.132431,7.924000,37.731107

0.980309,-0.266911,11.008168,14.215292,-0.106662,-0.243534,0.021582,7.920000,37.731107

-1.747618,0.978499,10.347143,14.230000,-0.020062,-0.108437,0.062351,7.920000,37.731107

-0.844696,1.778436,10.136381,14.212351,0.122495,-0.110036,0.085000,7.924000,37.731107

0.436639,1.251532,9.001143,14.212351,0.031898,-0.215555,0.038902,7.928000,38.800050

-0.947682,1.359308,10.160332,14.230000,0.045488,-0.221950,0.073009,7.924000,38.800050

-1.069828,1.093460,10.840517,14.235882,0.048419,-0.157200,0.112179,7.924000,38.800050

-0.911757,1.814361,9.774734,14.247646,0.018841,-0.130021,0.127901,7.928000,38.800050

-0.293842,1.857471,9.398716,14.232941,0.095050,-0.153470,0.179594,7.924000,38.800050

-0.463888,0.710257,9.336445,14.232941,-0.003275,-0.148940,0.227558,7.928000,38.800050

0.381554,1.706585,9.935200,14.230000,-0.058699,-0.130820,0.249408,7.924000,38.800050

0.712067,1.550909,9.425060,14.221176,0.037760,-0.134284,0.264329,7.924000,38.800050

-1.400341,1.028795,9.935200,14.221176,0.028168,-0.075130,0.256602,7.920000,38.800050

-1.304540,-0.645324,9.745994,14.215292,-0.035517,-0.063139,0.290976,7.924000,38.800050

-0.578849,1.807176,9.750783,14.215292,-0.067759,-0.049816,0.244611,7.928000,38.800050

-0.186066,1.323382,10.536350,14.224117,0.095050,0.030123,0.200378,7.924000,38.800050

1.535953,0.724627,9.247829,14.215292,-0.044843,-0.131620,0.152948,7.928000,38.800050

0.324073,2.961576,9.796288,14.235882,0.051083,-0.022903,0.181726,7.928000,38.800050

0.355209,2.010753,9.348420,14.230000,0.078795,0.007740,0.198513,7.928000,39.436309

0.029486,1.426368,9.619058,14.227058,0.089188,0.046377,0.195316,7.928000,39.436309

-0.562084,0.832403,9.068203,14.230000,0.033497,0.089278,0.184124,7.924000,39.436309

-0.243546,0.645592,9.520862,14.235882,-0.073355,0.046111,0.181193,7.928000,39.436309

-0.667465,-0.075309,7.504255,14.235882,0.008982,0.050108,0.208639,7.928000,39.436309

1.236576,1.711375,8.912526,14.221176,-0.016332,0.058368,0.175065,7.928000,39.436309

1.013839,1.014425,7.815607,14.230000,0.022572,0.119921,0.208106,7.932000,39.436309

-0.313002,1.869447,9.980705,14.230000,-0.037915,0.065829,0.227291,7.932000,39.436309

0.122892,1.821546,11.638059,14.235882,0.004452,0.079419,0.209438,7.928000,39.436309

0.252223,2.547237,7.597661,14.212351,0.084391,0.101269,0.187055,7.932000,39.436309

1.078505,0.470755,9.029882,14.238823,-0.036583,0.067161,0.151882,7.928000,39.436309

-1.261430,0.944969,9.837004,14.230000,-0.065094,0.091409,0.144688,7.928000,39.436309

0.977914,0.794083,8.093430,14.230000,0.003120,0.022929,0.151882,7.928000,40.093204

1.694025,2.463411,9.417875,14.241764,-0.014466,0.050108,0.104718,7.932000,40.093204

-0.689020,1.898187,9.698093,14.238823,-0.076552,0.067428,0.135895,7.932000,40.093204

-0.780031,1.505404,9.013118,14.230000,0.046554,0.094341,0.142023,7.932000,40.093204

-1.385971,0.566556,10.086086,14.209410,-0.073355,0.111128,0.183325,7.932000,40.093204

0.817447,1.936507,9.621452,14.221176,-0.089609,0.140172,0.181460,7.932000,40.093204

2.326310,1.277877,8.514953,14.221176,0.011114,0.075155,0.184924,7.932000,40.093204

0.896483,2.408326,9.346025,14.221176,0.014045,0.074622,0.139359,7.932000,40.093204

0.973124,1.833521,9.837004,14.238823,0.018841,0.087679,0.162274,7.932000,40.093204

0.946778,2.650223,7.403664,14.235882,0.072400,0.057036,0.096192,7.936000,40.093204

1.171910,-0.599819,9.463381,14.227058,-0.088276,0.011471,0.073009,7.936000,40.093204

-1.448241,1.158126,10.318403,14.224117,-0.085612,0.089811,0.054623,7.936000,40.093204

-0.854276,1.898187,10.054951,14.232941,-0.017930,0.102334,0.085000,7.936000,40.093204

-0.938102,1.811966,9.417875,14.235882,0.033763,0.162022,0.109781,7.932000,40.539521

-1.304540,1.021610,9.815449,14.230000,0.001788,0.137507,0.105784,7.932000,40.539521

-1.091383,1.637130,9.614267,14.235882,-0.036849,0.132178,0.081270,7.936000,40.539521

0.158817,1.050350,8.325747,14.218235,-0.007538,0.081817,0.114578,7.936000,40.539521

0.400714,0.940179,10.591435,14.221176,-0.028589,0.106331,0.083934,7.940000,40.539521

0.702486,2.396351,10.203442,14.232941,-0.062696,0.101269,0.088997,7.940000,40.539521

0.858163,1.047955,8.558064,14.244705,0.072667,0.094074,0.114045,7.936000,40.539521

0.362394,0.909044,9.796288,14.241764,0.011380,0.094873,0.054357,7.936000,40.539521

0.314493,1.747301,9.616662,14.227058,-0.019529,0.144702,0.080470,7.936000,40.539521

-2.123636,1.996382,9.513677,14.250587,-0.016332,0.075155,0.015720,7.936000,40.539521

-0.255521,0.379744,8.692184,14.235882,0.098247,0.163887,-0.006130,7.936000,40.539521

-0.638724,0.568951,9.089758,14.235882,0.018575,0.045045,-0.005864,7.936000,40.539521

-1.879345,0.851563,10.615385,14.247646,-0.079483,0.136442,0.042100,7.940000,40.539521

-0.346532,2.223909,8.783195,14.232941,-0.027257,0.167351,0.012789,7.940000,41.152129

-0.272286,0.954549,9.259805,14.250587,-0.099734,0.102068,0.058087,7.940000,41.152129

0.613871,2.116133,9.525652,14.244705,-0.088809,0.050907,0.012789,7.936000,41.152129

-0.535739,1.213211,9.295730,14.253529,0.055613,0.023461,0.005594,7.940000,41.152129

-0.796796,1.002450,8.991562,14.241764,-0.069624,-0.001053,-0.026381,7.940000,41.152129

-0.533344,1.268297,8.505373,14.259411,-0.011535,0.129514,0.099123,7.940000,41.152129

0.137262,2.089788,9.070598,14.256470,-0.007005,-0.002119,0.039169,7.940000,41.152129

0.022301,1.057535,8.895761,14.244705,0.034030,-0.071666,0.026911,7.940000,41.152129

0.930013,1.028795,8.253896,14.238823,-0.082947,-0.048217,0.009591,7.940000,41.152129

0.731227,0.873118,9.736413,14.250587,-0.188733,-0.066603,0.031175,7.940000,41.152129

0.024696,3.385494,9.765154,14.247646,-0.027790,0.155893,-0.006130,7.936000,41.152129

-0.229176,0.734207,10.567485,14.256470,0.042557,0.026393,-0.018121,7.940000,41.152129

-0.449518,0.640802,8.888577,14.235882,-0.011269,0.000279,-0.002932,7.940000,41.152129

-1.072223,2.743629,8.553273,14.241764,0.013512,0.073290,-0.074078,7.940000,41.270892

0.357604,0.791688,9.547207,14.250587,0.090520,0.055970,-0.028513,7.940000,41.270892

-0.281867,-1.033317,9.561577,14.265293,-0.127713,-0.003718,-0.054360,7.940000,41.270892

-0.669860,0.789293,9.518467,14.247646,-0.144500,0.017866,-0.018121,7.940000,41.270892

-0.727340,2.580767,9.803473,14.232941,-0.025125,0.052239,0.015187,7.944000,41.270892

0.805472,1.728140,8.881392,14.232941,0.050817,0.088212,0.048761,7.944000,41.270892

0.922828,1.167706,10.931528,14.241764,-0.164485,0.010138,0.002397,7.940000,41.270892

0.235458,2.714888,9.738809,14.247646,0.132621,0.028258,0.007460,7.944000,41.270892

-0.123795,1.919742,8.914922,14.241764,0.070002,0.023994,-0.018920,7.944000,41.270892

-0.768055,-0.022619,9.913645,14.235882,-0.139437,-0.038624,-0.061554,7.944000,41.270892

-0.221991,2.233490,9.104128,14.241764,0.038560,-0.054079,-0.045300,7.944000,42.194657

-1.273405,1.416788,9.892090,14.241764,0.123561,-0.070600,0.002397,7.944000,42.194657

-2.039811,1.162916,9.563972,14.241764,0.091586,-0.062872,0.080737,7.944000,42.194657

-1.290170,2.300550,8.335326,14.250587,0.254661,-0.083656,0.098590,7.944000,42.194657

-0.978817,-2.144606,7.238408,14.250587,-0.156491,-0.245133,0.119907,7.944000,42.194657

-0.102240,2.705308,11.463223,14.247646,0.032431,-0.118030,0.156412,7.944000,42.194657

0.980309,-0.757890,7.980864,14.238823,-0.006473,-0.207029,0.210504,7.944000,42.194657

-0.887806,1.208421,11.429692,14.235882,-0.080549,-0.135350,0.193983,7.944000,42.194657

-0.281867,1.371283,8.776011,14.250587,0.089188,-0.155601,0.232354,7.944000,42.194657

-0.164511,1.165311,9.077783,14.244705,0.116633,-0.103908,0.225426,7.944000,42.194657

0.539625,-1.881154,8.543694,14.235882,-0.181272,-0.071666,0.219031,7.944000,42.194657

-1.807494,2.662198,10.339958,14.241764,0.084658,0.073024,0.163607,7.948000,42.194657

0.661771,-0.882431,9.144843,14.244705,0.068403,-0.167592,0.161475,7.944000,42.194657

0.623451,1.376073,8.311377,14.241764,-0.016865,-0.035427,0.156679,7.944000,42.258089

0.496515,2.245465,9.140054,14.232941,-0.049639,-0.022637,0.207573,7.948000,42.258089

0.884508,-0.393847,8.289822,14.247646,-0.107995,-0.122560,0.227291,7.944000,42.258089

-1.232689,3.325619,10.893208,14.247646,0.115301,0.096206,0.210504,7.948000,42.258089

-3.038534,-2.039225,8.443103,14.250587,-0.021661,0.004010,0.140957,7.948000,42.258089

-1.896110,1.649105,10.694421,14.244705,0.001788,0.006141,0.196115,7.952000,42.258089

-0.051945,0.712652,8.332932,14.227058,0.035629,0.024794,0.236884,7.972000,42.258089

-0.715365,-0.228591,10.136381,14.244705,-0.057100,0.011471,0.118841,7.976000,42.258089

-0.296237,0.729417,11.781760,14.218235,-0.001410,-0.003718,0.198780,7.984000,42.258089

0.539625,3.548355,8.991562,14.232941,0.088655,0.094873,0.167604,7.992000,42.258089

-2.006281,0.372559,9.961545,14.253529,0.061209,0.167618,0.088198,7.992000,42.258089

-2.039811,-1.495556,9.319680,14.265293,-0.214047,-0.010646,0.115643,7.988000,42.258089

-1.055458,2.813084,10.909973,14.250587,0.083858,0.091409,0.092195,7.992000,42.258089

-0.722550,0.671937,9.710068,14.238823,0.041224,0.125250,0.086333,7.984000,42.389803

-1.400341,1.543724,9.556787,14.232941,0.048419,0.087412,0.102320,7.988000,42.389803

0.479750,0.549791,8.371252,14.259411,0.157935,0.010405,0.083401,7.988000,42.389803

-1.002767,0.480335,9.415481,14.241764,-0.276665,-0.022903,0.079404,7.984000,42.389803

0.462985,2.154454,10.847702,14.241764,0.134753,0.081284,0.095126,7.984000,42.389803

1.090480,-0.319601,8.280241,14.232941,-0.075486,-0.033029,0.077006,7.984000,42.389803

-0.938102,1.598809,10.871653,14.256470,-0.012868,0.130313,0.137493,7.984000,42.389803

-0.013624,1.682635,11.297966,14.250587,-0.003009,0.045578,0.091395,7.984000,42.389803

0.199532,3.222633,8.447892,14.241764,0.078795,0.134843,0.078072,7.984000,42.389803

0.328863,-0.583053,8.316167,14.265293,-0.039514,0.134043,0.061285,7.984000,42.389803

-0.792006,2.295760,11.091994,14.250587,-0.045909,0.103400,0.037836,7.984000,42.389803

-0.660280,1.843101,11.245275,14.244705,0.054281,0.079685,0.029842,7.984000,42.300829

-0.897387,1.268297,9.128078,14.238823,0.008449,0.075155,0.053558,7.984000,42.300829

-1.213529,1.895792,10.351933,14.262352,0.034563,0.031189,0.030109,7.984000,42.300829

0.163607,0.686307,9.032277,14.274117,0.220021,0.078619,0.034106,7.984000,42.300829

-1.259035,-1.282399,9.425060,14.262352,-0.230301,-0.074597,0.005861,7.984000,42.300829

-0.320187,1.982013,10.268107,14.277058,0.113702,0.113526,0.032774,7.984000,42.300829

-0.588429,-0.575868,8.926897,14.262352,0.014578,0.083149,0.062084,7.984000,42.300829

-1.249454,1.112620,10.672866,14.265293,-0.096004,0.056503,0.036504,7.984000,42.300829

-0.320187,0.403695,10.507609,14.268234,-0.047508,0.105265,0.064749,7.984000,42.300829

-0.475863,2.956785,9.669353,14.282940,-0.029388,0.144435,0.046896,7.984000,42.300829

0.139657,0.214488,8.958032,14.262352,0.050018,0.165220,-0.009860,7.984000,42.300829

-0.609984,0.844378,10.378279,14.274117,-0.130111,0.006408,-0.057557,7.984000,42.300829

0.304913,1.821546,10.349538,14.274117,0.125426,0.057569,0.005594,7.984000,42.300829

-0.195646,1.222791,9.111313,14.277058,0.073733,0.176677,0.049294,7.984000,42.285630

-0.878226,0.755763,9.738809,14.274117,-0.016865,0.130046,-0.019187,7.984000,42.285630

-0.815956,-0.219010,8.876601,14.262352,-0.034718,0.019997,0.016519,7.984000,42.285630

-0.198041,-0.240566,8.658654,14.265293,-0.119719,-0.055411,0.013055,7.984000,42.285630

-0.123795,1.543724,10.514794,14.265293,0.029233,0.021863,0.035172,7.984000,42.285630

-0.396827,0.442015,8.979588,14.262352,0.017509,0.054105,0.024247,7.988000,42.285630

-2.037416,0.523446,10.507609,14.262352,-0.098136,0.079952,0.063950,7.984000,42.285630

-1.179999,0.722232,9.904064,14.265293,0.066272,-0.043954,0.041034,7.984000,42.285630

-0.181276,0.995264,9.906460,14.253529,-0.013401,-0.024502,0.014388,7.984000,42.285630

1.126405,1.629945,8.926897,14.277058,-0.083214,0.010405,-0.013058,7.984000,42.285630

-0.023204,1.718560,9.001143,14.271175,0.110238,0.105532,-0.054360,7.984000,42.285630

-0.006439,-0.772260,9.643007,14.268234,-0.183137,-0.138015,0.001331,7.984000,42.285630

0.324073,1.991592,10.191467,14.262352,-0.053903,0.000013,0.009858,7.984000,42.061731

-1.151259,0.245623,9.216694,14.279999,-0.044310,0.045311,0.064483,7.984000,42.061731

-1.503326,-0.080099,9.247829,14.288822,-0.062963,0.003743,0.061285,7.984000,42.061731

-1.726063,2.736444,10.143566,14.271175,-0.044577,0.062365,0.047962,7.984000,42.061731

-1.057853,0.300709,9.896879,14.274117,-0.102932,0.021863,0.060486,7.988000,42.061731

-0.310607,1.162916,10.014235,14.277058,-0.078950,0.068760,0.101787,7.988000,42.061731

0.906063,2.025123,9.154424,14.253529,0.109972,-0.052747,0.060219,7.984000,42.061731

0.549205,-0.470488,9.805869,14.271175,-0.042445,0.009605,0.100189,7.984000,42.061731

-0.576454,1.929322,11.305151,14.282940,-0.013401,0.038916,0.098590,7.984000,42.061731

0.324073,3.248978,8.637099,14.265293,0.075598,0.071158,0.082602,7.984000,42.061731

-0.327372,-1.821279,8.603569,14.274117,-0.106662,-0.011712,0.021316,7.984000,42.061731

-1.476981,-0.221405,10.411809,14.271175,-0.248953,-0.098312,-0.010393,7.984000,42.061731

-0.025599,1.661080,12.696657,14.274117,0.052149,0.025060,0.080204,7.984000,42.061731

0.041461,1.189261,8.062294,14.279999,0.020440,-0.037558,0.021316,7.984000,42.202222

-0.566874,0.988079,9.185558,14.282940,-0.115456,0.006141,0.098856,7.988000,42.202222

-1.486561,2.561607,10.538745,14.265293,0.054814,0.053838,0.085800,7.988000,42.202222

-0.265101,0.434830,8.598779,14.262352,-0.006473,-0.040490,0.103919,7.988000,42.202222

0.156422,0.015701,11.987732,14.279999,-0.043244,0.012270,0.123904,7.984000,42.202222

-0.789611,0.717442,9.882509,14.285881,-0.091741,0.008273,0.107650,7.984000,42.202222

-1.201554,2.231094,10.859677,14.274117,-0.077884,-0.019705,0.106051,7.984000,42.202222

0.206717,1.395233,10.239367,14.291763,0.068403,-0.005583,0.122838,7.984000,42.202222

-0.629144,1.792806,9.166399,14.279999,-0.037382,0.070892,0.067147,7.984000,42.202222

-0.748895,-0.434562,9.094548,14.274117,0.063341,0.005342,-0.038638,7.988000,42.202222

-1.129703,0.818033,10.026211,14.291763,-0.045643,0.009872,-0.009328,7.988000,42.202222

1.128800,1.744905,10.720766,14.285881,-0.028322,-0.010646,0.009058,7.984000,42.202222

-0.071105,2.494547,9.781919,14.271175,0.058544,0.069027,0.044764,7.988000,42.205172

-0.684230,1.871841,9.784313,14.279999,0.002054,0.077553,0.011723,7.984000,42.205172

-0.863856,0.056417,9.010722,14.277058,-0.002476,0.074356,0.041034,7.984000,42.205172

-1.728458,1.115016,10.462104,14.300587,-0.113324,0.063164,0.085267,7.984000,42.205172

-0.277076,0.798873,10.016630,14.288822,-0.030188,0.085281,0.062617,7.984000,42.205172

-1.017138,1.220396,10.184282,14.265293,-0.039247,0.041847,0.063150,7.984000,42.205172

-0.509393,1.292247,9.997471,14.303528,-0.093339,0.031189,0.042633,7.984000,42.205172

0.542020,1.797596,10.167517,14.294704,0.016443,0.035985,0.066081,7.984000,42.205172

0.585131,2.374796,7.856322,14.277058,0.058011,0.066362,0.023181,7.980000,42.205172

0.144447,-0.678854,9.314890,14.285881,-0.074154,0.131379,0.001065,7.984000,42.205172

-2.341583,1.833521,10.653706,14.288822,-0.081615,0.182806,-0.017588,7.984000,42.205172

-0.145350,0.269574,9.750783,14.271175,0.029233,0.054904,-0.001067,7.984000,42.205172

-0.442333,0.719837,12.085927,14.297646,-0.064561,0.174013,0.002663,7.980000,42.465381

-0.506998,2.669383,9.477751,14.262352,-0.049906,0.236365,-0.002399,7.988000,42.465381

0.843793,0.157008,8.713739,14.294704,0.072134,0.126849,-0.039704,7.984000,42.465381

0.508490,2.176009,9.420271,14.297646,-0.084280,0.028524,-0.047698,7.984000,42.465381

-1.108148,0.770133,10.126801,14.291763,-0.058433,0.127115,-0.044234,7.980000,42.465381

-1.163234,1.388048,10.102851,14.285881,0.047619,0.134310,0.033040,7.984000,42.465381

0.029486,1.012030,8.318562,14.274117,0.011114,0.065563,-0.007995,7.980000,42.465381

-0.890202,0.255203,11.329102,14.274117,-0.063495,-0.044220,0.043166,7.980000,42.465381

0.309703,1.158126,7.715016,14.285881,0.075864,-0.090318,0.038369,7.984000,42.465381

-1.460216,0.509075,9.070598,14.297646,-0.134375,0.088745,-0.018121,7.980000,42.465381

-1.297355,1.232371,9.657377,14.300587,-0.004341,0.138840,-0.098060,7.980000,42.465381

-0.787216,-0.987812,9.511281,14.291763,-0.150895,-0.080459,-0.114314,7.980000,42.465381

0.407899,2.631063,10.270503,14.288822,0.135552,0.080751,-0.095928,7.980000,42.625064

0.110917,-0.154345,8.845466,14.277058,0.019374,0.082350,-0.135631,7.976000,42.625064

-1.697323,1.505404,10.162726,14.282940,-0.003808,0.083416,-0.158546,7.980000,42.625064

0.283358,0.250413,8.941267,14.288822,-0.014466,0.025327,-0.172136,7.980000,42.625064

0.015116,2.204749,9.808264,14.303528,0.087056,0.085814,-0.191055,7.980000,42.625064

-0.442333,0.683912,8.716135,14.285881,-0.008071,0.038916,-0.142026,7.980000,42.625064

-0.928522,-0.204640,9.631032,14.288822,-0.024059,-0.035427,-0.115646,7.976000,42.625064

-1.014742,0.674332,12.097902,14.309410,-0.106662,-0.048750,-0.123107,7.980000,42.625064

0.592316,3.969878,9.760364,14.285881,0.099313,-0.043421,-0.099125,7.980000,42.625064

-0.051945,-0.075309,8.469448,14.271175,0.164330,-0.140946,-0.159879,7.980000,42.625064

-1.560807,-0.080099,10.026211,14.288822,-0.142102,-0.192107,-0.136430,7.976000,42.625064

0.340838,1.737720,10.450130,14.294704,0.055880,-0.136416,-0.038905,7.980000,42.625064

-0.911757,1.038375,9.666958,14.312351,0.043622,-0.095647,0.010124,7.976000,42.913424

-0.859066,0.683912,9.214299,14.303528,-0.029122,-0.134551,0.049028,7.980000,42.913424

-1.448241,1.225186,9.626243,14.285881,0.014312,-0.153736,0.062351,7.976000,42.913424

-0.768055,1.402418,10.464499,14.297646,-0.072289,-0.232342,0.097790,7.980000,42.913424

0.388739,0.947364,9.652588,14.309410,0.153139,-0.153203,0.117242,7.980000,42.913424

-0.329767,1.229976,9.566367,14.300587,-0.038714,-0.150272,0.132963,7.976000,42.913424

-0.856671,1.986803,10.215417,14.297646,0.013512,-0.128689,0.159610,7.980000,42.913424

0.245038,1.285062,8.965217,14.309410,0.100112,-0.116698,0.155346,7.976000,42.913424

0.412689,0.406090,9.010722,14.297646,0.054281,-0.073531,0.123904,7.980000,42.913424

-0.114215,0.202513,9.156818,14.309410,-0.171413,-0.052214,0.079138,7.980000,42.913424

-1.002767,-0.381872,9.530441,14.303528,-0.177541,-0.173987,0.017852,7.976000,42.913424

-0.784821,1.337752,10.272898,14.306469,0.139549,0.076221,0.035172,7.976000,42.913424

0.192347,0.154613,8.162886,14.297646,-0.057900,-0.023702,0.063417,7.976000,43.053395

-0.784821,1.737720,10.119617,14.309410,-0.115456,0.040515,0.106584,7.980000,43.053395

-0.605194,0.856353,10.031001,14.300587,0.056679,-0.001053,0.079937,7.980000,43.053395

-0.655490,1.989197,9.923224,14.306469,-0.032053,-0.087387,0.028510,7.980000,43.053395

0.182767,1.730535,9.451406,14.282940,-0.033119,-0.075663,0.050360,7.976000,43.053395

-0.866251,1.201236,9.892090,14.300587,-0.067226,0.014668,0.133496,7.976000,43.053395

0.374369,1.677845,9.745994,14.303528,0.113702,-0.060474,0.134562,7.976000,43.053395

1.183886,0.868328,8.179650,14.312351,-0.024326,-0.032496,0.100189,7.980000,43.053395

-0.442333,-0.915961,8.246711,14.291763,-0.133575,0.024261,0.035971,7.976000,43.053395

-2.399064,1.620364,11.532678,14.312351,-0.081881,0.000546,0.025846,7.976000,43.053395

1.646124,0.777318,9.324470,14.315292,0.139016,0.047443,0.053025,7.980000,43.053395

0.352814,0.808453,9.195139,14.306469,-0.106129,0.055171,0.042366,7.980000,43.033650

-0.490233,2.080208,9.971126,14.297646,-0.103731,0.130579,0.037303,7.980000,43.033650

-0.389642,0.549791,9.841794,14.324116,-0.018996,0.048242,0.052225,7.980000,43.033650

-0.940497,3.459739,11.139894,14.294704,0.146477,0.053838,0.019450,7.976000,43.033650

-0.004044,-1.565012,8.902946,14.309410,-0.037915,0.043713,0.019450,7.976000,43.033650

-1.510512,2.643038,10.608200,14.306469,0.006318,0.071958,0.061818,7.980000,43.033650

-0.598009,0.307894,8.759245,14.327057,0.053482,0.053039,0.035705,7.980000,43.033650

0.280963,-0.020224,8.984377,14.318233,-0.007538,0.093008,0.063950,7.980000,43.033650

1.888021,1.378468,8.922107,14.327057,-0.083480,0.079952,0.045297,7.980000,43.033650

0.340838,2.875355,10.071716,14.321175,-0.101333,0.057835,-0.023184,7.980000,43.033650

0.115707,0.990474,9.171188,14.321175,0.094783,0.108996,-0.047965,7.976000,43.033650

-0.092660,-2.966098,9.858560,14.318233,-0.234298,-0.165460,-0.058090,7.980000,43.033650

-0.557294,3.031031,12.296689,14.341763,0.007384,0.090344,-0.034641,7.980000,43.210415

-0.375272,1.625154,8.924501,14.315292,0.132887,0.032788,-0.029312,7.980000,43.210415

-0.698600,0.602481,8.981982,14.303528,0.028967,0.001878,-0.036240,7.976000,43.210415

-0.456703,-0.377082,9.408296,14.341763,0.085191,-0.019173,0.039435,7.980000,43.210415

-0.439938,0.628826,10.093271,14.321175,-0.295051,-0.087653,0.024513,7.976000,43.210415

-2.619406,3.732772,12.232023,14.318233,0.012713,0.071958,0.078072,7.976000,43.210415

-0.159721,0.319869,8.605964,14.327057,0.093451,0.034919,0.092195,7.976000,43.210415

-0.360902,-0.099259,9.532837,14.315292,-0.137039,-0.034627,0.103919,7.980000,43.210415

-0.365692,1.081485,12.009287,14.312351,0.021506,0.059167,0.058087,7.980000,43.210415

-1.218319,1.591624,9.568762,14.329998,0.029500,0.073290,0.034106,7.976000,43.210415

-1.225504,0.334239,8.249105,14.318233,-0.032319,0.082350,-0.033576,7.976000,43.210415

-0.298632,-0.317206,9.805869,14.327057,-0.183404,-0.016774,0.017585,7.980000,43.210415

0.223483,2.154454,11.470407,14.309410,0.107307,0.094341,-0.009594,7.980000,43.210415

-0.375272,0.923414,9.161609,14.324116,0.070802,0.084215,-0.028513,7.980000,42.863218

-1.821864,-0.403427,8.481422,14.321175,-0.077352,-0.024235,-0.067949,7.976000,42.863218

-0.523764,1.572464,9.360395,14.332939,0.129690,0.012270,0.033306,7.976000,42.863218

-0.308212,-1.229709,9.789104,14.329998,-0.096803,0.005076,0.026645,7.980000,42.863218

-1.302145,2.106554,10.835728,14.332939,0.109705,0.051973,0.023980,7.980000,42.863218

-0.253126,-0.295651,7.774892,14.318233,-0.031520,0.008273,0.045830,7.980000,42.863218

-0.483048,1.656290,11.206955,14.341763,-0.055768,-0.051414,0.022648,7.980000,42.863218

0.836608,1.852681,10.488449,14.329998,0.088122,0.023195,0.037570,7.980000,42.863218

0.482145,2.065838,7.913803,14.315292,0.169926,0.110595,-0.025848,7.980000,42.863218

0.039066,-0.168715,8.217971,14.338821,-0.101866,0.096472,-0.028246,7.976000,42.863218

-1.378785,1.237161,10.098062,14.309410,-0.056035,0.018665,-0.103655,7.980000,42.863218

1.418597,0.439620,9.204719,14.303528,0.144878,0.026926,-0.064752,7.976000,42.863218

-0.353717,0.111502,8.572433,14.309410,-0.004874,0.045311,-0.092997,7.976000,42.658193

-1.443451,0.806058,9.547207,14.309410,-0.115722,0.098337,-0.054360,7.980000,42.658193

-1.045878,0.283944,9.180769,14.327057,-0.122650,-0.003185,-0.010926,7.980000,42.658193

1.035394,-0.130395,8.280241,14.315292,0.118232,0.067428,-0.011992,7.980000,42.658193

-0.820746,1.783226,9.496911,14.321175,-0.044044,0.033587,0.059686,7.980000,42.658193

-0.856671,1.512589,8.440707,14.321175,-0.013667,0.099403,0.068213,7.980000,42.658193

-1.278195,0.039652,10.732741,14.315292,0.022039,0.069559,0.095925,7.976000,42.658193

0.453404,0.863538,8.335326,14.341763,0.107840,0.048509,0.027711,7.976000,42.658193

0.185162,1.443133,8.431128,14.309410,-0.163419,-0.025301,-0.054893,7.976000,42.658193

-1.757199,1.699400,9.729228,14.309410,-0.052837,0.061299,-0.035707,7.980000,42.658193

0.034276,2.707703,12.129038,14.332939,0.147276,0.031722,-0.037573,7.980000,42.658193

-0.025599,0.154613,8.210786,14.327057,0.000455,-0.034627,-0.082338,7.976000,42.580754

-1.649423,0.897069,9.774734,14.344706,-0.063762,0.008273,-0.058357,7.976000,42.580754

-1.117728,-0.817765,9.305309,14.312351,-0.106396,-0.055411,0.025046,7.980000,42.580754

-0.684230,2.681358,10.493239,14.329998,-0.095205,-0.013843,0.032774,7.980000,42.580754

0.537230,0.738997,8.457473,14.324116,0.148875,0.081017,0.037836,7.980000,42.580754

-0.430358,1.012030,9.587922,14.332939,-0.071756,-0.046085,0.067947,7.976000,42.580754

-0.933312,2.449041,8.416758,14.335880,0.044422,0.019997,0.051959,7.980000,42.580754

-0.257916,-0.065729,10.066926,14.344706,-0.012601,-0.021837,0.071944,7.980000,42.580754

-1.225504,0.968919,12.948134,14.327057,-0.022460,0.016267,0.090596,7.980000,42.580754

0.640216,2.082603,8.577224,14.341763,-0.138638,-0.061540,-0.003465,7.980000,42.580754

-1.397946,0.715047,9.939990,14.329998,0.009249,0.119122,0.010657,7.980000,42.580754

1.171910,-0.678854,9.192744,14.327057,-0.065094,-0.041289,0.054623,7.980000,42.580754

1.143170,1.891002,9.817844,14.324116,-0.065094,0.038916,0.017319,7.980000,42.587938

0.125287,3.076536,9.226274,14.332939,0.064406,0.079152,-0.079407,7.980000,42.587938

-0.265101,1.423973,8.632309,14.324116,0.011913,0.022662,-0.020519,7.980000,42.587938

0.451009,1.251532,9.434641,14.332939,-0.067492,-0.061274,-0.103922,7.980000,42.587938

0.537230,0.904254,9.769943,14.353529,0.028168,-0.007448,-0.070880,7.980000,42.587938

-0.734525,0.875513,10.244158,14.341763,0.002854,-0.027966,-0.026648,7.980000,42.587938

-1.409921,0.885094,9.257409,14.338821,-0.066960,-0.013843,-0.026381,7.980000,42.587938

-0.154930,1.615574,10.086086,14.327057,-0.074420,0.025327,0.007193,7.980000,42.587938

-0.013624,1.304222,10.062136,14.335880,0.046021,0.072224,-0.029046,7.980000,42.587938

-1.484166,2.348450,8.306586,14.341763,0.076664,0.037850,-0.064752,7.980000,42.587938

-2.075736,-0.642929,8.809541,14.344706,-0.117321,0.070625,-0.087934,7.980000,42.587938

-2.035021,-0.111235,11.288386,14.344706,-0.055235,-0.010113,-0.124972,7.980000,42.587938

-0.811166,2.681358,11.365026,14.347647,0.070802,-0.009047,-0.089266,7.980000,42.587938

-1.862579,1.426368,8.416758,14.341763,0.096382,0.080751,-0.075677,7.984000,42.854488

-0.799191,-0.147160,8.809541,14.332939,-0.062430,-0.001053,-0.117778,7.984000,42.854488

-1.651818,0.442015,9.645403,14.347647,-0.009137,-0.039157,-0.087667,7.980000,42.854488

-0.030389,1.167706,9.092153,14.347647,-0.062696,-0.062339,-0.106053,7.980000,42.854488

-0.281867,3.002291,9.827424,14.315292,0.080927,-0.013044,-0.086335,7.980000,42.854488

-1.340465,0.240833,10.440549,14.353529,-0.021394,-0.138281,-0.029312,7.980000,42.854488

-0.035179,1.206026,9.951965,14.338821,-0.054969,-0.112967,-0.016256,7.984000,42.854488

0.180372,1.922137,9.757969,14.318233,0.096116,-0.013044,0.023181,7.980000,42.854488

-0.629144,0.973709,8.146120,14.329998,0.021240,0.018399,-0.006929,7.980000,42.854488

-0.633934,0.743787,11.618898,14.332939,-0.122384,0.090344,-0.010127,7.980000,42.854488

-2.070946,0.916229,11.551838,14.338821,0.024171,-0.002652,-0.058623,7.984000,42.854488

1.152750,1.222791,9.164003,14.332939,0.027901,-0.124159,-0.067949,7.984000,42.854488

-0.624354,-0.822555,8.725715,14.344706,-0.138371,-0.063405,-0.039171,7.980000,43.439674

-1.905690,1.021610,10.356724,14.353529,-0.058433,-0.082324,-0.037306,7.980000,43.439674

-0.150140,-0.233381,8.593988,14.338821,-0.247888,-0.170523,0.005328,7.980000,43.439674

-0.732130,2.070628,8.275451,14.329998,0.208563,-0.074597,-0.030645,7.980000,43.439674

-0.277076,-1.280004,8.031159,14.353529,-0.277998,-0.246199,0.059953,7.980000,43.439674

-1.211134,-0.151950,10.603411,14.341763,0.010048,0.030390,0.092461,7.980000,43.439674

0.613871,2.626273,11.829660,14.359411,-0.060298,-0.062073,0.091395,7.980000,43.439674

-0.320187,0.413275,8.498188,14.359411,0.163797,0.051707,0.024780,7.984000,43.439674

-0.552504,0.149823,11.484777,14.347647,-0.224705,-0.065004,0.046896,7.980000,43.439674

-1.081803,1.493428,9.736413,14.356470,0.161399,-0.023436,-0.027447,7.980000,43.439674

0.242643,-0.367502,8.989167,14.356470,0.073733,-0.130287,-0.035441,7.984000,43.439674

1.049764,1.778436,9.755573,14.362352,0.090520,-0.105506,-0.013857,7.980000,43.259820

-0.873436,-0.877641,9.504096,14.350588,-0.039514,-0.041022,-0.003998,7.984000,43.259820

0.405504,1.579649,10.155541,14.353529,0.155004,-0.070600,0.010657,7.984000,43.259820

-0.837511,1.354517,9.789104,14.368235,-0.233765,-0.138281,0.040235,7.980000,43.259820

-1.333280,0.226463,9.463381,14.347647,0.126759,-0.047684,0.018118,7.984000,43.259820

-1.436266,1.062325,11.458432,14.353529,-0.118920,-0.194505,0.102054,7.984000,43.259820

0.113312,0.801268,9.518467,14.359411,0.163531,-0.071666,0.142556,7.980000,43.259820

0.594711,0.894674,10.351933,14.350588,-0.121318,-0.217154,0.136161,7.980000,43.259820

-0.130980,1.998778,9.856164,14.353529,0.156070,-0.023169,0.163873,7.980000,43.259820

0.024696,0.291129,7.310258,14.353529,-0.164751,-0.099378,0.160143,7.976000,43.259820

0.927618,1.007240,9.228669,14.371176,-0.075753,-0.027166,0.184124,7.980000,43.259820

0.846188,-0.808185,9.101733,14.347647,-0.111992,-0.081791,0.241414,7.980000,43.259820

-0.176486,3.663316,10.773457,14.344706,0.114501,-0.002385,0.199313,7.976000,42.646010

-0.904572,-0.872851,8.067084,14.359411,0.014312,-0.051414,0.176397,7.980000,42.646010

-0.454308,0.808453,9.578342,14.347647,-0.121584,-0.071666,0.199313,7.976000,42.646010

0.635426,2.710098,10.141171,14.353529,0.198970,0.023728,0.180394,7.980000,42.646010

0.568365,-2.010485,9.147239,14.362352,-0.225238,-0.073264,0.142556,7.980000,42.646010

-0.909362,1.601204,11.331496,14.350588,0.079328,0.142304,0.199579,7.980000,42.646010

-0.233966,-0.812975,8.479028,14.374117,-0.266273,-0.033828,0.243545,7.980000,42.646010

-0.229176,3.112462,11.151870,14.365294,0.166462,0.183605,0.179861,7.980000,42.646010

1.025814,-1.124328,8.917316,14.368235,-0.061364,-0.015442,0.184924,7.976000,42.646010

-1.340465,2.571187,9.566367,14.359411,-0.006206,0.103134,0.100721,7.976000,42.646010

0.103732,-0.769865,8.579618,14.371176,0.038027,0.054638,0.019983,7.976000,42.646010

0.130077,0.885094,10.344748,14.359411,-0.158090,0.037850,0.035971,7.976000,42.646010

1.315612,1.529354,10.277688,14.362352,0.187512,0.150831,0.086333,7.980000,42.646010

0.508490,1.268297,9.554392,14.359411,-0.144500,0.078086,0.065282,7.976000,42.192988

-0.753685,-0.080099,8.696975,14.344706,-0.119453,0.031189,0.042899,7.976000,42.192988

0.410294,2.305340,10.337564,14.356470,0.111570,0.183605,0.083401,7.980000,42.192988

0.501305,-1.260844,8.009604,14.347647,-0.260145,0.090876,0.061552,7.976000,42.192988

-0.061525,1.366493,11.012959,14.359411,0.116367,0.217713,0.083401,7.980000,42.192988

-0.708180,-0.072914,8.701765,14.359411,-0.317701,-0.029032,0.126568,7.976000,42.192988

-0.724945,3.203472,12.888259,14.365294,-0.050705,0.086613,0.077539,7.976000,42.192988

0.740807,-1.100378,10.318403,14.377058,0.024171,0.097538,0.106051,7.976000,42.192988

-1.551227,3.610626,10.701606,14.362352,0.015111,0.175612,0.046630,7.976000,42.192988

0.407899,-1.854809,7.427614,14.362352,-0.014733,0.036785,-0.018654,7.972000,42.192988

-0.353717,1.740115,11.058464,14.371176,-0.086145,0.063964,-0.041569,7.972000,42.192988

1.701210,0.822823,10.069321,14.356470,0.188578,0.121786,0.025313,7.980000,42.192988

-0.847091,-1.246474,7.695856,14.356470,-0.061630,0.093808,-0.000268,7.980000,41.540292

-1.441056,1.598809,9.437036,14.374117,-0.086678,0.087146,-0.050096,7.976000,41.540292

0.451009,0.154613,10.071716,14.362352,0.011380,0.023461,0.021316,7.976000,41.540292

-0.423173,1.634735,10.672866,14.365294,-0.224439,0.087412,0.002130,7.976000,41.540292

-1.579967,3.862103,11.958991,14.371176,0.159267,0.211318,-0.024249,7.976000,41.540292

0.747992,-1.917079,6.258844,14.362352,-0.041912,-0.117764,-0.039971,7.976000,41.540292

-0.976422,2.025123,12.593672,14.359411,-0.142368,0.071691,-0.085802,7.972000,41.540292

1.380277,0.659962,9.837004,14.374117,0.150207,0.119654,-0.071680,7.976000,41.540292

0.209112,0.700677,7.949728,14.365294,0.017243,0.041847,-0.126305,7.976000,41.540292

0.106127,1.428763,9.175979,14.368235,-0.118653,0.090344,-0.140694,7.976000,41.540292

0.357604,3.004686,9.575947,14.365294,0.139549,0.190267,-0.134565,7.976000,41.540292

1.073714,-0.599819,9.051437,14.365294,-0.050172,-0.041289,-0.131900,7.976000,41.540292

0.884508,4.003409,9.987890,14.379999,0.003920,0.001612,-0.189989,7.976000,41.137135

-0.231571,1.241951,8.344907,14.368235,0.152606,0.040782,-0.155882,7.976000,41.137135

0.697697,0.698282,9.518467,14.377058,0.096382,-0.038358,-0.048498,7.980000,41.137135

-0.954867,1.136571,10.608200,14.377058,-0.105597,0.043979,-0.050096,7.976000,41.137135

-1.227899,1.962852,10.404624,14.385881,0.066005,0.117789,-0.038105,7.976000,41.137135

0.065411,1.021610,8.785590,14.377058,0.027635,-0.029565,-0.024516,7.980000,41.137135

0.467775,0.425250,10.272898,14.362352,0.017509,-0.096980,-0.004798,7.976000,41.137135

0.134867,0.576136,10.474079,14.377058,-0.093073,-0.084989,0.020516,7.976000,41.137135

0.817447,2.187984,10.361513,14.371176,0.064140,0.062898,-0.001334,7.976000,41.137135

0.292938,2.710098,7.168952,14.362352,0.103044,0.002944,0.002397,7.976000,41.137135

0.271383,-0.096864,9.228669,14.362352,-0.210316,-0.033029,-0.071946,7.972000,41.137135

-0.871041,1.608389,10.179492,14.365294,-0.043777,0.093541,-0.018387,7.976000,41.137135

0.333654,0.731812,10.086086,14.353529,0.121163,0.016533,-0.014124,7.980000,41.137135

-0.087870,0.425250,9.484936,14.379999,-0.134375,0.014668,-0.050629,7.980000,40.993103

-1.038693,3.074141,9.314890,14.385881,-0.035783,0.024527,-0.061288,7.972000,40.993103

-0.320187,-0.087284,10.102851,14.365294,-0.001943,-0.045286,-0.017588,7.976000,40.993103

0.436639,0.662357,8.529324,14.368235,-0.072022,-0.023169,-0.045566,7.980000,40.993103

-0.399222,1.639525,10.653706,14.365294,0.043356,-0.006649,-0.046899,7.976000,40.993103

-1.752409,0.894674,10.059741,14.377058,-0.058699,-0.015708,0.002930,7.976000,40.993103

-1.146469,1.958062,9.575947,14.374117,0.060942,0.023994,0.046363,7.972000,40.993103

-0.083080,0.243228,10.119617,14.388823,0.024171,-0.039957,0.039169,7.976000,40.993103

-0.202831,-0.779445,10.253737,14.379999,-0.095205,-0.101776,-0.004265,7.976000,40.993103

0.197137,0.844378,9.501701,14.374117,-0.219376,-0.060474,-0.043435,7.976000,40.993103

-1.448241,2.288575,10.301638,14.403528,0.032165,0.129780,-0.005331,7.980000,40.993103

1.116825,-0.269306,9.077783,14.388823,-0.003275,-0.103908,-0.023184,7.976000,40.993103

1.025814,2.849010,9.080178,14.382940,-0.026990,-0.051947,-0.075410,7.976000,41.192903

-0.691415,2.489757,9.460986,14.374117,0.064140,0.005076,-0.058623,7.976000,41.192903

-1.141679,-0.195060,9.837004,14.382940,0.053215,-0.048217,0.007193,7.976000,41.192903

0.201927,0.449200,9.233459,14.391764,-0.008071,-0.053013,-0.005331,7.976000,41.192903

-0.938102,1.059930,9.329260,14.385881,-0.034451,0.005076,-0.000268,7.976000,41.192903

-1.148864,1.201236,10.145962,14.400587,-0.027523,0.001878,0.026112,7.980000,41.192903

-1.915270,-0.111235,9.904064,14.388823,-0.011002,-0.023969,0.057022,7.976000,41.192903

0.815052,-0.017829,9.542417,14.377058,-0.084013,-0.010379,0.042899,7.976000,41.192903

0.407899,2.274205,10.148356,14.374117,-0.012068,0.108463,0.046363,7.976000,41.192903

-0.039970,1.764066,8.725715,14.379999,0.204033,0.124984,0.040501,7.976000,41.192903

-0.581244,-0.652509,8.026369,14.400587,0.067604,-0.052214,-0.088200,7.976000,41.192903

-0.621959,0.724627,10.023815,14.388823,-0.221774,-0.056477,-0.092197,7.976000,41.192903

1.085690,2.690938,11.345866,14.379999,0.274112,0.102068,-0.024516,7.976000,41.192903

0.474960,0.116292,7.540180,14.377058,-0.069358,-0.034361,-0.025582,7.976000,41.140304

-1.041088,1.007240,10.634545,14.379999,-0.050972,0.080484,-0.004798,7.976000,41.140304

-0.231571,-0.518388,8.519743,14.409410,-0.123183,-0.014110,0.028510,7.976000,41.140304

-1.239874,4.702755,10.859677,14.379999,0.028434,0.124984,0.015986,7.976000,41.140304

0.292938,0.109107,9.458591,14.379999,0.117699,0.055970,0.010657,7.976000,41.140304

-1.043483,1.148546,9.422666,14.382940,-0.085612,-0.028765,0.081803,7.972000,41.140304

-0.954867,1.514984,10.102851,14.391764,0.149941,0.130846,0.058887,7.980000,41.140304

-0.334557,-1.148278,9.216694,14.391764,-0.151162,-0.026900,0.065016,7.976000,41.140304

-1.505722,2.252650,11.925461,14.382940,0.035895,0.119654,0.039169,7.976000,41.140304

-0.550109,1.845496,8.632309,14.391764,-0.096004,0.101801,0.048495,7.976000,41.140304

-0.451913,-0.065729,9.971126,14.409410,-0.019796,-0.019972,-0.074078,7.972000,41.140304

-1.017138,2.468201,10.672866,14.412352,0.081194,-0.045019,-0.139628,7.976000,41.140304

0.601896,0.082762,9.140054,14.397646,0.117699,-0.018906,-0.084470,7.976000,41.140304

-0.538134,0.413275,8.299401,14.388823,-0.107728,0.015201,-0.106853,7.972000,40.992738

-1.730853,0.449200,10.145962,14.406469,-0.001143,-0.001053,-0.050896,7.972000,40.992738

-0.449518,0.849168,9.937595,14.394705,-0.004874,0.002411,-0.069015,7.976000,40.992738

-0.286657,2.458621,9.168794,14.397646,0.029233,0.015468,-0.055159,7.976000,40.992738

-0.554899,0.425250,9.870534,14.391764,-0.066693,0.000279,-0.055426,7.976000,40.992738

0.738412,2.190379,8.356882,14.400587,0.025769,-0.127623,-0.053027,7.976000,40.992738

-0.308212,1.232371,10.665681,14.406469,0.097981,-0.113500,-0.082338,7.980000,40.992738

-0.935707,0.853958,10.112432,14.400587,0.027368,-0.050882,-0.031444,7.976000,40.992738

-1.987120,2.451436,8.294611,14.403528,0.034563,0.045578,0.028510,7.976000,40.992738

-0.784821,-0.664484,9.293335,14.397646,-0.050705,0.014668,-0.050363,7.972000,40.992738

-1.903295,1.411998,9.616662,14.415293,-0.005940,-0.016774,-0.057024,7.976000,40.992738

0.175582,1.677845,10.083691,14.391764,0.107307,-0.075130,-0.089266,7.980000,40.992738

0.089361,1.050350,7.865902,14.406469,0.008449,-0.043154,-0.143625,7.972000,41.201948

-0.257916,0.822823,8.423943,14.412352,-0.098136,-0.059408,-0.078341,7.972000,41.201948

0.266593,1.665870,9.698093,14.406469,-0.065361,-0.077261,-0.062354,7.980000,41.201948

0.245038,0.834798,8.476633,14.391764,0.013246,-0.049549,-0.016788,7.976000,41.201948

-0.583639,1.768856,10.323193,14.406469,-0.035250,0.014135,0.004529,7.976000,41.201948

-0.095055,1.261111,9.415481,14.406469,-0.071756,0.017066,0.078072,7.976000,41.201948

-0.875831,1.431158,8.845466,14.403528,0.032165,0.012004,0.119640,7.976000,41.201948

-0.526159,0.449200,10.198652,14.418234,-0.100534,-0.054878,0.069545,7.972000,41.201948

-0.729735,1.189261,10.016630,14.403528,0.016177,0.040782,0.134829,7.976000,41.201948

-1.199159,0.535421,10.203442,14.415293,-0.151695,-0.091117,0.015986,7.976000,41.201948

-0.164511,1.993988,10.160332,14.415293,0.116633,-0.007448,-0.022917,7.976000,41.201948

0.544415,0.791688,9.547207,14.418234,0.023638,-0.080725,-0.013591,7.976000,41.201948

0.812657,2.077813,9.286150,14.397646,0.008716,0.028791,-0.014923,7.976000,41.201948

-0.559689,1.361702,9.161609,14.406469,0.009782,0.058635,-0.042102,7.980000,41.600400

-0.025599,1.483848,8.613149,14.424116,-0.048307,-0.044486,-0.037040,7.976000,41.600400

-0.107030,2.410721,10.033396,14.418234,0.052682,0.010671,-0.008795,7.976000,41.600400

-1.009952,0.909044,9.142448,14.421175,0.193374,0.033321,-0.007729,7.976000,41.600400

-1.223109,-0.801000,8.823911,14.418234,-0.127180,-0.034627,0.046363,7.980000,41.600400

-1.261430,2.082603,9.487331,14.400587,-0.055235,-0.000254,0.074075,7.976000,41.600400

-2.003886,0.327054,11.927856,14.424116,-0.137306,0.074889,0.116709,7.980000,41.600400

-1.941615,2.379586,9.144843,14.421175,0.068137,0.099403,0.063150,7.976000,41.600400

-1.687743,-0.549523,9.207114,14.424116,-0.102665,0.093008,0.037570,7.976000,41.600400

-2.245783,1.699400,10.066926,14.421175,-0.081881,0.100203,-0.003199,7.976000,41.600400

0.264198,1.215606,10.100456,14.400587,0.045754,0.043713,0.003196,7.980000,41.600400

-0.969237,1.304222,8.067084,14.421175,0.125426,0.123918,-0.036773,7.976000,42.009559

-1.172814,0.068392,7.585685,14.415293,-0.187401,0.106331,-0.003465,7.980000,42.009559

0.156422,3.234608,9.458591,14.400587,0.007384,0.060766,0.034106,7.980000,42.009559

0.776732,0.173773,8.895761,14.415293,0.092918,0.043180,-0.038372,7.980000,42.009559

-0.820746,1.519774,8.986773,14.435881,-0.167149,-0.011712,-0.019187,7.980000,42.009559

-0.138165,1.210816,9.755573,14.406469,0.035096,-0.073797,0.055956,7.976000,42.009559

-0.851881,1.210816,10.589040,14.409410,-0.118387,0.005076,0.005328,7.976000,42.009559

-1.905690,0.147428,10.498030,14.424116,0.143812,0.026126,0.021849,7.980000,42.009559

-2.358348,1.622760,7.667116,14.418234,-0.017930,0.042647,0.048495,7.976000,42.009559

-1.117728,-0.779445,9.132869,14.415293,-0.137839,0.030390,0.052758,7.980000,42.009559

-1.644633,2.580767,10.660891,14.438822,-0.026724,0.087146,0.027977,7.980000,42.009559

0.985099,2.199959,9.183164,14.424116,0.131022,-0.011445,0.060486,7.980000,42.009559

-0.001649,1.780831,7.928173,14.429998,0.019108,-0.004517,-0.028779,7.976000,42.453304

-1.285380,0.279154,8.962822,14.424116,-0.038714,-0.015975,0.038902,7.980000,42.453304

-0.478258,1.021610,10.929133,14.427057,-0.125581,0.110595,0.078072,7.976000,42.453304

-1.910480,0.820428,8.531718,14.432940,-0.015799,-0.087387,-0.027181,7.980000,42.453304

-1.797914,-0.005854,10.445339,14.429998,-0.034984,-0.082591,0.053291,7.980000,42.453304

-0.459098,1.888607,9.640613,14.435881,0.002054,-0.010646,0.060486,7.980000,42.453304

-0.990792,0.192933,9.537626,14.418234,0.055613,0.016001,0.051959,7.980000,42.453304

-1.747618,0.451595,9.880115,14.429998,-0.047774,0.046910,0.130832,7.980000,42.453304

-1.723668,1.491034,9.039463,14.418234,0.014844,0.134843,0.126568,7.980000,42.453304

-1.309330,0.315079,8.993958,14.427057,-0.089875,0.070092,0.021316,7.980000,42.453304

-1.424291,2.271810,9.563972,14.424116,0.117699,0.229970,-0.030112,7.980000,42.453304

1.083295,2.247860,9.106524,14.424116,0.032964,0.024261,-0.103922,7.984000,42.453304

1.607804,1.814361,8.802356,14.421175,0.003653,0.115391,-0.099658,7.980000,43.137793

-1.575177,1.761671,10.021420,14.412352,-0.013933,0.122586,-0.163876,7.984000,43.137793

-0.782426,1.191656,9.846584,14.429998,-0.022194,0.115125,-0.089000,7.984000,43.137793

-2.281708,1.323382,9.458591,14.418234,0.056946,0.078619,-0.155349,7.980000,43.137793

-2.672096,-0.549523,10.155541,14.444704,-0.060298,0.069027,-0.117245,7.980000,43.137793

-1.594337,0.377349,10.581855,14.444704,-0.047241,0.079419,-0.081272,7.984000,43.137793

-1.362020,1.270692,9.173584,14.441763,0.088655,0.097272,-0.147355,7.984000,43.137793

-1.670978,0.178563,9.398716,14.427057,-0.033652,0.062898,-0.063153,7.980000,43.137793

-1.903295,1.088670,10.627360,14.432940,-0.119186,0.085547,-0.032243,7.980000,43.137793

-0.430358,2.774764,8.970007,14.432940,0.072933,-0.042088,-0.026381,7.984000,43.137793

-0.324977,1.610784,8.426337,14.424116,0.012979,0.024527,-0.045033,7.984000,43.137793

-0.085475,0.391720,10.646521,14.432940,-0.015532,-0.038358,0.043432,7.984000,43.137793

1.291661,2.746024,10.787827,14.444704,0.067604,-0.045286,0.026378,7.980000,43.752566

0.503700,3.126832,8.014394,14.432940,0.198704,-0.246998,-0.094329,7.984000,43.752566

-1.144074,-1.141093,9.341235,14.438822,-0.078151,-0.286967,-0.047432,7.984000,43.752566

-3.436107,1.912557,10.622570,14.447645,0.039359,0.004543,0.015187,7.984000,43.752566

-1.271010,-2.297887,10.155541,14.444704,-0.041379,-0.041555,0.014654,7.984000,43.752566

0.640216,3.672896,9.674143,14.427057,0.007650,-0.048750,0.033839,7.980000,43.752566

-0.193251,3.054981,9.118498,14.435881,0.076131,-0.015975,0.039169,7.984000,43.752566

-0.260311,0.305499,10.383068,14.427057,-0.040846,-0.008248,0.101787,7.980000,43.752566

1.715580,1.428763,10.026211,14.435881,-0.109061,-0.107905,0.027977,7.984000,43.752566

0.736017,0.906649,8.450288,14.435881,-0.234031,-0.057543,0.001331,7.980000,43.752566

-0.229176,2.353240,11.460827,14.444704,-0.147698,-0.037026,0.022914,7.980000,43.752566

0.158817,1.380862,11.132710,14.441763,0.242137,0.075688,-0.030378,7.984000,44.050706

0.273778,0.288734,9.266990,14.432940,-0.066693,-0.152937,-0.065551,7.984000,44.050706

-0.392037,3.093302,8.103010,14.438822,0.122762,0.003477,-0.042635,7.988000,44.050706

-0.114215,1.313802,9.231064,14.432940,0.006851,-0.046618,-0.026648,7.988000,44.050706

-0.794401,-1.246474,8.816726,14.447645,0.017776,-0.025834,-0.028246,7.988000,44.050706

-1.453031,1.986803,9.765154,14.435881,-0.085079,-0.005050,-0.051695,7.984000,44.050706

0.211507,3.931558,9.128078,14.432940,0.180584,-0.063938,-0.125505,7.988000,44.050706

-2.981054,-0.207035,9.822634,14.432940,-0.044843,-0.002652,0.008259,7.984000,44.050706

-1.237479,1.359308,9.298124,14.468235,0.085191,-0.110836,-0.060488,7.988000,44.050706

-1.251849,0.741392,9.619058,14.447645,0.094517,-0.050615,-0.100991,7.984000,44.050706

-1.191974,0.487520,9.401111,14.438822,-0.090142,-0.103108,0.009591,7.984000,44.050706

-1.093778,0.410880,9.717253,14.450586,0.015111,0.035985,0.030109,7.984000,44.050706

-1.544042,1.500613,8.730505,14.438822,0.065472,0.050907,-0.018654,7.984000,44.820357

0.151632,0.880304,7.207272,14.462351,-0.056301,-0.069800,0.058087,7.984000,44.820357

-0.463888,0.899464,10.457314,14.447645,-0.036316,0.004809,0.098323,7.988000,44.820357

-1.479376,1.970037,9.647798,14.450586,0.057745,0.014668,0.084467,7.988000,44.820357

-0.432753,2.305340,8.304192,14.441763,0.036961,-0.039690,0.066348,7.988000,44.820357

0.254618,0.604876,8.476633,14.447645,-0.051771,-0.057810,0.078072,7.988000,44.820357

-0.892597,-0.353132,10.265713,14.453527,0.041491,-0.015176,0.049561,7.984000,44.820357

-1.026718,-0.044174,9.518467,14.444704,-0.066427,0.001878,0.069012,7.984000,44.820357

1.476078,3.296878,8.593988,14.427057,-0.050705,0.041048,-0.010127,7.988000,44.820357

0.187557,0.937784,8.922107,14.450586,-0.007805,-0.007981,-0.098326,7.988000,44.820357

0.079781,-0.092074,9.810658,14.447645,-0.113324,-0.003984,-0.081539,7.984000,44.820357

1.804196,3.059771,10.052556,14.418234,0.038293,0.015734,-0.167073,7.992000,45.242096

1.212626,2.125714,10.433364,14.441763,0.016976,-0.230477,-0.170004,7.988000,45.242096

-1.984725,-0.080099,9.262199,14.456469,0.132887,-0.068202,-0.127903,7.988000,45.242096

-1.613497,0.834798,10.883628,14.465292,-0.080283,0.031189,-0.108718,7.988000,45.242096

-1.989516,1.112620,9.207114,14.462351,-0.018197,0.082350,-0.074078,7.988000,45.242096

0.522860,0.995264,8.771220,14.453527,-0.003541,-0.165727,-0.094329,7.988000,45.242096

0.187557,0.588111,10.852492,14.450586,-0.110393,-0.071133,-0.073012,7.988000,45.242096

-1.326095,1.586834,11.377002,14.462351,0.014844,0.066095,-0.011459,7.992000,45.242096

-0.449518,3.280113,7.592870,14.459410,0.111837,-0.089785,-0.019986,7.988000,45.242096

-2.154772,-0.197455,8.996352,14.471176,-0.116788,-0.050882,-0.005597,7.988000,45.242096

-0.621959,0.628826,11.080019,14.453527,-0.016065,-0.084456,0.020783,7.988000,45.242096

-0.279472,0.351004,10.792617,14.480000,0.058011,-0.056744,0.024513,7.984000,45.242096

-2.411039,1.546119,9.707673,14.474117,0.082792,-0.018373,-0.014124,7.988000,45.643621

0.314493,-0.551918,9.880115,14.471176,-0.096537,-0.026101,0.090329,7.992000,45.643621

-1.999095,1.756881,11.671589,14.456469,0.007384,-0.022903,0.068746,7.988000,45.643621

1.883231,2.983131,7.865902,14.471176,-0.033918,-0.185978,0.103386,7.992000,45.643621

-1.704508,0.221673,9.954360,14.465292,0.009782,-0.057277,0.075674,7.992000,45.643621

-2.046996,0.034862,9.932805,14.462351,-0.011269,-0.062339,0.022382,7.992000,45.643621

1.061739,2.149664,10.004656,14.474117,0.136884,0.058102,-0.039171,7.992000,45.643621

1.437757,1.198841,8.831096,14.465292,-0.068558,0.021863,0.012256,7.992000,45.643621

0.779127,1.886212,10.541140,14.468235,-0.117854,0.083948,-0.060488,7.992000,46.313457

1.272501,1.354517,9.283754,14.471176,-0.039247,0.042380,-0.051695,7.992000,46.313457

1.732345,1.764066,7.772497,14.456469,0.157668,0.002677,-0.090599,7.992000,46.313457

-0.073500,1.603599,8.972402,14.477058,-0.007005,0.037850,-0.075943,7.996000,46.313457

-1.347650,1.857471,10.162726,14.447645,0.096382,0.093541,-0.069815,7.992000,46.313457

0.316888,2.159244,8.783195,14.444704,0.101978,-0.002652,-0.055958,7.992000,46.313457

-1.723668,0.614456,10.136381,14.447645,-0.007005,0.046644,-0.019720,7.996000,46.313457

-1.539252,-0.180690,11.242881,14.465292,-0.112525,0.064230,0.055156,7.992000,46.313457

-0.226781,2.017938,9.420271,14.471176,-0.044310,-0.010912,-0.014657,7.992000,46.313457

-0.756080,1.203631,10.143566,14.471176,0.151540,0.016533,-0.102056,7.996000,46.313457

-0.564479,-0.496833,8.644284,14.471176,-0.113324,-0.026101,-0.049297,7.992000,46.313457

0.146842,1.993988,9.389135,14.471176,-0.020329,0.036252,-0.103122,7.992000,47.088839

1.095270,1.491034,10.284873,14.453527,0.017243,-0.073531,-0.128170,7.992000,47.088839

1.119220,1.234766,8.184441,14.456469,0.045754,0.013602,-0.077275,7.992000,47.088839

0.074991,1.974827,9.056228,14.459410,-0.129845,0.033854,-0.037040,7.996000,47.088839

-0.727340,1.371283,8.890971,14.468235,-0.026191,0.021063,-0.025315,7.996000,47.088839

-0.530949,1.955667,9.465776,14.471176,0.058011,0.045311,0.022115,7.996000,47.088839

-0.142955,0.255203,9.963940,14.468235,-0.098402,0.056769,-0.002932,7.992000,47.088839

-2.696046,0.992869,12.984059,14.494705,-0.089875,0.085014,-0.024782,7.996000,47.088839

-1.177604,1.732930,9.049043,14.471176,0.096116,0.041314,-0.037040,7.996000,47.088839

0.388739,0.482730,8.000024,14.462351,-0.094139,-0.023169,-0.094596,7.992000,47.088839

0.987494,0.837193,9.434641,14.468235,-0.171679,-0.076995,-0.053560,7.992000,47.088839

1.155145,1.941297,9.082573,14.456469,0.030299,-0.051148,-0.090599,7.996000,47.338465

1.152750,1.615574,9.310100,14.465292,-0.000610,-0.151871,-0.139628,7.996000,47.338465

0.527650,2.022728,7.985653,14.474117,0.066272,-0.025568,-0.058357,7.996000,47.338465

-2.466124,-1.337485,9.381950,14.471176,-0.144767,-0.043421,0.024780,7.996000,47.338465

-1.548832,1.105435,10.845307,14.468235,-0.009670,0.059700,0.039435,7.992000,47.338465

-0.729735,1.752090,9.420271,14.456469,0.004452,0.024261,0.080737,7.996000,47.338465

-1.218319,0.319869,10.311218,14.450586,-0.024059,0.013336,0.073809,7.996000,47.338465

-1.759594,0.595296,11.817685,14.474117,-0.096537,0.029590,0.052492,7.996000,47.338465

1.334772,2.065838,9.377160,14.477058,-0.071756,-0.083923,0.089530,7.992000,47.338465

-0.569269,2.690938,9.858560,14.471176,0.128357,0.043713,-0.020519,7.996000,47.338465

-0.748895,-0.128000,9.216694,14.468235,0.003120,-0.042088,-0.016788,7.996000,47.338465

-0.133375,1.713770,8.409573,14.459410,0.039625,0.002677,-0.020519,7.992000,47.949665

-0.770451,0.037257,9.729228,14.477058,-0.079483,0.089278,0.012256,7.996000,47.949665

-0.605194,0.897069,8.795171,14.468235,-0.119719,-0.017840,-0.014124,7.996000,47.949665

-0.969237,0.401300,9.992681,14.462351,-0.046442,0.050641,0.023714,7.996000,47.949665

0.664166,1.225186,10.155541,14.471176,-0.056834,-0.003984,-0.028513,7.996000,47.949665

0.204322,3.100487,7.983259,14.459410,0.002321,0.073024,0.041300,7.996000,47.949665

0.357604,1.112620,8.318562,14.462351,-0.059499,0.011204,0.021582,7.996000,47.949665

-1.407526,0.322264,9.413086,14.468235,0.039093,0.060233,-0.007462,7.996000,47.949665

-1.124913,-0.084889,11.582973,14.474117,-0.155425,0.013869,-0.064485,7.996000,47.949665

-1.476981,3.198682,9.736413,14.474117,0.058278,0.073556,-0.062620,7.996000,47.949665

0.491725,0.154613,9.894485,14.488823,0.074799,0.047177,-0.060488,7.996000,47.949665

-0.629144,1.651500,10.644126,14.480000,-0.045376,0.030922,-0.031177,7.996000,48.622100

-0.463888,2.348450,10.078901,14.480000,-0.013667,-0.041555,0.002663,7.996000,48.622100

-1.860184,-0.096864,10.181887,14.480000,0.107840,0.016267,0.009591,8.000000,48.622100

-0.284262,0.580926,10.057346,14.468235,-0.056567,0.033321,0.009325,8.000000,48.622100

-0.159721,2.022728,10.038186,14.468235,0.041757,0.083948,0.037303,7.996000,48.622100

0.424664,1.191656,9.336445,14.459410,-0.001143,0.018399,0.018385,7.996000,48.622100

-1.292565,0.317474,9.676538,14.477058,0.003653,-0.021837,-0.030911,8.000000,48.622100

0.666561,2.252650,8.593988,14.485882,-0.030987,-0.133485,-0.051429,8.000000,48.622100

-0.653095,1.311407,9.465776,14.482941,0.132354,-0.028232,-0.083404,7.996000,48.622100

-0.655490,-0.077704,9.513677,14.477058,0.007650,-0.080992,-0.090599,7.996000,48.622100

-0.885411,2.508917,10.026211,14.480000,0.056679,-0.015975,-0.032510,8.000000,49.278660

0.252223,1.364097,9.223879,14.497646,0.071601,0.019465,-0.007995,7.996000,49.278660

-0.732130,1.320987,8.323352,14.468235,-0.100267,-0.007981,-0.018387,7.996000,49.278660

-1.251849,1.227581,10.998589,14.497646,0.109705,0.013869,-0.002133,8.000000,49.278660

-0.782426,-0.336366,9.195139,14.491764,-0.005140,-0.072199,-0.021318,8.000000,49.278660

-2.224227,1.457503,10.864468,14.474117,0.036694,0.068494,0.036504,8.000000,49.278660

-1.802704,1.117410,8.828701,14.480000,0.012713,0.070892,0.069012,8.000000,49.278660

-1.500932,0.580926,7.439589,14.459410,0.008982,-0.005050,0.032241,8.000000,49.278660

-1.340465,-2.017670,10.095666,14.474117,-0.085345,0.029057,-0.006929,8.000000,49.278660

-1.541647,2.480176,9.190349,14.480000,-0.044577,0.037051,-0.043701,8.000000,49.278660

-1.110543,1.711375,10.538745,14.477058,-0.046175,0.018132,-0.033576,7.996000,49.278660

-1.575177,0.844378,11.309941,14.482941,-0.138371,-0.015708,-0.043435,8.000000,49.681532

-0.952472,0.406090,9.714858,14.474117,0.149674,0.058635,-0.018121,8.004000,49.681532

-2.159562,-0.022619,10.145962,14.485882,-0.119186,0.033854,0.002397,8.000000,49.681532

-2.032626,1.888607,11.161449,14.477058,-0.154093,0.067694,0.046630,8.000000,49.681532

0.946778,0.753367,9.049043,14.471176,0.031898,0.008007,0.066081,8.000000,49.681532

0.063016,1.081485,11.563813,14.500587,0.006851,-0.020771,0.028244,8.000000,49.681532

0.039066,2.001173,9.346025,14.488823,0.065739,-0.054612,-0.055692,8.004000,49.681532

-2.485285,3.284903,7.171347,14.456469,0.157135,-0.070866,-0.019187,8.000000,49.681532

-1.405131,-3.691789,8.766430,14.474117,-0.019263,0.034919,0.014388,8.000000,49.681532

-1.857789,-0.602214,11.348262,14.482941,-0.162886,0.004010,-0.027713,8.000000,49.681532

-0.669860,2.341265,8.165280,14.500587,-0.136240,-0.000787,-0.001067,8.000000,49.950680

0.292938,2.283785,9.602292,14.471176,0.010048,0.091676,0.054890,8.000000,49.950680

0.546810,-0.032199,8.323352,14.485882,-0.056834,0.069293,0.004529,8.000000,49.950680

-0.243546,0.494705,10.021420,14.491764,-0.048041,0.015468,-0.053560,8.004000,49.950680

0.568365,2.041888,10.351933,14.485882,0.085457,0.067694,-0.078075,8.000000,49.950680

-0.281867,1.170101,8.311377,14.482941,-0.107995,0.116190,0.010391,8.000000,49.950680

-0.176486,0.106712,9.374765,14.485882,-0.228702,0.051707,0.022382,8.000000,49.950680

0.113312,0.590506,9.911250,14.477058,-0.008071,0.062631,-0.042102,8.000000,49.950680

1.459313,-0.025014,9.580737,14.482941,-0.182338,-0.033029,-0.055159,8.000000,49.950680

-0.449518,3.617811,10.059741,14.491764,0.058011,0.088478,-0.073811,8.000000,49.950680

0.094152,2.204749,11.714700,14.491764,-0.001143,0.067961,-0.048764,8.004000,49.841850

0.230668,0.523446,8.320956,14.480000,0.020973,-0.022104,-0.063686,8.000000,49.841850

-0.480653,1.320987,8.493398,14.482941,-0.009137,-0.015176,-0.090066,8.000000,49.841850

-1.824259,2.583162,9.870534,14.485882,0.104376,0.169483,-0.006130,8.004000,49.841850

0.340838,-2.853532,8.593988,14.491764,-0.197793,-0.040756,-0.073012,8.004000,49.841850

-0.576454,6.067916,13.580420,14.497646,0.075598,0.111927,0.000798,8.000000,49.841850

-0.657885,1.708980,11.729070,14.509411,0.070535,0.225440,-0.011193,8.000000,49.841850

-0.511788,-1.936239,9.942385,14.497646,-0.235364,-0.031696,0.002930,8.000000,49.841850

-0.729735,1.879027,10.332773,14.512352,0.058011,0.001878,-0.108185,8.004000,49.841850

-1.280590,-0.171110,9.666958,14.500587,0.070802,0.049841,-0.121775,8.000000,49.841850

0.518070,1.785621,10.756692,14.497646,0.202434,0.044246,-0.166540,8.000000,49.841850

0.348024,0.710257,8.852651,14.500587,-0.042978,0.050108,-0.135364,8.000000,49.434624

-0.966842,0.734207,8.673024,14.497646,-0.053636,0.072491,-0.106053,8.000000,49.434624

-0.138165,0.818033,9.489726,14.488823,0.032697,0.040515,-0.052494,8.000000,49.434624

-0.324977,-0.154345,10.838122,14.485882,-0.178074,-0.021038,-0.037040,8.004000,49.434624

0.465380,2.276600,11.048884,14.494705,0.295429,0.108463,-0.086868,8.000000,49.434624

-1.177604,-1.306349,9.104128,14.506470,-0.225771,-0.116165,-0.022917,8.000000,49.434624

-0.878226,1.165311,10.198652,14.503529,0.050284,0.034653,-0.067416,8.000000,49.434624

0.041461,-2.369738,7.398874,14.506470,-0.054702,-0.034627,-0.090332,8.000000,49.434624

0.537230,1.004844,9.595107,14.488823,-0.044843,0.032521,-0.195851,8.004000,49.434624

-0.183671,-0.755495,9.755573,14.503529,-0.083480,-0.020238,-0.217968,8.000000,49.434624

0.618661,3.907608,11.036909,14.497646,0.246134,0.038117,-0.209441,8.000000,48.453456

-1.213529,0.695887,9.666958,14.515293,0.020707,0.033587,-0.128170,8.000000,48.453456

-0.926127,1.229976,9.820239,14.503529,0.171524,0.057569,-0.047165,8.000000,48.453456

-0.820746,-1.917079,8.522139,14.494705,-0.205786,-0.061540,-0.055958,8.000000,48.453456

-0.928522,5.373360,11.796130,14.509411,0.188578,0.127382,-0.037573,8.000000,48.453456

0.707277,-1.651232,7.856322,14.491764,-0.079750,-0.223816,-0.047698,8.000000,48.453456

-1.694928,1.452713,12.126643,14.491764,0.053482,-0.057810,-0.027980,8.000000,48.453456

0.142052,-2.000905,6.632467,14.506470,0.082526,-0.105773,-0.036773,8.000000,48.453456

-1.017138,1.632339,9.537626,14.500587,-0.212182,-0.027166,0.009858,8.000000,48.453456

-2.049391,1.371283,11.123130,14.518234,-0.001676,0.038916,-0.022118,8.000000,48.453456

0.506095,0.904254,9.731624,14.538822,0.125160,-0.152937,-0.140427,8.000000,47.724221

-1.177604,0.327054,11.372211,14.532940,0.015377,-0.052214,-0.116978,8.000000,47.724221

-0.207621,1.160521,8.589199,14.532940,0.066005,0.010138,-0.082338,8.000000,47.724221

-0.964447,2.197564,8.766430,14.521175,0.049751,0.089811,0.017052,8.000000,47.724221

-0.396827,-2.906222,11.726674,14.544704,-0.258280,-0.001053,-0.053294,8.000000,47.724221

-0.107030,6.657091,11.669194,14.535881,0.530982,0.285927,-0.040770,8.000000,47.724221

-0.063920,-2.364948,5.142766,14.524117,-0.239627,-0.248064,-0.035974,8.000000,47.724221

-2.200277,2.113739,10.977034,14.538822,0.041757,0.119388,-0.012525,8.000000,47.724221

0.185162,-3.449892,10.383068,14.538822,-0.095205,-0.075929,-0.078341,8.000000,47.724221

-0.418383,-1.033317,7.619215,14.527058,-0.149829,-0.020771,-0.089799,8.000000,47.724221

-1.874555,4.202196,11.039304,14.527058,-0.050972,0.128981,-0.014390,8.000000,47.724221

0.843793,-1.888339,11.048884,14.535881,-0.024059,-0.100976,-0.126571,7.996000,47.724221

0.122892,1.586834,8.718530,14.515293,0.094783,0.005875,-0.165208,8.000000,47.277704

0.525255,-0.029804,9.769943,14.515293,0.002321,-0.006915,-0.138295,8.000000,47.277704

-0.595614,2.149664,10.248947,14.518234,0.124361,0.151896,-0.077275,8.004000,47.277704

-0.418383,2.441856,8.486213,14.527058,-0.250019,-0.009313,-0.099658,8.000000,47.277704

0.822237,2.350845,10.857283,14.518234,0.295696,0.150831,-0.173202,8.000000,47.277704

0.721647,-2.434404,8.582014,14.512352,-0.196727,-0.056477,-0.147888,8.004000,47.277704

-1.144074,2.176009,13.204402,14.518234,-0.021128,0.231302,-0.182262,8.000000,47.277704

-1.019533,3.043006,9.566367,14.541763,0.212293,0.205722,-0.174534,8.000000,47.277704

-0.854276,0.025282,7.916198,14.521175,-0.233765,0.071958,-0.195585,8.000000,47.277704

-2.205067,0.758158,9.511281,14.529999,0.000455,0.140971,-0.214237,7.996000,47.277704

-0.566874,3.744747,8.304192,14.544704,0.027901,-0.010912,-0.272060,7.996000,46.907498

-0.289052,1.342542,7.822792,14.521175,0.000722,-0.010113,-0.193453,8.000000,46.907498

-0.497418,-1.347065,11.386581,14.532940,-0.059232,-0.073797,-0.206243,8.004000,46.907498

-0.873436,1.816756,15.031801,14.544704,0.085990,-0.008514,-0.279520,8.000000,46.907498

0.273778,3.569910,8.510163,14.524117,0.362844,0.019465,-0.251542,8.000000,46.907498

-0.109425,0.932994,4.752377,14.535881,0.004452,-0.229678,-0.100191,8.000000,46.907498

-1.366810,-1.445261,12.687078,14.550587,-0.272402,-0.087120,-0.120709,8.000000,46.907498

-2.214647,1.280272,9.559182,14.535881,0.114768,-0.220352,-0.258736,8.000000,46.907498

-2.121242,4.092025,7.334208,14.535881,0.056146,-0.065803,-0.119643,8.000000,46.907498

-1.500932,-1.282399,10.984219,14.529999,-0.203921,-0.143877,-0.138029,8.000000,46.907498

0.034276,1.629945,14.136065,14.524117,0.132621,-0.169990,-0.173202,8.000000,46.907498

-1.512907,0.458780,8.455077,14.535881,0.226682,-0.126823,-0.126038,8.000000,46.878044

-0.492628,1.876631,9.204719,14.556469,-0.144234,-0.224615,-0.037573,8.000000,46.878044

-0.363297,2.154454,9.635822,14.529999,0.095849,-0.086055,-0.008528,8.000000,46.878044

0.249828,0.415670,10.802197,14.547646,0.039359,-0.307751,-0.037040,8.000000,46.878044

-0.928522,2.513707,9.621452,14.538822,0.239206,-0.204097,0.005861,8.000000,46.878044

-0.490233,1.493428,8.138935,14.544704,-0.073088,-0.242468,0.087931,8.000000,46.878044

-0.255521,-0.324391,9.875324,14.541763,0.024970,-0.215022,0.128167,8.000000,46.878044

-1.033903,2.298155,10.289662,14.547646,0.103044,-0.122027,0.140691,8.000000,46.878044

0.127682,1.723350,8.658654,14.544704,0.011913,-0.141745,0.105251,8.000000,46.878044

-1.958380,1.110225,8.811935,14.568233,0.077996,-0.112967,0.065815,8.000000,46.878044

-0.437543,0.755763,11.439272,14.568233,-0.011535,-0.205163,0.117242,8.000000,46.878044

-0.248336,2.020333,9.446616,14.550587,0.092918,0.002944,0.131098,8.000000,46.909402

-0.444728,1.543724,9.686118,14.538822,0.059610,-0.080192,0.043699,8.000000,46.909402

-1.575177,0.485125,9.736413,14.562351,0.051350,-0.063405,0.061285,8.004000,46.909402

-0.746500,0.818033,9.719648,14.571175,-0.060031,-0.057010,0.049294,8.000000,46.909402

0.606686,1.440738,9.908854,14.550587,0.031898,-0.052214,0.009591,8.000000,46.909402

-0.413593,1.481453,9.061018,14.547646,-0.067492,0.006141,0.036238,8.004000,46.909402

-1.460216,0.554581,11.422507,14.559410,0.090520,-0.057277,0.033839,8.000000,46.909402

-0.674650,1.565279,9.243039,14.547646,0.062008,-0.062073,0.042366,8.004000,46.909402

-0.047155,1.790411,7.729386,14.553528,-0.105863,-0.013310,0.017585,8.004000,46.909402

-1.469796,0.331844,10.016630,14.562351,-0.021661,-0.017307,-0.041569,8.004000,46.909402

-0.689020,1.510194,11.250066,14.550587,0.154204,-0.166260,-0.036773,8.004000,46.909402

-1.223109,0.286339,9.525652,14.556469,0.095583,-0.051947,-0.053827,8.000000,47.055809

-2.286498,2.975945,7.475514,14.550587,-0.122650,-0.004517,-0.006929,8.000000,47.055809

-1.026718,-1.282399,9.779524,14.550587,0.006584,-0.045019,-0.016522,8.000000,47.055809

-0.365692,0.655172,10.931528,14.571175,-0.082148,-0.097512,-0.029845,8.000000,47.055809

0.331258,3.172337,8.541298,14.577057,0.002854,-0.027166,-0.045833,8.000000,47.055809

-1.517697,2.520892,8.249105,14.577057,-0.027523,-0.022903,0.042633,8.000000,47.055809

-0.681835,-1.347065,10.373488,14.562351,-0.102665,-0.131620,0.039169,8.000000,47.055809

-1.227899,1.637130,10.560300,14.568233,0.147809,-0.024502,0.038636,8.004000,47.055809

-0.277076,2.650223,8.838281,14.568233,-0.012335,-0.159332,0.019450,8.004000,47.055809

-1.661398,1.385653,8.802356,14.574116,0.063074,-0.118297,-0.045833,8.004000,47.055809

-0.981212,-1.313534,10.876443,14.577057,0.061475,-0.247797,0.062617,8.004000,47.055809

-1.603917,0.825218,11.120734,14.571175,-0.041646,-0.023169,0.067147,8.000000,47.286236

-2.308053,2.841825,8.917316,14.556469,0.135552,0.018932,0.047962,8.000000,47.286236

-0.018414,1.704190,7.868298,14.568233,0.000189,-0.145742,0.122038,8.008000,47.286236

-0.444728,-0.242961,10.761481,14.577057,0.000722,-0.032496,0.181726,8.004000,47.286236

-0.138165,2.791529,9.468171,14.565292,0.040425,-0.114833,0.150284,8.004000,47.286236

-1.383576,1.462293,9.288545,14.562351,-0.104797,-0.086321,0.155613,8.000000,47.286236

-0.267496,0.604876,11.168635,14.582939,0.035629,-0.046885,0.225426,8.000000,47.286236

0.759967,0.918624,8.447892,14.579998,0.068137,-0.058342,0.216366,8.004000,47.286236

-0.813561,-0.635744,8.364067,14.577057,-0.051505,0.065030,0.142023,8.004000,47.286236

-0.760870,1.838311,8.670630,14.559410,-0.158356,-0.014643,0.133763,8.004000,47.286236

1.215021,1.847891,11.000983,14.579998,0.008982,-0.015975,0.140158,8.000000,47.286236

0.736017,1.404813,9.326865,14.568233,0.114768,0.116457,0.103653,8.004000,47.576242

0.676141,2.087393,9.096943,14.568233,0.016177,0.092209,0.063150,8.004000,47.576242

-0.665070,1.337752,8.459867,14.597647,-0.092540,0.029857,0.087132,8.000000,47.576242

1.289266,0.075577,10.490845,14.565292,-0.019263,-0.087387,0.073276,8.004000,47.576242

-1.924850,-0.025014,10.869258,14.579998,0.018841,0.170016,0.015986,8.004000,47.576242

-1.385971,-0.001064,11.000983,14.588821,-0.089342,0.109795,0.045830,8.004000,47.576242

0.649796,3.579490,8.519743,14.577057,0.030832,0.122319,0.070611,8.004000,47.576242

-0.760870,0.935389,8.019184,14.579998,0.067338,0.144702,0.002930,8.004000,47.576242

-0.971632,-2.271542,8.217971,14.585880,-0.203122,0.131912,-0.025582,8.004000,47.576242

-1.014742,0.885094,10.754296,14.585880,-0.163152,0.072224,-0.052494,8.004000,47.576242

0.786312,2.652618,10.320798,14.574116,0.088921,0.135376,-0.000801,8.004000,47.576242

-1.560807,2.573582,9.032277,14.594706,0.043089,0.228904,-0.014124,8.004000,47.576242

-1.460216,0.046837,8.502978,14.588821,-0.093872,0.150831,0.035438,8.008000,47.576242

0.230668,2.123319,9.346025,14.591763,0.013246,0.170016,0.007193,8.004000,47.576242

1.631754,0.588111,9.899275,14.579998,-0.079483,0.016001,-0.037573,8.004000,47.576242

1.279686,3.090906,9.142448,14.594706,0.042290,0.032255,-0.054626,8.004000,47.576242

1.255736,2.003568,8.986773,14.597647,-0.045110,-0.068202,-0.063686,8.004000,47.576242

0.898878,0.647987,10.246552,14.588821,0.146477,-0.045019,-0.081539,8.008000,47.576242

-1.462611,1.426368,7.547365,14.603529,0.099580,0.084481,-0.061021,8.004000,47.576242

-1.462611,-0.839321,7.798842,14.594706,-0.244956,0.167884,-0.013857,8.004000,47.576242

-1.330885,0.885094,8.682605,14.582939,-0.224172,0.038383,-0.071147,8.004000,47.576242

-0.418383,0.140242,13.779206,14.591763,0.004719,-0.003451,-0.041836,8.004000,47.576242

-0.650700,2.346056,10.536350,14.591763,0.136884,-0.031163,-0.121508,8.004000,24.111882

-1.378785,2.647828,7.262358,14.603529,0.052416,-0.034627,-0.096194,8.008000,24.111882

-1.484166,0.669542,8.562854,14.588821,-0.210050,-0.086055,0.005594,8.004000,24.111882

0.060621,0.015701,10.878838,14.597647,-0.033652,0.041847,0.037836,8.004000,24.111882

-0.217201,1.194051,9.714858,14.600588,0.139549,0.013602,-0.011193,8.004000,24.111882

-1.091383,1.692215,9.116103,14.606470,-0.030721,-0.079659,-0.007995,8.004000,24.111882

-0.370482,2.571187,9.525652,14.603529,0.091852,-0.078860,0.050360,8.008000,24.111882

-1.158444,0.937784,8.632309,14.591763,0.078529,-0.045819,0.093261,8.004000,24.111882

-1.218319,1.929322,10.167517,14.603529,-0.086145,-0.084722,0.066614,8.004000,24.111882

0.424664,1.541329,10.409413,14.591763,0.034296,-0.051947,0.073009,8.004000,24.111882

0.855768,2.338870,9.192744,14.594706,-0.030188,0.021063,0.036770,8.004000,48.951198

-0.947682,1.479059,9.542417,14.588821,0.091053,-0.045819,0.071411,8.004000,48.951198

0.985099,0.801268,8.752060,14.600588,-0.052038,-0.044753,0.107383,8.008000,48.951198

2.026932,2.798714,9.626243,14.591763,0.056946,0.032521,0.087665,8.008000,48.951198

0.185162,2.501732,8.067084,14.591763,0.026036,-0.087387,0.058087,8.004000,48.951198

-0.595614,-0.623769,10.675261,14.603529,-0.046442,-0.100710,0.145221,8.004000,48.951198

-0.437543,0.456385,8.277846,14.588821,0.038826,0.091143,0.114311,8.008000,48.951198

0.158817,0.317474,9.384345,14.594706,-0.197793,0.049042,0.043432,8.008000,48.951198

-0.284262,2.367611,9.774734,14.597647,-0.112791,0.076754,0.007460,8.008000,48.951198

2.297570,1.052745,10.557905,14.609411,0.046021,-0.038091,0.012522,8.008000,48.951198

1.516793,3.162757,9.772339,14.582939,-0.041379,0.174546,0.002397,8.004000,48.951198

1.229391,2.707703,7.935358,14.597647,0.137417,0.010138,-0.012259,8.008000,48.951198

-0.497418,0.360584,9.769943,14.574116,-0.008871,-0.118563,-0.043968,8.008000,48.951198

-1.740433,0.384534,10.718371,14.597647,-0.013134,0.031988,-0.018920,8.008000,48.951198

-1.718878,1.565279,10.632151,14.597647,-0.033652,0.119388,-0.035974,8.008000,48.951198

-0.885411,1.117410,9.647798,14.594706,-0.051505,0.027192,-0.003998,8.008000,48.951198

-0.104635,2.080208,11.987732,14.571175,-0.011002,0.006941,-0.014124,8.008000,48.951198

-0.253126,2.872960,9.472961,14.585880,0.097181,-0.050615,-0.082072,8.008000,48.951198

-2.643356,-0.513598,9.465776,14.594706,0.112370,0.003477,-0.120709,8.008000,48.951198

-0.301027,-0.111235,9.726833,14.591763,-0.145566,-0.042888,-0.018387,8.004000,48.951198

-1.160839,1.500613,9.228669,14.603529,0.013779,0.132711,-0.078608,8.008000,24.858332

0.745597,1.206026,9.683722,14.591763,-0.057633,-0.013843,-0.003465,8.004000,24.858332

-0.542924,3.107671,9.415481,14.588821,0.074266,-0.061274,-0.000268,8.008000,24.858332

-0.768055,0.243228,10.179492,14.612352,-0.012868,-0.078860,0.044498,8.012000,24.858332

-1.862579,0.841983,10.893208,14.585880,0.058278,-0.111369,0.080204,8.012000,24.858332

-3.184630,0.784503,9.528047,14.585880,-0.005140,-0.088986,0.079671,8.008000,24.858332

-2.547555,-0.817765,9.027488,14.582939,0.047886,-0.152937,0.179061,8.012000,24.858332

-1.572782,0.930599,10.488449,14.591763,-0.062963,-0.125758,0.159876,8.012000,24.858332

-1.417106,2.123319,9.108918,14.582939,-0.070690,-0.116964,0.124703,8.008000,24.858332

-1.735643,0.947364,9.245434,14.588821,0.060143,-0.064205,0.137760,8.012000,24.858332

1.250946,-0.865666,11.111155,14.591763,0.064939,-0.121228,0.154547,8.008000,50.171404

0.398319,2.427486,9.798684,14.577057,-0.058433,-0.181182,0.166005,8.008000,50.171404

-0.521369,1.811966,8.476633,14.574116,0.096648,-0.064738,0.156945,8.008000,50.171404

-1.397946,0.080367,9.911250,14.588821,-0.065094,-0.069001,0.168936,8.012000,50.171404

0.264198,1.083880,10.193862,14.600588,0.018841,0.031988,0.166005,8.004000,50.171404

0.568365,2.686148,10.110036,14.582939,0.099580,0.028524,0.151349,8.012000,50.171404

-0.823141,1.122200,9.674143,14.585880,0.025237,0.076221,0.152948,8.012000,50.171404

-0.839906,1.400023,9.175979,14.594706,0.057745,0.108197,0.147352,8.008000,50.171404

-0.583639,0.415670,8.411967,14.600588,-0.018197,0.161489,0.075674,8.012000,50.171404

-1.450636,1.831126,9.911250,14.603529,-0.064028,0.022662,0.046896,8.008000,50.171404

0.259408,0.968919,10.795012,14.594706,0.045488,0.124184,0.054623,8.012000,50.530526

-1.517697,1.517379,10.205837,14.606470,-0.008071,0.159357,-0.034908,8.008000,50.530526

-1.395551,1.016820,8.579618,14.603529,-0.020595,0.055970,0.036770,8.012000,50.530526

0.458195,0.022887,9.204719,14.574116,-0.151961,0.069826,0.044498,8.008000,50.530526

-1.508116,0.501890,11.094389,14.579998,-0.011269,0.216647,0.058887,8.012000,50.530526

0.125287,0.889884,9.324470,14.600588,-0.059765,0.160157,0.016253,8.012000,50.530526

0.989889,2.228699,7.942543,14.594706,-0.026724,0.089544,0.012789,8.012000,50.530526

0.860558,0.937784,9.899275,14.585880,-0.018730,0.128181,-0.004798,8.012000,50.530526

0.357604,2.082603,8.795171,14.600588,-0.094672,0.090344,-0.004531,8.008000,50.530526

-0.674650,2.211934,8.651469,14.588821,0.103843,0.184671,-0.107652,8.008000,50.530526

1.243761,1.239557,8.435918,14.594706,0.089720,0.082883,-0.101257,8.012000,50.628541

-0.018414,-0.084889,10.040581,14.597647,-0.192463,0.067161,-0.125772,8.012000,50.628541

-0.983607,2.096973,10.708791,14.591763,0.068670,0.112993,-0.085269,8.008000,50.628541

0.194742,1.411998,9.202324,14.579998,-0.004074,0.110595,-0.096727,8.012000,50.628541

-0.047155,0.717442,10.380673,14.582939,-0.025658,0.048775,-0.168939,8.008000,50.628541

-0.514183,0.839588,8.512558,14.585880,-0.005140,0.072224,-0.133765,8.012000,50.628541

-0.044760,0.288734,9.257409,14.606470,0.027901,0.097272,-0.099658,8.008000,50.628541

-0.008834,2.655013,8.591594,14.585880,0.002587,0.010671,-0.057557,8.012000,50.628541

1.492843,2.003568,9.487331,14.574116,-0.026724,-0.073531,-0.095928,8.004000,50.628541

-0.787216,1.347332,9.688513,14.606470,0.171791,-0.009846,-0.155615,8.008000,50.628541

1.358722,2.429881,8.560458,14.615294,0.183515,0.028258,-0.069282,8.008000,51.149418

-0.119005,1.661080,8.076665,14.600588,-0.009137,-0.063405,-0.095928,8.012000,51.149418

0.156422,1.016820,10.169911,14.615294,0.049218,0.003477,-0.055426,8.008000,51.149418

-0.698600,0.046837,10.886023,14.585880,-0.025391,0.042380,-0.053027,8.012000,51.149418

-1.036298,1.747301,10.632151,14.606470,-0.008871,0.093541,-0.055958,8.012000,51.149418

-0.935707,0.691097,10.222602,14.591763,-0.018197,0.084215,-0.023716,8.012000,51.149418

0.197137,1.364097,10.876443,14.585880,-0.030987,-0.029831,-0.059689,8.008000,51.149418

-0.037575,1.000055,10.603411,14.585880,0.152872,-0.025301,-0.039171,8.012000,51.149418

-1.730853,1.294642,8.752060,14.582939,0.004186,-0.062073,-0.070081,8.012000,51.149418

-2.128427,0.010911,9.262199,14.585880,0.045221,0.045045,-0.109251,8.012000,51.149418

0.762362,0.580926,10.881232,14.594706,0.059344,-0.103108,-0.077009,8.012000,51.149418

0.628241,1.007240,10.696816,14.582939,-0.071489,-0.041822,-0.097260,8.008000,51.529423

-0.200436,2.506522,10.457314,14.585880,0.157935,-0.076728,-0.111649,8.012000,51.529423

-1.019533,0.362979,10.380673,14.597647,0.024970,-0.062339,-0.095395,8.012000,51.529423

0.187557,0.954549,11.118340,14.588821,-0.083214,0.089544,-0.045566,8.008000,51.529423

0.192347,2.489757,10.636941,14.594706,0.178186,-0.145476,-0.025848,8.012000,51.529423

-0.322582,1.467083,8.663445,14.591763,0.066005,-0.093782,-0.040770,8.012000,51.529423

-2.308053,0.204908,8.661049,14.591763,-0.052837,-0.035693,-0.048498,8.012000,51.529423

-2.415829,-0.686039,9.559182,14.609411,0.008183,0.056236,-0.031710,8.008000,51.529423

-0.456703,0.248018,11.764995,14.600588,-0.138904,-0.049283,-0.023184,8.012000,51.529423

-1.012347,2.221514,8.771220,14.606470,-0.123450,-0.021304,-0.063686,8.012000,51.812059

-0.051945,1.268297,8.670630,14.600588,0.095583,-0.078061,-0.079940,8.012000,51.812059

-0.904572,0.698282,10.241762,14.597647,0.048419,-0.095914,0.008792,8.012000,51.812059

-0.384852,1.103040,9.540022,14.591763,0.010848,0.041314,0.020250,8.012000,51.812059

-0.442333,2.137689,9.003537,14.585880,-0.071756,-0.038091,-0.029312,8.012000,51.812059

-0.633934,1.244346,8.843071,14.600588,0.078795,-0.094848,0.045297,8.012000,51.812059

0.918038,0.125872,9.528047,14.582939,-0.042445,-0.104174,0.046896,8.008000,51.812059

-0.885411,3.433394,7.626400,14.582939,0.053215,-0.033828,0.076740,8.012000,51.812059

-1.675768,-0.300441,7.624006,14.594706,0.046021,-0.049816,0.034372,8.012000,51.812059

-0.643515,-1.711108,9.944780,14.588821,-0.220175,-0.111102,0.110581,8.008000,51.812059

0.029486,1.869447,10.677656,14.594706,-0.026990,-0.084456,0.026378,8.012000,51.933755

-2.446964,2.295760,9.492122,14.603529,0.186446,-0.035427,0.023714,8.012000,51.933755

-1.462611,-0.398637,8.986773,14.594706,-0.132776,-0.082591,0.073009,8.012000,51.933755

-1.900900,0.331844,11.448853,14.600588,-0.019529,0.093808,0.124437,8.008000,51.933755

-0.224386,1.400023,9.765154,14.579998,0.089188,-0.016774,0.083934,8.012000,51.933755

-1.908085,1.019215,8.155700,14.582939,0.075598,-0.006915,0.025046,8.012000,51.933755

-1.369205,1.177286,8.943662,14.606470,0.004452,-0.035427,0.087132,8.012000,51.933755

-2.681676,1.134176,7.894643,14.600588,0.029500,0.163621,0.092728,8.012000,51.933755

-1.721273,-1.500346,8.249105,14.600588,-0.110126,0.178010,0.018651,8.012000,51.933755

-1.129703,3.129227,10.912368,14.591763,0.050284,0.221976,-0.038372,8.012000,52.270984

0.395924,2.662198,9.597502,14.606470,0.112370,0.053305,-0.114314,8.012000,52.270984

0.120497,-0.053754,9.008327,14.594706,-0.057633,0.036252,-0.099125,8.012000,52.270984

0.855768,1.366493,9.825029,14.597647,0.002854,0.062898,-0.096461,8.012000,52.270984

-1.316515,2.154454,10.723162,14.585880,-0.037116,0.078086,-0.177732,8.012000,52.270984

-1.613497,-0.266911,10.397439,14.585880,0.073466,0.040515,-0.090599,8.012000,52.270984

-0.315397,1.280272,9.750783,14.609411,0.049751,0.047443,-0.106586,8.012000,52.270984

-1.572782,2.123319,8.941267,14.582939,0.010048,0.063964,-0.103922,8.016000,52.270984

-1.900900,0.212093,8.426337,14.579998,0.092652,0.058102,-0.161211,8.016000,52.270984

0.640216,-0.477673,8.656260,14.588821,-0.146632,-0.036759,-0.079674,8.012000,52.270984

0.582735,3.383099,10.488449,14.588821,0.124361,0.043180,-0.178265,8.012000,52.536981

-0.401617,2.489757,9.928015,14.597647,0.119031,0.104999,-0.164675,8.016000,52.536981

0.836608,1.893397,9.226274,14.588821,0.060942,-0.023436,-0.102323,8.012000,52.536981

-0.564479,0.851563,10.196257,14.603529,-0.067226,0.108996,-0.066883,8.012000,52.536981

-1.915270,0.954549,9.494516,14.600588,0.003120,0.079419,-0.070081,8.012000,52.536981

-1.191974,0.691097,10.869258,14.588821,-0.057367,-0.012244,-0.022384,8.012000,52.536981

-0.940497,1.560489,10.016630,14.588821,-0.053636,0.018399,0.067147,8.012000,52.536981

-0.023204,2.283785,9.693303,14.579998,-0.105863,-0.078860,-0.033842,8.016000,52.536981

-1.496141,0.815638,11.506332,14.594706,0.051883,0.059167,0.021582,8.016000,52.536981

0.094152,1.131781,10.215417,14.588821,0.046554,0.004010,0.047962,8.012000,52.536981

-1.354835,1.071905,11.319521,14.582939,-0.084812,0.042647,-0.051695,8.012000,52.966636

-0.420778,1.922137,8.754455,14.577057,0.011114,-0.272045,-0.039704,8.012000,52.966636

0.024696,0.140242,9.350815,14.559410,0.069203,-0.183580,0.000798,8.012000,52.966636

-0.518973,1.704190,9.192744,14.582939,-0.036050,-0.110836,-0.004798,8.012000,52.966636

-0.344137,1.201236,8.479028,14.588821,-0.007272,-0.174520,0.034372,8.012000,52.966636

-0.490233,0.054022,10.929133,14.574116,-0.018197,-0.154802,0.040235,8.016000,52.966636

-0.916547,0.643197,8.764035,14.582939,-0.017930,-0.049549,0.059686,8.012000,52.966636

0.870138,1.701795,8.246711,14.594706,-0.124782,-0.045286,0.005061,8.012000,52.966636

0.086966,2.190379,9.372371,14.597647,0.039625,-0.102842,-0.064219,8.012000,52.966636

-1.651818,-0.791420,10.672866,14.588821,0.152073,0.028791,-0.022384,8.016000,52.966636

-2.767897,-0.089679,9.645403,14.597647,-0.066693,0.059167,-0.069548,8.016000,53.163546

-0.372877,0.652777,8.742480,14.591763,-0.029655,-0.171323,-0.098859,8.012000,53.163546

-2.617011,0.676727,10.031001,14.591763,0.060676,-0.003185,-0.068216,8.016000,53.163546

-1.920060,-0.554313,10.172307,14.582939,-0.055235,-0.057010,-0.068216,8.016000,53.163546

-1.326095,2.202354,9.686118,14.591763,0.037227,-0.114833,-0.013857,8.012000,53.163546

-0.514183,1.004844,9.362790,14.588821,0.115034,-0.068735,-0.033043,8.012000,53.163546

-1.306935,0.413275,8.198811,14.597647,0.047353,-0.107372,0.055423,8.016000,53.163546

-2.997819,-1.318324,10.385464,14.594706,-0.132243,-0.041289,0.006394,8.012000,53.163546

-0.741710,1.198841,8.970007,14.588821,-0.097869,-0.061540,0.012789,8.016000,53.163546

1.085690,2.324500,11.199770,14.582939,0.078529,-0.202232,-0.043168,8.012000,53.281249

-0.748895,0.422855,8.450288,14.594706,0.063341,-0.207828,-0.045833,8.012000,53.281249

0.997074,2.250255,8.261081,14.606470,0.011647,-0.007981,0.035971,8.016000,53.281249

0.827027,-0.041779,11.206955,14.588821,-0.069091,-0.078327,0.056755,8.016000,53.281249

-1.682953,0.461175,11.024934,14.615294,0.041491,-0.045286,-0.018654,8.016000,53.281249

-2.190697,0.918624,9.973520,14.606470,0.034563,0.003477,0.072210,8.012000,53.281249

-0.210016,1.395233,7.631191,14.609411,-0.020329,-0.165727,0.014121,8.016000,53.281249

-2.540370,2.096973,8.795171,14.594706,0.144878,0.063697,0.038103,8.016000,53.281249

-0.495023,0.370164,8.352092,14.609411,-0.171146,-0.027433,-0.015456,8.016000,53.281249

0.245038,2.264625,11.544653,14.615294,0.006851,0.061299,-0.015456,8.012000,53.418581

0.724042,2.398746,9.705278,14.606470,0.093184,0.087412,-0.082072,8.016000,53.418581

-0.535739,0.980894,8.922107,14.612352,-0.011802,0.040515,-0.022651,8.020000,53.418581

-0.930917,0.521051,9.913645,14.609411,-0.016332,0.054371,-0.018920,8.012000,53.418581

-0.700995,1.419183,8.038344,14.612352,0.056146,-0.030630,-0.070347,8.016000,53.418581

-0.404013,0.113897,10.773457,14.615294,-0.000877,-0.066336,-0.031977,8.016000,53.418581

-0.906967,1.924532,8.500583,14.612352,0.035096,-0.011445,-0.005597,8.016000,53.418581

0.134867,-0.048964,9.808264,14.627058,-0.034451,-0.001320,-0.027447,8.016000,53.418581

-0.832721,2.444251,10.833332,14.627058,0.014578,-0.070600,-0.077808,8.016000,53.418581

-2.061366,0.149823,10.699211,14.615294,0.131289,-0.021304,-0.020519,8.016000,54.068583

-2.521210,-0.654904,8.091035,14.627058,-0.000610,-0.029565,-0.102589,8.016000,54.068583

-1.781149,1.225186,9.458591,14.612352,-0.088809,-0.077528,-0.005597,8.016000,54.068583

-1.203949,1.258717,9.288545,14.629999,0.053748,-0.022104,0.007460,8.016000,54.068583

0.175582,1.555699,10.335168,14.618235,0.060143,-0.123892,-0.027980,8.012000,54.068583

-0.463888,1.898187,10.165122,14.638823,0.017509,-0.127090,0.075940,8.012000,54.068583

0.273778,1.445528,10.244158,14.618235,0.035362,-0.139880,0.128700,8.016000,54.068583

-0.818351,0.669542,9.839399,14.632940,-0.019263,-0.067136,0.116443,8.016000,54.068583

-0.490233,0.803663,9.551997,14.621176,0.058544,-0.084989,0.035172,8.016000,54.068583

-0.032785,1.785621,7.686276,14.618235,-0.050439,-0.007981,0.086865,8.016000,54.068583

0.920433,1.831126,9.463381,14.621176,0.017243,-0.015975,0.086865,8.016000,54.077005

0.683326,2.750814,10.021420,14.621176,0.018042,-0.042355,0.031974,8.016000,54.077005

-0.708180,0.947364,10.816567,14.627058,0.038027,-0.031163,0.036770,8.012000,54.077005

-2.154772,1.376073,10.299243,14.603529,-0.018996,0.072757,0.133230,8.016000,54.077005

-2.214647,0.164193,11.230906,14.615294,0.096915,0.035186,0.004529,8.016000,54.077005

-2.094896,-0.537548,11.939831,14.621176,-0.046975,-0.172122,0.049294,8.016000,54.077005

-1.285380,1.330567,10.232183,14.629999,-0.044044,-0.012511,0.093527,8.016000,54.077005

-0.607589,1.692215,9.559182,14.624117,0.129157,0.029057,0.086599,8.016000,54.077005

-0.178881,-0.149555,8.234735,14.624117,-0.060298,-0.019173,0.004795,8.016000,54.077005

-0.921337,1.622760,10.344748,14.618235,0.101711,0.060500,0.092461,8.016000,54.077005

-0.346532,1.423973,6.139093,14.627058,0.052416,0.052772,0.044764,8.016000,54.340691

-0.993187,1.356912,8.464658,14.615294,-0.234298,-0.053013,0.013588,8.016000,54.340691

-0.490233,1.548514,9.278965,14.603529,0.056946,0.108463,0.067147,8.020000,54.340691

-0.317792,-0.690829,10.759087,14.609411,-0.335820,0.001345,0.062351,8.016000,54.340691

-2.401459,0.410880,12.282319,14.615294,-0.244956,-0.007715,0.051692,8.016000,54.340691

-2.300868,1.280272,11.475198,14.615294,0.037227,0.107930,0.114045,8.016000,54.340691

-1.539252,-0.056149,8.467052,14.609411,0.052149,0.030656,0.083135,8.016000,54.340691

0.199532,1.962852,9.271779,14.635881,-0.156224,-0.023969,0.071677,8.020000,54.340691

-1.275800,0.128267,9.693303,14.624117,0.182982,0.087146,-0.022917,8.016000,54.340691

-0.133375,-1.083612,10.426179,14.612352,0.012446,-0.006382,-0.005597,8.020000,54.340691

-1.735643,3.177127,9.803473,14.624117,-0.048574,0.140705,0.018118,8.020000,54.281000

-0.193251,1.895792,8.924501,14.612352,-0.090941,0.013336,0.030375,8.016000,54.281000

-1.287775,1.239557,9.676538,14.615294,0.049751,0.101002,0.073542,8.016000,54.281000

-1.136889,-0.386662,10.126801,14.629999,0.000722,0.107397,0.041833,8.016000,54.281000

0.501305,2.379586,11.472802,14.621176,0.119564,0.042380,-0.011193,8.020000,54.281000

-0.217201,3.011871,9.087363,14.635881,0.023904,0.108996,-0.089000,8.020000,54.281000

1.183886,-0.245356,8.867022,14.621176,0.111570,-0.017307,-0.118577,8.020000,54.843121

1.406622,-0.865666,8.740085,14.632940,-0.006473,0.001612,-0.091931,8.016000,54.843121

-1.079408,1.797596,10.002260,14.635881,-0.091208,0.138573,-0.079141,8.016000,54.843121

-1.632658,3.174732,9.580737,14.621176,-0.048840,0.084748,-0.009328,8.016000,54.843121

-0.636329,-0.396242,10.107641,14.627058,0.103310,0.011737,-0.049297,8.020000,54.843121

0.134867,-0.571078,9.094548,14.635881,-0.014200,-0.086055,-0.051162,8.020000,54.843121

-0.823141,1.246742,10.624966,14.612352,-0.054702,0.047976,-0.014124,8.016000,54.843121

-1.194369,3.011871,8.991562,14.621176,0.126226,-0.087653,-0.086868,8.020000,54.843121

0.096547,3.344779,9.829819,14.606470,0.060676,0.031722,-0.038105,8.020000,54.843121

1.883231,0.006121,8.649075,14.621176,0.071867,-0.086055,-0.061821,8.020000,54.746036

-0.983607,0.724627,10.601015,14.615294,-0.248420,-0.109237,-0.000001,8.016000,54.746036

-0.111820,0.913834,11.190190,14.615294,0.106241,0.058102,0.052758,8.016000,54.746036

-0.741710,3.943534,12.107483,14.612352,0.129956,0.053039,0.062617,8.020000,54.746036

-0.554899,-2.118261,8.823911,14.615294,0.061209,0.012537,0.029043,8.024000,54.746036

-1.500932,2.853800,9.444221,14.612352,-0.263076,-0.040490,0.083934,8.016000,54.746036

0.786312,0.746182,9.108918,14.632940,0.300492,0.022129,0.094060,8.020000,54.746036

-0.511788,-1.569802,10.802197,14.635881,-0.255881,-0.114033,0.054623,8.020000,54.746036

0.542020,6.992393,10.354328,14.615294,0.282639,0.138307,0.059420,8.020000,54.746036

-0.674650,1.435948,10.771062,14.627058,0.060410,0.116457,0.075141,8.020000,54.746036

1.054554,-0.508808,9.592712,14.618235,-0.119453,-0.029032,0.033040,8.016000,54.459398

-0.164511,-0.058544,11.185400,14.618235,0.015377,0.044246,-0.010926,8.020000,54.459398

0.786312,1.311407,8.840676,14.629999,0.178719,0.042114,-0.013857,8.020000,54.459398

-1.647028,-0.810580,10.905183,14.624117,-0.368595,-0.035693,0.001864,8.016000,54.459398

-0.169301,2.329290,10.074111,14.618235,0.364443,0.189468,-0.020252,8.020000,54.459398

0.419874,-2.642770,7.940148,14.615294,-0.264142,-0.262986,-0.012259,8.020000,54.459398

-0.815956,4.539894,11.652429,14.612352,0.320477,0.198794,0.050094,8.016000,54.459398

-1.179999,-1.476396,5.856481,14.627058,0.068137,-0.080459,-0.006663,8.020000,54.459398

-3.139125,-0.001064,10.371094,14.606470,-0.242292,0.106598,-0.044501,8.016000,54.459398

-0.768055,-0.432167,12.809223,14.624117,0.098514,-0.020238,-0.019453,8.020000,54.459398

-0.806376,1.668265,9.022697,14.629999,0.050817,0.158025,0.020516,8.020000,53.929778

-0.248336,0.772528,9.010722,14.624117,-0.120785,0.122852,0.073542,8.016000,53.929778

0.211507,2.674173,10.155541,14.629999,0.193108,0.101535,0.012522,8.020000,53.929778

0.297728,-3.885785,7.597661,14.632940,-0.223373,-0.111635,-0.030911,8.020000,53.929778

-0.952472,6.372084,11.453642,14.627058,0.378033,0.115658,-0.011726,8.020000,53.929778

1.100060,-2.673906,6.704318,14.591763,-0.117854,-0.184646,-0.039171,8.016000,53.929778

-0.296237,-0.482463,8.294611,14.629999,-0.302779,-0.019173,0.033040,8.020000,53.929778

-0.724945,-0.990207,10.584250,14.627058,-0.164485,-0.025301,-0.073545,8.020000,53.929778

0.086966,0.453990,10.847702,14.615294,-0.130111,-0.020505,-0.022651,8.016000,53.929778

-0.530949,1.337752,9.817844,14.638823,-0.065094,0.041314,0.003996,8.020000,53.292701

-0.293842,1.953272,8.637099,14.629999,0.059077,0.040249,-0.041569,8.016000,53.292701

-0.233966,1.697005,9.353210,14.629999,0.251996,0.070359,0.043166,8.016000,53.292701

-0.499813,-2.896642,9.288545,14.624117,-0.308641,-0.099911,-0.015456,8.020000,53.292701

-1.651818,5.711058,14.121694,14.644705,0.262122,0.276068,0.037836,8.016000,53.292701

2.196979,-1.885944,7.523415,14.627058,0.002587,-0.163595,0.010924,8.016000,53.292701

-2.887648,3.713611,13.410374,14.615294,-0.009137,0.047443,-0.020785,8.020000,53.292701

0.043856,-0.173505,8.833491,14.621176,0.241338,-0.038891,0.029576,8.016000,53.292701

-1.182394,-2.927778,9.458591,14.632940,-0.228436,-0.075396,-0.056491,8.016000,53.292701

-1.757199,0.130662,11.484777,14.621176,-0.082414,0.049841,-0.055159,8.016000,53.292701

-0.655490,0.293524,10.169911,14.627058,-0.031786,-0.013577,-0.119110,8.016000,52.837448

-0.018414,-0.300441,8.189230,14.635881,0.001788,-0.001586,-0.077808,8.020000,52.837448

-2.379904,2.061048,11.669194,14.627058,-0.137306,0.035186,-0.036773,8.020000,52.837448

0.424664,-0.602214,8.450288,14.624117,0.254128,0.066362,-0.115380,8.020000,52.837448

-1.160839,-1.102773,9.334050,14.632940,-0.369661,-0.197169,-0.030911,8.020000,52.837448

-1.168024,2.810689,12.299084,14.621176,0.320210,0.189468,0.030642,8.020000,52.837448

-0.475863,-2.175741,5.957072,14.624117,-0.157823,-0.141479,-0.011193,8.016000,52.837448

-1.230294,4.175850,10.359118,14.627058,-0.158356,0.132445,0.028777,8.016000,52.837448

0.479750,0.561766,9.161609,14.629999,0.201368,0.033587,-0.066617,8.016000,52.837448

-0.399222,-1.739848,11.314732,14.627058,-0.058966,-0.092983,-0.085003,8.016000,52.837448

-0.193251,1.095855,9.362790,14.644705,-0.005673,-0.105240,-0.101257,8.016000,52.275513

-0.289052,0.825218,8.661049,14.612352,-0.001410,-0.041555,-0.088733,8.016000,52.275513

-2.250573,-0.044174,11.341076,14.665293,-0.188200,-0.001852,-0.072213,8.016000,52.275513

-0.444728,0.552186,8.804750,14.632940,0.212293,0.035985,-0.110050,8.016000,52.275513

0.156422,-1.438075,8.079060,14.650587,-0.225771,-0.207561,-0.032510,8.020000,52.275513

-1.223109,3.634576,10.718371,14.650587,-0.072555,0.110062,0.036238,8.020000,52.275513

-0.677045,-1.524296,10.083691,14.650587,0.058278,0.042913,-0.013058,8.016000,52.275513

0.031881,1.253927,10.469289,14.629999,-0.227903,-0.050882,-0.007995,8.016000,52.275513

0.063016,4.087235,8.167675,14.638823,0.319944,0.122586,-0.070347,8.016000,52.275513

0.084571,-2.899037,8.289822,14.653528,-0.261211,-0.205696,-0.077009,8.016000,52.275513

-0.334557,-1.838044,9.056228,14.641764,-0.235630,-0.221684,-0.070347,8.016000,51.655555

-1.702113,1.388048,9.805869,14.638823,-0.011802,0.032788,-0.055159,8.016000,51.655555

-1.876950,1.814361,11.319521,14.635881,-0.172479,-0.095381,-0.029845,8.016000,51.655555

-1.110543,-1.541061,10.035790,14.618235,0.099313,-0.065004,-0.018387,8.016000,51.655555

0.326468,-0.178295,10.239367,14.627058,-0.198858,-0.120428,0.028777,8.020000,51.655555

-1.378785,3.548355,10.385464,14.624117,0.112370,0.161489,0.041034,8.016000,51.655555

-0.490233,-0.575868,8.311377,14.635881,-0.096004,-0.137748,0.002663,8.020000,51.655555

-0.123795,2.487362,10.965058,14.638823,-0.102399,-0.172388,0.016253,8.020000,51.655555

0.731227,2.535262,9.535232,14.624117,0.410008,-0.017307,-0.087934,8.016000,51.655555

0.055831,-3.009208,8.778405,14.627058,-0.234298,-0.224882,-0.033576,8.016000,51.655555

-1.548832,0.116292,9.132869,14.627058,-0.262543,-0.156134,-0.012259,8.016000,51.197131

-1.711693,1.641920,8.428732,14.624117,-0.027257,0.107397,0.053824,8.016000,51.197131

-0.523764,0.844378,9.341235,14.621176,0.026569,0.032788,0.075408,8.016000,51.197131

-0.741710,-1.347065,10.531560,14.638823,-0.197260,-0.046085,-0.000534,8.016000,51.197131

-1.017138,2.513707,10.232183,14.621176,-0.070956,-0.052480,0.043166,8.016000,51.197131

0.024696,1.936507,9.822634,14.635881,0.072933,0.005076,0.064483,8.016000,51.197131

-0.128585,0.367769,10.699211,14.632940,-0.075220,-0.058342,0.035172,8.020000,51.197131

-0.126190,3.028636,9.441826,14.627058,0.083858,-0.059142,0.081003,8.016000,51.197131

0.328863,-1.018947,6.519902,14.632940,0.045221,-0.106839,-0.079407,8.020000,51.197131

-1.903295,0.849168,9.980705,14.638823,-0.160488,-0.092183,-0.022917,8.016000,51.197131

-1.373995,1.246742,11.123130,14.638823,-0.087477,0.002944,0.035971,8.016000,51.050506

0.415084,1.232371,9.027488,14.647646,0.032697,0.035719,-0.005864,8.020000,51.050506

0.604291,2.492151,9.937595,14.632940,0.024704,0.090077,0.054623,8.016000,51.050506

-0.787216,-0.745915,9.506492,14.627058,-0.011535,-0.042621,0.017852,8.016000,51.050506

-1.999095,1.752090,11.305151,14.653528,0.013512,0.024794,0.059686,8.016000,51.050506

-0.368087,2.207144,9.092153,14.632940,0.048952,0.003743,0.086066,8.016000,51.050506

-0.966842,-1.136303,10.596226,14.647646,-0.023526,-0.041289,0.031708,8.016000,51.050506

-0.116610,1.982013,10.344748,14.629999,-0.032586,-0.102575,0.052758,8.016000,51.050506

-0.856671,1.668265,7.983259,14.635881,0.208030,0.110328,-0.052494,8.020000,51.050506

-0.025599,-2.285912,8.883786,14.624117,-0.289189,-0.138015,0.006660,8.016000,51.050506

-0.245941,0.506680,10.596226,14.650587,-0.132509,-0.070333,-0.029845,8.016000,50.990891

-0.377667,0.612061,9.283754,14.629999,0.022838,0.018932,0.040767,8.016000,50.990891

-0.684230,3.581886,10.668076,14.638823,0.146210,0.115391,0.072210,8.016000,50.990891

-1.673373,-3.888180,7.425219,14.618235,-0.266806,-0.063938,0.109781,8.016000,50.990891

-1.366810,4.106395,13.266672,14.638823,0.177653,0.145768,0.108715,8.016000,50.990891

0.462985,-2.094311,7.092311,14.635881,-0.127713,-0.120428,0.108982,8.020000,50.990891

-1.362020,3.450159,11.762600,14.641764,0.165396,0.100469,0.148418,8.016000,50.990891

1.030604,-1.129118,5.925937,14.627058,0.070535,-0.014643,0.139625,8.016000,50.990891

-0.710575,1.474268,9.187954,14.632940,-0.158889,0.066895,0.055156,8.020000,50.990891

-0.830326,0.772528,10.014235,14.632940,-0.061897,0.143103,0.016253,8.016000,50.990891

-0.269891,1.196446,10.806987,14.638823,-0.130111,0.143370,0.006394,8.016000,50.416961

0.297728,1.241951,10.478869,14.644705,-0.017664,0.188135,-0.069015,8.016000,50.416961

0.781522,1.359308,8.117380,14.635881,0.060143,0.108197,-0.106853,8.016000,50.416961

0.702486,-2.863112,7.324628,14.632940,-0.069358,0.108729,-0.154283,8.016000,50.416961

-0.528554,0.810848,9.063413,14.647646,-0.295318,0.042647,-0.150553,8.016000,50.416961

-0.382457,0.480335,10.418994,14.656469,0.173656,0.289658,-0.153484,8.012000,50.416961

-0.324977,-0.920751,10.569880,14.653528,-0.318500,0.074622,-0.176399,8.016000,50.416961

-0.073500,5.354200,11.475198,14.650587,0.148076,0.202524,-0.151352,8.016000,50.416961

1.042579,-1.737453,6.680368,14.653528,0.096915,0.017599,-0.239018,8.016000,50.416961

-0.705785,-0.554313,9.046648,14.647646,-0.255615,-0.104441,-0.161744,8.016000,50.416961

-1.544042,1.268297,8.797565,14.635881,-0.034185,-0.016508,-0.114580,8.020000,50.048440

-0.483048,0.398905,9.475356,14.653528,-0.025924,0.042647,-0.063153,8.020000,50.048440

-1.232689,2.077813,11.183005,14.644705,0.047619,0.071958,-0.041303,8.016000,50.048440

-1.132098,-1.747033,8.095824,14.647646,-0.170880,-0.040223,-0.048231,8.016000,50.048440

-0.926127,3.486085,12.354170,14.650587,0.086523,0.042913,-0.059156,8.016000,50.048440

0.714462,-0.250146,8.117380,14.653528,0.058011,-0.094848,-0.035441,8.016000,50.048440

-0.495023,1.067115,10.213022,14.635881,-0.093606,-0.092183,-0.059689,8.016000,50.048440

0.218693,1.728140,7.762917,14.668234,0.140348,-0.037558,-0.087934,8.016000,50.048440

-0.097450,-1.210549,8.196416,14.665293,-0.197526,-0.056744,-0.134298,8.016000,50.048440

-1.108148,3.210657,11.063254,14.653528,-0.016865,0.009073,-0.156415,8.016000,50.048440

0.187557,2.908885,11.139894,14.632940,-0.025658,-0.008780,-0.110317,8.016000,49.981605

0.113312,0.631221,9.484936,14.650587,0.015644,-0.041555,-0.073545,8.016000,49.981605

-0.092660,0.738997,9.159214,14.644705,0.069469,-0.087387,-0.036773,8.016000,49.981605

-1.850604,0.853958,10.457314,14.650587,-0.149563,-0.153736,-0.081272,8.016000,49.981605

-0.746500,0.015701,10.557905,14.656469,0.226416,-0.107105,-0.041303,8.016000,49.981605

-0.629144,0.715047,9.449011,14.662352,-0.140770,-0.204630,0.011989,8.016000,49.981605

-1.287775,2.851404,10.385464,14.656469,0.152606,-0.009313,0.077006,8.016000,49.981605

-0.554899,-1.679972,10.438154,14.662352,-0.073621,-0.296293,0.064749,8.020000,49.981605

-1.127308,2.468201,11.635664,14.635881,0.145678,-0.201699,0.096725,8.016000,49.981605

-1.005162,0.001331,8.507768,14.653528,0.166462,-0.161463,0.068746,8.016000,49.981605

-0.672255,0.327054,9.310100,14.662352,0.197638,-0.213424,0.131631,8.020000,49.981605

-1.991910,-0.192665,10.066926,14.671175,0.006318,-0.117764,0.147352,8.016000,49.897730

-0.176486,0.497100,7.985653,14.671175,0.139549,-0.225148,0.136694,8.020000,49.897730

-2.439779,1.891002,11.968572,14.659410,-0.031520,-0.179583,0.186522,8.016000,49.897730

-0.277076,-2.072756,8.297007,14.665293,0.061742,-0.102042,0.232620,8.016000,49.897730

-1.515302,2.930440,11.659614,14.677057,-0.101600,-0.106572,0.223827,8.016000,49.897730

0.664166,0.698282,9.044252,14.650587,0.275445,-0.026900,0.185457,8.016000,49.897730

-1.079408,-0.887221,10.567485,14.665293,-0.264941,-0.249396,0.144954,8.016000,49.897730

-0.629144,3.754327,12.131433,14.659410,0.213093,0.054105,0.168669,8.012000,49.897730

0.891693,-0.822555,7.726991,14.671175,0.182982,-0.138548,0.062351,8.016000,49.897730

-0.763265,-1.634467,8.759245,14.662352,-0.174877,-0.323739,0.090329,8.016000,49.897730

-1.362020,3.385494,10.076506,14.650587,0.149941,0.057036,0.160942,8.020000,49.608052

0.697697,0.901859,9.451406,14.662352,0.168327,0.048775,0.132697,8.016000,49.608052

-0.928522,0.921019,9.738809,14.668234,-0.003275,-0.052214,0.142023,8.020000,49.608052

0.453404,0.513866,8.598779,14.653528,-0.070424,-0.052747,0.155613,8.016000,49.608052

-0.166906,1.720955,11.036909,14.638823,0.120097,0.110861,0.161208,8.020000,49.608052

1.203046,0.770133,8.376042,14.638823,0.011380,0.022396,0.156412,8.016000,49.608052

-0.447123,0.956944,9.695698,14.647646,-0.073355,-0.019705,0.163340,8.016000,49.608052

0.839003,2.580767,8.251501,14.644705,0.018575,0.031189,0.184124,8.016000,49.608052

1.370697,0.152218,8.974797,14.653528,-0.081082,0.110062,0.097524,8.016000,49.608052

-0.301027,0.377349,10.033396,14.671175,-0.095737,0.113526,0.108449,8.020000,49.608052

1.258131,3.593861,9.983100,14.650587,-0.040580,0.140705,0.048228,8.016000,49.479013

0.862953,1.730535,10.665681,14.650587,0.093451,0.118589,0.001331,8.016000,49.479013

0.503700,-0.044174,8.428732,14.671175,-0.112258,0.103933,0.023714,8.016000,49.479013

0.077386,1.459898,10.593830,14.647646,-0.025658,0.100203,0.037037,8.016000,49.479013

-0.289052,1.445528,10.464499,14.668234,0.011913,0.199860,0.034372,8.016000,49.479013

-0.427963,2.123319,8.864626,14.659410,-0.008604,0.071958,-0.037573,8.016000,49.479013

-1.048273,1.038375,10.957873,14.647646,0.043889,0.158824,-0.030378,8.016000,49.479013

0.089361,1.076695,9.113708,14.668234,0.054814,-0.006649,-0.082072,8.016000,49.479013

-0.617169,0.607271,8.922107,14.656469,0.071867,0.067161,-0.074877,8.016000,49.479013

0.158817,0.336634,9.530441,14.674116,0.049218,0.181207,-0.112981,8.016000,49.479013

0.122892,-0.460907,9.393926,14.677057,-0.082414,0.015734,-0.101524,8.020000,49.479013

-0.123795,1.938902,9.192744,14.671175,0.004985,0.140705,-0.075677,8.012000,49.219969

0.759967,0.439620,8.792775,14.662352,-0.048041,0.137241,-0.065818,8.012000,49.219969

0.791102,0.719837,9.604687,14.662352,-0.151428,0.100203,-0.059689,8.016000,49.219969

-0.976422,2.278995,9.839399,14.656469,-0.076019,0.005875,-0.027980,8.016000,49.219969

0.558785,-0.436957,10.632151,14.656469,0.077197,-0.003451,-0.045833,8.016000,49.219969

0.242643,1.989197,10.093271,14.662352,-0.227370,-0.091384,0.005594,8.012000,49.219969

-0.305817,1.831126,10.102851,14.665293,0.152339,0.091409,0.014654,8.012000,49.219969

-0.660280,-1.188993,11.422507,14.679998,-0.111725,-0.044753,-0.019986,8.016000,49.219969

-0.897387,0.710257,10.054951,14.665293,-0.184203,0.038916,-0.085802,8.016000,49.219969

-2.102081,2.765184,10.699211,14.656469,0.041491,0.164420,-0.140694,8.012000,49.219969

1.028209,-0.671669,9.317285,14.659410,0.096116,-0.031963,-0.086868,8.020000,49.219969

-0.313002,0.264784,9.875324,14.662352,-0.109061,0.010938,-0.088200,8.016000,48.967251

-0.765660,2.099368,9.489726,14.665293,0.081727,0.030922,-0.088467,8.016000,48.967251

-0.533344,-0.336366,8.644284,14.677057,-0.048307,-0.026900,0.000265,8.016000,48.967251

-0.957262,0.180958,9.650192,14.665293,-0.172479,-0.067136,-0.005597,8.016000,48.967251

0.314493,1.141361,10.682446,14.671175,0.188312,0.057569,-0.001600,8.020000,48.967251

-0.363297,-0.336366,7.681486,14.668234,-0.166350,-0.147341,0.003463,8.016000,48.967251

-0.054340,-0.451327,10.660891,14.656469,-0.086411,-0.125491,0.038369,8.012000,48.967251

-0.363297,0.207303,9.338840,14.671175,-0.092540,-0.023436,0.022382,8.012000,48.967251

-1.766779,1.867052,10.886023,14.674116,-0.026457,-0.011978,0.015720,8.016000,48.967251

0.692906,0.839588,11.245275,14.668234,0.031099,-0.064738,0.077006,8.012000,48.967251

-0.370482,0.935389,10.057346,14.668234,0.057478,-0.002119,0.042899,8.016000,48.719681

0.072596,1.323382,8.759245,14.656469,0.002054,-0.002652,0.003196,8.016000,48.719681

-0.483048,1.730535,10.059741,14.650587,0.046820,-0.001852,0.008792,8.012000,48.719681

0.118102,-0.554313,9.120893,14.674116,0.003653,-0.030097,0.053824,8.020000,48.719681

-0.593219,2.221514,10.347143,14.662352,0.032697,0.035452,0.031175,8.016000,48.719681

-0.164511,-0.036989,7.777287,14.653528,0.016710,0.046377,0.093527,8.016000,48.719681

-0.284262,0.204908,10.457314,14.662352,-0.109594,-0.062073,0.021849,8.016000,48.719681

-0.557294,1.285062,8.634704,14.653528,0.081460,0.006674,-0.014657,8.016000,48.719681

-0.061525,-0.118420,9.573552,14.671175,-0.011802,0.031988,-0.059689,8.012000,48.719681

-2.245783,-0.571078,10.354328,14.677057,-0.183937,-0.057277,-0.115380,8.016000,48.719681

-0.454308,2.918465,10.890813,14.671175,0.046021,0.089811,-0.037573,8.016000,48.735410

0.017511,0.506680,9.494516,14.671175,0.040958,0.101535,-0.107119,8.012000,48.735410

-0.387247,0.671937,8.766430,14.665293,-0.116255,0.080484,-0.068216,8.020000,48.735410

-2.123636,2.041888,9.695698,14.659410,0.056679,0.158292,-0.031977,8.016000,48.735410

-0.248336,0.391720,10.644126,14.671175,-0.057900,0.054105,-0.080739,8.016000,48.735410

0.012721,3.677686,10.066926,14.650587,0.108906,0.092742,-0.011992,8.016000,48.735410

-0.188461,-0.487253,9.168794,14.659410,0.131022,-0.055678,-0.126305,8.012000,48.735410

0.110917,0.116292,10.385464,14.662352,-0.084280,-0.183846,0.003996,8.012000,48.735410

-0.063920,3.019056,9.369975,14.641764,0.178719,-0.005849,0.013855,8.016000,48.735410

-0.202831,-1.157858,8.795171,14.647646,0.052949,-0.046352,0.001331,8.012000,48.735410

-1.685348,1.778436,10.026211,14.650587,-0.143967,-0.164661,0.003463,8.016000,48.735410

0.209112,1.376073,10.660891,14.656469,0.185380,-0.095114,0.048228,8.012000,48.727544

-0.262706,-0.664484,8.172465,14.665293,-0.092007,-0.078594,0.001864,8.020000,48.727544

-1.350045,2.310130,9.571157,14.659410,-0.016865,0.076488,0.058087,8.020000,48.727544

-1.354835,1.886212,9.757969,14.656469,0.133953,0.014935,0.055423,8.016000,48.727544

-0.890202,-1.112353,8.948452,14.668234,-0.112525,-0.065803,0.026645,8.012000,48.727544

-1.438661,3.107671,11.539863,14.644705,-0.026990,0.028258,0.049028,8.016000,48.727544

-0.849486,2.264625,11.127919,14.641764,0.071335,-0.006915,0.067680,8.012000,48.727544

-0.564479,0.257598,10.593830,14.665293,-0.027523,-0.054079,0.127901,8.016000,48.727544

-1.067433,2.647828,9.439431,14.668234,0.077730,0.043979,0.066881,8.012000,48.727544

-1.146469,-2.151791,8.033554,14.671175,-0.092806,0.032788,0.074342,8.016000,48.727544

0.328863,1.500613,10.213022,14.635881,-0.172212,-0.221151,0.023181,8.016000,48.727544

1.430573,2.449041,9.671748,14.647646,0.237074,-0.091384,0.047962,8.016000,48.741571

0.249828,0.940179,7.604846,14.650587,-0.037649,-0.038624,0.051159,8.016000,48.741571

-2.178722,0.758158,10.426179,14.653528,-0.146898,0.003743,0.081536,8.012000,48.741571

-1.215924,1.126991,10.316008,14.668234,0.042557,0.033854,0.091928,8.016000,48.741571

-0.818351,-0.626164,10.981823,14.644705,-0.066693,0.028791,0.080470,8.016000,48.741571

-0.368087,1.258717,9.386741,14.656469,0.013246,0.049575,0.093261,8.016000,48.741571

0.479750,1.773646,10.512400,14.662352,-0.008871,-0.006649,0.071677,8.016000,48.741571

1.159935,0.880304,8.799960,14.668234,0.157402,0.002144,0.066081,8.012000,48.741571

0.453404,0.803663,9.575947,14.665293,-0.180473,0.037850,0.008525,8.016000,48.741571

-2.226622,2.199959,8.819120,14.653528,0.058011,0.073556,-0.024249,8.016000,48.741571

-0.662675,0.089947,11.757810,14.662352,-0.029388,0.017333,-0.045566,8.016000,48.741571

0.470170,0.664752,10.229787,14.665293,-0.008871,-0.017041,-0.078608,8.016000,48.865584

-0.856671,2.499337,10.184282,14.644705,0.038560,0.025327,-0.136164,8.012000,48.865584

-2.300868,-0.559103,8.634704,14.662352,-0.005140,0.061566,-0.079940,8.016000,48.865584

-0.602799,-1.109958,10.651311,14.679998,-0.167149,0.017866,-0.113514,8.016000,48.865584

-0.629144,0.707862,7.988049,14.668234,-0.082947,0.054638,-0.082605,8.016000,48.865584

-1.438661,1.811966,9.595107,14.644705,0.006584,0.043446,-0.042102,8.016000,48.865584

-0.566874,0.401300,10.007051,14.659410,-0.126114,0.080751,-0.024249,8.016000,48.865584

-0.214806,3.356754,9.932805,14.662352,0.039625,-0.000787,-0.102056,8.012000,48.865584

-0.509393,-0.386662,7.616820,14.665293,0.116367,-0.003185,-0.086335,8.016000,48.865584

-0.799191,0.559371,10.953083,14.659410,-0.183937,-0.108171,-0.050896,8.016000,48.865584

1.241366,3.363939,9.173584,14.653528,0.195772,0.057835,0.008525,8.012000,48.859221

0.628241,-0.391452,8.265871,14.677057,-0.040846,-0.104973,-0.085269,8.012000,48.859221

-1.460216,1.103040,9.942385,14.653528,-0.094672,-0.026101,-0.019187,8.012000,48.859221

-1.014742,2.130504,9.001143,14.662352,0.123828,0.010138,-0.007462,8.016000,48.859221

0.199532,0.111502,9.449011,14.674116,0.043356,-0.101776,-0.040237,8.016000,48.859221

0.142052,0.420460,8.567643,14.671175,-0.034185,-0.120695,-0.003732,8.016000,48.859221

-1.297355,2.082603,9.928015,14.685881,-0.031786,-0.062073,0.013588,8.016000,48.859221

0.635426,1.026400,10.519585,14.688822,0.021506,-0.069534,0.083135,8.016000,48.859221

-0.806376,2.472991,10.835728,14.682940,0.018841,-0.135883,-0.022384,8.016000,48.859221

-1.714088,-2.115866,9.877720,14.665293,0.050550,-0.020771,0.004529,8.016000,48.859221

-1.373995,0.853958,10.754296,14.682940,-0.170880,-0.082058,0.022648,8.016000,48.859221

0.568365,2.528077,9.987890,14.679998,0.054281,0.062099,0.064216,8.016000,48.869365

0.625846,0.882698,10.316008,14.671175,0.026036,-0.064738,0.034372,8.016000,48.869365

-0.341742,0.971314,7.865902,14.668234,-0.047241,0.021063,0.086333,8.016000,48.869365

-0.025599,0.889884,10.213022,14.691763,-0.100800,-0.040223,0.051426,8.016000,48.869365

-0.892597,2.367611,10.979428,14.677057,0.161932,0.012270,0.036770,8.016000,48.869365

-0.873436,-0.123210,7.782077,14.665293,0.084125,-0.043954,0.043965,8.016000,48.869365

-1.694928,1.591624,9.832214,14.668234,-0.054169,-0.035960,0.065016,8.016000,48.869365

-0.437543,-0.036989,11.374607,14.674116,-0.023793,-0.003451,0.078072,8.016000,48.869365

-1.776359,2.647828,10.265713,14.712351,-0.000077,-0.047684,0.023980,8.016000,48.869365

-1.484166,0.271969,7.087521,14.709410,0.202168,0.083416,-0.010127,8.016000,48.869365

-1.534462,-0.844111,10.565090,14.694704,-0.196993,-0.089785,0.027711,8.016000,48.869365

-1.733248,2.889725,10.567485,14.682940,-0.006739,0.311241,0.020783,8.016000,49.190504

-2.279313,-0.803395,8.495793,14.679998,-0.073888,0.095939,0.039968,8.016000,49.190504

0.999469,1.852681,11.034513,14.688822,0.069203,0.009872,-0.078874,8.016000,49.190504

-0.221991,1.905372,8.035949,14.677057,0.035629,0.072491,0.008792,8.016000,49.190504

0.007931,1.998778,10.313613,14.694704,0.020707,-0.015442,-0.023450,8.016000,49.190504

0.542020,-0.020224,10.131592,14.688822,-0.042445,-0.044220,0.004262,8.012000,49.190504

0.391134,2.250255,10.356724,14.688822,0.035096,-0.077794,-0.066350,8.012000,49.190504

-1.838629,1.062325,9.123288,14.682940,0.242670,0.109529,-0.069815,8.016000,49.190504

-0.768055,-0.360317,9.396320,14.697645,-0.122117,-0.097246,-0.009328,8.016000,49.190504

1.025814,2.678963,9.432246,14.668234,0.019108,0.133510,-0.045033,8.016000,49.518006

0.098942,2.228699,8.974797,14.685881,0.033230,0.086880,-0.044767,8.016000,49.518006

-0.533344,-0.173505,9.951965,14.700586,-0.007805,-0.001586,-0.023184,8.016000,49.518006

-0.035179,0.020492,9.264594,14.703527,-0.105863,-0.050882,-0.000801,8.016000,49.518006

-1.582362,1.946087,10.651311,14.706469,-0.053103,0.124984,0.020516,8.016000,49.518006

-0.317792,2.082603,10.505215,14.691763,0.049751,-0.002918,0.042100,8.016000,49.518006

0.970729,-0.523178,9.743598,14.706469,-0.011269,0.001878,0.039968,8.016000,49.518006

-1.692533,3.435789,10.133986,14.694704,-0.021128,0.071158,0.026378,8.016000,49.518006

-0.564479,-0.690829,8.428732,14.700586,0.071068,0.030390,-0.049297,8.016000,49.518006

-0.262706,-0.036989,11.221325,14.703527,-0.253483,-0.059941,-0.002666,8.016000,49.518006

1.428177,4.484808,10.596226,14.685881,0.144345,0.090077,-0.029046,8.016000,49.567146

0.779127,2.494547,9.583132,14.703527,0.133687,0.019997,-0.049830,8.016000,49.567146

-0.394432,-0.937516,9.025092,14.706469,-0.079217,-0.122560,-0.020519,8.016000,49.567146

-1.424291,1.119806,9.413086,14.715292,-0.101600,-0.051414,-0.053827,8.016000,49.567146

0.084571,2.164034,10.114826,14.694704,0.059877,-0.067136,-0.038905,8.016000,49.567146

-0.198041,0.300709,8.943662,14.688822,0.017776,-0.029032,-0.011992,8.016000,49.567146

-1.002767,1.251532,11.197375,14.688822,-0.034718,-0.078327,0.015453,8.016000,49.567146

0.391134,0.580926,9.777128,14.712351,0.019374,-0.022104,0.070611,8.012000,49.567146

0.098942,3.694452,8.687394,14.700586,-0.030454,0.007740,0.009591,8.016000,49.567146

-0.368087,-1.186598,7.980864,14.712351,0.079595,-0.020238,-0.014923,8.012000,49.567146

-0.001649,-1.380595,10.347143,14.685881,-0.190065,-0.173454,0.009325,8.016000,49.567146

0.733622,3.852523,10.380673,14.697645,0.017243,0.136974,0.011723,8.016000,49.601143

0.774337,2.470596,6.838439,14.694704,0.012446,0.048242,-0.033576,8.012000,49.601143

0.477355,1.380862,10.210628,14.685881,0.209362,0.041314,0.042899,8.016000,49.601143

0.065411,-2.264357,8.232341,14.697645,-0.230301,-0.169990,-0.010926,8.016000,49.601143

-1.615892,3.986644,12.854729,14.691763,0.161132,0.200925,0.010124,8.016000,49.601143

-0.545319,-0.592633,5.969047,14.685881,-0.232966,-0.127356,0.048228,8.016000,49.601143

-0.360902,2.046678,11.400951,14.688822,-0.030454,0.010138,0.069812,8.016000,49.601143

1.198256,-0.283676,9.772339,14.694704,0.143812,0.038383,0.026911,8.016000,49.601143

-1.381181,-1.667997,6.347460,14.697645,-0.302779,-0.137482,-0.025049,8.016000,49.601143

-1.685348,0.279154,13.657061,14.682940,-0.089875,-0.027433,0.063150,8.012000,49.601143

0.692906,3.304063,10.507609,14.691763,0.214425,0.035452,-0.000001,8.016000,49.308760

-2.487679,0.552186,6.280400,14.697645,-0.041379,0.054904,0.012789,8.016000,49.308760

0.170792,-2.125446,9.961545,14.685881,-0.030454,-0.175320,-0.003465,8.016000,49.308760

-1.546437,1.356912,12.370934,14.706469,-0.052837,-0.044220,0.009591,8.016000,49.308760

-0.605194,2.319710,8.804750,14.691763,0.282373,0.097272,0.002130,8.016000,49.308760

-1.864974,2.310130,8.359277,14.685881,-0.319033,-0.113767,0.041300,8.016000,49.308760

-0.116610,-0.072914,12.023657,14.694704,-0.016065,0.010138,0.074075,8.016000,49.308760

0.930013,-1.476396,11.132710,14.703527,0.192042,0.037318,0.091928,8.016000,49.308760

-1.148864,4.056099,9.231064,14.685881,0.060410,0.001878,0.025046,8.016000,49.308760

-0.878226,0.027677,8.287426,14.691763,0.089720,-0.012244,-0.010660,8.016000,49.308760

-0.133375,-0.903986,10.289662,14.677057,-0.155159,-0.183580,-0.004798,8.016000,49.308760

0.973124,3.215447,11.211745,14.688822,0.052682,0.055970,0.024513,8.016000,49.400154

-0.269891,1.773646,9.822634,14.665293,-0.027790,0.020264,0.006394,8.016000,49.400154

-0.966842,0.592901,9.360395,14.685881,0.217356,0.095140,0.039702,8.016000,49.400154

-0.233966,-1.459630,9.175979,14.679998,-0.182871,-0.089519,0.055156,8.016000,49.400154

-1.757199,2.803504,10.383068,14.682940,0.080394,0.164154,0.079138,8.016000,49.400154

-0.643515,0.276759,8.079060,14.688822,0.022039,0.045045,0.087665,8.012000,49.400154

0.328863,0.959339,9.614267,14.691763,-0.168215,-0.015176,0.125502,8.020000,49.400154

-0.315397,2.027518,7.748547,14.691763,0.044688,0.061566,0.046097,8.020000,49.400154

0.204322,-0.686039,9.305309,14.694704,-0.289989,-0.017840,-0.014657,8.016000,49.400154

0.031881,2.803504,10.639336,14.688822,0.186446,0.080218,0.018651,8.016000,49.400154

1.430573,2.722074,11.329102,14.691763,0.125160,0.136708,-0.010660,8.016000,49.100749

-1.342860,1.208421,9.563972,14.688822,-0.067226,0.132978,-0.024249,8.016000,49.100749

-0.387247,-2.551759,8.895761,14.694704,-0.100534,0.013336,-0.018920,8.016000,49.100749

-1.297355,1.476663,9.829819,14.700586,-0.046975,0.014402,-0.046899,8.016000,49.100749

-1.055458,0.983289,9.288545,14.677057,0.107307,0.172680,-0.025582,8.016000,49.100749

-0.083080,2.211934,7.626400,14.694704,-0.240427,-0.061807,-0.051962,8.020000,49.100749

0.451009,2.247860,10.179492,14.706469,0.050284,0.129247,0.061285,8.016000,49.100749

0.992284,-0.233381,10.440549,14.685881,-0.040313,0.024527,-0.013324,8.016000,49.100749

-1.625473,3.172337,10.133986,14.706469,-0.040846,0.075688,0.008259,8.016000,49.100749

-0.277076,-1.768588,9.326865,14.679998,0.123828,0.009605,-0.082338,8.016000,49.100749

-0.461493,-1.366225,9.619058,14.679998,-0.299315,-0.112168,-0.023983,8.016000,49.100749

-1.742828,2.075418,9.678933,14.679998,-0.126114,0.124984,-0.054893,8.016000,48.944470

-0.859066,0.516261,8.869416,14.677057,-0.011535,0.025860,-0.075144,8.016000,48.944470

0.146842,-2.089521,9.257409,14.682940,-0.034185,-0.083124,-0.053294,8.016000,48.944470

-1.759594,3.035821,9.516071,14.691763,-0.048307,0.036252,-0.033043,8.012000,48.944470

0.127682,0.152218,8.426337,14.694704,0.049751,0.054904,-0.046099,8.016000,48.944470

-0.274681,-2.721806,8.737690,14.703527,-0.240693,-0.172388,-0.017588,8.016000,48.944470

-1.194369,2.793924,13.070280,14.697645,0.104109,0.065030,0.001331,8.016000,48.944470

0.530045,-0.132790,6.792934,14.679998,0.224550,-0.004517,-0.013324,8.016000,48.944470

-1.187184,0.705467,9.880115,14.674116,-0.396041,-0.057543,-0.057824,8.016000,48.944470

-0.392037,2.396351,11.544653,14.674116,0.363111,0.201192,-0.063952,8.016000,48.944470

1.782640,1.723350,9.041858,14.688822,0.137684,0.032788,-0.052761,8.016000,48.719681

-1.206344,1.491034,9.278965,14.679998,-0.065094,-0.029831,-0.085003,8.016000,48.719681

-1.723668,-0.884826,9.221484,14.691763,-0.012068,-0.065271,-0.156681,8.016000,48.719681

-2.013466,1.816756,10.572275,14.697645,0.027901,0.016800,0.032241,8.012000,48.719681

0.587526,-1.172228,9.753179,14.674116,-0.133575,-0.017041,-0.045033,8.016000,48.719681

-1.654213,5.097933,12.660732,14.674116,0.172057,0.124717,-0.000534,8.012000,48.719681

1.246156,-1.026132,7.913803,14.703527,-0.000077,-0.267516,-0.040504,8.016000,48.719681

0.225878,1.222791,10.591435,14.674116,-0.038981,-0.115099,-0.025315,8.016000,48.719681

0.982704,1.991592,8.878996,14.685881,0.240538,0.026126,-0.011193,8.016000,48.719681

-0.950077,-1.315929,7.652746,14.685881,-0.092273,-0.152670,-0.051162,8.012000,48.719681

0.343234,0.427645,8.912526,14.665293,-0.138638,-0.132686,-0.052761,8.016000,48.719681

0.532440,1.673055,9.120893,14.679998,0.047619,-0.017840,-0.064752,8.012000,48.162377

-0.013624,0.075577,9.183164,14.694704,-0.058433,-0.125758,-0.059422,8.012000,48.162377

-0.667465,0.037257,10.126801,14.685881,-0.038714,-0.135883,-0.024249,8.016000,48.162377

-1.627867,3.593861,11.657219,14.709410,0.071068,0.004276,0.045564,8.012000,48.162377

0.034276,-1.766193,8.464658,14.688822,-0.097603,-0.060474,0.032507,8.016000,48.162377

-2.547555,3.062166,11.532678,14.694704,-0.051771,-0.019173,0.043965,8.012000,48.162377

2.484381,0.394115,9.585527,14.688822,0.055613,-0.133485,0.119374,8.012000,48.162377

1.112035,1.431158,8.570039,14.688822,0.002587,-0.101509,0.049827,8.016000,48.162377

-0.073500,3.110067,7.576105,14.697645,0.174189,0.034653,0.064749,8.016000,48.162377

0.067806,0.171378,8.366462,14.712351,0.138483,-0.026633,0.039702,8.016000,48.162377

0.180372,-1.440470,9.439431,14.694704,-0.202322,-0.123892,0.068213,8.012000,48.162377

-0.921337,2.343660,11.202166,14.674116,-0.028589,0.144968,0.094060,8.012000,47.655922

-0.425568,1.268297,9.441826,14.694704,0.007916,-0.045019,0.007993,8.012000,47.655922

-0.660280,-0.705199,8.502978,14.706469,-0.030188,-0.128422,0.026911,8.012000,47.655922

-0.712970,1.268297,9.226274,14.691763,-0.113324,0.011471,0.006127,8.012000,47.655922

-0.027994,1.601204,9.449011,14.677057,0.173923,0.076488,0.002130,8.012000,47.655922

0.177977,-0.618979,7.585685,14.679998,-0.159955,-0.078327,0.039169,8.016000,47.655922

-0.119005,2.386771,11.226115,14.694704,-0.083747,0.064230,0.067147,8.016000,47.655922

0.292938,1.004844,10.802197,14.688822,0.070802,0.098870,0.069545,8.012000,47.655922

-0.995582,-0.844111,10.888417,14.694704,-0.156224,0.070092,0.030375,8.012000,47.655922

-1.996701,2.480176,11.793736,14.697645,0.071601,0.145235,0.056489,8.012000,47.655922

0.721647,1.119806,8.869416,14.685881,0.090786,0.079419,-0.047965,8.012000,47.655922

0.443824,-0.336366,9.451406,14.703527,-0.062163,-0.048217,-0.034641,8.012000,47.458840

1.013839,0.351004,9.075388,14.706469,-0.017131,0.028791,0.001597,8.012000,47.458840

-1.567992,2.731653,9.956755,14.697645,0.010048,0.149232,0.034639,8.012000,47.458840

-0.037575,1.141361,10.042975,14.694704,-0.020595,0.089544,0.028244,8.016000,47.458840

-0.451913,-0.386662,10.265713,14.697645,-0.139171,-0.006116,0.024780,8.016000,47.458840

0.455800,1.752090,10.277688,14.697645,0.076397,0.021330,0.038369,8.012000,47.458840

1.543139,1.811966,8.088639,14.700586,0.129423,0.018399,-0.000268,8.012000,47.458840

-1.160839,0.954549,8.170071,14.703527,-0.119986,-0.030097,-0.024249,8.012000,47.458840

0.086966,0.475545,10.107641,14.712351,0.157402,0.077020,-0.052228,8.016000,47.458840

0.618661,-0.389057,9.983100,14.697645,-0.138371,-0.059142,-0.054893,8.012000,47.458840

-0.178881,3.009476,9.961545,14.691763,0.030033,0.071425,-0.062087,8.012000,47.308950

-0.322582,0.930599,9.159214,14.712351,-0.115989,0.019465,-0.072746,8.012000,47.308950

-0.248336,-0.729150,8.558064,14.703527,-0.054169,0.001878,-0.067150,8.012000,47.308950

-0.313002,1.129385,10.529164,14.700586,0.030566,0.003210,-0.077275,8.012000,47.308950

-0.748895,0.837193,8.584409,14.697645,-0.041646,0.045578,-0.074344,8.012000,47.308950

-1.649423,1.924532,8.953242,14.712351,-0.101600,0.047710,-0.039704,8.012000,47.308950

0.774337,2.604717,8.984377,14.685881,-0.056834,0.021596,-0.008262,8.016000,47.308950

0.158817,0.882698,13.463063,14.697645,0.119564,0.030390,-0.014923,8.012000,47.308950

-1.603917,1.924532,9.312495,14.715292,0.056679,0.154295,-0.074877,8.012000,47.308950

-1.460216,-0.439352,7.971283,14.709410,-0.043777,0.033854,-0.124972,8.012000,47.308950

0.228273,0.327054,10.715977,14.724117,-0.139704,-0.066869,-0.103389,8.012000,47.308950

0.175582,1.064720,11.101574,14.724117,0.091319,0.026126,-0.136430,8.016000,47.308950

-1.663793,0.928204,9.037067,14.706469,0.018841,0.011737,-0.160678,8.012000,47.156323

-1.129703,1.229976,9.343630,14.700586,-0.072022,-0.037026,-0.119377,8.012000,47.156323

-0.384852,1.124595,10.296848,14.700586,0.052949,-0.104441,-0.082871,8.012000,47.156323

0.652191,-0.053754,10.272898,14.709410,-0.070424,-0.112967,-0.010393,8.012000,47.156323

-0.645909,3.414234,10.371094,14.703527,0.160599,-0.040490,-0.056491,8.012000,47.156323

-1.350045,1.021610,11.755415,14.724117,-0.070157,-0.022104,0.043166,8.012000,47.156323

-0.535739,1.182076,10.294453,14.697645,0.158734,0.016001,0.025846,8.012000,47.156323

-1.958380,1.282667,8.476633,14.694704,0.131555,-0.026900,-0.018654,8.016000,47.156323

-0.825536,-0.506413,7.171347,14.721176,0.006851,-0.085522,-0.017588,8.016000,47.156323

-0.279472,1.665870,10.186677,14.712351,-0.148497,-0.101509,-0.053827,8.012000,47.156323

0.094152,0.944969,10.054951,14.703527,0.128091,-0.082591,-0.035707,8.012000,47.156323

-1.534462,0.089947,9.283754,14.700586,-0.049906,-0.088986,0.000798,8.012000,47.359133

-0.145350,0.243228,9.978311,14.697645,-0.059499,-0.147874,-0.029845,8.016000,47.359133

-0.147745,1.380862,11.206955,14.703527,0.089188,-0.137482,0.077006,8.016000,47.359133

-0.495023,0.743787,9.171188,14.732941,-0.153293,-0.193172,0.059153,8.016000,47.359133

-1.251849,0.695887,9.180769,14.706469,-0.119186,-0.157200,0.060486,8.012000,47.359133

0.302518,2.851404,10.047766,14.697645,0.121429,-0.110836,0.114311,8.012000,47.359133

-0.986002,3.641761,7.667116,14.697645,0.128624,-0.063938,0.085267,8.016000,47.359133

-0.710575,-1.325510,9.132869,14.709410,-0.025924,-0.116165,0.072743,8.016000,47.359133

0.000746,-1.308744,11.216536,14.703527,-0.163419,-0.196370,0.124170,8.016000,47.359133

0.424664,4.068075,10.512400,14.724117,0.149674,0.007740,0.096725,8.016000,47.000541

-1.124913,-1.038107,8.306586,14.703527,-0.018463,-0.128156,0.033839,8.012000,47.000541

-0.413593,0.774923,8.914922,14.718235,-0.045643,-0.144410,0.122038,8.012000,47.000541

-1.587152,2.494547,10.102851,14.715292,0.027635,0.083948,0.130032,8.012000,47.000541

0.043856,-1.445261,8.064690,14.730000,0.022572,-0.049016,0.098856,8.012000,47.000541

-0.641119,0.609666,9.336445,14.697645,-0.055768,-0.154269,0.132963,8.012000,47.000541

0.137262,0.042047,9.688513,14.700586,-0.103198,-0.080459,0.141224,8.012000,47.000541

1.126405,3.054981,11.190190,14.694704,0.162465,-0.045819,0.170801,8.016000,47.000541

-0.626749,0.844378,8.205996,14.709410,-0.011802,0.032788,0.099656,8.016000,47.000541

-0.035179,0.101922,8.843071,14.706469,0.038027,0.044246,0.031441,8.012000,47.000541

0.690511,1.239557,9.736413,14.718235,-0.109860,-0.033295,0.033839,8.012000,47.000541

0.544415,1.594019,11.072834,14.688822,0.064406,0.008007,0.005861,8.016000,47.000541

-1.814679,0.580926,9.077783,14.685881,0.016710,0.022662,-0.027980,8.012000,46.954768

-0.289052,-0.080099,9.348420,14.691763,-0.054702,0.009339,-0.004531,8.012000,46.954768

0.424664,2.238280,10.471684,14.685881,0.027901,0.038117,-0.024782,8.012000,46.954768

-1.306935,-0.836926,9.096943,14.679998,0.052682,0.000279,0.040235,8.012000,46.954768

-1.663793,0.841983,9.568762,14.688822,-0.053903,-0.026367,0.118574,8.012000,46.954768

0.618661,0.909044,9.858560,14.691763,-0.026457,-0.017307,0.100721,8.012000,46.954768

-0.377667,1.548514,10.282477,14.688822,0.049751,-0.035427,0.105784,8.012000,46.954768

-0.130980,1.469478,7.731781,14.691763,0.091852,-0.010379,0.085800,8.012000,46.954768

0.264198,-0.712384,7.758127,14.694704,-0.119719,-0.006915,0.101787,8.012000,46.954768

-0.004044,2.590347,11.106364,14.700586,-0.040580,0.031988,0.053824,8.012000,46.954768

1.025814,0.877909,9.044252,14.694704,0.225883,0.043979,0.106584,8.016000,46.954768

-0.566874,0.636012,8.756850,14.700586,-0.119986,0.026393,0.056489,8.012000,46.841200

-0.061525,1.083880,9.602292,14.688822,-0.024326,-0.008248,0.072743,8.012000,46.841200

-0.339347,3.136412,11.015354,14.688822,0.128091,0.223042,0.105518,8.012000,46.841200

0.139657,-2.812817,8.402388,14.715292,-0.080816,-0.013843,0.088731,8.012000,46.841200

-1.508116,4.274046,11.614109,14.709410,0.089454,0.147633,0.085000,8.008000,46.841200

1.761085,-1.332695,7.703041,14.694704,-0.062963,-0.032229,0.097524,8.012000,46.841200

-0.150140,2.156849,10.184282,14.697645,-0.016332,0.146301,0.139891,8.008000,46.841200

0.118102,-1.102773,8.687394,14.688822,0.050817,0.121520,0.066881,8.012000,46.841200

-0.756080,1.972432,10.811777,14.697645,-0.106129,0.055703,0.001864,8.016000,46.841200

-0.844696,1.732930,9.386741,14.691763,0.127292,0.219045,-0.006396,8.012000,46.841200

0.817447,-1.976955,8.467052,14.694704,-0.114923,0.016533,-0.033309,8.012000,46.841200

-0.439938,1.687425,11.254856,14.685881,-0.056301,0.175612,-0.004265,8.012000,46.520127

0.154027,-0.228591,9.089758,14.703527,0.007117,0.120454,-0.071413,8.008000,46.520127

-0.851881,-2.259567,8.380832,14.677057,-0.363799,0.188402,-0.064219,8.012000,46.520127

-0.698600,3.196287,12.469131,14.679998,0.244002,0.316037,-0.087135,8.012000,46.520127

2.062858,-1.423705,7.506649,14.685881,-0.171146,-0.105240,-0.064485,8.012000,46.520127

-0.643515,3.900423,12.040422,14.682940,0.125426,0.229171,-0.055692,8.008000,46.520127

0.467775,-2.465539,9.039463,14.682940,0.034829,0.061832,-0.059422,8.012000,46.520127

-2.332003,2.652618,11.628479,14.656469,-0.008071,0.059434,-0.075943,8.012000,46.520127

0.204322,0.317474,8.057505,14.688822,0.135019,0.054371,-0.149487,8.012000,46.520127

0.525255,-1.081218,9.199929,14.691763,-0.223639,-0.072998,-0.087401,8.012000,46.520127

-1.350045,1.222791,9.714858,14.653528,-0.133575,0.071158,-0.119643,8.008000,46.085966

-1.498536,1.392838,10.325588,14.679998,0.000988,0.076488,-0.053827,8.012000,46.085966

-0.425568,2.655013,10.145962,14.668234,0.242670,0.144968,-0.041836,8.012000,46.085966

-0.377667,-2.412848,7.897038,14.674116,-0.253217,-0.143078,-0.075144,8.012000,46.085966

-1.429081,2.884935,12.368540,14.668234,0.191243,0.111394,-0.029046,8.008000,46.085966

0.839003,-0.561498,7.985653,14.665293,-0.030188,-0.132153,-0.015723,8.012000,46.085966

-0.463888,1.043165,9.892090,14.668234,-0.033119,0.008273,-0.016788,8.008000,46.085966

-0.672255,1.237161,10.007051,14.688822,0.002587,0.008540,0.010391,8.012000,46.085966

-1.134493,1.431158,9.532837,14.682940,0.086523,-0.108704,-0.048231,8.012000,46.085966

0.199532,-0.688434,8.831096,14.677057,0.040958,-0.140146,-0.139361,8.012000,46.085966

-0.490233,0.030072,9.798684,14.677057,-0.174610,-0.092716,-0.081006,8.012000,46.085966

-0.533344,2.693333,9.350815,14.674116,-0.159955,0.086613,-0.015456,8.012000,45.419229

-0.248336,1.371283,9.027488,14.671175,0.004186,0.026126,-0.098859,8.008000,45.419229

-0.016019,-0.360317,10.040581,14.679998,-0.165817,0.006408,-0.022651,8.008000,45.419229

-0.087870,3.462135,10.957873,14.682940,0.150207,0.076221,-0.001067,8.008000,45.419229

0.606686,-1.177018,8.136540,14.685881,-0.094672,-0.132419,-0.036507,8.008000,45.419229

-1.115333,1.826336,11.582973,14.671175,-0.017397,0.001612,0.012522,8.008000,45.419229

0.024696,0.499495,9.923224,14.662352,0.040425,-0.050349,0.035971,8.008000,45.419229

-1.232689,0.209698,9.884905,14.679998,-0.021927,0.048242,0.011989,8.008000,45.419229

-2.252968,0.267179,11.468013,14.691763,-0.026990,0.022662,0.023714,8.008000,45.419229

-0.954867,2.734049,9.530441,14.688822,0.151806,-0.091117,-0.018920,8.008000,45.419229

-0.272286,2.037098,8.823911,14.665293,0.126226,0.081284,-0.033043,8.008000,45.419229

0.110917,-0.865666,9.025092,14.650587,0.003120,-0.078860,-0.003732,8.008000,45.419229

-0.928522,0.667147,10.033396,14.662352,-0.187401,0.006941,0.022115,8.004000,44.856119

-0.363297,0.310289,10.608200,14.674116,-0.112258,-0.045552,0.005594,8.008000,44.856119

-0.178881,0.566556,10.433364,14.659410,-0.042179,-0.046085,0.021582,8.008000,44.856119

-0.820746,3.469320,11.281200,14.671175,0.081194,0.045045,0.046363,8.004000,44.856119

1.574274,-0.508808,7.880273,14.679998,-0.049373,-0.086321,0.014388,8.008000,44.856119

-0.621959,3.071746,8.141330,14.668234,0.149674,-0.084722,-0.034375,8.004000,44.856119

1.207836,-0.353132,7.516230,14.671175,-0.031520,-0.100177,0.008792,8.008000,44.856119

-0.672255,0.274364,10.160332,14.647646,-0.046175,-0.043154,0.006927,8.008000,44.856119

0.223483,0.499495,8.373647,14.674116,-0.180473,-0.023169,-0.003465,8.008000,44.856119

-0.586034,2.096973,11.242881,14.668234,-0.118387,-0.009846,-0.037040,8.008000,44.856119

0.649796,0.796478,11.709909,14.656469,0.150740,-0.031163,-0.004531,8.008000,44.856119

-0.157326,-0.444142,9.257409,14.665293,0.020174,0.041581,-0.011193,8.008000,44.493633

-1.924850,0.997660,7.343788,14.671175,-0.081082,0.108996,-0.035174,8.008000,44.493633

-1.591942,-1.208153,8.584409,14.656469,-0.164751,0.072224,-0.011459,8.012000,44.493633

-1.340465,2.894515,11.000983,14.647646,-0.068558,0.104466,0.003729,8.004000,44.493633

-0.387247,-1.095588,9.391530,14.653528,0.031365,0.026926,0.010924,8.008000,44.493633

-0.997977,1.481453,11.630874,14.659410,-0.158623,-0.078061,0.020516,8.004000,44.493633

0.166002,3.368729,9.441826,14.662352,0.072400,0.007207,0.065016,8.004000,44.493633

-1.299750,0.022887,11.659614,14.653528,-0.043777,0.110062,0.121772,8.004000,44.493633

-0.360902,3.076536,8.246711,14.668234,0.196305,0.107131,0.053824,8.004000,44.493633

1.186280,-0.393847,9.326865,14.653528,-0.038981,-0.141479,-0.089266,8.004000,44.493633

-0.078290,2.096973,10.871653,14.665293,-0.027790,-0.062872,-0.063153,8.008000,44.493633

0.391134,2.805899,10.474079,14.647646,0.196838,0.054371,-0.044501,8.012000,44.493633

-0.890202,1.026400,9.348420,14.650587,0.063607,-0.057277,-0.066883,8.008000,44.422034

0.391134,0.171378,9.736413,14.662352,-0.042179,-0.023436,0.016519,8.008000,44.422034

-0.138165,3.258558,10.232183,14.621176,0.116367,0.007207,-0.021585,8.008000,44.422034

-0.574059,0.051627,8.584409,14.650587,0.084391,-0.016508,-0.024782,8.004000,44.422034

-1.304540,1.653895,9.683722,14.662352,-0.023526,-0.048217,-0.021318,8.004000,44.422034

0.659376,0.336634,8.452682,14.665293,0.036428,-0.076728,-0.026914,8.008000,44.422034

1.009049,-0.151950,11.250066,14.665293,-0.019796,-0.165993,0.000798,8.008000,44.422034

-1.441056,0.997660,10.071716,14.659410,-0.038714,-0.055145,0.007460,8.004000,44.422034

-0.629144,2.425091,8.313771,14.668234,-0.034185,-0.046618,-0.003199,8.004000,44.422034

1.468893,-0.022619,9.834609,14.662352,0.011380,-0.060741,-0.034375,8.004000,44.422034

-0.406408,-0.458512,10.316008,14.656469,-0.165817,-0.050349,-0.026914,8.004000,44.422034

-1.045878,2.619088,10.313613,14.665293,-0.007805,0.082350,-0.032243,8.004000,44.422034

-1.874555,0.561766,10.598620,14.656469,0.113169,-0.115365,-0.059156,8.008000,44.235661

-0.581244,1.076695,10.627360,14.647646,-0.038182,-0.139347,-0.063952,8.004000,44.235661

-1.196764,2.161639,9.750783,14.656469,0.166728,-0.013843,-0.045033,8.008000,44.235661

0.601896,1.891002,10.133986,14.650587,0.119031,0.067961,-0.017588,8.004000,44.235661

1.140775,2.116133,10.684841,14.671175,-0.086411,-0.185978,-0.011726,8.004000,44.235661

0.901273,0.671937,8.543694,14.662352,0.097181,-0.085522,0.006660,8.004000,44.235661

0.383949,1.320987,10.708791,14.647646,0.096648,-0.046085,0.048495,8.008000,44.235661

-0.078290,-0.053754,9.288545,14.650587,-0.098669,-0.147607,-0.027713,8.004000,44.235661

-0.677045,2.360425,10.634545,14.653528,0.028967,-0.114033,0.028777,8.004000,44.235661

0.460589,1.591624,9.681328,14.647646,0.174189,0.046644,-0.038638,8.008000,44.235661

0.513280,0.489915,9.037067,14.644705,0.174988,-0.023436,0.046363,8.004000,44.235661

-0.317792,0.046837,8.637099,14.665293,-0.139704,0.028258,0.030109,8.004000,44.461007

0.118102,2.427486,9.813054,14.668234,0.050817,0.045844,0.085267,8.008000,44.461007

-0.504603,1.891002,10.033396,14.659410,0.098247,0.040515,0.069279,8.008000,44.461007

-0.643515,0.671937,8.919712,14.656469,-0.072289,-0.046885,0.038103,8.004000,44.461007

-0.849486,0.949759,11.259645,14.647646,0.086523,0.020530,0.033839,8.004000,44.461007

0.122892,0.082762,9.513677,14.656469,0.000988,-0.045019,0.054357,8.004000,44.461007

-0.722550,1.067115,11.103970,14.653528,-0.052038,-0.011445,0.042899,8.004000,44.461007

-1.716483,1.495824,11.484777,14.665293,0.025237,0.075955,0.092461,8.004000,44.461007

0.652191,2.070628,10.019026,14.653528,0.223751,0.082350,0.058087,8.004000,44.461007

0.395924,-0.700409,8.675420,14.662352,0.043889,-0.095381,-0.071946,8.004000,44.461007

-1.651818,0.315079,11.233300,14.659410,-0.015532,-0.020771,-0.051429,8.004000,44.461007

-1.366810,3.840548,9.947175,14.650587,0.112903,0.184938,0.029310,8.008000,44.461007

-1.958380,2.640643,2.795646,14.665293,-0.022727,-0.003718,-0.057557,8.004000,44.559310

-0.037575,-5.689235,12.881074,14.632940,-0.420555,-0.161197,-0.016522,8.004000,44.559310

-0.291447,4.535103,13.055910,14.665293,0.317546,0.313639,0.089264,8.004000,44.559310

1.715580,-0.908776,8.565248,14.656469,-0.146632,-0.079659,-0.005864,8.004000,44.559310

-2.542765,2.307735,10.917158,14.656469,-0.097070,0.019997,0.037037,8.008000,44.559310

-1.373995,3.876473,10.878838,14.665293,-0.089076,0.054105,0.108449,8.004000,44.559310

0.553995,-0.575868,11.142290,14.665293,0.012180,0.045844,0.031175,8.008000,44.559310

0.242643,-2.621215,9.695698,14.662352,0.209096,0.093808,-0.006396,8.004000,44.559310

-0.885411,4.218961,8.040739,14.662352,0.274379,0.165220,-0.052761,8.004000,44.559310

0.283358,0.655172,5.607399,14.674116,-0.174877,-0.080725,-0.097793,8.004000,44.559310

-0.566874,2.156849,9.504096,14.674116,-0.088276,0.055970,-0.019453,8.004000,44.559310

1.212626,2.041888,10.802197,14.656469,0.052682,0.077820,0.031441,8.004000,44.559310

-0.645909,1.028795,8.625124,14.635881,0.057212,0.073290,0.058887,8.004000,44.138358

-0.037575,-0.863271,7.925778,14.635881,-0.179140,-0.051414,0.023980,8.004000,44.138358

-1.390761,0.168983,11.774575,14.656469,-0.155692,0.058635,0.032241,8.008000,44.138358

-0.873436,3.541170,7.806027,14.632940,0.003920,0.090077,-0.004798,8.008000,44.138358

1.521583,-3.952846,10.253737,14.632940,-0.164485,-0.101776,0.008792,8.004000,44.138358

0.338444,3.512430,11.482383,14.647646,-0.017664,0.003210,-0.029046,8.004000,44.138358

0.127682,2.516102,9.290939,14.656469,0.229347,0.095673,0.022648,8.004000,44.138358

-0.449518,-1.009367,7.619215,14.644705,0.003120,-0.054878,-0.041303,8.008000,44.138358

0.659376,-0.951886,8.529324,14.650587,-0.072555,-0.069534,-0.082072,8.004000,44.138358

-2.138007,-1.488371,10.450130,14.635881,-0.142102,-0.006116,-0.062087,8.000000,44.138358

-0.140560,4.932677,10.670471,14.668234,0.230679,0.179608,-0.044501,8.004000,44.138358

-0.746500,0.434830,8.038344,14.656469,-0.065094,-0.033295,-0.051695,8.008000,44.269225

-0.827931,0.899464,10.977034,14.662352,-0.024059,-0.010912,-0.045833,8.004000,44.269225

-0.162116,2.101763,10.586645,14.647646,0.044422,0.051973,-0.016522,8.008000,44.269225

-0.906967,-0.020224,9.501701,14.656469,-0.094139,0.003477,-0.006663,8.004000,44.269225

-0.674650,0.827613,11.022539,14.647646,-0.078950,-0.068468,-0.024516,8.004000,44.269225

0.055831,0.037257,9.662168,14.647646,0.058011,-0.038891,0.014388,8.004000,44.269225

0.862953,0.774923,8.718530,14.656469,-0.040047,-0.065004,-0.023716,8.004000,44.269225

0.175582,0.547396,7.408454,14.656469,0.031365,-0.046885,0.031175,8.008000,44.269225

1.164725,1.045560,8.895761,14.644705,-0.227370,-0.104174,0.005328,8.004000,44.269225

-1.194369,2.487362,10.529164,14.647646,0.100112,0.156959,-0.007196,8.004000,44.269225

0.577946,0.640802,7.877878,14.641764,0.038027,-0.095647,0.024780,8.004000,44.269225

-0.909362,0.224068,9.592712,14.641764,-0.204188,-0.002119,-0.008795,8.004000,44.236505

-0.245941,2.415511,11.853611,14.644705,0.054014,0.046111,0.030908,8.004000,44.236505

0.319283,0.856353,8.799960,14.641764,0.135552,-0.014643,-0.018654,8.004000,44.236505

-1.924850,0.509075,7.722201,14.647646,-0.077618,0.049575,0.042100,8.004000,44.236505

-0.935707,0.362979,7.995234,14.641764,-0.100534,0.000546,0.042366,8.004000,44.236505

0.462985,0.810848,10.577065,14.641764,-0.103198,0.025327,0.090063,8.004000,44.236505

-0.825536,0.703072,9.355605,14.638823,0.051883,0.119388,0.076473,8.004000,44.236505

-0.885411,2.276600,8.232341,14.659410,0.040425,0.047976,0.057288,8.004000,44.236505

0.762362,0.540211,9.664562,14.638823,-0.025391,-0.060474,0.024247,8.008000,44.236505

0.884508,1.304222,9.666958,14.647646,-0.122917,-0.081525,-0.025315,8.004000,44.236505

-0.305817,2.065838,10.512400,14.653528,0.091053,0.194797,-0.051429,8.000000,44.236505

0.580340,-0.080099,9.228669,14.662352,-0.020329,-0.034361,-0.027181,8.004000,44.236505

0.721647,2.408326,8.931686,14.659410,-0.097336,0.081550,-0.058890,8.004000,44.394625

0.304913,1.850286,9.621452,14.638823,0.095583,0.045045,-0.090599,8.004000,44.394625

0.455800,-0.422587,8.605964,14.641764,0.039093,-0.006382,-0.100191,8.004000,44.394625

-0.756080,2.793924,10.543535,14.650587,0.054281,0.102334,-0.050363,8.008000,44.394625

-1.800309,0.444410,9.041858,14.647646,0.119298,0.155094,-0.023184,8.008000,44.394625

-0.427963,0.906649,10.409413,14.627058,-0.135440,-0.019173,-0.008262,8.000000,44.394625

-0.145350,0.789293,10.524375,14.641764,0.117433,0.030922,0.031708,8.004000,44.394625

-0.092660,-0.396242,9.932805,14.627058,0.052949,-0.086321,0.023714,8.004000,44.394625

0.407899,2.101763,9.173584,14.641764,0.067604,-0.053546,0.027711,8.004000,44.394625

1.523978,1.160521,6.654023,14.653528,-0.096004,-0.210759,0.046896,8.004000,44.394625

0.166002,1.622760,9.654983,14.627058,0.004719,0.062099,-0.053827,8.004000,44.394625

0.776732,-1.790143,8.505373,14.632940,-0.072289,-0.064205,0.056222,8.000000,44.394625

0.788707,2.276600,8.888577,14.627058,-0.032586,0.002144,0.020783,8.004000,44.125735

-0.540529,0.319869,10.110036,14.603529,-0.088543,0.059967,0.051426,8.004000,44.125735

-0.461493,0.168983,9.068203,14.629999,0.127025,-0.034627,0.018918,8.004000,44.125735

-1.455426,-0.207035,9.628637,14.632940,-0.276932,-0.049549,0.005594,8.000000,44.125735

0.271383,1.146151,9.841794,14.629999,0.177387,0.051440,0.002397,8.004000,44.125735

0.115707,0.202513,9.640613,14.618235,-0.232699,-0.057010,0.042366,8.000000,44.125735

-1.278195,-2.218852,9.142448,14.612352,-0.088010,0.050907,0.064483,8.004000,44.125735

-1.017138,4.396193,10.282477,14.609411,0.187779,0.168950,-0.037839,8.004000,44.125735

0.223483,-1.718293,7.597661,14.641764,-0.150895,0.010671,-0.021318,8.000000,44.125735

-1.512907,2.427486,11.180610,14.629999,-0.002476,0.059434,-0.071946,8.004000,44.125735

0.197137,-1.574591,8.649075,14.641764,0.035096,0.052239,-0.011726,8.004000,44.125735

-0.178881,0.509075,10.215417,14.627058,-0.132509,-0.009580,-0.035707,8.000000,43.399486

0.273778,0.264784,9.422666,14.612352,-0.049906,-0.006649,-0.049030,8.000000,43.399486

-0.226781,-0.106445,9.116103,14.618235,-0.037116,0.007207,-0.007196,8.004000,43.399486

-1.862579,1.617970,10.313613,14.638823,-0.227636,-0.010646,-0.007995,8.004000,43.399486

0.194742,-0.072914,10.354328,14.618235,0.121696,0.013069,-0.029579,8.000000,43.399486

-0.820746,0.956944,10.622570,14.632940,-0.118653,-0.038358,0.021849,8.000000,43.399486

-0.401617,2.159244,9.920830,14.632940,0.165662,0.148166,0.010391,8.000000,43.399486

-0.861461,-0.262121,9.580737,14.618235,-0.028322,-0.039957,0.036504,8.000000,43.399486

0.012721,1.486243,9.367580,14.632940,0.124094,0.095939,-0.016522,8.000000,43.399486

1.097665,0.796478,7.698251,14.624117,-0.100001,-0.122293,-0.091132,8.000000,43.399486

-0.286657,1.182076,10.069321,14.618235,-0.006473,0.094607,-0.132700,8.000000,43.399486

-0.071105,-1.026132,9.386741,14.629999,-0.034984,0.008007,-0.035174,8.000000,43.399486

-0.320187,0.868328,11.240485,14.638823,-0.084546,0.045578,-0.095661,8.004000,42.524553

-0.741710,1.543724,10.692026,14.618235,0.015644,-0.012511,-0.091664,8.000000,42.524553

0.451009,0.487520,9.096943,14.612352,0.020174,-0.015708,-0.056758,8.000000,42.524553

0.015116,1.447923,10.330379,14.612352,0.190710,0.085814,-0.073545,8.000000,42.524553

-1.053063,-1.378200,8.471843,14.618235,-0.186068,-0.068735,-0.094063,8.000000,42.524553

-1.498536,0.154613,9.884905,14.621176,-0.005940,-0.034627,-0.085269,8.000000,42.524553

-0.075895,2.084998,8.376042,14.635881,-0.148497,-0.086055,-0.012525,7.996000,42.524553

-0.020809,0.473150,9.444221,14.621176,0.059077,0.050641,-0.007729,7.996000,42.524553

-0.049550,1.261111,11.954202,14.621176,-0.141835,-0.065271,0.059153,8.000000,42.524553

-2.837352,2.271810,11.745834,14.609411,0.050284,0.022662,0.005861,8.000000,42.524553

-1.237479,-2.120656,9.166399,14.627058,-0.003541,-0.031430,-0.054626,8.000000,42.524553

-2.236202,2.887330,8.512558,14.624117,0.008716,-0.091117,-0.058623,7.996000,42.524553

0.747992,-2.748151,8.888577,14.627058,-0.127180,-0.161463,-0.058623,7.996000,42.524553

0.726437,0.360584,11.798525,14.612352,0.119831,-0.007981,-0.010393,7.996000,41.563791

0.616266,0.192933,9.123288,14.615294,-0.072022,-0.072998,-0.003465,7.992000,41.563791

-0.210016,2.211934,8.210786,14.594706,-0.009670,0.029057,0.005061,7.996000,41.563791

-1.996701,2.552027,10.577065,14.624117,0.189644,0.145768,0.122838,7.996000,41.563791

-0.423173,-0.599819,9.386741,14.621176,-0.240160,-0.103641,0.064216,8.000000,41.563791

2.194584,0.832403,10.165122,14.609411,0.190443,-0.048483,0.049827,8.000000,41.563791

-0.269891,-0.568683,7.396479,14.627058,0.193907,0.006674,0.080737,7.996000,41.563791

-1.220714,2.367611,10.143566,14.615294,0.015644,-0.001852,0.060486,7.992000,41.563791

-0.878226,-2.221247,10.814172,14.609411,0.014045,-0.100444,0.033839,7.992000,41.563791

2.762203,0.238438,7.609635,14.618235,-0.206586,-0.116165,0.013855,7.992000,41.563791

-0.202831,-0.314811,9.290939,14.615294,0.046820,-0.013843,-0.010393,7.996000,40.642989

-0.502208,2.985526,10.687236,14.597647,-0.016065,0.000279,0.046896,7.992000,40.642989

0.673746,0.269574,8.215575,14.621176,0.085723,0.049042,-0.016256,7.992000,40.642989

-0.796796,0.559371,10.639336,14.618235,-0.056035,-0.061274,0.030642,7.992000,40.642989

0.180372,-0.180690,9.619058,14.615294,0.016177,-0.061807,-0.050363,7.992000,40.642989

-1.163234,2.422696,10.323193,14.615294,0.025769,-0.009313,-0.023184,7.992000,40.642989

0.082176,0.564161,9.686118,14.606470,0.075598,0.143636,-0.083138,7.988000,40.642989

-0.696205,-1.071637,8.900552,14.600588,-0.208451,-0.041822,-0.077275,7.992000,40.642989

0.192347,1.170101,12.071557,14.612352,0.006318,-0.039690,-0.066617,7.992000,40.642989

-0.557294,0.573741,10.169911,14.594706,0.142214,0.010138,-0.075943,7.988000,39.356500

-0.820746,-1.028527,9.520862,14.597647,0.031365,-0.006116,-0.075410,7.988000,39.356500

-0.859066,-0.884826,7.482699,14.615294,-0.115456,-0.037558,-0.055159,7.988000,39.356500

-1.838629,4.542289,11.084809,14.609411,0.190177,0.183339,-0.014657,7.992000,39.356500

0.285753,-2.297887,8.651469,14.591763,-0.106929,-0.143877,-0.038372,7.992000,39.356500

0.769547,2.705308,11.312336,14.591763,0.244535,0.094074,0.031441,7.996000,39.356500

-0.104635,-2.329023,6.977350,14.603529,-0.122650,-0.075929,0.053558,7.988000,39.356500

-1.824259,1.110225,11.041698,14.588821,0.007650,0.005609,-0.011726,7.992000,39.356500

-0.926127,-0.460907,9.844189,14.597647,0.035629,0.006408,-0.050363,7.988000,39.356500

-0.808771,2.005963,8.541298,14.606470,-0.006206,0.032255,-0.005864,7.988000,39.356500

-0.360902,-1.117143,9.798684,14.597647,-0.058699,0.104466,-0.035974,7.988000,39.356500

-0.495023,1.431158,11.781760,14.600588,0.047086,0.059700,-0.055958,7.984000,39.356500

1.672469,-0.513598,9.104128,14.597647,0.007650,-0.049816,-0.021052,7.988000,39.356500

0.039066,1.943692,10.646521,14.603529,-0.024592,-0.016241,-0.047165,7.988000,38.428418

-0.150140,1.792806,9.789104,14.603529,0.019641,-0.065004,-0.061021,7.988000,38.428418

0.355209,0.109107,9.619058,14.600588,0.049485,-0.016508,-0.062087,7.984000,38.428418

-0.186066,-1.265634,7.990444,14.600588,0.005785,-0.027966,-0.084736,7.980000,38.428418

-0.617169,0.176168,9.987890,14.600588,-0.143701,-0.043687,0.002397,7.980000,38.428418

0.221088,-0.003459,10.421389,14.594706,0.087322,-0.025834,-0.032510,7.988000,38.428418

-1.088988,1.938902,10.792617,14.585880,-0.127447,-0.037558,0.024247,7.984000,38.428418

-0.260311,0.801268,8.407177,14.594706,0.136351,0.009605,0.008525,7.984000,38.428418

-0.341742,-1.639257,10.407019,14.609411,-0.204454,-0.126024,0.046896,7.980000,38.428418

-0.751290,-0.209430,9.547207,14.603529,-0.112791,-0.018906,0.059153,7.980000,38.428418

1.042579,3.306458,8.905341,14.603529,0.052149,-0.022370,-0.054893,7.980000,38.428418

0.194742,-0.175900,7.825187,14.606470,-0.006206,-0.008780,-0.054093,7.984000,38.428418

0.125287,1.126991,10.277688,14.591763,-0.128246,-0.040490,-0.040504,7.984000,38.428418

0.530045,0.432435,11.166240,14.603529,0.118498,-0.006649,0.019450,7.980000,38.428418

-0.468678,2.341265,9.793894,14.582939,0.161665,0.070625,0.024513,7.980000,37.145991

-1.448241,0.190538,7.837162,14.597647,-0.000877,0.008540,0.041567,7.980000,37.145991

-1.333280,-0.432167,9.307705,14.609411,-0.143701,-0.001053,0.006927,7.984000,37.145991

-1.203949,2.195169,11.345866,14.597647,0.155537,-0.035160,0.028244,7.980000,37.145991

0.125287,-0.944701,9.065807,14.594706,-0.014466,-0.103908,-0.070614,7.980000,37.145991

-0.075895,0.274364,8.737690,14.594706,0.135019,-0.084189,-0.058623,7.984000,37.145991

-0.190856,1.577254,7.616820,14.588821,-0.037915,-0.001586,0.004529,7.980000,37.145991

-0.178881,2.305340,7.966493,14.594706,0.000455,0.020264,0.022382,7.980000,37.145991

0.589921,-1.447655,9.918435,14.574116,-0.139970,-0.078594,0.023181,7.976000,37.145991

-0.365692,0.243228,12.466736,14.582939,-0.047774,-0.028232,0.013322,7.976000,37.145991

-0.415988,2.793924,9.860954,14.591763,0.003653,-0.044753,-0.005064,7.972000,37.145991

-0.480653,-0.178295,8.603569,14.577057,-0.068292,-0.086055,-0.066350,7.976000,37.145991

-0.392037,-0.630954,10.145962,14.588821,-0.227903,-0.008248,-0.003465,7.972000,37.145991

-0.669860,1.900582,11.036909,14.591763,0.111037,0.088478,-0.011459,7.976000,37.145991

0.424664,-0.803395,8.869416,14.591763,0.018042,-0.027166,-0.006396,7.976000,36.129898

-0.001649,0.319869,9.480146,14.579998,-0.077884,-0.006382,0.037836,7.972000,36.129898

-0.681835,0.760553,9.310100,14.594706,-0.028322,0.053572,0.022115,7.972000,36.129898

-0.569269,0.753367,9.456196,14.585880,0.154204,-0.005316,0.022115,7.976000,36.129898

-1.065038,0.839588,10.454919,14.591763,-0.207385,-0.058609,0.082069,7.972000,36.129898

1.028209,0.250413,9.975915,14.585880,0.094517,-0.018906,0.042633,7.976000,36.129898

-0.272286,1.189261,9.408296,14.585880,-0.051238,-0.024768,0.137760,7.972000,36.129898

-0.648305,1.998778,9.971126,14.591763,0.114501,0.006141,0.117775,7.980000,36.129898

-0.176486,-1.514716,9.547207,14.574116,-0.076819,-0.092983,0.142823,7.976000,36.129898

-1.041088,0.509075,12.852334,14.594706,-0.007538,0.091409,0.143622,7.972000,36.129898

-1.072223,0.782108,8.165280,14.591763,0.068403,0.092742,0.141757,7.972000,36.129898

0.192347,1.368887,8.263476,14.568233,-0.097336,0.075422,0.090063,7.968000,36.129898

0.120497,0.554581,9.664562,14.565292,0.021506,0.114858,0.063950,7.968000,36.129898

0.130077,0.873118,9.731624,14.588821,-0.156224,0.037584,0.118841,7.968000,36.129898

0.692906,2.849010,9.966335,14.571175,0.212826,0.154561,0.085000,7.972000,36.129898

0.314493,-0.808185,7.770102,14.571175,0.056146,0.038383,0.047163,7.968000,35.137391

0.453404,-0.424982,9.266990,14.579998,0.024171,0.027725,0.065016,7.968000,35.137391

-1.235084,0.473150,9.808264,14.565292,-0.072022,0.090610,0.002663,7.972000,35.137391

-1.936825,2.211934,9.805869,14.568233,0.062008,0.105265,0.008259,7.972000,35.137391

0.910853,-0.992602,9.037067,14.571175,-0.042978,-0.000520,-0.020785,7.968000,35.137391

-0.475863,1.397628,10.078901,14.553528,0.016177,0.173746,0.000532,7.968000,35.137391

-1.191974,1.323382,8.495793,14.579998,-0.030188,0.166285,0.059153,7.968000,35.137391

0.348024,0.595296,8.045529,14.588821,-0.069891,0.086613,0.017052,7.968000,35.137391

1.444943,1.522169,11.127919,14.556469,0.084924,0.055970,-0.018121,7.964000,35.137391

1.181490,0.540211,9.954360,14.568233,0.029766,0.017599,-0.055426,7.968000,35.137391

-0.590824,2.171219,9.164003,14.556469,-0.070956,0.041048,-0.056225,7.964000,35.137391

-1.077013,-0.171110,9.001143,14.565292,-0.046442,0.051440,-0.129236,7.964000,35.137391

-0.952472,0.956944,10.292058,14.559410,-0.035517,0.019198,-0.211573,7.964000,35.137391

0.422269,-0.401032,9.583132,14.591763,0.071601,0.023728,-0.239818,7.964000,35.137391

-0.363297,-0.956676,7.827582,14.562351,-0.265474,0.037584,-0.195585,7.964000,35.137391

-1.306935,2.825059,12.061977,14.577057,-0.054436,0.141771,-0.145223,7.964000,34.132806

0.642611,0.293524,7.918593,14.579998,0.075864,0.093275,-0.139894,7.964000,34.132806

-0.578849,0.633617,9.302915,14.568233,-0.048840,-0.010113,-0.148421,7.960000,34.132806

-1.000372,2.451436,10.795012,14.565292,0.101178,-0.007981,-0.148154,7.964000,34.132806

-0.758475,-0.918356,8.035949,14.568233,-0.074953,-0.057810,-0.132433,7.964000,34.132806

-0.748895,0.384534,10.608200,14.577057,0.026835,-0.053813,-0.108718,7.968000,34.132806

-0.336952,1.074300,9.647798,14.565292,0.052416,0.020797,-0.017588,7.960000,34.132806

-0.545319,1.428763,9.513677,14.582939,-0.004607,0.034653,0.052225,7.964000,34.132806

-0.871041,-0.300441,10.155541,14.574116,-0.057367,-0.002119,0.040501,7.968000,34.132806

-1.647028,0.932994,10.074111,14.568233,-0.053103,0.027991,0.049028,7.964000,34.132806

-1.359625,1.541329,8.725715,14.585880,0.113969,0.043979,0.005328,7.964000,34.132806

0.209112,-0.312416,9.041858,14.562351,-0.042179,0.021863,-0.097527,7.964000,34.132806

0.513280,1.138966,9.580737,14.568233,-0.056567,0.104733,-0.140161,7.960000,34.132806

0.460589,1.366493,9.089758,14.559410,0.003387,0.036252,-0.152684,7.960000,34.132806

0.537230,1.855076,11.154264,14.579998,-0.075753,0.031189,-0.185992,7.960000,34.132806

-0.071105,3.332803,11.410532,14.556469,0.125426,0.141504,-0.163609,7.964000,33.824013

0.065411,1.656290,8.816726,14.547646,-0.015266,0.022929,-0.117778,7.960000,33.824013

-0.248336,-0.892011,9.686118,14.556469,0.026302,-0.012511,-0.145223,7.960000,33.824013

-0.588429,2.937625,10.866862,14.562351,0.015644,0.018932,-0.078341,7.964000,33.824013

-0.643515,1.428763,8.778405,14.556469,0.093184,-0.023169,-0.048231,7.960000,33.824013

0.633031,-0.137580,9.784313,14.559410,0.022039,-0.021304,-0.011193,7.960000,33.824013

-0.894992,2.211934,10.399834,14.574116,0.063874,0.023195,-0.015456,7.960000,33.824013

-0.267496,1.867052,8.347301,14.568233,0.151540,-0.019972,-0.026914,7.960000,33.824013

0.314493,-1.081218,9.293335,14.550587,-0.122650,-0.103908,-0.044501,7.964000,33.824013

0.424664,2.427486,11.206955,14.556469,0.081460,0.035186,-0.025315,7.960000,33.824013

2.137103,1.091065,9.621452,14.544704,0.106508,-0.050082,-0.072213,7.960000,33.824013

0.707277,1.191656,6.443261,14.550587,-0.064295,-0.055678,-0.034375,7.956000,33.824013

0.870138,1.134176,8.567643,14.553528,0.042557,-0.015176,-0.096994,7.960000,33.824013

0.326468,-0.204640,10.014235,14.556469,-0.044843,-0.055944,-0.137762,7.956000,33.824013

-0.092660,1.558094,10.572275,14.559410,0.103843,-0.008248,-0.116179,7.956000,33.824013

0.489330,-0.372292,8.510163,14.568233,0.031632,-0.026367,-0.153484,7.960000,33.824013

-1.148864,1.495824,9.444221,14.577057,-0.144500,-0.007448,-0.132966,7.956000,33.437615

-0.753685,1.895792,10.605805,14.559410,0.124893,0.042114,-0.120176,7.956000,33.437615

-1.100963,-0.702804,7.695856,14.553528,0.043889,0.023994,-0.099125,7.964000,33.437615

-0.799191,1.462293,9.959150,14.550587,-0.088543,0.010138,-0.079674,7.960000,33.437615

0.482145,3.445369,8.737690,14.553528,0.149941,-0.041022,-0.125505,7.960000,33.437615

0.063016,2.065838,11.029724,14.532940,0.088122,-0.010912,-0.096727,7.964000,33.437615

-1.031508,0.705467,9.259805,14.556469,0.076930,-0.005050,-0.075943,7.960000,33.437615

-1.242269,1.174891,9.738809,14.562351,-0.109860,0.004010,-0.033842,7.960000,33.437615

-1.340465,0.595296,9.911250,14.547646,0.085723,0.081284,-0.020252,7.956000,33.437615

-2.219437,-0.374687,8.704160,14.550587,-0.086145,0.057835,-0.026381,7.956000,33.437615

-1.472191,1.364097,8.577224,14.582939,0.014312,0.051707,-0.029579,7.956000,33.437615

0.834213,0.631221,8.002419,14.562351,-0.106396,0.064230,-0.075943,7.956000,33.437615

-0.109425,2.408326,8.641890,14.556469,-0.088809,0.150564,-0.098859,7.956000,33.437615

-0.198041,0.659962,9.635822,14.556469,-0.086678,0.046644,-0.134831,7.952000,33.437615

0.312098,1.309012,11.506332,14.571175,0.012713,0.011471,-0.100724,7.960000,33.437615

-0.212411,3.033426,10.112432,14.568233,0.059344,0.062099,-0.161478,7.956000,33.550239

0.074991,1.728140,8.673024,14.538822,0.073200,0.020530,-0.146289,7.956000,33.550239

-1.297355,-0.068124,9.358000,14.556469,-0.113590,0.054638,-0.105787,7.960000,33.550239

-1.769174,1.361702,10.045371,14.559410,-0.062696,0.027458,-0.108452,7.960000,33.550239

-1.560807,1.213211,9.386741,14.550587,0.077996,0.023461,-0.080739,7.960000,33.550239

0.194742,0.600086,9.329260,14.562351,-0.093073,-0.030364,-0.110317,7.956000,33.550239

-0.375272,0.932994,9.690907,14.559410,-0.008604,0.077287,-0.107119,7.960000,33.550239

-0.626749,2.580767,8.926897,14.550587,0.038027,0.053305,-0.089000,7.960000,33.550239

-0.966842,1.167706,9.278965,14.553528,-0.049373,0.017599,-0.068749,7.960000,33.550239

-1.594337,-0.199850,10.478869,14.550587,0.070535,0.025593,-0.102056,7.960000,33.550239

0.357604,0.358189,10.282477,14.547646,0.034296,0.022129,-0.065018,7.960000,33.550239

-0.142955,2.008358,8.929292,14.535881,-0.101333,0.006408,-0.100724,7.964000,33.550239

-0.370482,1.850286,9.365185,14.538822,0.046554,-0.037026,-0.185726,7.964000,33.550239

-1.637448,-0.001064,9.072993,14.521175,0.030033,-0.032229,-0.238485,7.956000,33.550239

-1.215924,0.001331,9.920830,14.527058,-0.009404,-0.035693,-0.191321,7.960000,33.550239

-0.744105,1.675450,9.805869,14.535881,0.056946,-0.007182,-0.216902,7.960000,34.341817

0.985099,1.646710,9.314890,14.527058,0.076397,-0.005050,-0.149220,7.960000,34.341817

-0.289052,0.767738,10.636941,14.550587,-0.046442,0.021596,-0.138029,7.964000,34.341817

-1.788334,2.101763,10.699211,14.538822,0.055080,-0.018640,-0.175600,7.960000,34.341817

-1.678163,1.931717,9.262199,14.544704,0.088655,-0.085522,-0.122574,7.960000,34.341817

-1.024323,0.415670,10.478869,14.547646,-0.008071,0.017599,-0.096727,7.960000,34.341817

-1.321305,1.093460,10.457314,14.538822,0.000189,-0.055678,-0.092197,7.960000,34.341817

-1.465006,1.100645,8.661049,14.529999,0.043356,-0.146808,-0.071147,7.960000,34.341817

-1.153654,0.346214,8.986773,14.541763,0.115567,-0.154535,-0.014923,7.960000,34.341817

-1.091383,0.094737,10.246552,14.544704,-0.084013,-0.138548,0.007193,7.964000,34.341817

-1.582362,3.162757,9.571157,14.532940,0.135286,0.000546,0.015187,7.960000,34.341817

0.941988,0.408485,8.134145,14.529999,-0.085345,-0.110036,0.006927,7.960000,34.341817

-0.459098,1.028795,9.880115,14.529999,-0.090408,0.129780,-0.011459,7.960000,34.341817

0.788707,2.439461,9.925620,14.535881,0.008449,-0.082058,-0.025582,7.960000,34.341817

1.138380,1.845496,8.593988,14.529999,0.019108,-0.085788,-0.040237,7.964000,34.341817

-0.935707,0.976104,9.001143,14.524117,-0.066960,-0.058342,-0.056225,7.960000,35.007614

0.134867,1.970037,9.858560,14.529999,0.012713,-0.059408,-0.021052,7.964000,35.007614

-0.509393,1.229976,9.393926,14.509411,0.120897,-0.007182,-0.009594,7.960000,35.007614

-0.933312,1.033585,9.559182,14.521175,-0.036316,-0.041022,0.019717,7.964000,35.007614

-0.116610,2.451436,9.528047,14.512352,-0.005940,-0.103641,0.071144,7.960000,35.007614

-0.691415,0.997660,9.386741,14.524117,-0.012601,-0.022370,0.112446,7.964000,35.007614

-1.299750,1.555699,9.537626,14.518234,-0.007272,-0.022903,0.088997,7.964000,35.007614

-1.697323,1.505404,8.907737,14.529999,-0.067492,0.022396,0.135628,7.960000,35.007614

-1.750014,-0.980627,8.622729,14.506470,-0.086944,0.097538,0.220097,7.964000,35.007614

-0.595614,2.176009,11.118340,14.515293,-0.067492,0.004010,0.105251,7.960000,35.007614

-1.455426,2.798714,9.429851,14.515293,-0.048041,-0.013044,0.074075,7.964000,35.007614

-0.509393,0.693492,9.506492,14.503529,0.051350,0.087945,0.038369,7.960000,35.007614

-2.367929,0.063602,9.183164,14.491764,-0.125581,0.131645,0.021049,7.960000,35.007614

-1.177604,1.359308,9.734018,14.509411,0.002321,0.073823,0.032241,7.960000,35.007614

0.594711,1.277877,8.855046,14.515293,0.107840,-0.019705,-0.059422,7.964000,35.007614

-0.329767,0.104317,8.088639,14.524117,-0.062163,0.049042,-0.112448,7.960000,35.565321

-0.720155,1.457503,10.299243,14.529999,-0.075486,0.092742,-0.103122,7.964000,35.565321

-1.117728,1.670660,10.270503,14.512352,0.063874,0.098071,-0.074078,7.964000,35.565321

-1.546437,0.339029,9.250224,14.521175,-0.030987,0.116190,-0.055958,7.960000,35.565321

0.046251,1.390443,9.899275,14.524117,-0.110926,0.116723,-0.015723,7.964000,35.565321

-0.619564,1.823941,10.799802,14.506470,0.055347,0.157226,-0.114047,7.964000,35.565321

0.506095,2.029913,8.811935,14.515293,-0.020861,0.031722,-0.074344,7.960000,35.565321

1.444943,1.309012,8.740085,14.512352,-0.127447,-0.001053,-0.050629,7.960000,35.565321

0.398319,1.936507,9.568762,14.512352,0.054814,0.051973,-0.070347,7.964000,35.565321

0.331258,0.046837,9.939990,14.506470,0.028434,-0.036226,-0.120176,7.964000,35.565321

-1.122518,2.257440,8.668234,14.512352,-0.040047,-0.011445,-0.127104,7.964000,35.565321

-0.796796,1.411998,9.872930,14.509411,0.009515,0.065296,-0.075943,7.964000,35.565321

-0.066315,0.003726,10.078901,14.515293,-0.102133,0.011471,-0.127104,7.964000,35.565321

1.073714,1.677845,10.081296,14.515293,-0.066960,0.005609,-0.130834,7.964000,35.565321

-0.844696,0.956944,8.802356,14.524117,-0.046708,0.075422,-0.172935,7.964000,36.150875

0.163607,0.794083,9.312495,14.521175,-0.011002,-0.006649,-0.180130,7.964000,36.150875

0.053436,1.565279,8.993958,14.518234,0.005252,0.023994,-0.229958,7.964000,36.150875

-0.303422,1.433553,9.820239,14.509411,0.010048,0.040782,-0.206510,7.968000,36.150875

-0.945287,-0.027409,9.506492,14.506470,0.046021,0.039183,-0.185992,7.968000,36.150875

-1.124913,1.428763,8.790380,14.515293,-0.042445,0.013869,-0.190256,7.964000,36.150875

0.261803,1.584439,8.778405,14.503529,0.005785,-0.079393,-0.133233,7.968000,36.150875

-1.069828,0.003726,10.383068,14.506470,-0.008604,0.010405,-0.177998,7.964000,36.150875

-1.951195,-0.451327,11.094389,14.524117,-0.083214,-0.009313,-0.192121,7.964000,36.150875

-2.394274,1.625154,9.302915,14.521175,0.011380,0.147100,-0.134565,7.968000,36.150875

-0.444728,0.398905,9.041858,14.494705,-0.048840,0.058901,-0.151352,7.964000,36.150875

-2.619406,0.147428,9.101733,14.506470,-0.102932,-0.015442,-0.221432,7.964000,36.150875

0.216298,1.213211,10.160332,14.474117,-0.085612,-0.093516,-0.106853,7.964000,36.150875

0.712067,2.329290,9.626243,14.503529,0.076131,-0.039157,-0.110583,7.964000,36.150875

-0.387247,2.367611,7.832372,14.503529,0.127558,-0.026101,-0.083138,7.964000,36.740175

-0.322582,0.822823,8.411967,14.491764,-0.076019,-0.071133,-0.012259,7.964000,36.740175

0.003141,2.065838,9.899275,14.512352,-0.011002,-0.106572,-0.078341,7.964000,36.740175

0.939593,2.415511,10.009445,14.491764,0.119831,-0.222750,-0.116445,7.964000,36.740175

-0.653095,1.028795,10.926738,14.494705,0.059344,-0.192107,-0.074611,7.968000,36.740175

-1.086593,0.712652,10.201047,14.500587,0.055347,-0.006382,0.015453,7.968000,36.740175

-1.302145,-0.183085,9.741203,14.488823,-0.118920,0.035985,0.093261,7.968000,36.740175

-1.069828,0.530631,9.566367,14.491764,-0.055768,-0.082324,0.050360,7.968000,36.740175

-0.643515,0.964129,10.263317,14.500587,0.038560,-0.104707,0.091129,7.968000,36.740175

-0.796796,0.949759,9.216694,14.509411,0.160866,-0.061807,0.023447,7.968000,36.740175

-0.080685,0.612061,8.158095,14.509411,0.028967,-0.061274,-0.054093,7.968000,36.740175

-0.645909,0.956944,9.496911,14.512352,-0.106929,0.027192,-0.069015,7.964000,36.740175

-1.637448,1.685030,11.444062,14.503529,-0.024858,0.004543,-0.059689,7.968000,36.740175

-0.375272,2.523287,10.893208,14.512352,0.143279,-0.090851,-0.156681,7.972000,36.740175

-0.938102,0.727022,9.274175,14.512352,0.092652,-0.031963,-0.106586,7.968000,37.473188

-2.652936,-0.475278,10.033396,14.500587,-0.074687,0.049841,-0.101790,7.972000,37.473188

-1.845814,1.289852,10.962664,14.482941,-0.031520,0.015201,-0.071413,7.964000,37.473188

0.110917,0.870723,8.799960,14.509411,-0.105330,-0.091650,-0.068749,7.972000,37.473188

-0.284262,0.794083,8.912526,14.503529,-0.017397,-0.001053,-0.023983,7.968000,37.473188

-0.832721,1.799991,11.065649,14.509411,-0.009937,-0.025834,-0.042902,7.968000,37.473188

-1.077013,1.996382,10.100456,14.494705,0.073200,-0.026633,-0.009860,7.968000,37.473188

0.532440,2.068233,10.349538,14.488823,-0.006739,0.058635,0.015720,7.968000,37.473188

0.451009,1.172496,9.793894,14.503529,0.007650,0.038650,0.062617,7.968000,37.473188

-1.146469,2.171219,9.259805,14.506470,0.094250,0.123651,0.065016,7.968000,37.473188

-1.582362,0.921019,9.930409,14.494705,-0.107195,0.044778,-0.086335,7.968000,37.473188

0.846188,0.875513,8.850256,14.506470,-0.018730,-0.034361,-0.019720,7.972000,37.473188

0.230668,1.855076,8.958032,14.500587,-0.016865,0.039982,-0.154550,7.968000,37.927534

0.043856,1.052745,10.014235,14.503529,-0.081082,-0.020238,-0.082605,7.968000,37.927534

-0.885411,1.625154,11.163845,14.494705,0.036694,0.005076,-0.121775,7.972000,37.927534

0.005536,1.280272,9.015512,14.480000,0.030832,-0.057543,-0.086335,7.968000,37.927534

0.051041,1.605994,10.093271,14.509411,0.002854,0.039183,-0.098859,7.968000,37.927534

-0.712970,1.440738,10.150752,14.497646,0.059077,-0.026101,-0.059156,7.968000,37.927534

-0.027994,0.904254,9.010722,14.497646,-0.056301,-0.046885,-0.034908,7.972000,37.927534

-1.479376,0.968919,9.882509,14.524117,0.023105,-0.133218,-0.047965,7.968000,37.927534

-1.862579,0.482730,11.556628,14.521175,0.096648,-0.065271,-0.010393,7.972000,37.927534

0.611476,2.427486,8.869416,14.506470,0.097448,0.091942,0.011190,7.972000,37.927534

1.143170,1.634735,9.298124,14.521175,-0.006206,-0.027699,0.005594,7.972000,37.927534

-1.905690,0.985684,9.987890,14.518234,-0.076019,0.154295,-0.048764,7.972000,37.927534

-0.073500,1.304222,10.871653,14.515293,0.007117,0.022662,-0.061021,7.972000,37.927534

-0.049550,1.131781,10.660891,14.512352,0.025237,-0.016508,-0.065818,7.968000,37.927534

-0.176486,2.410721,8.965217,14.521175,0.036428,0.010671,-0.077808,7.972000,38.472923

-0.025599,1.797596,10.294453,14.529999,0.071335,-0.028232,-0.067416,7.972000,38.472923

-0.154930,0.497100,9.928015,14.515293,0.067338,-0.057010,-0.073012,7.972000,38.472923

-0.210016,0.734207,8.807145,14.524117,-0.041379,-0.027433,-0.083138,7.968000,38.472923

0.036671,0.633617,9.092153,14.524117,-0.041379,0.026393,-0.038905,7.972000,38.472923

-1.627867,2.096973,10.282477,14.532940,0.060942,0.087412,-0.082871,7.976000,38.472923

-2.557135,0.602481,9.985496,14.515293,0.099313,-0.003185,-0.058090,7.976000,38.472923

-0.032785,0.885094,10.248947,14.544704,0.073200,-0.061540,-0.037306,7.972000,38.472923

-0.873436,1.122200,10.665681,14.550587,0.073466,-0.065803,-0.135631,7.972000,38.472923

-2.305658,1.991592,8.378437,14.544704,0.065472,-0.035693,-0.093263,7.972000,38.472923

-1.718878,0.065997,9.573552,14.553528,0.006851,-0.008780,-0.085003,7.972000,38.472923

-3.275641,-0.994997,10.692026,14.544704,0.006851,-0.073797,-0.186525,7.972000,38.472923

-0.241151,1.522169,9.939990,14.556469,0.085990,-0.137748,-0.161211,7.968000,38.472923

0.611476,1.347332,8.591594,14.556469,0.089987,-0.076995,-0.181462,7.972000,38.895473

-0.609984,1.158126,8.996352,14.565292,-0.083214,-0.088986,-0.145490,7.972000,38.895473

-2.681676,1.404813,9.963940,14.556469,-0.029921,-0.029565,-0.106320,7.972000,38.895473

-0.993187,0.530631,9.358000,14.550587,0.034829,-0.145742,-0.086868,7.972000,38.895473

0.944383,1.711375,9.528047,14.571175,-0.012868,-0.047684,-0.043168,7.976000,38.895473

-0.801586,1.965247,10.282477,14.571175,0.004186,-0.037558,-0.037573,7.976000,38.895473

-0.633934,1.594019,9.056228,14.565292,-0.009137,-0.074330,-0.008262,7.972000,38.895473

0.510885,2.013148,9.046648,14.571175,0.013779,-0.150272,-0.034375,7.968000,38.895473

1.126405,0.245623,10.268107,14.568233,-0.065894,-0.210226,-0.048231,7.972000,38.895473

0.896483,0.576136,11.216536,14.559410,0.041224,-0.106572,-0.037306,7.972000,38.895473

-0.241151,1.926927,8.258686,14.579998,-0.076019,-0.008514,0.021316,7.972000,38.895473

-2.140402,1.165311,9.022697,14.568233,-0.012068,-0.002652,-0.052761,7.972000,38.895473

-2.830167,0.147428,9.856164,14.565292,0.071335,-0.077528,-0.044501,7.976000,38.895473

-0.801586,0.125872,9.777128,14.588821,-0.090142,-0.090318,-0.035174,7.972000,38.895473

-0.995582,0.540211,10.689631,14.579998,-0.077618,-0.079127,-0.055426,7.976000,38.910841

-1.929640,2.401141,9.786709,14.600588,0.099047,-0.023169,-0.002133,7.976000,38.910841

-0.813561,1.929322,9.080178,14.585880,0.059877,-0.118297,0.027178,7.976000,38.910841

-0.511788,0.185748,9.453801,14.571175,-0.016598,-0.112701,0.029310,7.972000,38.910841

-0.832721,1.165311,10.785432,14.597647,-0.003808,-0.072731,0.025046,7.976000,38.910841

-1.857789,0.164193,10.428574,14.579998,-0.052571,0.006408,0.052758,7.976000,38.910841

-2.499655,0.365374,8.737690,14.585880,0.000189,-0.038091,0.065282,7.968000,38.910841

-1.290170,0.307894,10.739926,14.603529,-0.066427,-0.087653,0.042100,7.972000,38.910841

-0.377667,1.206026,10.979428,14.582939,-0.046975,-0.084189,0.052492,7.972000,38.910841

-0.629144,2.645433,8.900552,14.600588,0.095050,-0.050082,0.030642,7.972000,38.910841

-0.360902,1.637130,9.937595,14.588821,0.104109,-0.079926,0.021849,7.972000,38.910841

0.688116,0.722232,9.298124,14.594706,0.017776,-0.169990,-0.044767,7.976000,38.910841

0.144447,2.250255,10.236973,14.600588,0.026302,-0.040490,0.034905,7.972000,38.910841

0.510885,2.762789,8.105405,14.609411,0.177387,-0.008514,0.020516,7.972000,39.198076

0.577946,0.667147,7.892248,14.585880,0.022305,-0.080192,0.050893,7.976000,39.198076

-0.626749,-0.427377,8.649075,14.600588,-0.077352,-0.018906,0.054890,7.972000,39.198076

-1.402736,-0.187875,9.913645,14.594706,-0.074953,-0.000787,0.069812,7.976000,39.198076

-0.904572,1.445528,10.483660,14.600588,0.000189,0.081284,0.048228,7.976000,39.198076

-1.050668,1.962852,9.801079,14.609411,-0.094405,0.125250,0.138026,7.976000,39.198076

-0.894992,0.485125,9.207114,14.612352,-0.056834,0.223841,0.165738,7.976000,39.198076

-1.402736,-1.064452,10.435759,14.612352,-0.083214,-0.041822,0.049561,7.976000,39.198076

-1.292565,0.324659,11.573393,14.612352,-0.065361,0.069293,-0.005597,7.976000,39.198076

-0.799191,3.792647,9.314890,14.627058,0.109972,0.008540,0.023447,7.972000,39.198076

-0.447123,0.006121,8.134145,14.627058,0.047886,0.001079,-0.014124,7.976000,39.198076

-0.708180,0.075577,9.441826,14.627058,-0.136773,-0.048750,-0.055159,7.976000,39.198076

0.168397,2.678963,11.118340,14.624117,0.011647,-0.008780,0.006127,7.976000,39.198076

-0.301027,3.081326,8.064690,14.632940,0.167261,0.081817,-0.043435,7.976000,39.454909

-0.451913,0.377349,7.966493,14.615294,-0.052304,0.019465,-0.090332,7.976000,39.454909

-0.712970,0.777318,8.368856,14.638823,-0.166350,0.025593,-0.083671,7.980000,39.454909

0.367184,1.320987,8.725715,14.638823,-0.130111,0.057302,-0.077808,7.976000,39.454909

-0.408803,0.624036,8.567643,14.635881,-0.096537,-0.003451,-0.074611,7.980000,39.454909

-1.371600,0.178563,9.429851,14.641764,-0.154093,0.092475,-0.029845,7.976000,39.454909

-2.245783,0.901859,8.826305,14.644705,-0.059499,-0.002918,-0.011193,7.976000,39.454909

0.403109,0.729417,10.145962,14.650587,-0.147431,-0.127090,-0.023716,7.976000,39.454909

0.264198,2.199959,10.577065,14.629999,-0.064295,-0.019705,-0.093263,7.976000,39.454909

-0.708180,3.392679,8.598779,14.650587,0.158734,-0.012511,-0.073811,7.976000,39.454909

0.604291,0.525841,6.380991,14.629999,-0.052571,-0.006649,-0.011992,7.976000,39.454909

-2.248178,-0.113630,9.156818,14.653528,-0.151428,0.115924,-0.069815,7.980000,39.454909

-1.436266,1.505404,10.361513,14.635881,0.023904,-0.082324,-0.086069,7.976000,39.454909

-0.523764,0.556976,10.481264,14.638823,0.054814,-0.073531,-0.078608,7.976000,39.339553

-0.631539,2.566397,10.246552,14.638823,0.021772,-0.021304,0.003463,7.980000,39.339553

-0.329767,1.076695,9.643007,14.641764,0.017776,-0.028499,0.050893,7.976000,39.339553

0.273778,0.255203,10.076506,14.638823,-0.022727,-0.035160,0.095659,7.976000,39.339553

-0.375272,0.940179,10.035790,14.629999,0.027635,-0.055944,0.047695,7.976000,39.339553

-0.293842,1.167706,8.651469,14.665293,-0.035517,-0.060474,0.107383,7.980000,39.339553

0.197137,0.846773,7.585685,14.656469,-0.017131,-0.043154,0.169469,7.980000,39.339553

-0.147745,2.120924,9.858560,14.653528,-0.093606,-0.048217,0.134296,7.980000,39.339553

0.788707,1.538934,9.906460,14.656469,0.063607,-0.130021,0.110581,7.976000,39.339553

-0.159721,0.837193,9.362790,14.656469,0.076131,-0.099378,0.120440,7.976000,39.339553

-0.193251,1.776041,8.708950,14.659410,-0.152760,-0.106839,0.127368,7.980000,39.339553

-2.487679,0.295919,12.543376,14.665293,-0.107995,0.013869,0.112712,7.980000,39.339553

-1.072223,1.697005,12.162568,14.671175,0.072667,0.032255,0.115377,7.976000,39.339553

0.939593,2.695728,8.392807,14.644705,0.168593,-0.007182,0.062617,7.980000,40.298454

-0.703390,1.002450,8.620334,14.638823,-0.008338,-0.024768,0.025579,7.980000,40.298454

-0.576454,1.610784,8.701765,14.662352,0.021772,-0.054079,0.047695,7.980000,40.298454

1.540743,0.348609,8.026369,14.653528,-0.078684,-0.089785,0.058354,7.980000,40.298454

1.397042,1.330567,7.564130,14.659410,-0.029655,-0.017840,0.024780,7.980000,40.298454

0.257013,3.543565,9.228669,14.656469,-0.098935,0.023461,0.015453,7.976000,40.298454

0.297728,-1.026132,12.193704,14.650587,0.010848,0.017066,0.084201,7.980000,40.298454

0.204322,0.664752,12.289504,14.650587,-0.134375,0.016800,0.079138,7.980000,40.298454

1.722765,2.791529,9.288545,14.650587,0.026036,0.036252,0.073009,7.980000,40.298454

-0.006439,-2.029645,8.747270,14.650587,-0.077884,0.064763,-0.018387,7.980000,40.298454

-1.146469,-1.335090,9.123288,14.668234,-0.169814,0.085814,-0.057557,7.980000,40.298454

-1.053063,3.141202,8.845466,14.662352,0.216823,0.200659,-0.085802,7.980000,40.298454

-0.418383,3.368729,8.840676,14.656469,0.062275,0.133510,-0.076476,7.980000,40.768161

-0.693810,1.740115,8.907737,14.641764,-0.062430,0.126316,-0.059156,7.980000,40.768161

0.010326,0.765343,10.009445,14.638823,0.018575,0.051174,-0.070880,7.984000,40.768161

-0.039970,0.935389,10.236973,14.629999,-0.019263,0.080751,-0.003465,7.980000,40.768161

-1.496141,1.579649,10.490845,14.629999,-0.025125,0.230769,-0.045566,7.980000,40.768161

-1.670978,-0.532758,9.992681,14.641764,-0.162087,0.164687,0.055956,7.980000,40.768161

-0.775241,0.097132,9.152028,14.638823,-0.041379,-0.089785,-0.073012,7.980000,40.768161

-1.493746,-1.478791,9.841794,14.629999,-0.171946,0.016267,-0.071946,7.980000,40.768161

1.526373,0.384534,8.426337,14.629999,0.099580,-0.062872,-0.100991,7.980000,40.768161

-0.780031,-0.372292,8.318562,14.650587,-0.330224,0.085814,0.020250,7.980000,40.768161

0.189952,2.837034,9.638218,14.632940,-0.110126,0.093541,-0.033309,7.980000,40.768161

-0.095055,0.568951,11.666799,14.635881,0.069469,-0.037825,-0.010926,7.984000,40.768161

0.606686,2.180799,8.953242,14.629999,0.085191,-0.065803,-0.060488,7.980000,41.055280

-2.255363,2.305340,9.597502,14.624117,0.092119,-0.011445,-0.063153,7.984000,41.055280

-2.269733,0.588111,9.999866,14.618235,0.040691,-0.042355,0.006927,7.984000,41.055280

-0.899782,0.037257,10.363909,14.624117,-0.021394,-0.032762,0.019983,7.980000,41.055280

0.304913,1.409603,10.577065,14.632940,0.062275,-0.081525,-0.001867,7.984000,41.055280

-0.715365,1.493428,9.453801,14.627058,0.068403,-0.096980,-0.001600,7.980000,41.055280

0.410294,1.692215,8.215575,14.629999,0.063607,-0.090851,0.033573,7.984000,41.055280

1.037789,0.080367,8.958032,14.632940,-0.032852,-0.073531,0.005594,7.980000,41.055280

-0.760870,1.378468,11.690749,14.635881,-0.004074,-0.016241,0.053025,7.984000,41.055280

-0.576454,3.708822,9.906460,14.632940,0.113702,-0.013843,0.069012,7.984000,41.055280

-1.750014,-0.125605,8.203601,14.621176,0.076131,0.007207,0.028244,7.984000,41.055280

-3.963012,-0.101654,9.906460,14.618235,-0.005940,0.012803,-0.023184,7.980000,41.055280

-0.734525,-0.247751,10.246552,14.627058,-0.048574,-0.050882,0.052225,7.984000,41.055280

-0.971632,0.942574,9.362790,14.624117,-0.008604,-0.015708,-0.070614,7.980000,41.774487

-1.031508,1.598809,9.937595,14.627058,0.061475,-0.044220,-0.037306,7.980000,41.774487

0.063016,2.082603,8.902946,14.618235,-0.029388,-0.069267,-0.043968,7.984000,41.774487

-0.365692,0.604876,8.826305,14.629999,0.022039,-0.038891,-0.021318,7.984000,41.774487

-1.041088,-0.125605,10.486054,14.629999,-0.072289,0.042913,0.027977,7.980000,41.774487

-1.024323,0.815638,10.361513,14.627058,-0.013134,-0.034361,0.026911,7.980000,41.774487

-1.340465,2.865775,9.640613,14.627058,0.050550,-0.065004,0.078872,7.984000,41.774487

-1.208739,0.533026,9.164003,14.615294,0.034296,-0.016241,0.083668,7.984000,41.774487

-1.000372,-0.295651,9.525652,14.615294,-0.038981,-0.011712,0.084734,7.984000,41.774487

-2.257758,0.619246,10.660891,14.597647,-0.171946,-0.050882,0.043965,7.984000,41.774487

-1.072223,2.324500,9.595107,14.606470,0.003920,0.063164,0.085000,7.980000,41.774487

0.242643,-0.072914,10.658496,14.609411,-0.064028,-0.043154,0.103386,7.984000,41.774487

0.973124,3.004686,9.916039,14.594706,0.040691,-0.011712,0.035971,7.988000,41.880321

-1.282985,1.186866,9.892090,14.618235,0.003387,0.007207,-0.027447,7.984000,41.880321

-1.829049,1.452713,8.567643,14.597647,0.082526,-0.056211,0.007726,7.984000,41.880321

-0.775241,0.315079,9.199929,14.606470,-0.044310,-0.037026,0.019983,7.988000,41.880321

-2.018256,0.976104,10.107641,14.615294,-0.046975,0.129780,0.052758,7.988000,41.880321

-1.227899,0.767738,9.413086,14.588821,0.011380,0.179875,0.098057,7.984000,41.880321

0.733622,3.181917,9.175979,14.597647,0.014578,-0.013044,0.059953,7.984000,41.880321

-0.866251,-0.216615,10.864468,14.618235,-0.145033,0.101002,0.078339,7.980000,41.880321

-1.500932,1.172496,11.559023,14.615294,-0.094672,0.137774,0.081003,7.988000,41.880321

-0.763265,-0.698014,8.634704,14.594706,-0.077352,0.079952,0.051159,7.984000,41.880321

-2.439779,1.792806,9.324470,14.594706,-0.094139,0.083416,0.004795,7.988000,41.880321

-0.068710,0.453990,10.076506,14.597647,0.022305,0.063964,0.049561,7.984000,41.880321

0.925223,0.925809,9.147239,14.618235,-0.023793,0.052506,-0.000268,7.984000,42.310109

0.058226,1.970037,10.215417,14.618235,-0.065361,0.050374,-0.025315,7.984000,42.310109

0.865348,2.056258,9.983100,14.591763,0.035895,0.046644,0.017319,7.984000,42.310109

0.649796,1.826336,7.379714,14.600588,0.044155,0.086347,0.007726,7.988000,42.310109

-0.114215,0.463570,9.755573,14.603529,-0.076552,0.057302,-0.046099,7.984000,42.310109

-1.201554,0.609666,8.912526,14.594706,-0.017131,0.124984,-0.033842,7.984000,42.310109

-0.116610,1.807176,10.543535,14.594706,0.060942,0.123118,-0.026381,7.984000,42.310109

0.417479,2.295760,10.076506,14.585880,0.032431,0.089811,-0.087401,7.988000,42.310109

-0.020809,2.065838,8.210786,14.582939,0.087855,0.097272,-0.051162,7.992000,42.310109

0.422269,0.336634,8.776011,14.600588,-0.230301,-0.075130,-0.154550,7.988000,42.310109

0.815052,1.225186,9.774734,14.579998,0.087855,0.089544,-0.157481,7.992000,42.310109

2.060463,0.724627,9.156818,14.597647,0.011913,-0.092983,-0.182528,7.988000,42.310109

-1.057853,1.965247,9.286150,14.585880,-0.043244,0.035719,-0.138828,7.988000,42.876984

-1.191974,2.027518,9.046648,14.591763,-0.053103,-0.110303,-0.160945,7.984000,42.876984

-0.588429,0.968919,10.349538,14.585880,-0.077352,-0.165727,-0.130301,7.988000,42.876984

0.510885,0.274364,9.695698,14.582939,0.044688,-0.065271,-0.103922,7.988000,42.876984

-0.404013,0.492310,8.572433,14.579998,-0.059499,-0.136682,-0.022384,7.988000,42.876984

-1.359625,2.374796,9.113708,14.585880,0.036428,0.022929,0.062884,7.988000,42.876984

0.233063,0.013306,9.147239,14.594706,-0.055235,-0.088186,-0.000534,7.988000,42.876984

-0.116610,0.961734,10.086086,14.574116,-0.064295,-0.120695,0.033306,7.984000,42.876984

-0.044760,0.887489,10.845307,14.585880,0.003387,-0.110303,0.009058,7.984000,42.876984

-1.510512,2.453831,9.178373,14.603529,0.015910,-0.081525,0.001864,7.988000,42.876984

-0.439938,-1.026132,7.604846,14.585880,0.072134,-0.119895,-0.074611,7.988000,42.876984

-1.402736,0.671937,9.346025,14.585880,-0.227636,-0.205963,-0.037839,7.984000,42.876984

-0.301027,3.308853,11.681170,14.597647,0.173123,-0.006116,0.022914,7.988000,42.876984

-0.835116,0.621641,8.534113,14.585880,0.121696,-0.039957,0.023447,7.988000,42.778442

-1.515302,0.343819,9.571157,14.579998,0.076131,-0.111635,0.033040,7.988000,42.778442

0.494120,1.716165,10.550720,14.577057,0.171524,-0.065537,0.086599,7.984000,42.778442

0.973124,-1.042897,7.978468,14.588821,0.015910,-0.305620,0.057288,7.988000,42.778442

-1.134493,0.008516,11.468013,14.582939,-0.021661,-0.162529,0.043699,7.988000,42.778442

-0.356112,2.444251,8.079060,14.577057,0.017243,-0.159865,0.156146,7.988000,42.778442

-0.109425,0.152218,9.750783,14.579998,-0.078684,-0.128156,0.119907,7.984000,42.778442

0.036671,0.767738,10.874047,14.585880,0.067871,-0.115632,0.199046,7.984000,42.778442

-0.832721,1.093460,8.052714,14.585880,0.146743,-0.040223,0.164939,7.988000,42.778442

-0.442333,0.259993,8.297007,14.597647,-0.162886,-0.024502,0.150017,7.988000,42.778442

-2.765502,2.281390,11.183005,14.582939,0.024437,0.061033,0.122305,7.988000,42.778442

0.498910,-1.507531,10.481264,14.588821,0.019641,-0.201966,0.130565,7.988000,42.778442

-0.727340,1.136571,9.458591,14.562351,0.058811,-0.021571,0.067947,7.988000,42.667764

-0.310607,0.767738,10.107641,14.577057,-0.090408,0.003477,0.102320,7.984000,42.667764

0.206717,1.438343,9.365185,14.553528,0.115567,0.063697,0.130565,7.988000,42.667764

0.441429,-1.090798,8.598779,14.591763,-0.215646,-0.070866,0.111114,7.984000,42.667764

-0.253126,1.694610,11.123130,14.574116,0.088655,0.104733,0.072743,7.984000,42.667764

0.297728,1.792806,11.070439,14.571175,-0.016332,0.078619,0.093793,7.984000,42.667764

0.015116,-0.575868,10.234577,14.588821,0.015644,0.108996,0.132697,7.988000,42.667764

-2.267338,1.617970,8.217971,14.568233,0.091852,0.197195,0.069812,7.988000,42.667764

-0.346532,-1.277609,8.888577,14.585880,-0.176209,0.154295,0.080204,7.984000,42.667764

-1.376390,2.920860,11.614109,14.562351,0.012713,0.195863,-0.029046,7.988000,42.667764

-0.835116,0.533026,10.627360,14.568233,-0.044310,0.168417,-0.018654,7.988000,42.667764

-0.856671,1.804781,9.839399,14.574116,-0.015266,0.143903,-0.026381,7.984000,42.096162

-0.334557,0.276759,10.555510,14.571175,0.057212,0.062365,-0.041569,7.984000,42.096162

0.539625,-1.220129,8.299401,14.556469,-0.114656,0.030390,0.007460,7.984000,42.096162

-1.821864,3.900423,11.908696,14.568233,-0.009670,0.167085,0.022914,7.980000,42.096162

0.348024,-2.817607,7.631191,14.565292,-0.042711,0.036785,-0.054360,7.984000,42.096162

-1.419501,3.852523,12.081138,14.579998,0.052682,0.114059,0.043166,7.988000,42.096162

1.131195,-1.188993,7.204877,14.588821,0.052149,0.027458,-0.029312,7.984000,42.096162

-0.660280,2.137689,10.680051,14.582939,-0.091741,0.080751,0.000265,7.984000,42.096162

-0.152535,-0.551918,11.029724,14.571175,0.076930,0.053838,-0.029046,7.984000,42.096162

0.192347,0.779713,9.619058,14.571175,-0.164485,-0.025301,-0.017854,7.984000,42.096162

0.848583,2.082603,9.896879,14.568233,0.160333,0.181740,-0.086335,7.984000,42.096162

0.371974,-1.775773,8.876601,14.571175,-0.115456,-0.024235,-0.012259,7.984000,42.096162

-0.684230,2.302945,12.004497,14.565292,0.000455,0.121253,-0.080473,7.984000,42.096162

-1.175209,-0.278886,10.493239,14.582939,0.040691,0.012270,-0.082605,7.984000,41.270524

0.067806,1.864656,9.973520,14.565292,-0.054702,0.010671,-0.108984,7.984000,41.270524

1.219811,-0.132790,8.828701,14.577057,0.100645,0.037051,-0.073545,7.984000,41.270524

-0.818351,1.792806,10.555510,14.582939,-0.152760,0.002944,-0.099658,7.984000,41.270524

-0.983607,0.097132,10.110036,14.565292,0.145678,0.075688,-0.088733,7.984000,41.270524

0.142052,1.227581,10.198652,14.568233,-0.104264,-0.037825,-0.066084,7.984000,41.270524

0.793497,2.513707,10.962664,14.559410,-0.060298,0.100736,-0.049030,7.984000,41.270524

0.460589,1.613179,10.114826,14.550587,0.101445,0.074089,-0.023450,7.984000,41.270524

-0.195646,-0.171110,7.851532,14.559410,0.046021,0.057569,-0.046366,7.980000,41.270524

0.599501,0.609666,9.444221,14.568233,-0.111459,-0.012244,-0.119110,7.980000,41.270524

-1.290170,2.523287,10.893208,14.556469,0.028168,0.217979,-0.094862,7.980000,41.270524

0.467775,-0.578263,9.084968,14.568233,-0.010736,-0.028765,-0.098060,7.984000,41.270524

-0.351322,1.493428,10.287268,14.559410,-0.058699,0.019465,-0.099125,7.984000,41.270524

-0.336952,1.840706,10.771062,14.556469,0.062541,0.008273,-0.112182,7.980000,40.650246

0.297728,0.475545,8.981982,14.553528,-0.015532,-0.005050,-0.052761,7.984000,40.650246

-0.887806,3.165152,11.221325,14.565292,0.124627,0.089811,-0.010926,7.980000,40.650246

-0.667465,0.760553,9.932805,14.562351,0.047886,-0.015442,-0.068482,7.984000,40.650246

-0.224386,1.297037,9.544811,14.571175,0.033497,-0.003984,-0.042369,7.984000,40.650246

0.391134,1.661080,9.654983,14.577057,0.109972,0.007740,-0.023983,7.980000,40.650246

0.542020,0.149823,9.401111,14.574116,-0.061897,-0.035427,-0.002932,7.980000,40.650246

0.007931,0.760553,12.323034,14.556469,-0.076552,-0.009846,0.012789,7.980000,40.650246

-1.182394,2.243070,9.959150,14.568233,0.104376,-0.004251,-0.035441,7.980000,40.650246

-0.176486,-0.803395,8.689790,14.559410,0.083059,-0.043687,-0.132167,7.980000,40.650246

-1.220714,0.789293,10.265713,14.556469,-0.122384,-0.067402,-0.128969,7.980000,40.650246

0.494120,2.092183,10.423784,14.568233,0.094517,-0.007448,-0.043168,7.980000,40.650246

-0.787216,0.319869,9.693303,14.574116,0.035629,0.042647,-0.086868,7.984000,40.144552

1.291661,1.194051,8.344907,14.568233,0.114768,-0.222483,-0.109251,7.980000,40.144552

-2.600245,3.658526,11.808105,14.574116,-0.001676,0.042380,-0.066617,7.980000,40.144552

-0.557294,0.367769,9.848979,14.565292,0.121429,0.061566,-0.011459,7.984000,40.144552

-0.267496,0.772528,9.523256,14.582939,-0.038182,-0.043954,-0.045033,7.980000,40.144552

-0.487838,1.658685,9.173584,14.574116,0.027635,-0.015176,-0.019720,7.980000,40.144552

0.235458,-0.178295,9.513677,14.559410,0.008716,0.002144,-0.019720,7.984000,40.144552

0.106127,1.596414,10.529164,14.562351,-0.045643,0.021330,0.020516,7.976000,40.144552

-0.751290,2.769974,9.274175,14.565292,0.157135,0.058901,0.011989,7.980000,40.144552

0.084571,-0.980627,8.016789,14.574116,-0.066960,0.004543,-0.033309,7.980000,40.144552

-2.001491,1.354517,11.554234,14.577057,-0.085612,-0.005050,-0.104455,7.980000,40.144552

-0.269891,1.574859,10.064531,14.553528,0.125693,-0.043954,-0.044234,7.980000,40.144552

-1.584757,-1.342275,8.826305,14.574116,-0.098136,0.000279,-0.036773,7.980000,39.894731

-1.881740,2.513707,11.369817,14.568233,0.029233,-0.002385,-0.060222,7.980000,39.894731

0.489330,0.286339,8.967612,14.579998,0.078263,-0.030630,-0.022118,7.980000,39.894731

-1.077013,2.700518,9.856164,14.588821,-0.013933,0.088478,0.004529,7.980000,39.894731

-1.065038,0.636012,9.504096,14.559410,-0.072555,-0.005050,0.042899,7.980000,39.894731

-1.714088,-0.798605,9.499307,14.556469,0.000988,-0.042088,0.066081,7.980000,39.894731

-1.165629,0.794083,11.482383,14.553528,-0.040047,-0.053813,0.046896,7.980000,39.894731

0.106127,2.451436,9.633428,14.565292,0.038826,-0.030897,0.085800,7.980000,39.894731

0.072596,1.352122,9.698093,14.547646,0.104642,-0.075929,0.086599,7.980000,39.894731

-1.038693,2.381981,6.967770,14.556469,0.121962,0.042913,0.083934,7.976000,39.894731

0.951569,-1.332695,6.495951,14.562351,-0.229502,-0.066603,0.018118,7.976000,39.894731

-0.923732,0.458780,11.353051,14.571175,0.002854,0.080218,0.037836,7.980000,39.894731

0.956359,-0.338761,9.870534,14.559410,-0.154626,-0.075929,0.083135,7.976000,39.894731

-0.360902,4.436908,9.609477,14.553528,0.008183,0.076488,0.030375,7.980000,39.894731

-0.653095,1.982013,9.621452,14.559410,0.094517,0.016800,0.014388,7.976000,39.479586

1.349142,-0.525573,10.737532,14.562351,0.008183,-0.039424,0.047429,7.976000,39.479586

-0.593219,1.129385,10.414204,14.565292,0.056413,0.090344,0.015453,7.980000,39.479586

-1.280590,0.322264,8.026369,14.556469,-0.020861,0.097805,-0.002399,7.984000,39.479586

-1.601522,0.717442,10.538745,14.556469,0.013779,0.084748,-0.075144,7.984000,39.479586

1.174305,1.907767,9.662168,14.556469,-0.066693,-0.015975,-0.079674,7.980000,39.479586

1.143170,2.257440,9.544811,14.562351,0.064673,0.155360,-0.033576,7.980000,39.479586

0.369579,2.393956,10.169911,14.559410,0.161665,0.084748,-0.043168,7.984000,39.479586

0.266593,0.559371,9.937595,14.556469,0.051616,0.065563,-0.048498,7.976000,39.479586

1.428177,1.725745,8.888577,14.577057,-0.131710,0.030656,-0.063153,7.980000,39.479586

1.207836,2.183194,9.623847,14.553528,0.093984,0.162022,-0.076743,7.980000,39.479586

1.171910,0.645592,8.979588,14.574116,-0.030721,0.016800,-0.079141,7.976000,39.479586

-0.506998,2.992711,6.318720,14.550587,-0.121584,0.040249,-0.114580,7.976000,39.479586

-0.356112,-1.382990,10.687236,14.553528,-0.155425,0.039716,-0.135631,7.976000,39.689478

0.750387,1.297037,12.612832,14.562351,-0.034185,0.025060,-0.168672,7.980000,39.689478

-0.236361,2.825059,8.256291,14.571175,0.063874,0.131379,-0.170004,7.976000,39.689478

-0.978817,1.229976,8.304192,14.550587,-0.082414,0.009073,-0.128703,7.980000,39.689478

-1.261430,-0.130395,10.354328,14.559410,-0.003541,0.000546,-0.115913,7.976000,39.689478

-1.055458,0.782108,11.475198,14.547646,-0.073088,-0.041555,-0.185726,7.980000,39.689478

0.582735,0.336634,9.643007,14.565292,0.012979,-0.077261,-0.169471,7.976000,39.689478

-0.150140,2.446646,8.275451,14.556469,0.207230,-0.026633,-0.109251,7.976000,39.689478

-1.723668,1.126991,10.488449,14.568233,-0.163952,-0.103375,-0.158813,7.980000,39.689478

-2.308053,1.299432,9.444221,14.544704,0.050550,-0.057277,-0.123373,7.980000,39.689478

-1.412316,-0.362712,9.547207,14.544704,-0.043777,-0.117764,-0.187324,7.976000,39.689478

0.580340,0.216883,10.162726,14.541763,-0.035250,-0.167592,-0.163076,7.976000,39.689478

-2.365534,0.734207,8.773615,14.565292,-0.030454,-0.037825,-0.094862,7.980000,39.455806

0.108522,0.626431,8.852651,14.553528,-0.213247,-0.121761,-0.048498,7.976000,39.455806

-0.962052,0.961734,8.850256,14.553528,0.034563,0.007207,-0.098060,7.984000,39.455806

-1.223109,0.786898,9.489726,14.550587,0.004985,-0.073531,-0.094329,7.980000,39.455806

-1.445846,0.710257,10.960268,14.562351,-0.078151,-0.064738,-0.013324,7.980000,39.455806

-0.439938,2.599927,10.272898,14.553528,0.041224,-0.100444,0.000798,7.980000,39.455806

-0.066315,1.253927,7.439589,14.535881,-0.029388,-0.195571,0.048495,7.980000,39.455806

-0.313002,0.372559,9.860954,14.565292,-0.129578,-0.155601,0.064483,7.980000,39.455806

0.367184,1.799991,9.801079,14.553528,0.027635,-0.090318,0.061285,7.976000,39.455806

0.283358,0.470755,9.702883,14.571175,0.038027,-0.129488,-0.010127,7.980000,39.455806

-0.681835,0.422855,9.942385,14.585880,0.107840,-0.144676,-0.019453,7.980000,39.455806

-1.738038,0.609666,9.417875,14.568233,0.028701,-0.206762,-0.035441,7.980000,39.455806

-0.918942,0.027677,10.114826,14.559410,-0.056834,-0.218220,-0.013058,7.976000,39.455806

-1.000372,-0.053754,9.659773,14.562351,0.105708,-0.084989,0.007460,7.980000,39.599041

-0.535739,3.126832,8.000024,14.562351,0.014844,-0.120428,-0.008795,7.980000,39.599041

0.063016,2.930440,10.148356,14.568233,0.037227,-0.079926,0.017852,7.980000,39.599041

0.791102,2.068233,9.432246,14.579998,0.025769,-0.102309,0.016253,7.984000,39.599041

0.807867,1.136571,9.269384,14.559410,0.017243,-0.147607,0.075408,7.980000,39.599041

1.143170,1.299432,9.769943,14.547646,0.007650,-0.086854,0.129766,7.984000,39.599041

0.151632,1.740115,9.393926,14.562351,-0.043511,-0.092983,0.126302,7.980000,39.599041

-1.201554,-0.068124,9.475356,14.562351,-0.019263,-0.136682,0.152415,7.984000,39.599041

-1.817074,2.178404,10.086086,14.579998,0.029233,-0.143877,0.153481,7.980000,39.599041

-0.435148,-0.302836,9.762758,14.565292,0.087322,-0.137482,0.178529,7.980000,39.599041

-1.714088,1.079090,9.147239,14.559410,-0.051505,-0.125225,0.140424,7.980000,39.599041

-0.665070,1.639525,9.506492,14.565292,0.062541,-0.116698,0.231555,7.984000,39.599041

-0.626749,0.911439,6.788144,14.577057,-0.058433,-0.035160,0.209705,7.980000,40.200104

0.381554,0.113897,11.149475,14.565292,-0.167949,-0.101776,0.204908,7.980000,40.200104

0.882113,1.107830,11.599738,14.574116,0.002587,0.036518,0.256868,7.980000,40.200104

0.676141,3.086117,9.427456,14.568233,0.283705,0.083682,0.209705,7.980000,40.200104

-1.108148,1.481453,8.526928,14.568233,-0.136773,-0.054346,0.142556,7.980000,40.200104

-0.147745,0.415670,10.196257,14.568233,0.006051,0.019465,0.186256,7.980000,40.200104

0.527650,1.131781,9.920830,14.577057,0.003387,0.070092,0.155346,7.980000,40.200104

0.074991,-0.561498,9.211904,14.547646,-0.011802,0.038916,0.127634,7.980000,40.200104

-1.366810,2.190379,10.761481,14.574116,0.016976,0.118056,0.144155,7.984000,40.200104

-0.624354,2.176009,8.409573,14.582939,0.140348,0.067161,0.063950,7.984000,40.200104

1.782640,-0.084889,9.223879,14.571175,-0.143967,0.093008,0.059953,7.980000,40.200104

-0.660280,3.186707,10.612990,14.574116,0.125693,0.241428,-0.020785,7.980000,40.200104

1.888021,-1.100378,8.797565,14.574116,-0.034718,-0.049816,-0.020252,7.980000,40.200104

-0.245941,1.160521,9.302915,14.562351,-0.150895,0.052239,-0.035974,7.980000,40.462499

-0.566874,3.409444,10.004656,14.579998,0.008982,0.174279,-0.082871,7.984000,40.462499

-0.897387,0.482730,9.714858,14.600588,-0.008071,0.140439,-0.035707,7.984000,40.462499

-0.621959,2.666988,10.567485,14.582939,-0.071223,0.181474,-0.009328,7.980000,40.462499

-0.861461,0.621641,8.299401,14.609411,-0.003009,0.195063,0.018118,7.980000,40.462499

-0.356112,0.640802,9.999866,14.606470,-0.047774,0.050907,-0.042902,7.980000,40.462499

0.098942,1.222791,9.702883,14.568233,-0.018730,0.022662,0.035705,7.980000,40.462499

-0.667465,0.724627,10.244158,14.579998,0.002587,0.206788,0.035705,7.980000,40.462499

-1.747618,-0.144765,11.616504,14.588821,-0.107462,0.079419,-0.020519,7.980000,40.462499

-1.254244,2.635853,8.996352,14.582939,-0.014200,0.109795,-0.003998,7.980000,40.462499

-0.245941,-0.151950,9.276569,14.574116,-0.026724,0.045045,-0.131900,7.980000,40.462499

0.115707,1.699400,10.289662,14.585880,-0.056301,0.043180,-0.132433,7.980000,40.462499

-0.164511,3.591465,11.377002,14.582939,0.182449,0.215314,-0.047698,7.980000,40.462499

-0.253126,1.074300,7.566525,14.579998,0.111570,0.088478,-0.078341,7.984000,40.398462

-0.492628,0.166588,9.183164,14.603529,-0.134641,0.083149,-0.080473,7.984000,40.398462

0.570760,1.361702,10.488449,14.582939,0.018042,-0.027966,-0.155615,7.984000,40.398462

-1.309330,0.758158,8.699369,14.577057,-0.018463,-0.033029,-0.085269,7.984000,40.398462

-0.619564,-0.180690,10.804592,14.574116,-0.053103,-0.003451,-0.137496,7.984000,40.398462

-0.880621,2.652618,10.179492,14.585880,-0.025924,-0.021304,-0.051429,7.980000,40.398462

0.333654,1.414393,9.590317,14.585880,0.020973,0.042380,-0.041836,7.980000,40.398462

0.539625,-0.295651,10.023815,14.577057,-0.016332,0.004276,0.008259,7.980000,40.398462

-0.653095,0.547396,12.756533,14.571175,-0.055235,0.010671,-0.052494,7.984000,40.398462

-1.247059,3.095696,8.926897,14.579998,0.042557,0.005342,-0.030911,7.980000,40.398462

0.029486,0.703072,9.302915,14.600588,0.113436,0.042114,-0.107119,7.980000,40.398462

-0.729735,-0.199850,8.641890,14.579998,-0.203122,-0.057010,-0.079407,7.980000,40.398462

-0.530949,2.240674,11.638059,14.600588,0.066538,0.058368,-0.101790,7.980000,40.398462

-0.976422,0.243228,8.119775,14.571175,0.060143,0.000279,-0.108452,7.980000,40.513970

-1.091383,0.518656,9.983100,14.591763,-0.057900,0.054105,-0.090332,7.980000,40.513970

-1.441056,0.089947,10.004656,14.579998,-0.048041,0.043446,-0.072746,7.980000,40.513970

-1.999095,2.477782,10.641730,14.600588,-0.023260,0.098604,-0.035441,7.984000,40.513970

-0.274681,-0.518388,9.020303,14.597647,0.058278,-0.057543,-0.077009,7.984000,40.513970

0.058226,1.843101,10.100456,14.579998,-0.126381,-0.049549,-0.045300,7.984000,40.513970

-0.655490,1.131781,10.440549,14.577057,-0.042445,0.000546,-0.011992,7.980000,40.513970

-0.997977,1.026400,10.047766,14.568233,0.053482,0.010405,0.026112,7.980000,40.513970

-0.986002,-1.191388,8.304192,14.582939,-0.109061,-0.083124,-0.046632,7.984000,40.513970

-1.579967,3.483690,10.371094,14.585880,0.076664,-0.017307,-0.056491,7.980000,40.513970

0.376764,0.185748,8.452682,14.577057,0.115834,-0.055145,-0.138828,7.984000,40.513970

-0.130980,0.329449,10.687236,14.574116,-0.200724,-0.139081,-0.124439,7.984000,40.513970

-0.351322,3.026241,11.202166,14.597647,0.183782,0.023195,-0.091398,7.984000,40.513970

0.278568,0.348609,9.520862,14.594706,0.110238,-0.033561,-0.135631,7.984000,40.483850

-0.145350,0.221673,10.407019,14.609411,-0.160221,-0.072731,-0.078341,7.980000,40.483850

-0.600404,0.925809,10.543535,14.594706,0.053215,0.017866,-0.020785,7.980000,40.483850

-1.050668,0.339029,10.430969,14.585880,-0.082148,-0.086321,-0.107652,7.980000,40.483850

-0.593219,1.737720,9.161609,14.594706,0.085191,-0.059675,-0.040770,7.984000,40.483850

0.386344,1.024005,10.038186,14.591763,0.089987,-0.094048,-0.048764,7.984000,40.483850

-0.265101,1.098250,8.481422,14.603529,0.039359,-0.074597,-0.004265,7.980000,40.483850

-0.756080,1.323382,10.380673,14.615294,0.051083,-0.049283,0.034106,7.984000,40.483850

-0.799191,0.015701,9.583132,14.585880,0.029500,-0.125491,-0.015989,7.984000,40.483850

-1.651818,3.251373,10.081296,14.594706,0.085990,-0.135617,-0.016522,7.984000,40.483850

0.585131,-0.793815,8.641890,14.612352,0.198704,-0.178784,-0.054360,7.980000,40.483850

-1.441056,-0.123210,10.668076,14.609411,-0.201523,-0.169990,-0.027181,7.980000,40.483850

-0.566874,3.220237,11.683564,14.600588,0.215757,-0.053546,-0.020785,7.984000,40.483850

0.216298,1.534144,10.318403,14.594706,0.185913,-0.125758,0.002130,7.980000,40.752369

-0.744105,0.166588,9.671748,14.591763,0.024437,-0.026900,0.069012,7.984000,40.752369

-1.824259,2.022728,11.690749,14.597647,0.041757,-0.038091,0.072743,7.984000,40.752369

-0.332162,0.667147,6.680368,14.618235,0.040425,-0.129754,0.128700,7.980000,40.752369

-1.944010,0.468360,11.056069,14.594706,-0.048574,-0.114033,0.139092,7.984000,40.752369

-0.152535,1.689820,10.318403,14.600588,-0.071223,-0.137482,0.173199,7.980000,40.752369

-0.909362,1.148546,9.463381,14.591763,0.091852,-0.099644,0.161741,7.980000,40.752369

-0.986002,1.524564,9.908854,14.591763,0.060410,-0.104441,0.169202,7.980000,40.752369

0.326468,-0.623769,9.511281,14.597647,-0.018197,-0.138281,0.139359,7.984000,40.752369

-1.014742,2.995106,11.077624,14.594706,-0.072289,-0.057810,0.135362,7.984000,40.752369

-1.098568,2.985526,10.464499,14.591763,0.040425,0.099936,0.076207,7.980000,40.752369

0.228273,-1.057267,8.378437,14.582939,0.062275,-0.088986,0.082869,7.980000,40.752369

-0.121400,1.110225,9.259805,14.571175,-0.125848,-0.071399,0.027178,7.984000,40.486922

-0.353717,2.250255,10.562695,14.588821,0.018308,0.012803,0.050893,7.984000,40.486922

-0.935707,0.396510,10.179492,14.591763,0.021772,0.065296,0.067680,7.980000,40.486922

-1.038693,1.718560,9.484936,14.609411,0.145145,0.073024,0.057288,7.984000,40.486922

-2.037416,-0.841716,7.693461,14.615294,-0.214846,-0.031963,0.024780,7.980000,40.486922

-1.271010,1.780831,10.574670,14.594706,0.020174,0.044778,0.047163,7.980000,40.486922

-0.068710,0.746182,10.167517,14.594706,0.016443,0.031722,0.075940,7.984000,40.486922

-0.559689,0.631221,9.262199,14.585880,0.023371,0.054638,0.103919,7.980000,40.486922

-0.574059,1.850286,9.537626,14.594706,-0.009404,-0.017041,0.029576,7.980000,40.486922

-0.123795,1.184471,8.158095,14.597647,0.163531,0.031189,0.051692,7.984000,40.486922

0.379159,-0.954281,8.076665,14.597647,-0.302512,-0.097779,0.000532,7.980000,40.486922

-1.800309,2.724468,11.757810,14.603529,-0.027790,0.231835,0.038636,7.980000,40.486922

-0.736920,-0.233381,9.705278,14.600588,0.019374,0.017333,0.039169,7.980000,40.486922

-0.763265,0.844378,10.296848,14.591763,-0.009670,0.004010,0.038902,7.984000,40.473113

-0.966842,2.120924,8.038344,14.597647,-0.040846,0.018399,0.050627,7.980000,40.473113

-0.789611,0.046837,9.468171,14.618235,-0.056035,0.031988,0.076740,7.980000,40.473113

-1.048273,0.329449,10.900393,14.606470,-0.093339,0.027458,0.079138,7.984000,40.473113

-1.457821,-0.252541,10.071716,14.600588,-0.160221,0.011737,0.097257,7.980000,40.473113

-0.471073,3.586675,11.089600,14.609411,0.026302,0.023994,0.113778,7.980000,40.473113

0.312098,2.930440,7.659931,14.621176,0.129956,0.097805,0.116709,7.984000,40.473113

0.266593,0.360584,8.100615,14.618235,-0.058966,-0.071932,0.123637,7.980000,40.473113

-0.681835,0.054022,11.271621,14.600588,-0.101333,-0.045819,0.087132,7.984000,40.473113

1.025814,-0.180690,9.192744,14.612352,0.005518,-0.023969,0.064216,7.984000,40.473113

-1.738038,2.963970,10.538745,14.618235,-0.072555,-0.031163,0.023980,7.984000,40.473113

0.700091,2.274205,8.919712,14.615294,0.198704,0.072224,0.037303,7.984000,40.473113

-0.861461,-0.178295,9.872930,14.594706,-0.150362,0.009872,0.035705,7.984000,40.473113

-0.727340,2.120924,10.038186,14.582939,-0.029388,0.074089,0.054091,7.984000,40.473113

-0.090265,0.389324,9.633428,14.603529,0.029233,0.082350,0.056222,7.980000,40.531238

-0.780031,-0.166320,10.447734,14.597647,0.026036,0.112993,0.026112,7.984000,40.531238

-0.880621,0.077972,8.713739,14.597647,0.024437,0.035186,-0.028246,7.980000,40.531238

-0.102240,1.435948,10.052556,14.603529,-0.141036,-0.023969,-0.062354,7.984000,40.531238

0.007931,1.651500,9.544811,14.606470,-0.009404,0.066095,-0.013058,7.984000,40.531238

0.386344,0.343819,9.374765,14.603529,0.141414,0.067694,-0.019720,7.984000,40.531238

-0.823141,0.317474,8.893367,14.594706,-0.024326,-0.022903,-0.045300,7.984000,40.531238

-0.233966,0.276759,10.203442,14.606470,-0.093872,-0.070866,-0.074344,7.980000,40.531238

-0.447123,3.644156,11.906301,14.594706,0.074532,0.031722,-0.071946,7.980000,40.531238

-1.038693,2.669383,11.012959,14.588821,-0.084546,0.243826,-0.069282,7.984000,40.531238

0.688116,-0.185480,9.413086,14.582939,0.008449,-0.029565,-0.066350,7.984000,40.531238

1.298846,0.753367,10.490845,14.621176,-0.073355,0.020530,-0.088200,7.988000,40.961059

0.647401,1.364097,8.811935,14.606470,-0.065627,0.027725,-0.066617,7.984000,40.961059

-0.126190,1.574859,9.173584,14.585880,-0.019263,0.045311,-0.038372,7.984000,40.961059

-1.091383,2.777159,10.656101,14.594706,0.145678,0.032255,-0.033576,7.984000,40.961059

-0.437543,-2.479909,9.156818,14.600588,-0.182604,-0.034361,-0.029312,7.984000,40.961059

-0.339347,1.730535,9.990285,14.618235,0.148875,0.081817,-0.051695,7.984000,40.961059

-0.411198,0.717442,9.264594,14.609411,-0.101866,0.060766,-0.021318,7.980000,40.961059

-0.928522,2.647828,10.526770,14.597647,-0.013134,0.057569,-0.020785,7.980000,40.961059

0.647401,0.231253,9.978311,14.597647,0.057745,0.018132,-0.041569,7.984000,40.961059

0.417479,-0.084889,7.815607,14.600588,0.075065,0.061832,-0.052761,7.984000,40.961059

-0.238756,0.530631,9.034673,14.594706,0.066005,-0.026900,-0.132966,7.980000,40.961059

-0.080685,0.906649,8.917316,14.594706,-0.034185,-0.091384,-0.117778,7.984000,40.961059

0.719252,1.237161,9.911250,14.591763,0.127825,-0.053813,-0.119909,7.988000,40.961059

0.319283,0.065997,8.673024,14.582939,-0.018996,-0.067402,-0.066617,7.984000,41.100970

-0.748895,1.004844,10.054951,14.603529,-0.060831,0.060500,-0.049297,7.984000,41.100970

-1.402736,1.467083,9.113708,14.591763,0.000455,0.036252,0.019983,7.984000,41.100970

-0.818351,1.694610,9.645403,14.591763,-0.052571,-0.019439,-0.011459,7.984000,41.100970

-0.997977,-1.929054,14.124089,14.591763,0.031632,0.061299,0.047429,7.984000,41.100970

-0.435148,4.961417,10.052556,14.600588,0.215757,0.136175,0.035705,7.984000,41.100970

-0.018414,0.767738,3.904540,14.594706,-0.020062,-0.026633,0.022914,7.988000,41.100970

-0.401617,-2.642770,9.959150,14.588821,-0.102399,-0.099378,0.025313,7.980000,41.100970

0.003141,-0.698014,10.598620,14.588821,-0.119186,-0.065004,-0.034375,7.984000,41.100970

-1.007557,3.351964,10.316008,14.594706,-0.006739,-0.042088,-0.017055,7.984000,41.100970

0.834213,1.488638,8.728109,14.591763,0.135552,-0.068735,-0.042369,7.980000,41.100970

-1.033903,2.631063,11.106364,14.591763,-0.175943,-0.088186,-0.018387,7.980000,41.100970

0.213903,-0.130395,9.640613,14.588821,-0.009137,-0.044753,0.019184,7.984000,41.100970

0.680931,0.101922,9.468171,14.606470,0.107307,0.002144,-0.009061,7.988000,41.032108

-0.039970,0.085157,9.571157,14.612352,0.032165,0.020797,-0.045300,7.984000,41.032108

-0.420778,0.446805,8.615544,14.612352,-0.071756,-0.000787,-0.006130,7.984000,41.032108

-1.266220,1.397628,9.331655,14.606470,-0.002209,-0.050349,-0.035974,7.984000,41.032108

0.599501,1.483848,10.227392,14.585880,0.039093,-0.041022,-0.007995,7.984000,41.032108

0.067806,0.204908,9.001143,14.606470,-0.048840,-0.080192,0.073542,7.980000,41.032108

0.144447,1.617970,9.621452,14.629999,-0.093872,0.014135,0.092461,7.984000,41.032108

-0.720155,1.268297,11.108760,14.621176,0.068670,-0.001320,0.060486,7.984000,41.032108

-1.093778,0.631221,9.508886,14.629999,0.197904,-0.011179,0.073809,7.988000,41.032108

1.073714,0.044442,8.083850,14.627058,-0.236696,-0.108171,-0.001600,7.988000,41.032108

-0.717760,2.096973,10.763877,14.629999,0.016976,0.134576,-0.013591,7.984000,41.032108

1.052159,-0.549523,9.640613,14.629999,-0.007538,-0.104707,-0.025315,7.984000,41.032108

0.355209,3.234608,9.820239,14.615294,-0.048574,-0.039957,-0.047698,7.988000,41.030288

-0.372877,1.970037,8.495793,14.618235,0.052416,-0.037825,-0.045566,7.984000,41.030288

0.647401,0.585716,9.894485,14.644705,0.024970,-0.038358,0.023714,7.984000,41.030288

-0.138165,2.221514,12.308664,14.638823,0.112903,0.043713,0.022382,7.984000,41.030288

0.158817,-0.456117,7.595265,14.632940,-0.026457,-0.063672,-0.010393,7.984000,41.030288

-0.820746,2.267020,10.347143,14.635881,0.087322,0.014668,-0.003199,7.984000,41.030288

-0.700995,-0.477673,9.101733,14.668234,-0.220175,0.006674,0.069812,7.984000,41.030288

-0.044760,-1.071637,9.980705,14.644705,0.028168,-0.057277,-0.002399,7.984000,41.030288

-0.006439,-0.281281,8.658654,14.644705,-0.004607,-0.100710,-0.019986,7.984000,41.030288

-0.336952,1.835916,10.203442,14.644705,-0.104264,-0.065803,0.003996,7.984000,41.030288

0.939593,1.256322,9.437036,14.641764,0.035895,-0.076462,-0.029579,7.984000,41.030288

-1.862579,1.443133,12.670312,14.638823,-0.018996,-0.030364,0.032774,7.980000,41.030288

-0.231571,4.542289,10.886023,14.647646,0.067071,-0.019705,0.033839,7.984000,41.030288

-0.190856,-1.615307,8.855046,14.638823,0.015111,-0.088986,0.069279,7.984000,40.796669

-1.005162,-0.048964,9.992681,14.662352,-0.041646,-0.121228,0.029043,7.984000,40.796669

-1.570387,-0.197455,7.662326,14.662352,0.058278,-0.083656,0.044231,7.984000,40.796669

-1.546437,2.906490,10.584250,14.653528,-0.120785,-0.090851,0.051426,7.984000,40.796669

0.606686,-0.822555,9.542417,14.647646,-0.032053,-0.084456,0.086599,7.984000,40.796669

-0.643515,1.627550,11.274015,14.665293,-0.025125,-0.035427,0.130832,7.980000,40.796669

-0.133375,1.117410,8.277846,14.671175,0.085191,-0.008780,0.110847,7.984000,40.796669

-0.933312,-0.892011,9.202324,14.671175,-0.160488,-0.111369,0.111114,7.984000,40.796669

-0.653095,0.815638,11.477592,14.665293,-0.088010,0.013602,0.146819,7.984000,40.796669

-0.981212,1.325777,10.100456,14.662352,-0.016332,-0.118563,0.039702,7.984000,40.796669

0.077386,1.529354,8.785590,14.653528,0.099580,-0.036759,0.058354,7.980000,40.796669

-0.763265,0.806058,8.620334,14.665293,-0.123450,-0.100177,0.071411,7.984000,40.796669

-0.430358,2.487362,11.530283,14.668234,0.065206,-0.023702,0.097257,7.988000,40.796669

-0.485443,-0.906381,9.856164,14.653528,0.013779,-0.026633,0.121506,7.984000,40.239130

-1.000372,0.204908,10.950688,14.650587,-0.004874,-0.023169,0.107650,7.984000,40.239130

-1.345255,-0.223800,9.714858,14.688822,0.044688,-0.035427,0.112979,7.984000,40.239130

-0.609984,0.791688,8.040739,14.665293,-0.125048,-0.050615,0.097524,7.984000,40.239130

-0.068710,0.954549,9.640613,14.671175,-0.012335,0.007207,0.107916,7.984000,40.239130

0.134867,0.772528,10.114826,14.671175,-0.058699,0.020530,0.111913,7.984000,40.239130

-1.287775,1.287457,11.003379,14.665293,-0.019263,0.002411,0.125236,7.980000,40.239130

0.364789,2.456226,9.743598,14.662352,0.062275,0.004809,0.154547,7.984000,40.239130

-0.243546,1.297037,8.603569,14.668234,0.105442,0.028791,0.145221,7.980000,40.239130

0.597106,0.509075,9.329260,14.662352,-0.147964,-0.102842,0.062884,7.980000,40.239130

-1.213529,1.790411,10.402228,14.665293,0.095849,0.134843,0.091395,7.984000,40.239130

0.074991,-1.634467,7.818002,14.677057,-0.089875,-0.021304,0.110847,7.980000,40.239130

-0.753685,2.276600,10.562695,14.659410,-0.226038,0.006674,0.048495,7.980000,40.239130

-0.439938,0.645592,9.767549,14.671175,0.082526,0.082616,0.095659,7.980000,40.173354

0.362394,-0.482463,9.626243,14.674116,-0.046975,0.019731,0.049827,7.984000,40.173354

-0.068710,0.636012,10.524375,14.674116,0.023638,0.043713,0.079671,7.984000,40.173354

0.110917,0.398905,8.069479,14.665293,-0.112525,0.046111,0.122571,7.984000,40.173354

0.474960,1.244346,10.119617,14.668234,0.011913,-0.018107,0.025046,7.984000,40.173354

-0.986002,-1.066847,8.639494,14.682940,-0.032852,0.002944,0.096458,7.980000,40.173354

-1.829049,2.159244,9.566367,14.679998,-0.042445,0.115125,0.033839,7.980000,40.173354

-0.310607,1.570069,10.464499,14.659410,0.109972,0.023461,0.025579,7.980000,40.173354

1.095270,0.535421,9.614267,14.674116,0.055613,0.059167,0.042366,7.984000,40.173354

-1.031508,1.055140,9.793894,14.677057,-0.134641,0.041581,-0.010393,7.984000,40.173354

-0.782426,1.064720,9.221484,14.668234,0.071068,0.168417,-0.017055,7.984000,40.173354

-0.732130,-1.715898,9.077783,14.682940,-0.206852,0.031455,-0.009860,7.984000,40.173354

-0.044760,3.646551,11.963781,14.656469,0.042290,0.174013,0.056222,7.980000,40.173354

-0.746500,1.146151,8.809541,14.679998,0.120364,0.174812,-0.021318,7.984000,40.092161

-0.878226,0.128267,10.632151,14.662352,-0.081082,0.059967,0.001331,7.980000,40.092161

-0.624354,1.043165,9.858560,14.671175,-0.147698,0.102334,0.007193,7.984000,40.092161

-0.296237,1.309012,11.463223,14.656469,0.077730,0.156959,-0.013058,7.988000,40.092161

-0.195646,1.519774,8.890971,14.647646,0.013246,0.116990,-0.014124,7.984000,40.092161

-0.885411,1.421578,8.148515,14.662352,-0.071489,0.142570,-0.014923,7.984000,40.092161

-0.483048,-0.786630,10.495634,14.665293,-0.074154,0.087146,-0.016788,7.984000,40.092161

-0.310607,-0.906381,12.584091,14.653528,-0.004074,0.083416,-0.053294,7.980000,40.092161

-1.484166,4.089630,8.627519,14.653528,0.156869,0.233700,-0.118577,7.984000,40.092161

-1.548832,-1.749428,7.616820,14.668234,-0.124782,0.088212,-0.111649,7.984000,40.092161

0.762362,-1.280004,9.654983,14.656469,-0.112525,-0.087120,-0.126571,7.984000,40.092161

0.403109,1.740115,11.262041,14.659410,-0.115989,0.033321,-0.116978,7.980000,40.092161

-0.590824,1.579649,8.852651,14.653528,0.202967,0.206521,-0.146289,7.980000,40.372384

0.302518,1.328172,8.160490,14.644705,-0.014733,0.025327,-0.065818,7.984000,40.372384

0.359999,0.985684,9.906460,14.668234,-0.060298,0.092742,-0.077808,7.988000,40.372384

-0.868646,-1.117143,9.908854,14.668234,-0.088276,0.022662,-0.074344,7.988000,40.372384

0.474960,2.422696,9.573552,14.671175,-0.041379,0.096739,-0.072479,7.980000,40.372384

0.106127,1.076695,9.178373,14.668234,0.022305,0.067694,-0.099392,7.984000,40.372384

-0.011229,0.664752,9.077783,14.677057,-0.000077,-0.041289,-0.036240,7.984000,40.372384

0.549205,1.186866,10.081296,14.668234,0.030832,-0.007182,-0.062620,7.984000,40.372384

-1.069828,1.450318,8.567643,14.656469,0.128091,-0.011179,-0.035441,7.984000,40.372384

-1.716483,-1.359040,9.827424,14.662352,-0.189266,0.078353,-0.056491,7.984000,40.372384

-2.813402,2.858590,11.616504,14.659410,-0.007005,0.126582,-0.092197,7.984000,40.372384

0.956359,-0.403427,7.782077,14.677057,0.107307,-0.135350,-0.097793,7.984000,40.372384

0.848583,-0.082494,10.193862,14.653528,-0.096803,-0.046618,-0.072479,7.980000,40.457431

-0.394432,3.280113,10.138777,14.665293,0.147543,0.094607,-0.099125,7.984000,40.457431

0.012721,0.530631,8.723320,14.665293,-0.001143,-0.046085,-0.079407,7.980000,40.457431

-1.151259,0.746182,7.760522,14.668234,0.125959,-0.052480,-0.066350,7.984000,40.457431

-2.430199,-0.010644,9.666958,14.671175,-0.177808,-0.080192,-0.050096,7.984000,40.457431

-0.092660,0.786898,9.631032,14.671175,-0.111459,0.017066,-0.055958,7.984000,40.457431

-0.878226,1.234766,10.536350,14.671175,-0.027790,-0.016241,0.008792,7.984000,40.457431

-0.540529,0.703072,9.374765,14.679998,-0.099468,-0.137748,-0.062886,7.984000,40.457431

-1.156049,-0.036989,10.363909,14.679998,-0.022460,-0.038891,0.017052,7.984000,40.457431

-0.777636,1.198841,9.863349,14.688822,0.089987,0.062898,-0.014124,7.984000,40.457431

0.283358,1.807176,7.149792,14.685881,-0.173811,-0.019705,-0.025315,7.984000,40.457431

-1.572782,1.776041,9.238249,14.688822,0.020174,0.091409,-0.026914,7.984000,40.457431

0.336049,-0.944701,9.049043,14.662352,-0.020861,-0.139347,-0.010127,7.984000,40.457431

1.042579,2.053863,10.028605,14.679998,-0.070956,-0.062339,-0.028513,7.984000,40.559769

-0.986002,2.774764,9.410690,14.671175,0.091319,0.023195,0.022648,7.984000,40.559769

-0.128585,-0.101654,11.484777,14.677057,0.000722,-0.051148,0.053291,7.984000,40.559769

-0.190856,3.354359,10.407019,14.674116,0.120097,-0.056211,0.034905,7.988000,40.559769

0.386344,-0.690829,7.346183,14.671175,0.043089,-0.115099,0.012256,7.988000,40.559769

-0.526159,0.959339,9.049043,14.677057,0.011913,0.013069,0.050094,7.988000,40.559769

-0.140560,0.741392,10.567485,14.679998,0.061209,0.051707,0.072210,7.988000,40.559769

-0.250731,0.039652,8.275451,14.665293,-0.073088,-0.044220,0.068213,7.984000,40.559769

-0.669860,2.408326,10.265713,14.668234,0.151806,0.041847,0.083401,7.980000,40.559769

-0.681835,1.613179,9.676538,14.677057,0.136351,0.026659,0.122305,7.988000,40.559769

0.898878,0.044442,9.621452,14.682940,-0.283327,0.023461,0.106850,7.984000,40.559769

0.470170,3.122042,12.023657,14.679998,0.064140,0.055437,0.005594,7.988000,40.559769

0.146842,1.177286,8.431128,14.677057,0.172057,0.095673,-0.002133,7.984000,41.205248

-0.974027,0.657567,7.767707,14.682940,0.009249,0.039183,-0.014657,7.984000,41.205248

0.058226,1.919742,10.002260,14.671175,0.140615,0.010405,-0.017854,7.984000,41.205248

1.895206,0.039652,9.003537,14.691763,-0.192996,-0.119629,-0.042102,7.984000,41.205248

0.216298,2.013148,11.554234,14.709410,-0.000610,0.044512,-0.023184,7.988000,41.205248

-1.623077,1.349727,10.232183,14.691763,-0.085345,0.045045,0.008259,7.988000,41.205248

-0.679440,0.537816,10.299243,14.674116,-0.042445,0.004276,0.015720,7.988000,41.205248

-1.235084,1.876631,12.234419,14.697645,0.102511,0.056503,0.009058,7.988000,41.205248

-1.237479,2.147269,6.654023,14.682940,0.168860,0.017599,-0.053827,7.984000,41.205248

-1.788334,-2.549365,7.932963,14.712351,-0.133842,-0.026633,-0.071413,7.984000,41.205248

-2.346373,1.359308,10.780642,14.703527,-0.095471,0.009605,-0.103922,7.988000,41.205248

1.097665,3.462135,9.528047,14.694704,0.123295,-0.042088,-0.080207,7.984000,41.205248

-0.164511,-0.190270,8.390412,14.688822,0.036961,0.053838,-0.032776,7.984000,41.134209

-0.243546,0.959339,10.320798,14.700586,-0.183670,-0.035427,-0.019986,7.988000,41.134209

-0.442333,0.224068,11.429692,14.718235,-0.046442,-0.010646,0.007460,7.984000,41.134209

-0.162116,2.537657,8.081454,14.718235,0.020440,-0.029565,-0.066084,7.988000,41.134209

-1.838629,0.942574,9.130473,14.718235,0.042823,0.033054,0.045564,7.988000,41.134209

-0.329767,0.604876,9.281360,14.700586,-0.030188,0.080218,0.006660,7.988000,41.134209

-0.248336,1.103040,7.925778,14.727058,-0.099201,0.002944,-0.021052,7.984000,41.134209

-0.142955,-0.159135,10.395043,14.703527,-0.053636,-0.035693,-0.018920,7.984000,41.134209

-0.530949,2.484967,11.257251,14.724117,0.034030,0.010138,0.028510,7.984000,41.134209

-0.732130,3.838153,10.177097,14.721176,-0.105064,-0.007448,0.015986,7.988000,41.134209

-0.332162,2.504127,9.956755,14.721176,0.162198,0.067961,-0.017588,7.988000,41.134209

-0.609984,-1.253659,9.980705,14.744705,-0.060564,-0.169457,-0.038905,7.992000,41.134209

0.309703,1.390443,12.021262,14.727058,0.048952,-0.075663,-0.030378,7.984000,41.134209

-1.259035,0.952154,9.425060,14.732941,0.149941,0.060500,-0.038372,7.988000,41.444452

-1.951195,0.094737,9.616662,14.715292,-0.018996,-0.003185,-0.047165,7.988000,41.444452

-1.661398,0.676727,8.040739,14.730000,0.060410,-0.031430,0.018918,7.988000,41.444452

-0.564479,1.055140,9.173584,14.741764,-0.167416,-0.127623,-0.022118,7.988000,41.444452

0.786312,1.009634,10.567485,14.732941,0.081460,0.043979,0.007193,7.988000,41.444452

0.850978,2.712493,10.529164,14.747646,0.138217,-0.050882,0.015187,7.992000,41.444452

-1.093778,1.177286,9.650192,14.750587,-0.078417,0.045578,0.075408,7.992000,41.444452

0.266593,2.041888,9.432246,14.741764,0.109972,0.019731,0.065548,7.984000,41.444452

0.237853,0.394115,8.194020,14.750587,0.072134,0.042380,0.039169,7.992000,41.444452

0.130077,-1.414125,8.625124,14.738823,-0.209250,-0.045019,-0.016256,7.984000,41.444452

-1.450636,2.856194,10.236973,14.732941,-0.025924,0.063164,-0.047165,7.988000,41.444452

1.631754,0.396510,9.434641,14.738823,0.043356,-0.156401,-0.017854,7.988000,41.444452

0.827027,1.021610,8.639494,14.744705,-0.149563,-0.038358,-0.056225,7.984000,41.660435

-1.709298,2.111343,10.478869,14.741764,0.014844,0.006141,0.010391,7.988000,41.660435

0.166002,0.592901,9.130473,14.744705,0.013246,-0.039157,0.023714,7.988000,41.660435

-0.231571,1.823941,9.037067,14.735882,0.097981,0.014668,0.089264,7.988000,41.660435

0.209112,1.447923,9.149633,14.768234,0.069736,0.017599,-0.031977,7.992000,41.660435

-1.002767,0.353399,9.154424,14.762352,0.028967,-0.052747,0.025313,7.988000,41.660435

-1.637448,1.203631,9.908854,14.744705,-0.080816,-0.018906,0.011190,7.988000,41.660435

-0.025599,-0.654904,10.133986,14.744705,-0.045376,-0.072199,0.045297,7.984000,41.660435

-0.344137,0.966524,12.212864,14.744705,-0.121051,-0.025834,0.019450,7.988000,41.660435

-0.945287,1.514984,9.175979,14.753529,-0.225238,-0.096180,0.014654,7.988000,41.660435

-0.679440,2.444251,10.845307,14.735882,0.132088,0.084481,-0.008795,7.988000,41.660435

1.603014,-0.432167,9.616662,14.774117,-0.072822,-0.095647,0.049028,7.988000,41.660435

1.329982,3.615416,10.902788,14.753529,-0.035517,-0.000254,-0.106586,7.992000,41.769210

-1.668583,0.966524,9.008327,14.762352,0.209895,-0.009846,-0.021052,7.992000,41.769210

0.180372,-0.036989,7.154582,14.765293,0.076930,-0.026900,-0.005597,7.992000,41.769210

-1.476981,1.948482,10.289662,14.756470,-0.028322,-0.017041,0.009325,7.992000,41.769210

-0.744105,0.612061,10.162726,14.759411,0.052949,0.053838,0.071411,7.988000,41.769210

1.248551,1.687425,8.718530,14.768234,0.065472,-0.200900,-0.019187,7.988000,41.769210

-1.718878,-1.097983,10.538745,14.774117,-0.068025,-0.086055,0.041567,7.992000,41.769210

-0.677045,0.573741,11.274015,14.768234,-0.083214,-0.097512,-0.017055,7.988000,41.769210

-0.564479,3.148387,10.742321,14.765293,0.129157,0.011737,0.088198,7.988000,41.769210

0.108522,2.231094,7.068361,14.756470,0.156336,-0.005050,-0.003732,7.988000,41.769210

-0.715365,-1.893129,8.014394,14.765293,-0.108528,-0.002652,0.018918,7.988000,41.769210

-2.530790,1.206026,12.095508,14.785881,-0.005407,0.043446,-0.043968,7.988000,41.769210

0.724042,1.256322,11.197375,14.765293,0.202434,-0.030097,0.008525,7.988000,41.769210

-1.364415,0.990474,8.661049,14.768234,-0.028589,0.087945,-0.006663,7.992000,41.877418

-1.769174,0.671937,8.455077,14.759411,-0.077884,0.047443,0.005861,7.988000,41.877418

-0.674650,-2.139816,9.623847,14.762352,-0.014733,-0.072998,0.017852,7.992000,41.877418

-1.917665,3.510035,12.490685,14.753529,0.047086,0.114858,0.021582,7.988000,41.877418

0.707277,-1.943424,8.019184,14.774117,-0.054436,-0.019705,-0.037306,7.992000,41.877418

-1.809889,2.741234,10.641730,14.777058,0.107840,0.128448,0.031175,7.988000,41.877418

-0.133375,0.094737,8.045529,14.762352,-0.046975,-0.007448,-0.000534,7.992000,41.877418

-0.195646,-0.515993,9.513677,14.756470,-0.092007,-0.044220,0.041300,7.988000,41.877418

-0.051945,0.621641,10.462104,14.741764,-0.086678,-0.006649,0.048495,7.988000,41.877418

-1.534462,0.870723,10.586645,14.759411,-0.110926,-0.062073,0.014121,7.988000,41.877418

-0.384852,1.129385,9.698093,14.744705,-0.012335,-0.009047,0.021582,7.992000,41.877418

0.151632,1.565279,8.984377,14.768234,-0.094139,-0.067669,0.011989,7.988000,41.877418

0.218693,0.971314,10.636941,14.759411,-0.023526,-0.026101,0.017585,7.988000,41.877418

-0.552504,1.299432,9.312495,14.765293,0.049485,0.024794,-0.029312,7.984000,41.335267

-0.883016,-0.654904,9.415481,14.771175,-0.087211,-0.059941,-0.013591,7.984000,41.335267

0.455800,0.442015,8.301796,14.756470,-0.024858,-0.021304,0.017585,7.988000,41.335267

0.992284,4.281231,10.380673,14.750587,-0.045643,-0.089785,-0.049297,7.988000,41.335267

0.151632,-1.979350,9.384345,14.732941,-0.010469,-0.007715,-0.005597,7.988000,41.335267

-0.245941,2.724468,12.473921,14.759411,0.018841,0.021330,0.030642,7.988000,41.335267

-2.212252,1.198841,11.463223,14.753529,-0.003541,0.029857,0.004529,7.988000,41.335267

-0.116610,0.729417,10.145962,14.744705,0.094250,0.017599,-0.000268,7.988000,41.335267

0.237853,2.319710,9.231064,14.741764,0.179785,-0.003451,-0.019453,7.988000,41.335267

-0.135770,0.801268,7.971283,14.759411,0.064939,0.074622,0.000265,7.988000,41.335267

-2.068551,1.491034,10.557905,14.765293,0.144612,0.066628,-0.069282,7.988000,41.335267

0.558785,-0.401032,8.045529,14.744705,0.055613,-0.089252,0.005328,7.988000,41.335267

0.304913,-0.144765,10.620175,14.777058,-0.027790,-0.012244,-0.007462,7.988000,40.945598

-1.601522,1.855076,10.735136,14.779999,0.066005,0.054105,0.016519,7.984000,40.945598

-1.651818,-1.794933,9.125683,14.759411,0.026569,-0.079127,0.098856,7.984000,40.945598

-1.072223,3.474110,11.731464,14.753529,0.220287,0.038650,0.051959,7.992000,40.945598

-0.538134,-0.777050,8.766430,14.750587,0.077730,0.008007,0.019717,7.988000,40.945598

-0.030389,-0.321996,7.784472,14.759411,0.009515,-0.055411,0.083934,7.988000,40.945598

0.340838,0.125872,9.077783,14.759411,-0.044310,-0.045552,0.112446,7.984000,40.945598

-1.215924,0.786898,11.446457,14.771175,-0.095205,-0.021571,0.152948,7.988000,40.945598

-1.239874,4.266861,9.281360,14.756470,0.074799,0.061566,0.141757,7.988000,40.945598

-1.548832,-0.975837,9.001143,14.771175,-0.110659,-0.012511,0.104452,7.988000,40.945598

-2.985843,0.595296,10.857283,14.768234,-0.013134,-0.018107,0.064216,7.984000,40.945598

1.114430,0.099527,9.427456,14.753529,0.084391,-0.023436,0.108982,7.984000,40.945598

0.728832,-0.355527,8.878996,14.765293,-0.131976,-0.033295,0.039435,7.988000,40.453541

-1.479376,2.051468,10.174702,14.779999,-0.063762,0.020797,0.053291,7.984000,40.453541

0.333654,0.250413,10.021420,14.765293,-0.099201,-0.059941,0.092728,7.988000,40.453541

-0.099845,3.579490,9.453801,14.777058,-0.013134,0.006141,0.071411,7.984000,40.453541

0.094152,-0.994997,8.455077,14.777058,-0.041646,0.037584,0.047962,7.984000,40.453541

-1.129703,1.488638,11.353051,14.762352,0.007650,0.049042,0.132164,7.984000,40.453541

-0.456703,-0.556708,8.742480,14.750587,-0.033652,0.013602,0.095659,7.988000,40.453541

-0.451913,0.506680,9.566367,14.768234,-0.091208,0.027725,0.039968,7.988000,40.453541

-0.219596,2.578372,8.179650,14.774117,-0.074687,0.092742,0.068213,7.988000,40.453541

0.791102,1.658685,7.920988,14.765293,0.120097,0.118855,0.126302,7.984000,40.453541

0.012721,0.643197,9.348420,14.777058,-0.069358,0.123118,-0.008528,7.988000,40.453541

-2.686466,0.786898,10.395043,14.771175,0.125959,0.100736,-0.003732,7.988000,40.453541

1.876046,-0.266911,9.271779,14.771175,0.127292,-0.090318,0.022648,7.984000,40.453541

0.331258,-0.269306,9.549602,14.777058,-0.030188,-0.003185,-0.015989,7.984000,40.168706

-0.883016,1.692215,9.686118,14.771175,-0.005407,0.017866,-0.014124,7.984000,40.168706

-1.419501,-0.240566,9.848979,14.774117,0.029500,0.005076,0.015453,7.984000,40.168706

0.345629,2.611902,11.523098,14.762352,0.173390,0.017333,0.029043,7.992000,40.168706

1.085690,-0.925541,8.170071,14.756470,-0.136240,-0.023169,0.047429,7.984000,40.168706

-0.456703,0.892279,10.033396,14.765293,0.112903,0.047976,0.034106,7.988000,40.168706

-1.388366,1.088670,10.792617,14.774117,-0.123183,-0.026633,0.056489,7.984000,40.168706

-0.154930,0.801268,9.532837,14.785881,0.085990,0.023461,0.024780,7.984000,40.168706

0.273778,1.117410,10.114826,14.779999,-0.009937,-0.085788,0.040767,7.984000,40.168706

-1.891320,2.322105,9.839399,14.777058,0.031632,0.082616,0.013588,7.980000,40.168706

-0.878226,-0.065729,7.901828,14.756470,-0.031786,-0.078594,-0.033309,7.984000,40.168706

-0.655490,1.900582,11.388977,14.771175,0.051350,-0.087387,-0.063952,7.980000,40.168706

2.264039,-0.290861,10.234577,14.765293,0.157135,-0.092983,0.012522,7.984000,40.168706

0.345629,0.509075,9.290939,14.768234,-0.085079,-0.031696,0.003463,7.980000,39.727629

-1.587152,1.172496,9.417875,14.762352,0.006851,-0.025834,0.014654,7.984000,39.727629

-1.067433,-0.039384,8.783195,14.782940,0.038826,-0.070333,0.017052,7.984000,39.727629

-0.511788,2.844219,9.556787,14.788822,0.083592,0.000013,0.031441,7.984000,39.727629

0.146842,-1.445261,8.131750,14.788822,-0.182871,-0.030897,0.105518,7.984000,39.727629

-0.449518,1.153336,11.290781,14.777058,0.037227,0.028791,0.084734,7.984000,39.727629

-0.308212,1.282667,8.524533,14.774117,-0.042445,-0.022903,0.135895,7.984000,39.727629

-0.231571,-0.240566,9.693303,14.771175,-0.078684,-0.095914,0.100721,7.980000,39.727629

1.131195,1.131781,11.350657,14.774117,0.001788,0.030656,0.145221,7.980000,39.727629

0.932408,1.797596,9.290939,14.785881,0.125693,0.109795,0.082602,7.984000,39.727629

0.103732,0.935389,7.988049,14.788822,-0.028056,-0.011179,0.039702,7.984000,39.727629

-0.104635,2.180799,9.884905,14.782940,0.079062,0.113792,-0.022917,7.988000,39.727629

0.975519,-0.942306,8.217971,14.774117,-0.116255,-0.118030,-0.004798,7.984000,39.727629

-0.030389,3.385494,11.266830,14.777058,0.135552,0.138573,-0.013591,7.984000,39.727629

-1.429081,-0.230986,8.282637,14.782940,-0.090675,0.011737,-0.036507,7.980000,39.171538

-1.088988,-0.326786,10.110036,14.785881,-0.001943,-0.018640,-0.010127,7.980000,39.171538

0.594711,-0.779445,8.512558,14.791763,-0.110126,-0.028232,0.001065,7.980000,39.171538

-1.074618,1.100645,11.333891,14.771175,0.031898,-0.026367,0.005061,7.980000,39.171538

-1.033903,0.238438,9.662168,14.768234,-0.041646,-0.096713,0.024780,7.980000,39.171538

-0.672255,-0.290861,10.407019,14.779999,0.000988,-0.063405,0.024247,7.980000,39.171538

-0.071105,0.576136,10.608200,14.774117,0.084125,-0.108970,0.063417,7.980000,39.171538

-0.219596,0.504285,8.514953,14.779999,0.007117,-0.080192,0.033040,7.980000,39.171538

-2.298473,2.355635,7.674301,14.774117,-0.028322,0.017333,0.073809,7.976000,39.171538

-1.642238,-1.406940,10.989009,14.803528,-0.066160,-0.006915,0.120706,7.980000,39.171538

-1.548832,1.311407,11.973362,14.788822,0.113169,-0.016774,0.082069,7.980000,39.171538

0.664166,0.209698,7.686276,14.779999,0.088388,-0.079393,0.127101,7.980000,39.171538

-0.528554,0.360584,7.303073,14.785881,-0.098935,-0.053546,0.169469,7.980000,38.334422

-1.019533,1.455108,7.806027,14.774117,-0.148231,-0.054346,0.155613,7.984000,38.334422

0.767152,-1.770983,11.633268,14.779999,-0.056035,-0.149206,0.119374,7.972000,38.334422

1.238971,0.777318,11.429692,14.782940,0.062808,-0.045552,0.172133,7.976000,38.334422

0.609081,2.587952,7.832372,14.788822,-0.116522,0.045578,0.135895,7.976000,38.334422

-1.019533,3.282508,9.523256,14.788822,-0.021661,0.107131,0.146819,7.980000,38.334422

-0.497418,0.305499,10.768666,14.782940,-0.072555,0.027458,0.205974,7.976000,38.334422

0.755177,-0.336366,9.367580,14.777058,0.029500,0.018399,0.121239,7.980000,38.334422

0.910853,0.731812,9.860954,14.774117,0.064140,0.079685,0.088464,7.980000,38.334422

-0.473468,0.528236,9.470566,14.788822,0.040691,0.128714,-0.031977,7.976000,38.334422

-0.942892,2.300550,8.615544,14.774117,-0.114390,0.033321,-0.130834,7.980000,38.334422

0.628241,1.634735,8.162886,14.794704,0.083059,0.162555,-0.180396,7.980000,38.334422

1.878441,-1.124328,7.863508,14.785881,-0.197526,0.034919,-0.171337,7.976000,38.334422

0.110917,2.156849,12.854729,14.785881,0.063874,0.302714,-0.221165,7.976000,38.334422

-0.142955,0.492310,9.377160,14.794704,0.082259,0.231835,-0.270194,7.976000,37.681447

-0.145350,-0.233381,9.317285,14.797646,-0.223107,0.065030,-0.286449,7.976000,37.681447

-0.090265,1.996382,10.033396,14.797646,-0.114656,0.129514,-0.229958,7.976000,37.681447

0.439034,2.343660,10.359118,14.782940,0.075331,0.095939,-0.194519,7.976000,37.681447

-0.291447,-0.501623,8.737690,14.791763,-0.107462,-0.001852,-0.199582,7.976000,37.681447

0.029486,0.291129,9.918435,14.791763,-0.052837,-0.010912,-0.135631,7.976000,37.681447

-1.872159,0.370164,9.039463,14.797646,-0.052304,-0.011978,-0.081805,7.976000,37.681447

-0.741710,1.507799,9.532837,14.794704,-0.047508,-0.092183,-0.000534,7.980000,37.681447

0.283358,2.913675,8.591594,14.777058,0.081194,-0.123626,0.000532,7.976000,37.681447

0.704881,-1.131513,10.054951,14.800587,-0.113324,-0.142012,-0.039438,7.976000,37.681447

-0.514183,2.226305,12.162568,14.782940,0.002587,-0.133485,-0.054093,7.976000,37.681447

1.023419,1.570069,9.611873,14.803528,0.198171,-0.132419,-0.074078,7.976000,37.681447

0.486935,1.582044,8.373647,14.800587,-0.053370,-0.192373,-0.049297,7.972000,37.681447

0.865348,1.615574,9.949570,14.788822,0.190177,-0.067136,-0.008528,7.976000,37.681447

0.688116,0.003726,8.361671,14.800587,0.071601,-0.118030,-0.004531,7.976000,37.581300

-0.593219,-0.063334,9.389135,14.800587,-0.172479,-0.135350,0.008792,7.976000,37.581300

-1.273405,-0.820160,7.944938,14.803528,0.055347,-0.181182,0.077539,7.976000,37.581300

-1.414711,5.823624,10.143566,14.821175,0.063874,0.049841,0.090862,7.980000,37.581300

-1.338070,-1.529086,8.081454,14.791763,-0.023260,-0.065004,0.142290,7.976000,37.581300

-1.965565,1.361702,11.561419,14.818233,-0.004607,-0.036759,0.098057,7.980000,37.581300

0.364789,0.671937,9.592712,14.803528,-0.038448,-0.053013,0.110314,7.980000,37.581300

-1.029113,1.325777,10.031001,14.809410,0.093984,-0.054346,0.162274,7.980000,37.581300

0.110917,-0.278886,8.445498,14.803528,0.027102,-0.037825,0.110048,7.976000,37.581300

-1.982330,1.505404,9.142448,14.788822,-0.144500,-0.139081,0.032507,7.972000,37.581300

0.383949,0.784503,8.759245,14.803528,0.113436,-0.108171,0.032241,7.976000,37.581300

0.757572,-0.053754,9.142448,14.785881,-0.156757,-0.134018,0.045564,7.976000,37.581300

-1.153654,2.640643,11.721885,14.797646,0.094250,0.116723,0.111913,7.976000,37.581300

-0.387247,1.067115,8.946056,14.788822,0.063607,0.017066,0.130032,7.976000,37.728750

-0.619564,-0.578263,9.702883,14.812351,-0.209783,-0.066070,0.126568,7.976000,37.728750

-1.287775,1.126991,10.150752,14.791763,-0.001943,0.047710,0.148152,7.980000,37.728750

-0.372877,2.552027,9.379556,14.812351,0.150207,0.065296,0.116443,7.980000,37.728750

-0.363297,-2.786471,9.578342,14.803528,-0.224439,-0.096980,0.066881,7.972000,37.728750

0.072596,2.137689,12.215259,14.815292,0.066005,0.038383,0.090862,7.980000,37.728750

-1.021928,0.588111,8.052714,14.818233,0.011380,0.018399,0.059420,7.976000,37.728750

-0.451913,1.577254,9.233459,14.821175,-0.049107,-0.058342,0.055956,7.976000,37.728750

0.656981,0.937784,10.119617,14.815292,0.127292,-0.066603,0.058620,7.972000,37.728750

-0.557294,2.956785,7.705436,14.827057,0.204566,0.175079,0.057288,7.976000,37.728750

0.166002,-1.821279,9.346025,14.812351,-0.130644,-0.090318,0.032507,7.976000,37.728750

-0.926127,4.262071,11.599738,14.803528,0.237607,0.150031,0.097257,7.976000,37.728750

0.307308,-0.482463,5.593029,14.829998,-0.131177,-0.148407,0.043166,7.976000,37.728750

-0.849486,0.197723,9.920830,14.809410,-0.187134,-0.065803,0.079937,7.976000,37.728750

-1.144074,1.356912,11.087204,14.827057,0.125959,0.072491,0.154547,7.976000,37.590557

-0.241151,-1.663207,9.362790,14.812351,0.031632,-0.018107,0.159610,7.972000,37.590557

-0.590824,0.336634,9.738809,14.818233,-0.049906,-0.022104,0.155346,7.972000,37.590557

-1.287775,3.553145,10.514794,14.818233,-0.044577,0.112193,0.173999,7.976000,37.590557

0.161212,-0.077704,8.069479,14.806469,0.060410,0.078619,0.134296,7.976000,37.590557

-0.741710,0.135452,11.606923,14.821175,-0.098136,-0.017307,0.185190,7.976000,37.590557

1.226996,-0.880036,9.099339,14.815292,0.060676,0.083948,0.198780,7.976000,37.590557

-0.693810,1.936507,10.337564,14.824116,-0.030188,0.154827,0.178262,7.976000,37.590557

-0.851881,1.201236,9.204719,14.821175,0.037227,0.083149,0.160676,7.968000,37.590557

-0.413593,0.202513,8.857441,14.835880,0.141148,0.078886,0.016519,7.972000,37.590557

0.204322,0.779713,9.563972,14.829998,-0.117321,-0.018373,-0.056758,7.972000,37.590557

1.102455,1.570069,9.171188,14.824116,0.036161,0.205189,-0.034641,7.972000,37.590557

1.016234,-0.657299,9.932805,14.824116,-0.154892,0.180408,-0.045300,7.972000,37.590557

-0.138165,2.319710,11.204560,14.829998,0.104376,0.347480,-0.095128,7.972000,37.590557

-0.590824,0.236043,8.905341,14.835880,-0.093339,0.218778,-0.139095,7.976000,36.786018

0.290543,-0.805790,9.822634,14.812351,-0.048574,0.043979,-0.182262,7.968000,36.786018

0.520465,-0.288466,10.565090,14.827057,-0.056834,0.049575,-0.188390,7.968000,36.786018

-0.499813,4.137530,11.051279,14.835880,0.075331,0.174812,-0.109251,7.972000,36.786018

-0.492628,-1.275214,7.889853,14.800587,-0.107728,0.089544,-0.094063,7.972000,36.786018

-1.156049,1.222791,10.603411,14.838821,0.012446,0.124184,-0.066350,7.972000,36.786018

-1.220714,0.209698,8.917316,14.844706,-0.084546,0.058368,-0.080207,7.972000,36.786018

-1.429081,0.662357,8.843071,14.838821,0.012979,0.091409,-0.057557,7.972000,36.786018

-0.471073,-0.963862,9.755573,14.847647,-0.014466,0.050108,-0.059156,7.972000,36.786018

-0.705785,0.248018,11.259645,14.841763,-0.131443,0.044778,-0.067683,7.972000,36.786018

-1.306935,3.095696,9.140054,14.847647,0.152339,0.176944,-0.094329,7.968000,36.786018

-1.455426,-0.700409,8.392807,14.853529,-0.024326,0.076221,-0.118844,7.968000,36.786018

-0.116610,-2.443984,9.319680,14.847647,0.003120,0.005609,-0.145490,7.968000,36.786018

0.326468,0.329449,9.374765,14.841763,-0.179140,0.015734,-0.100991,7.968000,35.963989

-1.333280,3.062166,11.757810,14.832939,0.013779,0.097805,-0.146556,7.968000,35.963989

1.265316,-0.003459,10.093271,14.865294,0.110238,-0.087387,-0.137762,7.972000,35.963989

0.156422,-0.027409,8.902946,14.844706,-0.024059,-0.026900,-0.131634,7.968000,35.963989

-1.510512,3.577096,10.119617,14.850588,-0.044044,0.057835,-0.102589,7.968000,35.963989

-0.135770,-0.892011,8.898156,14.850588,0.031898,-0.040756,-0.119377,7.964000,35.963989

-0.365692,1.366493,10.569880,14.856470,0.072134,-0.044753,-0.094063,7.968000,35.963989

-0.667465,0.178563,9.322075,14.850588,0.007650,-0.094315,-0.082072,7.964000,35.963989

-0.461493,0.080367,11.075230,14.841763,-0.146898,-0.052214,0.007193,7.972000,35.963989

0.403109,2.647828,11.178215,14.821175,0.096648,0.013069,-0.002932,7.968000,35.963989

0.395924,0.408485,8.495793,14.847647,0.125959,-0.001852,-0.034641,7.964000,35.963989

-0.645909,0.588111,9.322075,14.853529,-0.100800,-0.162529,-0.061554,7.968000,35.963989

0.149237,0.820428,9.999866,14.850588,0.023904,-0.020505,-0.049830,7.964000,35.963989

1.413807,1.541329,10.330379,14.850588,0.009515,-0.015708,-0.074877,7.964000,35.963989

0.400714,1.457503,9.602292,14.847647,0.235475,-0.009047,-0.045833,7.968000,35.963989

-0.425568,-0.060939,7.820397,14.847647,-0.132243,-0.071133,-0.048498,7.968000,35.601338

-0.849486,1.811966,10.244158,14.853529,-0.129045,0.012004,-0.013857,7.964000,35.601338

0.482145,1.220396,10.136381,14.853529,0.029500,0.025327,-0.020252,7.964000,35.601338

-0.368087,3.411839,10.349538,14.847647,0.160599,0.092475,0.023447,7.964000,35.601338

-0.837511,-1.330299,7.863508,14.835880,-0.178074,-0.100444,-0.010660,7.964000,35.601338

-2.276918,0.813243,11.101574,14.865294,-0.035517,0.023195,-0.003998,7.968000,35.601338

-0.981212,1.586834,11.123130,14.847647,0.013779,-0.037825,0.005861,7.964000,35.601338

-0.581244,-0.599819,8.510163,14.856470,0.049485,-0.084722,0.021582,7.964000,35.601338

-0.521369,-0.005854,10.105247,14.853529,-0.062430,-0.050882,0.051692,7.968000,35.601338

0.747992,2.302945,10.581855,14.862352,0.009515,-0.002652,0.036238,7.964000,35.601338

0.542020,0.705467,8.929292,14.865294,0.201102,-0.054346,0.002663,7.964000,35.601338

-0.708180,0.494705,9.769943,14.868235,-0.080016,-0.203565,-0.038372,7.968000,35.601338

0.005536,2.544842,9.173584,14.859411,0.132621,-0.142012,-0.093263,7.964000,35.601338

0.934803,0.949759,9.164003,14.865294,-0.171946,0.035452,-0.001067,7.964000,35.601338

0.297728,3.141202,10.816567,14.879999,0.135818,0.096472,-0.011726,7.960000,35.601338

0.827027,-1.495556,8.991562,14.856470,-0.045643,-0.011978,-0.046632,7.964000,35.131611

-0.861461,0.200118,9.860954,14.874117,-0.130910,-0.077261,-0.013591,7.960000,35.131611

-0.339347,1.914952,10.462104,14.877058,0.069203,-0.004517,0.018385,7.964000,35.131611

0.321678,0.458780,8.756850,14.868235,0.074532,-0.099111,0.028777,7.964000,35.131611

-1.182394,2.118529,9.712463,14.856470,-0.138105,-0.001852,0.036504,7.960000,35.131611

-0.413593,0.212093,10.057346,14.847647,0.016976,0.048242,0.071944,7.960000,35.131611

0.451009,-0.111235,9.496911,14.856470,0.006851,-0.010379,0.045830,7.960000,35.131611

-0.071105,0.853958,9.496911,14.865294,-0.015266,-0.096713,0.037570,7.956000,35.131611

-0.296237,1.191656,8.713739,14.841763,-0.124249,0.060233,0.100988,7.960000,35.131611

0.393529,2.425091,10.605805,14.856470,-0.014200,0.045844,0.088731,7.960000,35.131611

1.028209,1.328172,8.536509,14.879999,0.097448,0.046644,0.047962,7.960000,35.131611

-0.938102,1.656290,8.177256,14.868235,-0.151695,-0.081525,0.021316,7.960000,35.131611

-1.096173,-0.391452,9.470566,14.874117,-0.057900,-0.031163,-0.038905,7.960000,35.131611

-0.178881,-0.240566,12.519426,14.879999,-0.063762,-0.015708,-0.048498,7.960000,35.131611

0.209112,0.727022,10.213022,14.868235,0.230946,0.106864,-0.042902,7.964000,35.131611

-0.322582,0.954549,7.777287,14.847647,-0.257747,0.047443,-0.081805,7.960000,35.131611

-1.467401,-0.887221,10.047766,14.882940,-0.185802,-0.042355,-0.085003,7.960000,34.441309

-0.346532,1.052745,10.737532,14.879999,0.090786,0.134043,-0.100191,7.956000,34.441309

-0.243546,2.700518,9.041858,14.868235,0.172057,0.163621,-0.041037,7.960000,34.441309

-0.463888,-0.762680,7.664721,14.885881,-0.103465,-0.016774,-0.069815,7.960000,34.441309

-1.338070,1.570069,10.361513,14.862352,0.030832,0.110062,-0.114047,7.960000,34.441309

-1.055458,1.476663,9.951965,14.882940,0.007117,0.056236,-0.080207,7.964000,34.441309

-0.210016,0.846773,8.347301,14.879999,0.023904,0.060500,-0.099125,7.960000,34.441309

-0.073500,-0.618979,10.526770,14.879999,-0.104797,0.036252,-0.066883,7.960000,34.441309

0.982704,2.233490,11.386581,14.874117,-0.046708,0.118855,-0.032510,7.960000,34.441309

0.803077,0.365374,8.447892,14.859411,0.059877,0.118855,-0.117245,7.956000,34.441309

-0.626749,0.856353,9.106524,14.871176,-0.137572,0.010405,-0.124706,7.956000,34.441309

0.146842,0.935389,9.046648,14.877058,-0.028322,-0.012777,-0.209707,7.960000,34.441309

1.318007,1.847891,10.665681,14.868235,-0.029122,0.027458,-0.223030,7.956000,34.441309

1.135985,2.001173,8.033554,14.850588,0.198970,-0.062339,-0.248344,7.956000,34.441309

-0.485443,-1.033317,8.289822,14.879999,-0.250019,0.009073,-0.138828,7.952000,34.441309

-1.268615,2.370006,12.639177,14.877058,-0.049906,0.195863,-0.132966,7.956000,34.090738

-0.535739,0.525841,9.621452,14.888823,0.038293,0.004010,-0.123640,7.956000,34.090738

-1.409921,-0.956676,8.706554,14.879999,-0.125048,-0.017041,-0.136963,7.956000,34.090738

-1.484166,3.021451,11.650034,14.859411,0.075065,0.092209,-0.078341,7.956000,34.090738

-0.217201,-1.069242,7.940148,14.841763,-0.105064,-0.039690,-0.087401,7.956000,34.090738

-1.088988,0.030072,10.531560,14.874117,-0.013134,0.001612,-0.115913,7.960000,34.090738

-0.799191,1.711375,9.396320,14.871176,0.057212,-0.008248,-0.073811,7.956000,34.090738

-0.746500,1.392838,10.785432,14.856470,0.015377,0.017599,-0.083937,7.952000,34.090738

-0.047155,1.313802,11.269226,14.868235,0.124361,-0.015975,-0.106586,7.956000,34.090738

-1.340465,-0.190270,9.120893,14.874117,-0.086145,0.014668,-0.069548,7.956000,34.090738

-1.721273,1.229976,9.547207,14.877058,0.100912,0.036518,-0.114314,7.960000,34.090738

-0.054340,-0.338761,9.717253,14.877058,-0.074420,-0.028499,-0.137230,7.956000,34.090738

0.714462,1.203631,10.407019,14.888823,-0.049639,0.062898,-0.160945,7.960000,34.090738

0.333654,0.865933,7.777287,14.868235,-0.060831,-0.034894,-0.161211,7.956000,34.090738

-1.642238,1.639525,10.725556,14.882940,0.085723,0.030390,-0.171337,7.956000,34.090738

-1.795519,-1.363830,9.353210,14.874117,-0.009937,0.006674,-0.196118,7.956000,33.818329

-1.453031,0.465965,8.670630,14.879999,-0.068558,-0.048217,-0.151618,7.956000,33.818329

0.192347,0.753367,10.955479,14.862352,-0.074154,-0.062339,-0.118311,7.956000,33.818329

0.419874,2.037098,10.327983,14.874117,0.236808,0.013602,-0.063686,7.956000,33.818329

-1.203949,0.767738,9.281360,14.888823,-0.087211,-0.114033,-0.069548,7.956000,33.818329

-1.316515,0.389324,10.074111,14.891764,0.086256,-0.004251,-0.006663,7.956000,33.818329

-0.952472,-0.132790,8.620334,14.897646,-0.046175,-0.058875,0.017852,7.952000,33.818329

-0.595614,0.386930,9.288545,14.894705,-0.130111,0.029857,0.093793,7.952000,33.818329

0.434244,1.608389,10.598620,14.888823,0.168327,-0.027966,-0.022384,7.952000,33.818329

-1.038693,-0.621374,9.995075,14.915293,-0.025658,-0.084989,-0.074078,7.952000,33.818329

-1.553622,2.619088,10.268107,14.900587,0.096648,-0.104441,-0.086602,7.952000,33.818329

0.060621,0.494705,8.582014,14.906469,0.057478,-0.070866,-0.061554,7.956000,33.818329

-0.983607,0.398905,10.670471,14.921175,0.114235,0.024261,-0.101524,7.952000,33.818329

-1.225504,-1.236894,8.807145,14.897646,0.004186,-0.038624,-0.036773,7.952000,33.818329

-1.556017,2.748419,10.646521,14.918234,0.007117,-0.014909,-0.015456,7.952000,33.818329

0.077386,0.300709,9.480146,14.915293,0.168327,-0.063938,-0.049030,7.952000,33.608947

0.280963,0.446805,9.860954,14.924116,-0.009404,-0.062073,-0.069815,7.948000,33.608947

0.599501,0.832403,9.216694,14.924116,0.091852,-0.028499,-0.014923,7.952000,33.608947

-1.017138,1.881422,10.095666,14.935881,-0.114390,-0.061540,0.022382,7.952000,33.608947

-0.514183,-0.230986,9.425060,14.929998,0.033763,0.053572,-0.003732,7.952000,33.608947

-0.473468,0.430040,11.932646,14.927057,0.143279,-0.048483,0.029043,7.948000,33.608947

-0.260311,-0.492043,9.978311,14.947645,-0.061097,-0.079393,0.041034,7.948000,33.608947

-0.679440,0.245623,8.797565,14.927057,0.066805,-0.043154,0.011190,7.952000,33.608947

-0.466283,1.392838,10.797407,14.947645,0.058544,-0.045819,0.050360,7.948000,33.608947

0.997074,0.207303,10.895603,14.944704,0.104109,-0.080192,-0.012792,7.948000,33.608947

-0.164511,2.535262,9.657377,14.924116,0.188844,-0.077528,-0.029312,7.952000,33.608947

-0.423173,0.801268,8.979588,14.924116,0.109439,-0.010912,0.003996,7.948000,33.608947

-1.088988,0.283944,10.201047,14.924116,0.176054,0.076754,0.001597,7.944000,33.608947

-0.468678,-0.228591,8.776011,14.927057,0.096915,-0.044486,-0.012259,7.948000,33.608947

-1.718878,3.038216,11.096785,14.927057,0.062275,-0.001320,0.007460,7.948000,33.608947

-0.645909,0.149823,8.469448,14.921175,0.105975,-0.033561,-0.058090,7.944000,32.955281

-0.782426,-0.635744,10.759087,14.921175,-0.006473,-0.108437,-0.059422,7.940000,32.955281

0.451009,0.243228,10.172307,14.912352,-0.104531,-0.026900,0.030375,7.940000,32.955281

0.395924,2.695728,10.265713,14.918234,0.128091,0.039449,0.040235,7.944000,32.955281

-0.897387,0.300709,6.960585,14.938822,-0.117054,-0.091117,0.021049,7.944000,32.955281

-1.829049,1.625154,10.105247,14.938822,-0.045909,0.031988,0.045031,7.940000,32.955281

0.815052,-0.889616,10.933923,14.927057,0.014045,-0.090584,0.084734,7.940000,32.955281

0.683326,0.343819,10.593830,14.929998,-0.205786,-0.133218,0.069279,7.940000,32.955281

-0.689020,3.239398,10.404624,14.927057,0.130489,-0.001053,0.090596,7.936000,32.955281

0.177977,0.722232,9.516071,14.918234,0.175521,-0.088719,0.118574,7.940000,32.955281

-1.548832,0.442015,9.695698,14.909410,-0.176742,0.006408,0.111913,7.932000,32.955281

-1.136889,1.055140,8.934082,14.932940,0.048152,0.055171,0.103120,7.940000,32.955281

-0.049550,-0.269306,8.649075,14.915293,-0.087477,-0.075663,0.088997,7.932000,32.955281

1.404227,-0.005854,8.328141,14.915293,0.010848,0.046111,0.081003,7.932000,32.955281

0.371974,0.760553,8.546088,14.909410,0.009249,0.067161,0.077539,7.932000,32.955281

0.295333,2.046678,9.410690,14.921175,0.041757,0.105265,0.159343,7.936000,32.955281

0.743202,0.312684,8.143725,14.932940,-0.239361,0.000013,0.085267,7.932000,32.955281

-0.662675,2.149664,10.275292,14.924116,-0.036316,0.077020,0.051426,7.932000,31.185842

0.055831,-1.509926,9.278965,14.915293,-0.090675,0.041581,0.050893,7.928000,31.185842

0.712067,-0.618979,10.646521,14.915293,-0.194329,0.059434,0.013588,7.932000,31.185842

0.340838,2.609508,11.377002,14.918234,0.117433,0.138573,0.014388,7.936000,31.185842

-0.502208,1.012030,7.928173,14.900587,-0.129578,0.074356,-0.018121,7.932000,31.185842

-0.111820,-1.382990,9.331655,14.903528,-0.198059,0.074089,-0.066084,7.932000,31.185842

-1.383576,2.087393,11.194981,14.918234,0.169926,0.280065,-0.069015,7.928000,31.185842

-0.420778,0.168983,7.327023,14.912352,0.011647,0.109529,-0.074344,7.928000,31.185842

0.359999,2.171219,8.567643,14.912352,-0.146365,0.062631,-0.090066,7.932000,31.185842

0.142052,0.408485,10.177097,14.900587,0.101178,0.145235,-0.144957,7.932000,31.185842

-0.811166,0.082762,9.415481,14.915293,-0.101067,0.168417,-0.147888,7.932000,31.185842

-0.729735,1.857471,9.386741,14.906469,0.066272,0.222242,-0.139628,7.928000,31.185842

-0.832721,0.865933,9.183164,14.909410,-0.081881,0.080218,-0.173468,7.932000,31.185842

-1.441056,0.420460,9.942385,14.897646,-0.102665,0.246224,-0.220899,7.928000,31.185842

-2.152377,-0.154345,10.368698,14.891764,-0.117054,0.260880,-0.186259,7.928000,31.185842

-2.138007,-0.870456,8.574828,14.921175,-0.166084,0.100469,-0.243814,7.924000,31.185842

-0.317792,3.150782,10.749507,14.906469,0.141681,0.231835,-0.276323,7.924000,30.275723

1.260526,0.231253,8.217971,14.903528,0.009782,0.000013,-0.308831,7.924000,30.275723

-0.159721,1.531749,10.452524,14.912352,-0.177275,0.084215,-0.277122,7.924000,30.275723

-0.006439,3.483690,10.907578,14.900587,0.206964,0.200126,-0.241949,7.928000,30.275723

0.170792,1.311407,8.409573,14.885881,0.059610,0.035719,-0.305101,7.924000,30.275723

-1.323700,0.877909,10.790222,14.900587,-0.038714,0.013869,-0.293909,7.924000,30.275723

-0.339347,0.274364,9.425060,14.894705,0.012446,0.067961,-0.282718,7.928000,30.275723

-0.621959,1.725745,9.235854,14.900587,-0.016598,0.099137,-0.281119,7.928000,30.275723

-0.801586,1.653895,8.898156,14.894705,0.068936,0.035186,-0.302436,7.924000,30.275723

-0.820746,0.652777,9.072993,14.918234,-0.009404,0.054105,-0.285649,7.924000,30.275723

-0.030389,1.534144,9.319680,14.897646,0.046287,0.029590,-0.345603,7.924000,30.275723

-0.425568,0.868328,10.562695,14.918234,0.039892,0.038650,-0.359992,7.924000,30.275723

-1.740433,1.522169,9.290939,14.924116,0.001521,0.022929,-0.330681,7.924000,30.275723

-0.296237,1.591624,10.332773,14.924116,0.022572,0.036252,-0.325086,7.924000,30.275723

0.060621,1.584439,10.921947,14.900587,0.065472,0.155094,-0.335744,7.920000,30.275723

0.472565,1.819151,10.778247,14.903528,0.102244,0.014935,-0.350932,7.924000,30.275723

0.448614,1.914952,8.414362,14.894705,0.110771,0.075955,-0.249943,7.924000,30.275723

-0.011229,0.403695,9.475356,14.888823,0.049485,-0.039957,-0.344004,7.920000,30.275723

-0.768055,2.827454,10.474079,14.906469,0.156603,-0.113767,-0.340540,7.928000,30.431515

-0.166906,1.287457,8.112590,14.894705,0.170725,-0.052747,-0.280320,7.928000,30.431515

-0.928522,-0.077704,8.816726,14.906469,0.021240,-0.099378,-0.221698,7.924000,30.431515

-0.404013,1.938902,9.116103,14.921175,0.041224,-0.126290,-0.189723,7.928000,30.431515

0.247433,1.519774,10.217813,14.903528,0.144345,-0.108437,-0.168139,7.924000,30.431515

-0.375272,1.064720,9.120893,14.900587,0.091586,-0.063405,-0.162810,7.924000,30.431515

-1.029113,1.744905,9.590317,14.897646,0.002054,-0.091650,-0.126837,7.924000,30.431515

-0.899782,1.493428,11.640453,14.909410,0.149941,-0.096180,-0.139361,7.928000,30.431515

0.846188,0.978499,10.107641,14.894705,0.186713,-0.191307,-0.117245,7.928000,30.431515

-0.648305,1.845496,8.411967,14.909410,0.073999,-0.151338,-0.057557,7.924000,30.431515

-1.522487,1.893397,8.675420,14.909410,0.067604,-0.230211,-0.112182,7.924000,30.431515

-0.681835,0.978499,9.065807,14.879999,0.114768,-0.177451,-0.125505,7.920000,30.431515

0.084571,-0.669274,10.562695,14.897646,-0.031786,-0.188376,-0.170004,7.920000,30.431515

-1.390761,1.409603,10.663286,14.906469,-0.013134,-0.114033,-0.107386,7.924000,30.431515

-0.289052,2.595137,10.222602,14.900587,0.079328,-0.174254,-0.031977,7.920000,30.431515

-1.084198,1.725745,10.790222,14.894705,0.130489,-0.045552,-0.015190,7.920000,30.431515

-0.847091,2.415511,9.769943,14.888823,0.151540,-0.012511,-0.055692,7.924000,30.644949

-0.976422,2.228699,9.449011,14.885881,0.104909,-0.065803,-0.030378,7.924000,30.644949

-0.176486,-0.178295,10.979428,14.903528,-0.084280,-0.147607,-0.067150,7.920000,30.644949

-1.254244,2.183194,11.743440,14.897646,0.083325,-0.031696,-0.044234,7.920000,30.644949

0.839003,1.234766,8.792775,14.900587,0.068137,-0.065803,-0.042635,7.920000,30.644949

-1.924850,0.556976,9.070598,14.900587,0.097981,-0.077794,-0.060222,7.924000,30.644949

-0.480653,0.906649,9.152028,14.891764,0.067071,-0.032762,0.003996,7.920000,30.644949

-0.142955,1.579649,9.058622,14.897646,0.046820,-0.096713,-0.023983,7.920000,30.644949

-0.550109,1.977222,9.178373,14.894705,0.014578,-0.101243,0.035705,7.920000,30.644949

0.235458,2.391561,9.190349,14.891764,0.064140,-0.154802,-0.006663,7.920000,30.644949

-0.945287,0.492310,10.926738,14.906469,0.058811,-0.110569,0.010924,7.916000,30.644949

-2.001491,-0.518388,9.848979,14.909410,-0.024592,-0.097246,-0.027181,7.920000,30.644949

0.419874,1.998778,8.716135,14.894705,-0.161554,-0.136682,0.006660,7.916000,30.644949

-0.037575,0.401300,10.399834,14.885881,-0.011802,-0.106839,-0.053827,7.912000,30.644949

-1.445846,-0.333971,9.585527,14.906469,0.055613,-0.062339,-0.148954,7.908000,30.644949

-0.770451,-1.112353,9.164003,14.885881,0.007384,-0.191574,-0.116179,7.912000,30.644949

-0.444728,2.020333,10.696816,14.906469,-0.011535,-0.187843,-0.054360,7.912000,30.644949

-1.314120,-0.530363,8.567643,14.906469,0.039625,-0.138015,-0.042635,7.908000,29.930830

-1.879345,1.407208,9.750783,14.906469,-0.072822,-0.184113,0.018385,7.912000,29.930830

-1.041088,-1.986535,10.373488,14.906469,-0.028322,-0.199035,-0.008262,7.904000,29.930830

-0.689020,0.659962,10.692026,14.900587,-0.024592,-0.092983,-0.003465,7.908000,29.930830

-1.251849,3.141202,9.072993,14.900587,0.197371,-0.136150,0.063950,7.908000,29.930830

-3.036139,-0.717175,9.657377,14.879999,-0.276932,-0.171856,0.123104,7.904000,29.930830

-1.053063,-0.915961,11.769785,14.912352,-0.018197,-0.114300,0.070078,7.904000,29.930830

0.283358,1.067115,11.302756,14.912352,0.172590,-0.233408,0.090329,7.908000,29.930830

-0.562084,1.720955,8.165280,14.897646,-0.046442,-0.144410,0.183858,7.900000,29.930830

-1.781149,0.964129,9.178373,14.877058,0.017776,-0.154802,0.196382,7.900000,29.930830

-0.406408,-0.336366,9.875324,14.897646,0.026835,-0.195304,0.162541,7.896000,29.930830

-0.547714,0.602481,10.236973,14.906469,0.052682,-0.108437,0.166005,7.896000,29.930830

0.022301,0.650382,9.978311,14.909410,-0.024858,-0.211292,0.173999,7.896000,29.930830

-0.621959,3.169942,9.118498,14.897646,-0.017930,-0.165460,0.230489,7.892000,29.930830

0.946778,1.002450,9.916039,14.900587,0.044688,-0.194505,0.190786,7.896000,29.930830

0.448614,0.008516,10.974638,14.900587,0.087855,-0.152670,0.134296,7.892000,29.930830

-0.301027,2.101763,10.275292,14.888823,0.158201,-0.191574,0.111380,7.888000,29.930830

-0.708180,-0.853691,7.688671,14.885881,-0.021927,-0.214223,0.233420,7.888000,29.930830

-0.765660,-0.048964,9.683722,14.885881,-0.098669,-0.230744,0.220363,7.884000,29.930830

-0.463888,0.164193,9.219090,14.891764,0.140082,-0.206496,0.186789,7.892000,27.429686

-0.974027,-0.310021,8.981982,14.903528,-0.198059,-0.234208,0.245411,7.884000,27.429686

-1.484166,0.976104,10.902788,14.894705,-0.049373,-0.176119,0.283248,7.880000,27.429686

0.290543,0.964129,11.015354,14.903528,-0.029655,-0.189176,0.311760,7.884000,27.429686

0.542020,2.293365,10.301638,14.882940,0.233077,-0.122293,0.366385,7.884000,27.429686

0.225878,2.094578,8.864626,14.897646,0.064406,-0.137482,0.447123,7.880000,27.429686

-0.863856,0.988079,8.696975,14.903528,0.121696,-0.117497,0.473236,7.880000,27.429686

-1.146469,-0.951886,9.844189,14.900587,-0.027257,-0.262986,0.555040,7.884000,27.429686

-0.114215,1.562884,10.409413,14.891764,0.016976,-0.143344,0.583818,7.884000,27.429686

-0.847091,0.161798,9.554392,14.879999,-0.082681,-0.155068,0.626452,7.876000,27.429686

-1.364415,0.784503,10.284873,14.877058,0.066272,-0.096980,0.642440,7.876000,27.429686

0.520465,0.741392,9.942385,14.915293,0.045754,-0.173188,0.630182,7.868000,27.429686

0.834213,0.504285,10.074111,14.882940,0.079595,-0.099644,0.627784,7.868000,27.429686

0.276173,0.925809,9.427456,14.879999,0.078795,-0.107105,0.598207,7.872000,27.429686

0.189952,1.316197,8.546088,14.909410,0.120630,-0.095114,0.514538,7.868000,27.429686

-0.147745,1.522169,8.282637,14.900587,0.003653,-0.109503,0.500948,7.868000,27.429686

-0.111820,-0.396242,9.444221,14.909410,-0.032586,-0.035693,0.484427,7.864000,27.429686

1.418597,-0.300441,9.551997,14.891764,-0.086944,0.009339,0.409019,7.860000,27.429686

0.728832,2.650223,9.652588,14.903528,0.046554,0.011204,0.400758,7.864000,27.429686

1.684445,0.921019,9.094548,14.924116,0.067871,-0.011445,0.454051,7.860000,27.429686

-0.382457,1.685030,10.414204,14.921175,0.006318,0.026659,0.402091,7.860000,27.429686

0.736017,-0.978232,9.403505,14.921175,-0.019796,-0.016774,0.454051,7.856000,27.429686

-0.803981,3.428604,12.157778,14.929998,0.085723,0.109795,0.490823,7.852000,24.662218

-0.032785,1.864656,10.344748,14.944704,0.162731,0.036785,0.573959,7.848000,24.662218

0.223483,-1.624887,8.332932,14.912352,0.145411,-0.059408,0.543049,7.848000,24.662218

-0.370482,3.699241,10.462104,14.929998,0.300492,0.040515,0.543582,7.844000,24.662218

1.126405,-2.046410,7.801237,14.932940,0.024970,-0.184646,0.554241,7.844000,24.662218

-0.523764,0.477940,10.131592,14.935881,0.050284,0.044512,0.601671,7.840000,24.662218

0.563575,-0.812975,9.808264,14.924116,0.075864,0.016800,0.617659,7.848000,24.662218

-1.036298,1.625154,10.031001,14.918234,0.179785,0.085814,0.593677,7.848000,24.662218

0.130077,-0.386662,8.797565,14.932940,0.026835,-0.020771,0.597940,7.840000,24.662218

-0.420778,0.413275,10.342353,14.944704,0.146477,0.082350,0.561435,7.840000,24.662218

0.283358,0.228858,9.602292,14.921175,0.066005,0.045578,0.561169,7.832000,24.662218

0.264198,0.961734,10.086086,14.924116,0.115034,0.135909,0.491622,7.836000,24.662218

-0.020809,0.140242,9.575947,14.924116,0.072933,0.107397,0.494819,7.824000,24.662218

-0.140560,-0.480068,11.008168,14.950586,0.035362,0.092475,0.463910,7.832000,24.662218

-0.229176,1.043165,9.571157,14.924116,0.102777,0.158025,0.417012,7.828000,24.662218

0.376764,0.925809,8.586803,14.944704,0.076930,0.056236,0.379708,7.820000,24.662218

0.977914,0.113897,9.604687,14.947645,0.050018,0.071425,0.381573,7.824000,24.662218

0.338444,0.410880,9.779524,14.944704,0.116100,0.160423,0.351463,7.816000,24.662218

-0.047155,0.882698,8.902946,14.935881,0.201901,0.106331,0.387435,7.820000,24.662218

-0.190856,-1.476396,9.120893,14.927057,-0.071223,-0.067136,0.449254,7.808000,24.662218

-0.593219,0.662357,11.705119,14.918234,0.091319,0.081284,0.484161,7.816000,24.662218

-0.653095,0.535421,11.125525,14.935881,0.036961,-0.011712,0.511607,7.804000,24.662218

1.133590,0.715047,8.730505,14.924116,0.186979,0.082883,0.553441,7.812000,24.662218

-0.839906,2.106554,8.950847,14.941763,0.208829,0.039716,0.617659,7.808000,21.394000

-0.614774,-3.734899,9.856164,14.915293,-0.122650,-0.219019,0.731172,7.800000,21.394000

-1.881740,1.306617,12.478710,14.950586,-0.034718,0.124184,0.767144,7.804000,21.394000

0.501305,1.004844,10.584250,14.932940,0.130223,0.017866,0.778069,7.792000,21.394000

0.110917,0.389324,9.935200,14.953527,0.112636,-0.026101,0.746627,7.792000,21.394000

0.621056,1.589229,9.271779,14.932940,0.180051,0.034386,0.663757,7.800000,21.394000

-0.358507,1.548514,9.283754,14.950586,0.030832,-0.030897,0.661625,7.792000,21.394000

1.021024,-0.353132,8.735295,14.944704,0.127025,0.004010,0.672017,7.796000,21.394000

0.434244,-0.690829,9.276569,14.935881,0.050018,-0.059142,0.703460,7.780000,21.394000

0.836608,0.774923,9.892090,14.950586,0.075864,0.012803,0.716516,7.780000,21.394000

0.333654,1.059930,9.741203,14.956469,0.207763,-0.012511,0.765279,7.780000,21.394000

-0.686625,0.056417,9.760364,14.938822,0.026835,-0.050882,0.732238,7.780000,21.394000

-0.478258,0.372559,10.493239,14.932940,0.042024,-0.002119,0.772740,7.780000,21.394000

-0.523764,0.216883,10.347143,14.929998,0.112370,-0.015975,0.852679,7.780000,21.394000

0.726437,0.643197,10.052556,14.927057,0.088655,-0.042088,1.009892,7.764000,21.394000

0.113312,1.261111,10.498030,14.935881,0.218688,0.075422,1.061585,7.764000,21.394000

-0.090265,0.540211,9.736413,14.929998,0.087322,-0.016241,1.154847,7.768000,21.394000

-0.315397,0.341424,10.198652,14.924116,0.190976,-0.026101,1.160709,7.760000,21.394000

-0.099845,-0.903986,10.385464,14.927057,0.147010,0.010938,1.137527,7.772000,21.394000

0.436639,0.971314,8.797565,14.927057,0.201368,-0.032496,1.121539,7.764000,21.394000

-1.716483,0.911439,9.470566,14.927057,0.231478,0.097005,1.038936,7.764000,21.394000

-0.262706,-0.266911,10.502819,14.935881,0.117699,0.079152,1.065049,7.768000,21.394000

1.100060,-1.138698,11.099179,14.938822,0.097714,0.035452,1.086633,7.756000,21.394000

0.527650,0.058812,10.057346,14.932940,0.213093,0.185737,1.037337,7.772000,21.394000

-1.163234,0.362979,9.913645,14.927057,0.165929,0.083948,0.970189,7.760000,21.394000

1.888021,-0.587843,10.191467,14.924116,0.098514,-0.028232,0.866002,7.748000,21.394000

0.961149,2.269415,8.996352,14.944704,0.447313,0.201192,0.836424,7.764000,21.394000

-1.268615,0.291129,8.179650,14.950586,0.092385,-0.043154,0.836957,7.752000,21.394000

2.000587,-1.797328,9.144843,14.947645,0.060942,-0.107638,0.945674,7.752000,21.394000

-0.248336,0.178563,11.242881,14.929998,0.256792,0.192132,0.957398,7.760000,21.394000

1.047369,0.693492,9.638218,14.932940,0.189644,0.051174,0.922492,7.748000,17.687548

1.658099,-0.195060,9.532837,14.935881,0.260523,0.020264,0.963261,7.756000,17.687548

0.072596,-0.568683,10.251343,14.924116,0.093184,0.033321,0.985111,7.744000,17.687548

1.294056,0.698282,9.597502,14.941763,0.153139,0.055171,1.095160,7.744000,17.687548

-0.523764,0.976104,9.753179,14.938822,0.219488,0.097005,1.290477,7.740000,17.687548

-0.887806,1.261111,10.974638,14.947645,0.326339,0.153495,1.406654,7.748000,17.687548

-1.261430,0.343819,9.956755,14.927057,0.201102,0.011471,1.420510,7.744000,17.687548

-0.233966,0.135452,9.358000,14.938822,0.200036,0.096206,1.453552,7.752000,17.687548

0.400714,-0.324391,9.968730,14.959410,0.226149,0.027458,1.415714,7.744000,17.687548

1.088085,-0.365107,10.814172,14.938822,0.249065,0.066895,1.414648,7.740000,17.687548

0.846188,-0.348342,10.313613,14.950586,0.239739,0.082083,1.331778,7.748000,17.687548

0.422269,1.258717,10.510005,14.947645,0.385227,0.200393,1.206807,7.748000,17.687548

0.623451,0.427645,9.889694,14.944704,0.222152,0.126050,1.012823,7.740000,17.687548

0.798287,-0.163925,9.659773,14.947645,0.302091,0.198261,0.895579,7.740000,17.687548

1.121615,-0.295651,9.077783,14.932940,0.251730,0.238763,0.683741,7.748000,17.687548

1.497633,0.094737,9.511281,14.959410,0.243469,0.223042,0.496418,7.736000,17.687548

1.169515,1.148546,10.581855,14.941763,0.243736,0.265676,0.435398,7.732000,17.687548

1.258131,-1.864389,8.747270,14.938822,0.295163,0.088745,0.340804,7.728000,17.687548

1.420992,-0.348342,10.282477,14.921175,0.172590,0.189468,0.423408,7.736000,17.687548

-0.269891,0.315079,9.853769,14.947645,-0.030987,0.212383,0.489490,7.728000,17.687548

2.575392,1.766461,9.255014,14.932940,0.378299,0.227305,0.602204,7.732000,17.687548

0.563575,-0.216615,8.512558,14.950586,0.274645,0.133510,0.684541,7.732000,17.687548

-1.235084,0.116292,9.322075,14.944704,0.025237,0.143103,0.777536,7.708000,17.687548

-0.547714,1.392838,9.199929,14.944704,0.106241,0.013069,0.873729,7.712000,17.687548

3.353773,-2.070361,12.380515,14.947645,0.272514,-0.210226,0.926489,7.708000,17.687548

2.692748,-2.611635,11.432087,14.959410,0.255727,-0.117764,1.127135,7.708000,17.687548

0.228273,3.227422,9.834609,14.941763,0.559494,0.194530,1.169236,7.720000,17.687548

-1.682953,3.009476,8.141330,14.953527,0.235475,-0.026367,1.076241,7.716000,17.687548

1.217416,-1.495556,10.220207,14.974117,0.276244,0.140439,1.090097,7.716000,17.687548

-1.062643,0.145033,10.871653,14.965292,0.280774,0.158558,1.165239,7.720000,17.687548

-2.085316,0.145033,10.708791,14.985882,0.308486,0.116190,1.264630,7.720000,17.687548

0.237853,1.577254,8.881392,14.965292,0.380431,0.044512,1.331512,7.724000,17.687548

0.728832,0.525841,9.827424,14.982941,0.391089,0.065296,1.383205,7.720000,16.104678

1.785035,-0.789025,9.978311,15.009411,0.366308,0.037850,1.393597,7.724000,16.104678

1.322797,0.669542,10.083691,15.029999,0.410808,0.156693,1.403723,7.728000,16.104678

1.203046,-0.480068,9.968730,15.021175,0.351120,0.124984,1.328048,7.724000,16.104678

0.556390,0.403695,10.696816,15.032940,0.351387,0.196929,1.235319,7.728000,16.104678

1.382672,-0.036989,9.465776,15.038822,0.400149,0.186270,1.136461,7.736000,16.104678

1.957477,0.813243,9.954360,15.044704,0.346857,0.196129,1.037870,7.736000,16.104678

1.698815,0.025282,9.688513,15.068233,0.382030,0.202258,0.871065,7.724000,16.104678

1.217416,0.882698,10.442944,15.068233,0.413739,0.275269,0.793524,7.724000,16.104678

0.486935,0.121082,9.827424,15.065292,0.385227,0.339486,0.751956,7.732000,16.104678

0.086966,1.249136,10.138777,15.085880,0.391622,0.387183,0.660559,7.724000,16.104678

0.724042,0.190538,10.217813,15.106470,0.362045,0.354141,0.325349,7.728000,16.104678

1.147960,0.899464,9.111313,15.094706,0.187512,0.336821,0.097524,7.728000,16.104678

1.052159,0.906649,9.801079,15.106470,0.157668,0.319235,-0.056491,7.716000,16.104678

2.149078,0.619246,10.215417,15.115294,0.168593,0.298717,0.020250,7.696000,16.104678

2.177819,-0.939911,9.724438,15.118235,0.138750,0.292855,0.138293,7.700000,16.104678

0.300123,0.104317,10.696816,15.127058,0.162731,0.309642,0.168669,7.692000,16.104678

-0.609984,0.734207,9.360395,15.147646,0.108639,0.252086,0.183591,7.692000,16.104678

0.115707,1.292247,8.864626,15.144705,0.119564,0.156959,0.160942,7.680000,16.104678

1.303637,-0.118420,8.984377,15.141764,0.108639,0.180674,0.183858,7.680000,16.104678

1.135985,-0.403427,9.499307,15.138823,0.105442,0.179875,0.256069,7.668000,16.104678

0.343234,0.607271,8.946056,15.165293,0.125426,0.183339,0.349331,7.672000,16.104678

-1.508116,0.839588,9.722043,15.156469,0.104376,0.068227,0.480963,7.660000,16.104678

0.094152,-0.068124,9.760364,15.168234,0.091586,0.045578,0.574225,7.664000,16.104678

0.086966,-0.003459,10.064531,15.177057,0.108906,0.095140,0.677613,7.660000,16.104678

1.234181,-0.293256,10.560300,15.177057,0.081727,0.045578,0.761815,7.652000,16.104678

-0.214806,0.300709,10.165122,15.194704,0.078263,0.093808,0.839355,7.652000,16.104678

0.319283,0.671937,10.775852,15.197645,0.077463,0.033321,0.818305,7.644000,16.104678

0.819842,1.170101,10.222602,15.179998,0.178719,0.111927,0.865202,7.644000,16.104678

2.000587,-0.278886,9.643007,15.188822,0.059877,0.038383,0.880924,7.632000,16.104678

2.230509,-0.108840,10.038186,15.218235,0.273047,0.110595,0.910767,7.640000,16.104678

0.498910,-1.145883,9.211904,15.215292,0.125959,0.150031,0.997101,7.620000,16.104678

-0.111820,0.027677,8.962822,15.232941,0.124094,0.087945,1.054391,7.612000,16.104678

0.300123,0.245623,10.414204,15.230000,0.165662,0.034120,1.002963,7.616000,16.104678

1.121615,-0.207035,9.446616,15.212351,0.136884,0.146567,0.937414,7.600000,16.104678

1.830541,0.267179,9.743598,15.203527,0.126226,0.179875,0.912100,7.608000,16.104678

1.706000,1.064720,9.698093,15.227058,0.225350,0.174812,0.986176,7.608000,14.359458

0.750387,-0.501623,8.967612,15.230000,0.161932,0.094607,0.944875,7.604000,14.359458

-0.214806,-0.836926,9.741203,15.227058,0.148076,0.125250,0.922225,7.580000,14.359458

1.162330,0.058812,10.244158,15.230000,0.093984,0.098604,0.872663,7.584000,14.359458

1.282081,0.291129,9.951965,15.244705,0.203233,0.147633,0.783931,7.576000,14.359458

2.568207,-1.275214,9.856164,15.227058,0.199503,0.127915,0.671484,7.576000,14.359458

1.567089,-0.755495,9.856164,15.244705,0.194174,0.219311,0.515337,7.552000,14.359458

1.842516,-0.578263,9.336445,15.250587,0.142214,0.239030,0.291775,7.532000,14.359458

0.295333,0.446805,9.853769,15.244705,0.162465,0.265942,0.086066,7.524000,14.359458

-0.030389,0.509075,10.167517,15.244705,0.212027,0.263811,-0.047432,7.516000,14.359458

-0.624354,1.071905,9.851375,15.247646,0.163531,0.200126,-0.158280,7.516000,14.359458

1.780245,-0.607004,9.604687,15.247646,0.081460,0.113259,-0.213171,7.496000,14.359458

3.509449,-1.864389,10.545930,15.271175,0.081993,0.196129,-0.188390,7.456000,14.359458

2.604132,-1.612912,10.802197,15.262352,0.052149,0.205189,-0.122308,7.360000,14.359458

2.414926,-1.639257,9.456196,15.259411,0.074799,0.142570,-0.103122,7.216000,14.359458

0.213903,-2.103891,10.742321,15.250587,-0.019263,0.123118,-0.208908,7.068000,14.359458

0.249828,-1.715898,10.174702,15.224117,-0.050439,0.077287,-0.268862,6.876000,14.359458

-0.277076,-1.117143,10.378279,15.238823,0.033763,0.065030,-0.267263,6.736000,14.359458

0.192347,-0.321996,9.906460,15.256470,0.023638,0.012004,-0.199049,6.592000,14.359458

0.288148,-0.616584,9.712463,15.244705,-0.010736,0.000812,-0.106320,6.460000,14.359458

1.780245,-0.664484,9.575947,15.232941,-0.040313,0.027192,0.007193,6.320000,14.359458

1.337167,-0.554313,10.258528,15.250587,0.048419,-0.017041,0.090862,6.184000,14.359458

0.381554,-0.424982,9.492122,15.241764,0.030033,0.047710,0.167604,5.900000,14.359458

1.006654,-0.707594,9.475356,15.235882,0.018308,0.007740,0.231555,5.760000,14.359458

1.231786,-0.628559,9.532837,15.221176,0.016710,0.059967,0.267793,5.628000,14.359458

1.250946,-0.676459,9.441826,15.250587,-0.072022,0.004276,0.250207,5.500000,14.359458

1.969452,-1.086008,9.449011,15.247646,-0.058166,-0.031163,0.207573,5.336000,14.359458

0.949174,0.760553,10.519585,15.247646,0.064140,0.145768,0.182792,5.208000,14.359458

0.664166,0.516261,10.241762,15.256470,0.057478,-0.010912,0.104452,5.072000,14.359458

2.405345,-1.804513,9.271779,15.253529,0.008449,-0.043954,-0.057291,4.948000,14.359458

1.124010,-0.681249,9.801079,15.244705,0.044422,0.020530,-0.221165,4.828000,14.359458

0.750387,1.239557,9.638218,15.232941,0.006051,0.025060,-0.228893,4.700000,14.359458

0.594711,1.251532,10.086086,15.235882,0.042024,0.033854,-0.211040,4.584000,14.359458

0.769547,1.146151,10.009445,15.241764,0.064406,0.037318,-0.203579,4.460000,14.359458

0.386344,1.134176,9.707673,15.247646,0.036961,0.024794,-0.167340,4.336000,14.359458

1.054554,0.830008,9.496911,15.262352,0.033763,0.002944,-0.150819,4.216000,14.359458

2.134708,1.411998,9.278965,15.256470,0.052416,0.059700,-0.103389,4.056000,14.359458

1.222206,2.058653,8.965217,15.250587,0.061209,0.093808,-0.060222,3.940000,14.359458

0.036671,2.556817,9.511281,15.271175,0.046820,0.054904,-0.038105,3.828000,14.359458

0.920433,1.984407,9.350815,15.268234,0.025503,0.061566,-0.031444,3.720000,14.359458

0.072596,1.831126,9.393926,15.250587,0.018575,0.031988,-0.056225,3.596000,14.359458

0.546810,1.694610,9.125683,15.265293,-0.002742,0.013602,-0.042369,3.488000,14.359458

0.149237,1.586834,9.537626,15.271175,0.021240,0.027192,-0.023184,3.388000,14.359458

0.139657,1.538934,9.614267,15.262352,0.012979,-0.015708,0.011989,3.292000,14.359458

0.379159,1.555699,9.362790,15.262352,0.002054,-0.006915,0.078605,3.236000,14.359458

0.142052,1.804781,9.449011,15.247646,0.003920,-0.025035,0.160143,3.188000,14.359458

0.060621,1.694610,9.568762,15.253529,-0.008871,-0.056477,0.213968,3.128000,14.359458

0.508490,1.622760,9.477751,15.265293,-0.003009,-0.072199,0.222228,3.080000,14.359458

0.752782,1.335357,9.492122,15.265293,-0.000877,-0.070333,0.189187,3.040000,14.359458

0.755177,1.404813,9.504096,15.253529,-0.006739,-0.078327,0.124170,2.996000,14.359458

1.114430,1.455108,9.568762,15.256470,-0.017930,-0.071666,0.073009,2.952000,14.359458

1.294056,1.443133,9.520862,15.244705,-0.007272,-0.057277,0.029576,2.912000,14.359458

1.138380,1.558094,9.365185,15.247646,-0.014733,-0.054079,-0.011193,2.868000,14.359458

1.313216,1.546119,9.432246,15.262352,-0.015532,-0.050349,-0.045566,2.824000,14.359458

1.298846,1.498219,9.501701,15.265293,-0.015532,-0.029565,-0.065551,2.784000,14.359458

1.298846,1.481453,9.415481,15.265293,-0.016065,-0.036226,-0.066084,2.744000,14.359458

1.586249,1.352122,9.477751,15.279999,-0.017131,-0.007448,-0.053027,2.692000,14.359458

1.301241,1.316197,9.516071,15.294704,-0.006739,-0.000520,-0.033043,2.648000,14.359458

1.370697,1.191656,9.449011,15.265293,-0.009670,0.016001,-0.020519,2.608000,14.359458

0.704881,1.189261,9.499307,15.271175,-0.001410,0.015468,-0.027980,2.568000,14.359458

0.676141,1.371283,9.468171,15.277058,-0.005140,0.004809,-0.054360,2.528000,14.359458

0.369579,1.483848,9.695698,15.265293,-0.005407,0.010938,-0.085269,2.488000,14.359458

0.245038,1.615574,9.525652,15.268234,-0.010469,-0.009313,-0.094329,2.452000,14.359458

0.338444,1.483848,9.535232,15.268234,-0.018197,-0.021304,-0.072213,2.412000,14.359458

0.465380,1.407208,9.614267,15.277058,-0.017131,-0.037026,-0.048498,2.372000,14.359458

0.716857,1.330567,9.523256,15.265293,-0.016865,-0.049549,-0.036507,2.336000,14.359458

1.068924,1.304222,9.540022,15.271175,-0.003541,-0.038358,-0.016788,2.288000,14.359458

1.071320,1.299432,9.427456,15.279999,-0.004341,-0.027699,0.013322,2.256000,14.359458

0.647401,1.538934,9.470566,15.285881,-0.005407,-0.042621,0.017052,2.220000,14.359458

0.930013,1.510194,9.542417,15.282940,-0.012335,-0.027433,-0.022118,2.168000,14.359458

1.224601,1.388048,9.463381,15.271175,-0.016598,-0.036759,-0.020519,2.132000,14.359458

1.665284,1.196446,9.489726,15.274117,-0.013933,-0.034094,0.006394,2.096000,14.359458

1.770665,1.126991,9.393926,15.282940,0.004186,0.007474,0.033839,2.060000,14.359458

1.128800,1.297037,9.494516,15.285881,0.004186,0.005342,0.025313,2.028000,14.359458

1.313216,1.383258,9.434641,15.294704,-0.000877,0.006941,-0.001067,1.996000,14.359458

0.774337,1.577254,9.547207,15.300587,0.000455,0.016267,-0.024516,1.948000,14.359458

0.764757,1.337752,9.511281,15.282940,-0.003808,0.007474,-0.029046,1.912000,14.359458

0.762362,1.258717,9.575947,15.291763,-0.000877,0.007474,-0.025848,1.876000,14.359458

0.683326,1.330567,9.540022,15.297646,-0.002742,-0.001586,-0.009860,1.844000,14.359458

0.831818,1.361702,9.537626,15.271175,0.004719,-0.007182,0.021849,1.816000,14.359458

0.877323,1.383258,9.475356,15.288822,0.003387,-0.005316,0.047163,1.788000,14.359458

0.580340,1.500613,9.427456,15.303528,0.006851,-0.017307,0.035971,1.752000,14.359458

0.494120,1.565279,9.616662,15.300587,-0.002742,-0.022637,0.008792,1.724000,14.359458

1.159935,1.476663,9.396320,15.288822,-0.008871,-0.024235,0.010124,1.696000,14.359458

0.819842,1.572464,9.446616,15.312351,-0.003009,-0.015176,0.030109,1.664000,14.359458

1.076110,1.366493,9.566367,15.303528,-0.007272,-0.033828,0.029043,1.636000,14.359458

1.023419,1.431158,9.439431,15.297646,-0.001943,-0.014909,0.019184,1.600000,14.359458

1.097665,1.416788,9.480146,15.309410,-0.006206,-0.023969,0.011190,1.580000,14.359458

1.205441,1.352122,9.540022,15.306469,-0.005673,-0.013310,0.011989,1.548000,14.359458

1.298846,1.320987,9.444221,15.309410,-0.002476,-0.012244,0.010657,1.520000,14.359458

1.167120,1.407208,9.480146,15.312351,0.000455,0.001079,0.013322,1.492000,14.359458

1.092875,1.491034,9.484936,15.306469,-0.000344,-0.003984,0.007993,1.460000,14.359458

1.049764,1.428763,9.520862,15.312351,-0.000877,0.006408,-0.001334,1.440000,14.359458

0.973124,1.354517,9.439431,15.309410,-0.004607,0.004010,-0.017321,1.408000,14.359458

1.056949,1.309012,9.511281,15.312351,-0.003541,0.007474,-0.021052,1.388000,14.359458

0.946778,1.306617,9.499307,15.312351,-0.000877,0.013069,-0.018920,1.360000,14.359458

0.896483,1.376073,9.472961,15.324116,0.000988,0.001878,-0.008262,1.332000,14.359458

0.985099,1.388048,9.587922,15.318233,-0.001410,0.009073,0.000532,1.312000,14.359458

0.848583,1.486243,9.487331,15.327057,0.003387,0.009339,0.000532,1.292000,14.359458

1.104850,1.380862,9.477751,15.309410,-0.004341,0.001878,0.012522,1.264000,14.359458

1.068924,1.481453,9.583132,15.329998,0.004719,0.014935,0.015453,1.244000,14.359458

0.906063,1.524564,9.456196,15.329998,-0.000344,0.008540,0.005594,1.228000,14.359458

0.824632,1.553304,9.463381,15.303528,-0.002742,0.006941,-0.005864,1.208000,14.359458

0.865348,1.534144,9.590317,15.324116,-0.007538,-0.000520,-0.020519,1.192000,14.359458

1.061739,1.323382,9.468171,15.312351,-0.005140,0.005609,-0.024516,1.176000,14.359458

0.913248,1.323382,9.506492,15.321175,-0.001410,0.003210,-0.026381,1.164000,14.359458

0.951569,1.364097,9.458591,15.335880,-0.004074,-0.001586,-0.031977,1.144000,14.359458

1.013839,1.450318,9.492122,15.341763,-0.004607,-0.001852,-0.034375,1.132000,14.359458

1.042579,1.402418,9.506492,15.353529,-0.004074,0.004276,-0.027713,1.124000,14.359458

0.800682,1.409603,9.489726,15.329998,-0.001676,0.004010,-0.021318,1.112000,14.359458

0.743202,1.383258,9.549602,15.350588,-0.004607,-0.004517,-0.024516,1.100000,14.359458

0.805472,1.421578,9.477751,15.332939,-0.001410,-0.002385,-0.012792,1.088000,14.359458

0.841398,1.440738,9.549602,15.356470,-0.002742,-0.006116,0.009325,1.084000,14.359458

0.676141,1.507799,9.393926,15.356470,-0.001943,-0.003718,0.024780,1.072000,14.359458

1.112035,1.507799,9.544811,15.350588,-0.007005,-0.017307,0.018118,1.060000,14.359458

0.985099,1.469478,9.415481,15.335880,-0.001943,-0.014110,0.021849,1.052000,14.359458

1.145565,1.376073,9.559182,15.347647,-0.004074,-0.009580,0.008525,1.044000,14.359458

0.757572,1.416788,9.444221,15.371176,-0.003275,-0.009846,-0.003998,1.036000,14.359458

0.841398,1.455108,9.551997,15.365294,-0.007005,-0.017307,-0.002133,1.028000,14.359458

1.064134,1.476663,9.458591,15.356470,-0.004874,-0.015442,0.010124,1.024000,14.359458

1.066530,1.500613,9.405901,15.344706,-0.003275,-0.013577,0.026378,1.020000,14.359458

1.238971,1.388048,9.544811,15.356470,-0.007005,-0.012777,0.022914,1.016000,14.359458

1.250946,1.280272,9.434641,15.374117,-0.007005,-0.001852,0.003729,1.008000,14.359458

1.042579,1.316197,9.525652,15.362352,-0.003808,-0.002652,-0.021851,1.008000,14.359458

1.052159,1.354517,9.537626,15.353529,-0.005140,0.001612,-0.048498,1.000000,14.359458

0.977914,1.409603,9.456196,15.356470,-0.003541,0.010938,-0.046366,0.996000,14.359458

0.779127,1.507799,9.609477,15.365294,-0.002476,-0.004251,-0.015989,0.996000,14.359458

0.846188,1.507799,9.439431,15.365294,-0.004074,-0.002652,0.005861,0.992000,14.359458

0.798287,1.471873,9.571157,15.362352,-0.002209,-0.010646,0.015187,0.984000,14.359458

1.124010,1.344937,9.508886,15.356470,-0.006206,-0.007715,0.020783,0.984000,14.359458

0.915643,1.368887,9.398716,15.356470,-0.001410,-0.001320,0.029310,0.980000,14.359458

0.740807,1.402418,9.520862,15.368235,-0.002742,-0.007981,0.029043,0.980000,14.359458

0.894088,1.500613,9.530441,15.377058,-0.002209,-0.017041,0.015986,0.976000,14.359458

0.896483,1.546119,9.449011,15.356470,-0.007805,-0.016774,0.003463,0.972000,14.359458

1.107245,1.380862,9.583132,15.368235,-0.007005,-0.019173,0.013055,0.968000,14.359458

1.102455,1.275482,9.482541,15.368235,-0.007538,-0.015708,0.018918,0.964000,14.359458

