ax,ay,az,gx,gy,gz,temp,volt,vel

0.130077,1.028795,9.657377,15.350588,-0.010469,0.015468,-0.114847,0.860000,0.000000

-0.008834,0.956944,9.573552,15.374117,-0.008871,0.004809,-0.168939,0.860000,0.000000

-0.444728,1.007240,9.681328,15.374117,-0.008604,0.007474,-0.210507,0.860000,0.000000

-0.621959,1.318592,9.525652,15.385881,-0.004607,0.024527,-0.242749,0.860000,0.000000

-0.468678,1.028795,9.542417,15.388823,0.002587,-0.043421,-0.336810,0.860000,0.000000

-0.521369,1.105435,9.566367,15.400587,0.005252,-0.041022,-0.440464,0.864000,0.000000

-0.595614,1.541329,9.384345,15.412352,0.000189,-0.058609,-0.459649,0.864000,0.000000

-0.974027,-0.149555,9.939990,15.424116,-0.036050,-0.033295,-0.123640,0.864000,0.000000

-0.439938,-0.156740,9.415481,15.421175,0.015111,-0.116698,-0.206510,0.864000,0.000000

0.582735,0.475545,9.604687,15.432940,0.060410,-0.077261,-0.178531,0.868000,0.000000

-0.552504,1.201236,9.501701,15.424116,0.015910,-0.094848,-0.224629,0.868000,0.000000

-0.612379,1.982013,9.492122,15.429998,0.056946,-0.104707,-0.224896,0.868000,0.000000

0.920433,2.367611,9.326865,15.441763,0.065739,-0.074064,-0.235821,0.864000,0.000000

-0.375272,2.087393,9.432246,15.456469,0.033230,-0.071666,-0.368253,0.868000,0.000000

0.022301,2.413116,8.953242,15.453527,0.001255,-0.066603,-0.422611,0.868000,0.000000

-0.399222,2.032308,9.269384,15.468235,-0.008871,-0.065271,-0.414350,0.868000,0.000000

-0.787216,2.590347,9.410690,15.462351,-0.029921,-0.065537,-0.408222,0.868000,0.000000

-0.689020,3.598651,9.652588,15.456469,0.015644,-0.107638,-0.438332,0.876000,0.000000

-0.078290,3.510035,9.975915,15.485882,0.062808,-0.098045,-0.387704,0.956000,0.000000

-0.732130,3.579490,9.690907,15.488823,0.015644,-0.056744,-0.259802,1.360000,0.000000

0.252223,2.880145,9.528047,15.482941,0.048685,-0.090318,-0.165475,1.600000,0.000000

0.769547,2.432276,9.827424,15.485882,0.024704,-0.077261,-0.060222,1.812000,0.000000

0.879718,-1.016552,9.686118,15.512352,-0.087211,-0.014909,-0.030645,1.760000,0.000000

0.870138,-1.909894,10.042975,15.506470,-0.114656,-0.080459,0.054091,1.716000,0.000000

0.973124,-2.285912,10.105247,15.506470,-0.021128,-0.025568,0.065548,1.668000,0.000000

0.989889,-1.814093,9.592712,15.506470,-0.033385,-0.012777,0.060752,1.624000,0.000000

1.121615,-0.321996,9.403505,15.506470,-0.005673,-0.007448,-0.024249,1.584000,0.000000

-0.315397,0.585716,9.489726,15.512352,0.022305,-0.035160,-0.122841,1.544000,0.000000

-0.183671,2.353240,9.245434,15.527058,0.004719,0.028524,-0.210507,1.504000,0.000000

-0.564479,2.149664,9.240644,15.506470,0.035362,-0.058875,-0.157747,1.464000,0.000000

-1.472191,3.375914,9.252620,15.521175,0.043889,-0.014643,-0.092464,1.428000,0.000000

-1.235084,2.827454,9.120893,15.541763,0.017243,-0.109770,-0.066084,1.384000,0.000000

-0.430358,2.463411,8.680209,15.529999,0.026302,-0.021571,0.002397,1.348000,0.000000

0.288148,3.002291,8.605964,15.529999,0.078529,-0.102042,0.016786,1.316000,0.000000

-0.454308,4.539894,8.651469,15.541763,-0.004607,-0.025035,-0.037573,2.196000,0.000000

2.115548,0.803663,9.346025,15.541763,-0.013933,-0.145742,0.079138,3.156000,0.000000

-0.099845,-0.781840,11.391372,15.532940,-0.005673,-0.067935,-0.095661,3.076000,0.000000

2.084413,-0.463302,10.330379,15.544704,-0.016865,-0.038091,0.029576,3.004000,0.000000

0.460589,-1.102773,10.040581,15.562351,0.042557,-0.013044,0.138293,2.932000,0.000000

-0.404013,-1.572196,10.430969,15.547646,0.074266,-0.030630,0.096725,2.864000,0.000000

0.724042,-1.885944,9.420271,15.556469,0.020440,-0.062073,0.092728,2.804000,0.000000

0.886903,1.191656,10.122011,15.553528,0.041224,-0.003185,0.054623,2.724000,0.000000

1.919157,1.919742,10.047766,15.547646,-0.014733,0.015734,-0.026648,2.664000,0.000000

0.542020,1.761671,9.654983,15.556469,-0.013134,0.055703,-0.079940,2.604000,0.000000

-0.257916,0.834798,9.765154,15.559410,-0.031786,0.032788,-0.149753,2.540000,0.000000

-1.237479,0.061207,9.896879,15.571175,0.009782,-0.009580,-0.196651,2.488000,0.000000

-0.643515,1.124595,9.441826,15.556469,0.035362,-0.034094,-0.186792,2.432000,0.000000

-0.851881,1.570069,9.360395,15.577057,0.039892,-0.076462,0.019717,2.340000,0.000000

0.108522,1.526959,8.356882,15.577057,0.061742,-0.111369,0.143355,2.276000,0.000000

0.589921,3.977064,9.470566,15.562351,-0.072822,-0.107905,0.196648,2.220000,0.000000

-0.861461,0.391720,8.160490,15.577057,-0.115722,0.068227,0.273123,2.164000,0.000000

3.099901,2.966366,8.498188,15.579998,0.019641,0.006941,0.312559,2.100000,0.000000

0.503700,1.577254,6.289979,15.582939,-0.101067,0.272604,0.411417,2.044000,0.000000

3.480709,0.267179,9.451406,15.582939,-0.255082,-0.218753,0.500682,1.988000,0.000000

-0.226781,0.042047,7.449169,15.594706,-0.004874,0.292056,0.711720,1.940000,0.000000

0.661771,-0.892011,9.463381,15.606470,-0.068292,0.069027,0.772740,1.888000,0.000000

2.402951,1.038375,8.711345,15.582939,-0.102133,0.197195,0.939812,1.840000,0.000000

-1.512907,-0.654904,10.083691,15.603529,-0.100534,0.135642,0.630982,1.788000,0.000000

0.300123,0.482730,9.252620,15.603529,-0.087211,0.060233,0.434332,1.740000,0.000000

1.708395,2.257440,7.537785,15.597647,-0.014466,0.097005,0.110314,1.696000,0.000000

2.089203,4.410563,9.319680,15.606470,-0.054436,0.141238,-0.084736,2.016000,0.000000

0.316888,2.987921,7.858717,15.615294,-0.010469,0.233434,-0.171603,3.648000,0.000000

-1.306935,0.647987,9.860954,15.621176,-0.018996,0.140705,-0.361058,3.840000,0.000000

-0.660280,3.965089,9.813054,15.621176,-0.025924,0.156959,-0.571563,4.320000,0.000000

-1.074618,1.965247,8.943662,15.609411,-0.051238,0.076221,-0.785799,4.732000,0.000000

0.762362,2.329290,9.971126,15.615294,-0.116522,0.037318,-0.909971,4.808000,0.000000

-0.322582,2.077813,9.499307,15.600588,-0.171679,0.082350,-0.871067,5.056000,0.000000

-1.989516,1.838311,10.694421,15.615294,0.014578,0.035985,-0.715453,5.364000,0.000000

-0.480653,0.612061,8.201205,15.618235,-0.014200,-0.096447,-0.492158,5.176000,0.000000

-1.108148,2.518497,9.928015,15.621176,-0.023793,-0.031163,-0.273925,5.612000,0.000000

-1.306935,2.676568,9.187954,15.621176,-0.060298,0.024794,-0.012259,5.936000,0.000000

1.976637,2.784344,8.033554,15.647646,0.054547,-0.047418,0.322685,6.936000,0.000000

-3.282826,0.628826,8.967612,15.627058,-0.053636,-0.010113,0.467107,7.008000,0.000000

-2.655331,-1.325510,11.024934,15.632940,0.097981,-0.045286,0.398893,6.980000,0.000000

0.977914,-0.851296,8.833491,15.632940,0.059610,-0.093249,0.252339,6.760000,0.000000

-0.550109,0.909044,11.767390,15.644705,0.036694,0.037850,0.609398,6.872000,0.000000

-0.830326,1.069510,9.319680,15.629999,0.110771,-0.069001,0.439662,7.096000,0.000000

-1.467401,3.090906,6.414521,15.638823,-0.126647,-0.052214,0.227558,7.148000,0.000000

-0.643515,1.850286,12.706238,15.618235,0.052682,-0.179316,0.189720,7.144000,0.000000

-0.119005,1.764066,8.194020,15.624117,-0.029388,-0.027166,0.227291,7.124000,2174.418945

-1.007557,0.025282,11.008168,15.647646,-0.143701,-0.121761,0.383705,7.132000,2174.418945

0.977914,-2.020065,9.999866,15.653528,0.021240,-0.213424,0.447922,6.948000,2174.418945

1.612594,1.385653,9.358000,15.641764,-0.046708,-0.084189,0.688538,6.924000,2174.418945

-0.123795,0.552186,9.686118,15.641764,0.118232,-0.122293,1.044532,6.736000,2174.418945

-1.017138,-0.125605,11.032119,15.659410,0.130223,0.021596,1.129000,6.956000,2174.418945

-0.835116,1.917347,9.506492,15.650587,0.036428,-0.061807,1.036005,7.076000,2174.418945

-2.231412,-1.303954,8.562854,15.653528,-0.030188,-0.187044,0.790859,7.084000,2174.418945

2.493961,5.241634,8.749665,15.650587,0.047619,-0.003451,0.754887,7.148000,2174.418945

-2.521210,0.949759,10.591435,15.659410,-0.203122,0.039449,0.788195,7.116000,2174.418945

-1.294960,1.297037,10.466894,15.653528,0.039625,-0.213690,0.826832,7.128000,2174.418945

-0.073500,1.883817,7.197692,15.650587,-0.078151,-0.140413,0.855343,7.136000,2174.418945

-0.418383,-0.994997,11.647639,15.641764,0.181916,-0.084989,1.241714,7.132000,2174.418945

0.970729,1.196446,11.982942,15.647646,0.073200,-0.023702,1.183359,7.152000,2174.418945

1.701210,2.058653,6.656418,15.656469,-0.086145,-0.159065,1.386137,7.176000,2174.418945

-0.746500,0.616851,13.259487,15.656469,0.179518,-0.074064,1.431702,7.192000,2174.418945

-0.346532,-1.967375,6.613307,15.650587,-0.120785,-0.120428,1.596109,7.204000,2174.418945

-1.436266,1.819151,10.993798,15.668234,-0.086944,-0.090584,1.566265,7.216000,2174.418945

0.407899,-2.659535,11.271621,15.659410,-0.001410,-0.078061,1.488192,7.224000,2174.418945

2.398160,2.118529,7.528205,15.653528,0.013512,-0.040223,1.459147,7.248000,2174.418945

-3.414552,-4.185163,12.461946,15.665293,0.036428,-0.142278,1.337107,7.220000,2174.418945

2.941830,0.075577,10.095666,15.647646,0.038826,-0.010646,1.290210,7.252000,2174.418945

1.492843,2.489757,7.073151,15.662352,-0.028322,-0.154535,0.789261,7.244000,2174.418945

0.125287,-2.046410,10.141171,15.671175,-0.072822,-0.146808,0.795922,7.220000,2174.418945

3.241207,-1.253659,9.386741,15.682940,-0.036583,-0.082591,0.928620,7.252000,2174.418945

-1.999095,-2.455959,10.627360,15.668234,0.063874,0.061832,0.919561,7.244000,2174.418945

1.974242,1.162916,8.407177,15.674116,-0.006206,0.010138,0.876660,7.248000,2174.418945

-1.000372,0.336634,12.835568,15.682940,-0.062696,0.038117,0.711720,7.260000,2174.418945

3.224442,-0.836926,9.640613,15.671175,0.169926,-0.074863,0.868400,7.256000,2174.418945

-1.036298,-3.246315,10.327983,15.694704,-0.133042,-0.145209,0.951803,7.200000,2174.418945

2.168238,-0.453722,8.627519,15.677057,0.172857,0.004276,1.070378,7.204000,2174.418945

2.414926,0.561766,10.038186,15.688822,0.185913,0.094074,0.775671,7.240000,2174.418945

4.599184,1.948482,3.063888,15.697645,0.294630,0.166818,0.100721,7.312000,2174.418945

1.962267,7.758800,12.370934,15.694704,0.508067,0.546527,-0.047965,7.348000,2174.418945

-2.708021,-1.545851,9.851375,15.688822,-0.159688,0.125783,0.260332,7.356000,2174.418945

1.832936,5.885894,2.067560,15.703527,0.922416,0.243559,0.245944,7.388000,2174.418945

1.097665,0.142637,15.597026,15.691763,-0.389113,-0.228079,0.383705,7.356000,2174.418945

3.018471,-6.034118,9.995075,15.691763,0.715108,0.436212,0.902507,7.360000,9.098679

3.447179,-3.667839,7.197692,15.691763,-0.236163,-0.088719,0.802051,7.320000,9.098679

-0.806376,5.028478,12.629597,15.679998,0.482753,0.237164,0.511340,7.320000,9.098679

0.506095,-1.373410,6.175019,15.691763,0.474226,0.334423,0.119907,7.324000,9.098679

-1.524882,-1.818883,14.993481,15.679998,0.059610,0.254751,-0.319756,7.316000,9.098679

0.877323,-1.287189,8.342512,15.688822,0.013246,0.245691,-0.070347,7.324000,9.098679

-0.535739,-0.892011,15.017431,15.685881,-0.173012,-0.018906,0.274189,7.308000,9.098679

1.150355,-1.529086,5.135580,15.682940,0.217356,0.206255,0.450054,7.316000,9.098679

-1.520092,-3.284636,14.095348,15.679998,0.166462,-0.041822,0.267527,7.320000,9.098679

-0.571664,0.370164,9.449011,15.659410,0.329537,0.171615,0.249674,7.328000,9.098679

-0.159721,-1.153068,7.509045,15.668234,0.271714,0.011204,0.407953,7.300000,9.098679

0.640216,2.513707,10.663286,15.679998,0.203500,-0.046885,0.660026,7.324000,9.098679

2.280804,-0.048964,8.886181,15.665293,0.153671,-0.001852,0.758617,7.304000,9.098679

-1.450636,-1.605727,13.647480,15.671175,0.020973,-0.071133,0.628051,7.308000,9.098679

-3.079249,0.645592,9.767549,15.691763,0.191509,-0.047684,0.431668,7.344000,9.098679

3.519030,1.304222,5.873246,15.688822,0.160333,-0.452441,0.563034,7.324000,9.098679

0.793497,-2.058385,12.095508,15.682940,0.196039,-0.061540,1.043999,7.324000,9.098679

0.486935,2.712493,6.687553,15.682940,0.271181,0.032521,1.344568,7.332000,9.098679

-1.920060,3.054981,9.738809,15.685881,0.286903,-0.202765,1.282483,7.328000,9.098679

-1.589547,-2.788867,9.061018,15.685881,0.179518,-0.079393,1.058121,7.340000,9.098679

0.623451,0.980894,9.013118,15.691763,0.261322,-0.074330,0.980048,7.356000,9.098679

1.502423,0.413275,10.596226,15.674116,0.216823,-0.006649,0.658694,7.352000,9.098679

0.812657,-0.844111,12.711027,15.668234,0.149408,-0.099911,0.238483,7.356000,9.098679

3.042421,0.659962,4.053031,15.682940,0.415870,0.055171,0.232620,7.376000,9.098679

1.907181,1.359308,9.250224,15.677057,0.573083,0.045311,0.073276,7.360000,9.098679

3.588485,4.496783,7.123446,15.682940,0.462235,0.015468,0.084734,7.392000,9.098679

-2.078131,0.374954,10.919553,15.685881,-0.753900,0.280331,0.162807,7.364000,9.098679

2.958595,5.713453,9.930409,15.703527,0.374835,0.100736,0.508409,7.380000,9.098679

-0.449518,-1.926659,13.932487,15.679998,-0.128779,0.093008,0.601138,7.360000,12.199138

-2.473310,5.917030,1.940624,15.691763,0.031099,0.434613,0.754887,7.368000,12.199138

3.519030,-0.635744,14.224680,15.691763,-0.848228,-0.192640,0.553175,7.348000,12.199138

0.491725,-1.948215,10.248947,15.706469,0.076131,-0.018107,1.130599,7.328000,12.199138

4.235140,0.430040,7.101892,15.697645,0.005252,-0.139081,1.622489,7.328000,12.199138

-1.627867,1.050350,11.290781,15.712351,0.114501,0.361336,2.077074,7.360000,12.199138

-1.060248,1.546119,6.661208,15.694704,-0.271336,-0.152670,2.063484,7.336000,12.199138

0.300123,-0.453722,8.385622,15.694704,0.051083,-0.209693,1.742130,7.368000,12.199138

-4.130663,3.047796,13.441508,15.709410,0.137151,0.479112,1.174299,7.388000,12.199138

3.353773,2.106554,5.863666,15.706469,0.284505,0.190001,0.847349,7.396000,12.199138

1.947897,1.986803,7.207272,15.715292,0.054014,0.349878,0.850280,7.392000,12.199138

-0.921337,4.221356,12.327825,15.712351,0.214958,0.474849,0.551310,7.408000,12.199138

-0.918942,-2.156581,13.611555,15.712351,0.432125,0.373593,0.324284,7.420000,12.199138

2.055673,0.439620,8.953242,15.694704,0.139549,0.552123,-0.044234,7.428000,12.199138

0.364789,5.136253,5.051754,15.697645,-0.157290,0.470586,-0.457251,7.408000,12.199138

6.299647,1.943692,7.568920,15.712351,0.055080,0.147899,-0.437266,7.396000,12.199138

0.348024,-2.386503,10.040581,15.721176,-0.020861,0.394111,-0.480433,7.380000,12.199138

-4.171378,-0.968652,13.029565,15.703527,-0.644917,-0.069800,-0.664825,7.368000,12.199138

3.645966,-1.488371,11.927856,15.724117,0.109705,0.220377,-0.744498,7.376000,12.199138

2.405345,2.889725,11.741045,15.709410,0.212560,0.507890,-0.428207,7.380000,12.199138

2.022142,0.259993,8.167675,15.703527,-0.002476,0.106331,-0.255805,7.364000,12.199138

2.340680,0.394115,17.204084,15.715292,-0.102932,0.023461,-0.147355,7.372000,12.199138

1.456918,-2.889457,6.577382,15.718235,0.315947,0.360803,0.118042,7.404000,12.199138

-4.075578,0.983289,11.970966,15.724117,0.206697,-0.062339,-0.140161,7.388000,12.199138

1.442548,-3.258290,6.531877,15.727058,0.181916,-0.114033,-0.055958,7.388000,12.199138

-1.441056,5.641603,8.653864,15.703527,0.509665,0.360803,0.247809,7.412000,13.821652

-1.932035,3.265743,7.818002,15.730000,-0.215113,-0.153203,0.436198,7.396000,13.821652

-0.887806,4.396193,6.527087,15.730000,0.564290,0.385051,0.774605,7.420000,13.821652

-1.242269,8.910804,10.478869,15.718235,-0.181805,-0.009846,0.794590,7.424000,13.821652

0.462985,-0.987812,12.766113,15.735882,-0.077352,0.302448,0.958997,7.432000,13.821652

0.427059,14.040936,8.488607,15.744705,0.718572,0.888399,0.765013,7.460000,13.821652

-6.928046,3.019056,15.352734,15.724117,-0.967603,0.434613,0.461512,7.448000,13.821652

0.879718,-2.887062,9.365185,15.753529,-0.099468,0.277933,0.006394,7.452000,13.821652

-5.771251,3.830968,10.450130,15.732941,-0.096004,0.499630,-0.195585,7.448000,13.821652

-3.615734,-1.129118,12.823593,15.724117,-0.828509,-0.234474,-0.451655,7.436000,13.821652

0.472565,0.547396,10.751902,15.724117,-0.234564,0.167884,-0.440464,7.436000,13.821652

3.195702,0.988079,8.330537,15.712351,0.002587,0.109529,-0.277122,7.432000,13.821652

3.677101,-6.491567,10.155541,15.741764,-0.419756,-0.093782,-0.312828,7.416000,13.821652

-2.111661,2.362821,7.779682,15.738823,-0.061630,0.111661,-0.577958,7.436000,13.821652

0.997074,2.978341,10.680051,15.747646,-0.135174,0.020264,-0.396231,7.436000,13.821652

2.000587,3.522010,6.270820,15.741764,0.248266,-0.035960,-0.714920,7.444000,13.821652

-0.827931,5.782908,11.429692,15.741764,-0.201790,-0.025834,-0.566234,7.448000,13.821652

0.467775,3.969878,7.827582,15.744705,0.202168,0.284595,-0.525199,7.440000,13.821652

1.523978,0.157008,8.246711,15.727058,0.437454,0.023195,-0.600341,7.464000,13.821652

0.482145,0.944969,11.429692,15.741764,-0.125848,-0.177984,-0.354929,7.464000,13.821652

1.356327,2.717283,10.289662,15.738823,0.507534,-0.244866,0.212902,7.480000,17.112547

0.860558,2.928045,8.074269,15.721176,0.028168,0.026126,0.673882,7.480000,17.112547

2.728673,-0.642929,13.669035,15.738823,0.189377,-0.080459,1.220130,7.480000,17.112547

-1.235084,5.215289,7.509045,15.727058,0.586673,0.308843,1.111147,7.504000,17.112547

-0.796796,-4.261803,7.154582,15.747646,0.037494,-0.046352,0.845218,7.496000,17.112547

1.950292,0.468360,9.228669,15.741764,-0.397373,0.019198,0.653365,7.496000,17.112547

-4.295919,-5.765875,16.001783,15.759411,0.256526,0.196396,0.345068,7.508000,17.112547

-5.900582,-1.406940,3.212380,15.741764,-0.103465,-0.102309,0.167071,7.512000,17.112547

-3.792965,-5.816171,7.475514,15.738823,-0.024858,-0.235007,0.362121,7.508000,17.112547

-2.365534,-0.089679,13.977993,15.741764,0.194174,0.098071,0.234219,7.504000,17.112547

1.792220,-3.907341,12.986455,15.741764,0.424397,-0.107905,0.358924,7.508000,17.112547

2.321520,2.049073,8.050320,15.730000,0.073200,0.082616,0.433267,7.516000,17.112547

-0.145350,-6.304755,11.578183,15.741764,-0.081615,-0.202765,0.377310,7.508000,17.112547

-1.752409,-2.652350,11.824870,15.747646,-0.128512,0.179076,-0.029046,7.504000,17.112547

-4.403695,-5.437758,13.417559,15.727058,-0.999045,-0.098578,-0.122841,7.508000,17.112547

-2.727181,4.214171,14.643808,15.750587,0.179252,0.504959,-0.338675,7.516000,17.112547

-1.460216,-2.970888,3.538102,15.765293,-0.066693,0.005076,-0.442329,7.516000,17.112547

2.584972,1.541329,2.874682,15.750587,-0.112791,-0.204897,-0.365854,7.496000,21.199010

2.719093,-2.784076,14.404306,15.759411,0.135019,0.263544,-0.300305,7.500000,21.199010

-0.360902,-5.792221,3.298600,15.747646,-0.367796,-0.318410,-0.483098,7.500000,21.199010

-0.463888,-2.774496,9.975915,15.750587,-0.336620,-0.174520,0.019450,7.492000,21.199010

-3.788175,1.550909,14.246235,15.750587,-0.350476,0.173746,-0.146023,7.496000,21.199010

-0.763265,2.434671,7.209667,15.756470,0.190710,0.087146,-0.183860,7.488000,21.199010

0.704881,7.497743,9.355605,15.741764,0.183782,0.222775,-0.033309,7.492000,21.199010

-0.396827,7.104959,2.992038,15.738823,0.283172,0.407167,-0.002666,7.488000,21.199010

0.779127,-2.705041,8.725715,15.747646,-0.036583,-0.081791,-0.323753,7.496000,21.199010

1.679655,-4.592316,14.052238,15.744705,-0.168748,-0.072998,-0.435135,7.492000,21.199010

2.410136,-5.586249,10.306428,15.738823,-0.017664,0.061299,-0.643775,7.492000,21.199010

-4.657568,9.650866,17.012482,15.738823,-0.176476,-0.290431,-0.849217,7.496000,21.199010

0.149237,-0.252541,12.938555,15.756470,-0.431747,-0.148940,-0.710390,7.492000,21.199010

-0.672255,5.660763,10.881232,15.753529,0.700452,0.092742,-0.628853,7.500000,21.199010

0.328863,3.237003,13.360078,15.756470,-0.294252,-0.182514,-0.419946,7.504000,21.199010

0.204322,-1.969770,5.571474,15.732941,-0.118120,-0.519855,-0.140960,7.508000,21.199010

-0.351322,-0.595029,13.465459,15.741764,-0.120518,-0.103108,0.202510,7.504000,21.199010

-1.266220,-2.975678,6.000182,15.762352,-0.277198,-0.363708,0.219830,7.520000,21.199010

-2.375113,1.689820,12.265553,15.750587,-0.669698,-0.326137,0.418611,7.516000,19.305784

-3.201395,5.081168,16.746635,15.753529,0.323142,0.034386,0.461245,7.520000,19.305784

0.352814,8.726388,8.747270,15.759411,-0.090941,0.349612,0.491089,7.528000,19.305784

1.969452,1.471873,18.365669,15.741764,-0.073355,-0.036493,0.391965,7.532000,19.305784

-1.979935,-0.386662,1.368215,15.756470,-0.127180,0.115125,0.071144,7.536000,19.305784

-5.126991,4.733890,13.070280,15.759411,-0.137306,-0.082857,-0.044234,7.528000,19.305784

0.489330,0.717442,12.672708,15.759411,0.713776,0.537734,0.001065,7.548000,19.305784

2.972965,-6.584972,6.376200,15.753529,-0.085878,-0.628572,0.064216,7.540000,19.305784

4.477037,3.529195,4.749982,15.744705,1.258425,0.321899,0.411150,7.552000,19.305784

5.832618,-4.451010,4.721242,15.753529,-0.582031,-0.311748,0.677879,7.544000,19.305784

-2.444569,0.497100,10.306428,15.753529,0.259191,0.251287,0.270991,7.540000,19.305784

-1.618287,2.633458,11.781760,15.744705,0.151007,0.375725,0.005861,7.548000,19.305784

1.581459,-9.049447,0.925136,15.735882,-0.164751,-0.462833,-0.429006,7.544000,19.305784

-3.527118,-1.474001,18.042341,15.735882,-0.474114,-0.108437,-0.371450,7.536000,19.305784

-2.849328,5.339830,6.500741,15.732941,-0.412828,0.397042,-0.484963,7.540000,19.305784

-3.414552,-3.413967,14.672548,15.750587,-0.285459,-0.189176,-0.392767,7.536000,21.822478

2.072438,-1.598542,7.894643,15.744705,-0.341949,-0.178784,-0.137496,7.536000,21.822478

-0.095055,-1.035712,11.877561,15.738823,-0.092007,-0.030897,-0.106320,7.544000,21.822478

-0.950077,2.537657,11.199770,15.747646,0.041491,0.095406,-0.103922,7.540000,21.822478

-2.377509,7.655814,9.326865,15.747646,0.058278,0.200659,-0.241683,7.552000,21.822478

-2.193092,-0.544733,13.355288,15.741764,-0.448534,0.098337,-0.205710,7.544000,21.822478

-0.681835,2.005963,4.726032,15.762352,-0.136240,0.025060,-0.449257,7.544000,21.822478

1.011444,-0.005854,16.032919,15.753529,-0.183137,-0.174520,-0.041836,7.540000,21.822478

-0.686625,-2.606845,8.795171,15.756470,0.478489,0.165220,-0.251542,7.552000,21.822478

-1.759594,5.670343,12.442785,15.741764,0.319944,0.008273,-0.405024,7.556000,21.822478

3.698656,-1.866784,9.288545,15.762352,-0.637456,-0.627240,-0.342139,7.552000,21.822478

-3.215765,1.261111,14.428257,15.738823,0.173123,0.295253,-0.426608,7.552000,21.822478

4.048329,-7.806432,9.156818,15.759411,-0.326494,-0.815362,-0.418081,7.552000,21.822478

1.080899,0.734207,7.554550,15.756470,0.556829,-0.276842,-0.287781,7.552000,21.822478

0.810262,2.877750,8.814330,15.759411,-0.351541,-0.357313,-0.184127,7.556000,21.822478

0.999469,4.276442,6.711503,15.744705,0.197638,-0.407408,-0.146556,7.552000,21.822478

-2.542765,9.018580,10.799802,15.732941,0.561625,0.182273,-0.082338,7.560000,21.485428

3.916603,-2.642770,12.076347,15.735882,-0.219642,-0.304554,0.413815,7.568000,21.485428

-0.387247,-4.288148,7.094706,15.750587,0.085990,-0.353849,0.795389,7.568000,21.485428

-6.999896,4.923097,13.551680,15.753529,-0.317434,-0.071666,1.012823,7.560000,21.485428

-5.644315,1.632339,15.917958,15.753529,-0.316368,0.257948,1.379475,7.556000,21.485428

-5.390443,1.898187,14.603093,15.750587,-0.684886,0.006941,1.036271,7.560000,21.485428

2.072438,0.379744,7.133027,15.756470,0.241604,-0.033828,1.047196,7.568000,21.485428

2.491566,-0.183085,10.866862,15.750587,-0.001943,-0.158799,0.756486,7.560000,21.485428

-2.085316,-3.433127,9.393926,15.753529,-0.358736,0.007474,0.537986,7.560000,21.485428

0.594711,-0.101654,10.668076,15.744705,0.254927,0.065829,0.561968,7.572000,21.485428

-3.167865,0.449200,5.123605,15.759411,-0.063229,0.404769,-0.116712,7.576000,21.485428

-1.045878,-3.251105,13.149316,15.750587,-0.488503,0.083948,-0.377312,7.564000,21.485428

4.412372,-0.070519,5.717570,15.759411,0.122762,0.010405,-0.586485,7.572000,21.485428

1.286871,-2.048805,9.164003,15.759411,-0.142102,0.059434,-0.357061,7.572000,21.485428

6.826551,2.657408,9.348420,15.744705,0.138750,0.169749,-0.243015,7.572000,21.485428

-0.506998,-2.901432,9.547207,15.750587,-0.191397,0.156160,-0.238485,7.572000,21.485428

-1.678163,-5.294057,8.768826,15.762352,-0.173012,0.018132,-0.046899,7.576000,22.028917

-3.112780,-3.260685,7.693461,15.732941,-0.341682,-0.166526,-0.273125,7.564000,22.028917

-1.364415,-4.393529,12.172148,15.765293,-0.009137,-0.138015,-0.357061,7.580000,22.028917

3.768112,-2.860717,11.724279,15.750587,0.023105,-0.345056,-0.308298,7.584000,22.028917

-0.250731,-0.587843,10.014235,15.762352,-0.165817,0.101269,-0.294709,7.584000,22.028917

-3.043324,-3.835490,11.618898,15.762352,0.015377,0.083149,-0.218501,7.592000,22.028917

1.260526,0.664752,13.063095,15.759411,-0.221508,-0.316811,-0.210507,7.592000,22.028917

0.166002,-2.132631,8.285031,15.771175,0.110771,0.045311,-0.124706,7.600000,22.028917

-0.856671,0.341424,12.679893,15.771175,-0.340616,-0.270980,0.027711,7.588000,22.028917

1.715580,-0.856086,9.983100,15.756470,0.366575,0.067161,-0.023716,7.596000,22.028917

-2.451754,9.004210,9.257409,15.768234,-0.131443,0.111394,-0.147089,7.588000,22.028917

-1.850604,2.192774,6.821674,15.765293,0.322609,0.068227,-0.189723,7.596000,22.028917

2.249669,0.873118,12.914604,15.756470,0.226416,-0.011179,-0.020785,7.596000,22.028917

-2.039811,0.638407,8.615544,15.744705,-0.166616,0.056503,0.020783,7.584000,22.028917

-4.822824,2.916070,14.205520,15.750587,-0.073355,0.160956,0.166271,7.584000,23.286082

-2.123636,2.336475,10.299243,15.759411,-0.143967,-0.064205,0.209705,7.588000,23.286082

0.649796,-3.636703,13.774416,15.785881,0.014578,-0.151871,0.129233,7.588000,23.286082

-0.552504,6.046361,4.915238,15.759411,0.445181,-0.165194,0.034905,7.596000,23.286082

5.068607,2.061048,3.820714,15.762352,-0.315835,-0.168924,-0.002932,7.584000,23.286082

-1.716483,9.303587,6.742639,15.762352,0.414272,0.469520,0.119640,7.584000,23.286082

-7.545961,5.442816,14.785114,15.774117,0.263187,0.557452,0.061285,7.584000,23.286082

-1.742828,6.570870,13.434323,15.768234,-0.344347,0.046111,0.107650,7.580000,23.286082

-0.885411,-1.684762,17.625608,15.759411,0.353252,0.463391,0.263797,7.596000,23.286082

-0.550109,-3.138539,14.629438,15.771175,-0.257480,-0.295494,-0.091398,7.592000,23.286082

-0.657885,3.785462,2.862707,15.744705,0.347923,0.068227,-0.193986,7.596000,23.286082

2.460431,-0.647719,5.075705,15.771175,-0.338218,-0.343990,0.160409,7.584000,23.286082

-0.667465,7.854601,13.886982,15.756470,0.679135,0.460194,0.034905,7.588000,23.286082

-2.360744,6.027201,10.083691,15.779999,-0.131710,0.524411,0.158277,7.600000,23.286082

2.268829,1.948482,7.159372,15.765293,0.380431,0.111394,0.087665,7.604000,23.286082

-0.269891,-9.916445,22.176146,15.759411,-1.236463,-0.740220,-0.066084,7.596000,23.286082

1.694025,-8.247116,12.260764,15.768234,-0.619336,-0.777525,-0.187058,7.604000,22.510849

-0.909362,-6.865190,14.131274,15.765293,-0.966537,-0.804437,-0.066883,7.596000,22.510849

3.823197,2.300550,4.936794,15.768234,0.664214,0.067961,-0.217701,7.604000,22.510849

10.062222,2.973551,5.308022,15.774117,-0.052837,-0.902229,-0.399695,7.600000,22.510849

5.356009,5.866735,11.060859,15.788822,0.349788,0.093275,0.057555,7.612000,22.510849

0.362394,1.115016,1.059257,15.785881,0.471295,0.259547,0.114045,7.620000,22.510849

1.040184,0.727022,10.272898,15.791763,-0.045909,-0.451375,0.058087,7.620000,22.510849

3.047211,0.123477,10.296848,15.779999,0.205365,-0.174520,0.171867,7.624000,22.510849

-1.884135,-0.185480,15.027012,15.771175,-0.363532,0.107930,0.067414,7.624000,22.510849

1.246156,1.110225,11.214140,15.759411,-0.098935,-0.116165,-0.046366,7.624000,22.510849

-1.692533,-0.844111,10.634545,15.782940,0.084924,0.334956,-0.243548,7.632000,22.510849

-1.682953,-0.408217,6.924660,15.771175,-0.014733,-0.310949,-0.420746,7.628000,22.510849

4.268671,-1.330299,-3.244593,15.768234,0.153405,-0.145209,-0.335744,7.624000,22.510849

-0.930917,0.049232,17.735779,15.794704,0.448645,0.053039,-0.308032,7.632000,24.446083

-0.954867,1.469478,13.211587,15.782940,0.012713,0.191866,-0.245147,7.632000,24.446083

-1.821864,9.377833,-3.302073,15.762352,0.775328,0.416227,-0.071147,7.640000,24.446083

2.163449,-3.780405,17.632793,15.771175,-0.243091,-0.399681,0.082069,7.632000,24.446083

1.291661,-1.153068,11.853611,15.774117,-0.154093,0.088478,-0.282452,7.640000,24.446083

0.424664,2.041888,1.016147,15.771175,-0.560981,-0.272312,0.024780,7.636000,24.446083

-0.832721,-2.870297,18.847067,15.756470,-0.393376,-0.533712,0.043166,7.628000,24.446083

-3.560648,6.264307,2.163361,15.774117,0.878183,0.227039,0.015986,7.640000,24.446083

-1.304540,-1.490766,7.992838,15.771175,-0.419756,-0.331999,0.201977,7.628000,24.446083

1.579064,2.978341,15.565891,15.779999,0.297028,-0.019439,0.324550,7.636000,24.446083

-0.066315,3.905213,2.115461,15.788822,1.504103,0.755967,0.162541,7.648000,24.446083

1.104850,5.490716,9.597502,15.797646,0.046820,-0.266983,0.270991,7.644000,24.446083

4.400397,-15.587851,7.231222,15.794704,-0.073088,-0.814030,0.181726,7.648000,24.446083

-3.179840,-9.468575,11.350657,15.774117,-1.528773,-0.297359,-0.170804,7.636000,25.860583

-2.346373,3.651341,14.145644,15.765293,0.290100,0.095140,-0.311496,7.644000,25.860583

-2.511630,11.257923,3.861430,15.785881,0.402281,0.701076,0.037037,7.640000,25.860583

1.943107,-3.392411,6.979745,15.774117,-0.928966,-0.371702,0.048495,7.636000,25.860583

-0.727340,0.760553,17.958515,15.803528,-0.064295,0.179342,0.038103,7.640000,25.860583

-1.587152,1.821546,15.115627,15.788822,-0.023260,0.083149,0.197181,7.636000,25.860583

-2.830167,-0.753100,18.813538,15.791763,-0.215912,-0.139347,0.178262,7.636000,25.860583

1.512003,3.339988,8.162886,15.785881,0.152872,-0.143344,-0.011726,7.636000,25.860583

-2.054181,8.886854,4.735612,15.782940,-0.029388,0.295520,0.370115,7.628000,25.860583

-5.103041,0.073182,11.970966,15.779999,-0.332356,0.234500,0.371980,7.628000,25.860583

1.761085,0.585716,7.937753,15.788822,0.882180,0.239296,0.225426,7.640000,25.860583

0.894088,8.120448,3.832690,15.803528,0.582143,0.530273,0.272590,7.644000,25.860583

-0.796796,-1.964980,15.642531,15.791763,-0.820515,-0.487081,-0.086602,7.636000,25.860583

0.407899,-3.871415,7.624006,15.779999,0.083325,-0.126024,-0.065551,7.640000,25.860583

-0.564479,-0.331576,11.147079,15.782940,-0.991851,-0.193172,-0.250743,7.628000,24.415908

3.674706,0.109107,13.750466,15.765293,0.018575,-0.148940,-0.268862,7.628000,24.415908

4.817130,-4.985099,6.270820,15.788822,-0.530338,-0.277108,-0.144424,7.628000,24.415908

1.720370,-1.217734,8.867022,15.782940,-0.070690,-0.141479,0.069012,7.632000,24.415908

1.655704,0.521051,7.671906,15.771175,-0.093073,0.015468,0.311760,7.628000,24.415908

-0.107030,-9.411096,4.805068,15.774117,-0.760295,-0.403944,0.132164,7.636000,24.415908

-8.664435,18.924379,6.141489,15.779999,0.227482,0.772488,0.302434,7.632000,24.415908

0.965939,-8.223166,15.024616,15.779999,0.461169,0.217979,-0.022384,7.636000,24.415908

-2.320028,0.094737,8.297007,15.800587,0.436122,-0.085255,-0.315226,7.640000,24.415908

1.238971,3.785462,7.976073,15.779999,0.262388,0.009605,-0.348268,7.648000,24.415908

1.622174,-2.369738,19.730829,15.782940,-0.064828,-0.031163,-0.104455,7.652000,24.415908

-6.061049,6.443934,8.658654,15.788822,0.048952,0.421556,0.110847,7.656000,24.415908

-1.441056,-3.270265,6.357040,15.779999,-0.576436,-0.277108,0.305365,7.648000,24.415908

-3.201395,2.559212,13.463063,15.762352,0.384694,0.316304,0.323484,7.656000,24.415908

1.349142,-4.096547,0.613783,15.788822,1.009016,0.134310,0.030109,7.664000,23.939988

-1.393156,2.504127,11.793736,15.777058,-0.375790,-0.716238,-0.043701,7.648000,23.939988

0.113312,-4.637821,7.295888,15.785881,0.284238,-0.222750,-0.013591,7.652000,23.939988

2.958595,10.237645,-1.685435,15.785881,0.576547,0.015734,0.038103,7.660000,23.939988

4.661454,-8.105810,14.792299,15.765293,-0.572172,-0.671206,0.154280,7.640000,23.939988

0.254618,-3.871415,12.531401,15.774117,-0.206586,-0.444447,-0.081539,7.640000,23.939988

-0.763265,3.536380,7.877878,15.777058,-0.341949,0.221710,0.254470,7.640000,23.939988

-4.082763,-2.372133,10.380673,15.762352,-0.213247,0.044512,0.221695,7.652000,23.939988

0.137262,-1.097983,14.926420,15.774117,-0.476512,-0.057010,0.296038,7.648000,23.939988

1.406622,-5.322797,5.554708,15.774117,-0.014733,-0.237672,-0.156415,7.656000,23.939988

-5.785621,1.687425,20.226599,15.774117,-0.651845,-0.160664,0.155613,7.648000,23.939988

-3.172655,-2.192507,8.265871,15.782940,-0.090675,0.372261,0.065282,7.656000,23.939988

-8.515944,14.953439,8.502978,15.771175,0.752146,0.651514,-0.264066,7.660000,23.939988

2.314335,-3.136144,5.779840,15.759411,0.117433,0.083948,-0.018121,7.664000,23.939988

0.546810,-1.624887,1.835243,15.768234,0.376168,0.259547,0.002663,7.664000,23.939988

0.290543,-2.958913,11.408137,15.765293,-0.273734,-0.575280,0.117242,7.652000,24.572010

2.062858,3.383099,5.097260,15.785881,0.234676,0.319501,0.110581,7.652000,24.572010

-1.405131,5.306300,11.930251,15.779999,0.246933,0.105532,-0.201447,7.660000,24.572010

1.035394,1.098250,14.861755,15.777058,-0.896990,0.062099,-0.055159,7.652000,24.572010

0.448614,7.133700,13.328942,15.800587,0.595733,0.146567,-0.078341,7.668000,24.572010

1.670074,5.294325,4.098537,15.785881,-0.059765,0.428751,0.104985,7.664000,24.572010

-2.394274,-6.640058,21.349863,15.777058,-0.997447,-0.209693,0.144421,7.648000,24.572010

-4.444410,4.161480,18.174067,15.788822,0.370305,0.441008,0.226225,7.668000,24.572010

-1.510512,4.092025,1.531076,15.794704,-0.801597,-0.208094,-0.122574,7.660000,24.572010

2.345470,-1.347065,12.191308,15.756470,0.360713,-0.234208,0.106850,7.672000,24.572010

-3.115175,-7.703446,11.048884,15.788822,-0.575370,-0.177185,-0.073811,7.676000,24.572010

-8.190221,6.139767,7.145002,15.765293,-0.206319,-0.187044,-0.181462,7.668000,24.572010

0.383949,-0.180690,17.707039,15.774117,0.019374,-0.050082,0.045297,7.664000,24.572010

1.181490,-3.227155,11.925461,15.788822,0.539243,0.176411,-0.105787,7.676000,25.019215

-1.067433,2.532867,9.707673,15.788822,-0.170080,-0.336529,-0.123373,7.672000,25.019215

-1.524882,-8.984782,3.875800,15.791763,0.329537,-0.408208,-0.315759,7.672000,25.019215

-0.629144,9.466449,13.319363,15.797646,0.167794,-0.100177,-0.075943,7.676000,25.019215

1.979032,-3.404387,6.687553,15.788822,-0.108261,0.164687,0.382905,7.672000,25.019215

-4.806058,3.773487,8.732900,15.782940,-0.155159,-0.051148,0.144155,7.664000,25.019215

1.638939,0.224068,8.517348,15.774117,0.303690,-0.106572,0.344801,7.664000,25.019215

-1.505722,1.220396,9.762758,15.788822,-0.194595,0.078886,0.137760,7.660000,25.019215

-6.396351,12.294967,7.964098,15.788822,-0.094938,0.150564,0.037570,7.660000,25.019215

7.983346,-6.704723,5.521178,15.785881,-0.219909,-0.049549,0.197447,7.652000,25.019215

-0.317792,5.215289,13.024776,15.777058,0.350321,0.475382,0.107650,7.660000,25.019215

-0.526159,2.128109,4.072192,15.774117,0.078795,0.298717,-0.214237,7.656000,25.019215

-1.203949,0.051627,6.565407,15.774117,-0.538332,-0.254192,-0.304568,7.648000,25.019215

4.350101,4.439303,16.246077,15.794704,0.453708,0.378656,0.149218,7.652000,25.019215

-2.640961,4.915912,3.300995,15.771175,0.321276,0.668834,0.030908,7.656000,25.019215

-3.016979,1.668265,9.772339,15.777058,0.143279,0.411164,0.086865,7.652000,23.995216

-1.773964,4.908727,15.393450,15.788822,-0.263076,0.039449,0.001597,7.656000,23.995216

-0.669860,1.955667,7.985653,15.788822,0.335665,0.328028,0.033839,7.664000,23.995216

-3.273246,-1.076427,12.924184,15.774117,-0.626264,-0.135350,-0.121775,7.668000,23.995216

1.135985,-6.898720,12.157778,15.768234,-0.477845,-0.298958,0.029043,7.656000,23.995216

-1.579967,6.764867,-1.096261,15.782940,0.880315,0.500962,-0.111916,7.672000,23.995216

-0.260311,-5.880836,24.444229,15.788822,-0.990252,-0.639764,-0.195318,7.660000,23.995216

-2.351163,-3.952846,6.309140,15.791763,-0.026990,0.041847,-0.264599,7.668000,23.995216

-0.267496,-4.906064,10.155541,15.779999,-0.186068,-0.505467,-0.436733,7.668000,23.995216

-0.310607,1.103040,9.377160,15.759411,-0.128246,-0.186244,-0.212638,7.668000,23.995216

0.407899,0.346214,7.540180,15.788822,-0.010203,-0.122826,-0.391435,7.668000,23.995216

-3.357072,5.378150,18.444704,15.777058,0.119298,0.255817,-0.166274,7.672000,23.995216

-0.509393,-0.930331,1.837638,15.765293,-0.039247,-0.502802,-0.376513,7.672000,23.995216

0.400714,-1.747033,10.929133,15.782940,-0.036316,0.008540,0.007726,7.668000,23.995216

-3.874396,11.281874,15.374290,15.771175,-0.029655,-0.229944,-0.065285,7.672000,24.145716

5.104532,-7.286713,8.907737,15.794704,0.274112,-0.105240,0.273656,7.676000,24.145716

-4.619247,5.895474,9.654983,15.785881,0.437187,0.347746,0.264596,7.680000,24.145716

2.989730,1.318592,2.465134,15.782940,0.116367,-0.019173,0.438063,7.676000,24.145716

-3.052904,2.154454,8.323352,15.759411,0.199769,0.026126,0.372247,7.676000,24.145716

-0.487838,3.208262,17.632793,15.785881,-0.132509,0.108996,0.377310,7.676000,24.145716

-1.838629,-2.206877,10.236973,15.779999,-0.014466,0.117789,0.257135,7.672000,24.145716

-4.351005,5.751773,16.404148,15.779999,-0.069624,0.090344,0.131631,7.680000,24.145716

-1.378785,2.487362,7.434799,15.788822,0.353518,0.175878,-0.418880,7.680000,24.145716

-5.177287,0.937784,12.569721,15.768234,-0.314503,0.038383,-0.389037,7.680000,24.145716

-2.413434,-1.136303,4.819438,15.771175,-0.365930,-0.029565,-0.543052,7.676000,24.145716

1.823356,-1.342275,12.301479,15.774117,-0.056834,-0.173188,-0.358926,7.680000,24.145716

-5.886212,-1.715898,9.195139,15.794704,-0.695811,-0.216355,-0.413285,7.676000,24.145716

-5.440739,2.568792,13.580420,15.774117,-0.341149,0.351477,0.305365,7.664000,24.609723

-0.480653,2.786739,9.501701,15.782940,-0.196460,-0.461234,-0.106853,7.664000,24.609723

-3.160680,7.049874,8.550879,15.777058,0.336198,0.348812,0.074608,7.676000,24.609723

4.201610,9.198207,9.729228,15.797646,0.306621,0.267541,0.416746,7.676000,24.609723

-1.441056,-3.196020,4.098537,15.782940,-0.306776,0.241961,0.143355,7.672000,24.609723

2.831659,-2.796052,15.434165,15.788822,0.795846,0.011204,0.176397,7.684000,24.609723

-2.341583,0.801268,0.941901,15.771175,-0.098402,-0.002652,0.049028,7.676000,24.609723

0.082176,4.475228,13.036750,15.779999,0.496875,0.385318,0.390100,7.680000,24.609723

3.147801,6.666671,13.094231,15.774117,-0.145566,0.091409,0.123637,7.676000,24.609723

-3.340307,-6.414926,7.360553,15.777058,-0.413361,0.243826,-0.046632,7.676000,24.609723

-3.333121,0.870723,12.763718,15.777058,0.138750,-0.289898,-0.290712,7.692000,24.609723

5.861359,-8.663849,6.579777,15.779999,-0.203388,-0.469228,-0.496954,7.680000,24.609723

-1.287775,3.586675,10.392649,15.785881,0.526985,0.414362,-0.338675,7.688000,24.609723

0.831818,-1.943424,14.224680,15.785881,-0.585229,-0.442848,-0.325352,7.692000,24.609723

-1.572782,-4.405505,8.950847,15.774117,0.522456,-0.005316,-0.406357,7.696000,24.489283

1.967057,-1.188993,7.595265,15.771175,-0.239094,-0.414869,-0.422611,7.688000,24.489283

0.570760,-2.788867,14.258210,15.777058,0.301292,-0.041822,-0.054093,7.696000,24.489283

-3.285221,16.505409,4.005131,15.762352,0.674073,0.607814,0.005328,7.700000,24.489283

-1.232689,-7.775297,13.913327,15.788822,-1.170647,-0.760205,-0.023983,7.680000,24.489283

-0.224386,8.609032,18.806353,15.777058,0.113169,0.018932,0.610997,7.684000,24.489283

-5.000055,5.502691,10.663286,15.782940,0.006584,0.356806,0.224893,7.684000,24.489283

-5.404813,0.250413,4.441025,15.774117,-0.246822,-0.026633,0.449254,7.676000,24.489283

-1.218319,-0.357922,13.340918,15.762352,-0.018463,-0.402079,0.366385,7.684000,24.489283

4.977596,-1.976955,9.743598,15.774117,0.093184,0.142037,0.451120,7.680000,24.489283

-8.034545,1.095855,5.988207,15.779999,-0.234298,0.173213,0.008525,7.676000,24.489283

2.673588,-3.198415,10.495634,15.774117,-0.080549,-0.448976,0.082602,7.668000,24.489283

1.102455,-1.373410,6.960585,15.765293,0.356716,0.255817,-0.029046,7.672000,24.489283

-1.553622,7.255846,9.779524,15.774117,-0.172479,-0.123093,-0.088733,7.672000,24.489283

2.994520,1.033585,4.802673,15.756470,-0.100001,0.330959,0.282982,7.680000,24.489283

-2.466124,-6.664008,15.141973,15.771175,-0.247355,-0.297359,-0.020785,7.668000,24.004923

-1.383576,11.495030,11.156660,15.774117,0.566955,0.471918,0.373846,7.688000,24.004923

-0.815956,0.736602,6.117538,15.765293,-0.360601,-0.074597,0.273123,7.672000,24.004923

-4.018097,3.684871,16.365828,15.788822,-0.021394,0.449535,0.598473,7.680000,24.004923

-3.735485,-1.888339,6.081613,15.785881,-0.100800,0.126849,0.249674,7.684000,24.004923

2.786154,0.592901,7.633585,15.791763,-0.013401,-0.193972,0.107916,7.684000,24.004923

-2.746342,6.293048,9.123288,15.777058,0.292765,0.488705,0.112446,7.680000,24.004923

1.267711,4.592584,8.646679,15.762352,0.404146,0.226506,-0.115913,7.684000,24.004923

1.147960,-5.679655,11.429692,15.771175,-0.651845,-0.283770,-0.329349,7.680000,24.004923

1.059344,1.972432,3.650668,15.771175,0.495543,0.116457,-0.397030,7.684000,24.004923

0.599501,3.830968,6.591752,15.762352,-0.220175,0.089811,-0.343471,7.676000,24.004923

0.999469,-1.622492,11.568604,15.762352,-0.017664,-0.138281,-0.337876,7.676000,24.004923

-1.235084,7.251056,2.160966,15.777058,0.322609,-0.011712,-0.414350,7.680000,24.004923

0.515675,-4.345629,14.114509,15.768234,0.348455,0.426353,0.151349,7.680000,23.787714

0.319283,-2.527809,3.650668,15.782940,0.056946,-0.434854,-0.339741,7.680000,23.787714

2.788548,1.543724,9.221484,15.768234,-0.129845,-0.182514,0.076473,7.688000,23.787714

-2.703231,1.924532,6.479186,15.759411,-0.070424,-0.147075,0.104185,7.688000,23.787714

3.217257,-2.048805,7.152187,15.756470,-0.076819,-0.029831,0.290976,7.688000,23.787714

-4.319870,4.875196,2.448368,15.779999,0.099313,0.237697,0.164672,7.692000,23.787714

-2.202672,1.524564,4.658971,15.765293,-0.460525,-0.115632,0.127901,7.688000,23.787714

3.468734,-6.211349,7.410849,15.759411,0.138750,-0.200900,0.013322,7.692000,23.787714

-0.133375,0.973709,22.762924,15.762352,-0.268672,-0.421797,-0.038638,7.688000,23.787714

1.473683,-3.394806,7.106681,15.779999,0.496875,0.022662,0.160676,7.700000,23.787714

-4.125873,1.919742,9.810658,15.759411,-0.050439,-0.293629,0.022382,7.700000,23.787714

0.199532,-3.972006,11.918276,15.753529,0.039093,-0.341059,-0.189723,7.704000,23.787714

1.052159,5.790094,11.427297,15.771175,0.304756,0.135909,-0.081006,7.704000,23.787714

-0.693810,-2.024855,5.892406,15.753529,0.403080,0.055437,0.130832,7.712000,23.787714

0.166002,8.256964,-0.734613,15.768234,0.910425,-0.136949,-0.054360,7.716000,25.189868

1.480868,0.834798,1.483176,15.771175,-0.463189,-0.333598,0.056755,7.704000,25.189868

-1.057853,-1.823673,8.835886,15.777058,-0.568975,-0.726364,0.037037,7.700000,25.189868

1.811381,1.218001,23.603577,15.750587,0.304756,-0.172921,0.425539,7.708000,25.189868

-0.154930,0.377349,8.847861,15.774117,0.240805,0.114592,-0.063419,7.708000,25.189868

-2.384694,5.373360,16.389776,15.774117,0.124361,0.046377,0.225692,7.716000,25.189868

1.641334,5.603282,1.145478,15.779999,0.460103,0.098337,0.524930,7.712000,25.189868

0.513280,-6.893929,6.951005,15.762352,-0.187134,-0.121228,1.116210,7.700000,25.189868

-8.269257,-5.428178,6.819279,15.753529,-0.172479,0.191333,1.061852,7.704000,25.189868

-7.751933,1.514984,10.771062,15.768234,-0.147431,0.259814,0.723711,7.708000,25.189868

2.549047,13.854124,12.006892,15.771175,0.623711,0.337621,0.505744,7.712000,25.189868

1.332377,-2.853532,16.274817,15.762352,-0.923103,-0.270713,0.150550,7.700000,25.189868

3.921393,6.278678,12.682287,15.762352,0.217889,0.529740,0.143089,7.704000,25.189868

-2.985843,-5.255736,21.201372,15.762352,-1.790972,0.183339,-0.289646,7.696000,25.189868

-2.030231,-2.460749,7.362948,15.774117,-0.180739,0.420491,-0.355462,7.700000,25.597764

0.623451,-2.094311,10.131592,15.777058,0.084391,0.289125,-0.261667,7.704000,25.597764

2.561022,-7.372933,13.393608,15.762352,0.096382,-0.107105,-0.119110,7.708000,25.597764

-0.473468,-0.422587,7.868298,15.762352,0.426529,0.424488,0.021049,7.712000,25.597764

0.101337,2.437066,6.426496,15.756470,-0.076286,0.076754,-0.074344,7.712000,25.597764

-2.490075,-6.510726,14.624648,15.774117,-0.309707,0.076488,-0.094063,7.708000,25.597764

1.337167,14.347499,4.290139,15.771175,1.079096,0.587296,-0.230225,7.716000,25.597764

4.093834,-4.216298,8.591594,15.762352,-0.360068,-0.056744,-0.169205,7.708000,25.597764

0.865348,2.966366,8.079060,15.753529,0.524054,0.128448,-0.086335,7.716000,25.597764

-0.317792,2.005963,5.291256,15.762352,0.237074,-0.097512,-0.500684,7.712000,25.597764

2.551442,-0.477673,6.258844,15.779999,0.295962,-0.357313,-0.117778,7.708000,25.597764

6.172711,-3.933686,10.239367,15.768234,-0.008071,-0.310416,-0.081272,7.700000,25.597764

-1.407526,2.741234,0.319196,15.777058,0.029233,-0.016774,0.105784,7.700000,25.597764

-1.867369,-1.114748,10.098062,15.782940,-0.430414,-0.013577,0.348798,7.692000,25.267516

-0.770451,-0.949491,12.608042,15.779999,0.134220,0.050907,0.272590,7.700000,25.267516

-1.266220,8.700043,6.230104,15.756470,0.495010,0.271272,0.317888,7.704000,25.267516

4.165685,-2.877482,5.890011,15.759411,-0.574837,-0.324272,0.407153,7.688000,25.267516

-5.093461,0.717442,15.573076,15.762352,-0.043777,0.138307,0.259800,7.692000,25.267516

-2.839747,3.699241,6.050478,15.768234,0.066805,0.211318,-0.055426,7.696000,25.267516

4.560863,-5.406622,9.774734,15.768234,-0.303045,-0.272578,0.062617,7.700000,25.267516

-0.645909,-2.230827,8.071875,15.744705,0.223751,-0.014643,0.124703,7.696000,25.267516

3.890257,2.508917,2.752536,15.765293,-0.159688,-0.108970,0.173732,7.696000,25.267516

0.067806,-1.596147,16.749029,15.753529,-0.724056,-0.095914,0.137760,7.696000,25.267516

1.320402,-8.953647,14.133669,15.759411,-0.345679,-0.167326,0.049561,7.692000,25.267516

-4.427645,1.543724,4.702082,15.759411,-0.069624,-0.080992,-0.159346,7.700000,25.267516

1.464103,2.542447,13.865427,15.756470,0.282106,-0.171056,0.268326,7.700000,25.267516

-4.552186,1.799991,8.926897,15.774117,0.353252,0.365066,0.193184,7.708000,25.267516

-2.916388,10.781315,10.838122,15.762352,0.186979,0.255817,-0.084203,7.712000,24.088374

-1.292565,0.525841,12.974480,15.765293,-0.012868,0.110861,-0.015723,7.712000,24.088374

2.611317,-11.027734,6.989326,15.756470,0.147010,-0.350652,-0.231024,7.724000,24.088374

1.729950,13.593067,10.138777,15.777058,0.303690,-0.245133,-0.100191,7.720000,24.088374

0.398319,-4.051042,8.220366,15.756470,0.133687,0.069559,0.454317,7.720000,24.088374

-0.293842,8.532392,7.391689,15.750587,0.717773,0.376258,0.426872,7.724000,24.088374

-1.716483,-2.463144,14.617463,15.762352,-0.631061,-0.095381,0.542783,7.716000,24.088374

0.587526,-6.893929,6.076823,15.777058,-0.018197,0.261412,0.639775,7.716000,24.088374

-3.666029,1.416788,13.302597,15.759411,-0.133575,-0.144410,0.137227,7.712000,24.088374

0.177977,0.358189,4.536826,15.747646,-0.172212,0.248622,0.389034,7.712000,24.088374

-3.519933,-4.467775,12.823593,15.762352,-0.425618,0.207854,0.232087,7.708000,24.088374

-0.296237,4.671619,9.774734,15.756470,0.021772,0.108463,-0.000801,7.708000,24.088374

1.780245,-1.672787,11.642849,15.759411,0.039625,0.308843,-0.165208,7.708000,24.088374

-4.863539,6.324183,10.172307,15.753529,-0.145832,0.343216,-0.533459,7.704000,24.088374

0.855768,-6.134708,11.908696,15.750587,-0.246822,-0.024235,-0.559839,7.712000,25.371161

-0.808771,5.782908,6.766589,15.744705,0.623178,0.561449,-0.517205,7.716000,25.371161

0.987494,6.144557,2.374123,15.759411,-0.021394,0.186004,-0.322421,7.712000,25.371161

2.477196,-2.115866,12.658337,15.738823,0.020174,0.247290,-0.026115,7.712000,25.371161

-3.749855,8.654537,10.835728,15.762352,0.052682,0.528141,0.059153,7.720000,25.371161

0.628241,2.008358,9.640613,15.732941,0.137950,0.239296,0.151349,7.716000,25.371161

-1.747618,-5.861676,12.567327,15.762352,-0.137306,-0.082591,-0.026648,7.712000,25.371161

-1.740433,4.051310,8.184441,15.762352,-0.002209,0.404503,-0.050629,7.716000,25.371161

-1.050668,-3.222365,2.230422,15.756470,-0.329958,-0.242202,-0.449257,7.704000,25.371161

3.116666,0.398905,11.271621,15.759411,0.016443,0.025860,-0.602473,7.708000,25.371161

1.710790,2.204749,3.985971,15.753529,0.334067,0.377324,-0.631517,7.712000,25.371161

2.273619,-1.651232,17.651953,15.756470,-0.372592,-0.038358,-0.544651,7.708000,25.371161

1.097665,1.670660,2.460344,15.771175,0.059344,-0.022903,-0.621125,7.712000,25.371161

3.459154,1.141361,9.659773,15.762352,-0.105597,-0.195837,-0.269395,7.712000,25.371161

-3.462452,-0.034594,5.672065,15.756470,-0.166883,-0.143610,-0.360792,7.708000,24.759313

0.436639,-0.702804,11.228511,15.765293,-0.073888,-0.158266,-0.011992,7.708000,24.759313

0.551600,1.239557,9.106524,15.771175,0.306354,-0.044486,-0.125505,7.728000,24.759313

-1.041088,1.411998,8.874207,15.753529,0.146210,-0.161197,-0.184926,7.724000,24.759313

-0.775241,3.596256,6.119933,15.765293,0.144878,0.180141,0.107117,7.728000,24.759313

-0.942892,-10.678061,16.981348,15.774117,-0.332090,-0.309883,-0.138029,7.712000,24.759313

0.862953,1.380862,5.482858,15.765293,0.773996,0.048509,-0.179331,7.724000,24.759313

0.678536,5.426051,10.011841,15.768234,-0.791205,-0.470294,-0.100724,7.712000,24.759313

0.604291,-5.500028,17.261564,15.756470,-0.071489,-0.172388,-0.659496,7.712000,24.759313

-2.128427,7.485767,9.678933,15.774117,-0.236430,-0.215822,-0.322421,7.724000,24.759313

0.805472,0.197723,13.534914,15.753529,0.111037,-0.022104,-0.279787,7.708000,24.759313

-2.497260,1.615574,4.488925,15.756470,0.215224,-0.033561,-0.233955,7.720000,24.759313

-0.739315,5.871524,12.375725,15.768234,0.400682,-0.289099,-0.053560,7.728000,24.759313

2.553837,-7.490290,8.241920,15.747646,-0.467453,-0.538241,-0.033842,7.716000,25.270966

-2.308053,7.042689,12.404465,15.779999,0.061475,0.019465,0.319221,7.720000,25.270966

-4.803663,1.457503,7.954518,15.762352,-0.325695,-0.188909,0.163340,7.728000,25.270966

-0.518973,1.668265,9.168794,15.765293,0.394021,0.032788,0.073276,7.732000,25.270966

1.571879,4.132740,10.169911,15.771175,0.141148,-0.053013,0.031708,7.736000,25.270966

0.201927,-6.426901,9.475356,15.774117,-0.454929,-0.723966,-0.023450,7.732000,25.270966

-4.442016,14.555865,14.339641,15.771175,0.686596,0.580901,0.345601,7.740000,25.270966

1.303637,-1.203363,6.876760,15.768234,-0.095471,0.166019,0.269659,7.732000,25.270966

0.680931,2.228699,8.500583,15.756470,0.331135,-0.179583,0.063683,7.736000,25.270966

-0.092660,1.977222,9.350815,15.747646,0.070802,-0.146275,0.047163,7.740000,25.270966

1.420992,2.372401,7.544970,15.756470,0.279975,-0.081258,0.023980,7.740000,25.270966

-0.962052,3.071746,12.703842,15.759411,-0.008071,-0.206229,0.243545,7.740000,25.270966

-1.920060,2.111343,9.609477,15.759411,0.235475,0.025593,0.514804,7.744000,26.831866

-2.164352,-0.801000,9.197534,15.756470,-0.030987,-0.255258,0.667754,7.744000,26.831866

-0.396827,-0.829740,9.477751,15.774117,0.081727,-0.263785,0.728774,7.744000,26.831866

-0.950077,3.998619,9.755573,15.759411,0.100645,-0.047151,0.707989,7.744000,26.831866

-0.533344,1.503009,9.329260,15.774117,-0.017664,-0.039690,0.659227,7.744000,26.831866

-1.817074,2.619088,11.274015,15.747646,0.028434,0.067694,0.688271,7.748000,26.831866

-0.027994,0.607271,10.007051,15.721176,-0.018730,0.104200,0.653098,7.752000,26.831866

0.472565,0.511470,9.765154,15.744705,-0.037382,0.108197,0.601404,7.752000,26.831866

0.891693,0.935389,8.653864,15.768234,0.054014,0.226506,0.510807,7.752000,26.831866

-0.794401,1.553304,9.365185,15.768234,-0.121851,0.238497,0.171334,7.748000,26.831866

-0.451913,-0.029804,9.226274,15.759411,-0.013933,0.244359,-0.291778,7.756000,26.831866

2.984940,1.491034,8.308981,15.765293,0.081727,0.255017,-0.486029,7.760000,26.831866

1.753900,1.318592,6.603727,15.741764,-0.123716,0.201991,-0.605138,7.756000,26.831866

1.430573,-0.252541,7.865902,15.741764,-0.234831,0.174013,-0.511609,7.760000,28.648198

1.806591,-0.065729,11.130315,15.724117,-0.170880,0.162022,-0.275790,7.760000,28.648198

0.051041,2.003568,15.793418,15.735882,0.234410,0.286993,-0.126837,7.768000,28.648198

-1.235084,0.801268,7.753336,15.750587,0.191776,0.219578,-0.078874,7.772000,28.648198

-0.626749,0.418065,12.687078,15.759411,0.045754,0.138040,-0.177465,7.772000,28.648198

-0.514183,1.299432,10.615385,15.756470,0.320210,0.264344,-0.239818,7.772000,28.648198

-0.962052,1.661080,8.002419,15.738823,0.421200,0.238230,-0.171870,7.772000,28.648198

-0.770451,1.993988,8.100615,15.750587,0.365509,0.127915,-0.188390,7.776000,28.648198

-0.138165,3.014266,11.599738,15.747646,-0.175676,-0.047684,-0.191055,7.768000,28.648198

-1.148864,-1.632072,10.775852,15.732941,0.040425,0.148965,-0.092197,7.768000,28.648198

0.783917,3.682476,11.312336,15.744705,0.058811,0.015201,0.065815,7.764000,28.648198

-2.705626,0.398905,11.029724,15.750587,-0.091741,0.075688,0.166538,7.768000,30.708858

-0.430358,-1.066847,10.562695,15.753529,-0.015266,-0.056744,0.241680,7.764000,30.708858

0.891693,3.102882,9.389135,15.744705,0.110505,0.115924,0.440461,7.764000,30.708858

-1.184789,-2.247592,8.823911,15.732941,-0.053370,0.185737,0.422875,7.760000,30.708858

-0.887806,0.851563,9.094548,15.738823,0.065206,0.147899,0.318954,7.764000,30.708858

-0.217201,-0.453722,7.868298,15.747646,-0.165284,0.166552,0.035705,7.756000,30.708858

-0.198041,1.965247,11.000983,15.759411,-0.047508,0.285661,-0.317358,7.760000,30.708858

0.946778,2.717283,9.654983,15.762352,-0.081348,0.293388,-0.609135,7.760000,30.708858

0.417479,2.084998,9.381950,15.750587,-0.089875,0.276601,-0.895049,7.760000,30.708858

2.460431,0.789293,11.163845,15.724117,-0.115189,0.194797,-1.020819,7.760000,30.708858

-1.055458,0.377349,9.813054,15.738823,-0.104797,0.182806,-1.011493,7.756000,30.708858

0.906063,1.934112,10.833332,15.741764,0.062275,-0.024502,-0.946476,7.756000,30.708858

-0.600404,2.410721,8.541298,15.738823,0.022039,-0.055411,-0.598476,7.760000,28.109613

-1.297355,1.167706,11.242881,15.738823,0.072400,-0.031696,-0.365588,7.756000,28.109613

-1.208739,1.594019,9.911250,15.735882,0.239206,-0.168125,-0.178798,7.760000,28.109613

-2.399064,-1.462026,8.728109,15.732941,0.108373,-0.082857,-0.167873,7.764000,28.109613

-1.038693,-0.765075,9.575947,15.718235,0.184315,-0.221151,-0.305101,7.764000,28.109613

0.561180,-1.009367,8.598779,15.735882,-0.089609,-0.189442,-0.309364,7.756000,28.109613

-0.638724,0.259993,10.296848,15.724117,-0.025125,-0.189442,-0.358926,7.756000,28.109613

-0.200436,0.856353,9.796288,15.732941,0.082259,-0.189176,-0.456452,7.756000,28.109613

-1.273405,0.932994,8.059899,15.724117,0.006851,-0.262186,-0.521468,7.752000,28.109613

0.285753,0.245623,11.575788,15.738823,-0.018463,-0.303754,-0.385306,7.752000,28.109613

-3.759435,3.054981,5.839716,15.747646,0.289834,-0.346921,-0.267263,7.752000,28.109613

2.858004,8.458145,7.633585,15.706469,0.446514,-0.575013,0.259800,7.756000,28.109613

-4.521051,2.092183,8.855046,15.750587,-0.587094,-0.201966,0.417545,7.744000,28.109613

-2.755922,12.232697,19.012323,15.730000,0.791316,-0.143610,0.379175,7.760000,27.215342

-0.485443,0.077972,3.552472,15.727058,0.263720,-0.024235,0.477766,7.756000,27.215342

-3.151100,-3.878600,26.233307,15.744705,0.019641,-0.302689,0.739965,7.760000,27.215342

4.091439,3.835757,13.312178,15.735882,0.469163,-0.305087,0.637111,7.768000,27.215342

-6.228700,6.161322,3.696173,15.727058,-0.139704,0.171881,0.509475,7.760000,27.215342

-0.492628,-1.054872,13.968412,15.738823,-0.025924,-0.179583,0.746627,7.756000,27.215342

0.415084,-3.979191,-0.974114,15.721176,-0.272136,-0.191574,0.558238,7.760000,27.215342

-4.846774,4.714730,12.033237,15.735882,-0.188999,-0.517990,0.304299,7.760000,27.215342

-1.232689,-2.228432,0.640129,15.747646,0.362045,0.077553,0.425539,7.760000,27.215342

-4.315080,5.687108,13.877402,15.741764,-0.554852,0.032521,0.250740,7.760000,27.215342

4.433927,0.283944,5.822951,15.724117,-0.599352,-0.345589,0.225159,7.744000,27.215342

-1.354835,1.560489,16.006575,15.712351,-0.188200,0.266209,0.238749,7.748000,27.215342

-2.660121,-5.708395,8.507768,15.738823,-0.473848,0.071958,0.273389,7.756000,27.215342

1.365907,-3.124169,4.076982,15.730000,-0.683287,-0.427127,0.142290,7.748000,27.157113

-3.872001,5.373360,15.436560,15.735882,-0.052837,0.293654,0.111380,7.756000,27.157113

2.620897,-1.902709,12.830778,15.691763,0.180851,0.188402,0.002663,7.764000,27.157113

0.278568,7.064244,-3.433800,15.747646,0.419335,0.126849,0.127368,7.764000,27.157113

0.139657,4.640484,12.608042,15.730000,0.471828,0.265942,-0.242749,7.768000,27.157113

0.058226,8.906014,10.919553,15.730000,0.224284,0.272071,-0.129769,7.772000,27.157113

-0.835116,-2.714621,15.453325,15.724117,-0.068292,0.297385,0.093261,7.772000,27.157113

1.090480,-4.482145,6.349855,15.724117,0.097981,0.010671,-0.289113,7.776000,27.157113

-3.668424,8.989840,4.103327,15.709410,0.129157,0.318968,0.010924,7.772000,27.157113

1.054554,-5.471288,12.754138,15.706469,0.122762,0.106065,-0.287248,7.776000,27.157113

0.910853,-5.765875,3.811135,15.738823,0.113169,-0.437252,-0.466577,7.776000,27.157113

1.806591,2.056258,15.795813,15.735882,-0.099734,0.397042,0.016519,7.776000,27.157113

-5.907767,1.040770,6.871969,15.735882,0.295696,0.262212,-0.301104,7.776000,28.444971

3.461549,3.126832,10.675261,15.712351,0.286103,0.091942,0.014921,7.780000,28.444971

1.969452,7.349251,1.612507,15.732941,0.788385,0.045844,-0.005864,7.780000,28.444971

5.382355,-4.185163,12.358959,15.721176,0.225083,-0.208094,-0.078874,7.784000,28.444971

-2.121242,4.432117,4.685317,15.747646,0.557629,-0.112701,-0.085536,7.784000,28.444971

0.355209,-1.948215,7.116261,15.712351,-0.157823,-0.045286,0.075141,7.776000,28.444971

-0.418383,-0.015434,11.022539,15.718235,0.858731,-0.282437,-0.432736,7.784000,28.444971

3.286713,1.675450,13.039145,15.721176,-0.438408,0.110062,0.042100,7.780000,28.444971

-5.665870,-8.043539,3.478227,15.718235,0.023105,0.162022,-0.446592,7.784000,28.444971

4.455482,7.236686,16.102375,15.735882,-0.109860,-0.201966,-0.434069,7.784000,28.444971

-0.087870,-7.092716,-0.782513,15.741764,-0.167149,0.039982,-0.203579,7.780000,28.444971

-1.936825,-0.927936,9.892090,15.709410,-0.184469,-0.532646,-0.371450,7.776000,29.670028

0.676141,-5.878441,11.482383,15.709410,-0.121051,-0.084456,-0.094063,7.784000,29.670028

-2.181117,2.374796,9.329260,15.703527,-0.267606,-0.076195,0.123904,7.784000,29.670028

-1.179999,-0.666879,6.215734,15.706469,0.126759,-0.244600,0.248075,7.780000,29.670028

-1.160839,7.263031,13.496593,15.735882,0.365243,0.268074,0.407420,7.788000,29.670028

-2.803822,-2.851137,9.645403,15.721176,-0.033918,0.062898,0.394363,7.788000,29.670028

-0.427963,-0.693224,11.666799,15.727058,0.097181,-0.120961,0.336541,7.780000,29.670028

-3.668424,-1.933844,4.369174,15.727058,-0.039247,0.283262,0.127101,7.780000,29.670028

-0.346532,0.825218,9.487331,15.727058,0.208829,-0.519589,-0.173735,7.780000,29.670028

1.437757,-3.081059,6.728268,15.724117,-0.311039,0.143370,0.066348,7.780000,29.670028

1.346747,-0.899196,9.851375,15.724117,0.081727,-0.010912,-0.164675,7.780000,29.670028

1.617384,-0.851296,5.657694,15.718235,0.293031,0.094607,-0.240350,7.780000,29.025039

-1.893715,-1.811698,5.157135,15.718235,-0.145566,-0.070067,-0.294709,7.776000,29.025039

4.448297,7.873761,13.520544,15.738823,0.499806,-0.025035,-0.201980,7.780000,29.025039

3.147801,7.557618,3.842270,15.709410,0.252529,0.502295,-0.033043,7.772000,29.025039

-0.705785,-0.731545,8.740085,15.721176,0.194707,-0.103908,-0.136697,7.780000,29.025039

-0.667465,-2.199692,5.643324,15.732941,-0.013401,-0.283237,-0.233156,7.776000,29.025039

0.410294,5.579332,15.297648,15.712351,-0.063229,0.244092,-0.022118,7.776000,29.025039

-1.781149,0.312684,12.050002,15.715292,-0.502359,0.000279,-0.090332,7.780000,29.025039

0.134867,4.221356,8.773615,15.724117,0.699387,0.219578,-0.002932,7.780000,29.025039

-0.219596,-0.997392,7.863508,15.735882,-0.188733,-0.324272,-0.133233,7.772000,29.025039

-3.563043,5.598492,11.211745,15.721176,-0.114123,0.041314,0.103120,7.776000,29.025039

-4.080368,-6.575392,7.796447,15.712351,-0.582564,-0.034627,-0.102323,7.772000,29.025039

1.500028,3.816597,13.513359,15.715292,0.767867,0.059700,-0.272859,7.784000,29.025039

1.902391,5.672738,5.157135,15.721176,-0.187667,0.029590,-0.086335,7.772000,27.973029

-0.049550,6.767262,10.181887,15.712351,0.671142,0.343216,-0.153484,7.772000,27.973029

1.289266,1.833521,7.856322,15.712351,0.246667,0.132178,-0.150553,7.780000,27.973029

4.769230,4.312366,5.111630,15.724117,0.107573,-0.335996,-0.015456,7.772000,27.973029

-1.345255,-6.350260,8.855046,15.721176,-0.144767,-0.424195,-0.109251,7.776000,27.973029

0.977914,5.802069,0.850890,15.700586,0.555497,-0.209693,-0.141493,7.780000,27.973029

0.297728,-7.782482,11.178215,15.715292,-0.263875,-0.208361,-0.079141,7.764000,27.973029

2.774179,0.698282,16.820881,15.712351,-0.069624,-0.259788,0.049827,7.768000,27.973029

-1.908085,7.701320,5.710385,15.697645,0.203766,0.477247,0.220363,7.776000,27.973029

-2.533185,-0.607004,8.512558,15.694704,-0.252684,0.043446,0.054890,7.768000,27.973029

-2.552345,3.519615,13.987573,15.709410,-0.157024,-0.116431,0.176397,7.772000,27.973029

-0.176486,6.932518,7.576105,15.706469,-0.263342,0.253419,-0.057557,7.772000,27.973029

-2.332003,-7.672311,15.891613,15.712351,0.022039,-0.157999,-0.144957,7.764000,27.014674

-1.105753,-2.614030,13.063095,15.700586,-0.147698,-0.098845,-0.113248,7.776000,27.014674

-4.806058,2.913675,7.214457,15.715292,-0.423220,0.127382,-0.157481,7.776000,27.014674

-5.337753,0.705467,10.696816,15.688822,-0.540730,-0.180649,-0.017588,7.772000,27.014674

1.914366,0.305499,7.750942,15.712351,0.740955,-0.160931,-0.261135,7.772000,27.014674

-3.151100,-0.932726,2.084326,15.700586,-0.521545,-0.216621,-0.242216,7.760000,27.014674

1.401832,2.341265,9.659773,15.694704,0.714575,-0.008514,-0.289646,7.772000,27.014674

-1.335675,0.145033,16.545454,15.697645,-0.475979,-0.125225,-0.270994,7.768000,27.014674

-0.396827,-0.858481,4.036266,15.703527,0.434523,-0.228878,0.033839,7.764000,27.014674

-1.287775,4.408167,10.476475,15.700586,0.195772,0.181740,0.344801,7.760000,27.014674

-2.897228,1.847891,8.091035,15.706469,0.369772,0.002944,0.276587,7.760000,27.014674

1.653309,6.209222,12.227234,15.697645,0.325273,0.051440,0.319221,7.752000,27.014674

1.497633,2.604717,9.650192,15.706469,-0.226571,0.135376,0.494287,7.764000,27.014674

1.030604,5.799674,6.543852,15.700586,0.732428,0.349878,0.079404,7.764000,26.054871

1.222206,-0.698014,12.972085,15.709410,-0.041379,-0.074064,0.188921,7.764000,26.054871

1.339562,0.032467,3.765629,15.691763,0.148609,-0.100710,-0.114580,7.760000,26.054871

-0.020809,6.683436,13.460669,15.703527,-0.036583,0.098870,0.002397,7.760000,26.054871

1.480868,3.407049,12.152988,15.718235,-0.063762,0.233434,-0.176666,7.764000,26.054871

-3.886371,6.225987,11.094389,15.694704,0.437987,0.505492,-0.099658,7.764000,26.054871

0.628241,-1.814093,9.449011,15.706469,-0.157024,0.067161,-0.162810,7.756000,26.054871

2.755018,-0.523178,11.360236,15.709410,0.169126,-0.296293,-0.128170,7.760000,26.054871

-2.449359,1.912557,10.725556,15.715292,0.016710,-0.077528,-0.189723,7.756000,26.054871

0.484540,-5.044975,7.262358,15.712351,-0.228169,-0.203032,0.067947,7.752000,26.054871

-1.455426,-2.403268,9.736413,15.712351,-0.034718,-0.171589,0.059953,7.756000,26.054871

0.577946,3.457345,11.630874,15.709410,0.274379,-0.286967,0.008525,7.764000,26.054871

1.981427,-2.434404,5.494833,15.700586,0.221086,0.009073,0.406887,7.764000,26.054871

-6.544843,-1.119538,8.943662,15.703527,-0.366197,-0.113500,0.333077,7.760000,26.054871

-0.945287,-0.949491,12.157778,15.703527,0.136884,-0.198235,0.294173,7.760000,25.487631

0.419874,2.403536,11.903906,15.694704,0.481154,-0.248330,0.253138,7.768000,25.487631

2.297570,4.312366,1.990920,15.700586,-0.080549,0.191066,0.349064,7.764000,25.487631

-4.192934,-2.851137,10.342353,15.694704,-0.310240,-0.087920,0.483628,7.748000,25.487631

-0.461493,0.274364,18.138142,15.700586,-0.370460,0.037584,0.563567,7.760000,25.487631

-1.963170,5.512271,5.523573,15.712351,-0.256414,0.326696,0.528394,7.760000,25.487631

0.177977,-8.556073,10.378279,15.706469,-0.575370,-0.275776,0.560103,7.744000,25.487631

1.088085,2.635853,11.623689,15.709410,0.241338,0.022396,0.426872,7.756000,25.487631

1.207836,7.107355,10.239367,15.718235,-0.304111,-0.039690,0.276853,7.756000,25.487631

-2.830167,-2.599660,8.984377,15.709410,-0.146099,0.349079,0.220896,7.752000,25.487631

1.032999,0.178563,10.850098,15.712351,0.173923,0.185471,0.170801,7.760000,25.487631

1.291661,5.655972,3.897355,15.712351,0.090786,0.267808,-0.251542,7.752000,25.487631

3.439994,-3.804355,10.222602,15.691763,-0.129578,0.030390,-0.300837,7.756000,25.487631

3.260367,2.631063,10.725556,15.700586,0.398284,-0.041822,-0.415416,7.752000,25.487631

0.364789,7.928846,9.214299,15.709410,-0.122384,0.569177,-0.320822,7.756000,24.933409

0.015116,0.952154,13.676220,15.706469,-0.230301,0.338687,-0.601940,7.748000,24.933409

-2.236202,1.685030,11.975757,15.703527,-0.314503,0.328828,-0.502816,7.756000,24.933409

-0.298632,-1.754218,5.264911,15.709410,0.181916,-0.033828,-0.400494,7.756000,24.933409

-0.811166,-2.132631,7.482699,15.703527,0.074532,-0.051947,-0.484164,7.752000,24.933409

2.029327,0.736602,11.712304,15.724117,0.591736,0.097805,-0.091132,7.760000,24.933409

-2.190697,3.435789,13.776812,15.697645,-0.555918,0.139373,-0.090599,7.760000,24.933409

-2.930758,0.075577,10.533955,15.691763,-0.045643,0.169749,0.194516,7.756000,24.933409

-6.108949,-0.827345,10.105247,15.685881,-0.477045,0.169216,-0.024249,7.756000,24.933409

-0.133375,-1.373410,8.076665,15.709410,0.003920,-0.050082,-0.217435,7.760000,24.933409

0.827027,-0.389057,3.504572,15.718235,0.034296,-0.184379,-0.322687,7.752000,24.933409

2.934645,5.802069,12.083532,15.703527,0.008183,-0.041555,-0.355462,7.752000,24.933409

-3.522328,0.341424,3.753654,15.703527,0.254128,0.170549,-0.286182,7.752000,24.933409

1.684445,5.849969,14.294135,15.732941,-0.012868,-0.160131,-0.101257,7.752000,24.886800

-0.734525,0.877909,12.670312,15.697645,0.315681,0.018132,0.026911,7.760000,24.886800

-0.784821,1.301827,8.352092,15.709410,-0.357670,-0.350652,0.328813,7.760000,24.886800

-1.362020,-0.918356,10.823752,15.700586,-0.199125,0.041847,0.677346,7.756000,24.886800

-2.322423,-3.720529,7.726991,15.718235,0.002054,-0.306153,0.359457,7.760000,24.886800

2.223324,3.866893,9.856164,15.709410,0.310884,-0.055411,0.652032,7.760000,24.886800

-0.466283,-2.906222,5.655300,15.697645,-0.055768,-0.054079,0.529460,7.752000,24.886800

1.650914,1.946087,6.759404,15.700586,0.374835,0.060500,0.349597,7.760000,24.886800

-2.121242,-1.181808,11.180610,15.697645,0.192308,0.105532,0.021849,7.752000,24.886800

2.692748,4.575819,6.175019,15.709410,0.436655,0.335755,0.009591,7.756000,24.886800

0.697697,-0.990207,2.232817,15.691763,0.131821,-0.108970,-0.316825,7.752000,24.886800

2.766993,-1.126723,15.757492,15.703527,-0.299048,0.128448,-0.323487,7.756000,24.886800

-1.917665,-3.150514,9.262199,15.715292,-0.065094,0.127382,-0.265398,7.748000,24.886800

0.510885,-3.627123,5.058939,15.703527,-0.259345,-0.227013,-0.192920,7.744000,24.886800

-0.382457,0.573741,6.843229,15.712351,0.116367,-0.059675,0.068746,7.752000,24.747884

-1.474586,-1.826069,9.123288,15.721176,-0.109327,0.045578,-0.030112,7.744000,24.747884

-0.360902,-6.129919,8.893367,15.700586,-0.372059,-0.296293,0.099389,7.744000,24.747884

-3.469637,-6.869979,9.595107,15.715292,-0.379254,-0.318676,0.131098,7.744000,24.747884

0.359999,-1.838044,5.394242,15.712351,-0.033918,-0.357846,0.231555,7.744000,24.747884

-0.250731,2.077813,12.354170,15.724117,-0.100001,0.021596,0.358657,7.740000,24.747884

-2.322423,3.347173,11.662009,15.709410,-0.073888,0.078086,0.379708,7.748000,24.747884

-2.121242,-5.667680,4.268583,15.732941,-0.777881,-0.158266,0.092461,7.736000,24.747884

0.333654,-4.369579,22.463547,15.715292,-0.237762,-0.201699,0.175597,7.732000,24.747884

2.707118,1.531749,18.267473,15.700586,0.298094,0.016800,0.051959,7.744000,24.747884

0.532440,1.378468,10.821357,15.703527,0.375901,0.589161,-0.082072,7.748000,24.747884

-1.807494,0.595296,15.498830,15.709410,0.140881,0.040249,-0.026115,7.752000,24.747884

0.755177,3.462135,-0.210103,15.715292,0.204832,0.163887,-0.191321,7.752000,24.747884

-1.556017,2.784344,12.121853,15.709410,0.107573,0.160690,-0.390635,7.748000,24.747884

-1.441056,-0.645324,10.847702,15.718235,-0.257480,0.102867,-0.483631,7.744000,24.747884

2.668797,-4.439034,5.190666,15.709410,0.679135,0.060766,-0.461514,7.752000,23.914178

-1.484166,17.662205,5.420588,15.727058,0.829154,0.435945,-0.270727,7.756000,23.914178

-3.112780,-9.391935,15.003061,15.706469,-0.524209,0.118056,-0.182795,7.748000,23.914178

-5.668265,3.512430,11.585368,15.715292,-0.606013,-0.205963,-0.511609,7.744000,23.914178

-1.704508,-5.607804,13.314572,15.730000,-1.337186,-0.389822,-0.464712,7.724000,23.914178

-3.371442,-1.109958,12.651152,15.715292,-0.016598,0.247823,-0.443395,7.732000,23.914178

1.023419,3.842942,6.294770,15.703527,0.140615,-0.490278,-0.451122,7.740000,23.914178

3.729791,-3.983981,6.510322,15.718235,0.197371,-0.225414,-0.197184,7.736000,23.914178

-1.984725,1.843101,6.656418,15.727058,-0.188733,0.002944,-0.268596,7.736000,23.914178

-0.667465,-3.495397,6.507926,15.730000,-0.721658,-0.437252,0.052492,7.724000,23.914178

-3.383417,0.923414,19.989492,15.718235,-0.068292,0.161489,-0.114580,7.728000,23.914178

-3.769015,-1.531481,8.699369,15.721176,-0.419223,-0.058342,-0.110317,7.736000,23.914178

-0.595614,7.013949,7.966493,15.727058,0.878449,-0.040490,-0.052761,7.736000,23.914178

3.109481,1.601204,12.584091,15.700586,-0.288123,-0.089785,0.236084,7.740000,23.914178

-1.292565,-3.222365,4.302114,15.718235,-0.080816,-0.195837,0.401558,7.744000,23.194713

-0.820746,-2.055990,14.006733,15.724117,-0.170080,-0.136682,0.404489,7.744000,23.194713

2.055673,-6.240089,2.390888,15.712351,0.824358,-0.215022,0.385303,7.760000,23.194713

0.769547,14.766627,9.671748,15.709410,-0.221774,-0.235274,0.481230,7.756000,23.194713

-4.738998,-4.031881,15.460510,15.697645,-0.149563,0.260613,0.544382,7.756000,23.194713

-2.839747,-1.157858,9.245434,15.712351,-0.256148,0.059700,0.296838,7.756000,23.194713

-0.186066,1.692215,1.238883,15.718235,-0.288390,-0.128422,0.313625,7.752000,23.194713

1.301241,-3.641493,12.418835,15.724117,0.408942,0.016001,0.220097,7.756000,23.194713

-3.136730,1.447923,10.294453,15.718235,-0.068825,0.293654,0.252605,7.756000,23.194713

0.132472,9.667630,10.210628,15.721176,0.328737,0.589161,0.094593,7.744000,23.194713

-4.298315,0.343819,15.877243,15.709410,-0.504491,0.265942,-0.029845,7.744000,23.194713

1.555114,0.770133,9.350815,15.709410,0.118498,0.010138,-0.452455,7.748000,23.194713

2.333495,8.070152,3.236330,15.759411,0.284505,0.057835,-0.421279,7.752000,23.194713

-1.603917,8.580292,9.082573,15.721176,0.314082,0.415961,-0.469508,7.756000,23.194713

-0.451913,16.553310,12.011682,15.709410,0.335399,0.435412,-0.525199,7.764000,25.105160

0.415084,-4.724042,11.757810,15.730000,0.335132,0.036252,-0.360792,7.764000,25.105160

-0.279472,3.440579,7.619215,15.730000,0.092918,0.112993,0.003729,7.768000,25.105160

-2.367929,5.071588,10.186677,15.724117,0.090253,-0.058609,0.033839,7.768000,25.105160

-3.069669,2.662198,10.883628,15.732941,-0.407765,-0.255791,0.129766,7.776000,25.105160

-0.262706,-0.180690,10.783037,15.730000,-0.147165,-0.188110,0.305631,7.772000,25.105160

2.719093,-1.759008,15.666482,15.732941,-0.110393,0.202258,0.271257,7.780000,25.105160

-6.520892,-0.219010,4.184758,15.735882,-0.083747,0.284062,0.272856,7.776000,25.105160

-4.104318,-8.785995,21.400158,15.718235,-0.627064,-0.656284,0.010657,7.772000,25.105160

-1.654213,9.866417,6.943820,15.724117,-0.051238,0.355207,0.160676,7.784000,25.105160

-3.019374,0.858748,3.001618,15.715292,0.105175,0.050374,-0.047165,7.776000,25.105160

-0.945287,-7.490290,23.778412,15.735882,-0.306243,0.005342,-0.089000,7.776000,25.105160

-4.671937,2.928045,4.134462,15.706469,-0.101600,0.291523,-0.177732,7.784000,27.903943

1.787430,1.062325,9.822634,15.718235,0.246933,-0.312814,0.156945,7.772000,27.903943

-0.159721,0.636012,6.833649,15.735882,-0.229502,-0.201433,0.096192,7.780000,27.903943

-4.913834,17.147276,5.719965,15.747646,-0.121318,0.317370,0.305365,7.772000,27.903943

2.177819,-11.042104,10.967453,15.730000,0.231212,-0.114300,0.490823,7.776000,27.903943

1.370697,1.371283,3.825505,15.712351,-0.352607,-0.617914,0.442859,7.772000,27.903943

-2.787057,9.428128,13.886982,15.727058,-0.128512,0.781281,0.261931,7.784000,27.903943

-1.294960,-8.922511,9.468171,15.724117,-0.241226,-0.050082,0.914231,7.776000,27.903943

-0.348927,10.481937,5.470883,15.706469,0.640232,0.558518,0.210771,7.784000,27.903943

-3.400182,-3.102614,12.667917,15.718235,-0.771486,-0.446045,0.002130,7.772000,27.903943

2.448456,4.834481,10.248947,15.741764,0.402547,0.310442,0.115910,7.784000,27.903943

1.282081,9.289217,7.774892,15.735882,0.298094,0.659507,0.092994,7.784000,27.903943

0.587526,-9.413490,7.408454,15.747646,-0.352874,0.074089,-0.276589,7.776000,27.903943

-3.560648,28.090120,2.771696,15.732941,0.793181,1.014436,-0.553977,7.780000,27.836929

-1.857789,-18.746881,17.778889,15.738823,-1.434711,0.187069,-0.487894,7.772000,27.836929

-1.922455,-3.734899,4.390729,15.735882,0.075864,0.395177,-0.192920,7.784000,27.836929

-4.269574,-1.644047,13.233142,15.741764,-0.760295,0.065030,-0.354929,7.776000,27.836929

-2.523605,1.213211,12.459551,15.735882,-0.020329,0.176144,-0.528663,7.788000,27.836929

-0.899782,3.610626,8.076665,15.741764,0.138750,0.022662,-0.274191,7.788000,27.836929

1.514398,2.860985,8.428732,15.727058,0.499540,0.188402,-0.290179,7.788000,27.836929

0.158817,-9.511686,8.011999,15.756470,-0.092806,-0.104441,-0.238752,7.784000,27.836929

-3.900741,8.211458,10.701606,15.735882,-0.423486,-0.262719,-0.021851,7.784000,27.836929

3.435204,-8.788390,12.945740,15.738823,0.472094,-0.151871,-0.208641,7.784000,27.836929

1.073714,-3.952846,2.735771,15.747646,-0.816252,-0.426061,0.049028,7.788000,27.836929

-5.071906,0.741392,10.270503,15.747646,0.297028,-0.078061,0.162274,7.784000,27.836929

1.042579,6.396034,11.103970,15.718235,-0.121851,-0.179849,0.154813,7.784000,28.264097

-1.991910,-0.597424,15.525175,15.724117,0.206964,0.058901,0.231022,7.784000,28.264097

-0.437543,7.734850,2.249582,15.718235,0.875252,0.110861,0.026645,7.800000,28.264097

7.113954,-8.323756,7.015671,15.730000,-0.408564,-0.408474,0.131098,7.792000,28.264097

-3.903136,0.992869,20.248154,15.724117,-0.692347,-0.414603,-0.026648,7.788000,28.264097

-0.008834,-4.489330,2.333407,15.744705,-0.090408,-0.405277,0.115377,7.784000,28.264097

-3.364257,4.530313,10.157937,15.724117,0.159267,-0.027166,0.410084,7.788000,28.264097

-3.668424,0.245623,18.533319,15.732941,-0.212182,0.266209,0.459646,7.792000,28.264097

-5.879027,-2.118261,5.475673,15.732941,-0.448267,0.176677,0.233686,7.788000,28.264097

1.121615,-6.910695,7.659931,15.732941,0.253328,-0.342924,0.023714,7.788000,28.264097

2.000587,-0.851296,6.768983,15.735882,0.313815,0.043979,0.137227,7.792000,28.264097

-3.172655,1.603599,6.515111,15.735882,-0.039514,-0.020771,-0.071147,7.784000,28.264097

4.237535,-1.224919,13.491804,15.732941,0.235209,-0.204630,0.056222,7.788000,28.199980

-2.978658,4.822506,1.643642,15.741764,0.116900,0.117523,0.014921,7.784000,28.199980

5.384750,6.980418,16.739450,15.724117,0.465965,-0.020771,-0.049297,7.788000,28.199980

-2.578690,1.967642,8.682605,15.715292,-0.403235,0.516684,-0.254207,7.788000,28.199980

-1.867369,0.190538,13.419953,15.738823,-0.284659,0.130046,-0.085269,7.788000,28.199980

2.910695,-5.274897,6.946215,15.724117,-0.216978,-0.181448,0.034372,7.784000,28.199980

-0.698600,3.512430,2.469923,15.730000,0.567221,-0.233142,-0.058090,7.788000,28.199980

-0.257916,-1.006972,11.072834,15.706469,-0.202322,0.109529,-0.015190,7.784000,28.199980

1.303637,-0.829740,10.320798,15.732941,0.510198,0.189468,-0.075144,7.796000,28.199980

-1.017138,5.270374,10.658496,15.718235,0.037227,-0.064205,-0.277655,7.796000,28.199980

2.441271,-5.806591,-3.294888,15.727058,0.798777,0.396242,-0.289380,7.792000,28.199980

0.668956,-2.875087,11.961387,15.721176,-0.772819,-0.868388,-0.602739,7.788000,28.199980

0.783917,-2.788867,13.927697,15.721176,0.007650,0.204123,-0.324819,7.792000,28.199980

-6.381981,-0.348342,8.965217,15.741764,-0.463989,-0.082324,-0.481499,7.792000,28.069554

-1.946405,2.463411,10.186677,15.732941,0.432391,-0.002918,-0.427940,7.796000,28.069554

-3.493588,15.990481,14.382751,15.712351,-0.074953,0.300582,-0.151618,7.796000,28.069554

2.441271,-7.770507,4.361989,15.732941,0.471295,-0.110036,-0.156148,7.800000,28.069554

-0.289052,4.362662,1.279599,15.735882,0.568820,-0.009047,0.279518,7.800000,28.069554

-1.872159,-2.178136,9.508886,15.727058,-0.025658,-0.300823,0.333077,7.796000,28.069554

-3.752250,5.404496,11.393766,15.741764,-0.223906,-0.224615,0.348532,7.792000,28.069554

-3.553463,-2.348183,10.141171,15.730000,0.043889,0.093275,0.263797,7.796000,28.069554

0.539625,0.233648,4.474555,15.735882,0.257059,-0.452174,0.374645,7.800000,28.069554

0.077386,0.856353,14.076189,15.724117,-0.016598,-0.036493,0.613928,7.792000,28.069554

-1.239874,3.986644,6.642047,15.724117,0.191243,-0.077794,0.614195,7.800000,28.069554

-1.891320,-7.131037,8.311377,15.732941,-0.211116,-0.168924,0.561968,7.792000,28.069554

-0.514183,-5.523979,10.488449,15.727058,-0.500494,-0.601127,0.469239,7.800000,28.879135

-0.926127,-1.474001,11.015354,15.721176,-0.757630,-0.421264,0.367983,7.804000,28.879135

3.545375,0.767738,4.053031,15.721176,-0.066960,0.268607,0.357591,7.804000,28.879135

-5.879027,3.076536,12.948134,15.741764,-0.352341,0.121253,0.277386,7.804000,28.879135

2.465221,-1.945820,9.841794,15.724117,0.371371,0.013602,0.099922,7.804000,28.879135

-1.302145,5.622442,-2.679368,15.718235,-0.239627,0.379455,0.300568,7.808000,28.879135

1.931132,-3.876205,13.527729,15.715292,-0.346212,-0.136949,-0.028779,7.800000,28.879135

3.020865,0.765343,7.252778,15.727058,0.274645,0.090344,0.041300,7.804000,29.736678

-3.153495,-1.838044,14.195940,15.730000,-0.865281,0.043446,0.034639,7.800000,29.736678

-2.918783,4.532709,11.137500,15.735882,0.161932,0.152163,0.073542,7.800000,29.736678

0.527650,-9.940394,5.509203,15.724117,-0.367796,-0.286168,-0.004265,7.804000,29.736678

-8.381823,2.468201,13.858242,15.721176,-0.211915,-0.021038,0.134562,7.804000,29.736678

-2.080526,1.198841,13.269067,15.721176,0.675139,0.735449,0.005328,7.812000,29.736678

-1.158444,2.415511,10.586645,15.721176,-0.382984,0.263811,0.108449,7.812000,29.736678

-2.303263,-1.335090,8.536509,15.727058,0.553365,0.184938,0.013855,7.816000,29.736678

2.204164,5.675133,2.177731,15.724117,0.502737,0.098071,-0.090066,7.816000,29.736678

1.509608,-0.156740,-0.835203,15.724117,0.325806,0.031722,-0.272326,7.812000,29.736678

0.003141,0.774923,14.955161,15.727058,-0.321431,0.091143,-0.037306,7.816000,29.736678

-2.025441,-1.955400,10.704001,15.732941,-0.706736,0.053039,-0.364788,7.812000,29.716443

-1.608707,-2.391293,11.707515,15.721176,0.229613,0.009605,-0.167073,7.812000,29.716443

-2.269733,-7.097507,6.867179,15.732941,-0.255348,-0.059142,-0.338675,7.816000,29.716443

-2.487679,2.722074,6.510322,15.727058,0.003120,-0.340526,-0.278988,7.808000,29.716443

-1.407526,3.007081,12.653547,15.718235,0.071867,0.137241,-0.115113,7.808000,29.716443

0.491725,11.583646,10.105247,15.715292,1.036462,0.328028,-0.086335,7.820000,29.716443

0.084571,3.311248,0.031794,15.732941,-0.015799,-0.164927,0.155879,7.816000,29.716443

0.666561,-5.042580,27.646370,15.703527,0.210428,-0.044753,0.396495,7.816000,29.716443

0.800682,0.614456,9.947175,15.732941,-0.834372,-0.911822,-0.417282,7.820000,29.716443

-2.260153,3.083721,-0.509481,15.712351,0.766002,0.234766,0.056222,7.816000,29.716443

8.194107,-1.270424,7.645561,15.727058,0.164063,-0.699718,-0.321355,7.820000,29.716443

-2.667306,3.931558,14.648599,15.738823,-0.097869,-0.330134,-0.154550,7.820000,29.716443

-3.522328,1.843101,5.988207,15.721176,0.262655,-0.118563,-0.006929,7.824000,30.828100

0.685721,13.815804,12.023657,15.718235,1.216590,0.515618,0.402091,7.832000,30.828100

-3.644474,-4.127682,1.986130,15.724117,-0.006473,-0.075929,0.466308,7.832000,30.828100

0.630636,-6.668798,18.245918,15.718235,0.167794,-0.477488,0.484960,7.828000,30.828100

1.442548,6.293048,7.394083,15.721176,-0.255881,-0.737555,0.484960,7.832000,30.828100

-5.411998,-1.964980,12.866704,15.732941,-0.220175,0.113526,0.582219,7.828000,30.828100

-1.247059,-1.282399,11.410532,15.709410,0.192042,-0.233941,0.816440,7.832000,30.828100

-1.857789,-0.592633,9.741203,15.721176,-0.638788,-0.187044,0.467374,7.828000,30.828100

-1.201554,15.312692,14.128880,15.730000,1.180351,0.907584,0.702660,7.832000,30.828100

4.354891,1.083880,-3.167953,15.712351,0.212826,0.276867,0.193450,7.828000,30.828100

-0.511788,6.307418,11.226115,15.738823,-0.377122,0.309909,0.113512,7.824000,32.457731

8.797652,-2.290702,3.866220,15.712351,1.306122,-0.022637,-0.065018,7.836000,32.457731

-0.562084,-0.580658,11.192585,15.718235,-0.704604,-0.236339,-0.209174,7.832000,32.457731

2.501146,6.551710,5.377477,15.727058,0.485950,0.178010,-0.172403,7.836000,32.457731

3.487894,-5.765875,11.247670,15.724117,-0.158889,-0.027966,-0.166807,7.832000,32.457731

2.232904,0.418065,-0.782513,15.718235,0.581877,-0.052480,-0.018654,7.832000,32.457731

-2.557135,-2.321838,9.010722,15.706469,-0.277465,0.069293,-0.017588,7.832000,32.457731

-4.549791,3.929163,14.011523,15.718235,-0.447734,-0.278441,-0.207309,7.832000,32.457731

4.225560,-0.959072,3.662643,15.700586,0.684198,0.481777,0.090862,7.836000,32.457731

-2.911598,-5.346747,11.853611,15.700586,-0.125581,-0.055944,-0.117511,7.836000,32.457731

1.775455,7.603124,0.362306,15.703527,-0.065094,-0.233142,0.017585,7.832000,32.457731

-2.305658,-2.070361,8.756850,15.715292,-1.015566,-0.727163,-0.134298,7.832000,32.026016

1.552718,6.029596,12.723002,15.712351,0.702051,0.180408,0.402890,7.840000,32.026016

-4.360585,-0.506413,8.433522,15.703527,-0.927900,0.073024,0.593944,7.832000,32.026016

-3.278036,-2.554155,21.222927,15.709410,0.097448,0.231036,0.863604,7.836000,32.026016

0.201927,-0.472883,2.699846,15.712351,0.041224,-0.130021,0.961395,7.832000,32.026016

-1.333280,3.914793,12.327825,15.715292,0.207230,0.239030,0.778069,7.832000,32.026016

3.095111,-7.020866,5.367897,15.718235,0.302624,-0.392753,0.436464,7.832000,32.026016

1.195861,6.185272,7.849137,15.721176,-0.143434,0.281664,0.362654,7.836000,32.026016

-1.728458,2.422696,4.297324,15.724117,-0.175676,0.252086,0.143355,7.832000,32.026016

1.555114,12.029119,6.333090,15.732941,0.310618,0.573707,-0.040770,7.836000,32.026016

-1.733248,-3.713344,8.507768,15.727058,-0.226571,0.209719,-0.220899,7.836000,32.239940

2.455641,1.277877,12.246394,15.712351,-0.595621,0.211051,-0.503082,7.832000,32.239940

-4.168983,1.773646,10.327983,15.712351,-0.690215,0.762096,-0.409554,7.840000,32.239940

0.302518,-2.249987,8.826305,15.712351,-0.166883,-0.079393,-0.599009,7.836000,32.239940

2.889139,3.215447,14.428257,15.712351,-0.292120,0.137507,-0.605937,7.832000,32.239940

-1.369205,3.498060,17.857925,15.724117,-0.092273,0.365599,-0.338142,7.836000,32.239940

-3.290011,6.637931,2.903422,15.721176,0.649825,0.322166,-0.128436,7.836000,32.239940

1.816171,3.972274,8.931686,15.724117,0.489681,-0.146275,-0.164942,7.836000,32.239940

-1.086593,3.344779,10.620175,15.715292,-0.180473,0.055970,-0.116445,7.844000,32.239940

-2.070946,-0.269306,11.204560,15.732941,-0.122384,-0.044753,0.026378,7.844000,32.239940

-2.291288,12.589554,6.050478,15.732941,0.074266,0.334157,0.155879,7.844000,32.239940

-2.061366,-5.976637,13.558865,15.721176,-0.683820,-0.297093,-0.281386,7.840000,32.230664

0.965939,3.507640,12.708632,15.730000,-0.082414,-0.096180,-0.252075,7.840000,32.230664

-4.662357,2.925650,5.123605,15.709410,-0.487704,0.216913,-0.023716,7.840000,32.230664

-2.339188,-2.776891,18.974003,15.712351,0.527785,-0.314679,-0.390635,7.840000,32.230664

1.720370,4.542289,8.845466,15.724117,-1.058200,-0.701316,-0.171070,7.836000,32.230664

3.569325,7.119329,11.266830,15.735882,1.138250,0.524145,0.302434,7.848000,32.230664

-0.080685,4.302787,0.726349,15.703527,0.648492,-0.612318,0.246210,7.848000,32.230664

-1.884135,-5.504818,14.102534,15.727058,0.103044,-0.355981,0.505744,7.844000,32.230664

0.451009,0.765343,4.486530,15.712351,0.379632,-0.538508,0.310960,7.844000,32.230664

2.884349,8.640167,15.091677,15.721176,-0.033652,-0.319476,0.458847,7.848000,32.230664

1.059344,4.621324,0.810175,15.709410,0.844609,0.061299,0.226758,7.848000,32.584548

5.978714,1.723350,14.773139,15.715292,0.228014,-0.736490,-0.018387,7.844000,32.584548

3.020865,7.792330,-1.010040,15.730000,0.816630,0.084748,0.141757,7.848000,32.584548

-4.719838,2.887330,12.653547,15.709410,-0.469584,0.418892,-0.044234,7.840000,32.584548

3.195702,4.281231,5.978627,15.712351,0.662348,0.408500,-0.107919,7.848000,32.584548

3.497474,-7.732186,12.291899,15.721176,-0.827443,-0.630171,0.046097,7.840000,32.584548

-1.500932,4.896751,7.918593,15.718235,0.569886,0.274736,0.155346,7.848000,32.584548

-2.090106,-0.056149,16.976557,15.715292,-0.720592,-0.398082,-0.044501,7.840000,32.584548

-1.093778,11.178887,1.988525,15.715292,1.049518,0.146567,-0.000534,7.844000,32.584548

4.757255,7.047479,9.693303,15.715292,0.586673,0.061033,-0.135364,7.844000,32.584548

4.261486,-6.002983,20.602617,15.709410,-0.150096,-0.010912,0.220363,7.848000,32.584548

-3.328331,12.776365,-6.104247,15.715292,-0.187933,0.105532,-0.033842,7.840000,32.556967

3.272343,-5.610199,16.638859,15.712351,0.012446,0.053838,0.222228,7.844000,32.556967

-2.741552,4.908727,21.024139,15.712351,0.125160,0.095673,-0.007729,7.848000,32.556967

-0.914152,1.265902,-2.123724,15.721176,0.153938,-0.026367,-0.134565,7.844000,32.556967

2.302360,5.737403,8.646679,15.718235,0.124094,0.087679,0.203043,7.844000,32.556967

-3.522328,10.565763,9.626243,15.712351,0.098514,0.619005,0.121239,7.848000,32.556967

2.577787,-19.177986,8.941267,15.706469,-0.781345,-0.306153,-0.018121,7.840000,32.556967

-6.896910,10.577738,5.322392,15.732941,-0.057367,-0.105773,0.160143,7.844000,32.556967

-4.937785,-15.130402,10.306428,15.715292,-0.823979,0.045311,-0.045033,7.844000,32.556967

-2.470914,6.178087,11.714700,15.700586,0.728964,0.141238,0.014921,7.844000,32.556967

-1.450636,9.902342,3.887775,15.706469,0.533647,0.248089,-0.024249,7.840000,32.556967

0.276173,2.571187,17.814814,15.721176,-0.210849,0.203857,0.171867,7.840000,31.720355

-0.207621,11.897393,4.488925,15.712351,0.333800,0.395710,-0.132167,7.852000,31.720355

-0.279472,-14.589128,16.296371,15.712351,-0.370993,0.150831,0.113512,7.840000,31.720355

-2.753527,1.962852,9.475356,15.706469,-0.220975,-0.246731,-0.057024,7.844000,31.720355

-1.970355,-0.307626,6.371410,15.706469,-0.428549,-0.008514,0.110847,7.840000,31.720355

5.456600,2.446646,12.780483,15.721176,0.782789,0.244092,0.144155,7.844000,31.720355

-0.389642,-0.736335,7.511440,15.703527,-0.013134,0.229970,-0.124972,7.848000,31.720355

-3.072064,4.360267,2.517824,15.703527,0.448645,0.226772,-0.255272,7.848000,31.720355

3.653151,6.582845,16.955002,15.727058,-0.099734,-0.029298,-0.228893,7.844000,31.720355

-1.065038,-2.779286,2.158571,15.721176,-0.475180,0.029324,-0.193453,7.840000,31.720355

0.249828,-1.438075,14.401912,15.706469,0.884312,0.127915,-0.343471,7.844000,31.720355

-1.350045,-0.254936,8.893367,15.709410,-1.020362,-0.664012,-0.367187,7.836000,31.448727

3.025656,3.028636,14.536033,15.697645,0.243736,0.311241,-0.299505,7.840000,31.448727

-5.534144,-3.212785,7.904223,15.712351,-0.393110,-0.109237,-0.333879,7.844000,31.448727

-1.999095,-4.233063,6.297165,15.712351,0.114501,-0.304820,-0.330415,7.840000,31.448727

2.565812,-1.162648,15.355129,15.694704,-0.324895,-0.615782,-0.307499,7.840000,31.448727

-1.680558,9.011395,6.007368,15.718235,0.111304,-0.081258,-0.080739,7.840000,31.448727

-1.567992,-6.163449,12.689472,15.697645,0.057745,-0.446045,-0.006929,7.832000,31.448727

-0.317792,-1.143488,10.514794,15.706469,-0.175410,-0.137482,0.050360,7.840000,31.448727

-1.939220,-1.050082,8.213181,15.694704,-0.116522,-0.454039,0.327215,7.836000,31.448727

2.534677,3.814203,12.857123,15.703527,0.555497,-0.103375,0.397827,7.844000,31.448727

-1.709298,2.750814,4.783513,15.685881,-0.276399,-0.225947,0.477766,7.840000,31.448727

-1.263825,-3.449892,13.388818,15.712351,-0.097603,-0.177984,0.489757,7.836000,31.448727

2.194584,5.744588,3.842270,15.709410,-0.132776,-0.270180,0.333077,7.840000,29.934959

-3.160680,-6.546652,17.479511,15.697645,0.040158,-0.120695,0.620057,7.836000,29.934959

-2.811007,-1.359040,6.936635,15.715292,-0.499162,-0.334931,0.277919,7.840000,29.934959

-1.414711,4.690780,7.468329,15.706469,0.176587,0.029057,0.476700,7.836000,29.934959

1.353932,-1.612912,6.974955,15.691763,0.357782,-0.321074,0.098590,7.836000,29.934959

3.219652,9.569434,14.286950,15.703527,-0.228169,0.368797,0.304032,7.836000,29.934959

-2.478099,0.224068,9.005932,15.688822,0.454774,0.859088,0.116976,7.840000,29.934959

1.679655,5.902659,5.049360,15.712351,-0.372858,-0.122293,-0.078341,7.840000,29.934959

-1.266220,-8.793180,17.661533,15.715292,-0.272669,0.325097,0.122571,7.836000,29.934959

-0.293842,3.014266,10.632151,15.691763,-0.184469,0.180674,0.170002,7.840000,29.934959

-5.582045,3.550750,5.827741,15.715292,0.262655,0.340019,0.228357,7.836000,29.934959

1.746715,5.735008,9.913645,15.712351,0.156336,0.704007,-0.019986,7.836000,29.959629

1.854491,-5.888021,15.285673,15.691763,-0.189532,0.202524,-0.212372,7.840000,29.959629

-0.803981,-0.999787,4.752377,15.697645,-0.047241,-0.057277,-0.617395,7.840000,29.959629

2.333495,2.650223,12.042817,15.688822,-0.054436,0.261679,-0.524133,7.844000,29.959629

1.844911,2.111343,9.477751,15.688822,-0.331024,0.096206,-0.634449,7.840000,29.959629

-1.932035,2.889725,8.103010,15.706469,-0.476779,-0.048217,-0.247545,7.836000,29.959629

-2.264943,-4.115707,9.453801,15.697645,-0.347544,0.213183,-0.095395,7.840000,29.959629

-6.444252,-1.756613,10.627360,15.688822,-0.206319,0.039449,-0.200115,7.840000,29.959629

0.170792,4.527918,10.996194,15.682940,0.010848,0.119921,-0.037040,7.840000,29.959629

-1.898505,0.396510,6.704318,15.674116,-0.587361,0.319501,0.185190,7.840000,29.959629

-5.050350,-3.830700,13.755256,15.688822,-0.038981,-0.021304,-0.285383,7.836000,29.959629

2.137103,9.107196,7.825187,15.682940,0.090520,-0.001586,-0.264865,7.844000,30.370149

-1.033903,-0.372292,8.546088,15.691763,0.061209,0.061299,-0.464712,7.844000,30.370149

-2.123636,2.810689,9.626243,15.674116,-0.428549,-0.037292,-0.381043,7.840000,30.370149

2.196979,1.565279,9.128078,15.697645,0.535246,-0.100444,-0.598210,7.848000,30.370149

2.747833,1.344937,7.865902,15.688822,-0.178874,-0.447378,-0.257671,7.848000,30.370149

-5.622760,-0.721965,11.345866,15.679998,-0.430681,0.253952,-0.355995,7.844000,30.370149

-3.213370,-2.908617,9.477751,15.694704,-0.590292,-0.586738,-0.461781,7.836000,30.370149

1.715580,3.541170,16.837646,15.700586,0.540575,0.081550,-0.474305,7.848000,30.370149

-2.073341,5.440421,7.935358,15.682940,0.509665,0.069293,-0.349600,7.844000,30.370149

-3.888766,7.852205,15.170712,15.682940,-0.365664,-0.139614,-0.101790,7.840000,30.370149

-1.551227,0.010911,18.329742,15.677057,0.299959,-0.071666,-0.269661,7.844000,30.370149

1.555114,14.462460,2.699846,15.682940,0.924814,-0.253127,0.275254,7.844000,30.762401

5.377565,-10.002666,11.072834,15.691763,0.187512,-0.600860,0.474568,7.844000,30.762401

-3.869606,13.600252,18.456680,15.685881,-0.105863,-0.434055,0.452186,7.852000,30.762401

-6.930441,-4.453405,6.064848,15.685881,-0.285192,0.079419,0.551843,7.844000,30.762401

1.756295,4.218961,14.844990,15.674116,0.557362,-0.138015,0.567297,7.848000,30.762401

1.459313,1.742511,7.439589,15.671175,0.385227,-0.470294,0.526795,7.844000,30.762401

-2.921178,-0.978232,9.664562,15.677057,-0.296384,-0.166793,0.552642,7.836000,30.762401

-1.690138,2.061048,3.796764,15.677057,0.194707,0.201725,0.349064,7.844000,30.762401

1.514398,-2.829582,9.520862,15.674116,-0.247621,-0.216088,0.199846,7.840000,30.762401

0.434244,1.629945,6.079218,15.679998,0.248266,-0.067136,-0.264332,7.840000,30.762401

-2.056576,-0.626164,16.830462,15.677057,0.007384,0.196396,0.040501,7.844000,30.762401

0.041461,2.257440,13.228352,15.677057,0.003387,0.083682,-0.193986,7.840000,30.307177

-3.977382,2.393956,6.306745,15.665293,-0.096803,0.191066,-0.018121,7.840000,30.307177

2.285594,3.699241,13.496593,15.685881,0.560027,0.008273,-0.087401,7.844000,30.307177

0.841398,2.647828,11.774575,15.665293,-0.465587,-0.443914,0.143888,7.844000,30.307177

-1.469796,4.616534,16.437677,15.656469,0.662881,0.484708,0.405821,7.848000,30.307177

-5.783226,-2.695461,2.673500,15.688822,-0.029388,-0.044486,0.203842,7.844000,30.307177

-0.162116,2.120924,10.098062,15.659410,-0.018996,-0.210493,0.205708,7.840000,30.307177

0.395924,-3.864230,11.317126,15.668234,-0.198858,-0.125225,0.062884,7.844000,30.307177

2.084413,5.646392,0.625759,15.679998,0.455573,-0.014376,0.281383,7.840000,30.307177

1.574274,-7.916603,12.186519,15.659410,-0.120518,-0.227546,0.344268,7.840000,30.307177

-0.205226,3.361544,14.126484,15.671175,-0.531670,-0.267516,0.243545,7.844000,30.307177

-1.223109,-4.266593,2.489084,15.677057,-0.143434,-0.191307,0.061818,7.836000,30.307177

2.771783,4.259676,14.399516,15.653528,-0.059499,-0.182780,0.160676,7.832000,29.913744

-3.203790,4.616534,5.813371,15.656469,0.322342,0.624068,0.151882,7.840000,29.913744

-0.154930,7.665394,11.190190,15.656469,-0.089609,0.413296,0.157478,7.840000,29.913744

-0.186066,-2.132631,12.854729,15.671175,0.230679,0.030390,0.087931,7.848000,29.913744

-2.767897,16.526966,5.267306,15.659410,0.385760,0.741045,0.339205,7.848000,29.913744

2.819684,-13.528133,7.037226,15.665293,-0.898322,-0.425528,-0.053827,7.840000,29.913744

-3.927086,13.056583,11.250066,15.659410,0.022572,0.139373,0.167071,7.840000,29.913744

0.163607,-1.337485,3.665038,15.653528,0.302890,0.026926,0.049294,7.844000,29.913744

-0.145350,0.535421,14.198335,15.653528,-0.026724,0.238763,-0.011459,7.844000,29.913744

4.144130,-1.507531,8.864626,15.665293,0.246933,-0.421797,-0.015456,7.844000,29.913744

2.951410,1.570069,10.826147,15.674116,0.544039,0.077287,0.203842,7.848000,30.042730

-2.612221,0.973709,-1.330972,15.659410,-0.191664,-0.049816,0.370115,7.836000,30.042730

-2.135612,5.210499,10.730347,15.653528,0.029500,0.095140,0.390633,7.836000,30.042730

-2.406249,-3.200810,9.190349,15.662352,-0.854356,0.084215,0.453251,7.840000,30.042730

-3.136730,4.235726,9.717253,15.647646,0.663148,0.258215,0.247809,7.844000,30.042730

0.046251,4.151900,2.376518,15.644705,-0.057100,0.084215,0.198247,7.844000,30.042730

2.067648,-4.963544,8.871811,15.653528,0.021506,-0.201166,0.109248,7.836000,30.042730

2.422111,-5.420993,4.817043,15.656469,-0.400304,-0.086854,0.071411,7.832000,30.042730

-2.128427,-0.434562,9.468171,15.662352,-0.095205,-0.065004,0.100455,7.828000,30.042730

-1.304540,4.573424,11.221325,15.671175,-0.227103,0.328295,0.070878,7.832000,30.042730

-0.772846,4.240516,7.286308,15.668234,0.085723,0.088745,0.085533,7.832000,30.042730

1.959872,3.117252,13.774416,15.671175,0.476358,0.144968,-0.089799,7.836000,30.042730

-2.293683,6.700201,0.127594,15.668234,0.030033,-0.027966,0.016519,7.836000,29.116697

2.316730,-0.468093,14.713264,15.647646,0.665812,0.470053,-0.062886,7.840000,29.116697

1.672469,-6.438876,2.898632,15.662352,-0.212981,-0.730094,-0.278721,7.840000,29.116697

-3.472033,8.680882,13.202006,15.659410,-0.840500,-0.038891,0.244345,7.840000,29.116697

2.005377,-2.738571,11.695539,15.653528,0.135286,0.127382,-0.235821,7.840000,29.116697

1.325192,5.227264,9.070598,15.671175,-0.223107,0.094341,0.045830,7.832000,29.116697

1.703605,-6.381395,11.930251,15.665293,0.120630,0.141771,0.057022,7.832000,29.116697

-3.637289,1.356912,7.269543,15.653528,-0.076552,0.054638,-0.157747,7.836000,29.116697

-1.800309,1.402418,-0.959744,15.665293,-0.470117,-0.161730,-0.155082,7.828000,29.116697

2.232904,-0.281281,11.187795,15.650587,0.899766,0.315504,-0.470041,7.836000,29.116697

1.775455,-3.545693,10.042975,15.635881,-0.834372,-0.449776,-0.283784,7.828000,29.116697

-4.130663,7.136095,16.794535,15.650587,-0.365397,0.204123,-0.196917,7.836000,29.116697

-4.192934,-0.156740,9.410690,15.650587,0.116900,0.191866,-0.470308,7.836000,28.836676

2.108363,-2.113471,12.746953,15.653528,-0.622267,-0.244067,-0.434335,7.832000,28.836676

-1.793124,1.239557,9.623847,15.647646,-0.093872,-0.111901,-0.463913,7.836000,28.836676

1.040184,4.657249,7.849137,15.656469,0.232544,-0.269381,-0.222764,7.836000,28.836676

3.372933,-5.461708,12.545772,15.650587,-0.036583,-0.343457,-0.168139,7.836000,28.836676

-2.504445,7.852205,10.040581,15.659410,-0.375257,-0.295228,0.300035,7.832000,28.836676

-5.299432,0.391720,6.618097,15.647646,0.454774,0.236898,0.291242,7.840000,28.836676

-4.451596,0.710257,10.919553,15.641764,-0.239894,-0.007715,0.402890,7.832000,28.836676

-2.011071,0.561766,10.639336,15.638823,-0.044577,-0.370370,0.337607,7.836000,28.836676

1.655704,6.381663,8.797565,15.647646,0.071867,0.104999,0.243812,7.840000,28.836676

-2.173932,2.537657,14.957556,15.656469,-0.032586,-0.027699,-0.052494,7.840000,28.836676

-2.176327,-2.990048,5.382267,15.632940,-0.541263,-0.021571,-0.137762,7.836000,28.836676

3.083136,1.594019,13.901352,15.624117,0.294897,-0.424195,-0.327217,7.840000,29.119627

-2.631381,-1.112353,10.066926,15.629999,-0.037382,0.067161,-0.026115,7.836000,29.119627

-2.056576,1.677845,3.638693,15.647646,-0.287058,-0.134551,-0.015989,7.836000,29.119627

-1.965565,10.661564,9.664562,15.632940,0.014578,-0.011978,0.049561,7.840000,29.119627

-1.220714,1.165311,18.111797,15.635881,-0.724322,0.236631,0.220896,7.836000,29.119627

1.825751,2.880145,17.024458,15.627058,0.098780,0.341884,-0.029046,7.844000,29.119627

-1.551227,-0.801000,18.157303,15.632940,0.836082,-0.089785,-0.032510,7.844000,29.119627

0.314493,-1.806908,8.308981,15.624117,0.541907,-0.377565,-0.212105,7.844000,29.119627

1.825751,-1.962585,6.055268,15.641764,-0.207918,-0.516391,-0.039438,7.832000,29.119627

-2.279313,6.084681,16.322716,15.624117,0.835016,0.309909,0.056489,7.840000,29.119627

4.534518,-5.555114,6.222919,15.629999,0.669010,-0.198768,0.176930,7.856000,29.119627

-12.848535,-1.917079,23.967619,15.650587,-0.937492,-0.935537,0.138826,7.844000,29.944189

3.207677,9.957428,5.806186,15.627058,0.964250,0.049308,0.490556,7.844000,29.944189

-3.879186,-2.312258,16.641254,15.638823,-1.055802,-0.931274,0.356259,7.836000,29.944189

-4.453990,1.819151,7.566525,15.641764,-0.116522,-0.074597,0.589414,7.836000,29.944189

-0.284262,1.996382,8.340117,15.632940,0.135019,0.136974,0.822302,7.844000,29.944189

4.831500,3.486085,12.102693,15.638823,0.394287,-0.256591,1.041867,7.844000,29.944189

-0.581244,-6.465221,9.995075,15.635881,0.369772,0.168151,0.804982,7.844000,29.944189

2.426901,13.933160,-0.777723,15.659410,0.223485,0.020530,0.900908,7.844000,29.944189

6.019430,-9.226679,11.501543,15.632940,0.439319,0.367465,0.806847,7.840000,29.944189

-4.894674,-4.585131,12.447576,15.641764,-0.300381,-0.458036,0.206774,7.844000,29.944189

-1.232689,25.012520,3.068678,15.635881,1.203800,1.531906,0.551310,7.852000,29.944189

1.607804,3.464530,9.896879,15.647646,0.091852,0.767958,0.411950,7.848000,29.944189

7.279211,0.710257,0.486847,15.632940,0.160599,0.294720,0.273656,7.848000,30.198621

1.828146,-4.537230,19.915247,15.624117,-0.611342,-0.213157,-0.184127,7.844000,30.198621

-3.716325,-1.890734,7.806027,15.641764,-0.301446,0.638457,-0.551046,7.848000,30.198621

-4.573741,23.946735,-3.009881,15.624117,-0.442405,0.753835,-0.858810,7.840000,30.198621

3.478314,-14.689718,15.120418,15.641764,-0.018996,-0.082591,-0.781802,7.844000,30.198621

2.177819,2.741234,3.734494,15.632940,0.320210,0.635259,-0.796191,7.840000,30.198621

-2.760712,-1.694342,10.241762,15.632940,0.106508,0.065563,-0.727710,7.840000,30.198621

-2.724787,-0.729150,2.534589,15.629999,0.030033,-0.368771,-0.958733,7.832000,30.198621

-4.377350,5.888289,9.465776,15.644705,0.126759,0.063431,-0.377579,7.840000,30.198621

3.514239,1.086275,4.431445,15.644705,0.417736,-0.103908,-0.131101,7.844000,30.198621

-10.408010,12.254251,13.252302,15.641764,-0.345413,0.684555,0.400758,7.844000,30.198621

2.331100,0.813243,6.783354,15.638823,0.688728,0.035452,-0.265398,7.848000,29.600014

0.292938,3.943534,15.549126,15.638823,-0.374457,-0.312548,-0.120709,7.848000,29.600014

-6.070629,3.613021,7.604846,15.644705,0.616517,0.177210,-0.266730,7.848000,29.600014

0.731227,5.507482,3.562052,15.638823,0.091852,-0.338928,-0.353331,7.844000,29.600014

-1.383576,-10.833736,17.987255,15.632940,0.529384,-0.418067,-0.330948,7.848000,29.600014

4.254301,2.348450,2.620810,15.656469,0.286636,-0.955788,-0.219300,7.844000,29.600014

1.430573,0.643197,14.018708,15.656469,0.178719,-0.051947,0.620590,7.840000,29.600014

0.257013,-2.163766,11.204560,15.641764,-0.272402,-0.590734,0.605934,7.836000,29.600014

-3.881581,-1.715898,15.656901,15.647646,0.348988,0.108996,0.591012,7.844000,29.600014

-0.039970,6.467884,6.390571,15.632940,0.173123,-0.045552,0.493221,7.840000,29.600014

-4.578532,4.779396,10.838122,15.638823,-0.067492,0.222509,0.580620,7.844000,29.600014

-2.554740,-0.566288,15.642531,15.632940,0.097981,-0.267516,0.111913,7.844000,29.600014

0.582735,0.295919,2.606440,15.644705,0.121163,-0.310682,0.176397,7.844000,29.777491

-4.815639,1.376073,16.389776,15.650587,-0.157024,-0.035427,0.272856,7.844000,29.777491

-1.939220,8.000697,6.076823,15.656469,-0.230567,0.182007,0.429536,7.840000,29.777491

3.547770,-4.233063,13.551680,15.647646,-0.046975,0.163088,0.503080,7.844000,29.777491

-6.710099,-0.992602,1.071232,15.641764,-0.414693,0.118589,0.260066,7.844000,29.777491

1.820961,12.488963,3.348896,15.644705,0.198704,0.543330,0.449254,7.844000,29.777491

2.299965,-2.705041,-2.087799,15.635881,0.125426,0.485774,0.237950,7.840000,29.777491

3.878283,-14.380761,27.004503,15.624117,-0.710466,-0.573681,-0.123906,7.840000,29.777491

-4.786898,6.091866,6.488766,15.641764,-0.275067,-0.204630,-0.615530,7.844000,29.777491

-1.752409,11.705792,11.561419,15.638823,1.092952,1.062132,-0.316292,7.844000,29.777491

5.387145,1.840706,11.223721,15.656469,0.071068,-0.186244,-0.696534,7.848000,29.777491

0.846188,-2.918198,20.006256,15.641764,-0.304378,0.160690,-0.621125,7.844000,29.870434

5.169198,8.379109,2.393283,15.650587,0.966915,0.266475,-0.448191,7.852000,29.870434

-2.664911,-0.226196,10.960268,15.650587,0.222152,-1.048784,-0.750360,7.852000,29.870434

2.235299,-5.193466,19.836210,15.644705,-0.935894,-0.599528,0.000798,7.852000,29.870434

-2.624196,1.883817,11.587764,15.647646,0.560027,0.160956,-0.233955,7.856000,29.870434

1.140775,7.648629,0.771855,15.647646,-0.025125,-0.235007,0.025579,7.856000,29.870434

2.347865,3.007081,-5.828819,15.641764,0.906694,0.123651,-0.305101,7.856000,29.870434

1.610199,-4.807868,20.633753,15.632940,-0.604414,-0.795111,-0.296308,7.852000,29.870434

-4.590507,4.341107,9.985496,15.647646,1.123861,0.553988,-0.165741,7.856000,29.870434

-0.588429,-4.654586,9.425060,15.659410,-0.462656,-0.031430,0.197181,7.852000,29.870434

-4.681518,-1.744638,8.052714,15.647646,-0.111192,-0.270713,0.226492,7.852000,29.870434

-4.322265,5.569752,17.992046,15.629999,-0.282528,-0.149739,0.244611,7.852000,29.870434

1.277291,2.075418,6.201364,15.671175,0.256259,0.167351,0.395163,7.852000,31.013175

-1.481771,6.652301,6.304350,15.635881,-0.317701,0.078886,0.311493,7.848000,31.013175

-4.686307,0.944969,15.321599,15.644705,-0.343015,-0.041022,0.152948,7.856000,31.013175

1.088085,0.166588,6.919870,15.659410,-0.097603,0.119921,0.233420,7.856000,31.013175

-1.682953,3.967484,10.155541,15.632940,0.543240,0.096472,0.283515,7.860000,31.013175

-1.704508,6.597215,9.211904,15.627058,0.510731,0.523612,0.137227,7.860000,31.013175

1.054554,-1.847624,2.606440,15.656469,-0.286258,-0.070333,-0.097527,7.856000,31.013175

-1.663793,3.514825,10.129196,15.647646,-0.065094,-0.357313,-0.273125,7.856000,31.013175

3.653151,-1.835649,18.475840,15.641764,-0.161287,0.041314,-0.124706,7.860000,31.013175

-3.584598,7.421102,-5.165399,15.632940,0.176854,0.019731,-0.064752,7.860000,31.013175

2.690353,4.599769,6.412126,15.650587,0.418535,0.370129,0.276054,7.860000,31.013175

0.474960,-11.046893,15.369499,15.638823,-0.683820,-0.258989,0.100189,7.856000,31.013175

1.950292,-5.035395,9.027488,15.638823,0.190710,-0.449243,0.199313,7.860000,31.013175

0.149237,7.610309,10.921947,15.627058,0.385227,0.258481,0.333343,7.856000,31.013175

-1.896110,11.059136,6.230104,15.641764,0.309552,0.310175,0.255536,7.864000,31.013175

1.236576,-7.744162,6.800119,15.632940,0.233344,0.049841,0.225959,7.860000,31.013175

-1.759594,4.592584,8.021579,15.647646,-0.195927,-0.191307,0.048761,7.860000,31.013175

-0.954867,5.095538,10.802197,15.650587,0.318079,0.253419,0.172933,7.864000,31.013175

-3.069669,15.794091,12.981665,15.653528,0.514995,0.640056,-0.047698,7.864000,31.013175

12.454847,-2.398478,8.649075,15.629999,0.014844,0.642187,0.282715,7.864000,31.013175

-5.213212,2.710098,-1.980023,15.647646,-0.115722,0.046644,0.083401,7.868000,31.013175

3.293898,-1.526691,9.398716,15.641764,0.354051,-0.459635,-0.277922,7.864000,15.974709

-1.735643,13.104484,-1.160926,15.644705,0.627708,1.039483,-0.228093,7.868000,15.974709

2.093993,0.075577,22.283920,15.632940,-0.342482,0.310974,-0.026648,7.868000,15.974709

-7.775883,11.770457,5.463698,15.632940,-0.345946,0.447137,-0.247545,7.864000,15.974709

5.641017,-4.874928,13.340918,15.638823,0.863527,0.860420,0.070345,7.868000,15.974709

2.846029,1.929322,3.545287,15.641764,0.031632,0.198794,-0.101790,7.868000,15.974709

-3.381022,2.961576,2.479504,15.635881,-0.050705,-0.187044,-0.287514,7.864000,15.974709

6.907982,-11.954606,14.557588,15.647646,-0.494365,-0.565687,-0.467110,7.864000,15.974709

-6.834640,11.097457,6.665998,15.621176,-0.057900,0.071158,-0.348268,7.868000,15.974709

-1.831444,-14.090963,3.339316,15.632940,-0.065361,0.140705,-0.107119,7.868000,15.974709

-6.779554,3.483690,8.986773,15.647646,-0.414427,-0.258989,-0.026381,7.872000,15.974709

-1.151259,2.037098,17.721409,15.659410,-0.029921,-0.077261,0.046097,7.864000,32.765849

-0.485443,0.535421,-0.404100,15.644705,-0.379520,-0.265650,-0.006663,7.868000,32.765849

-2.183512,-0.013039,10.268107,15.638823,-0.554586,-0.321074,0.078605,7.868000,32.765849

3.696261,-0.674064,14.116904,15.638823,-0.021394,-0.025301,0.176130,7.872000,32.765849

-7.423815,-7.875888,13.743281,15.635881,-1.537832,-0.478021,0.131898,7.864000,32.765849

-4.971315,1.962852,4.041057,15.621176,-0.904185,-0.152670,0.445790,7.864000,32.765849

-8.041730,1.237161,15.362314,15.638823,-0.061364,0.114592,0.229689,7.868000,32.765849

2.843634,-0.482463,8.852651,15.632940,0.735892,-0.070067,0.070345,7.872000,32.765849

1.095270,8.352765,5.731940,15.641764,-0.135174,-0.055411,0.330945,7.872000,32.765849

-5.847892,9.155096,16.452047,15.641764,-0.020329,0.387982,0.165472,7.872000,32.765849

-3.026559,-1.785353,9.753179,15.621176,-0.610277,-0.525984,-0.057824,7.872000,32.765849

-5.122201,4.669225,3.940465,15.629999,0.415604,0.346148,-0.139361,7.876000,32.765849

2.158659,-2.597265,22.137825,15.629999,-0.139437,-0.157467,-0.191055,7.876000,32.765849

0.525255,0.233648,12.584091,15.653528,-0.028322,0.075155,-0.142559,7.880000,32.765849

-1.936825,13.284110,7.631191,15.635881,-0.064561,0.075155,0.056489,7.876000,32.765849

-0.444728,-1.289584,9.688513,15.635881,0.262921,0.275002,-0.025582,7.872000,32.765849

4.134550,-4.611476,15.295254,15.641764,-0.594822,-1.466597,-0.537456,7.872000,32.765849

0.371974,4.697965,11.190190,15.629999,-0.067492,-0.102575,0.007726,7.876000,32.765849

-4.370165,17.686155,-1.266307,15.629999,-0.173811,0.373327,-0.021585,7.876000,32.765849

5.758373,-3.667839,8.033554,15.632940,0.815031,-0.049549,-0.292577,7.880000,32.765849

6.127206,1.795201,3.815924,15.638823,0.084658,-0.067136,-0.164942,7.880000,16.740416

2.668797,-8.979992,10.062136,15.632940,-0.612675,-1.102875,-0.007995,7.876000,16.740416

-5.744906,2.640643,9.223879,15.644705,-0.693413,-1.002952,0.133496,7.880000,16.740416

-2.276918,-4.352814,19.678139,15.647646,-0.279597,-0.057010,0.361588,7.876000,16.740416

-3.400182,2.456226,1.243674,15.629999,0.305822,-0.164927,0.357058,7.876000,16.740416

-0.454308,1.584439,12.045212,15.618235,0.573350,-0.010379,0.616326,7.880000,16.740416

-2.238597,0.542606,4.405099,15.662352,-0.055768,-0.072998,0.071411,7.880000,16.740416

1.164725,7.842626,7.274333,15.638823,-0.196194,0.050641,0.366918,7.876000,16.740416

-0.123795,-3.052319,13.580420,15.644705,0.328204,0.118322,0.027444,7.876000,16.740416

-2.569110,5.888289,6.395360,15.635881,-0.428549,0.214782,0.175597,7.880000,16.740416

-0.550109,6.412799,15.941909,15.641764,0.272247,0.664037,0.272057,7.880000,34.079442

1.899996,0.815638,2.683080,15.644705,-0.500494,0.317636,0.204908,7.872000,34.079442

-1.891320,2.650223,18.540504,15.635881,-0.098935,0.258215,-0.113514,7.880000,34.079442

0.199532,-3.413967,9.046648,15.624117,-0.398705,-0.014110,-0.172403,7.872000,34.079442

-0.265101,8.831769,9.453801,15.635881,0.550700,0.413829,-0.147355,7.880000,34.079442

-0.669860,-8.663849,5.221801,15.641764,-0.737912,-0.338128,-0.223563,7.872000,34.079442

0.707277,8.302469,13.506174,15.647646,0.178186,0.035186,-0.230758,7.876000,34.079442

1.085690,-9.109323,8.491003,15.641764,-0.568175,-0.112701,-0.225429,7.876000,34.079442

-2.717601,23.985056,10.969849,15.627058,0.703916,0.487906,-0.241416,7.876000,34.079442

-2.844537,-6.177819,6.560617,15.632940,-0.253483,0.136708,-0.182795,7.872000,34.079442

5.059027,2.396351,8.644284,15.644705,0.542174,-0.249929,-0.191588,7.872000,34.079442

0.098942,2.858590,13.352893,15.629999,0.262655,0.459927,-0.039438,7.876000,32.774589

-6.439462,-2.465539,4.596701,15.635881,-0.551388,-0.091384,-0.189723,7.872000,32.774589

-2.190697,15.233656,9.755573,15.632940,0.481154,0.182540,0.004795,7.872000,32.774589

2.735858,-0.408217,7.796447,15.641764,0.755877,0.455930,-0.022384,7.876000,32.774589

3.713026,-2.319443,7.887458,15.635881,-0.023793,-0.608587,0.111913,7.868000,32.774589

-2.171537,-2.367343,10.100456,15.638823,-0.279064,-0.111635,0.145487,7.876000,32.774589

1.785035,-12.428820,10.404624,15.638823,-0.416025,-0.581941,0.059153,7.872000,32.774589

-2.791847,-3.069084,14.334850,15.656469,-0.445869,-0.102842,0.060752,7.868000,32.774589

-4.427645,8.666512,6.067243,15.653528,0.524854,0.094607,-0.107919,7.876000,32.774589

-1.347650,6.980418,-1.407613,15.653528,0.449978,0.068227,-0.038105,7.872000,32.774589

1.756295,-4.065412,18.336929,15.644705,0.312750,0.178809,-0.182262,7.876000,32.430289

3.234022,-9.705683,2.987248,15.656469,-0.318767,-0.527849,-0.328550,7.872000,32.430289

-3.979777,14.579816,10.145962,15.653528,0.390290,0.383985,0.046630,7.876000,32.430289

1.327587,-6.735858,11.961387,15.650587,-0.400038,-0.084722,-0.263000,7.872000,32.430289

-1.373995,4.618929,8.965217,15.665293,0.706847,-0.074064,-0.271527,7.872000,32.430289

3.317848,-2.424824,11.448853,15.659410,-0.061630,-0.125758,-0.059955,7.872000,32.430289

-6.267020,14.579816,2.426813,15.671175,0.155004,0.495899,0.070345,7.868000,32.430289

2.208954,-3.852255,1.219723,15.665293,1.410042,0.576638,0.008259,7.876000,32.430289

3.780087,-3.342116,1.883144,15.679998,-0.183937,-0.945929,-0.053294,7.872000,32.430289

-1.915270,3.814203,7.473119,15.694704,0.272514,-0.297093,0.299236,7.872000,32.430289

-0.576454,-4.221088,3.677013,15.700586,0.662082,-0.163862,0.125769,7.872000,32.430289

-3.759435,11.102247,7.528205,15.724117,-0.363266,-0.191307,0.234752,7.860000,32.025718

2.958595,-2.154186,6.225314,15.741764,0.959188,0.439143,0.433800,7.872000,32.025718

-0.272286,3.112462,17.496277,15.741764,-0.321165,0.043713,0.116709,7.868000,32.025718

-0.071105,1.179681,4.888893,15.762352,0.603194,0.235566,-0.048498,7.872000,32.025718

-0.068710,6.580450,7.521020,15.768234,-0.143967,0.271805,0.197980,7.864000,32.025718

1.236576,-2.884667,13.027170,15.788822,0.148875,-0.070333,-0.135631,7.864000,32.025718

0.640216,3.694452,11.365026,15.788822,0.033763,0.251020,-0.106320,7.860000,32.025718

-0.535739,3.215447,3.997946,15.812351,0.069203,0.082616,-0.252075,7.868000,32.025718

-0.138165,5.308695,8.847861,15.835880,0.483552,0.277134,-0.251009,7.864000,32.025718

3.875887,-1.775773,8.253896,15.832939,-0.138105,-0.339194,-0.116712,7.860000,32.025718

-1.235084,7.313326,20.051762,15.856470,-0.002742,0.380255,0.127101,7.860000,32.025718

0.839003,2.872960,5.633744,15.859411,0.381230,0.139106,0.091662,7.868000,30.359393

-4.056417,-6.695143,7.932963,15.856470,-0.981192,-0.469761,-0.043968,7.856000,30.359393

2.589762,5.718243,12.097902,15.885881,0.132621,-0.113500,0.161475,7.856000,30.359393

-4.813243,6.259518,15.086887,15.888823,-0.232433,0.219844,0.164672,7.860000,30.359393

-1.824259,-0.882431,9.781919,15.900587,0.244535,0.097272,0.350397,7.868000,30.359393

0.072596,2.046678,8.419152,15.912352,0.127825,-0.032229,0.141224,7.860000,30.359393

2.470011,7.193575,16.574194,15.929998,0.439053,0.221710,0.115110,7.864000,30.359393

0.618661,-1.253659,5.001459,15.927057,0.463834,-0.049016,0.009058,7.860000,30.359393

2.072438,11.399229,9.602292,15.947645,0.404146,0.452466,-0.026648,7.864000,30.359393

-5.797596,-7.914208,8.558064,15.947645,0.296495,0.112460,-0.395432,7.864000,30.359393

4.704564,6.616375,7.537785,15.968235,-0.288390,-0.161197,-0.290712,7.856000,30.359393

3.428019,1.924532,11.640453,15.980000,1.003154,0.341085,-0.166540,7.864000,30.359393

3.052001,5.121883,1.756208,15.977058,0.453442,0.295253,-0.259003,7.860000,29.654123

-2.882858,-6.292780,-3.560736,15.980000,-1.173045,-0.793512,-0.166540,7.840000,29.654123

5.042262,6.839112,18.947659,15.985882,0.535512,0.204922,0.208372,7.848000,29.654123

1.583854,-3.497792,6.785749,15.968235,-0.431214,-0.067935,-0.180396,7.852000,29.654123

0.951569,4.985367,13.127761,15.982941,0.091053,0.146034,0.198247,7.848000,29.654123

-3.426527,-0.460907,-1.800396,15.968235,-0.229768,-0.122826,-0.255006,7.848000,29.654123

3.250787,-5.133590,12.385304,15.980000,-0.714197,-0.588869,-0.172669,7.840000,29.654123

-0.504603,0.224068,3.265070,15.950586,-0.245756,0.026393,-0.029312,7.844000,29.654123

-6.041888,17.743635,17.206480,15.947645,-0.010203,0.324564,0.133230,7.848000,29.654123

1.253341,-2.309863,8.208390,15.956469,-0.726454,-0.147075,-0.182262,7.844000,29.654123

-0.911757,4.939862,18.741686,15.944704,-0.092273,0.293654,-0.019187,7.848000,29.654123

-1.711693,-2.216457,6.524692,15.947645,-0.092806,-0.048217,-0.074344,7.848000,29.654123

-2.147587,0.157008,12.708632,15.935881,0.138483,-0.142545,-0.270727,7.852000,27.703528

-1.829049,0.911439,6.098378,15.927057,-0.313171,-0.104174,-0.181196,7.848000,27.703528

2.958595,-2.578105,8.162886,15.932940,1.102278,0.044512,-0.099392,7.856000,27.703528

-2.933153,-1.598542,11.587764,15.924116,-1.012635,-0.102042,0.117775,7.852000,27.703528

-2.193092,15.396517,9.398716,15.915293,1.255494,0.325363,0.270725,7.856000,27.703528

-1.536857,2.377191,11.400951,15.938822,0.347123,0.226239,0.177729,7.860000,27.703528

1.085690,-0.573473,2.137016,15.929998,0.260789,-0.560091,0.026378,7.852000,27.703528

0.005536,3.893238,18.202806,15.915293,-0.297450,-0.157999,0.298170,7.860000,27.703528

-2.794242,-1.009367,6.328300,15.909410,-0.463722,-0.467895,0.565965,7.852000,27.703528

-5.253927,0.252808,16.143089,15.918234,0.254661,0.320834,0.596608,7.852000,27.703528

0.451009,3.924373,5.878036,15.906469,0.128091,-0.554762,0.428204,7.852000,27.703528

-0.377667,0.868328,10.196257,15.912352,0.047886,0.291789,0.582752,7.844000,27.703528

-4.348610,4.060890,9.951965,15.903528,-0.139171,0.159890,0.338140,7.848000,28.838292

1.205441,-4.482145,15.537150,15.897646,-0.173012,-0.084989,0.049028,7.848000,28.838292

-1.290170,1.194051,8.534113,15.903528,-0.621734,-0.193705,-0.120176,7.852000,28.838292

-2.217042,10.721439,15.620976,15.897646,-0.113590,0.324298,0.249940,7.852000,28.838292

1.710790,-0.051359,2.228027,15.900587,0.083858,0.184405,0.047429,7.852000,28.838292

-0.830326,-1.854809,16.377802,15.891764,-1.013967,-0.232609,0.340005,7.840000,28.838292

-2.310448,2.192774,10.337564,15.897646,-0.361667,0.223308,0.542783,7.848000,28.838292

-5.723351,-2.089521,12.969689,15.885881,-0.605747,-0.257656,0.391699,7.840000,28.838292

-0.906967,5.325460,12.742163,15.879999,0.691393,0.432215,0.605934,7.848000,28.838292

-0.863856,4.463253,0.834125,15.894705,0.306088,0.394644,0.351463,7.856000,28.838292

-2.240993,-6.879560,14.799484,15.894705,-0.571106,-0.267782,-0.268063,7.844000,28.838292

6.357128,1.323382,9.827424,15.885881,0.168327,-0.058342,-0.306167,7.860000,28.838292

1.135985,7.516903,5.403822,15.882940,0.276511,0.421290,-0.029046,7.856000,28.312218

-0.322582,-3.847465,4.860153,15.882940,-0.615073,-0.200101,-0.201980,7.844000,28.312218

-2.418224,5.552987,16.978952,15.877058,-0.090675,0.163354,-0.266197,7.844000,28.312218

-2.207462,11.126197,14.217495,15.879999,0.535246,0.741045,0.041567,7.852000,28.312218

-5.426368,0.841983,12.306270,15.879999,0.113702,-0.037292,-0.000268,7.852000,28.312218

-0.339347,7.203155,8.855046,15.877058,-0.276932,-0.256058,0.207839,7.852000,28.312218

-0.914152,5.133858,4.587121,15.868235,0.602661,0.383186,0.406887,7.852000,28.312218

0.764757,0.219278,12.847544,15.882940,0.294364,0.019465,0.468440,7.852000,28.312218

-1.208739,-7.078346,4.771537,15.885881,-0.699009,-0.183846,0.213702,7.848000,28.312218

-8.606955,10.881906,6.618097,15.871176,-0.390978,0.031722,0.361322,7.848000,28.312218

0.470170,-7.394489,9.120893,15.874117,0.245601,0.318968,0.195849,7.852000,28.312218

0.508490,-1.330299,13.115786,15.871176,-0.618270,-0.352517,-0.205177,7.852000,28.312218

1.686840,5.804464,4.124882,15.882940,0.137684,0.070625,-0.000001,7.844000,28.768209

-2.679281,0.501890,21.414528,15.859411,-0.730718,0.532138,-0.196118,7.848000,28.768209

-0.650700,-4.235458,6.060058,15.874117,-0.407232,0.042114,-0.236087,7.852000,28.768209

-3.206185,15.743794,-0.152623,15.871176,0.107840,0.279532,-0.342672,7.848000,28.768209

1.512003,-12.450375,9.338840,15.879999,-0.201790,0.075422,0.042366,7.848000,28.768209

-1.903295,7.354042,-0.811253,15.879999,0.390024,-0.077528,-0.259802,7.852000,28.768209

5.049447,-7.289108,16.327507,15.882940,-0.780546,-0.509730,-0.151086,7.852000,28.768209

-4.142638,12.527284,12.018867,15.894705,-0.126914,0.258215,0.389034,7.856000,28.768209

-1.599127,-6.242485,8.718530,15.882940,-0.320632,0.017866,0.466574,7.844000,28.768209

-4.600087,2.669383,8.625124,15.888823,0.254394,0.037850,0.213702,7.848000,28.768209

4.577628,-4.031881,2.714216,15.874117,-0.016865,-0.254725,0.297637,7.848000,28.768209

1.368302,-9.779928,12.842753,15.882940,-0.211915,-0.563822,-0.005597,7.852000,28.768209

-1.457821,5.703873,3.059098,15.868235,-0.407499,-0.371702,-0.036773,7.852000,28.566690

1.159935,0.430040,10.296848,15.877058,0.514728,0.487906,-0.024782,7.848000,28.566690

4.237535,0.147428,6.654023,15.877058,0.193907,-0.401813,-0.154017,7.856000,28.566690

4.627923,4.798556,9.367580,15.874117,0.410541,0.204656,0.068213,7.856000,28.566690

-1.405131,4.345897,10.493239,15.879999,0.152073,0.273936,-0.070880,7.856000,28.566690

-0.689020,3.766302,11.010564,15.879999,0.210428,0.337088,-0.150553,7.856000,28.566690

1.152750,-4.613871,11.369817,15.874117,-0.237229,-0.054346,-0.172403,7.852000,28.566690

-1.105753,1.340147,6.436076,15.877058,0.383629,0.334690,-0.209174,7.860000,28.566690

-0.087870,-0.149555,9.147239,15.877058,-0.331024,-0.226214,-0.288580,7.856000,28.566690

-1.357230,2.518497,11.029724,15.877058,0.054281,0.155360,-0.309098,7.856000,28.566690

1.294056,1.292247,11.580578,15.850588,0.159800,0.135909,-0.298706,7.856000,28.566690

-1.584757,1.081485,8.210786,15.871176,0.122762,0.161489,-0.297640,7.856000,29.830458

0.218693,-0.595029,8.292216,15.868235,-0.095471,-0.057543,-0.272592,7.856000,29.830458

-1.100963,1.174891,9.453801,15.871176,-0.037915,0.144435,-0.159346,7.856000,29.830458

-1.314120,3.572305,7.183322,15.871176,-0.099468,0.034386,-0.087401,7.856000,29.830458

-1.508116,0.015701,9.865745,15.874117,-0.046708,0.004276,-0.094862,7.856000,29.830458

-0.509393,1.189261,9.657377,15.877058,-0.273201,-0.008248,-0.108452,7.856000,29.830458

-0.945287,-0.453722,10.526770,15.877058,-0.045909,-0.001586,-0.100458,7.860000,29.830458

-1.618287,-0.587843,8.838281,15.871176,0.001255,-0.030897,-0.134565,7.852000,29.830458

-0.442333,1.881422,7.949728,15.871176,-0.021661,-0.024235,-0.190256,7.860000,29.830458

-0.004044,0.327054,9.381950,15.862352,0.057212,-0.048217,-0.361058,7.860000,29.830458

0.012721,1.857471,9.080178,15.874117,-0.065094,-0.051414,-0.335744,7.860000,29.830458

-0.550109,1.962852,9.408296,15.862352,0.056679,-0.040223,-0.392767,7.860000,29.830458

-2.025441,4.432117,10.304033,15.879999,-0.113857,-0.005050,-0.349867,7.860000,30.005532

-0.696205,0.892279,10.622570,15.882940,0.113169,-0.107372,-0.361324,7.860000,30.005532

-0.753685,2.858590,7.343788,15.879999,0.004719,-0.089519,-0.240350,7.864000,30.005532

-0.339347,-0.338761,9.753179,15.879999,-0.075486,-0.195304,-0.216635,7.864000,30.005532

-1.872159,0.068392,9.393926,15.877058,-0.090142,-0.220085,-0.171337,7.860000,30.005532

0.089361,-0.489648,10.201047,15.877058,-0.041113,-0.260321,-0.074344,7.860000,30.005532

-0.976422,1.752090,8.529324,15.871176,-0.028855,-0.268581,0.040767,7.856000,30.005532

-1.285380,2.013148,9.456196,15.885881,0.046021,-0.123626,0.187588,7.856000,30.005532

-0.997977,1.486243,9.403505,15.862352,-0.112525,-0.252061,0.213968,7.856000,30.005532

-2.940338,1.864656,8.749665,15.877058,0.108106,-0.144676,0.157744,7.860000,30.005532

1.128800,0.626431,10.294453,15.882940,0.072134,-0.231277,0.198780,7.864000,30.005532

-1.340465,0.755763,9.590317,15.874117,0.045221,-0.038624,0.187588,7.864000,30.313928

-0.176486,0.267179,10.289662,15.877058,0.156603,-0.085255,0.126035,7.860000,30.313928

-0.116610,3.857313,10.260922,15.877058,0.129956,-0.027433,0.155080,7.864000,30.313928

-0.509393,2.312525,9.623847,15.871176,0.092652,0.031988,0.150017,7.864000,30.313928

-0.475863,2.985526,8.064690,15.885881,0.072400,-0.083656,0.185989,7.864000,30.313928

-1.493746,0.822823,9.147239,15.868235,0.043622,0.019465,0.219830,7.864000,30.313928

0.673746,2.238280,8.613149,15.882940,0.063074,0.040249,0.237683,7.860000,30.313928

0.350419,1.330567,10.457314,15.885881,-0.018996,0.013069,0.104985,7.864000,30.313928

-0.962052,1.708980,9.209509,15.871176,-0.121318,0.089544,-0.016256,7.864000,30.313928

0.312098,2.077813,8.840676,15.882940,0.039093,0.214249,-0.114847,7.864000,30.313928

-0.217201,-1.006972,8.728109,15.885881,-0.107462,-0.017307,-0.280320,7.864000,30.313928

0.235458,0.410880,8.040739,15.877058,-0.017131,0.051440,-0.377312,7.864000,30.647521

-0.011229,-2.032040,8.905341,15.888823,-0.187134,-0.066336,-0.382908,7.864000,30.647521

-0.873436,1.091065,9.106524,15.888823,-0.053370,-0.087120,-0.289380,7.864000,30.647521

-1.989516,2.130504,9.061018,15.879999,-0.195128,-0.051947,-0.197450,7.860000,30.647521

-1.225504,1.814361,10.337564,15.874117,-0.047508,-0.044486,-0.139894,7.860000,30.647521

-1.168024,1.419183,9.983100,15.879999,-0.130378,-0.139880,-0.073012,7.868000,30.647521

-0.990792,1.383258,9.554392,15.879999,0.053748,-0.184912,-0.073012,7.860000,30.647521

-0.085475,1.768856,10.241762,15.903528,0.098780,-0.056477,0.032241,7.864000,30.647521

-0.171696,3.038216,7.125842,15.879999,0.174988,-0.126557,0.028244,7.864000,30.647521

-1.682953,1.184471,10.761481,15.882940,0.097181,-0.157467,-0.049830,7.864000,30.647521

-0.099845,0.085157,8.589199,15.885881,-0.069624,-0.321607,0.086066,7.864000,30.647521

-0.545319,3.419024,9.980705,15.877058,0.162731,-0.139880,0.132431,7.872000,30.992202

0.434244,0.940179,10.160332,15.912352,0.288768,-0.057810,0.276054,7.868000,30.992202

-0.284262,0.228858,9.410690,15.888823,0.016976,-0.125225,0.355726,7.868000,30.992202

-0.116610,-0.020224,8.756850,15.903528,-0.038182,-0.129222,0.372247,7.872000,30.992202

-1.115333,-0.094469,9.274175,15.882940,-0.012601,-0.024502,0.436464,7.864000,30.992202

0.621056,-0.824950,7.683881,15.906469,0.058278,-0.082058,0.390366,7.868000,30.992202

-1.091383,1.555699,10.809382,15.888823,-0.058433,0.067161,0.398094,7.868000,30.992202

-0.272286,0.698282,9.631032,15.897646,-0.045909,0.118056,0.332277,7.864000,30.992202

-1.608707,2.324500,7.841952,15.906469,-0.086411,0.162022,0.247542,7.864000,30.992202

-0.945287,1.105435,10.943503,15.909410,-0.018996,0.187602,-0.069015,7.868000,30.992202

1.535953,0.822823,9.288545,15.877058,0.138483,0.259547,-0.131900,7.868000,30.992202

-0.574059,2.149664,8.687394,15.877058,0.100112,0.245158,-0.304568,7.868000,30.984389

0.302518,-1.770983,9.449011,15.906469,0.103044,0.137774,-0.351732,7.864000,30.984389

1.382672,0.415670,8.191626,15.885881,-0.103731,0.071958,-0.411952,7.864000,30.984389

-1.699718,0.080367,8.955637,15.882940,-0.203921,0.000812,-0.394099,7.868000,30.984389

-0.344137,1.579649,10.277688,15.885881,-0.055235,0.041581,-0.293909,7.868000,30.984389

-2.183512,0.746182,7.911408,15.927057,-0.140770,0.019198,-0.166540,7.864000,30.984389

-0.217201,2.425091,9.324470,15.903528,-0.006206,-0.062339,-0.109517,7.860000,30.984389

-0.674650,1.713770,10.601015,15.897646,-0.049639,-0.005050,-0.023983,7.856000,30.984389

-0.909362,0.743787,9.705278,15.906469,0.043356,-0.004251,0.027178,7.856000,30.984389

0.331258,1.907767,9.597502,15.897646,0.023638,-0.128689,0.093793,7.856000,30.984389

-1.800309,0.971314,10.270503,15.891764,-0.046975,0.043180,0.162541,7.852000,30.984389

-0.463888,2.482572,11.048884,15.900587,-0.053370,-0.036759,0.135095,7.856000,30.984389

-1.175209,-0.013039,10.785432,15.891764,0.022039,0.082083,0.134029,7.856000,29.839754

0.326468,1.665870,11.903906,15.909410,0.238939,0.010671,0.138293,7.856000,29.839754

-1.776359,0.295919,8.074269,15.909410,0.190710,0.134043,0.122305,7.864000,29.839754

-0.820746,1.189261,8.613149,15.894705,-0.144500,-0.023702,-0.173468,7.856000,29.839754

1.157540,3.033426,9.336445,15.897646,0.236808,0.108197,-0.386372,7.856000,29.839754

-0.760870,1.708980,5.681645,15.915293,-0.254549,0.043180,-0.312295,7.848000,29.839754

2.417320,0.130662,10.521979,15.900587,-0.170880,-0.097512,-0.470574,7.852000,29.839754

-0.667465,0.870723,10.797407,15.894705,-0.150096,-0.075396,-0.294442,7.844000,29.839754

-1.194369,0.341424,10.682446,15.903528,0.303690,0.036252,-0.327484,7.840000,29.839754

-0.751290,-4.094152,9.245434,15.891764,-0.374990,-0.202232,-0.343471,7.836000,29.839754

-3.431317,-2.784076,10.914762,15.888823,-0.814653,-0.572349,-0.337609,7.840000,29.839754

-1.203949,2.022728,7.942543,15.888823,0.036961,-0.211026,-0.236620,7.840000,29.839754

-0.899782,6.053546,9.472961,15.912352,-0.139171,-0.170523,-0.033576,7.840000,28.153383

-2.557135,3.205868,11.911091,15.885881,0.284238,0.113792,0.161741,7.840000,28.153383

-0.662675,3.110067,8.426337,15.897646,0.323674,-0.194505,0.227824,7.852000,28.153383

1.444943,-3.883390,9.123288,15.882940,-0.226038,-0.514793,0.479631,7.844000,28.153383

-3.136730,4.659645,14.102534,15.903528,-0.102665,-0.084189,0.630449,7.840000,28.153383

-2.118846,2.568792,10.009445,15.871176,0.058278,0.021330,0.820970,7.844000,28.153383

-1.493746,1.455108,10.272898,15.891764,-0.144500,-0.080192,0.788728,7.840000,28.153383

-0.897387,2.003568,9.257409,15.879999,-0.029655,0.112460,0.757019,7.848000,28.153383

-0.712970,2.314920,7.367738,15.897646,0.031099,0.091676,0.483095,7.844000,28.153383

-0.727340,0.760553,9.889694,15.894705,0.064673,0.201725,0.288045,7.844000,28.153383

1.373092,0.671937,9.099339,15.885881,-0.044310,0.053838,-0.029312,7.844000,28.153383

-0.097450,2.164034,10.797407,15.894705,0.134220,0.256350,-0.144424,7.852000,28.153383

0.118102,1.613179,9.175979,15.906469,0.010848,0.195596,-0.305367,7.848000,27.992257

0.700091,-1.186598,9.070598,15.900587,0.045488,0.082083,-0.377845,7.848000,27.992257

0.314493,0.932994,8.649075,15.888823,0.004452,0.085547,-0.298439,7.852000,27.992257

-0.911757,0.020492,9.616662,15.882940,-0.035783,0.041581,-0.181196,7.852000,27.992257

-0.868646,-0.046569,9.417875,15.906469,-0.047241,-0.073531,-0.102589,7.848000,27.992257

-0.408803,1.419183,8.069479,15.906469,0.013246,-0.060208,0.094859,7.852000,27.992257

-1.385971,2.722074,9.516071,15.891764,0.080128,-0.027699,0.253671,7.848000,27.992257

-0.430358,2.156849,9.734018,15.888823,0.102511,-0.074330,0.290176,7.852000,27.992257

-1.326095,1.191656,9.386741,15.888823,0.145944,0.049308,0.266994,7.852000,27.992257

0.419874,0.449200,8.754455,15.906469,-0.017397,-0.065537,0.168936,7.852000,27.992257

-1.120123,0.698282,10.045371,15.900587,-0.047774,-0.054346,0.027178,7.852000,27.992257

2.153868,0.624036,9.892090,15.900587,0.124361,0.012270,0.063150,7.852000,27.992257

-0.789611,0.571346,9.482541,15.879999,0.027901,0.102334,0.113245,7.852000,28.872713

0.685721,-1.018947,8.617939,15.885881,0.074799,-0.026101,0.137493,7.848000,28.872713

-0.044760,0.559371,9.477751,15.868235,-0.084812,0.076488,0.225159,7.852000,28.872713

-3.098409,3.768697,9.010722,15.900587,0.077730,0.211850,0.230755,7.848000,28.872713

-1.007557,1.541329,9.609477,15.888823,-0.059499,0.180408,0.095392,7.848000,28.872713

-1.165629,1.637130,11.772180,15.885881,0.020440,0.225973,0.147619,7.856000,28.872713

0.158817,1.103040,8.809541,15.877058,0.113969,0.120454,-0.071946,7.852000,28.872713

0.424664,-0.063334,8.735295,15.906469,-0.029388,0.083149,-0.135897,7.852000,28.872713

0.201927,-0.183085,11.111155,15.897646,-0.065894,0.098337,-0.261135,7.848000,28.872713

-0.128585,1.122200,8.531718,15.900587,-0.063762,0.095673,-0.306433,7.852000,28.872713

-1.567992,-0.338761,8.941267,15.888823,-0.126914,0.112193,-0.512409,7.848000,28.872713

1.131195,-0.353132,8.922107,15.871176,-0.002742,-0.046085,-0.480966,7.844000,28.872713

0.503700,1.735325,8.493398,15.885881,-0.171679,-0.038358,-0.371450,7.844000,28.872713

-1.508116,-0.748310,8.565248,15.885881,-0.155159,-0.077794,-0.160678,7.844000,28.613724

-0.962052,2.374796,11.745834,15.879999,-0.046175,-0.096180,-0.035974,7.844000,28.613724

-1.462611,4.925492,10.383068,15.894705,0.161932,0.075688,0.099656,7.848000,28.613724

-0.744105,-0.345946,9.932805,15.882940,0.027368,-0.089519,0.139891,7.844000,28.613724

0.434244,-0.104050,9.295730,15.906469,0.212826,-0.106572,0.236084,7.844000,28.613724

-0.147745,-1.222524,8.922107,15.891764,-0.075486,-0.031696,0.259000,7.848000,28.613724

-0.729735,2.013148,10.495634,15.903528,0.025769,0.082350,0.079671,7.844000,28.613724

-1.457821,3.330408,9.734018,15.900587,0.067071,0.037584,-0.084736,7.844000,28.613724

-0.164511,2.159244,9.274175,15.906469,-0.000877,-0.009047,-0.203046,7.844000,28.613724

-0.425568,1.050350,11.082415,15.879999,-0.085079,0.103400,-0.084470,7.840000,28.613724

-0.789611,1.641920,11.633268,15.900587,0.043356,0.082350,-0.132433,7.848000,28.613724

0.386344,0.051627,7.659931,15.885881,-0.030721,0.016001,-0.111116,7.844000,28.203989

-0.554899,0.516261,11.623689,15.882940,-0.050172,0.026126,-0.032510,7.840000,28.203989

-0.641119,-0.836926,8.613149,15.879999,-0.152227,-0.018107,-0.056758,7.832000,28.203989

-1.975145,3.646551,9.966335,15.859411,-0.043777,0.074356,0.033839,7.836000,28.203989

-0.911757,0.061207,11.077624,15.891764,0.004985,0.050108,-0.040237,7.836000,28.203989

-0.662675,1.673055,9.635822,15.879999,0.088122,0.038916,-0.026914,7.840000,28.203989

-1.635053,1.165311,10.189072,15.891764,0.031365,0.000812,-0.069015,7.836000,28.203989

0.621056,0.832403,10.193862,15.874117,0.099313,0.017866,-0.127903,7.836000,28.203989

-0.054340,0.932994,10.189072,15.897646,-0.000610,-0.005583,-0.206243,7.836000,28.203989

-0.976422,0.305499,11.005774,15.891764,-0.065094,-0.017840,-0.200115,7.832000,28.203989

0.537230,1.759276,11.008168,15.879999,0.026036,-0.026633,-0.348534,7.836000,28.203989

-0.487838,1.390443,10.284873,15.900587,0.019108,-0.009580,-0.187324,7.832000,28.203989

-0.835116,2.010753,10.526770,15.897646,0.148076,-0.057010,-0.021318,7.832000,28.203989

-0.224386,0.573741,10.090877,15.888823,0.135286,0.045844,0.119107,7.836000,26.811143

-2.320028,-0.362712,8.155700,15.903528,0.225883,0.049841,0.191319,7.828000,26.811143

-0.317792,-2.405663,7.468329,15.874117,-0.167149,-0.099378,0.187855,7.824000,26.811143

-1.366810,2.197564,10.157937,15.877058,0.070269,0.102601,0.258734,7.828000,26.811143

-0.574059,-0.094469,9.671748,15.900587,-0.143434,0.082350,0.090329,7.820000,26.811143

-0.650700,0.329449,10.435759,15.894705,-0.029388,0.061832,0.003196,7.820000,26.811143

0.225878,-0.647719,8.732900,15.900587,-0.064295,0.077553,-0.160145,7.816000,26.811143

2.422111,1.031190,8.507768,15.894705,-0.091208,0.094873,-0.219833,7.808000,26.811143

-0.461493,-0.264516,13.831897,15.888823,0.009515,0.234233,-0.429539,7.812000,26.811143

0.709672,-2.551759,6.886340,15.903528,0.133953,0.039716,-0.577692,7.816000,26.811143

-1.965565,-2.082336,7.485095,15.882940,-0.335820,-0.345056,-0.701064,7.812000,26.811143

3.990849,-1.464421,13.106206,15.924116,-0.223639,-0.199568,-0.468442,7.804000,26.811143

-2.743947,-2.115866,12.691868,15.888823,-0.367263,-0.010379,-0.481233,7.812000,26.811143

-0.128585,-2.154186,6.675578,15.879999,0.027102,-0.397816,-0.633649,7.804000,26.811143

3.722606,3.857313,9.034673,15.894705,0.213625,-0.059941,-0.558507,7.812000,24.889924

-0.274681,1.364097,13.482224,15.903528,-0.012601,0.051174,-0.551312,7.808000,24.889924

-2.006281,1.265902,8.764035,15.909410,-0.327027,-0.104441,-0.399429,7.800000,24.889924

-1.345255,6.266703,8.924501,15.897646,0.158468,-0.096980,-0.338675,7.804000,24.889924

-2.339188,3.344779,11.020144,15.921175,0.065206,0.180141,-0.164142,7.800000,24.889924

-4.054022,-0.477673,9.899275,15.894705,0.138483,-0.053546,-0.323220,7.804000,24.889924

-0.308212,0.015701,10.296848,15.894705,0.005252,-0.118030,0.085267,7.804000,24.889924

-2.765502,1.062325,10.498030,15.891764,-0.062696,-0.174254,0.132431,7.804000,24.889924

-2.856513,1.819151,9.499307,15.882940,0.100379,-0.184912,0.082602,7.804000,24.889924

0.568365,0.022887,10.337564,15.906469,0.107307,-0.134817,-0.044234,7.800000,24.889924

-1.251849,-0.393847,8.795171,15.894705,-0.110926,-0.344790,-0.128969,7.804000,24.889924

0.302518,1.299432,10.993798,15.900587,0.038560,-0.221684,-0.153484,7.796000,24.889924

-0.140560,0.901859,11.233300,15.888823,0.054014,-0.190241,-0.044501,7.796000,24.889924

0.228273,1.062325,9.623847,15.912352,0.080394,-0.167859,0.143355,7.796000,24.889924

-0.518973,0.020492,8.809541,15.888823,-0.080549,-0.230477,0.306963,7.792000,24.889924

-0.909362,-2.099101,8.227551,15.885881,0.043889,-0.160131,0.503879,7.796000,23.564078

-1.515302,1.934112,10.749507,15.891764,0.025769,-0.097779,0.482562,7.792000,23.564078

0.599501,2.334080,9.180769,15.918234,0.072933,0.043713,0.571294,7.804000,23.564078

-1.790729,-0.336366,9.094548,15.924116,-0.281462,-0.060741,0.511873,7.792000,23.564078

-0.253126,-1.639257,10.380673,15.912352,-0.072022,0.010671,0.335208,7.792000,23.564078

-0.598009,1.799991,9.029882,15.906469,-0.001676,0.098604,0.115377,7.796000,23.564078

1.009049,2.164034,9.415481,15.906469,0.087322,0.185737,-0.156681,7.788000,23.564078

0.642611,0.976104,8.275451,15.894705,-0.012868,0.196662,-0.304834,7.788000,23.564078

1.248551,0.585716,8.941267,15.888823,-0.087744,0.123385,-0.426608,7.784000,23.564078

-0.873436,1.265902,10.507609,15.897646,-0.076552,0.241428,-0.496687,7.792000,23.564078

0.223483,1.574859,8.479028,15.915293,-0.133842,0.133777,-0.497753,7.788000,23.564078

-0.875831,1.239557,10.759087,15.888823,-0.143967,0.042380,-0.601141,7.784000,23.564078

-1.148864,2.152059,10.064531,15.909410,-0.151695,0.128714,-0.536124,7.792000,23.564078

0.477355,1.040770,11.211745,15.900587,-0.035250,0.014668,-0.432736,7.788000,23.564078

-0.241151,-1.193783,9.089758,15.909410,-0.067226,-0.024235,-0.523867,7.792000,23.564078

0.060621,-2.623610,7.961703,15.897646,-0.060564,-0.173188,-0.511876,7.784000,23.049982

0.333654,-0.542338,9.142448,15.900587,0.272514,-0.089519,-0.560905,7.784000,23.049982

0.086966,4.070470,7.434799,15.894705,0.090253,-0.029831,-0.450056,7.792000,23.049982

-1.338070,2.128109,9.535232,15.915293,-0.137839,-0.112434,-0.305101,7.788000,23.049982

-1.405131,1.605994,10.699211,15.912352,-0.073621,-0.169191,-0.249410,7.792000,23.049982

-0.200436,1.371283,9.724438,15.903528,0.029233,-0.173987,-0.116712,7.792000,23.049982

-1.632658,0.372559,10.002260,15.915293,-0.060298,-0.183846,0.013055,7.788000,23.049982

-0.756080,-1.447655,11.410532,15.894705,-0.020595,-0.289365,0.181726,7.788000,23.049982

-0.598009,0.669542,10.153147,15.909410,0.097714,-0.136416,0.327747,7.792000,23.049982

-1.594337,0.281549,9.987890,15.891764,0.015111,-0.176119,0.330412,7.784000,23.049982

-0.051945,0.832403,8.553273,15.897646,0.014045,-0.199568,0.267793,7.784000,23.049982

0.407899,2.655013,8.847861,15.906469,0.079062,-0.112967,0.207839,7.792000,23.049982

-1.388366,1.203631,8.577224,15.897646,-0.039780,-0.013577,0.222761,7.792000,23.049982

-0.617169,0.997660,10.704001,15.906469,0.118498,-0.128955,0.162008,7.796000,23.049982

-1.826654,1.582044,10.919553,15.900587,-0.012868,0.144435,0.208639,7.792000,23.684817

0.048646,1.670660,12.531401,15.909410,0.086256,-0.018107,0.209172,7.792000,23.684817

-0.653095,0.209698,8.783195,15.921175,0.007384,0.016800,0.065016,7.792000,23.684817

-0.681835,-1.325510,8.546088,15.906469,-0.190865,-0.144143,0.023447,7.788000,23.684817

0.158817,-1.792538,10.560300,15.909410,-0.092273,-0.011445,0.033839,7.784000,23.684817

0.570760,3.838153,8.028764,15.900587,0.192575,0.037318,0.014921,7.792000,23.684817

-1.625473,2.123319,9.796288,15.888823,-0.075753,0.062631,-0.086335,7.784000,23.684817

0.532440,0.971314,10.074111,15.906469,0.028967,-0.042621,-0.112182,7.788000,23.684817

-1.120123,1.979617,9.975915,15.888823,-0.014733,0.004276,-0.124439,7.788000,23.684817

0.003141,0.750972,9.369975,15.903528,-0.011535,-0.088186,-0.054360,7.792000,23.684817

0.249828,0.897069,10.569880,15.897646,0.037227,-0.091650,0.042100,7.784000,23.684817

0.019906,0.089947,9.372371,15.894705,-0.038714,0.014935,0.134829,7.784000,23.684817

-0.540529,1.112620,10.078901,15.903528,0.010581,-0.045819,0.193184,7.780000,23.684817

-0.830326,2.245465,10.938713,15.897646,0.004719,0.054105,0.240881,7.784000,23.684817

0.082176,-1.121933,8.699369,15.906469,0.092918,0.007474,0.226758,7.788000,23.684817

-0.473468,0.451595,9.892090,15.903528,-0.140770,0.061299,0.317355,7.784000,23.636116

-0.207621,-1.519506,7.973679,15.894705,-0.121584,-0.021038,0.298437,7.776000,23.636116

-0.545319,2.123319,9.144843,15.897646,0.068137,0.043713,0.305631,7.788000,23.636116

-0.758475,0.932994,9.252620,15.909410,-0.021394,0.131912,0.224893,7.788000,23.636116

-0.171696,0.418065,9.460986,15.897646,0.019907,0.113526,0.052758,7.792000,23.636116

-0.887806,2.113739,9.983100,15.903528,-0.106929,0.158824,-0.091664,7.784000,23.636116

-0.375272,0.334239,10.114826,15.918234,-0.117587,0.140705,-0.257937,7.784000,23.636116

0.508490,-0.147160,10.359118,15.918234,-0.060564,0.144702,-0.292577,7.780000,23.636116

-0.514183,-0.345946,9.791499,15.894705,-0.083747,0.129514,-0.408222,7.784000,23.636116

0.031881,1.639525,8.867022,15.924116,-0.029655,0.168684,-0.447658,7.784000,23.636116

0.915643,1.141361,10.095666,15.900587,-0.028056,0.043180,-0.444194,7.780000,23.636116

-0.823141,0.046837,9.537626,15.900587,0.024970,0.036252,-0.341873,7.784000,23.636116

-1.144074,0.595296,8.799960,15.918234,-0.073621,0.001345,-0.078608,7.780000,23.636116

-1.682953,1.910162,10.347143,15.900587,-0.038448,0.051707,0.081803,7.780000,23.636116

-1.359625,0.140242,10.270503,15.906469,-0.074154,0.043713,0.086333,7.788000,23.494624

-0.768055,-0.880036,9.422666,15.900587,0.002054,-0.053280,0.065815,7.776000,23.494624

-0.293842,-1.802118,7.729386,15.900587,0.050550,-0.028765,-0.005864,7.784000,23.494624

0.146842,1.378468,9.777128,15.909410,0.112370,0.047710,-0.031444,7.780000,23.494624

-0.933312,0.750972,9.647798,15.912352,0.027901,0.008273,-0.178265,7.776000,23.494624

0.640216,-1.605727,11.532678,15.906469,-0.004341,-0.028232,-0.253674,7.784000,23.494624

1.095270,0.319869,9.250224,15.909410,0.177653,0.018932,-0.358660,7.776000,23.494624

0.005536,0.995264,8.862231,15.906469,0.140881,0.009872,-0.192121,7.784000,23.494624

-0.748895,1.419183,11.254856,15.927057,0.143546,0.044512,-0.052761,7.780000,23.494624

-0.789611,0.410880,9.801079,15.915293,0.085723,-0.026900,-0.008795,7.772000,23.494624

-1.515302,0.329449,8.526928,15.912352,0.016710,-0.065004,0.077806,7.776000,23.494624

-0.327372,0.195328,10.538745,15.891764,-0.016598,-0.065271,0.014921,7.776000,23.494624

-1.182394,0.164193,9.468171,15.900587,0.073200,0.036252,0.033839,7.768000,23.494624

-0.286657,2.757999,11.065649,15.903528,0.219754,0.013069,-0.007995,7.776000,23.494624

0.621056,-1.078822,9.037067,15.915293,-0.192463,-0.052480,-0.010926,7.768000,23.494624

-1.275800,-0.956676,9.839399,15.909410,0.143013,-0.014110,-0.014124,7.760000,23.278547

-0.346532,-0.537548,9.451406,15.909410,-0.208984,-0.016508,-0.119909,7.756000,23.278547

-0.813561,0.918624,9.575947,15.906469,-0.124249,0.083416,-0.155882,7.764000,23.278547

-0.866251,0.044442,8.974797,15.903528,-0.107462,0.021596,-0.192121,7.752000,23.278547

0.611476,0.427645,10.296848,15.906469,-0.028589,0.042380,-0.251275,7.756000,23.278547

-0.935707,0.492310,11.659614,15.909410,0.054814,0.099670,-0.249943,7.756000,23.278547

-0.940497,1.503009,8.452682,15.903528,0.011114,0.050907,-0.329882,7.752000,23.278547

-0.253126,-0.190270,9.492122,15.912352,-0.039780,-0.022637,-0.397563,7.752000,23.278547

0.319283,0.470755,10.100456,15.903528,0.105975,0.008806,-0.431138,7.760000,23.278547

-0.746500,0.422855,9.793894,15.924116,0.036961,0.015468,-0.433269,7.760000,23.278547

-0.406408,0.171378,9.547207,15.918234,0.143812,-0.036493,-0.459116,7.748000,23.278547

-0.382457,3.495665,8.558064,15.918234,0.023904,0.043713,-0.354929,7.756000,23.278547

-0.875831,0.358189,10.390254,15.921175,-0.030188,-0.103375,-0.428739,7.752000,23.278547

-0.832721,1.122200,10.244158,15.929998,0.070535,-0.098045,-0.372782,7.744000,23.278547

-0.689020,-0.305231,9.705278,15.924116,0.025769,-0.146808,-0.209174,7.748000,23.278547

-0.138165,-0.096864,9.571157,15.924116,-0.044843,-0.228346,-0.115113,7.744000,23.278547

-1.232689,-1.557826,10.280083,15.915293,-0.059499,-0.110303,0.048228,7.740000,21.249911

-0.195646,-0.884826,9.190349,15.912352,0.106241,-0.199301,0.034639,7.732000,21.249911

0.003141,-0.971047,8.086245,15.929998,0.092119,-0.198235,0.122838,7.736000,21.249911

-0.394432,-0.135185,9.195139,15.924116,0.157402,-0.135084,0.126568,7.728000,21.249911

-0.734525,0.750972,8.931686,15.935881,-0.088809,-0.143078,0.175864,7.724000,21.249911

-0.193251,-0.441747,9.168794,15.918234,0.043889,-0.129222,0.234219,7.732000,21.249911

-0.883016,0.473150,8.634704,15.921175,0.098780,-0.070866,0.226225,7.724000,21.249911

-0.674650,0.954549,9.362790,15.929998,0.091852,-0.104441,0.212103,7.728000,21.249911

-0.418383,0.276759,10.098062,15.912352,0.022838,-0.082857,0.215833,7.728000,21.249911

-0.269891,1.598809,10.407019,15.912352,0.033497,-0.029565,0.207839,7.728000,21.249911

-0.815956,-0.111235,9.722043,15.921175,-0.073621,-0.062339,0.152149,7.716000,21.249911

-0.392037,0.123477,10.002260,15.894705,-0.003808,-0.057543,0.155346,7.716000,21.249911

-0.813561,0.858748,10.210628,15.903528,-0.020329,-0.005316,0.156146,7.716000,21.249911

-0.423173,1.059930,10.550720,15.909410,0.029766,0.091942,0.177729,7.712000,21.249911

-1.546437,0.841983,8.914922,15.909410,0.139282,0.085281,0.026378,7.716000,21.249911

0.755177,2.029913,9.662168,15.918234,0.076930,0.001079,-0.014657,7.708000,21.249911

0.312098,1.934112,8.558064,15.921175,0.224550,0.108197,-0.083937,7.720000,21.249911

0.046251,1.440738,7.580895,15.924116,-0.059232,0.013602,0.067680,7.704000,21.249911

-1.570387,-0.307626,11.178215,15.906469,0.019907,0.084481,0.310427,7.704000,19.104817

-0.811166,-0.559103,10.292058,15.929998,0.212293,0.102334,0.241680,7.704000,19.104817

-2.506840,0.252808,7.183322,15.924116,0.097181,0.018665,0.218498,7.700000,19.104817

4.357286,-3.725319,7.568920,15.909410,-0.265208,-0.306686,0.299236,7.696000,19.104817

-1.009952,1.804781,7.281518,15.921175,0.018575,0.149498,0.215300,7.700000,19.104817

-1.706903,2.444251,11.417717,15.921175,-0.011535,0.176944,0.128967,7.700000,19.104817

0.874928,-1.981745,9.626243,15.944704,-0.205254,0.109529,-0.071147,7.684000,19.104817

-0.662675,-0.345946,11.503938,15.918234,-0.109594,0.261146,-0.259269,7.692000,19.104817

-1.469796,0.089947,14.919235,15.932940,0.119831,0.290723,-0.398629,7.700000,19.104817

-1.465006,-0.892011,9.571157,15.929998,-0.098669,0.252086,-0.524399,7.684000,19.104817

-0.832721,-1.830859,10.766272,15.921175,-0.430414,0.025327,-0.718118,7.692000,19.104817

-0.753685,0.655172,8.890971,15.912352,0.005252,0.105265,-0.751958,7.684000,19.104817

1.155145,5.562567,5.739125,15.906469,0.414805,0.177743,-0.823104,7.696000,19.104817

-0.248336,-0.817765,4.678132,15.909410,0.129690,0.177210,-0.828433,7.684000,19.104817

2.757413,-2.309863,8.558064,15.909410,0.024970,-0.224882,-0.842556,7.672000,19.104817

0.977914,1.862262,9.499307,15.912352,0.099580,0.052506,-0.777805,7.680000,19.104817

-0.406408,3.057376,9.722043,15.927057,0.174988,-0.090584,-0.699732,7.680000,19.104817

-0.193251,2.882540,8.423943,15.918234,0.098780,0.082616,-0.355462,7.692000,19.104817

-1.726063,5.703873,8.134145,15.921175,0.563491,0.048509,-0.117245,7.696000,19.104817

-2.480494,0.453990,10.893208,15.932940,-0.233232,-0.073797,0.077539,7.680000,19.104817

-0.904572,-1.895524,9.235854,15.927057,0.012180,-0.040223,0.155613,7.672000,19.104817

0.985099,0.621641,8.457473,15.935881,-0.110926,-0.138548,0.085800,7.656000,17.476489

-0.995582,1.747301,10.126801,15.941763,-0.139704,0.038383,0.236351,7.644000,17.476489

-1.091383,1.526959,11.245275,15.938822,-0.109061,0.029857,0.261931,7.640000,17.476489

-0.085475,-0.927936,6.428891,15.932940,-0.037116,0.031189,0.235552,7.644000,17.476489

-2.370324,2.817874,8.354486,15.932940,-0.157557,-0.071666,-0.002133,7.652000,17.476489

-1.946405,0.880304,10.035790,15.935881,0.000988,-0.011179,-0.497220,7.652000,17.476489

1.349142,4.635695,10.593830,15.935881,-0.155159,0.091143,-0.701597,7.656000,17.476489

-0.389642,1.244346,11.288386,15.921175,-0.123982,0.094074,-0.626988,7.660000,17.476489

-1.448241,1.095855,10.603411,15.944704,-0.188733,-0.071133,-0.536923,7.656000,17.476489

-2.631381,3.126832,6.122328,15.941763,-0.182871,0.014668,-0.257404,7.656000,17.476489

-1.254244,-1.644047,12.354170,15.927057,-0.101600,-0.025568,-0.117778,7.652000,17.476489

-1.249454,-2.736176,13.518149,15.932940,0.089188,-0.086321,-0.189723,7.660000,17.476489

-1.191974,1.435948,7.693461,15.927057,0.069203,0.070092,-0.153484,7.664000,17.476489

-1.759594,0.379744,10.699211,15.935881,-0.020861,-0.136949,-0.296574,7.660000,17.476489

0.326468,1.146151,8.922107,15.935881,0.003387,-0.050615,-0.480966,7.664000,17.476489

0.781522,2.283785,7.853928,15.956469,-0.153293,-0.106039,-0.596611,7.660000,17.476489

0.455800,0.370164,10.464499,15.950586,-0.081082,-0.061807,-0.764749,7.664000,17.476489

0.300123,2.027518,5.272096,15.947645,0.002587,-0.109503,-0.510810,7.660000,17.476489

-1.086593,0.691097,11.633268,15.956469,0.023638,-0.076728,-0.193986,7.668000,17.476489

-0.315397,-0.166320,11.685959,15.941763,0.071068,-0.234208,-0.153217,7.664000,17.476489

-0.918942,-1.885944,6.939030,15.941763,-0.077085,-0.040756,0.002130,7.672000,17.476489

-4.583322,5.739799,11.599738,15.932940,0.130756,0.085814,0.015187,7.672000,16.280983

-3.237321,-0.441747,10.502819,15.938822,-0.326227,-0.156667,0.074342,7.660000,16.280983

0.034276,2.005963,8.680209,15.938822,0.072933,-0.078327,0.139625,7.664000,16.280983

-1.472191,0.592901,11.597343,15.941763,-0.145832,-0.140679,0.193184,7.672000,16.280983

-0.621959,-1.196178,10.478869,15.944704,-0.090941,-0.038891,0.151882,7.664000,16.280983

-1.457821,0.997660,8.845466,15.947645,-0.130644,0.010405,0.194516,7.660000,16.280983

-1.505722,-0.048964,12.663127,15.956469,-0.197260,0.017066,0.257934,7.668000,16.280983

-1.100963,2.176009,10.177097,15.953527,-0.033652,0.046910,0.121506,7.676000,16.280983

-2.990633,5.296720,6.649232,15.944704,0.015111,0.116723,-0.193187,7.680000,16.280983

0.484540,-3.749269,13.168476,15.956469,-0.039514,-0.095914,-0.317358,7.664000,16.280983

2.802919,-0.877641,11.927856,15.956469,0.494477,0.115125,-0.421012,7.680000,16.280983

-1.381181,4.793766,-0.897474,15.959410,0.108906,-0.013843,-0.404491,7.676000,16.280983

-0.205226,-6.070043,10.402228,15.953527,-0.547125,-0.308817,-0.382908,7.668000,16.280983

0.580340,-2.870297,13.860637,15.965292,-0.191131,-0.173454,-0.401560,7.668000,16.280983

0.850978,4.161480,5.537943,15.959410,0.054547,0.056503,-0.282185,7.672000,16.280983

-2.528395,-1.145883,9.791499,15.968235,-0.024592,-0.090584,-0.245946,7.660000,16.280983

0.247433,3.363939,9.786709,15.959410,0.159534,0.095673,-0.130301,7.660000,16.280983

0.144447,3.936348,9.904064,15.956469,0.042557,0.067961,0.044764,7.664000,16.280983

-1.077013,-0.477673,11.285991,15.947645,-0.152760,0.057569,0.084467,7.660000,16.280983

0.939593,-2.975678,11.774575,15.971176,-0.069091,-0.077261,-0.097260,7.652000,16.280983

-2.437384,4.070470,12.723002,15.953527,-0.249220,0.117523,-0.162277,7.652000,17.429653

-0.174091,-8.156105,9.020303,15.959410,-0.740310,-0.382894,-0.475637,7.636000,17.429653

-1.469796,2.350845,9.587922,15.959410,-0.138904,0.034919,-0.593680,7.636000,17.429653

0.386344,-0.424982,8.110195,15.950586,0.087855,0.089011,-0.535058,7.656000,17.429653

-1.567992,6.482255,13.484619,15.962351,0.061742,0.089278,-0.569432,7.648000,17.429653

-0.157326,-2.915802,5.401427,15.974117,-0.158090,-0.193172,-0.559573,7.656000,17.429653

-0.389642,2.789134,13.934882,15.971176,0.055880,0.059700,-0.489493,7.652000,17.429653

-1.055458,-2.379318,11.688354,15.968235,-0.209250,0.035719,-0.569698,7.660000,17.429653

-2.612221,3.476505,7.676696,15.982941,0.274912,-0.118297,-0.474571,7.668000,17.429653

-0.200436,-1.078822,6.953400,15.974117,0.000988,-0.224082,-0.438599,7.656000,17.429653

-0.042365,-0.056149,13.968412,15.956469,-0.172745,-0.225947,-0.336011,7.652000,17.429653

0.185162,-2.731386,7.233617,15.962351,-0.141303,-0.094048,-0.342672,7.664000,17.429653

3.001705,-5.935922,7.695856,15.974117,0.030299,-0.365307,-0.406890,7.648000,17.429653

1.449733,-10.191872,12.169753,15.962351,0.104642,-0.331200,-0.345337,7.656000,17.429653

-1.390761,1.270692,2.199286,15.962351,0.066272,-0.335197,-0.221432,7.660000,17.429653

-1.268615,-0.171110,13.417559,15.968235,0.110238,-0.047151,-0.059689,7.652000,17.429653

1.243761,-2.707436,7.564130,15.959410,0.345524,-0.138814,-0.061021,7.660000,17.429653

-2.449359,-1.258449,10.687236,15.971176,-0.489835,-0.383960,0.020516,7.644000,17.429653

-0.617169,-2.340998,8.948452,15.965292,-0.026191,-0.169191,-0.087667,7.644000,17.429653

-0.301027,0.750972,11.096785,15.959410,0.020973,-0.100976,-0.024249,7.652000,17.007310

0.367184,-3.308586,8.011999,15.968235,0.091319,-0.116964,0.002663,7.648000,17.007310

-3.278036,2.307735,11.415322,15.980000,-0.056834,-0.206762,-0.035974,7.656000,17.007310

0.886903,-1.150673,4.481740,15.982941,0.238140,-0.039157,0.124970,7.648000,17.007310

-0.806376,7.490558,9.810658,15.982941,-0.194595,-0.003984,0.101787,7.648000,17.007310

1.294056,-1.282399,10.392649,15.971176,0.339129,0.098870,-0.105254,7.636000,17.007310

-0.760870,2.417906,10.181887,15.962351,-0.145566,0.050108,-0.155882,7.628000,17.007310

-1.014742,-0.187875,11.223721,15.965292,0.240272,0.146567,-0.174801,7.640000,17.007310

0.745597,3.617811,5.535549,15.965292,0.339396,0.053305,-0.184393,7.640000,17.007310

-0.257916,-1.536271,7.655141,15.965292,-0.225238,-0.103108,-0.213704,7.632000,17.007310

-0.660280,-0.484858,8.802356,15.950586,-0.033918,-0.054612,-0.198782,7.648000,17.007310

-0.873436,3.014266,8.768826,15.965292,-0.119986,-0.051681,-0.230491,7.640000,17.007310

-0.902177,-0.599819,9.144843,15.968235,-0.108794,-0.056477,-0.181995,7.652000,17.007310

0.257013,1.718560,13.410374,15.977058,0.032964,-0.096713,-0.213171,7.656000,17.007310

-1.208739,0.116292,9.722043,15.982941,-0.036050,-0.148407,-0.171337,7.660000,17.007310

-1.129703,2.628668,7.736571,15.977058,0.268250,0.023461,-0.150819,7.660000,17.007310

-1.472191,1.661080,8.809541,15.965292,-0.220175,-0.062872,-0.146822,7.660000,17.007310

-0.018414,0.597691,11.590158,15.988823,0.046554,-0.107905,-0.040770,7.664000,17.007310

0.815052,-3.943266,11.721885,15.953527,-0.278797,-0.265650,-0.001600,7.652000,17.007310

1.459313,-2.285912,6.757009,15.974117,-0.073355,-0.129222,0.081270,7.656000,17.007310

-0.119005,0.145033,10.368698,15.971176,-0.019796,-0.073797,0.201178,7.656000,17.430617

-0.789611,-1.502741,9.374765,15.971176,0.085990,-0.055944,0.096458,7.648000,17.430617

-2.142797,2.566397,5.772655,15.988823,-0.018463,-0.009580,0.121506,7.660000,17.430617

-1.196764,2.652618,8.275451,15.974117,-0.182338,-0.075130,0.179861,7.664000,17.430617

-1.395551,4.281231,12.387700,15.985882,0.028701,0.117256,0.212369,7.668000,17.430617

-0.454308,1.869447,11.920671,16.021175,0.073466,0.078619,0.226758,7.672000,17.430617

-1.223109,-1.246474,8.534113,16.027058,0.250131,-0.043421,0.132164,7.676000,17.430617

0.024696,5.358990,11.103970,16.041763,0.170192,0.114059,0.027444,7.676000,17.430617

-1.606312,0.846773,9.017907,16.056469,-0.118920,0.059700,-0.079407,7.680000,17.430617

1.579064,-2.767311,10.672866,16.071175,-0.081348,-0.073797,-0.091132,7.680000,17.430617

0.264198,-0.537548,13.803157,16.088821,-0.203655,-0.097246,-0.150020,7.684000,17.430617

-1.682953,-1.591357,12.174543,16.091763,-0.267073,0.075422,-0.240350,7.676000,17.430617

-0.653095,-1.603332,11.434483,16.118235,0.075065,-0.080992,-0.362390,7.684000,17.430617

0.149237,2.384376,8.378437,16.121176,0.291965,0.028791,-0.347468,7.700000,17.430617

0.228273,-1.694342,8.938871,16.129999,0.128624,-0.020505,-0.228626,7.696000,17.430617

-0.497418,0.619246,9.595107,16.135881,0.100645,-0.133485,0.012522,7.692000,17.430617

-1.323700,-1.646442,10.375883,16.150587,0.033230,-0.045019,0.069812,7.692000,17.430617

-0.480653,-2.693066,10.890813,16.171175,0.229613,-0.137482,0.180927,7.700000,20.191740

-0.703390,2.791529,8.603569,16.159410,0.228814,-0.032229,0.129499,7.700000,20.191740

-1.378785,-0.120815,10.464499,16.168234,-0.138105,0.073290,0.195316,7.692000,20.191740

-0.696205,1.443133,12.050002,16.197645,0.056679,-0.083923,0.192385,7.696000,20.191740

-1.977540,-1.782958,10.945898,16.194704,-0.244956,-0.047950,0.215300,7.692000,20.191740

0.230668,0.410880,11.132710,16.200586,-0.055768,-0.094581,0.259533,7.680000,20.191740

-1.165629,2.243070,8.510163,16.200586,-0.129312,0.067161,0.217699,7.684000,20.191740

-0.715365,-0.020224,8.855046,16.224117,0.019907,0.067428,0.129233,7.688000,20.191740

-0.286657,3.373519,7.992838,16.224117,0.039625,0.061033,0.005328,7.688000,20.191740

0.925223,-0.587843,11.779365,16.238823,-0.121051,-0.107372,0.015720,7.688000,20.191740

-0.245941,1.160521,9.312495,16.253529,0.152872,0.238497,0.006927,7.692000,20.191740

-0.475863,1.534144,8.495793,16.241764,0.034296,0.118322,-0.096727,7.692000,20.191740

-0.051945,0.295919,10.299243,16.279999,-0.102399,-0.047418,-0.199049,7.684000,20.191740

-1.105753,-0.173505,9.245434,16.277058,-0.135973,0.100736,-0.240617,7.692000,20.191740

0.383949,2.147269,9.209509,16.250587,-0.109061,-0.048217,-0.243015,7.680000,20.191740

0.534835,3.857313,13.558865,16.259411,0.194707,0.265409,-0.127903,7.696000,20.191740

-0.887806,-1.653627,8.617939,16.253529,-0.091208,0.083682,-0.148154,7.692000,20.191740

-1.630263,2.269415,10.668076,16.227058,0.058811,-0.010646,-0.075144,7.696000,21.026153

-1.481771,1.665870,10.088481,16.238823,-0.125315,-0.015975,-0.085269,7.696000,21.026153

-0.880621,1.632339,9.001143,16.235882,-0.001143,0.060766,-0.111116,7.700000,21.026153

-0.923732,3.407049,9.365185,16.224117,-0.088010,0.068227,-0.053294,7.696000,21.026153

-2.710416,0.358189,8.582014,16.241764,-0.184469,-0.029831,-0.197716,7.696000,21.026153

0.755177,-0.599819,13.898957,16.215292,0.111037,0.034919,-0.139628,7.700000,21.026153

0.103732,3.536380,8.474237,16.232941,0.295962,0.234233,-0.163876,7.700000,21.026153

-1.620682,3.440579,9.322075,16.215292,-0.027790,0.074889,-0.134032,7.704000,21.026153

-1.364415,1.002450,12.962504,16.206469,0.010315,0.151097,-0.185726,7.708000,21.026153

0.328863,-0.317206,7.956913,16.200586,0.035362,-0.061540,-0.271527,7.708000,21.026153

-1.690138,0.875513,8.383227,16.191763,0.110771,0.036252,-0.269128,7.704000,21.026153

0.894088,0.619246,8.886181,16.191763,0.099846,-0.069001,-0.260335,7.708000,21.026153

-0.334557,1.431158,11.786550,16.188822,-0.072822,0.101269,-0.302436,7.708000,21.026153

-1.929640,5.370965,8.488607,16.197645,0.246933,0.144435,-0.145490,7.704000,21.026153

-2.080526,1.689820,10.136381,16.200586,-0.286525,-0.191840,-0.261401,7.704000,21.026153

-0.277076,1.222791,11.851215,16.191763,0.224284,-0.002652,-0.128436,7.708000,22.203240

-0.542924,0.133057,5.365502,16.191763,0.069736,-0.065004,-0.244880,7.708000,22.203240

1.535953,-3.464262,10.854887,16.177057,0.047353,-0.167326,-0.295775,7.704000,22.203240

1.416202,1.191656,10.514794,16.185881,0.187779,-0.068202,-0.088733,7.708000,22.203240

-1.596732,2.743629,5.808581,16.177057,-0.043511,0.004809,0.214501,7.700000,22.203240

-3.088829,2.159244,12.038027,16.168234,0.006318,-0.119096,0.244345,7.708000,22.203240

-1.575177,1.208421,10.533955,16.174116,-0.048041,-0.034627,0.162008,7.712000,22.203240

-0.049550,2.949600,7.329418,16.153528,0.111037,-0.094315,0.277386,7.720000,22.203240

-0.198041,-0.393847,10.284873,16.177057,0.026036,0.026659,0.146287,7.712000,22.203240

-0.221991,1.457503,12.299084,16.162352,0.091852,-0.038358,0.166271,7.716000,22.203240

-3.203790,5.452396,5.207431,16.165293,-0.000610,0.286460,-0.010660,7.712000,22.203240

-0.377667,-2.012880,12.598461,16.156469,-0.358736,-0.367705,-0.222231,7.712000,22.203240

0.496515,-1.390175,11.432087,16.182940,-0.229235,-0.005849,-0.268596,7.712000,22.203240

-2.116452,2.511312,5.300837,16.150587,-0.100267,0.030390,-0.191854,7.708000,22.203240

0.149237,-0.693224,11.681170,16.144705,0.140881,-0.128955,-0.242216,7.712000,22.203240

-0.090265,-1.375805,14.059423,16.132940,0.000988,-0.134018,-0.147888,7.720000,22.203240

-0.027994,2.080208,8.191626,16.153528,0.418269,0.000546,0.108715,7.716000,22.707201

-1.582362,-2.803236,9.238249,16.147646,-0.008338,-0.312548,0.205708,7.724000,22.707201

-0.648305,-0.353132,9.920830,16.159410,0.324740,-0.123359,0.254737,7.724000,22.707201

-0.614774,1.665870,6.883945,16.150587,0.262655,-0.061007,0.264596,7.724000,22.707201

-0.916547,-2.398478,6.579777,16.135881,0.143279,-0.106839,0.362121,7.720000,22.707201

1.416202,-1.447655,9.628637,16.156469,0.084658,-0.146542,0.340804,7.720000,22.707201

0.448614,-0.942306,11.657219,16.150587,-0.112791,-0.147341,0.329613,7.720000,22.707201

-0.466283,2.185589,11.683564,16.132940,0.042557,-0.133485,0.143089,7.720000,22.707201

-1.860184,1.584439,7.731781,16.138823,0.005518,0.148166,0.102853,7.724000,22.707201

2.357445,0.947364,8.500583,16.144705,-0.121318,-0.089252,-0.028779,7.712000,22.707201

-1.096173,-1.735058,12.849938,16.144705,-0.216978,0.060500,-0.153484,7.712000,22.707201

1.981427,-0.008249,7.925778,16.121176,0.200036,0.084215,-0.154550,7.716000,22.707201

-1.572782,0.853958,6.716293,16.138823,-0.202589,-0.117764,-0.169205,7.712000,22.707201

0.520465,1.232371,10.023815,16.132940,0.255993,-0.049549,0.104452,7.720000,23.438429

-1.690138,2.803504,9.444221,16.153528,0.059344,0.019997,0.217166,7.716000,23.438429

-0.653095,-1.919474,9.255014,16.129999,0.041224,-0.104441,0.164140,7.716000,23.438429

-1.120123,0.434830,10.842913,16.124117,0.073200,-0.177984,0.125769,7.724000,23.438429

1.191071,-3.385226,8.766430,16.124117,0.116900,-0.155068,0.124970,7.724000,23.438429

0.297728,0.092342,7.298283,16.144705,-0.011269,-0.039957,0.276853,7.724000,23.438429

-0.205226,0.700677,6.780959,16.144705,-0.149030,-0.030897,0.154547,7.712000,23.438429

-0.324977,-0.456117,9.231064,16.141764,-0.008871,0.008273,0.251273,7.712000,23.438429

-1.002767,-1.200969,10.462104,16.124117,-0.129045,0.006408,0.061552,7.712000,23.438429

0.477355,0.834798,10.318403,16.129999,-0.167682,-0.062339,0.234752,7.708000,23.438429

-1.544042,2.453831,11.676379,16.129999,-0.180473,0.149498,0.140424,7.716000,23.438429

-2.102081,2.489757,11.300361,16.159410,-0.122917,0.079152,0.086333,7.712000,23.438429

-1.893715,0.887489,7.156977,16.118235,0.093451,0.169216,0.073009,7.720000,23.438429

1.631754,-1.780563,10.040581,16.129999,-0.183670,-0.188110,0.071411,7.712000,23.438429

0.649796,0.873118,8.402388,16.135881,-0.099201,0.071691,0.172666,7.708000,23.438429

-0.588429,-2.331418,11.932646,16.138823,0.043622,-0.068202,0.216100,7.712000,23.438429

0.731227,-1.859599,8.055109,16.112352,0.287169,0.096739,0.289110,7.712000,22.970482

0.403109,2.300550,7.662326,16.106470,0.010315,-0.009313,0.351996,7.708000,22.970482

-0.969237,2.571187,10.280083,16.118235,0.006851,0.054638,0.265662,7.716000,22.970482

-2.013466,0.473150,10.349538,16.091763,-0.211382,0.074089,0.228623,7.716000,22.970482

0.348024,-3.030763,6.953400,16.121176,-0.135973,0.050907,0.213169,7.708000,22.970482

-0.516578,-0.937516,10.196257,16.124117,-0.142368,-0.048217,0.068480,7.700000,22.970482

1.808985,-1.258449,10.105247,16.118235,0.024171,0.095406,0.118841,7.704000,22.970482

-2.281708,3.529195,8.907737,16.115294,0.158468,0.332558,0.015986,7.704000,22.970482

0.280963,0.329449,9.908854,16.106470,-0.094139,0.054371,-0.021851,7.696000,22.970482

-0.672255,1.474268,11.834451,16.141764,0.032431,0.231569,-0.138828,7.700000,22.970482

-1.431476,1.318592,9.544811,16.138823,-0.130644,0.180674,-0.177998,7.700000,22.970482

0.728832,2.195169,10.433364,16.135881,-0.041646,0.232635,-0.249144,7.700000,22.970482

-0.301027,-0.868061,9.266990,16.118235,-0.231367,0.023461,-0.389836,7.696000,22.970482

1.056949,-4.822238,9.034673,16.118235,-0.062696,-0.056211,-0.299239,7.696000,22.970482

-2.420619,7.804305,10.699211,16.103529,-0.085345,0.196396,-0.236354,7.704000,22.970482

0.956359,-5.265316,12.196098,16.103529,-0.141303,-0.079393,-0.233955,7.696000,22.970482

-1.848209,3.076536,11.075230,16.121176,0.112370,0.133244,-0.041303,7.696000,21.651967

-1.910480,2.916070,5.099655,16.106470,0.031365,0.039449,-0.026115,7.692000,21.651967

-0.241151,0.252808,12.143408,16.115294,-0.095205,-0.068468,-0.006396,7.696000,21.651967

-0.962052,1.229976,9.640613,16.115294,-0.033652,0.138573,-0.012792,7.700000,21.651967

-1.383576,1.213211,7.125842,16.115294,-0.109594,0.006408,-0.011992,7.692000,21.651967

1.713185,-1.576987,10.327983,16.094706,0.003653,0.000812,-0.101790,7.688000,21.651967

-0.550109,2.528077,9.652588,16.109411,-0.024059,0.151097,-0.089000,7.688000,21.651967

-1.433871,2.628668,11.345866,16.115294,0.140082,0.122586,-0.175867,7.696000,21.651967

-0.231571,-2.264357,10.308823,16.124117,-0.242292,-0.040490,-0.334678,7.684000,21.651967

-0.530949,-1.464421,9.041858,16.106470,-0.070424,-0.059941,-0.300305,7.680000,21.651967

2.556232,-1.701528,8.088639,16.112352,0.177920,0.010671,-0.288314,7.688000,21.651967

-1.409921,3.986644,10.256132,16.100588,0.089720,0.049308,-0.286449,7.688000,21.651967

-1.235084,-0.266911,7.626400,16.109411,0.071867,0.078353,-0.280053,7.680000,21.651967

-0.988397,2.930440,7.659931,16.094706,-0.079483,-0.092183,-0.118311,7.668000,21.651967

1.583854,-1.754218,22.133034,16.103529,0.107573,0.099670,-0.175067,7.684000,21.651967

0.113312,6.214012,6.857599,16.100588,0.184848,0.029324,-0.045566,7.688000,21.651967

-5.227582,2.456226,10.699211,16.121176,-0.172212,-0.005583,0.023980,7.672000,20.490624

0.400714,1.900582,13.180451,16.106470,-0.197526,-0.106039,-0.086868,7.668000,20.490624

1.523978,-1.311139,8.637099,16.112352,0.015644,-0.079926,-0.048231,7.680000,20.490624

-1.191974,2.116133,9.190349,16.121176,0.023371,-0.076462,-0.012259,7.672000,20.490624

-0.147745,0.841983,9.597502,16.109411,-0.012335,-0.011445,0.050893,7.668000,20.490624

-1.603917,0.063602,8.850256,16.091763,-0.086944,0.053039,0.049028,7.668000,20.490624

0.218693,-1.330299,9.621452,16.106470,0.152073,-0.013577,0.090596,7.664000,20.490624

-0.380062,3.502850,4.963139,16.097647,0.638633,0.221976,0.073809,7.672000,20.490624

-1.273405,2.197564,9.681328,16.091763,-0.373924,-0.239004,-0.098060,7.656000,20.490624

1.296451,-0.444142,9.585527,16.103529,0.238140,0.148965,-0.016788,7.664000,20.490624

0.690511,-1.869179,9.015512,16.082939,-0.174610,-0.023436,-0.164142,7.660000,20.490624

-1.388366,-1.656022,9.710068,16.091763,-0.092540,0.015734,-0.266997,7.660000,20.490624

0.154027,1.788016,8.615544,16.112352,-0.171413,0.027991,-0.314960,7.652000,20.490624

1.751505,-0.420192,10.371094,16.091763,-0.004874,-0.007715,-0.266730,7.652000,20.490624

-0.107030,2.171219,11.645244,16.103529,0.108639,0.180941,-0.361857,7.656000,20.490624

-1.455426,1.637130,9.140054,16.109411,0.012446,0.106065,-0.428473,7.652000,20.490624

-0.442333,0.710257,9.025092,16.109411,0.105708,0.085547,-0.448724,7.644000,20.490624

-0.796796,0.894674,9.341235,16.109411,-0.164751,-0.023169,-0.470574,7.644000,20.490624

1.643729,-5.835331,13.472644,16.109411,-0.401103,-0.116698,-0.466844,7.640000,20.490624

-2.346373,-0.120815,10.457314,16.106470,-0.042445,0.025593,-0.438865,7.644000,18.379280

-1.728458,0.715047,9.113708,16.103529,0.056146,0.043446,-0.303769,7.644000,18.379280

-1.237479,-0.039384,9.396320,16.112352,-0.131443,0.013069,-0.280053,7.632000,18.379280

-0.140560,-4.343234,8.867022,16.115294,-0.124782,-0.151604,-0.226228,7.632000,18.379280

-1.091383,0.851563,9.228669,16.124117,0.055080,-0.082324,-0.207842,7.636000,18.379280

-0.535739,2.834639,8.907737,16.115294,-0.014200,-0.109237,-0.173468,7.636000,18.379280

-0.339347,0.695887,10.181887,16.094706,-0.147431,-0.095381,-0.161211,7.628000,18.379280

-0.200436,-0.657299,13.360078,16.100588,0.070269,-0.086588,-0.227560,7.628000,18.379280

-0.923732,0.911439,10.780642,16.115294,-0.004341,0.104200,-0.315226,7.632000,18.379280

-0.530949,-2.350578,10.086086,16.103529,-0.155425,-0.116698,-0.378112,7.616000,18.379280

-0.902177,2.108948,13.623530,16.106470,0.048685,0.047710,-0.455919,7.628000,18.379280

0.441429,-3.310981,13.096625,16.100588,-0.024592,-0.096180,-0.454320,7.612000,18.379280

-0.665070,2.130504,7.961703,16.103529,0.299426,0.077553,-0.330948,7.616000,18.379280

-1.364415,1.728140,8.749665,16.103529,0.080394,-0.083390,-0.466844,7.624000,18.379280

-0.535739,1.594019,5.339157,16.097647,0.144079,-0.131886,-0.445793,7.604000,18.379280

0.300123,-0.168715,8.675420,16.100588,0.066272,-0.171056,-0.398363,7.604000,18.379280

0.125287,-0.681249,8.232341,16.106470,0.015111,-0.115365,-0.353597,7.600000,18.379280

-0.018414,-0.240566,9.880115,16.115294,-0.091741,-0.286967,-0.240084,7.588000,18.379280

-2.243387,-0.544733,5.731940,16.109411,-0.219376,-0.231543,-0.156148,7.588000,18.379280

-2.516420,-1.605727,18.593195,16.112352,-0.150629,-0.021571,0.091928,7.600000,18.379280

0.671351,2.623878,7.762917,16.097647,0.847806,0.253952,0.138293,7.608000,18.379280

-1.654213,2.405931,15.534756,16.097647,-0.140503,-0.396217,-0.017588,7.556000,15.919764

-1.750014,4.118370,10.447734,16.106470,-0.085079,0.054105,0.187588,7.560000,15.919764

-1.548832,-1.093193,14.746794,16.082939,0.079861,-0.005583,0.634446,7.556000,15.919764

0.374369,0.264784,6.043293,16.091763,-0.066693,-0.191840,0.777270,7.536000,15.919764

0.922828,-1.969770,15.484460,16.094706,0.103310,-0.262186,1.128201,7.524000,15.919764

-0.818351,3.986644,4.251818,16.085880,0.050018,0.134576,1.071977,7.516000,15.919764

-0.787216,-1.165043,13.618740,16.106470,-0.081615,-0.056744,0.958464,7.516000,15.919764

-0.526159,2.657408,9.458591,16.106470,0.192841,0.150298,0.484427,7.520000,15.919764

-1.421896,-0.714779,5.236171,16.097647,-0.080016,-0.000254,0.163074,7.524000,15.919764

1.025814,2.655013,16.073635,16.112352,0.405212,0.127915,0.055689,7.544000,15.919764

-0.099845,-1.864389,13.053515,16.085880,0.112370,0.105265,0.164939,7.536000,15.919764

-1.714088,0.657567,4.922423,16.100588,0.404679,0.144169,0.134562,7.540000,15.919764

-4.142638,3.579490,8.926897,16.118235,-0.312371,-0.341326,-0.015456,7.528000,15.919764

2.750228,-0.398637,11.791340,16.115294,-0.144767,-0.102575,0.111114,7.500000,15.919764

0.443824,-3.780405,13.561259,16.100588,-0.078151,-0.092183,0.189720,7.492000,15.919764

0.213903,-1.859599,12.152988,16.097647,0.173923,-0.056477,0.141757,7.500000,15.919764

2.091598,2.877750,3.655458,16.115294,0.160067,0.039449,0.176930,7.484000,15.919764

0.367184,-0.183085,16.679575,16.106470,0.085457,0.053305,0.149751,7.460000,15.919764

-0.121400,0.032467,2.074745,16.097647,-0.032319,-0.219286,0.156412,7.460000,15.919764

-0.516578,2.027518,9.405901,16.112352,0.002854,0.066895,0.258734,7.460000,15.919764

-1.041088,1.220396,8.174860,16.100588,-0.116788,0.036518,0.382905,7.460000,15.919764

-1.675768,-3.119379,9.269384,16.100588,-0.150895,-0.136150,0.173732,7.436000,15.919764

-1.932035,1.687425,11.271621,16.103529,-0.049906,-0.162796,0.184657,7.396000,15.919764

-0.691415,0.449200,9.738809,16.109411,0.110238,-0.083656,0.076207,7.388000,15.919764

-0.411198,-0.156740,12.157778,16.112352,0.214958,-0.172921,0.358657,7.428000,15.919764

3.119061,0.679122,8.747270,16.103529,-0.004874,-0.139081,0.759950,7.428000,15.919764

1.425782,3.328013,8.593988,16.103529,0.247200,0.046111,0.837224,7.412000,15.919764

-0.815956,0.736602,10.081296,16.103529,0.224817,0.112993,0.664823,7.400000,15.919764

-2.782267,-0.120815,8.989167,16.100588,-0.070956,-0.049016,0.519601,7.372000,15.919764

0.664166,1.064720,12.746953,16.106470,0.184848,-0.081258,0.339205,7.400000,15.919764

1.135985,-1.691947,10.397439,16.091763,-0.124249,-0.029565,0.185723,7.200000,15.919764

3.255578,-1.040502,10.450130,16.124117,0.116633,-0.076462,0.375977,6.976000,15.919764

-0.195646,-1.967375,12.526611,16.112352,0.060410,0.001612,0.194516,6.748000,15.919764

-1.182394,-0.949491,8.479028,16.124117,-0.173811,-0.127889,0.204375,6.512000,15.919764

0.527650,-2.877482,9.044252,16.106470,0.038560,-0.185179,0.312293,6.292000,1250.976504

0.731227,-0.808185,8.411967,16.112352,0.039892,-0.075396,0.545714,6.080000,1250.976504

2.426901,-1.651232,10.165122,16.109411,0.083059,-0.206229,0.701861,5.864000,1250.976504

1.135985,1.201236,10.766272,16.124117,0.163797,0.026126,0.772207,5.648000,1250.976504

1.612594,0.921019,12.059582,16.112352,-0.066160,-0.119629,0.606467,5.436000,1250.976504

0.927618,1.790411,10.052556,16.135881,0.003653,0.022129,0.426072,5.232000,1250.976504

1.665284,-1.378200,9.252620,16.124117,-0.058966,-0.013310,0.170535,4.968000,1250.976504

2.659218,-0.777050,8.251501,16.115294,0.117699,0.055703,0.085800,4.768000,1250.976504

0.973124,-0.812975,9.638218,16.127058,0.318878,0.068494,0.141757,4.572000,1250.976504

-6.659803,6.891803,14.404306,16.106470,0.121696,0.613676,0.356792,4.384000,1250.976504

0.733622,-1.097983,7.353368,16.100588,0.029500,-0.159332,0.600872,4.076000,1250.976504

0.515675,-1.421310,10.548325,16.109411,0.203233,-0.035693,0.523331,3.848000,1250.976504

0.000746,0.473150,12.315849,16.109411,-0.138638,-0.166793,0.280584,3.668000,1250.976504

5.332059,-0.707594,8.277846,16.100588,-0.011802,-0.122293,0.235285,3.496000,1250.976504

3.514239,-1.696738,9.686118,16.115294,-0.133575,-0.005316,-0.023983,3.332000,1250.976504

3.066371,-1.972165,9.001143,16.127058,0.000988,-0.056477,-0.238485,3.228000,1250.976504

2.709513,2.372401,10.102851,16.106470,0.118498,0.146301,-0.487361,3.136000,1250.976504

1.658099,0.777318,10.490845,16.124117,-0.068025,0.104999,-0.483897,3.068000,1250.976504

1.040184,0.741392,8.670630,16.124117,-0.007805,0.064230,-0.574494,3.000000,1250.976504

0.889298,0.849168,9.472961,16.112352,0.034829,0.047177,-0.525199,2.932000,1250.976504

1.267711,0.964129,7.937753,16.124117,0.165662,0.174546,-0.350932,2.864000,1250.976504

1.135985,3.771092,7.427614,16.112352,0.258125,0.074622,-0.328017,2.796000,1250.976504

3.028050,-2.769706,10.316008,16.106470,-0.063229,-0.039957,0.184391,2.728000,1250.976504

1.971847,-0.185480,6.560617,16.129999,0.140082,0.438077,0.029842,2.660000,1250.976504

-0.854276,0.295919,11.889536,16.132940,-0.204188,-0.178784,-0.063952,2.600000,1250.976504

2.575392,-0.870456,8.361671,16.112352,0.036428,0.069559,-0.055426,2.536000,1250.976504

0.130077,1.043165,9.573552,16.124117,-0.017131,0.018932,-0.022118,2.464000,1250.976504

1.267711,0.185748,9.037067,16.118235,-0.028589,0.130046,0.112446,2.400000,1250.976504

0.913248,0.758158,8.950847,16.106470,0.096648,0.117789,0.113512,2.344000,1250.976504

1.282081,1.771251,9.729228,16.118235,0.038027,0.147100,0.070345,2.280000,1250.976504

1.801800,0.997660,9.939990,16.106470,0.016443,0.101801,0.087132,2.224000,1250.976504

1.624569,1.112620,9.405901,16.135881,0.020174,0.120454,0.023447,2.168000,1250.976504

1.538348,0.482730,9.140054,16.124117,0.028967,0.105798,-0.078874,2.112000,1250.976504

1.255736,1.814361,9.978311,16.121176,0.132887,0.278200,0.015453,2.056000,1250.976504

1.435363,1.900582,10.038186,16.124117,0.178719,0.179875,0.048495,2.004000,1250.976504

0.405504,2.003568,10.234577,16.127058,0.027901,0.343216,0.002130,1.948000,1250.976504

1.835331,1.119806,9.597502,16.124117,-0.027523,0.312573,-0.207842,1.888000,1250.976504

-0.763265,0.528236,9.755573,16.129999,0.083592,0.129514,-0.421012,1.840000,1250.976504

-0.875831,0.288734,9.659773,16.109411,0.008982,0.375192,-0.497220,1.792000,1250.976504

-0.641119,0.509075,10.323193,16.112352,0.049485,0.057569,-0.717851,1.744000,1250.976504

-2.147587,-1.981745,9.525652,16.127058,0.015910,0.077553,-0.790329,1.696000,1250.976504

0.074991,0.030072,9.664562,16.129999,-0.032053,-0.053546,-0.818574,1.652000,1250.976504

0.247433,-0.202245,9.726833,16.115294,0.046554,-0.063405,-0.681879,1.608000,1250.976504

-0.586034,0.966524,9.753179,16.124117,0.012713,-0.032229,-0.542252,1.564000,1250.976504

-1.014742,1.416788,9.465776,16.112352,-0.009137,-0.000787,-0.199848,1.504000,1250.976504

-0.605194,0.384534,9.769943,16.118235,0.040425,0.003210,-0.002133,1.460000,1250.976504

-0.837511,0.698282,9.971126,16.127058,0.014045,-0.045552,0.042100,1.412000,1250.976504

0.156422,1.538934,9.729228,16.127058,0.019108,-0.023169,0.154547,1.372000,1250.976504

-0.310607,1.591624,9.920830,16.138823,0.011647,-0.032762,0.193184,1.332000,1250.976504

0.326468,1.167706,9.774734,16.129999,0.015111,0.014402,0.172933,1.300000,1250.976504

0.422269,0.499495,9.585527,16.132940,0.013246,-0.033828,0.110847,1.264000,1250.976504

-0.284262,0.556976,9.643007,16.127058,0.004985,-0.000787,0.034905,1.232000,1250.976504

-0.435148,1.129385,9.578342,16.121176,0.026569,-0.019439,-0.065818,1.204000,1250.976504

-0.380062,0.935389,9.729228,16.118235,0.002587,-0.043154,-0.103655,1.176000,1250.976504

-0.195646,1.052745,9.738809,16.121176,0.011114,-0.041822,-0.061554,1.156000,1250.976504

0.067806,0.904254,9.695698,16.127058,0.005785,-0.036226,0.004262,1.136000,1250.976504

0.115707,0.803663,9.590317,16.118235,0.008449,-0.037825,0.086333,1.112000,1250.976504

0.130077,0.741392,9.657377,16.121176,0.015377,-0.035427,0.056489,1.096000,1250.976504

0.130077,0.736602,9.602292,16.112352,0.008183,-0.035427,0.041567,1.080000,1250.976504

0.221088,0.777318,9.631032,16.141764,0.012180,-0.033828,0.015453,1.068000,1250.976504

0.307308,0.961734,9.683722,16.112352,0.007384,-0.024502,0.014121,1.056000,1250.976504

0.376764,0.889884,9.650192,16.118235,-0.001410,-0.012244,0.045297,1.048000,1250.976504

0.398319,0.746182,9.712463,16.135881,0.001255,0.002144,0.057288,1.036000,1250.976504

0.362394,0.758158,9.678933,16.127058,0.003653,0.010671,0.025313,1.028000,1250.976504

0.288148,1.031190,9.633428,16.135881,-0.002476,0.017599,-0.000268,1.020000,1250.976504

0.194742,1.270692,9.599897,16.121176,-0.007005,0.025327,-0.017321,1.016000,1250.976504

0.113312,1.203631,9.580737,16.147646,-0.006739,0.031988,-0.025582,1.000000,1250.976504

0.122892,0.983289,9.623847,16.135881,-0.003808,0.039716,-0.022917,0.996000,1250.976504

-0.039970,0.901859,9.662168,16.118235,-0.004074,0.040515,-0.016522,0.992000,1250.976504

-0.257916,0.954549,9.678933,16.138823,-0.011802,0.033054,-0.018387,0.984000,1250.976504

-0.540529,0.803663,9.693303,16.141764,-0.007805,0.018399,-0.038372,0.984000,1250.976504

-0.571664,0.748577,9.741203,16.138823,-0.006206,-0.004251,-0.051429,0.976000,1250.976504

-0.487838,0.774923,9.753179,16.144705,-0.009404,-0.027966,-0.035441,0.976000,1250.976504

-0.135770,0.758158,9.745994,16.135881,-0.004074,-0.037026,0.018385,0.968000,1250.976504

0.156422,0.633617,9.710068,16.135881,0.000722,-0.026101,0.076473,0.964000,1250.976504

0.072596,0.825218,9.722043,16.141764,-0.001410,-0.035693,0.121772,0.960000,1250.976504

-0.277076,1.414393,9.839399,16.150587,-0.020861,-0.010113,0.072210,0.960000,1250.976504

0.307308,1.438343,9.772339,16.135881,-0.041646,-0.005849,0.054890,0.952000,1250.976504

0.604291,1.414393,10.009445,16.138823,-0.000610,0.004809,0.038636,0.952000,1250.976504

0.156422,1.505404,9.896879,16.132940,-0.017664,0.023728,0.079138,0.944000,1250.976504

0.015116,0.892279,9.767549,16.135881,-0.006206,0.047177,0.059953,0.948000,1250.976504

-0.193251,1.493428,9.472961,16.141764,0.018841,0.023461,0.001597,0.944000,1250.976504

-0.198041,1.361702,9.657377,16.127058,-0.013401,-0.001852,-0.040237,0.944000,1250.976504

-0.198041,1.261111,9.554392,16.129999,0.002587,-0.012511,-0.022118,0.940000,1250.976504

0.082176,1.213211,9.674143,16.121176,0.010315,0.010405,0.029842,0.936000,1250.976504

0.106127,1.383258,9.592712,16.118235,-0.003808,0.006408,0.074342,0.936000,1250.976504

-0.056735,1.241951,9.604687,16.124117,-0.012868,0.003743,0.066614,0.932000,1250.976504

0.204322,1.172496,9.604687,16.141764,-0.001943,0.012537,0.036504,0.932000,1250.976504

0.314493,1.184471,9.621452,16.135881,-0.002742,0.025060,0.016786,0.924000,1250.976504

0.115707,1.098250,9.645403,16.118235,0.001521,0.033054,-0.007729,0.924000,1250.976504

-0.226781,0.988079,9.681328,16.121176,0.003920,0.035985,-0.038905,0.928000,1250.976504

-0.260311,0.892279,9.664562,16.138823,0.002054,0.017866,-0.065818,0.924000,1250.976504

-0.341742,0.846773,9.777128,16.124117,-0.003808,0.008007,-0.053294,0.924000,1250.976504

-0.293842,0.880304,9.686118,16.150587,-0.008071,0.004010,0.001597,0.920000,1250.976504

-0.066315,0.870723,9.664562,16.147646,-0.006739,-0.002652,0.045031,0.920000,1250.976504

-0.068710,0.985684,9.590317,16.132940,-0.002476,-0.001320,0.047163,0.920000,1250.976504

-0.020809,1.071905,9.698093,16.144705,-0.000077,0.000013,0.019983,0.920000,1250.976504

-0.111820,1.122200,9.561577,16.144705,-0.001410,-0.000787,-0.005331,0.916000,1250.976504

-0.126190,1.043165,9.693303,16.147646,-0.004074,-0.002652,-0.011459,0.916000,1250.976504

-0.157326,0.997660,9.635822,16.138823,-0.003541,-0.003185,-0.009594,0.912000,1250.976504

-0.039970,0.978499,9.666958,16.135881,-0.001676,-0.009846,-0.005864,0.916000,1250.976504

-0.080685,0.940179,9.664562,16.141764,-0.002209,-0.005316,0.004795,0.912000,1250.976504

0.003141,0.976104,9.609477,16.129999,-0.001410,-0.008780,0.006927,0.912000,1250.976504

-0.063920,0.968919,9.652588,16.138823,-0.002476,-0.010379,0.002130,0.912000,1250.976504

-0.004044,1.047955,9.554392,16.138823,0.002321,-0.009846,-0.000268,0.908000,1250.976504

0.017511,1.000055,9.772339,16.141764,-0.001676,-0.004251,0.002930,0.912000,1250.976504

0.182767,0.875513,9.561577,16.141764,-0.002209,-0.006116,0.008792,0.912000,1250.976504

0.194742,0.911439,9.702883,16.135881,0.000455,0.001079,0.012789,0.908000,1250.976504

0.168397,0.942574,9.664562,16.141764,-0.002742,0.012004,0.005061,0.908000,1250.976504

0.082176,0.909044,9.719648,16.144705,-0.006473,0.016533,-0.004798,0.908000,1250.976504

-0.231571,0.853958,9.650192,16.132940,-0.002742,0.016001,-0.018654,0.908000,1250.976504

-0.092660,0.956944,9.707673,16.141764,-0.003541,0.005609,-0.011459,0.904000,1250.976504

0.086966,1.009634,9.614267,16.132940,-0.005140,0.010405,0.018651,0.904000,1250.976504

0.139657,1.035980,9.686118,16.127058,-0.001410,0.019465,0.034905,0.904000,1250.976504

-0.171696,1.028795,9.559182,16.150587,-0.004341,0.024527,0.011190,0.904000,1250.976504

-0.408803,1.110225,9.662168,16.147646,-0.005673,0.007474,-0.025315,0.904000,1250.976504

-0.317792,1.162916,9.683722,16.138823,-0.002476,-0.004517,-0.020785,0.904000,1250.976504

-0.025599,0.988079,9.590317,16.147646,0.000988,-0.004251,0.011190,0.904000,1250.976504

0.125287,0.935389,9.652588,16.141764,-0.002209,-0.001586,0.030375,0.904000,1250.976504

0.187557,0.961734,9.690907,16.153528,-0.004874,0.006941,0.022914,0.904000,1250.976504

0.106127,0.990474,9.671748,16.153528,-0.001943,0.014935,-0.003465,0.904000,1250.976504

-0.083080,1.028795,9.602292,16.124117,-0.002209,0.019997,-0.023450,0.904000,1250.976504

-0.305817,0.983289,9.659773,16.144705,-0.003009,0.016001,-0.034908,0.904000,1250.976504

-0.293842,0.940179,9.640613,16.144705,0.000455,0.008007,-0.026381,0.900000,1250.976504

-0.133375,0.911439,9.666958,16.156469,-0.001943,0.004543,-0.001334,0.900000,1250.976504

-0.195646,0.954549,9.638218,16.147646,-0.004607,0.000546,0.017052,0.900000,1250.976504

-0.090265,1.016820,9.690907,16.171175,-0.001943,-0.000254,0.013588,0.900000,1250.976504

-0.049550,1.014425,9.654983,16.138823,-0.003275,-0.000520,0.009325,0.896000,1250.976504

0.110917,0.961734,9.528047,16.156469,-0.005407,0.002144,0.010924,0.900000,1250.976504

-0.107030,1.038375,9.851375,16.159410,-0.001676,0.007474,0.005594,0.900000,1250.976504

0.079781,1.124595,9.458591,16.159410,-0.005140,0.010138,0.001864,0.896000,1250.976504

-0.109425,1.203631,9.872930,16.138823,0.000988,0.014935,-0.003998,0.896000,1250.976504

-0.188461,1.055140,9.393926,16.138823,-0.002209,0.015201,-0.018121,0.896000,1250.976504

-0.454308,0.942574,9.875324,16.162352,-0.000877,0.006941,-0.038105,0.900000,1250.976504

-0.384852,0.767738,9.611873,16.153528,-0.001143,-0.009313,-0.047965,0.896000,1250.976504

-0.308212,0.822823,9.590317,16.156469,-0.001943,-0.016774,-0.030645,0.896000,1250.976504

-0.128585,0.983289,9.666958,16.159410,-0.002476,-0.016774,0.020250,0.896000,1250.976504

0.245038,1.045560,9.688513,16.168234,-0.006206,-0.007715,0.077806,0.896000,1250.976504

0.300123,1.069510,9.532837,16.132940,-0.003541,0.006141,0.091928,0.896000,1250.976504

0.249828,1.069510,9.712463,16.168234,-0.003808,0.021596,0.048495,0.896000,1250.976504

-0.078290,1.028795,9.698093,16.150587,-0.000877,0.030123,-0.026914,0.892000,1250.976504

0.034276,0.935389,9.808264,16.156469,-0.007538,0.024261,-0.067150,0.896000,1250.976504

-0.296237,0.837193,9.535232,16.156469,-0.005140,0.030123,-0.067150,0.896000,1250.976504

-0.435148,0.887489,9.784313,16.162352,-0.005940,0.019465,-0.047698,0.896000,1250.976504

-0.475863,0.930599,9.508886,16.162352,-0.000077,0.010671,-0.030378,0.896000,1250.976504

-0.490233,0.961734,9.683722,16.159410,-0.003275,-0.000787,-0.000001,0.896000,1250.976504

-0.130980,0.921019,9.722043,16.162352,-0.004874,-0.007448,0.049561,0.896000,1250.976504

0.118102,1.079090,9.530441,16.174116,-0.003541,-0.001053,0.083135,0.892000,1250.976504

-0.099845,1.220396,9.722043,16.153528,-0.003808,0.008540,0.047695,0.892000,1250.976504

0.005536,1.088670,9.633428,16.159410,-0.003275,0.018399,-0.016256,0.892000,1250.976504

-0.430358,0.868328,9.638218,16.150587,-0.005407,0.010138,-0.069548,0.892000,1250.976504

-0.475863,0.691097,9.714858,16.165293,-0.005940,-0.003185,-0.081272,0.896000,1250.976504

-0.447123,0.904254,9.492122,16.159410,-0.002476,-0.011978,-0.045566,0.892000,1250.976504

-0.260311,1.050350,9.712463,16.162352,-0.000877,-0.011179,0.017319,0.896000,1250.976504

-0.157326,1.045560,9.544811,16.159410,-0.005940,-0.012777,0.071144,0.896000,1250.976504

0.053436,1.079090,9.712463,16.147646,-0.002742,-0.009846,0.095925,0.892000,1250.976504

0.156422,1.186866,9.650192,16.153528,-0.003009,0.006408,0.071677,0.892000,1250.976504

-0.087870,1.105435,9.731624,16.159410,-0.003275,0.017599,0.013855,0.892000,1250.976504

0.371974,1.043165,9.674143,16.147646,-0.011802,0.017866,-0.033309,0.892000,1250.976504

-0.332162,0.906649,9.736413,16.150587,0.000722,0.035452,-0.067150,0.896000,1250.976504

-0.214806,0.772528,9.738809,16.156469,-0.001410,0.026926,-0.067683,0.892000,1250.976504

-0.253126,0.767738,9.640613,16.162352,-0.003808,0.024261,-0.033576,0.892000,1250.976504

-0.576454,0.846773,9.528047,16.150587,-0.005673,0.022396,-0.005864,0.892000,1250.976504

-0.547714,1.083880,9.769943,16.156469,-0.001943,0.007740,0.014388,0.892000,1250.976504

-0.119005,1.179681,9.482541,16.150587,-0.000877,0.006941,0.048495,0.892000,1250.976504

-0.214806,1.110225,9.760364,16.168234,-0.003275,0.015201,0.062351,0.892000,1250.976504

-0.478258,1.088670,9.817844,16.177057,0.000189,0.007740,0.001331,0.892000,1250.976504

-0.461493,0.930599,9.386741,16.159410,-0.001943,-0.003984,-0.059156,0.892000,1250.976504

-0.756080,0.877909,9.911250,16.168234,-0.000077,-0.019705,-0.075410,0.892000,1250.976504

-0.377667,0.837193,9.470566,16.171175,-0.001410,-0.030897,-0.037306,0.892000,1250.976504

-0.401617,0.827613,9.640613,16.177057,-0.000877,-0.025035,0.018651,0.892000,1250.976504

-0.085475,1.057535,9.717253,16.150587,-0.000344,-0.033295,0.074875,0.892000,1250.976504

