ax,ay,az,gx,gy,gz,temp,volt,vel

-0.638724,2.940020,9.089758,15.382940,0.003387,-0.042088,0.026378,3.000000,0.000000

-0.578849,2.875355,9.255014,15.377058,-0.001410,-0.014376,0.023181,2.932000,0.000000

-0.835116,2.798714,9.061018,15.400587,0.006051,-0.021571,0.014654,2.892000,0.000000

-0.839906,2.856194,9.118498,15.400587,0.000455,-0.029032,0.012789,2.856000,0.000000

-0.679440,2.887330,9.300520,15.406469,0.002587,-0.039157,0.002397,2.820000,0.000000

-0.166906,3.066956,9.190349,15.394705,0.000988,-0.029565,-0.008262,2.784000,0.000000

-0.473468,2.837034,9.190349,15.418234,-0.005140,-0.012511,0.005328,2.740000,0.000000

-0.588429,2.669383,9.096943,15.415293,-0.001143,-0.031163,0.010391,2.708000,0.000000

-0.557294,2.904095,9.243039,15.424116,0.003653,-0.014643,0.001065,2.668000,0.000000

-0.547714,3.107671,9.238249,15.427057,0.002321,-0.022637,-0.011193,2.636000,0.000000

-0.406408,3.009476,9.089758,15.429998,-0.011269,-0.015975,0.007993,2.600000,0.000000

-0.401617,2.772369,9.228669,15.456469,0.001255,-0.016508,0.000532,2.532000,0.000000

-0.904572,2.942415,9.099339,15.447645,-0.000877,-0.006915,0.014388,2.484000,0.000000

-0.547714,2.911280,9.173584,15.462351,-0.009137,-0.020505,0.023181,2.452000,0.000000

-0.607589,2.786739,9.171188,15.474117,-0.005407,-0.006382,0.015187,2.420000,0.000000

-0.650700,2.825059,9.144843,15.474117,-0.000344,-0.016508,-0.002399,2.384000,0.000000

-0.660280,2.698123,9.185558,15.485882,-0.005407,-0.018906,-0.014124,2.348000,0.000000

-0.660280,2.707703,9.305309,15.482941,-0.005940,-0.013843,-0.034641,2.320000,0.000000

-0.590824,2.827454,9.255014,15.503529,0.000455,-0.022104,-0.039171,2.280000,0.000000

-0.463888,2.760394,9.214299,15.485882,0.004452,-0.019439,-0.017588,2.252000,0.000000

-0.636329,2.779554,9.238249,15.491764,-0.003541,-0.012244,0.007993,2.220000,0.000000

-0.734525,2.841825,9.140054,15.497646,0.004719,-0.022637,0.017319,2.180000,0.000000

-0.502208,2.951995,9.266990,15.491764,0.003120,-0.017574,0.028244,2.148000,0.000000

-0.485443,2.837034,9.209509,15.503529,0.001521,-0.022903,0.043432,2.116000,0.000000

-0.475863,2.729259,9.243039,15.509411,0.003120,-0.015975,0.029576,2.080000,0.000000

-0.289052,2.793924,9.262199,15.512352,0.002854,-0.016241,0.004262,2.056000,0.000000

-0.178881,2.971155,9.142448,15.524117,0.002854,-0.001586,0.001331,2.024000,0.000000

-0.586034,3.009476,9.255014,15.518234,-0.003275,0.002411,0.009858,1.996000,0.000000

-0.677045,2.916070,9.235854,15.532940,0.000189,-0.008780,0.008525,1.968000,0.000000

-0.641119,2.849010,9.111313,15.524117,-0.000610,-0.004784,-0.002399,1.940000,0.000000

-0.650700,2.834639,9.166399,15.524117,-0.003808,-0.006649,-0.008795,1.908000,0.000000

-0.530949,2.930440,9.192744,15.532940,0.000988,-0.002652,-0.006396,1.876000,0.000000

-0.729735,2.827454,9.192744,15.547646,0.000988,-0.012511,0.003729,1.844000,0.000000

-0.471073,2.880145,9.118498,15.547646,-0.002476,-0.016774,0.015720,1.820000,0.000000

-0.609984,2.839429,9.156818,15.556469,-0.001676,-0.009846,0.017852,1.768000,0.000000

-0.375272,3.014266,9.111313,15.550587,-0.002476,-0.009047,0.015453,1.740000,0.000000

-0.576454,3.078931,9.278965,15.553528,-0.001410,0.005076,0.011989,1.712000,0.000000

-0.420778,2.961576,9.104128,15.571175,-0.005140,-0.011712,0.008525,1.688000,0.000000

-0.334557,2.760394,9.185558,15.559410,-0.013134,0.000546,-0.006663,1.664000,0.000000

-0.399222,2.784344,9.159214,15.568233,-0.011535,0.006941,-0.030112,1.636000,0.000000

-0.315397,3.023846,9.094548,15.588821,-0.002209,0.005875,-0.035707,1.616000,0.000000

-0.890202,2.937625,9.209509,15.571175,-0.002476,0.003477,-0.007462,1.584000,0.000000

-0.631539,2.844219,9.123288,15.582939,-0.007272,-0.006382,0.008259,1.556000,0.000000

-0.602799,2.813084,9.171188,15.577057,-0.010469,0.002144,0.009058,1.532000,0.000000

-0.509393,2.849010,9.123288,15.585880,-0.002742,-0.008514,0.005594,1.512000,0.000000

-0.480653,3.019056,9.245434,15.597647,-0.008871,0.008273,0.014121,1.484000,0.000000

-0.624354,2.913675,9.286150,15.574116,-0.003275,0.000546,0.020783,1.464000,0.000000

-0.401617,2.738839,9.226274,15.588821,-0.011002,0.003477,0.020250,1.428000,0.000000

-0.506998,2.746024,9.278965,15.600588,-0.006473,0.002944,-0.015190,1.396000,0.000000

-0.523764,2.753209,9.185558,15.600588,0.001255,0.002944,-0.041303,1.372000,0.000000

-0.758475,2.810689,9.197534,15.606470,-0.003808,0.008540,-0.053827,1.348000,0.000000

-0.995582,2.906490,9.214299,15.609411,-0.003808,-0.006649,-0.052494,1.320000,0.000000

-0.859066,2.793924,9.209509,15.579998,0.002321,-0.021837,-0.040237,1.296000,0.000000

-0.911757,2.714888,9.269384,15.606470,0.000722,-0.015442,-0.029046,1.272000,0.000000

-0.602799,2.774764,9.178373,15.612352,0.004985,-0.037292,-0.011992,1.252000,0.000000

-0.538134,2.652618,9.197534,15.615294,0.002321,-0.019972,-0.000001,1.232000,0.000000

-0.420778,2.767579,9.281360,15.609411,0.009515,-0.030630,-0.004798,1.212000,0.000000

-0.399222,2.849010,9.216694,15.618235,0.011913,-0.023702,-0.009328,1.196000,0.000000

-0.495023,2.772369,9.262199,15.618235,0.011913,-0.023969,-0.004265,1.180000,0.000000

-0.679440,2.738839,9.219090,15.594706,0.010315,-0.026900,0.001065,1.164000,0.000000

-0.586034,2.722074,9.171188,15.606470,0.012180,-0.029298,0.017585,1.152000,0.000000

-0.605194,2.650223,9.187954,15.635881,0.018308,-0.029032,0.054623,1.132000,0.000000

-0.835116,2.781949,9.159214,15.647646,0.022039,-0.038624,0.063150,1.124000,0.000000

-0.437543,3.026241,9.144843,15.647646,0.027368,-0.041022,0.071677,1.112000,0.000000

-0.502208,2.992711,9.192744,15.650587,0.015910,-0.039157,0.071677,1.104000,0.000000

-0.190856,2.985526,9.077783,15.647646,0.012713,-0.046618,0.079671,1.092000,0.000000

-0.212411,2.786739,9.147239,15.635881,0.012979,-0.027966,0.100455,1.084000,0.000000

0.082176,2.822664,9.568762,15.656469,-0.004074,0.007474,0.043166,1.072000,0.000000

-0.066315,2.607113,9.381950,15.659410,-0.002476,-0.043954,0.018918,1.064000,0.000000

1.114430,3.138807,8.471843,15.641764,0.021506,-0.010379,-0.000001,1.060000,0.000000

-1.582362,2.781949,9.494516,15.659410,0.027901,-0.009047,-0.041037,1.052000,0.000000

1.181490,3.589071,8.902946,15.650587,-0.001143,-0.023436,0.009325,1.044000,0.000000

0.724042,3.268138,9.130473,15.656469,-0.009670,0.026659,-0.000001,1.036000,0.000000

-1.500932,2.683753,8.737690,15.650587,-0.053636,0.127115,0.129499,1.028000,0.000000

-1.242269,2.683753,9.458591,15.662352,-0.002476,-0.029032,0.231555,1.020000,0.000000

0.125287,2.678963,9.348420,15.665293,-0.005407,0.002144,0.158810,1.016000,0.000000

1.332377,3.076536,9.487331,15.671175,-0.011269,0.022662,0.035172,1.012000,0.000000

0.714462,3.169942,9.070598,15.665293,-0.028855,0.098604,0.001864,1.008000,0.000000

-1.199159,2.372401,8.960427,15.659410,-0.021927,0.049841,-0.018654,1.004000,0.000000

0.019906,3.054981,9.334050,15.656469,-0.005673,0.032521,-0.022384,1.000000,0.000000

0.451009,2.729259,9.293335,15.665293,-0.050172,0.091143,0.013855,0.992000,0.000000

-1.726063,2.765184,8.900552,15.650587,-0.011802,0.070892,0.018918,0.992000,0.000000

-1.400341,2.597533,9.372371,15.665293,-0.017131,0.056503,-0.135364,0.988000,0.000000

-0.729735,3.462135,9.319680,15.671175,-0.001143,-0.000254,-0.273925,0.984000,0.000000

0.630636,4.039334,8.684999,15.653528,-0.003009,0.049308,-0.232890,0.980000,0.000000

-0.559689,3.893238,8.967612,15.677057,-0.007005,0.044512,-0.150020,0.980000,0.000000

-1.402736,3.545960,8.656260,15.674116,0.027635,0.002144,-0.091398,0.972000,0.000000

-2.202672,3.605836,8.572433,15.662352,-0.010469,0.005609,-0.035974,0.972000,0.000000

-1.366810,3.871683,9.056228,15.679998,0.013779,-0.039157,0.068746,0.968000,0.000000

-0.677045,4.369847,9.458591,15.677057,0.029233,-0.021571,0.094326,0.964000,0.000000

-0.202831,3.237003,8.620334,15.665293,0.023638,0.016001,0.047429,0.964000,0.000000

-0.691415,3.287298,8.349697,15.674116,0.048152,-0.039957,0.043699,0.960000,0.000000

-0.415988,3.124437,8.974797,15.682940,-0.077884,-0.019705,0.004529,0.960000,0.000000

-1.579967,4.386612,9.089758,15.665293,0.067338,0.014935,0.015986,0.960000,0.000000

-0.339347,3.471714,8.306586,15.653528,-0.037649,-0.019705,0.107383,0.952000,0.000000

-1.673373,4.336317,8.943662,15.662352,0.066272,-0.007981,0.274189,1.024000,0.000000

0.137262,3.763907,8.004814,15.685881,-0.026457,-0.021304,0.299769,1.444000,0.000000

0.089361,4.365057,8.337722,15.656469,-0.079217,-0.007715,0.383971,1.412000,0.000000

-1.280590,5.438026,9.125683,15.662352,-0.009137,0.093541,0.443659,1.616000,0.000000

-1.005162,4.451278,8.713739,15.682940,-0.016332,0.030390,0.387702,1.752000,0.000000

-0.815956,3.078931,8.728109,15.665293,-0.017664,0.013602,0.345601,2.516000,0.000000

-0.437543,3.716007,9.001143,15.665293,-0.003009,-0.002652,0.270458,3.180000,0.000000

1.341957,2.688543,9.120893,15.682940,-0.119719,0.046111,0.241947,3.352000,0.000000

1.004259,4.044125,8.452682,15.679998,0.113436,0.174013,0.307763,4.024000,0.000000

-0.665070,3.553145,7.226432,15.665293,-0.122117,0.153495,0.293107,3.988000,0.000000

-1.560807,3.854918,8.981982,15.694704,-0.113058,0.179342,0.098323,4.236000,0.000000

-1.251849,4.544683,10.256132,15.674116,0.033497,0.169483,-0.180929,4.736000,0.000000

-1.864974,4.980577,8.093430,15.688822,0.020174,0.058102,-0.402626,4.956000,0.000000

-1.500932,3.359149,9.350815,15.677057,-0.047508,0.015201,-0.493756,5.416000,0.000000

0.630636,5.756564,10.974638,15.682940,-0.060031,0.035452,-0.397563,5.504000,0.000000

0.498910,1.919742,6.079218,15.688822,-0.129045,0.120720,-0.276323,5.856000,0.000000

0.944383,2.216724,9.084968,15.694704,-0.204987,0.021330,-0.355196,5.956000,0.000000

1.504818,4.590189,10.972243,15.691763,0.186446,0.221976,-0.464978,6.240000,0.000000

-1.132098,3.198682,7.432404,15.691763,-0.234298,0.294720,-0.585419,6.176000,0.000000

-4.944970,4.259676,9.075388,15.685881,-0.239094,0.317103,-0.516939,6.316000,0.000000

-3.143915,3.371124,7.559340,15.679998,0.039625,-0.050349,-0.458850,6.256000,0.000000

-3.290011,2.928045,8.117380,15.697645,-0.325961,-0.119362,-1.000035,6.504000,0.000000

-3.407367,2.966366,12.706238,15.697645,-0.024059,0.116190,-1.432770,6.964000,0.000000

-7.167548,1.972432,5.051754,15.697645,0.058811,0.012270,-1.542819,6.952000,0.000000

-9.703874,3.555540,8.876601,15.703527,0.119031,-0.381561,-1.705361,7.160000,0.000000

-3.639684,6.637931,11.717094,15.694704,0.042557,-0.583807,-1.333380,7.200000,0.000000

-3.397787,5.461976,7.676696,15.697645,0.031898,-0.458036,-0.300571,7.224000,0.000000

-2.399064,2.487362,6.603727,15.700586,0.184048,-0.595797,0.335741,7.272000,0.000000

-2.173932,7.986326,10.445339,15.703527,0.261056,-0.583807,0.867601,7.260000,0.000000

4.208795,2.274205,8.651469,15.712351,-0.246555,-0.628306,1.248109,7.252000,0.000000

2.034117,2.825059,8.500583,15.718235,0.147543,-0.274444,1.843386,7.276000,0.000000

-0.351322,1.148546,5.959467,15.712351,0.091852,-0.161197,1.872964,7.296000,0.000000

-0.114215,3.756722,7.441984,15.703527,-0.051505,-0.116165,1.554008,7.276000,0.000000

3.159777,1.371283,11.302756,15.682940,-0.309174,-0.072465,1.215867,7.288000,0.000000

0.779127,1.115016,12.833174,15.691763,0.072667,0.132445,0.895579,7.280000,0.000000

-0.914152,2.779554,5.530758,15.706469,0.169393,0.053572,0.448988,7.276000,0.000000

1.325192,-3.514557,9.717253,15.709410,-0.270004,-0.094048,0.258467,7.236000,0.000000

0.508490,-0.441747,9.314890,15.706469,-0.198592,0.214515,0.421009,7.236000,0.000000

2.944225,7.892920,10.639336,15.718235,0.189644,0.251020,0.330679,7.236000,0.000000

-0.257916,0.118687,8.332932,15.715292,-0.108528,-0.025834,0.149751,7.212000,0.000000

-1.946405,0.070787,11.630874,15.712351,0.044688,-0.035693,0.086066,7.224000,0.000000

1.672469,3.986644,8.304192,15.715292,0.076397,0.099137,0.170268,7.216000,0.000000

-0.609984,3.605836,8.555669,15.709410,0.007916,0.112726,0.286979,7.236000,0.000000

0.666561,2.310130,9.386741,15.721176,-0.075486,-0.073264,0.400758,7.212000,0.000000

2.484381,-1.009367,11.072834,15.703527,0.124094,-0.028232,0.474568,7.248000,0.000000

1.286871,6.716966,7.430009,15.709410,0.267184,0.119122,0.382639,7.256000,0.000000

1.164725,-3.083454,8.855046,15.727058,0.193108,0.159091,0.613662,7.224000,0.000000

-0.219596,1.440738,8.816726,15.721176,-0.187134,0.076754,0.365319,7.208000,0.000000

0.292938,-2.168556,10.579460,15.715292,-0.088276,0.347746,0.102853,7.192000,0.000000

3.269948,-1.361435,10.442944,15.706469,0.218155,0.404236,0.104718,7.204000,0.000000

3.588485,2.197564,8.704160,15.727058,0.022039,0.539866,0.046363,7.140000,0.000000

-6.178404,6.491835,12.548166,15.735882,0.674339,0.996316,0.032507,6.996000,0.000000

3.950133,-4.937199,6.929450,15.735882,-0.740577,-0.685329,-0.581689,6.904000,0.000000

-7.802228,5.936190,9.769943,15.712351,0.848872,0.775685,-0.356528,6.816000,0.000000

2.230509,2.908885,8.828701,15.724117,-0.103731,0.001878,-0.368253,6.864000,0.000000

-2.509235,1.083880,9.990285,15.730000,-0.012068,0.152429,-0.660029,6.772000,0.000000

1.018629,4.863221,8.546088,15.727058,0.124361,0.081284,-0.996305,6.980000,0.000000

0.958754,2.504127,9.492122,15.756470,-0.131443,-0.009580,-0.994706,6.952000,0.000000

0.980309,1.594019,8.536509,15.762352,0.093184,0.226506,-0.898513,6.852000,0.000000

-2.276918,1.112620,11.080019,15.753529,-0.073355,0.136175,-0.746629,6.788000,0.000000

-1.771569,3.639366,10.361513,15.771175,-0.026457,0.113526,-0.612066,6.728000,0.000000

-2.212252,6.506205,8.146120,15.747646,0.298094,0.215314,-0.521735,6.824000,0.000000

-2.712811,3.502850,6.601332,15.765293,-0.200191,-0.155335,-0.438865,6.984000,0.000000

-2.116452,5.155414,9.856164,15.782940,0.104642,-0.036493,-0.467909,7.076000,0.000000

-2.027836,4.903936,8.608358,15.782940,-0.013933,-0.111102,-0.551312,7.108000,0.000000

-1.606312,4.999737,8.756850,15.759411,-0.006473,-0.155601,-0.566767,7.168000,0.000000

1.138380,5.763749,9.238249,15.785881,0.083325,-0.109237,-0.277922,7.228000,0.000000

-0.993187,9.030555,9.523256,15.782940,-0.050172,0.021063,0.148951,7.228000,0.000000

-1.618287,1.555699,6.953400,15.797646,0.052416,-0.255258,0.638176,7.240000,0.000000

-0.990792,4.503968,10.066926,15.806469,0.059877,-0.112701,0.863870,7.272000,0.000000

-0.526159,7.895316,6.879155,15.806469,0.034030,-0.020505,1.010158,7.280000,0.000000

2.640057,-0.168715,9.231064,15.832939,-0.022993,-0.272845,1.127934,7.284000,0.000000

-3.874396,7.888131,9.726833,15.800587,0.180318,0.431416,0.990973,7.312000,0.000000

-4.355795,-0.058544,8.404782,15.809410,-0.035517,-0.002652,0.827098,7.324000,0.000000

-3.630104,3.081326,4.860153,15.809410,0.005785,0.068227,0.557705,7.328000,0.000000

-4.049232,7.207945,10.301638,15.812351,-0.422953,0.165220,0.981646,7.312000,0.000000

-4.465966,-2.499069,13.544495,15.797646,0.101711,0.135376,1.398927,7.336000,0.000000

-3.450477,4.695570,12.176938,15.800587,-0.033918,0.132711,1.356559,7.328000,0.000000

-5.344938,1.950877,7.604846,15.818233,-0.075753,-0.088719,1.328048,7.324000,0.000000

-1.917665,1.735325,9.221484,15.832939,0.090253,-0.368771,1.360023,7.332000,0.000000

-2.957103,1.749696,9.978311,15.806469,0.005518,-0.125225,1.052259,7.328000,0.000000

-1.194369,4.374637,9.080178,15.812351,0.094783,-0.034627,1.018951,7.316000,0.000000

-3.852841,-2.652350,10.744717,15.818233,-0.033918,-0.039424,0.720247,7.320000,0.000000

-1.369205,0.537816,8.447892,15.809410,-0.282794,-0.122293,0.418611,7.324000,0.000000

1.497633,2.008358,10.541140,15.818233,-0.007538,-0.067669,0.353061,7.320000,0.000000

3.629200,1.922137,7.935358,15.827057,-0.049373,-0.077794,0.404222,7.312000,0.000000

0.585131,-2.968493,12.198493,15.824116,-0.091474,0.007474,0.566231,7.272000,0.000000

2.141893,0.255203,12.584091,15.827057,0.288768,-0.033561,0.487359,7.288000,0.000000

1.234181,0.784503,10.359118,15.803528,-0.106662,0.108996,0.190786,7.252000,0.000000

4.589603,-3.390016,8.237131,15.815292,-0.092273,0.095939,-0.045566,7.220000,0.000000

1.294056,3.201077,8.275451,15.812351,0.271181,0.411164,-0.173735,7.236000,0.000000

1.037789,4.532709,5.602609,15.824116,-0.067492,0.155893,-0.489226,7.180000,0.000000

0.271383,2.209539,8.859837,15.832939,-0.052304,0.230769,-0.709857,7.192000,0.000000

3.135827,6.443934,9.678933,15.835880,0.181384,0.159357,-0.690406,7.228000,0.000000

1.557508,6.070311,7.839557,15.815292,0.173123,0.410631,-0.330415,7.248000,0.000000

-2.858907,1.986803,7.992838,15.827057,0.006318,0.267541,-0.255539,7.268000,0.000000

-0.528554,9.147911,7.123446,15.835880,0.240538,0.156693,-0.715453,7.296000,0.000000

-2.885253,0.540211,10.203442,15.838821,-0.595621,0.148166,-1.284883,7.276000,0.000000

-2.329608,0.820428,10.608200,15.829998,0.297295,0.294187,-1.201747,7.296000,0.000000

-6.123319,5.212894,12.361355,15.841763,-0.080549,0.002411,-1.274491,7.292000,0.000000

-3.268456,2.437066,8.962822,15.835880,-0.010736,-0.054079,-1.361625,7.284000,0.000000

-3.560648,3.287298,6.704318,15.829998,0.140348,-0.394085,-1.024283,7.292000,0.000000

-2.219437,8.743153,6.951005,15.824116,0.130489,-0.561957,-0.720782,7.300000,0.000000

1.471288,2.314920,9.666958,15.812351,-0.153826,-0.614450,-0.499885,7.308000,0.000000

1.420992,3.222633,10.102851,15.818233,0.029500,-0.402079,-0.107119,7.312000,0.000000

2.170634,6.166112,7.985653,15.829998,0.381497,-0.122560,0.273922,7.348000,0.000000

1.174305,6.367293,8.150910,15.832939,0.054014,-0.271779,0.373579,7.356000,0.000000

0.858163,2.437066,6.483976,15.818233,-0.099734,-0.121228,0.558238,7.348000,0.000000

1.298846,4.183036,9.425060,15.803528,-0.032852,-0.158532,0.612329,7.356000,0.000000

-1.642238,7.895316,11.190190,15.827057,0.032165,0.025060,0.436198,7.364000,0.000000

-1.268615,2.101763,7.777287,15.827057,0.043089,-0.343191,0.176130,7.372000,0.000000

-3.072064,7.612703,12.696657,15.832939,-0.234031,0.004809,0.100189,7.376000,0.000000

3.178937,2.463411,7.161767,15.850588,0.244002,0.112993,-0.045566,7.384000,0.000000

-0.734525,5.416471,9.001143,15.832939,-0.021927,-0.083923,-0.339741,7.380000,0.000000

1.021024,2.597533,11.606923,15.832939,-0.165551,-0.179316,-0.423410,7.384000,0.000000

1.801800,1.792806,6.084008,15.824116,0.408410,-0.071932,-0.371983,7.400000,0.000000

-1.326095,1.203631,12.586487,15.832939,-0.596154,-0.411405,-0.296041,7.396000,0.000000

-2.494864,2.616693,8.174860,15.824116,0.265053,0.006408,0.037570,7.384000,0.000000

-0.083080,-2.192507,14.658178,15.827057,-0.467453,-0.334664,0.078339,7.384000,0.000000

1.689234,-2.008090,7.810817,15.821175,0.457172,0.013069,0.399426,7.380000,0.000000

-0.248336,4.199801,8.103010,15.827057,-0.423220,0.042647,0.459114,7.360000,0.000000

5.023102,-3.646283,9.226274,15.841763,0.183515,0.024794,0.719181,7.360000,0.000000

-0.753685,0.219278,10.629756,15.809410,-0.078151,0.199593,0.944342,7.336000,0.000000

3.133431,-0.635744,9.877720,15.818233,-0.076019,0.122319,0.957665,7.320000,0.000000

0.563575,3.694452,8.878996,15.829998,0.359913,0.251287,0.919028,7.336000,0.000000

-2.703231,1.229976,9.542417,15.818233,-0.149563,0.096739,0.720780,7.324000,0.000000

-0.004044,5.440421,6.165439,15.818233,0.040691,0.123385,0.395163,7.316000,0.000000

0.946778,-2.321838,14.131274,15.841763,-0.168748,0.151896,0.419144,7.304000,0.000000

-0.085475,6.415194,8.143725,15.824116,0.279975,0.197195,0.321619,7.300000,0.000000

1.387462,-1.138698,10.711186,15.841763,-0.374724,0.244092,0.086599,7.320000,0.000000

1.804196,5.150623,6.165439,15.853529,0.323142,0.278200,0.108182,7.332000,0.000000

0.764757,8.165953,6.124723,15.821175,-0.188466,0.397575,0.117509,7.312000,0.000000

1.449733,2.631063,9.214299,15.841763,-0.307309,0.278999,-0.026648,7.344000,2406.557993

1.409017,8.470120,7.204877,15.853529,0.276244,0.540132,-0.026914,7.352000,2406.557993

1.476078,3.938743,6.620492,15.844706,-0.050439,0.411697,-0.148954,7.360000,2406.557993

-2.030231,7.234291,10.852492,15.853529,-0.254283,0.599553,-0.141493,7.372000,2406.557993

-2.008676,5.952955,9.511281,15.827057,0.010848,0.478046,-0.477769,7.384000,2406.557993

-1.647028,2.449041,5.724755,15.829998,-0.117054,0.368264,-0.410354,7.396000,2406.557993

-1.790729,8.848534,7.283913,15.841763,-0.004607,0.484975,-0.171337,7.396000,2406.557993

-3.048114,3.344779,9.848979,15.824116,-0.292920,0.316837,0.037303,7.400000,2406.557993

-1.184789,4.216566,6.419311,15.832939,0.112636,0.347746,0.096725,7.404000,2406.557993

-4.506681,1.546119,7.995234,15.838821,-0.103198,0.208919,0.182525,7.404000,2406.557993

-1.630263,2.410721,9.374765,15.841763,0.185380,0.087945,-0.003199,7.416000,2406.557993

-4.636012,1.055140,1.727468,15.859411,0.180851,0.302981,-0.156681,7.408000,2406.557993

-4.190538,-3.490607,15.577866,15.859411,-0.671829,0.213183,-0.381842,7.412000,2406.557993

1.679655,4.527918,8.452682,15.862352,0.494477,0.534537,-0.517471,7.412000,2406.557993

-1.673373,-4.479750,11.077624,15.859411,-0.197260,-0.099644,-0.641909,7.400000,2406.557993

-1.364415,7.957586,7.923383,15.865294,0.287169,0.184671,-0.942213,7.388000,2406.557993

-2.413434,-6.098783,11.628479,15.871176,0.070802,-0.327736,-0.987245,7.368000,2406.557993

0.915643,-2.312258,5.997787,15.877058,0.058278,-0.179849,-1.126072,7.364000,2406.557993

-0.262706,7.969562,13.003220,15.882940,0.397485,0.030390,-1.288880,7.368000,2406.557993

-0.138165,-6.046093,7.216852,15.877058,-0.215646,-0.486814,-1.371484,7.348000,2406.557993

-1.852999,2.307735,6.982141,15.900587,0.048152,0.029324,-1.484197,7.344000,2406.557993

0.278568,0.638407,10.342353,15.882940,-0.121051,-0.137748,-1.415450,7.320000,2406.557993

-1.900900,3.763907,7.729386,15.894705,0.076397,-0.095381,-1.271027,7.332000,2406.557993

1.253341,-0.501623,11.190190,15.903528,0.127025,-0.242468,-1.382675,7.336000,2406.557993

-3.268456,10.644798,11.891931,15.903528,0.208563,-0.207561,-1.259037,7.324000,2406.557993

1.171910,0.432435,7.001300,15.894705,-0.065627,-0.565154,-1.065052,7.336000,2406.557993

-5.055140,4.489598,5.226591,15.909410,0.356449,-0.218753,-0.851083,7.336000,2406.557993

-2.490075,1.218001,7.703041,15.918234,0.069469,-0.407142,-0.864938,7.348000,2406.557993

-2.597850,4.796161,12.519426,15.912352,0.155537,-0.419932,-0.935551,7.368000,2406.557993

-5.265902,8.209064,7.025251,15.900587,0.569086,-0.361310,-0.817775,7.372000,2406.557993

0.829423,1.397628,11.147079,15.903528,-0.260678,-0.745283,-0.642975,7.388000,2406.557993

-3.555858,7.083404,4.460185,15.891764,0.896036,-0.198768,-0.435135,7.396000,2406.557993

-4.367770,3.890843,6.230104,15.921175,0.083059,-0.974174,-0.305367,7.408000,2406.557993

-2.336793,7.373202,8.526928,15.909410,0.055613,-0.695721,-0.185726,7.404000,2406.557993

0.345629,-0.554313,11.300361,15.912352,0.082792,-0.729295,0.013055,7.408000,2406.557993

-2.126032,9.674815,9.154424,15.909410,0.495809,-0.406609,0.363453,7.416000,2406.557993

5.502106,1.723350,6.570197,15.894705,0.026302,-0.888906,0.610198,7.424000,2406.557993

-4.240834,7.617494,5.375082,15.897646,0.443583,-0.252327,0.950737,7.428000,13.753872

3.346588,3.375914,14.871335,15.912352,-0.331557,-0.617114,1.087432,7.420000,13.753872

2.345470,4.240516,7.432404,15.903528,0.609589,-0.175586,1.264363,7.432000,13.753872

2.369420,-0.750705,17.948935,15.909410,-0.875140,-0.347987,1.228924,7.428000,13.753872

-1.383576,-1.323114,5.152345,15.915293,1.053249,0.160956,0.889450,7.424000,13.753872

1.959872,5.373360,6.862390,15.912352,-0.503958,-0.233941,0.694933,7.424000,13.753872

4.587208,-0.029804,7.700646,15.906469,-0.126647,0.116990,0.942743,7.412000,13.753872

1.004259,-1.126723,12.270344,15.906469,0.342860,0.414362,1.048262,7.400000,13.753872

-1.747618,3.512430,10.040581,15.894705,0.175788,0.147367,0.845751,7.400000,13.753872

-1.211134,-2.685881,8.107800,15.894705,-0.020329,0.111128,0.496418,7.400000,13.753872

-2.595455,0.006121,7.446774,15.912352,0.242137,0.163621,0.613129,7.392000,13.753872

-2.264943,0.207303,10.711186,15.897646,-0.202322,0.206521,0.646170,7.368000,13.753872

-3.237321,4.104000,9.487331,15.906469,0.200835,0.278999,0.431401,7.372000,13.753872

1.004259,-0.820160,9.372371,15.909410,-0.126914,-0.065271,0.308029,7.372000,13.753872

1.104850,4.860826,11.982942,15.929998,0.330336,0.211318,0.312826,7.380000,13.753872

1.614989,-0.618979,8.507768,15.938822,-0.334754,0.002944,0.265928,7.360000,13.753872

-0.974027,7.885736,8.886181,15.938822,0.591469,0.397841,0.157478,7.372000,13.753872

0.230668,0.281549,7.092311,15.941763,-0.299048,-0.040756,0.220896,7.368000,13.753872

1.444943,7.674974,10.155541,15.947645,0.149674,0.328295,0.404489,7.380000,13.753872

2.168238,5.088353,8.409573,15.959410,0.332201,0.253952,0.508409,7.404000,13.753872

2.386185,4.405772,4.412284,15.971176,-0.057100,0.276334,0.628051,7.400000,13.753872

-2.418224,4.724310,5.219406,15.982941,0.433990,0.260347,0.610731,7.408000,13.753872

-3.936666,0.959339,7.583290,15.991764,-0.321964,0.283262,0.528660,7.412000,13.753872

-1.438661,8.347975,8.864626,16.003529,0.359913,0.578769,0.563567,7.408000,13.753872

-6.305341,5.478741,11.077624,16.003529,-0.516215,0.269673,0.585950,7.412000,13.753872

-0.504603,-3.794775,7.734177,16.000587,0.096648,-0.090584,0.335741,7.416000,13.753872

-0.993187,8.357554,6.198969,16.009411,0.035895,0.630463,0.494553,7.424000,13.753872

-4.480336,3.287298,10.337564,15.997646,-0.081082,0.115391,0.347999,7.420000,13.753872

-2.351163,-1.538666,12.205678,15.994705,-0.571106,-0.095381,0.209705,7.424000,13.753872

2.843634,4.590189,11.836845,16.006470,0.688462,0.030656,-0.011459,7.440000,13.753872

-8.439303,3.613021,5.080495,16.003529,0.092385,0.210785,0.049561,7.432000,13.753872

-3.153495,-1.471606,17.553757,16.015293,-0.533535,-0.282437,-0.022917,7.420000,13.753872

1.564694,-2.065571,7.573710,16.018234,0.267451,-0.075929,0.053291,7.412000,13.753872

-2.811007,4.891962,8.265871,16.003529,0.019108,0.009339,0.106584,7.408000,13.753872

-3.757040,-7.720212,10.308823,16.012352,-0.087744,-0.328269,0.007193,7.384000,14.624679

3.432809,4.868011,13.185242,16.012352,-0.466387,-0.326937,-0.131634,7.376000,14.624679

9.520948,0.530631,11.183005,16.000587,0.379099,-0.530780,-0.040237,7.376000,14.624679

1.749110,3.912398,5.394242,16.000587,-0.044310,0.064763,0.184924,7.360000,14.624679

0.343234,3.395074,8.919712,16.003529,0.044422,0.093541,0.256868,7.348000,14.624679

2.273619,0.252808,9.939990,16.009411,-0.210583,-0.074064,0.308296,7.360000,14.624679

0.771942,3.275323,10.814172,16.015293,-0.122917,0.172680,0.291775,7.364000,14.624679

1.246156,10.513072,6.881549,16.024117,0.612786,0.302448,0.291242,7.380000,14.624679

-2.315238,-3.603173,10.021420,16.009411,-0.423486,-0.190774,0.075408,7.372000,14.624679

-0.609984,9.602964,10.081296,16.018234,0.236008,0.374393,0.073276,7.380000,14.624679

0.498910,-0.379477,8.452682,16.003529,0.087056,-0.066603,-0.131101,7.384000,14.624679

-2.782267,0.568951,7.952123,16.012352,0.075065,0.065030,-0.347202,7.388000,14.624679

-2.784662,10.457987,9.408296,16.027058,0.093717,0.534803,-0.434069,7.396000,14.624679

3.976478,6.925333,7.319838,16.021175,-0.203655,-0.239004,-0.824436,7.400000,14.624679

0.618661,1.297037,9.743598,15.997646,-0.026191,-0.039424,-0.759419,7.412000,14.624679

-1.924850,10.194534,11.199770,16.003529,0.054014,0.292056,-0.871067,7.416000,14.624679

0.941988,-1.131513,9.628637,16.003529,-0.203122,-0.382361,-1.220666,7.432000,14.624679

-0.504603,11.942899,3.945256,16.018234,0.657552,-0.006382,-1.040004,7.428000,14.624679

2.410136,0.889884,7.281518,16.009411,-0.528739,-0.318410,-0.941147,7.432000,14.624679

-0.030389,6.206827,7.832372,15.994705,-0.042445,0.029857,-0.585419,7.436000,14.624679

3.023261,1.503009,11.451247,16.000587,0.111304,-0.216621,-0.718651,7.448000,14.624679

2.484381,8.513231,6.464816,16.000587,0.012180,-0.337595,-0.422877,7.440000,14.624679

3.804037,0.822823,8.253896,15.982941,-0.230035,-0.400214,-0.048764,7.440000,14.624679

2.213744,-1.715898,12.090717,16.000587,-0.165551,-0.164661,0.156146,7.444000,14.624679

2.383790,1.148546,9.362790,15.994705,-0.269471,-0.177718,0.138026,7.436000,14.624679

2.558627,1.064720,11.757810,15.985882,0.035895,0.243826,0.164672,7.436000,14.624679

3.542980,-1.553036,9.034673,16.000587,-0.021927,0.191333,0.215300,7.440000,14.624679

3.684286,0.571346,9.848979,16.009411,-0.097070,0.388249,0.099656,7.436000,14.624679

0.283358,-3.083454,11.218930,15.971176,-0.269205,0.161756,0.078339,7.408000,14.624679

-1.378785,0.604876,11.865585,15.985882,0.457972,0.479912,0.105784,7.408000,14.624679

-0.461493,0.676727,8.189230,16.003529,-0.079483,-0.015708,0.086865,7.384000,14.624679

-1.457821,-1.960190,7.631191,15.988823,-0.350476,0.109529,0.091662,7.380000,14.624679

-4.916229,5.622442,9.611873,15.988823,-0.100534,0.062631,-0.273392,7.360000,14.624679

-3.486403,2.156849,10.078901,16.000587,0.364710,-0.079393,-0.135631,7.384000,14.624679

-2.432594,5.078773,5.739125,16.000587,-0.156224,-0.192373,-0.070880,7.372000,14.624679

-1.790729,1.220396,12.370934,16.006470,-0.177009,-0.180915,0.364253,7.384000,14.624679

2.484381,2.499337,4.685317,16.006470,0.295429,-0.030364,0.625120,7.408000,14.087974

-0.083080,9.356277,12.521821,15.994705,0.102777,0.268607,1.257702,7.412000,14.087974

3.325033,1.476663,8.457473,15.982941,-0.177009,-0.100976,1.625420,7.388000,14.087974

-0.866251,8.156373,9.250224,15.985882,0.386560,0.329627,1.420510,7.408000,14.087974

-0.193251,-1.165043,9.331655,15.994705,-0.182338,-0.013843,1.154581,7.420000,14.087974

1.892811,11.039976,8.158095,16.009411,0.379099,0.759697,0.988308,7.436000,14.087974

-4.504286,1.079090,5.832531,16.000587,-0.033918,0.627265,0.742896,7.436000,14.087974

-1.419501,7.689344,13.024776,15.997646,-0.090941,0.527342,0.496418,7.448000,14.087974

0.350419,12.680565,6.948610,16.012352,0.798511,1.090111,0.176130,7.456000,14.087974

-8.925492,0.640802,11.274015,16.003529,-0.974264,0.434080,0.105784,7.444000,14.087974

4.254301,4.501573,4.254213,16.009411,0.366841,0.144702,-0.673086,7.452000,14.087974

-6.077814,1.510194,9.801079,16.012352,-0.187933,0.281664,-0.705594,7.456000,14.087974

-2.286498,0.168983,18.600380,16.018234,-0.483440,0.316570,-0.612865,7.448000,14.087974

-2.947523,-2.642770,7.671906,16.021175,-0.033385,0.158025,-0.709058,7.440000,14.087974

-0.260311,-2.063175,13.065491,16.027058,0.066005,0.054105,-1.043468,7.440000,14.087974

-0.027994,1.807176,10.792617,16.021175,0.178186,-0.200367,-0.990709,7.432000,14.087974

-0.418383,-1.361435,4.251818,16.024117,0.033497,-0.279506,-0.743965,7.412000,14.087974

-3.855236,-8.407582,12.610436,16.029999,-0.181272,-0.019705,-0.832963,7.384000,14.087974

2.091598,6.944493,7.283913,16.032940,0.388425,-0.309350,-0.882792,7.392000,14.087974

2.613712,-2.340998,13.271462,16.035881,-0.288390,-0.343724,-0.683478,7.360000,14.087974

1.461708,1.493428,7.298283,16.044704,0.404946,-0.186244,-0.475903,7.352000,14.087974

-0.274681,3.926768,13.316967,16.041763,-0.404834,-0.103641,-0.428207,7.340000,14.087974

0.537230,-5.076110,10.586645,16.038822,0.350854,-0.232342,-0.504948,7.348000,14.087974

-0.506998,9.159886,9.089758,16.044704,0.615717,0.019465,-0.395965,7.352000,14.087974

-1.565597,3.002291,7.099496,16.041763,-0.279064,-0.321074,-0.315226,7.344000,14.087974

0.956359,2.544842,7.624006,16.041763,0.119564,-0.096447,-0.404758,7.340000,14.087974

-2.355953,3.445369,10.301638,16.029999,0.181650,-0.075929,-0.926225,7.348000,14.087974

-2.023046,2.283785,8.064690,16.050587,-0.022993,-0.321074,-1.030412,7.364000,14.087974

-5.938902,6.410404,10.165122,16.059410,0.537377,-0.065004,-1.032277,7.392000,14.087974

-4.784503,2.051468,7.544970,16.041763,-0.141569,-0.492410,-1.185226,7.400000,14.087974

-2.413434,7.150465,10.335168,16.047646,0.227748,-0.293096,-1.120476,7.400000,14.087974

-2.157167,6.743311,6.912685,16.038822,0.542440,-0.469228,-0.881726,7.408000,14.087974

-1.201554,1.835916,9.508886,16.047646,-0.157823,-0.761803,-0.875331,7.424000,14.087974

-2.348768,3.665711,6.893525,16.053528,0.712177,-0.239537,-0.707992,7.440000,14.087974

-4.523446,12.175216,7.834767,16.021175,0.551500,-0.768998,-0.678681,7.444000,14.087974

4.493803,-0.774655,10.052556,16.035881,-0.540463,-1.288600,-0.206776,7.444000,14.087974

-0.073500,9.401783,6.007368,16.053528,0.808636,-0.283770,0.588881,7.444000,14.087974

1.339562,4.115975,13.269067,16.029999,0.085723,-0.614183,0.939279,7.440000,14.158663

1.787430,-1.430890,9.444221,16.029999,0.132088,-0.630704,1.116743,7.452000,14.158663

-0.653095,12.512914,7.142607,16.035881,0.737224,0.054904,1.449022,7.452000,14.158663

6.716381,-4.989889,11.266830,16.050587,-1.126681,-0.859062,1.140192,7.440000,14.158663

0.937198,2.805899,5.724755,16.047646,1.210995,0.369330,1.117009,7.444000,14.158663

4.271066,-3.339721,9.451406,16.056469,0.020440,-0.089785,0.838023,7.436000,14.158663

-0.878226,-3.143329,13.716936,16.038822,-0.163419,0.084215,0.722645,7.428000,14.158663

2.493961,-0.089679,11.202166,16.027058,-0.000610,0.302981,0.817239,7.432000,14.158663

5.267394,-2.961308,6.574987,16.035881,0.244802,0.398108,1.013888,7.420000,14.158663

0.000746,-8.189635,12.718212,16.041763,-0.258280,-0.004517,0.842820,7.384000,14.158663

-3.883976,7.610309,7.070756,16.024117,0.374835,0.315238,0.858008,7.372000,14.158663

-3.594178,-3.619938,11.844030,16.053528,-0.369394,-0.023436,0.697331,7.376000,14.158663

-0.408803,4.475228,6.325905,16.038822,0.419867,0.227305,0.644571,7.360000,14.158663

-2.300868,-1.222524,10.737532,16.050587,-0.113590,0.211584,0.742630,7.352000,14.158663

-4.283944,9.579015,8.855046,16.018234,0.290100,0.558518,0.692002,7.364000,14.158663

-2.353559,1.124595,9.453801,16.032940,-0.225505,-0.235274,0.500415,7.352000,14.158663

0.963544,4.240516,7.801237,16.047646,0.333800,0.013336,0.525996,7.376000,14.158663

0.355209,6.376873,8.809541,16.032940,-0.174877,0.157759,0.591812,7.356000,14.158663

1.993402,3.277718,9.877720,16.038822,-0.013933,0.038916,0.635245,7.388000,14.158663

3.133431,3.785462,6.785749,16.035881,0.270648,0.141504,0.502547,7.384000,14.158663

0.786312,6.166112,6.864784,16.041763,-0.224972,0.147100,0.506810,7.408000,14.158663

-1.127308,5.179364,7.238408,16.041763,-0.016065,0.352276,0.704792,7.404000,14.158663

-2.897228,2.453831,12.143408,16.041763,-0.024326,0.443939,0.827898,7.424000,14.158663

-1.151259,4.762630,10.593830,16.056469,0.015910,0.339220,0.628584,7.428000,14.158663

-0.114215,8.357554,9.183164,16.041763,0.138750,0.641654,0.557705,7.436000,14.158663

0.405504,6.973233,6.778563,16.050587,0.234942,0.395976,0.508143,7.436000,14.158663

-0.926127,-0.341156,9.987890,16.035881,-0.323829,0.190533,0.342403,7.436000,14.158663

-3.067274,7.528878,13.822316,16.035881,-0.002209,0.923838,0.133763,7.436000,14.158663

-2.087711,2.022728,5.468488,16.041763,0.162731,0.281930,-0.406623,7.440000,14.158663

-1.618287,0.925809,11.968572,16.053528,-0.384316,0.192932,-0.389037,7.444000,14.158663

-4.604877,2.753209,10.917158,16.050587,-0.187401,0.378922,-0.364522,7.448000,14.158663

-1.599127,4.468043,7.147397,16.047646,0.191776,0.165220,-0.548648,7.444000,14.158663

-4.592902,-3.071479,13.676220,16.056469,-0.421888,-0.264584,-0.647239,7.432000,14.158663

-4.262389,-2.487094,8.531718,16.077057,0.126226,0.046910,-0.376246,7.424000,14.158663

-4.209699,-2.578105,5.640929,16.068233,-0.183670,-0.267782,-0.108718,7.404000,14.158663

-1.656608,2.276600,9.755573,16.085880,0.067871,0.097005,-0.011726,7.412000,14.158663

-4.856354,-4.628241,11.741045,16.071175,-0.246555,-0.307485,-0.050363,7.388000,14.158663

6.302042,4.491993,9.839399,16.079998,0.289567,-0.273911,0.107117,7.388000,13.947235

4.649479,0.121082,7.154582,16.074116,-0.210849,-0.324272,0.304565,7.364000,13.947235

4.723724,2.341265,12.586487,16.091763,0.126759,-0.014909,0.558770,7.356000,13.947235

0.764757,3.117252,9.072993,16.088821,0.039093,0.131379,0.605668,7.356000,13.947235

-0.107030,4.046519,8.076665,16.088821,0.211760,0.121253,0.364786,7.360000,13.947235

-2.118846,1.687425,10.486054,16.068233,-0.128779,0.095673,0.096192,7.360000,13.947235

0.328863,2.789134,9.837004,16.074116,0.160333,0.100469,-0.047432,7.368000,13.947235

-1.436266,4.434513,8.804750,16.085880,0.021240,0.244359,-0.245680,7.372000,13.947235

-2.478099,3.217843,6.639653,16.082939,-0.005407,0.186270,-0.624323,7.360000,13.947235

-1.893715,6.951678,8.091035,16.082939,-0.036583,0.124184,-0.810047,7.376000,13.947235

-1.275800,1.246742,8.546088,16.085880,-0.166084,-0.108704,-0.839625,7.380000,13.947235

-0.808771,9.440104,8.577224,16.068233,0.266652,0.116990,-0.802320,7.392000,13.947235

-0.792006,4.309972,9.410690,16.068233,-0.317168,-0.192640,-0.759153,7.388000,13.947235

1.895206,7.957586,11.573393,16.071175,0.137950,-0.130287,-0.662427,7.404000,13.947235

-0.274681,2.544842,9.255014,16.053528,-0.082414,-0.269114,-0.673086,7.416000,13.947235

1.016234,11.339354,10.246552,16.077057,-0.073088,-0.016508,-0.473505,7.428000,13.947235

-1.297355,-1.900314,4.824228,16.068233,0.069469,-0.257124,-0.543585,7.440000,13.947235

-3.984567,8.288099,9.187954,16.077057,-0.013667,-0.141745,-0.625122,7.436000,13.947235

-0.138165,-0.029804,7.470724,16.077057,0.031632,-0.237672,-0.472706,7.452000,13.947235

-3.697164,8.292890,14.188755,16.074116,-0.245756,-0.163329,-0.479367,7.444000,13.947235

2.517911,1.984407,7.659931,16.071175,0.094783,-0.500937,-0.556641,7.452000,13.947235

3.377723,-0.599819,11.063254,16.050587,0.046287,-0.409806,-0.233422,7.452000,13.947235

-0.990792,9.092826,11.664404,16.079998,0.403347,-0.071666,0.108715,7.456000,13.947235

6.005060,-1.457236,9.022697,16.079998,0.160067,-0.336263,-0.064219,7.460000,13.947235

-2.830167,2.425091,9.786709,16.082939,0.340995,-0.020771,-0.144690,7.456000,13.947235

-2.226622,-0.647719,6.371410,16.085880,0.556829,-0.342125,-0.139628,7.456000,13.947235

-0.411198,-0.065729,7.231222,16.059410,-0.854623,-0.366906,-0.060755,7.448000,13.947235

-1.077013,1.632339,10.064531,16.079998,0.493944,0.284861,-0.099658,7.444000,13.947235

-0.880621,-4.000746,10.593830,16.065292,-0.378188,-0.615515,-0.135098,7.424000,13.947235

-1.826654,4.755445,7.822792,16.074116,0.490480,-0.190774,0.415680,7.416000,13.947235

5.116508,-2.707436,5.351132,16.065292,-0.208185,-0.571816,0.729040,7.416000,13.947235

-1.189579,5.778119,10.905183,16.071175,0.111037,0.240895,1.246244,7.400000,13.947235

2.024537,-4.034276,11.345866,16.068233,-0.093606,-0.528649,1.476467,7.388000,13.947235

1.940712,2.631063,13.065491,16.074116,0.062008,-0.025301,1.752256,7.396000,13.947235

3.789667,2.920860,8.852651,16.071175,0.203233,-0.071932,1.851380,7.380000,13.947235

2.105968,-0.015434,5.947492,16.074116,0.105442,0.124984,2.070945,7.376000,13.947235

-3.469637,3.663316,9.025092,16.053528,0.107307,0.410365,1.782899,7.376000,13.947235

1.028209,3.735167,9.669353,16.068233,0.038826,0.309109,1.538020,7.380000,13.947235

2.213744,8.352765,8.867022,16.065292,0.247200,0.433014,1.266495,7.408000,13.947235

2.898720,7.253451,7.794052,16.074116,0.062008,0.568910,1.073310,7.420000,13.947235

0.762362,4.494388,8.931686,16.068233,0.152339,0.549458,0.949138,7.420000,13.947235

2.163449,3.921978,3.626718,16.056469,0.293298,0.529740,0.743429,7.424000,13.947235

1.866466,7.552828,8.122169,16.056469,-0.262809,0.846564,0.642440,7.432000,13.947235

-0.844696,4.990157,7.815607,16.065292,0.046554,0.795403,0.533723,7.444000,13.947235

-3.939061,2.633458,12.382910,16.053528,-0.126914,1.138873,0.567564,7.456000,13.947235

-4.655172,2.470596,8.388017,16.065292,0.188844,0.807394,0.430069,7.460000,13.947235

-3.917506,6.551710,10.399834,16.065292,-0.166616,0.785278,-0.098060,7.452000,13.947235

-4.070787,2.755604,10.900393,16.059410,0.009782,0.372527,-0.374381,7.460000,13.947235

-1.225504,4.669225,8.332932,16.050587,-0.008871,0.341085,-0.203845,7.468000,13.947235

-4.590507,-0.290861,5.621769,16.068233,-0.079483,0.235566,-0.234222,7.456000,13.947235

3.248392,-5.727555,6.967770,16.050587,0.442517,0.085281,-0.097527,7.456000,13.947235

-5.435948,-2.008090,12.421230,16.071175,-0.431747,0.485774,-0.070347,7.452000,13.947235

2.458036,2.441856,9.300520,16.065292,0.026302,0.231302,-0.463380,7.436000,13.947235

-0.253126,5.315880,9.722043,16.082939,0.070002,0.588628,-1.046666,7.440000,13.947235

1.672469,-7.851937,12.610436,16.074116,-0.503691,0.033054,-1.379211,7.424000,13.947235

4.496198,6.860667,9.410690,16.074116,0.177387,0.641654,-1.508712,7.424000,13.947235

0.424664,0.135452,8.383227,16.059410,0.057745,0.277667,-1.785566,7.412000,13.947235

2.412530,-2.075150,10.569880,16.050587,-0.142901,0.283795,-2.048299,7.404000,13.947235

0.882113,7.071429,3.909330,16.074116,0.346324,0.538800,-2.308366,7.404000,13.947235

-2.106871,-1.414125,11.903906,16.074116,-0.697143,0.443140,-2.443729,7.408000,13.947235

-4.628827,3.807017,12.952925,16.056469,0.279175,0.391446,-2.856479,7.416000,13.947235

-4.556976,1.649105,11.056069,16.050587,0.274112,0.251553,-3.348902,7.436000,13.947235

-0.528554,0.042047,9.959150,16.068233,0.222685,-0.480153,-2.793861,7.432000,13.947235

-7.363939,4.511153,10.914762,16.062351,0.708713,-0.027166,-2.132234,7.444000,13.947235

-6.350846,-1.675182,8.196416,16.071175,0.461702,-0.883843,-1.874831,7.448000,13.947235

-4.248019,4.137530,7.456354,16.074116,0.819828,-0.479353,-1.198017,7.472000,13.947235

-2.834957,6.489439,6.974955,16.050587,0.398284,-0.786051,-0.553177,7.464000,13.947235

-2.770292,1.603599,6.546247,16.062351,0.923482,-0.161730,-0.179597,7.476000,13.947235

-2.787057,0.513866,9.774734,16.047646,-0.069358,-0.686128,0.095659,7.488000,13.947235

-0.602799,14.203797,5.875641,16.062351,0.834483,-0.282437,0.157212,7.480000,13.947235

6.563099,2.619088,13.901352,16.062351,-0.020595,-0.786051,0.514271,7.488000,13.947235

-2.015861,2.295760,13.031960,16.065292,0.732428,-0.508131,0.576091,7.492000,7.242914

0.546810,5.361385,6.105563,16.056469,0.385494,-0.525984,0.649101,7.484000,7.242914

1.440153,6.793607,7.540180,16.079998,-0.258013,0.003743,0.709855,7.472000,7.242914

3.978873,-4.733622,21.440874,16.071175,-0.375790,-0.132419,0.408219,7.468000,7.242914

1.703605,1.141361,13.230747,16.059410,0.820094,0.205189,0.216899,7.480000,7.242914

-0.545319,-3.260685,5.181086,16.068233,0.077463,-0.052747,0.297637,7.472000,7.242914

-5.265902,2.973551,8.577224,16.062351,-0.235897,0.306711,0.261931,7.452000,7.242914

5.514081,-7.176542,10.090877,16.053528,-0.279597,0.067961,0.280850,7.452000,7.242914

-2.753527,4.080050,7.554550,16.068233,0.713509,0.809792,0.255270,7.448000,7.242914

-0.272286,0.197723,12.581697,16.050587,-0.955878,-0.282437,0.115910,7.424000,7.242914

0.774337,-2.817607,7.568920,16.059410,0.504336,0.596089,-0.111383,7.432000,7.242914

-3.673214,3.038216,9.619058,16.056469,0.142214,0.159357,-0.525998,7.408000,7.242914

-1.532067,6.051151,10.014235,16.053528,-0.017664,0.160423,-0.705327,7.392000,7.242914

-1.603917,-2.288307,7.942543,16.059410,-0.142102,0.027725,-0.908905,7.404000,7.242914

-3.021769,1.615574,8.009604,16.065292,0.241338,0.262745,-1.005631,7.408000,7.242914

-6.645433,5.536222,9.053833,16.091763,-0.054169,0.244359,-0.889453,7.416000,7.242914

-0.210016,0.422855,10.634545,16.079998,-0.044044,-0.211825,-0.947542,7.420000,7.242914

-2.121242,1.158126,11.384187,16.085880,0.195772,0.085281,-1.162577,7.436000,7.242914

-3.515143,5.450001,11.010564,16.065292,0.099580,0.121520,-1.145524,7.444000,7.242914

-2.207462,-0.829740,3.957231,16.079998,-0.157823,0.081817,-1.227327,7.440000,7.242914

-1.232689,-2.901432,7.532995,16.062351,-0.010469,0.000812,-1.293144,7.444000,7.242914

-1.347650,11.305823,9.219090,16.071175,1.104942,0.484442,-1.096761,7.456000,7.242914

0.065411,2.722074,8.625124,16.088821,-0.612142,-0.747681,-0.761818,7.456000,7.242914

-5.778436,3.399864,11.106364,16.094706,0.552033,0.051973,-0.734905,7.460000,7.242914

-3.826495,-0.317206,6.572592,16.079998,0.358048,-0.437519,-1.132200,7.464000,7.242914

-4.765343,1.143756,14.658178,16.082939,-0.117054,-0.321607,-1.005364,7.460000,7.242914

-3.009794,-5.109640,9.396320,16.079998,0.153938,-0.148140,-0.943545,7.468000,7.242914

-7.692057,7.861786,6.948610,16.082939,0.696456,0.101269,-0.898513,7.472000,7.242914

0.383949,-2.975678,10.282477,16.077057,-0.109860,-1.317111,-1.408522,7.460000,7.242914

-3.922296,1.467083,11.769785,16.074116,0.814765,-0.257124,-1.219600,7.464000,7.242914

-7.411839,-4.673747,10.258528,16.074116,0.226149,-0.973108,-0.945144,7.456000,7.242914

-2.686466,-1.675182,7.473119,16.079998,0.536578,-0.738621,-0.713321,7.448000,7.242914

-5.498219,2.578372,11.326706,16.079998,0.247733,-1.257157,-0.236886,7.428000,7.242914

-0.004044,-2.724201,6.850414,16.071175,0.805705,-0.970177,0.144688,7.436000,7.242914

-4.619247,3.050191,6.790539,16.074116,0.670875,-0.974174,0.376777,7.428000,2379.749737

-0.815956,1.347332,3.885380,16.082939,0.214158,-1.117531,0.748225,7.408000,2379.749737

1.797010,-0.494438,9.863349,16.100588,0.044955,-1.159365,0.997101,7.392000,2379.749737

1.147960,4.738680,9.870534,16.071175,0.392422,-0.578744,1.320320,7.408000,2379.749737

-0.399222,5.562567,6.723478,16.047646,0.112370,-0.610453,1.839656,7.388000,2379.749737

-4.473151,-2.017670,14.456997,16.071175,-0.196993,-0.478820,1.816473,7.392000,2379.749737

-1.333280,5.612862,10.162726,16.079998,0.329004,-0.484150,1.792492,7.404000,2379.749737

3.257972,1.213211,11.580578,16.079998,0.147276,-0.473758,2.294240,7.420000,2379.749737

-2.327213,-0.137580,8.658654,16.085880,-0.353940,-0.686927,2.188455,7.416000,2379.749737

-4.140243,7.172020,12.478710,16.071175,0.156603,-0.160398,2.012856,7.408000,2379.749737

4.335731,0.032467,5.870851,16.094706,0.170991,-0.597130,1.799953,7.416000,2379.749737

-0.423173,0.248018,7.928173,16.088821,0.045754,-0.345056,1.783699,7.428000,2379.749737

-0.545319,6.448724,10.395043,16.088821,-0.211649,-0.143610,1.637944,7.436000,2379.749737

3.736976,2.245465,9.803473,16.103529,0.086256,-0.241402,1.443692,7.436000,2379.749737

1.186280,5.277560,9.860954,16.103529,-0.033119,-0.091384,1.258235,7.456000,2379.749737

2.280804,4.020175,11.142290,16.118235,0.525120,0.027991,1.030942,7.456000,2379.749737

2.129918,0.303104,5.530758,16.127058,0.162465,-0.137215,0.675481,7.456000,2379.749737

2.010167,3.081326,8.998747,16.132940,-0.215379,0.273137,0.441793,7.468000,2379.749737

1.068924,0.954549,10.519585,16.144705,0.274112,0.368797,0.187055,7.468000,2379.749737

-0.598009,8.209064,5.715175,16.147646,0.219754,0.449269,-0.015456,7.480000,2379.749737

-4.094738,-2.606845,8.926897,16.147646,0.055347,0.301648,-0.202513,7.472000,2379.749737

3.885468,1.227581,5.339157,16.127058,-0.171146,0.075688,-0.154283,7.472000,2379.749737

-3.342701,-1.593752,16.229311,16.132940,0.235475,0.653912,-0.201447,7.476000,2379.749737

2.642452,0.861143,4.773932,16.144705,-0.110126,0.327229,-0.126038,7.480000,2379.749737

-0.363297,-2.333813,7.638376,16.144705,0.157402,0.444472,-0.057557,7.468000,2379.749737

1.088085,3.450159,10.644126,16.144705,-0.454929,0.320834,0.240348,7.464000,2379.749737

4.215980,-1.828464,5.557104,16.118235,0.315148,0.079152,0.264862,7.464000,2379.749737

2.596947,-3.607963,11.738649,16.129999,-0.451731,0.292056,0.545447,7.452000,2379.749737

-0.413593,6.712176,14.023499,16.138823,-0.257480,0.653912,0.638443,7.432000,2379.749737

7.279211,-9.257814,9.233459,16.135881,0.147276,0.071958,0.452186,7.448000,2379.749737

-3.359467,6.422379,4.991879,16.135881,0.466765,0.825514,0.512672,7.444000,2379.749737

-3.230135,4.824901,11.582973,16.124117,-0.212714,0.430883,0.510807,7.432000,2379.749737

0.793497,1.282667,7.578500,16.109411,0.232811,0.293921,0.416746,7.428000,2379.749737

-0.032785,0.288734,13.000825,16.124117,-0.024059,0.339220,0.394097,7.432000,2379.749737

1.310822,6.688226,7.588080,16.129999,0.230946,0.369330,0.387968,7.440000,2379.749737

2.177819,4.087235,5.846901,16.132940,0.220021,0.352276,0.219031,7.444000,2379.749737

-3.091224,0.396510,11.707515,16.121176,-0.278264,0.410631,0.123904,7.436000,2379.749737

3.847147,5.806859,10.859677,16.129999,0.482753,0.478846,0.299769,7.448000,2379.749737

1.337167,0.976104,4.359594,16.124117,0.190710,0.390913,0.557705,7.436000,2379.749737

-0.425568,5.905055,8.270661,16.127058,-0.108261,0.434613,0.501748,7.440000,2379.749737

-0.166906,-0.484858,12.928974,16.132940,-0.126114,0.405036,0.459913,7.452000,2379.749737

2.302360,6.120606,6.857599,16.124117,0.490746,0.609945,0.426872,7.460000,2379.749737

-3.175050,6.163717,11.786550,16.124117,-0.050705,0.745575,0.218231,7.476000,2379.749737

-3.100805,5.129068,3.854245,16.132940,-0.093073,0.661639,-0.193986,7.476000,2379.749737

0.704881,4.714730,11.032119,16.144705,-0.187134,0.672831,-0.365854,7.480000,2379.749737

-0.243546,2.465806,13.956438,16.138823,-0.115722,0.730919,-0.405024,7.476000,2379.749737

-1.407526,11.444735,1.600532,16.138823,0.665546,0.759964,-0.573429,7.488000,2379.749737

-7.419024,-4.436640,12.107483,16.147646,-0.643318,0.121786,-0.817508,7.488000,2379.749737

-6.834640,7.480978,10.912368,16.127058,0.020440,0.864684,-0.735704,7.480000,2379.749737

-1.606312,-8.146525,7.997629,16.129999,0.277576,-0.554762,-1.278488,7.488000,2379.749737

0.759967,0.724627,8.028764,16.129999,0.110238,-0.495074,-1.391735,7.476000,2379.749737

-5.946088,-6.977756,13.209191,16.138823,-0.336087,-0.438052,-1.251842,7.456000,2379.749737

-2.233808,3.071746,12.909814,16.153528,0.223218,-0.241136,-0.992841,7.456000,2379.749737

-0.284262,-2.709831,6.852809,16.135881,0.212826,-0.564355,-0.947275,7.440000,2379.749737

3.566930,0.111502,10.490845,16.153528,-0.269471,-0.979237,-0.690406,7.428000,2379.749737

2.280804,0.559371,11.899116,16.144705,0.292232,-0.148673,-0.303769,7.416000,2379.749737

1.387462,-1.596147,10.409413,16.171175,-0.052571,-0.304820,-0.327484,7.408000,2379.749737

-0.473468,4.657249,12.948134,16.165293,0.058011,-0.160398,0.033573,7.404000,2379.749737

1.135985,7.258241,8.165280,16.177057,0.248266,0.004276,-0.028513,7.404000,2379.749737

3.186122,1.218001,9.346025,16.174116,0.041757,-0.276842,-0.268596,7.424000,2379.749737

-3.033744,6.592425,9.072993,16.168234,-0.227903,-0.167059,-0.461781,7.424000,2379.749737

-1.005162,2.180799,8.629914,16.185881,0.171258,-0.092716,-0.529462,7.420000,2379.749737

-0.837511,2.451436,7.473119,16.171175,0.811034,-0.168392,-0.579557,7.440000,2379.749737

-7.766303,6.479859,5.959467,16.162352,-0.094672,-0.241136,-0.426608,7.424000,2379.749737

-2.238597,5.164994,10.850098,16.159410,-0.382984,-0.291231,-0.379444,7.420000,2379.749737

3.703446,-0.063334,8.608358,16.165293,-0.011002,-0.579810,-0.354396,7.432000,2379.749737

-2.042206,6.340948,4.527246,16.168234,0.721769,-0.236872,0.023980,7.448000,2379.749737

-5.162916,12.395557,5.755890,16.182940,-0.002476,-0.361044,0.131631,7.452000,2379.749737

3.595670,-3.545693,10.371094,16.162352,-0.015532,-0.241669,0.495352,7.460000,2379.749737

-1.522487,0.968919,10.771062,16.174116,-0.212448,-0.072465,0.513205,7.472000,2379.749737

-0.669860,9.468843,9.928015,16.174116,0.565622,0.050641,0.493221,7.488000,7.388852

2.158659,3.464530,4.905658,16.179998,-0.106662,-0.427127,0.495086,7.480000,7.388852

0.400714,4.894356,8.835886,16.168234,-0.218843,-0.168392,0.570761,7.484000,7.388852

1.078505,-0.623769,8.555669,16.165293,0.294097,0.206521,0.556639,7.488000,7.388852

-3.661239,8.074943,14.528848,16.168234,-0.220975,0.101269,0.198513,7.488000,7.388852

8.263563,-0.939911,6.256449,16.177057,-0.049373,-0.079659,0.281383,7.496000,7.388852

0.783917,3.155572,13.673825,16.177057,-0.254549,0.269140,0.653098,7.480000,7.388852

1.567089,1.795201,13.372053,16.171175,-0.113324,0.322965,0.454584,7.472000,7.388852

0.039066,2.815479,13.034355,16.174116,-0.204987,0.386650,0.109248,7.464000,7.388852

2.362235,-3.825910,7.123446,16.177057,0.044688,0.447670,-0.129502,7.472000,7.388852

-3.325936,2.259835,8.464658,16.162352,-0.151695,0.448203,-0.298706,7.444000,7.388852

-1.898505,-0.477673,11.111155,16.168234,0.002321,0.075155,-0.593147,7.436000,7.388852

-3.699559,-4.295334,12.133828,16.156469,0.187512,0.244359,-0.949674,7.456000,7.388852

-4.568952,5.703873,7.264753,16.150587,0.210428,0.058901,-0.851349,7.452000,7.388852

1.981427,-0.458512,5.092470,16.162352,-0.200457,-0.360245,-0.591548,7.444000,7.388852

-3.541488,8.194694,7.592870,16.135881,0.350587,0.367198,-0.406090,7.452000,7.388852

-0.557294,0.638407,12.097902,16.150587,-0.299048,-0.616848,-0.381842,7.444000,7.388852

-0.109425,3.680081,14.279765,16.168234,0.089188,-0.127090,0.076207,7.440000,7.388852

1.286871,3.653736,7.461144,16.144705,0.306088,0.054904,0.642973,7.452000,7.388852

-0.995582,5.751773,3.815924,16.156469,-0.208718,-0.027166,0.807647,7.440000,7.388852

0.486935,2.468201,7.647956,16.162352,-0.044044,-0.102309,0.734636,7.456000,7.388852

-0.748895,5.354200,13.218772,16.138823,0.000988,0.040782,0.807114,7.464000,7.388852

1.135985,4.760235,6.606122,16.132940,0.277843,0.200126,0.807380,7.468000,7.388852

-3.742670,4.369847,6.936635,16.141764,-0.138371,0.138573,1.003230,7.476000,7.388852

-7.553146,3.555540,9.458591,16.162352,-0.113058,0.095939,0.879591,7.476000,7.388852

0.577946,0.264784,11.594949,16.159410,0.209895,-0.016241,0.637111,7.480000,7.388852

-3.761830,1.598809,10.557905,16.185881,0.132621,0.364800,0.907303,7.492000,7.388852

-3.711535,4.412958,7.331813,16.182940,0.167527,0.056236,0.617392,7.492000,7.388852

-1.321305,3.835757,8.536509,16.185881,0.227748,0.192932,0.522265,7.488000,7.388852

-2.631381,3.189102,9.916039,16.197645,0.247466,-0.181182,0.427138,7.492000,7.388852

-3.819310,-0.139975,9.734018,16.182940,-0.198858,-0.139614,0.454584,7.480000,7.388852

-4.458781,-1.782958,8.943662,16.197645,0.143279,-0.208361,0.350930,7.476000,7.388852

-1.103358,-5.054555,9.029882,16.194704,0.174722,-0.463365,0.205974,7.476000,15.858294

2.649637,4.822506,10.402228,16.182940,-0.207652,-0.182248,0.301101,7.460000,15.858294

0.154027,-0.786630,11.235696,16.206469,0.105708,-0.065803,0.351463,7.456000,15.858294

-1.769174,-0.827345,10.330379,16.209410,0.172857,-0.186511,0.221429,7.444000,15.858294

1.011444,1.270692,8.182045,16.218235,0.094250,-0.125758,0.034905,7.432000,15.858294

1.258131,-0.068124,9.760364,16.209410,0.113436,-0.245133,0.326948,7.436000,15.858294

-1.077013,-0.089679,8.673024,16.224117,0.099846,-0.180915,0.698930,7.428000,15.858294

0.194742,2.556817,7.053991,16.206469,0.073999,-0.107638,0.654431,7.432000,15.858294

-2.334398,1.215606,10.253737,16.221176,-0.148763,0.026126,0.684541,7.432000,15.858294

-0.119005,3.419024,10.033396,16.203527,0.194707,-0.043154,0.840421,7.440000,15.858294

-0.176486,4.566239,6.268425,16.227058,-0.110393,0.063964,0.877993,7.420000,15.858294

-0.880621,4.353082,10.342353,16.209410,0.123028,0.082350,0.902774,7.428000,15.858294

-1.465006,4.096815,8.546088,16.209410,-0.000877,-0.032762,1.158844,7.440000,15.858294

-0.293842,1.692215,10.201047,16.224117,0.118232,0.059700,1.135928,7.444000,15.858294

1.603014,6.568475,10.761481,16.238823,-0.077884,0.196396,1.083702,7.460000,15.858294

2.402951,6.101446,7.444379,16.218235,0.603194,0.155893,1.081836,7.472000,15.858294

1.497633,1.756881,6.859994,16.227058,-0.623600,0.342950,0.638976,7.472000,15.858294

2.012562,5.162599,13.132551,16.200586,0.195772,0.410631,0.330945,7.472000,15.858294

0.494120,1.273087,7.583290,16.206469,-0.031520,0.305645,-0.107652,7.480000,15.858294

1.603014,7.540853,12.825989,16.224117,0.034563,0.531872,-0.655765,7.492000,15.858294

0.506095,1.689820,3.921305,16.206469,0.237074,0.305112,-1.033343,7.488000,15.858294

-2.298473,4.693175,6.198969,16.209410,-0.588693,0.322432,-1.308865,7.476000,15.858294

1.586249,-0.724360,17.575312,16.200586,-0.217511,0.230503,-1.260635,7.476000,15.858294

2.467616,2.966366,9.834609,16.212351,-0.177009,0.297918,-1.290479,7.472000,15.858294

2.932250,-0.046569,13.453484,16.206469,0.233077,0.473517,-1.484730,7.480000,15.858294

0.767152,1.718560,3.796764,16.203527,-0.123183,0.296053,-1.229726,7.468000,15.858294

0.441429,-2.793657,17.680693,16.188822,-0.376056,0.212650,-0.884657,7.468000,15.858294

1.806591,5.969720,11.920671,16.203527,-0.027523,0.314172,-0.568632,7.456000,15.858294

1.492843,-4.982704,7.022856,16.218235,-0.013933,-0.023169,-0.471373,7.440000,15.858294

-1.366810,0.283944,10.105247,16.197645,0.161665,0.129514,-0.203312,7.436000,15.858294

-3.040929,3.155572,9.286150,16.206469,-0.142901,0.082083,-0.141226,7.416000,15.858294

-2.753527,1.076695,9.676538,16.200586,0.230413,-0.032229,-0.133499,7.432000,15.858294

0.194742,2.585557,8.893367,16.188822,0.184048,-0.285369,-0.269128,7.436000,15.858294

1.622174,4.113580,8.215575,16.209410,0.200302,-0.238205,-0.232090,7.432000,15.858294

-0.483048,1.344937,10.771062,16.185881,-0.079483,-0.256058,-0.192121,7.432000,15.858294

-3.701954,8.113263,11.824870,16.185881,-0.019263,0.227305,-0.132167,7.428000,15.858294

0.597106,2.837034,8.919712,16.197645,0.206165,0.090344,-0.089266,7.424000,14.481990

0.515675,5.488321,6.019342,16.194704,0.175521,-0.054878,-0.012259,7.432000,14.481990

-1.285380,4.575819,10.083691,16.197645,-0.369394,0.037318,0.158544,7.424000,14.481990

1.983822,4.242911,4.630231,16.191763,0.252529,0.200126,0.128167,7.444000,14.481990

-1.009952,6.913358,10.150752,16.191763,-0.257214,0.148965,0.430069,7.460000,14.481990

-0.883016,2.587952,8.308981,16.191763,-0.070956,-0.112701,0.484161,7.452000,14.481990

-2.432594,5.514667,9.923224,16.188822,-0.089342,-0.037825,0.827098,7.472000,14.481990

1.401832,7.555223,1.990920,16.168234,0.460103,0.265143,1.310195,7.480000,14.481990

-7.447765,1.423973,14.871335,16.182940,-1.071257,0.061832,1.418112,7.472000,14.481990

2.012562,0.046837,9.104128,16.168234,0.524054,0.350944,1.108483,7.480000,14.481990

-6.166430,0.861143,8.275451,16.188822,-0.748837,-0.020771,0.937680,7.480000,14.481990

-3.654054,0.386930,9.923224,16.188822,0.167794,0.425820,0.608066,7.484000,14.481990

-9.814045,0.202513,14.971926,16.185881,-0.460525,0.525210,0.425806,7.496000,14.481990

1.430573,2.870565,15.783837,16.185881,0.078795,-0.151871,0.019717,7.492000,14.481990

-3.472033,0.643197,7.995234,16.203527,0.112636,0.012803,-0.107119,7.472000,14.481990

-4.956944,0.353399,8.134145,16.191763,0.315148,-0.147607,-0.258470,7.468000,14.481990

-4.779713,-6.484381,7.571315,16.194704,-0.332090,-0.134817,-0.450056,7.464000,14.481990

-3.122360,-3.684604,12.035632,16.171175,-0.182338,-0.233675,-0.494556,7.444000,14.481990

4.079464,3.996224,8.354486,16.182940,0.201901,-0.040223,-0.192654,7.456000,14.481990

4.766835,1.064720,5.497228,16.191763,-0.182871,-0.454039,-0.146556,7.432000,14.481990

3.071161,1.847891,8.673024,16.168234,0.268783,0.106331,-0.130568,7.436000,14.481990

-1.043483,4.185431,9.422666,16.174116,-0.195661,0.188935,-0.116445,7.420000,14.481990

-0.732130,5.009317,6.436076,16.177057,0.357249,0.091942,-0.223563,7.436000,14.481990

-1.888925,5.945770,8.126960,16.191763,0.105708,-0.134551,-0.601674,7.424000,14.481990

1.320402,-0.918356,9.168794,16.179998,-0.080549,-0.304554,-0.647505,7.424000,14.481990

-0.111820,4.161480,9.872930,16.194704,0.052949,0.054904,-0.451389,7.428000,14.481990

-3.136730,5.155414,9.238249,16.194704,-0.069624,0.058368,-0.432736,7.432000,14.481990

-3.431317,-4.192348,9.281360,16.165293,0.076664,-0.147075,-0.508678,7.444000,14.481990

-3.177445,11.801593,8.440707,16.171175,0.710312,-0.065271,-0.236620,7.452000,14.481990

-1.908085,2.937625,5.207431,16.182940,-0.690748,-0.442048,0.009058,7.444000,14.481990

-3.381022,2.235884,10.732741,16.200586,0.015377,-0.102842,0.236084,7.456000,14.481990

-1.012347,7.720479,8.771220,16.200586,0.337531,-0.089519,0.019184,7.468000,14.481990

1.691630,-0.415402,12.394885,16.203527,-0.246822,-0.568885,-0.111116,7.472000,14.481990

-0.638724,5.100328,8.191626,16.188822,0.139549,-0.046085,0.122571,7.484000,14.481990

1.432967,12.781156,4.589516,16.188822,0.098780,0.166552,0.006927,7.472000,14.481990

0.453404,-1.512321,7.137816,16.179998,-0.484773,-0.407142,-0.436733,7.472000,14.481990

1.150355,5.979300,12.976874,16.174116,0.045221,-0.070067,-0.393300,7.476000,14.481990

3.339403,4.599769,9.714858,16.179998,0.000455,-0.031163,-0.512942,7.484000,14.481990

1.864071,-1.909894,4.424260,16.188822,0.265053,0.132711,-0.451122,7.484000,14.481990

-2.870883,5.854759,15.003061,16.174116,0.016710,0.228105,-0.624589,7.480000,14.481990

5.128483,1.910162,14.195940,16.174116,0.241338,-0.074330,-0.439664,7.480000,14.481990

0.791102,1.651500,9.786709,16.174116,0.214425,0.037051,-0.299505,7.488000,14.481990

-1.395551,2.425091,6.335485,16.182940,0.090786,-0.021304,-0.325619,7.472000,14.481990

-1.273405,-2.913408,14.277370,16.182940,0.180851,0.028524,-0.176932,7.468000,14.481990

-3.225345,0.954549,6.967770,16.174116,0.002321,-0.299491,-0.151352,7.472000,14.481990

0.858163,-0.082494,8.632309,16.168234,0.149674,-0.035960,-0.148421,7.452000,14.481990

-0.047155,1.673055,8.359277,16.179998,-0.267606,-0.330934,-0.123373,7.456000,14.481990

2.041302,0.212093,8.589199,16.162352,-0.020861,-0.023702,-0.046899,7.444000,14.481990

-0.665070,2.413116,6.517507,16.185881,0.350854,-0.031430,-0.100458,7.440000,14.481990

-1.836234,5.481136,10.905183,16.168234,-0.166616,-0.194771,-0.158546,7.444000,14.481990

0.012721,6.585240,8.153305,16.179998,0.055347,0.116990,-0.180663,7.440000,14.481990

3.145406,-0.408217,10.514794,16.165293,-0.333955,-0.301356,-0.190788,7.428000,14.481990

-0.425568,4.547079,6.610912,16.177057,0.375901,0.175612,-0.165208,7.436000,14.481990

0.977914,5.869129,8.222761,16.168234,-0.106129,-0.148407,0.007726,7.448000,14.481990

0.671351,2.264625,9.475356,16.171175,-0.123183,0.099403,0.373313,7.440000,14.481990

2.125128,3.828573,12.069162,16.168234,-0.029921,0.084215,0.552642,7.456000,14.481990

-0.092660,9.346698,9.631032,16.153528,0.316746,0.188135,0.645637,7.456000,14.481990

0.333654,5.907450,5.233776,16.174116,-0.075220,0.097005,0.969656,7.472000,14.481990

-4.573741,1.189261,6.424101,16.177057,-0.532736,0.128981,1.230522,7.464000,14.481990

-3.771410,12.759601,9.611873,16.165293,0.449445,0.449801,0.933683,7.468000,14.481990

3.332218,-1.244079,12.636782,16.177057,0.038826,-0.319209,0.792458,7.484000,14.481990

-6.022728,2.302945,9.777128,16.179998,-0.313970,0.112460,0.934483,7.488000,14.481990

-4.602482,4.286021,14.947976,16.188822,0.265319,0.057569,1.005895,7.484000,14.481990

-6.564003,-1.790143,5.710385,16.174116,-0.271869,-0.305087,0.908369,7.480000,14.481990

-1.575177,2.623878,10.304033,16.171175,0.054281,0.088212,0.649101,7.484000,14.481990

-0.095055,3.888448,13.714540,16.165293,-0.296650,-0.197969,0.647236,7.488000,14.481990

3.804037,-6.352655,9.360395,16.165293,0.310618,-0.484682,0.765279,7.492000,14.481990

-4.327055,3.708822,4.163202,16.179998,0.181384,0.222775,0.672816,7.480000,14.481990

-4.271969,2.195169,8.366462,16.174116,-0.096004,0.112193,0.320819,7.476000,14.481990

3.358563,-5.236576,12.464340,16.165293,-0.294518,-0.163329,0.181193,7.472000,7.541770

1.114430,-3.861835,9.334050,16.168234,0.028434,0.063697,0.288578,7.460000,7.541770

-1.091383,-1.993720,11.326706,16.162352,-0.129845,0.644319,0.246476,7.464000,7.541770

-2.784662,7.521693,10.823752,16.182940,0.071335,0.379988,-0.178798,7.448000,7.541770

1.835331,-1.265634,6.754613,16.182940,0.239739,-0.060208,-0.395432,7.452000,7.541770

0.781522,1.069510,8.783195,16.171175,-0.254016,0.153762,-0.474038,7.452000,7.541770

-2.492470,2.997501,8.117380,16.171175,-0.073355,0.328561,-0.876663,7.440000,7.541770

-2.875673,3.066956,10.203442,16.188822,-0.046975,0.085014,-1.437300,7.464000,7.541770

0.383949,1.783226,7.243197,16.168234,0.370838,-0.318410,-1.362957,7.460000,7.541770

-2.430199,9.969403,9.762758,16.171175,-0.123183,-0.047151,-1.133799,7.464000,7.541770

1.092875,-3.433127,7.588080,16.171175,0.062008,-0.349852,-0.907839,7.464000,7.541770

-4.683912,4.590189,7.734177,16.179998,0.011913,-0.232076,-0.810314,7.472000,7.541770

-1.575177,4.024964,6.768983,16.185881,0.473426,-0.171589,-0.869735,7.472000,7.541770

-0.844696,7.253451,7.698251,16.179998,-0.269471,-0.430324,-0.719716,7.476000,7.541770

1.804196,6.762472,9.511281,16.159410,0.107573,-0.235274,-0.468975,7.476000,7.541770

0.961149,0.013306,8.174860,16.168234,-0.263609,-0.363442,-0.433536,7.476000,7.541770

-2.605036,6.120606,4.024292,16.171175,0.874985,0.166818,-0.440464,7.492000,7.541770

-5.919743,4.314762,9.144843,16.177057,-0.455462,-0.576079,-0.760485,7.496000,7.541770

4.450692,8.096498,11.458432,16.159410,0.491013,-0.179050,-0.508145,7.500000,7.541770

4.115389,-0.379477,12.485896,16.185881,-0.620402,-0.461500,-0.299239,7.504000,7.541770

0.470170,0.094737,7.101892,16.171175,0.518459,0.039183,0.077273,7.508000,7.541770

-0.399222,4.058495,11.436877,16.177057,-0.177808,-0.339993,0.202777,7.500000,7.541770

7.394171,0.640802,8.301796,16.179998,-0.117854,-0.314946,0.201977,7.480000,7.541770

4.577628,-1.306349,12.380515,16.182940,0.431325,0.072757,0.397028,7.492000,7.541770

0.166002,8.558736,10.311218,16.177057,-0.250552,-0.036226,0.254737,7.476000,7.541770

6.907982,-4.458195,5.252936,16.171175,0.026569,-0.161730,0.180660,7.472000,7.541770

-9.320671,5.991275,18.015995,16.177057,-0.136240,0.390114,0.275787,7.456000,7.541770

8.438399,-6.484381,5.090075,16.197645,0.141414,-0.294961,0.015187,7.460000,7.541770

-5.970038,5.040452,11.503938,16.182940,-0.119186,0.039449,0.164939,7.448000,7.541770

3.078346,-2.376923,10.574670,16.174116,-0.158090,0.001079,0.290176,7.432000,7.541770

0.501305,0.741392,11.353051,16.168234,-0.220975,-0.052214,0.359190,7.408000,7.541770

-1.879345,2.578372,10.021420,16.165293,-0.074420,0.106065,0.298170,7.416000,7.541770

-0.839906,8.029437,9.559182,16.177057,0.117433,0.121520,0.336008,7.424000,7.541770

2.125128,3.931558,4.874523,16.147646,0.189111,0.005342,0.369049,7.448000,15.008879

-2.870883,8.654537,3.006408,16.168234,-0.143434,0.015201,0.371447,7.432000,15.008879

-2.087711,-2.027250,15.412609,16.162352,-0.318767,-0.076195,0.591012,7.444000,15.008879

0.759967,7.397152,8.653864,16.159410,0.733760,0.435412,0.936081,7.472000,15.008879

-1.074618,2.065838,11.578183,16.159410,-0.259079,-0.168658,1.194017,7.460000,15.008879

-1.072223,9.392203,3.736889,16.138823,0.267717,0.415694,1.312859,7.468000,15.008879

-1.148864,-2.604450,7.746151,16.171175,-0.540730,0.068227,1.420510,7.464000,15.008879

-0.586034,4.796161,10.490845,16.144705,0.231745,0.455131,1.229723,7.484000,15.008879

1.502423,6.767262,8.320956,16.182940,0.174455,0.496965,0.990440,7.484000,15.008879

-0.849486,5.157809,6.038503,16.156469,0.200835,0.420491,0.629650,7.484000,15.008879

3.416044,5.076378,7.082731,16.174116,0.201901,0.263544,0.106850,7.496000,15.008879

1.502423,0.832403,9.583132,16.153528,0.055347,0.709602,0.044764,7.496000,15.008879

-3.062484,8.010277,14.140854,16.171175,-0.147431,0.810858,-0.381043,7.500000,15.008879

-2.281708,-3.150514,8.232341,16.162352,0.154471,0.220111,-1.066651,7.488000,15.008879

-6.513707,-2.396083,11.154264,16.153528,-0.148497,0.304046,-1.236387,7.488000,15.008879

-4.025282,0.628826,9.235854,16.179998,0.157402,0.001612,-1.227594,7.468000,15.008879

-2.461334,-6.144289,12.464340,16.177057,-0.302779,-0.143078,-1.321922,7.468000,15.008879

-0.866251,4.537498,4.967929,16.159410,0.166728,0.074622,-1.394399,7.456000,15.008879

-1.388366,-10.519989,19.687719,16.171175,-0.379786,-0.355448,-1.473805,7.432000,15.008879

7.700734,12.086600,7.338998,16.150587,1.162498,0.135909,-1.353897,7.448000,15.008879

-3.019374,-0.666879,5.913961,16.168234,-0.569774,-0.255791,-1.156715,7.424000,15.008879

-1.690138,-2.046410,12.799644,16.165293,0.153671,0.016267,-1.358427,7.428000,15.008879

-2.339188,0.985684,3.700963,16.153528,0.336731,0.052772,-1.541220,7.444000,15.008879

-7.373519,11.329774,14.574352,16.188822,-0.151961,-0.010646,-1.366154,7.436000,15.008879

-0.169301,-4.740807,8.091035,16.159410,0.117433,-0.551831,-1.572663,7.448000,15.008879

-6.767580,0.329449,10.632151,16.174116,0.160599,-0.391687,-1.580390,7.448000,15.008879

-3.931876,4.872801,10.299243,16.156469,0.257858,-0.313880,-1.455952,7.440000,15.008879

-2.506840,-0.468093,5.413403,16.168234,-0.064295,-0.584606,-1.263033,7.448000,15.008879

-6.504127,9.109591,10.038186,16.168234,0.705249,-0.403678,-0.834828,7.460000,15.008879

-2.885253,3.126832,4.112907,16.165293,0.205365,-0.890505,-0.665891,7.460000,15.008879

-2.197882,-3.495397,11.403347,16.171175,0.181117,-0.836146,-0.246479,7.476000,15.008879

-1.488956,9.557460,9.456196,16.171175,0.769466,-0.585139,0.220896,7.480000,15.008879

-0.847091,9.071271,4.603886,16.182940,0.573616,-0.678401,0.495352,7.484000,15.008879

-0.806376,8.285704,5.743915,16.153528,0.132354,-0.686661,0.620057,7.480000,15.008879

1.682050,1.376073,8.201205,16.168234,-0.200191,-0.716771,0.792991,7.488000,15.008879

2.992125,0.887489,12.466736,16.168234,0.033497,-0.300290,0.967790,7.496000,15.008879

2.491566,5.682318,9.472961,16.168234,-0.173012,-0.214756,0.758884,7.488000,15.008879

1.708395,9.270057,4.385939,16.171175,0.634370,-0.045286,0.808446,7.492000,15.008879

3.325033,-0.286071,7.640771,16.153528,-0.109061,-0.541173,0.684541,7.496000,15.008879

-1.666188,1.222791,14.799484,16.162352,-0.264675,-0.078860,0.721579,7.492000,15.008879

0.266593,-3.531322,6.893525,16.150587,0.419335,0.167085,0.762348,7.492000,15.008879

-0.171696,8.355160,9.164003,16.159410,-0.467186,0.242494,0.844152,7.484000,15.008879

0.427059,-9.394330,9.597502,16.159410,-0.038448,-0.094048,0.795922,7.480000,15.008879

-0.806376,1.960457,6.649232,16.159410,0.506468,0.087412,0.588081,7.480000,15.008879

-4.104318,-2.537390,13.053515,16.162352,-0.589492,-0.060208,0.544115,7.464000,15.008879

1.643729,-1.950610,10.418994,16.168234,-0.195661,0.222775,0.674415,7.448000,15.008879

3.667521,-1.737453,7.808422,16.144705,0.220021,0.279265,0.690669,7.452000,15.008879

-2.595455,8.939545,11.331496,16.144705,0.224817,0.632595,0.650167,7.440000,15.008879

1.866466,0.736602,7.338998,16.153528,-0.013134,0.207054,0.310960,7.452000,15.008879

-1.191974,2.499337,8.749665,16.150587,-0.264408,0.212650,0.144421,7.440000,15.008879

-0.897387,5.505086,11.781760,16.144705,-0.072555,0.502561,0.263530,7.452000,15.008879

1.610199,3.862103,11.719489,16.156469,0.270382,0.434880,0.064216,7.476000,15.008879

-3.536698,6.688226,10.011841,16.141764,-0.067492,0.415161,-0.109251,7.460000,15.008879

0.046251,2.825059,6.256449,16.153528,0.054547,0.058102,-0.201180,7.452000,15.008879

-1.251849,2.082603,11.252460,16.162352,-0.061630,0.242760,-0.152951,7.472000,15.008879

-2.509235,0.518656,6.831254,16.156469,-0.080283,0.394910,-0.304568,7.472000,15.008879

-3.021769,9.016185,13.182846,16.147646,0.056946,0.422622,-0.416216,7.476000,15.008879

1.073714,4.822506,5.446933,16.162352,0.279708,0.123118,-0.350133,7.496000,15.008879

-4.997660,1.529354,14.890495,16.135881,-0.381385,-0.043154,-0.227027,7.488000,15.008879

-0.368087,5.794884,6.701923,16.153528,0.314615,0.199593,-0.339741,7.492000,15.008879

-7.220238,-0.286071,10.198652,16.162352,-0.569508,-0.258456,-0.160412,7.496000,15.008879

-0.037575,5.969720,6.258844,16.159410,0.431059,0.654711,-0.114314,7.500000,15.008879

-9.181760,-1.198573,9.882509,16.156469,-0.325961,-0.341859,-0.278188,7.504000,15.008879

-3.761830,1.771251,12.339800,16.135881,-0.100001,0.013336,-0.191321,7.496000,15.008879

2.838844,-0.963862,9.175979,16.147646,0.281840,-0.517457,-0.195851,7.508000,15.008879

-9.711059,6.508600,8.052714,16.141764,0.020707,0.025327,0.114578,7.500000,15.008879

-2.109267,1.131781,11.808105,16.147646,-0.081881,-0.896367,-0.217168,7.496000,15.008879

-0.914152,-7.238812,11.424902,16.147646,-0.012068,-0.900097,-0.435401,7.484000,15.008879

4.431532,-1.227314,8.572433,16.147646,0.355117,-0.932339,0.024513,7.476000,7.697024

1.054554,-1.220129,10.917158,16.156469,-0.121318,-0.560358,0.385037,7.460000,7.697024

0.427059,-2.127841,11.604528,16.153528,0.196572,-0.430591,0.565166,7.456000,7.697024

1.157540,3.615416,4.560776,16.159410,0.379099,-0.332532,0.616593,7.444000,7.697024

1.959872,-2.767311,13.367263,16.179998,-0.432813,-0.305886,0.875861,7.424000,7.697024

4.433927,5.069193,8.244316,16.168234,0.431325,-0.209427,1.153248,7.432000,7.697024

0.273778,3.241793,8.524533,16.144705,-0.052571,-0.055678,1.138326,7.424000,7.697024

0.338444,3.969878,8.656260,16.153528,0.201102,-0.132419,0.852412,7.436000,7.697024

2.865189,-0.048964,7.305468,16.179998,0.019374,-0.131886,0.751956,7.428000,7.697024

1.574274,5.660763,7.394083,16.177057,0.085457,0.030123,0.670951,7.428000,7.697024

-1.738038,3.316038,9.482541,16.177057,0.265319,0.298451,0.259267,7.452000,7.697024

-2.025441,-0.084889,12.428415,16.162352,-0.212448,0.091143,0.024247,7.456000,7.697024

2.568207,11.461500,4.903264,16.165293,0.651956,0.163354,-0.026115,7.460000,7.697024

-1.211134,6.700201,7.738966,16.162352,-0.479177,0.005875,-0.076210,7.468000,7.697024

-2.849328,-2.539784,10.299243,16.159410,0.302091,-0.090052,0.020250,7.468000,7.697024

-3.742670,8.398270,10.926738,16.168234,-0.022460,0.146567,-0.027980,7.484000,7.697024

-0.847091,1.031190,8.392807,16.174116,-0.024326,-0.062073,-0.070347,7.480000,7.697024

0.546810,8.563526,10.035790,16.171175,0.002054,-0.035693,0.262997,7.496000,7.697024

0.362394,-2.546969,7.576105,16.162352,0.109439,-0.203298,0.382639,7.500000,7.697024

-3.953431,16.756887,10.797407,16.156469,0.710312,0.530007,0.243545,7.508000,7.697024

10.589127,2.003568,6.333090,16.168234,-0.033652,-0.442315,-0.079407,7.496000,7.697024

2.735858,-3.037949,9.686118,16.177057,-0.536733,0.110062,0.484694,7.492000,7.697024

0.134867,2.195169,8.981982,16.168234,0.220021,0.584898,0.544382,7.436000,7.697024

-3.424132,6.120606,10.797407,16.171175,0.012446,0.429284,0.466308,7.448000,7.697024

0.273778,0.767738,7.444379,16.171175,-0.041113,0.189734,0.463910,7.452000,7.697024

-0.471073,4.628509,11.288386,16.168234,-0.137306,0.233434,0.463910,7.452000,7.697024

3.253182,0.322264,7.930568,16.156469,0.355650,0.370129,0.401025,7.460000,7.697024

-4.159403,5.038058,7.334208,16.188822,0.063074,0.397841,0.085533,7.456000,7.697024

-1.558412,7.550433,11.920671,16.165293,-0.319299,0.304046,0.043965,7.456000,7.697024

3.459154,-0.094469,8.395202,16.177057,-0.059499,0.334956,0.046097,7.464000,14.558103

0.534835,7.471397,5.238566,16.162352,0.631705,0.570509,-0.071680,7.472000,14.558103

-0.250731,0.485125,9.805869,16.171175,-0.351541,0.039716,-0.289646,7.476000,14.558103

0.127682,6.249938,8.838281,16.156469,-0.016332,0.628864,-0.354929,7.472000,14.558103

-1.237479,3.440579,8.649075,16.165293,0.153938,0.470319,-0.384773,7.476000,14.558103

-1.685348,5.984090,4.819438,16.156469,-0.034984,0.572374,-0.548648,7.492000,14.558103

0.702486,4.113580,10.093271,16.165293,-0.197260,0.406901,-0.651236,7.488000,14.558103

-3.268456,2.628668,7.334208,16.156469,-0.186068,0.438877,-0.415683,7.500000,14.558103

-4.710258,3.105277,11.036909,16.179998,-0.043244,0.409832,-0.291511,7.512000,14.558103

-4.099528,7.227106,6.795329,16.168234,0.093451,0.441808,-0.240350,7.504000,14.558103

-6.875355,-2.101496,7.154582,16.171175,-0.047241,-0.132952,-0.283517,7.504000,14.558103

-7.572306,-0.736335,13.592395,16.135881,-0.465054,-0.366373,-0.309098,7.512000,14.558103

-0.794401,1.773646,10.323193,16.153528,0.488082,-0.150539,-0.418614,7.512000,14.558103

-7.265743,-1.050082,7.200087,16.171175,0.264786,-0.416202,-0.181995,7.500000,14.558103

-3.584598,-5.133590,12.095508,16.162352,-0.502359,-0.661614,0.016786,7.492000,14.558103

0.946778,-1.541061,10.150752,16.162352,-0.125048,-0.287767,0.072743,7.480000,14.558103

0.668956,1.285062,13.015195,16.144705,0.224817,-0.447378,0.141224,7.472000,14.558103

3.679496,-2.024855,6.886340,16.162352,0.613053,-0.564621,0.058620,7.456000,14.558103

3.495080,0.008516,9.207114,16.147646,-0.378188,0.000279,-0.161478,7.448000,14.558103

3.818407,1.658685,12.497870,16.150587,0.127558,-0.179583,-0.180130,7.444000,14.558103

4.194425,1.268297,5.597819,16.147646,0.186713,-0.128689,0.032241,7.436000,14.558103

-2.794242,5.598492,8.720924,16.168234,0.070802,-0.098578,-0.212105,7.424000,14.558103

-0.336952,2.772369,10.246552,16.153528,-0.024858,-0.207561,-0.274191,7.428000,14.558103

2.146683,1.282667,12.478710,16.153528,-0.026990,-0.317877,-0.002666,7.436000,14.558103

1.109640,4.197406,4.366779,16.165293,0.547769,0.131645,0.280584,7.444000,14.558103

-4.837194,7.476188,10.893208,16.177057,-0.368329,-0.070333,0.361322,7.452000,14.558103

-1.139284,9.234132,11.453642,16.156469,0.183782,0.172947,0.302966,7.452000,14.558103

-2.640961,2.844219,7.171347,16.150587,0.046287,0.030922,-0.026914,7.468000,14.558103

1.088085,6.302628,3.768024,16.156469,0.014312,-0.123626,-0.162543,7.476000,14.558103

-1.187184,6.393639,6.237289,16.159410,-0.077352,0.034919,-0.442329,7.476000,14.558103

-0.559689,4.891962,8.486213,16.159410,-0.219110,-0.002119,-0.841223,7.488000,14.558103

-1.376390,6.194852,12.964900,16.153528,0.547503,0.138040,-1.313661,7.496000,14.558103

-0.681835,4.499178,6.663603,16.156469,-0.305177,-0.618447,-1.497787,7.492000,14.558103

-0.401617,1.886212,10.160332,16.144705,-0.110659,0.115658,-1.165775,7.500000,14.558103

2.735858,0.161798,14.061818,16.162352,-0.426151,-0.106039,-1.091165,7.504000,14.558103

1.368302,3.414234,7.600055,16.141764,0.762272,0.066362,-0.698133,7.512000,14.558103

-2.552345,8.158768,11.417717,16.177057,-0.423486,-0.128955,-0.568632,7.500000,14.558103

2.910695,-1.943424,10.567485,16.147646,-0.009137,0.048242,-0.448458,7.500000,14.558103

-0.413593,1.577254,10.359118,16.153528,-0.009404,-0.187310,-0.257404,7.500000,14.558103

-1.345255,2.609508,5.252936,16.144705,0.267717,-0.141479,0.050893,7.500000,14.558103

4.242325,-5.552719,7.537785,16.138823,0.259191,-0.302689,0.347999,7.488000,14.558103

0.132472,-4.477355,11.712304,16.147646,-0.249753,-0.275243,0.588081,7.480000,14.558103

-2.396669,-0.721965,9.508886,16.144705,0.015910,0.351210,0.605934,7.472000,14.558103

-1.227899,-3.378041,12.071557,16.127058,-0.117321,0.265409,0.463910,7.460000,14.558103

1.219811,4.235726,8.584409,16.129999,-0.025125,0.201725,0.485760,7.448000,14.558103

-0.174091,1.198841,8.198811,16.156469,-0.000344,0.197195,0.605668,7.444000,14.558103

-2.446964,-0.048964,10.938713,16.162352,-0.223639,0.192132,0.339205,7.436000,14.558103

-2.923573,0.348609,8.649075,16.159410,0.081727,0.235299,0.022914,7.444000,14.558103

-4.815639,12.093785,8.170071,16.144705,0.542174,0.275002,-0.054626,7.452000,14.558103

0.865348,1.347332,5.528364,16.165293,-0.413894,-0.483084,-0.154017,7.452000,14.558103

-2.054181,3.481295,13.831897,16.141764,-0.305443,0.202258,-0.010926,7.448000,14.558103

-1.819469,4.254886,7.233617,16.156469,0.143279,0.161756,-0.204378,7.480000,14.558103

-3.402577,7.167230,11.784155,16.150587,-0.220708,0.032521,-0.203845,7.468000,14.558103

2.465221,2.547237,2.187311,16.144705,0.167794,-0.035427,-0.116179,7.484000,14.558103

-2.027836,2.501732,12.976874,16.153528,-0.512218,-0.006382,0.128434,7.488000,14.558103

1.224601,9.935872,5.422983,16.162352,0.719638,0.346148,0.351196,7.496000,14.558103

-2.260153,-2.075150,15.855688,16.144705,-0.755765,-0.669874,0.225959,7.488000,14.558103

-1.335675,11.978825,5.916357,16.168234,1.090554,0.904919,0.496418,7.496000,14.558103

-2.276918,-2.736176,8.692184,16.135881,-0.824779,-0.776192,0.217965,7.508000,14.558103

-3.680399,3.174732,10.327983,16.153528,0.235209,0.845232,0.332810,7.504000,14.558103

-4.583322,2.781949,8.730505,16.150587,0.043622,0.049042,-0.152151,7.508000,14.558103

-5.761671,-2.958913,5.372687,16.144705,-0.281462,-0.280572,-0.229159,7.512000,14.558103

1.849701,1.035980,15.115627,16.141764,-0.318500,-0.535843,-0.236354,7.500000,14.558103

-0.377667,-0.463302,9.156818,16.138823,0.415870,-0.119629,-0.086868,7.492000,14.558103

-6.422697,1.167706,14.579143,16.153528,0.280774,-0.180649,-0.228626,7.496000,14.558103

-2.657726,-6.630477,6.019342,16.144705,-0.188200,-0.803638,-0.157481,7.488000,14.558103

-3.172655,6.978024,10.299243,16.162352,0.321276,-0.046618,0.240348,7.476000,14.558103

1.521583,-8.026774,8.282637,16.162352,0.039093,-0.818293,0.007193,7.472000,7.753839

-1.239874,9.157491,10.253737,16.165293,0.222152,-0.193972,0.124703,7.464000,7.753839

3.842357,-1.064452,9.525652,16.141764,0.146210,-0.334398,0.297904,7.460000,7.753839

3.950133,7.207945,4.922423,16.147646,0.146743,-0.357846,0.665888,7.456000,7.753839

-2.899623,-1.002182,10.826147,16.165293,0.231478,-0.269647,0.300835,7.464000,7.753839

2.101178,9.382623,9.468171,16.138823,0.384961,-0.240869,0.339205,7.472000,7.753839

0.089361,-2.796052,12.641572,16.129999,-0.266273,-0.310949,0.491622,7.464000,7.753839

1.013839,5.620048,6.098378,16.138823,0.679135,0.097005,0.671751,7.464000,7.753839

-2.727181,2.693333,4.539220,16.132940,-0.347012,-0.137482,0.509741,7.468000,7.753839

-1.951195,1.603599,9.935200,16.141764,-0.311839,0.040782,0.564633,7.460000,7.753839

-0.801586,2.528077,13.903748,16.138823,0.307953,0.042380,0.579821,7.480000,7.753839

-0.073500,6.333763,3.655458,16.127058,0.253062,-0.276575,0.134562,7.488000,7.753839

0.264198,6.546920,12.660732,16.138823,-0.463456,-0.133485,-0.109251,7.476000,7.753839

3.883072,4.125555,7.336603,16.141764,0.121696,-0.083923,-0.094063,7.488000,7.753839

0.245038,5.929005,12.610436,16.132940,-0.020062,0.280065,-0.203312,7.492000,7.753839

4.395607,0.738997,9.650192,16.144705,-0.088276,-0.062339,-0.567566,7.512000,7.753839

3.679496,10.077179,12.457155,16.138823,-0.169548,0.205988,-0.512675,7.512000,7.753839

-1.970355,-0.211825,5.535549,16.129999,0.258658,0.110861,-0.490026,7.504000,7.753839

-2.559530,6.805582,12.260764,16.129999,-0.220975,-0.109770,-0.678415,7.508000,7.753839

4.311781,-1.984140,7.030041,16.150587,-0.097869,-0.232342,-0.523334,7.512000,7.753839

2.417320,11.037581,9.518467,16.141764,0.118765,0.094341,0.197980,7.512000,7.753839

3.562140,-2.281122,12.002102,16.135881,-0.220975,-0.068202,-0.070081,7.508000,7.753839

0.204322,-2.779286,11.192585,16.129999,-0.280929,-0.268581,-0.075410,7.492000,7.753839

5.454206,0.015701,8.194020,16.127058,0.167527,0.089811,0.447922,7.496000,7.753839

1.483263,-3.387621,9.099339,16.132940,-0.395241,0.080218,0.474835,7.476000,7.753839

1.674865,2.027518,10.050160,16.129999,-0.017930,0.187869,0.425273,7.464000,7.753839

-0.562084,-4.292939,12.950529,16.127058,0.234942,0.139639,0.462311,7.468000,7.753839

-2.384694,6.642721,5.075705,16.132940,0.169393,0.309376,0.452186,7.464000,7.753839

-2.827772,2.434671,9.276569,16.135881,0.054014,0.082083,0.365852,7.460000,7.753839

-1.144074,-0.053754,9.492122,16.109411,-0.252417,-0.282704,0.230755,7.436000,7.753839

-1.062643,0.322264,13.848661,16.124117,-0.107728,0.110595,0.543049,7.448000,7.753839

-0.016019,0.449200,6.675578,16.115294,0.270915,0.129247,0.613662,7.456000,7.753839

-3.771410,8.539577,5.858876,16.115294,0.112370,0.326429,0.599806,7.456000,7.753839

-0.959657,0.853958,11.012959,16.121176,-0.499695,-0.111635,0.382372,7.452000,7.753839

1.983822,6.934913,10.454919,16.141764,0.050550,0.282463,0.701061,7.472000,15.161994

-3.129545,6.731337,7.693461,16.121176,0.054281,0.367198,0.694400,7.484000,15.161994

-3.031349,1.215606,14.092954,16.127058,-0.473581,0.200925,0.441793,7.476000,15.161994

2.994520,3.929163,7.762917,16.109411,0.232278,0.318169,0.305365,7.500000,15.161994

2.618502,8.539577,6.792934,16.118235,0.273846,0.288325,0.476967,7.504000,15.161994

-3.505563,0.501890,11.482383,16.132940,-0.182604,0.247823,0.547313,7.504000,15.161994

-0.739315,4.178246,6.476791,16.106470,0.056679,0.411964,0.410351,7.512000,15.161994

-0.018414,6.293048,7.477910,16.121176,0.134753,0.538800,0.351996,7.516000,15.161994

-0.269891,2.513707,9.738809,16.132940,-0.195927,0.510022,0.282715,7.516000,15.161994

-2.111661,1.373677,9.935200,16.115294,-0.399771,0.426086,0.290976,7.512000,15.161994

-5.711376,3.313643,13.427138,16.129999,-0.268672,0.605149,-0.348534,7.516000,15.161994

-4.978500,-1.009367,10.919553,16.115294,0.125426,0.170282,-0.742632,7.520000,15.161994

-3.282826,-2.185322,9.166399,16.129999,-0.267872,0.143903,-0.780470,7.508000,15.161994

0.424664,-6.103573,9.408296,16.135881,0.002054,0.074622,-0.745830,7.512000,15.161994

-1.481771,3.986644,11.963781,16.124117,-0.437875,0.191333,-0.852148,7.488000,15.161994

4.371656,-3.334931,11.721885,16.141764,0.326872,-0.274977,-1.113548,7.488000,15.161994

0.173187,-0.803395,5.126000,16.129999,0.112103,-0.040756,-1.094096,7.476000,15.161994

-1.682953,1.107830,11.058464,16.124117,-0.225505,-0.062073,-1.160712,7.464000,15.161994

-0.095055,1.138966,5.825346,16.124117,0.026569,-0.116431,-1.111150,7.444000,15.161994

1.013839,0.267179,10.201047,16.129999,0.145678,0.028791,-1.107952,7.444000,15.161994

-2.990633,3.771092,7.755732,16.129999,-0.020062,-0.270180,-0.913968,7.436000,15.161994

0.264198,0.877909,11.815290,16.112352,0.073200,-0.184912,-0.717052,7.452000,15.161994

-2.011071,5.521852,6.725873,16.132940,-0.076019,-0.147341,-0.683744,7.436000,15.161994

0.810262,-0.374687,13.096625,16.106470,-0.155692,-0.237672,-0.680280,7.444000,15.161994

-2.032626,4.784185,4.855363,16.141764,0.403613,-0.184379,-0.616329,7.460000,15.161994

-3.445687,4.834481,6.289979,16.127058,0.093184,-0.135350,-0.716252,7.472000,15.161994

-4.602482,5.828414,9.983100,16.124117,-0.069624,-0.301889,-0.924626,7.460000,15.161994

-0.483048,0.971314,11.080019,16.127058,0.532848,-0.475356,-0.908638,7.488000,15.161994

-1.503326,10.019698,6.728268,16.127058,0.241338,-0.593666,-0.785799,7.488000,15.161994

-2.509235,1.783226,5.104445,16.118235,0.152872,-0.326137,-0.540121,7.492000,15.161994

-3.730695,0.928204,13.884587,16.118235,0.183515,-0.609387,-0.316825,7.516000,15.161994

-0.617169,6.197247,6.620492,16.109411,0.225616,-0.468428,-0.155615,7.508000,15.161994

3.157382,7.428287,14.598303,16.109411,-0.424286,-0.636300,0.000532,7.512000,15.161994

4.196820,1.802386,8.761641,16.118235,0.109439,-0.500404,0.546513,7.516000,15.788226

-2.959498,4.329132,7.367738,16.124117,-0.244157,-0.201433,0.414614,7.512000,15.788226

3.468734,-1.495556,6.261240,16.106470,0.006318,0.030123,0.572893,7.520000,15.788226

2.230509,1.835916,12.035632,16.106470,-0.332889,-0.061007,0.581153,7.516000,15.788226

2.711908,5.387731,9.312495,16.100588,0.283439,0.016800,0.615527,7.512000,15.788226

5.109323,-9.918839,13.649876,16.106470,-0.490368,-0.349320,0.332011,7.504000,15.788226

-1.168024,-1.749428,4.472160,16.109411,-0.567110,0.175079,0.211570,7.488000,15.788226

-0.186066,4.144715,10.222602,16.103529,0.299959,0.172947,0.510274,7.480000,15.788226

-0.914152,0.925809,11.211745,16.100588,-0.298249,0.120720,0.656562,7.460000,15.788226

0.918038,-4.810263,10.498030,16.100588,0.113169,0.301115,0.422875,7.480000,15.788226

-0.938102,4.626114,4.608676,16.121176,0.062008,0.413829,0.295772,7.468000,15.788226

0.654586,4.144715,12.569721,16.109411,-0.231367,0.219844,0.284314,7.460000,15.788226

3.868702,-0.008249,9.745994,16.141764,0.164063,0.428484,0.255803,7.472000,15.788226

-7.129227,4.171061,5.382267,16.129999,0.127292,0.613409,0.168936,7.464000,15.788226

-2.348768,11.236368,8.565248,16.109411,-0.102399,0.044246,-0.142026,7.456000,15.788226

1.516793,0.566556,8.203601,16.100588,-0.239094,-0.057810,-0.342939,7.480000,15.788226

-1.709298,2.029913,8.560458,16.106470,0.153671,0.121520,-0.391968,7.496000,15.788226

-1.750014,9.325143,9.734018,16.103529,-0.307575,0.134310,-0.354929,7.496000,15.788226

-0.250731,3.941139,11.029724,16.106470,-0.039514,0.039716,-0.421012,7.496000,15.788226

0.252223,0.904254,6.239684,16.106470,-0.254816,-0.069001,-0.403426,7.496000,15.788226

-0.471073,8.003092,12.045212,16.097647,0.178186,-0.002652,-0.461248,7.512000,15.788226

-1.400341,6.824742,6.843229,16.118235,0.464100,0.001345,-0.202779,7.524000,15.788226

-10.530155,1.407208,5.231381,16.121176,-0.505823,0.082616,0.111646,7.520000,15.788226

3.293898,8.307260,8.433522,16.079998,0.086256,-0.180915,-0.033842,7.524000,15.788226

1.212626,-1.275214,17.180134,16.109411,-0.590825,-0.747681,0.469772,7.528000,15.788226

-4.224069,6.784027,3.504572,16.094706,1.035396,0.497765,0.540385,7.528000,15.788226

-8.130345,-2.614030,7.935358,16.085880,-0.315036,-0.869987,0.031708,7.540000,15.788226

-5.124596,-4.498910,15.889218,16.088821,-0.760828,-0.397549,0.641907,7.528000,15.788226

2.225719,2.841825,6.797724,16.094706,0.757209,-0.036226,0.602470,7.532000,15.788226

-3.716325,1.550909,7.712621,16.097647,-0.013933,-0.406609,0.585150,7.532000,15.788226

-5.835917,-5.533559,8.881392,16.088821,-0.190865,-0.456171,0.781533,7.524000,15.788226

5.954764,4.997342,5.576264,16.094706,0.203766,-0.292297,0.674149,7.520000,16.758174

1.253341,-4.280963,16.346666,16.091763,-0.105330,-0.398615,0.439129,7.516000,16.758174

-0.650700,2.753209,14.495317,16.085880,0.058011,-0.252061,0.267527,7.500000,16.758174

5.173988,-1.900314,9.008327,16.103529,0.242936,-0.028232,0.270725,7.508000,16.758174

1.234181,0.020492,3.535707,16.094706,0.001255,-0.045019,0.189453,7.500000,16.758174

1.557508,2.714888,9.116103,16.074116,0.001521,-0.212624,0.232087,7.496000,16.758174

2.898720,5.191339,14.243840,16.094706,-0.133042,0.055970,0.272323,7.500000,16.758174

1.382672,4.345897,6.816884,16.091763,0.333534,0.159357,0.344268,7.500000,16.758174

-0.890202,11.923738,8.684999,16.103529,0.148875,0.344282,0.399159,7.520000,16.758174

2.132313,-0.616584,4.953559,16.091763,-0.129845,-0.024768,0.337340,7.512000,16.758174

-4.118688,6.903778,13.649876,16.115294,-0.324629,0.564913,0.225426,7.528000,16.758174

0.194742,3.373519,5.875641,16.094706,0.377766,0.259814,-0.152951,7.528000,16.758174

-7.469320,1.203631,9.535232,16.112352,-0.507955,0.074889,-0.373848,7.528000,16.758174

-0.030389,6.669066,13.525334,16.100588,0.370039,0.029590,-0.447392,7.540000,16.758174

-4.758158,4.264466,8.380832,16.103529,-0.171679,-0.264318,-0.510277,7.532000,16.758174

3.981268,2.065838,9.741203,16.094706,0.204832,-0.128422,0.255803,7.524000,16.758174

5.293739,-4.362394,8.843071,16.109411,-0.082414,-0.224882,0.306164,7.528000,16.758174

-1.179999,3.294483,11.293176,16.115294,-0.409364,0.406368,0.537187,7.524000,16.758174

5.842198,6.815162,4.567961,16.106470,0.759341,0.416494,0.503080,7.524000,16.758174

-0.938102,-2.372133,8.684999,16.106470,-0.808525,-0.074597,0.315757,7.524000,16.758174

-0.705785,5.454791,13.055910,16.115294,0.095316,0.712800,0.251273,7.516000,16.758174

4.912931,-2.623610,12.289504,16.097647,0.129423,0.154827,0.019450,7.516000,16.758174

-0.394432,4.264466,12.275134,16.112352,0.053482,0.573174,-0.239018,7.524000,16.758174

-0.080685,4.961417,1.468805,16.115294,0.295696,0.427419,-0.629386,7.520000,16.758174

-1.620682,1.174891,9.559182,16.103529,-0.474114,0.169483,-0.849750,7.516000,16.758174

1.612594,-1.797328,10.967453,16.097647,0.087855,0.498298,-0.839358,7.516000,16.758174

-2.049391,3.062166,7.925778,16.091763,0.202168,0.162022,-0.959799,7.520000,16.758174

-5.479059,6.266703,4.692502,16.103529,-0.058699,0.172947,-0.931288,7.520000,16.758174

2.350260,-1.215339,6.682763,16.097647,-0.179140,-0.317877,-0.717052,7.520000,16.758174

-2.164352,-0.580658,17.079544,16.091763,-0.240693,-0.048217,-0.331214,7.512000,17.352246

-3.115175,7.004369,8.615544,16.115294,0.213892,0.216647,-0.043701,7.528000,17.352246

-3.079249,0.288734,9.003537,16.112352,0.031099,-0.248064,0.134829,7.520000,17.352246

-2.617011,3.505245,6.045688,16.112352,0.020973,-0.229411,0.370648,7.528000,17.352246

-3.749855,5.045243,11.511123,16.094706,-0.410696,-0.300557,0.438329,7.516000,17.352246

-1.896110,1.047955,7.901828,16.115294,0.320210,-0.092716,0.390633,7.524000,17.352246

-2.485285,-3.584013,5.092470,16.091763,0.223485,-0.231010,0.406354,7.528000,17.352246

1.200651,-3.143329,4.350014,16.106470,0.289301,-0.445513,0.490823,7.536000,17.352246

-5.934113,2.858590,11.623689,16.103529,-0.564978,-0.088453,0.582752,7.536000,17.352246

1.215021,5.320670,8.361671,16.091763,0.411074,-0.058076,0.499882,7.536000,17.352246

-0.892597,-2.743361,12.057187,16.106470,-0.155425,-0.394618,0.271790,7.528000,17.352246

-2.652936,5.224869,10.229787,16.097647,0.058544,-0.055678,0.292841,7.532000,17.352246

-0.765660,1.934112,7.061176,16.124117,0.328471,-0.178784,0.195849,7.528000,17.352246

-0.293842,1.019215,4.211103,16.109411,-0.296650,-0.370637,0.266461,7.524000,17.352246

-1.323700,-2.817607,14.780324,16.115294,-0.365664,-0.251528,0.327481,7.520000,17.352246

-0.099845,2.154454,14.116904,16.106470,0.675139,-0.212624,0.291242,7.520000,17.352246

0.230668,-1.294374,7.532995,16.088821,-0.163419,-0.619246,0.430869,7.528000,17.352246

-0.128585,2.185589,10.454919,16.106470,0.028701,-0.158266,0.680277,7.508000,17.352246

1.234181,1.349727,13.932487,16.103529,0.152872,-0.115099,0.854544,7.516000,17.352246

1.550323,6.156532,5.662485,16.106470,0.491546,-0.179050,0.865469,7.516000,17.352246

-1.282985,0.758158,7.779682,16.112352,-0.394175,0.065030,0.721846,7.512000,17.352246

-0.071105,0.798873,11.547048,16.118235,0.039359,0.176944,0.686140,7.520000,17.352246

0.228273,6.180482,11.197375,16.112352,-0.067226,0.219045,0.678146,7.512000,17.352246

1.713185,1.505404,7.185717,16.106470,0.193108,0.180408,0.592078,7.516000,17.352246

1.361117,3.938743,9.451406,16.109411,0.266119,0.568111,0.476700,7.512000,17.352246

0.724042,-0.638139,6.965375,16.115294,-0.298249,0.115125,0.125236,7.512000,17.352246

-0.657885,5.517062,7.528205,16.100588,0.029766,0.440742,0.039968,7.520000,17.352246

1.849701,-6.675983,15.848503,16.094706,-0.624932,0.309909,-0.124173,7.520000,17.352246

0.542020,11.574066,7.422824,16.100588,0.549368,0.722659,-0.092730,7.520000,17.352246

-0.880621,-5.986217,8.526928,16.118235,-0.450665,0.367198,-0.127370,7.516000,17.352246

1.773060,6.652301,5.226591,16.115294,0.143013,0.256350,0.058354,7.512000,17.352246

-0.427963,-3.722924,10.981823,16.097647,-0.574304,0.462059,0.027178,7.508000,17.177621

2.146683,9.394598,10.373488,16.103529,-0.040313,0.371728,0.010124,7.504000,17.177621

3.554955,6.338553,6.019342,16.115294,0.865393,0.450601,0.031175,7.512000,17.177621

0.173187,-4.834213,6.237289,16.103529,-0.644917,0.122053,-0.115646,7.516000,17.177621

-1.036298,6.096656,11.594949,16.103529,0.159534,0.879872,-0.051162,7.512000,17.177621

0.865348,-0.918356,9.463381,16.112352,-0.158889,0.336555,-0.197716,7.508000,17.177621

0.733622,3.759117,6.246870,16.085880,0.153139,0.360270,-0.249943,7.508000,17.177621

-0.090265,1.467083,6.194179,16.100588,-0.114390,0.448203,-0.459649,7.504000,17.177621

-0.138165,-2.999628,6.675578,16.088821,-0.206586,0.358938,-0.749027,7.512000,17.177621

-1.876950,12.874561,13.601974,16.094706,0.194707,0.734650,-0.956868,7.508000,17.177621

8.713826,-8.163290,7.909013,16.094706,-0.428549,-0.115898,-1.039738,7.512000,17.177621

-5.886212,8.122843,6.936635,16.097647,0.284771,0.930766,-1.142059,7.508000,17.177621

3.598065,-1.366225,9.496911,16.097647,-0.472249,0.095406,-1.425309,7.504000,17.177621

-2.576295,2.065838,14.025893,16.106470,-0.140503,0.452999,-1.433569,7.512000,17.177621

-0.784821,8.479701,6.448051,16.109411,0.328737,0.434613,-1.495389,7.500000,17.177621

-1.836234,3.773487,9.918435,16.112352,-0.089609,-0.060208,-1.566268,7.504000,17.177621

0.680931,-2.379318,13.767231,16.103529,0.194174,0.087679,-1.530562,7.508000,17.177621

-4.995265,-1.145883,13.733701,16.118235,0.127825,0.238497,-1.464479,7.512000,17.177621

-4.516261,8.098892,2.160966,16.103529,0.389224,0.110328,-1.256905,7.532000,17.177621

-3.184630,4.357872,4.512875,16.103529,-0.239094,-0.268848,-1.201747,7.512000,17.177621

3.514239,-2.324233,16.262840,16.106470,0.021506,-0.152404,-1.012292,7.516000,17.177621

-3.606153,3.342384,10.478869,16.109411,0.577080,-0.113767,-0.977386,7.528000,17.177621

-4.968920,-0.001064,7.873087,16.115294,0.376434,-0.481485,-0.911303,7.532000,17.177621

-2.918783,-0.084889,3.399191,16.112352,0.162731,-0.194771,-0.682412,7.536000,17.177621

-2.535580,3.323223,9.595107,16.141764,-0.133842,-0.358113,-0.442063,7.520000,17.177621

-1.857789,1.495824,13.779206,16.124117,0.154204,-0.417800,-0.197716,7.528000,17.177621

-4.839589,4.573424,8.205996,16.118235,0.803041,-0.198768,-0.157481,7.528000,17.177621

-2.827772,-3.751664,4.658971,16.109411,0.299426,-0.779923,0.008525,7.524000,17.177621

-5.416789,6.585240,8.457473,16.103529,0.511797,-0.213157,0.391965,7.540000,17.177621

-4.525841,-2.946938,3.042333,16.124117,0.157402,-0.920349,0.342137,7.520000,17.177621

-3.627709,2.073023,14.406701,16.118235,0.015377,-0.584872,0.497484,7.528000,17.177621

-4.300709,6.185272,7.104286,16.103529,0.681800,-0.261120,0.644571,7.528000,16.634748

-0.164511,-4.491725,8.083850,16.115294,-0.440540,-0.989629,0.730905,7.512000,16.634748

0.333654,10.189745,8.493398,16.121176,0.846474,-0.096447,1.174032,7.504000,16.634748

0.149237,-3.962426,13.491804,16.121176,-0.486105,-0.717038,1.047463,7.496000,16.634748

-0.415988,5.347015,7.726991,16.109411,0.314615,-0.389555,1.293408,7.504000,16.634748

-3.946246,0.300709,11.341076,16.100588,-0.088809,-0.328802,1.128734,7.480000,16.634748

-2.492470,1.979617,12.339800,16.106470,0.168593,-0.033295,1.231588,7.484000,16.634748

1.686840,4.072865,5.947492,16.112352,-0.057100,-0.365840,1.204676,7.496000,16.634748

-0.205226,3.584280,6.165439,16.121176,-0.023260,-0.108704,1.217199,7.484000,16.634748

1.358722,1.244346,7.396479,16.103529,-0.202589,-0.164395,1.169236,7.496000,16.634748

0.759967,2.470596,13.654665,16.112352,-0.219642,0.242494,1.272890,7.512000,16.634748

0.235458,4.036940,9.149633,16.118235,0.529916,0.355207,0.868133,7.508000,16.634748

1.507213,1.711375,10.033396,16.109411,-0.040846,-0.089519,0.591545,7.516000,16.634748

-0.281867,3.066956,8.026369,16.109411,0.188578,-0.033295,0.404755,7.516000,16.634748

0.039066,3.663316,5.085285,16.115294,-0.113590,0.178543,0.263530,7.516000,16.634748

5.085372,4.403378,8.816726,16.115294,0.289301,0.083682,0.216366,7.512000,16.634748

-1.742828,-7.255578,12.102693,16.106470,-0.413894,0.268607,0.159610,7.516000,16.634748

-2.712811,5.945770,10.780642,16.115294,0.258391,0.637391,0.090063,7.516000,16.634748

1.904786,2.769974,4.158412,16.106470,0.326606,0.217446,-0.015989,7.520000,16.634748

0.149237,-0.360317,9.360395,16.129999,-0.522610,0.242760,-0.032776,7.524000,16.634748

2.376605,9.715530,1.540656,16.112352,0.562691,0.479379,-0.041569,7.516000,16.634748

-0.147745,-8.656664,16.054474,16.115294,-0.737113,0.231036,-0.057291,7.508000,16.634748

1.694025,7.861786,11.788945,16.121176,0.836082,0.732252,-0.047698,7.508000,16.634748

1.363512,-7.198097,15.891613,16.115294,-0.729918,-0.047684,-0.197450,7.500000,16.634748

1.107245,10.529838,10.727951,16.103529,0.955191,0.673097,-0.223830,7.508000,16.634748

3.823197,-3.088244,7.271938,16.115294,-0.041912,0.127115,-0.746896,7.496000,16.634748

-3.855236,4.817716,10.859677,16.103529,0.016976,0.341351,-0.911569,7.492000,16.634748

-2.444569,2.171219,4.486530,16.115294,0.027102,0.219844,-0.673086,7.496000,16.634748

-2.375113,4.274046,4.644601,16.106470,-0.114656,0.141504,-0.557441,7.484000,16.634748

-2.430199,-1.263239,8.878996,16.109411,-0.238561,0.201991,-0.425808,7.484000,16.634748

-3.687584,-3.320561,14.351616,16.094706,0.173923,0.301648,-0.416216,7.500000,16.634748

-1.275800,7.351646,11.774575,16.115294,-0.160488,0.054105,-0.345870,7.496000,16.634748

0.206717,5.176969,6.208549,16.135881,0.243203,0.008007,-0.093796,7.492000,16.634748

-0.801586,3.979459,5.734335,16.121176,0.069736,0.108729,0.174265,7.500000,15.670931

-1.390761,7.734850,8.306586,16.127058,0.173390,-0.058342,0.308829,7.504000,15.670931

0.534835,5.073983,12.112272,16.124117,0.021506,0.015201,0.293107,7.512000,15.670931

-1.086593,6.609190,7.755732,16.129999,0.422799,-0.066070,0.058354,7.512000,15.670931

-3.043324,-2.178136,10.521979,16.097647,-0.553786,-0.322673,0.060219,7.512000,15.670931

-0.562084,4.896751,7.614426,16.121176,0.218155,0.093541,0.075141,7.508000,15.670931

-4.513866,5.143438,6.278005,16.109411,0.095316,0.115391,-0.361058,7.528000,15.670931

-0.090265,1.026400,11.125525,16.115294,-0.096270,-0.284569,-0.478302,7.516000,15.670931

-0.466283,0.856353,9.149633,16.109411,-0.453597,-0.070333,-0.468709,7.516000,15.670931

2.134708,-2.372133,12.600857,16.112352,-0.038981,0.170282,-0.358660,7.512000,15.670931

-2.945128,0.463570,13.599580,16.106470,0.017509,-0.002918,-0.640044,7.508000,15.670931

-2.032626,-1.651232,6.910290,16.141764,0.455573,-0.061540,-0.660029,7.512000,15.670931

-5.792807,2.020333,3.789579,16.121176,-0.507955,-0.062073,-0.772476,7.492000,15.670931

4.409977,-2.027250,11.786550,16.109411,0.350054,-0.217954,-0.502550,7.500000,15.670931

-4.444410,-0.820160,8.347301,16.103529,-0.380852,-0.311748,-0.540920,7.492000,15.670931

2.187399,4.956627,8.100615,16.127058,0.176587,-0.143610,-0.440464,7.496000,15.670931

3.521425,0.825218,7.556945,16.127058,0.113169,-0.384493,-0.271527,7.484000,15.670931

-0.686625,2.793924,10.854887,16.121176,0.090253,-0.148940,0.049028,7.484000,15.670931

-1.857789,1.043165,7.089916,16.109411,0.419601,-0.002652,0.161475,7.484000,15.670931

-3.402577,1.962852,9.930409,16.121176,-0.355272,-0.403944,0.157744,7.492000,15.670931

-1.098568,8.055782,11.901511,16.118235,0.099313,0.022129,0.302700,7.492000,15.670931

4.618343,-0.063334,5.523573,16.109411,0.296495,-0.227280,0.321352,7.504000,15.670931

-5.867052,5.888289,9.295730,16.121176,-0.223107,-0.021837,0.345601,7.508000,15.670931

-0.095055,1.488638,8.423943,16.121176,0.141148,-0.300024,0.312559,7.508000,15.670931

1.083295,1.644315,11.178215,16.121176,-0.308108,-0.098845,0.430869,7.516000,15.670931

0.702486,6.149347,8.986773,16.127058,0.407077,0.128448,0.369049,7.516000,15.670931

-2.298473,-3.725319,7.197692,16.127058,-0.157557,0.027991,0.327747,7.520000,15.670931

-1.579967,9.370648,11.458432,16.124117,-0.217244,-0.066603,0.279518,7.516000,15.670931

2.604132,2.724468,6.642047,16.121176,0.406544,-0.207029,0.272323,7.508000,15.670931

-0.971632,-0.774655,7.386899,16.112352,-0.432546,-0.141745,0.419411,7.508000,15.670931

-0.964447,1.311407,12.306270,16.112352,0.317013,0.154827,0.495619,7.508000,15.670931

-1.424291,-1.723083,9.441826,16.109411,-0.513018,-0.134817,0.412483,7.508000,15.670931

-1.855394,0.853958,6.349855,16.121176,-0.150629,-0.122027,0.310960,7.492000,15.832293

4.112994,-0.487253,9.417875,16.097647,0.219488,-0.236339,0.458048,7.496000,15.832293

0.051041,-0.453722,12.799644,16.118235,-0.401370,0.248356,0.510807,7.492000,15.832293

2.999310,6.194852,8.737690,16.118235,0.198704,0.230236,0.495352,7.492000,15.832293

0.393529,-1.799723,7.267148,16.115294,0.194973,0.143370,0.432467,7.496000,15.832293

-2.293683,-0.700409,8.953242,16.100588,-0.140770,0.109529,0.509209,7.492000,15.832293

-4.125873,2.058653,8.680209,16.106470,-0.126647,0.255817,0.390899,7.496000,15.832293

-0.442333,-1.519506,11.096785,16.127058,-0.288123,0.064763,0.259267,7.484000,15.832293

0.249828,6.633141,10.203442,16.129999,-0.000877,0.347480,0.308829,7.500000,15.832293

1.940712,-0.106445,7.767707,16.127058,-0.036583,0.063964,0.165738,7.484000,15.832293

0.673746,1.605994,13.137341,16.109411,-0.426684,0.258215,0.042633,7.492000,15.832293

1.179096,3.373519,11.027328,16.129999,0.259723,0.267275,0.078605,7.496000,15.832293

-2.614615,4.856036,9.904064,16.112352,0.174722,0.417560,-0.287514,7.492000,15.832293

-0.772846,3.742352,4.132067,16.118235,-0.026191,0.181474,-0.529462,7.492000,15.832293

0.257013,4.400982,9.619058,16.124117,-0.129845,0.127915,-0.356795,7.488000,15.832293

0.805472,1.253927,10.371094,16.109411,-0.076552,0.094074,-0.314161,7.492000,15.832293

1.571879,6.022410,9.614267,16.118235,0.304489,0.349612,-0.250476,7.496000,15.832293

-5.699400,3.198682,6.103168,16.112352,-0.453863,0.191866,-0.265664,7.504000,15.832293

0.771942,2.750814,7.916198,16.118235,0.535512,0.095140,-0.374381,7.508000,15.832293

-5.943693,-0.417797,15.362314,16.127058,-0.654243,-0.057810,-0.335478,7.492000,15.832293

0.951569,9.794566,8.541298,16.129999,0.567221,0.655244,-0.231024,7.520000,15.832293

-4.966525,-1.574591,4.987089,16.118235,-0.369927,-0.308284,-0.490026,7.512000,15.832293

-3.201395,5.406890,8.950847,16.115294,0.018042,0.184938,-0.366920,7.508000,15.832293

1.981427,-4.518070,13.515754,16.106470,-0.129312,-0.494275,-0.231024,7.512000,15.832293

-1.726063,7.943216,10.416599,16.100588,0.263987,0.293654,-0.156148,7.512000,15.832293

-2.909203,-3.931291,10.677656,16.124117,0.132887,-0.499871,-0.527064,7.504000,15.832293

-4.576137,4.094420,8.819120,16.115294,-0.033119,0.015734,-0.354929,7.504000,15.832293

1.145565,-1.531481,9.693303,16.121176,-0.040047,-0.450042,-0.332547,7.504000,15.832293

-0.080685,8.927569,12.157778,16.132940,0.061475,0.023461,-0.147355,7.500000,15.832293

1.021024,-4.767152,12.859519,16.118235,0.155537,-0.381561,-0.132966,7.508000,15.832293

-1.860184,4.839271,8.186835,16.124117,0.031365,-0.211558,-0.092730,7.504000,15.832293

-1.843419,-0.848901,6.603727,16.124117,0.248532,-0.324006,-0.057824,7.508000,15.832293

-1.824259,0.959339,9.803473,16.109411,-0.146099,-0.289632,0.285646,7.504000,15.832293

1.121615,2.712493,8.088639,16.100588,0.024704,-0.278441,0.456715,7.488000,15.832293

-0.803981,3.864498,9.566367,16.094706,-0.086678,-0.154003,0.540651,7.496000,15.405927

1.085690,-1.948215,11.958991,16.109411,0.109172,-0.259788,0.532657,7.500000,15.405927

-1.335675,9.770617,8.538903,16.112352,0.402814,0.164687,0.427937,7.508000,15.405927

-3.105594,-2.273937,7.362948,16.109411,-0.302246,-0.203831,0.318155,7.500000,15.405927

0.424664,7.689344,10.974638,16.109411,0.022572,-0.043687,0.361588,7.504000,15.405927

0.992284,2.456226,8.009604,16.121176,-0.015266,-0.072998,0.236884,7.496000,15.405927

1.715580,4.772211,10.359118,16.115294,0.145944,0.094074,0.110048,7.504000,15.405927

-0.490233,0.348609,11.381792,16.135881,-0.055768,0.128714,-0.080739,7.508000,15.405927

0.870138,6.954073,6.184599,16.121176,-0.178607,0.010405,-0.197716,7.520000,15.405927

3.399279,2.963970,7.741362,16.106470,0.198437,-0.060474,-0.214770,7.520000,15.405927

0.618661,0.065997,9.827424,16.109411,-0.598019,0.257682,-0.043435,7.512000,15.405927

3.298688,3.371124,7.595265,16.118235,0.378299,0.333890,-0.001600,7.512000,15.405927

0.455800,4.218961,10.483660,16.127058,-0.270537,0.100203,-0.074078,7.508000,15.405927

4.165685,1.062325,8.239526,16.115294,-0.051238,0.170282,0.057022,7.508000,15.405927

1.021024,3.035821,8.759245,16.115294,0.303423,0.237431,-0.027181,7.500000,15.405927

-2.585875,-2.420033,10.155541,16.106470,-0.263076,0.094607,-0.010660,7.496000,15.405927

1.238971,9.341908,8.057505,16.100588,0.310884,0.070892,-0.070081,7.508000,15.405927

-1.158444,-2.717016,7.255173,16.118235,-0.072289,0.049575,0.007193,7.512000,15.405927

-2.719996,7.162440,12.138618,16.103529,-0.252950,0.324031,-0.026914,7.504000,15.405927

3.789667,-0.446537,6.210944,16.124117,0.487549,-0.039424,-0.034109,7.504000,15.405927

-2.176327,0.243228,12.229629,16.112352,-0.283327,0.235033,0.058087,7.508000,15.405927

2.206559,-0.506413,6.598937,16.109411,0.073999,0.163621,0.038902,7.500000,15.405927

-1.659003,8.853324,9.108918,16.106470,0.057478,0.532671,-0.138029,7.496000,15.405927

3.109481,-0.829740,9.853769,16.118235,-0.045376,-0.084722,-0.335744,7.504000,15.405927

-0.995582,8.247384,7.183322,16.106470,0.124361,0.380521,-0.287781,7.488000,15.405927

-0.995582,-6.788549,10.421389,16.118235,-0.176476,-0.171589,-0.497753,7.500000,15.405927

-5.277877,2.008358,11.918276,16.112352,-0.325695,0.178276,-0.632850,7.484000,15.405927

0.403109,1.376073,8.934082,16.127058,-0.075486,0.025327,-0.621392,7.488000,15.405927

0.134867,7.265426,11.645244,16.135881,0.463034,0.175345,-0.766081,7.492000,15.405927

-4.049232,-0.228591,9.401111,16.112352,-0.227103,-0.257390,-0.807383,7.484000,15.405927

-2.751132,7.275006,6.016947,16.109411,0.623178,0.082083,-0.620859,7.508000,15.405927

-5.081486,-0.616584,8.009604,16.109411,-0.516482,-0.347721,-0.436200,7.492000,15.405927

0.874928,5.603282,8.313771,16.106470,0.267451,0.021596,-0.026648,7.500000,15.405927

-4.897069,0.298314,8.100615,16.121176,-0.232433,-0.191307,0.002397,7.500000,15.643618

-3.745065,-1.268029,14.253420,16.100588,-0.225505,-0.053280,0.294173,7.504000,15.643618

2.664008,6.355319,9.051437,16.109411,-0.036849,-0.281905,0.361855,7.504000,15.643618

-1.175209,5.143438,9.844189,16.112352,0.165662,-0.131087,0.493754,7.504000,15.643618

-2.490075,2.971155,9.650192,16.103529,0.157135,-0.311215,0.731438,7.508000,15.643618

-4.236044,-4.120497,6.258844,16.112352,-0.008604,-0.316278,0.726109,7.492000,15.643618

-6.434672,4.772211,8.450288,16.106470,0.008982,0.019465,0.723977,7.492000,15.643618

0.829423,-0.765075,6.210944,16.109411,-0.175143,-0.719169,0.528127,7.500000,15.643618

-0.126190,-1.035712,12.167358,16.112352,-0.244424,-0.228612,0.566764,7.488000,15.643618

-0.461493,-0.475278,10.500424,16.115294,0.040691,0.137774,0.544382,7.508000,15.643618

-0.154930,5.011713,11.623689,16.121176,-0.200724,0.075422,0.345601,7.508000,15.643618

1.562299,7.222315,11.032119,16.121176,0.442783,-0.038624,0.144954,7.512000,15.643618

2.067648,1.613179,8.761641,16.118235,0.042024,-0.163329,0.066881,7.512000,15.643618

2.889139,1.685030,8.699369,16.097647,0.441717,-0.182248,-0.120176,7.504000,15.643618

-0.406408,-2.187716,10.989009,16.106470,-0.283594,-0.094048,-0.119110,7.496000,15.643618

3.593275,8.118052,6.654023,16.115294,0.394820,-0.041555,-0.154283,7.496000,15.643618

-0.054340,-2.077546,11.475198,16.129999,-0.481842,-0.236339,-0.157747,7.488000,15.643618

1.749110,1.843101,8.704160,16.115294,0.217622,-0.108970,-0.009328,7.480000,15.643618

-0.514183,1.033585,11.915881,16.103529,-0.355538,0.029857,0.001065,7.480000,15.643618

-2.521210,5.730218,9.456196,16.112352,0.197638,0.090876,0.063150,7.484000,15.643618

1.088085,4.642879,8.265871,16.112352,-0.087477,-0.086321,-0.016788,7.492000,15.643618

0.812657,1.162916,9.798684,16.115294,0.054014,-0.162796,0.076207,7.484000,15.643618

2.089203,3.589071,11.020144,16.135881,-0.181272,-0.044220,0.080470,7.492000,15.643618

-0.413593,2.187984,4.486530,16.109411,0.254128,0.149498,0.114045,7.488000,15.643618

-3.048114,-2.820002,10.184282,16.121176,-1.084047,-0.040223,-0.016522,7.488000,15.643618

2.247274,5.155414,8.337722,16.127058,0.306887,0.196662,-0.116179,7.496000,15.643618

0.257013,-0.391452,6.287585,16.115294,-0.226038,0.206255,-0.143358,7.500000,15.643618

0.793497,6.513390,14.380356,16.118235,0.042557,0.160956,-0.042102,7.512000,15.643618

1.741925,-1.907499,6.189389,16.115294,-0.117854,-0.018906,-0.059156,7.508000,15.643618

-0.964447,5.078773,15.070122,16.106470,0.049218,0.273137,-0.120709,7.512000,15.643618

-2.229017,4.451278,10.418994,16.124117,0.048685,0.191599,-0.188923,7.508000,15.643618

1.047369,3.965089,7.166557,16.106470,0.657286,-0.273644,-0.230491,7.508000,15.643618

-1.148864,-3.265475,7.461144,16.129999,-0.270004,-0.237139,-0.065818,7.496000,15.643618

0.525255,5.998460,12.952925,16.106470,0.322609,0.014668,-0.070347,7.500000,15.352596

2.309545,-4.082177,7.109076,16.103529,0.142480,-0.090584,0.028244,7.504000,15.352596

-4.616852,5.344620,4.508085,16.118235,0.183782,0.191066,-0.009860,7.500000,15.352596

-1.292565,-0.923146,11.848821,16.112352,-0.331823,-0.024235,-0.022118,7.500000,15.352596

0.376764,1.246742,9.791499,16.115294,0.185647,0.102867,-0.035441,7.500000,15.352596

-2.173932,0.054022,10.584250,16.115294,-0.106929,0.129514,-0.195318,7.504000,15.352596

-0.083080,1.548514,9.056228,16.118235,0.085457,-0.134018,-0.120975,7.484000,15.352596

-0.911757,2.928045,8.919712,16.106470,0.048685,0.064497,-0.150553,7.492000,15.352596

-1.211134,-0.075309,6.948610,16.115294,0.005252,0.045578,-0.037306,7.492000,15.352596

-2.018256,1.900582,7.413244,16.129999,0.080128,0.111927,0.235285,7.488000,15.352596

-1.924850,-3.112194,7.758127,16.132940,-0.000877,-0.242735,0.184657,7.480000,15.352596

-2.561925,2.252650,7.796447,16.118235,0.023105,-0.058342,0.446057,7.492000,15.352596

-2.736762,1.115016,11.271621,16.109411,-0.183670,-0.270180,0.584351,7.480000,15.352596

-3.141520,5.358990,13.642690,16.121176,0.104642,0.014135,0.597408,7.476000,15.352596

1.581459,0.935389,3.375241,16.115294,0.396685,-0.202232,0.414614,7.488000,15.352596

-3.316356,8.288099,9.975915,16.106470,-0.099201,-0.253659,0.484161,7.484000,15.352596

1.353932,-0.827345,7.832372,16.112352,-0.290522,-0.149206,0.742630,7.500000,15.352596

-2.327213,6.805582,11.254856,16.121176,0.027368,0.324564,0.903040,7.508000,15.352596

0.702486,3.241793,9.362790,16.112352,-0.127979,-0.186511,0.953401,7.512000,15.352596

-1.512907,10.874721,12.763718,16.112352,0.061742,0.170815,0.796988,7.512000,15.352596

4.220770,3.284903,9.274175,16.109411,0.259457,-0.282437,0.630715,7.508000,15.352596

4.268671,-3.138539,11.149475,16.115294,-0.018730,-0.187310,0.673349,7.524000,15.352596

-4.415670,8.518021,5.923542,16.121176,0.112103,0.592092,0.633913,7.520000,15.352596

0.973124,2.609508,7.377318,16.112352,0.040158,-0.026633,0.710388,7.528000,15.352596

-3.828890,-1.720688,13.527729,16.100588,-0.512485,0.084748,0.787662,7.520000,15.352596

-0.315397,7.859390,11.901511,16.118235,0.708713,0.524944,0.456182,7.540000,15.352596

-4.245624,-2.422428,5.231381,16.132940,0.135552,-0.322673,0.227025,7.532000,15.352596

-2.813402,3.157967,8.189230,16.118235,-0.108261,0.174812,0.223561,7.536000,15.352596

0.065411,6.894198,10.167517,16.112352,-0.541529,0.158824,0.027444,7.532000,15.352596

5.988295,-4.132473,10.957873,16.118235,0.379099,-0.403411,0.141224,7.528000,15.352596

1.044974,0.147428,10.785432,16.129999,0.196305,0.182007,0.255003,7.528000,15.352596

3.090321,0.339029,6.869575,16.100588,0.486217,0.018132,0.423408,7.520000,15.352596

0.982704,0.758158,7.626400,16.121176,-0.416825,0.069293,0.622721,7.508000,15.352596

2.070043,4.810531,12.145802,16.124117,0.227215,0.387183,0.702394,7.500000,16.052771

2.769388,0.880304,11.082415,16.115294,0.184048,0.105532,0.476967,7.504000,16.052771

1.222206,7.615099,7.952123,16.118235,-0.055235,0.203324,0.301901,7.504000,16.052771

0.115707,3.050191,8.378437,16.118235,0.021240,0.300316,0.242213,7.496000,16.052771

1.064134,-0.683644,13.278647,16.118235,-0.125315,0.138573,0.038369,7.500000,16.052771

-1.951195,5.991275,6.507926,16.127058,-0.056834,0.538800,-0.106586,7.512000,16.052771

3.775297,4.796161,8.364067,16.121176,0.047086,0.443406,-0.446060,7.520000,16.052771

-0.116610,-2.645165,10.217813,16.118235,-0.063762,0.364533,-0.983248,7.524000,16.052771

1.540743,7.926451,7.592870,16.115294,0.011380,0.511088,-1.289147,7.528000,16.052771

1.183886,1.898187,6.316325,16.121176,-0.152494,0.383719,-1.462348,7.516000,16.052771

-0.459098,-2.970888,14.799484,16.115294,-0.255348,0.420757,-1.548948,7.524000,16.052771

4.512963,10.038858,12.663127,16.109411,0.340728,0.318968,-1.721882,7.528000,16.052771

2.788548,0.377349,2.695055,16.106470,0.240272,-0.022370,-1.707226,7.532000,16.052771

-0.959657,-0.415402,14.277370,16.109411,-0.529005,0.135376,-1.497787,7.524000,16.052771

2.690353,7.504928,15.237773,16.121176,0.636768,0.230769,-1.533493,7.528000,16.052771

4.745279,-0.326786,4.884103,16.112352,0.077730,-0.018640,-1.435701,7.524000,16.052771

-1.697323,0.403695,12.785274,16.112352,-0.136773,0.212916,-1.294210,7.520000,16.052771

-4.298315,1.895792,8.718530,16.112352,0.586939,0.460194,-1.220666,7.536000,16.052771

-4.032467,-1.526691,7.449169,16.106470,-0.319566,-0.382894,-1.134066,7.512000,16.052771

0.549205,3.148387,11.422507,16.112352,0.339929,0.110861,-0.781269,7.524000,16.052771

-0.090265,3.251373,2.364543,16.118235,0.071867,0.133510,-0.520935,7.516000,16.052771

-1.271010,-3.514557,14.248631,16.112352,-0.395508,-0.129222,-0.342939,7.520000,16.052771

-5.400023,4.800951,12.631992,16.118235,0.427861,0.183339,-0.404225,7.520000,16.052771

-5.194052,-1.212944,10.004656,16.115294,0.125693,-0.434588,-0.413551,7.516000,16.052771

-2.825377,2.029913,11.357841,16.124117,0.493678,-0.044486,-0.296574,7.524000,16.052771

-2.861303,-1.632072,6.891129,16.127058,-0.121318,-0.364774,-0.293377,7.524000,16.052771

-4.317474,6.326578,3.277045,16.115294,0.306621,-0.073531,-0.167073,7.508000,16.052771

-3.539093,-6.311940,11.331496,16.124117,-0.252417,-0.391687,-0.195318,7.520000,16.052771

-5.505404,7.224710,14.021103,16.115294,0.610655,0.336288,-0.151086,7.520000,16.052771

-4.312685,-0.539943,6.591752,16.118235,-0.093339,-0.940333,-0.230758,7.528000,16.052771

-0.459098,7.624679,7.252778,16.124117,0.372704,0.097005,0.196115,7.524000,16.052771

2.000587,-0.350737,12.061977,16.118235,-0.614806,-0.465231,0.305631,7.516000,16.648031

-1.685348,7.715690,12.955319,16.118235,0.540042,0.105532,0.386103,7.524000,16.648031

-4.906649,5.562567,5.992997,16.094706,0.219488,-0.014110,0.243812,7.512000,16.648031

-5.148546,-0.777050,11.717094,16.115294,-0.193796,-0.559825,0.139891,7.512000,16.648031

0.774337,2.391561,6.812094,16.124117,0.115301,-0.315212,0.232087,7.508000,16.648031

-3.426527,-7.648361,15.060542,16.118235,-0.060031,-0.188110,0.350130,7.516000,16.648031

-5.809572,0.808453,7.985653,16.115294,-0.312904,-0.287500,0.300835,7.516000,16.648031

1.634149,5.620048,7.358159,16.118235,0.111037,-0.481751,0.132697,7.520000,16.648031

-1.048273,0.401300,6.256449,16.115294,0.338330,-0.302422,0.143622,7.520000,16.648031

-2.252968,-0.616584,12.387700,16.118235,-0.530071,-0.342658,0.111913,7.516000,16.648031

0.477355,5.208104,11.978151,16.115294,0.173923,-0.204630,0.143888,7.516000,16.648031

-0.056735,2.609508,6.625282,16.129999,0.302357,-0.165727,0.143089,7.520000,16.648031

-1.553622,-5.761086,11.424902,16.121176,-0.245489,-0.509996,0.094326,7.504000,16.648031

2.522702,8.709622,8.708950,16.109411,0.367108,-0.201699,0.220363,7.500000,16.648031

1.193465,-3.140934,9.255014,16.115294,0.058544,-0.290431,0.369582,7.504000,16.648031

0.314493,7.641444,9.288545,16.118235,0.080661,-0.050082,0.567297,7.504000,16.648031

-3.416947,0.367769,11.125525,16.106470,0.128890,-0.158266,0.528127,7.508000,16.648031

-0.178881,11.775248,8.431128,16.121176,0.146477,-0.099111,0.442859,7.504000,16.648031

0.108522,-3.904946,7.219247,16.109411,-0.163419,-0.338928,0.262731,7.508000,16.648031

0.362394,7.258241,12.311059,16.115294,-0.245223,0.002144,0.336008,7.508000,16.648031

1.021024,3.404654,8.771220,16.118235,0.302890,0.089278,0.277386,7.524000,16.648031

-3.352282,3.447764,12.179333,16.121176,-0.305177,0.026126,0.072210,7.524000,16.648031

0.403109,9.638890,7.470724,16.106470,0.079861,-0.026900,0.007193,7.528000,16.648031

0.101337,-6.570602,12.679893,16.103529,-0.566843,-0.045286,0.030908,7.516000,16.648031

0.125287,9.509559,12.435600,16.115294,0.109172,0.277134,-0.189456,7.520000,16.648031

1.612594,-2.906222,6.675578,16.118235,0.112103,-0.215555,-0.340807,7.520000,16.648031

1.032999,2.535262,6.567802,16.124117,-0.120518,-0.185179,-0.260069,7.524000,16.648031

-1.618287,-0.525573,8.469448,16.109411,0.293564,-0.045819,0.039435,7.520000,16.648031

-1.520092,-3.464262,10.050160,16.103529,-0.371260,-0.087920,0.208372,7.520000,16.648031

1.780245,6.079891,10.694421,16.124117,0.273047,0.010938,0.280317,7.520000,16.648031

-0.887806,-2.978073,9.839399,16.109411,-0.151695,-0.048483,0.357591,7.516000,16.648031

-1.898505,6.587635,12.200889,16.106470,-0.223906,0.195330,0.599006,7.520000,16.648031

0.027091,-0.587843,7.978468,16.115294,0.333267,-0.034361,0.592078,7.520000,16.384201

-2.554740,-1.069242,13.597185,16.129999,-0.209783,-0.107638,0.569429,7.516000,16.384201

0.750387,1.716165,12.124248,16.124117,0.037760,0.148965,0.648835,7.528000,16.384201

-1.400341,6.384058,10.402228,16.109411,0.220021,0.193465,0.573692,7.516000,16.384201

3.169357,6.060731,7.647956,16.138823,0.410541,0.189201,0.685873,7.528000,16.384201

-3.155890,0.796478,9.710068,16.118235,-0.274001,0.032255,0.640308,7.512000,16.384201

1.092875,1.953272,10.718371,16.109411,0.463301,0.254218,0.844685,7.520000,16.384201

-3.972592,3.086117,4.694897,16.106470,-0.228702,0.215314,0.948605,7.528000,16.384201

2.453246,2.245465,12.734978,16.091763,-0.040047,0.356806,0.661892,7.532000,16.384201

-0.372877,5.718243,10.562695,16.112352,0.160333,0.356806,0.345068,7.524000,16.384201

4.213585,5.409286,8.404782,16.115294,0.191776,0.114325,0.222761,7.536000,16.384201

1.392252,0.643197,7.166557,16.112352,0.109705,0.277667,-0.114047,7.528000,16.384201

-5.419183,6.297838,7.214457,16.097647,-0.183670,0.535069,-0.513741,7.536000,16.384201

0.110917,4.369847,8.194020,16.115294,-0.291854,0.196662,-0.671487,7.528000,16.384201

3.190912,0.430040,12.560142,16.103529,0.282373,0.069826,-0.708525,7.528000,16.384201

-1.373995,1.524564,7.640771,16.115294,-0.348344,0.026126,-0.663226,7.528000,16.384201

-2.157167,2.453831,12.770903,16.109411,0.234942,0.085814,-0.910237,7.524000,16.384201

-0.430358,-3.219970,8.840676,16.118235,-0.237495,-0.117497,-0.549181,7.532000,16.384201

-2.442174,4.626114,12.291899,16.112352,0.068670,0.418892,-0.353597,7.520000,16.384201

-2.605036,-3.648679,7.612031,16.112352,-0.185269,-0.042355,-0.474038,7.520000,16.384201

-2.954708,2.391561,9.358000,16.115294,-0.308108,-0.112701,-0.431404,7.516000,16.384201

0.065411,2.971155,9.362790,16.121176,-0.043244,-0.072998,-0.267530,7.512000,16.384201

0.283358,-0.458512,10.399834,16.115294,0.081194,-0.105773,-0.273392,7.516000,16.384201

-5.665870,-3.049924,16.437677,16.103529,-0.238028,0.132711,-0.348801,7.520000,16.384201

-3.000214,2.334080,7.394083,16.109411,0.300759,-0.163595,-0.387971,7.524000,16.384201

-1.584757,-2.463144,5.128395,16.103529,-0.082947,-0.117497,-0.290179,7.524000,16.384201

1.188675,8.122843,9.439431,16.100588,-0.152494,-0.033295,-0.126837,7.536000,16.384201

2.841239,-1.253659,6.153463,16.094706,0.088388,-0.048217,0.106317,7.524000,16.384201

-2.334398,8.108473,6.812094,16.091763,-0.058433,0.105265,0.148685,7.516000,16.384201

0.161212,-6.486776,14.143250,16.100588,0.139016,-0.282970,-0.060488,7.528000,16.384201

-0.461493,8.340790,8.071875,16.109411,0.887243,0.133510,0.115910,7.528000,16.763393

1.016234,-4.630636,5.243356,16.112352,-0.898589,-0.299491,-0.019453,7.524000,16.763393

-2.104476,8.927569,4.692502,16.103529,0.787852,0.761030,0.132164,7.532000,16.763393

-2.530790,-1.021342,11.556628,16.109411,-0.593756,-0.375966,-0.155615,7.520000,16.763393

-0.344137,5.040452,12.263159,16.091763,-0.126381,-0.240070,-0.166540,7.520000,16.763393

4.251905,4.329132,8.301796,16.100588,-0.090941,-0.141745,-0.245946,7.524000,16.763393

2.465221,1.081485,9.053833,16.097647,-0.061364,-0.021837,-0.092197,7.528000,16.763393

-2.068551,-1.263239,10.998589,16.097647,-0.001410,0.033321,-0.093796,7.524000,16.763393

0.831818,1.134176,7.432404,16.103529,-0.191664,-0.063405,-0.053027,7.524000,16.763393

3.964503,4.858431,14.040263,16.106470,-0.640387,0.201725,-0.038105,7.520000,16.763393

2.232904,2.635853,9.353210,16.115294,0.393488,0.031455,-0.179064,7.520000,16.763393

0.063016,2.817874,10.133986,16.103529,-0.325428,-0.167859,-0.349600,7.512000,16.763393

-0.255521,-0.712384,6.809699,16.106470,0.047886,-0.122560,-0.275790,7.508000,16.763393

1.377882,3.742352,12.038027,16.103529,-0.498629,0.005076,-0.338409,7.516000,16.763393

3.243602,6.898988,5.878036,16.118235,0.813699,0.159091,-0.181729,7.524000,16.763393

-1.251849,1.208421,4.845783,16.100588,-0.620402,-0.035960,-0.184393,7.524000,16.763393

-0.406408,0.784503,8.349697,16.097647,0.289834,0.297118,0.068480,7.524000,16.763393

-2.343978,-4.403110,11.877561,16.091763,-0.843431,0.070359,-0.004531,7.508000,16.763393

0.601896,3.632181,8.431128,16.112352,0.478489,0.428751,-0.100724,7.508000,16.763393

-4.956944,-0.420192,11.451247,16.088821,-0.571639,-0.063405,-0.223830,7.512000,16.763393

-0.284262,5.107513,9.741203,16.106470,0.338330,0.254218,-0.149753,7.520000,16.763393

-0.607589,3.809412,8.213181,16.109411,-0.244690,-0.333065,-0.041569,7.504000,16.763393

1.253341,2.676568,9.796288,16.094706,-0.019796,0.000279,0.247009,7.516000,16.763393

-1.112938,0.846773,9.425060,16.094706,0.123295,-0.097779,0.282715,7.516000,16.763393

-3.838470,5.660763,10.749507,16.085880,0.130756,-0.054079,0.275254,7.508000,16.763393

0.743202,-1.095588,10.272898,16.088821,0.153405,-0.237139,0.388767,7.520000,16.763393

-4.348610,4.817716,6.761798,16.085880,-0.104531,0.078086,0.420743,7.520000,16.763393

-0.614774,3.107671,7.521020,16.091763,0.028434,-0.250995,0.124703,7.520000,16.763393

-0.974027,-2.123051,10.622570,16.082939,-0.172212,-0.362376,0.308562,7.512000,16.763393

-1.757199,1.064720,12.260764,16.082939,-0.186335,0.115658,0.545447,7.516000,16.763393

-2.023046,3.526800,9.820239,16.100588,-0.287590,-0.080192,0.436198,7.516000,16.763393

0.865348,4.307577,9.753179,16.085880,0.457972,-0.012244,0.555040,7.528000,16.328829

-3.309171,0.667147,12.560142,16.071175,-0.417358,-0.269914,0.620323,7.520000,16.328829

0.965939,3.541170,6.711503,16.082939,0.381230,-0.001586,0.716250,7.520000,16.328829

-1.893715,2.159244,9.425060,16.103529,0.293831,-0.130287,0.852412,7.520000,16.328829

-2.775082,0.370164,5.334367,16.071175,0.219488,-0.024502,0.893447,7.532000,16.328829

-1.412316,0.425250,8.203601,16.068233,-0.585762,-0.114033,0.811110,7.520000,16.328829

-1.967960,1.510194,14.001943,16.091763,0.119298,0.215048,0.903573,7.524000,16.328829

1.358722,1.577254,10.979428,16.079998,0.172057,0.019997,0.691202,7.528000,16.328829

-0.746500,3.874078,8.347301,16.079998,0.469696,-0.062872,0.449254,7.540000,16.328829

-0.820746,3.986644,7.928173,16.085880,-0.026191,-0.089519,0.233153,7.536000,16.328829

2.189794,3.040611,11.729070,16.074116,0.243203,0.067428,0.156945,7.536000,16.328829

0.484540,0.413275,9.760364,16.082939,-0.033385,-0.172122,-0.247012,7.532000,16.328829

2.637662,0.370164,11.853611,16.088821,0.280508,0.203590,-0.294176,7.532000,16.328829

3.030446,6.851088,8.378437,16.082939,0.306887,0.164687,-0.332014,7.540000,16.328829

-2.020651,-6.501146,5.480463,16.079998,0.190443,0.005076,-0.426608,7.520000,16.328829

-2.169142,10.472357,9.556787,16.074116,-0.264941,0.369330,-0.600874,7.520000,16.328829

6.050565,-6.671193,6.862390,16.088821,-0.109594,-0.296027,-0.429272,7.532000,16.328829

-4.545002,8.563526,11.779365,16.071175,-0.228169,0.590760,-0.160412,7.524000,16.328829

0.645006,0.183353,8.371252,16.074116,0.187512,0.168684,-0.282985,7.528000,16.328829

-2.104476,2.051468,9.949570,16.068233,-0.273734,0.009073,-0.439931,7.528000,16.328829

0.970729,2.623878,10.102851,16.079998,-0.173811,0.152429,-0.424476,7.516000,16.328829

0.379159,4.386612,7.717412,16.094706,0.164063,0.275002,-0.604871,7.524000,16.328829

-1.644633,-3.794775,8.981982,16.091763,-0.274001,0.156693,-0.835894,7.528000,16.328829

4.551283,1.383258,9.360395,16.079998,0.086789,0.025060,-0.671487,7.524000,16.328829

-1.259035,1.407208,6.095983,16.077057,-0.214580,0.233700,-0.786066,7.524000,16.328829

3.856727,3.919583,12.701447,16.088821,0.117433,-0.025301,-0.554776,7.532000,16.328829

0.771942,2.652618,9.803473,16.074116,0.026569,-0.100177,-0.293110,7.528000,16.328829

1.119220,3.718402,9.111313,16.071175,0.039625,0.001878,-0.042635,7.536000,16.328829

-0.827931,1.325777,5.341552,16.088821,0.103044,0.015468,0.106584,7.528000,16.328829

-0.861461,1.263507,12.246394,16.085880,-0.215912,-0.213690,0.255270,7.520000,16.328829

-2.061366,1.517379,9.029882,16.097647,0.317279,0.085814,0.371447,7.528000,16.328829

-0.964447,2.597533,7.370133,16.079998,0.088921,-0.054346,0.307230,7.524000,16.874909

-1.019533,-1.593752,12.054792,16.088821,-0.333688,-0.170523,0.307230,7.524000,16.874909

-2.542765,4.424932,10.979428,16.074116,0.222152,0.164687,0.239548,7.524000,16.874909

1.399437,-2.017670,8.859837,16.079998,-0.232699,-0.096980,0.158544,7.512000,16.874909

-2.085316,6.276283,6.967770,16.079998,0.061475,0.472984,0.100455,7.512000,16.874909

-1.819469,-1.275214,8.325747,16.091763,-0.207652,-0.070866,-0.018654,7.512000,16.874909

-2.602640,0.374954,11.566208,16.079998,-0.226304,0.050641,0.222761,7.508000,16.874909

3.401674,5.095538,6.553432,16.074116,0.215491,-0.007715,0.539585,7.516000,16.874909

-1.278195,0.647987,8.974797,16.065292,-0.514883,0.077820,0.384238,7.508000,16.874909

-2.322423,3.814203,12.660732,16.071175,-0.140770,0.286193,0.238483,7.524000,16.874909

-1.421896,3.811807,7.056386,16.074116,0.100379,0.086880,0.103120,7.516000,16.874909

-2.854117,3.316038,8.081454,16.071175,0.149142,-0.005583,-0.044501,7.520000,16.874909

0.359999,-6.137104,8.831096,16.085880,-0.527673,-0.423663,-0.100991,7.516000,16.874909

-3.404972,9.123960,11.130315,16.065292,0.222419,0.565713,-0.017854,7.520000,16.874909

1.813776,-1.768588,7.161767,16.071175,-0.227903,-0.774061,-0.385839,7.516000,16.874909

-1.072223,6.374478,15.544335,16.071175,0.031898,0.077553,-0.223030,7.520000,16.874909

1.959872,-0.422587,7.240802,16.091763,0.274112,-0.042088,-0.293377,7.524000,16.874909

-2.533185,1.462293,10.739926,16.079998,0.137151,-0.016774,-0.157214,7.536000,16.874909

-3.965406,1.376073,7.588080,16.071175,-0.288390,-0.080192,-0.050096,7.528000,16.874909

-0.593219,3.656131,9.271779,16.071175,0.256526,0.046644,-0.059689,7.524000,16.874909

-0.320187,-2.918198,11.939831,16.068233,-0.278797,-0.239803,0.040767,7.524000,16.874909

-3.182235,4.693175,8.680209,16.071175,0.136884,0.249155,0.115110,7.532000,16.874909

-3.364257,2.458621,2.879472,16.074116,0.302357,-0.105773,0.037836,7.536000,16.874909

-3.359467,-2.099101,13.396003,16.065292,-0.367529,-0.258456,-0.007462,7.528000,16.874909

0.316888,0.468360,12.011682,16.047646,0.295696,-0.021038,0.226492,7.524000,16.874909

1.009049,1.749696,8.244316,16.068233,-0.081348,0.006141,0.235019,7.532000,16.874909

2.436481,1.706585,6.927055,16.068233,0.453442,-0.019173,0.095392,7.532000,16.874909

-1.788334,-2.685881,10.912368,16.062351,-0.496763,-0.179050,0.212103,7.516000,16.874909

-0.736920,7.543248,11.127919,16.071175,0.241071,0.458328,0.359457,7.524000,16.874909

-7.730377,-5.428178,7.202482,16.071175,0.023371,-0.137482,0.078605,7.524000,16.874909

7.739054,9.411364,7.470724,16.059410,0.023105,0.341884,-0.135631,7.512000,16.874909

-1.287775,0.077972,10.222602,16.062351,0.575482,0.171348,-0.377312,7.524000,16.874909

2.343075,1.591624,4.702082,16.077057,-0.066693,-0.192373,-0.694136,7.524000,16.406948

3.272343,2.556817,8.009604,16.079998,-0.002209,-0.031696,-0.874531,7.528000,16.406948

1.698815,2.674173,8.191626,16.071175,-0.006206,0.068227,-0.829765,7.508000,16.406948

0.654586,1.754486,8.843071,16.079998,0.243469,-0.018107,-0.850550,7.516000,16.406948

-1.086593,-3.564853,12.430810,16.074116,-0.033652,-0.112967,-0.945943,7.512000,16.406948

-4.128268,6.649906,6.898314,16.065292,0.288235,0.059434,-0.868136,7.512000,16.406948

2.886744,1.665870,8.366462,16.056469,-0.091474,-0.128422,-0.624056,7.520000,16.406948

-2.298473,6.582845,11.202166,16.059410,-0.115456,-0.012511,-0.443928,7.520000,16.406948

2.697538,-3.263080,11.561419,16.056469,0.392422,-0.155335,-0.455652,7.520000,16.406948

-4.451596,4.319552,11.343472,16.074116,-0.092007,-0.210493,-0.375980,7.532000,16.406948

-1.333280,4.365057,8.663445,16.077057,0.019907,0.056769,0.023447,7.516000,16.406948

-1.797914,1.764066,9.932805,16.071175,0.164063,0.020264,0.171068,7.516000,16.406948

-1.448241,-2.158976,8.529324,16.079998,0.122762,-0.224349,0.366385,7.524000,16.406948

-1.771569,1.852681,10.931528,16.050587,-0.140503,-0.178784,0.524663,7.516000,16.406948

-1.575177,4.149505,5.549919,16.074116,0.190710,0.084748,0.547579,7.520000,16.406948

-3.301986,3.311248,10.632151,16.068233,-0.250552,-0.117497,0.325083,7.512000,16.406948

-0.495023,-0.036989,11.355447,16.079998,0.215491,-0.082857,0.430869,7.500000,16.406948

-2.466124,-0.504018,9.142448,16.053528,0.021240,-0.032496,0.579288,7.500000,16.406948

-1.316515,3.476505,6.737848,16.068233,-0.105330,-0.178251,0.579821,7.500000,16.406948

-0.284262,4.932677,7.410849,16.071175,-0.271603,-0.160398,0.519334,7.496000,16.406948

-0.732130,5.646392,12.643967,16.065292,0.251197,0.115658,0.546780,7.512000,16.406948

-3.498378,-2.501464,6.934240,16.071175,0.294364,-0.206496,0.574492,7.516000,16.406948

-4.109108,2.657408,11.278806,16.062351,-0.689682,-0.075396,0.317622,7.512000,16.406948

0.850978,7.821071,5.073310,16.085880,0.599730,-0.046085,0.074875,7.520000,16.406948

-0.490233,-6.572997,9.298124,16.065292,-0.440806,-0.726364,0.090329,7.512000,16.406948

-2.621801,8.755128,12.536191,16.059410,-0.133309,0.549192,0.462311,7.508000,16.406948

0.386344,0.384534,4.311694,16.065292,0.452109,-0.300557,0.160409,7.524000,16.406948

-4.334239,-1.227314,8.067084,16.068233,-0.449600,-0.399148,0.294173,7.516000,16.406948

0.781522,1.931717,13.748071,16.068233,-0.351275,-0.020238,0.539319,7.516000,16.406948

2.110758,1.318592,10.119617,16.068233,0.347656,-0.007448,0.578222,7.524000,16.406948

-3.484008,-0.211825,7.518625,16.068233,0.118498,-0.069534,0.486826,7.512000,16.406948

-3.297196,3.938743,9.183164,16.059410,-0.137039,-0.121761,0.459114,7.516000,16.406948

-1.838629,-1.890734,10.857283,16.059410,-0.007005,-0.213424,0.520666,7.508000,15.962791

1.437757,9.396993,9.087363,16.059410,0.369506,0.002944,0.621123,7.524000,15.962791

-3.745065,-6.577787,9.384345,16.068233,0.128890,-0.175053,0.486293,7.524000,15.962791

-0.621959,11.296244,9.714858,16.065292,0.016976,0.063431,0.450320,7.536000,15.962791

0.862953,-4.065412,2.048400,16.077057,0.385227,-0.292297,0.420743,7.536000,15.962791

0.348024,4.020175,10.969849,16.059410,-0.407232,0.024527,0.541450,7.528000,15.962791

3.059186,-0.899196,7.717412,16.065292,0.162998,0.077553,0.517735,7.536000,15.962791

2.225719,-0.125605,6.275609,16.062351,-0.126914,0.207854,0.355993,7.528000,15.962791

0.819842,2.944810,9.525652,16.068233,-0.192996,0.080751,0.043432,7.532000,15.962791

3.169357,6.324183,6.804909,16.053528,0.067871,0.252619,-0.251542,7.532000,15.962791

1.773060,-1.320719,11.235696,16.065292,0.074532,0.277134,-0.408755,7.540000,15.962791

1.514398,8.597056,11.645244,16.074116,0.052149,0.296053,-0.469508,7.536000,15.962791

0.477355,-2.532599,8.119775,16.068233,-0.039247,0.215314,-0.193453,7.532000,15.962791

1.492843,4.063285,9.489726,16.065292,-0.029122,0.282729,-0.200381,7.524000,15.962791

-0.803981,-0.719570,12.021262,16.079998,-0.103998,0.400239,-0.253407,7.536000,15.962791

0.031881,5.521852,10.933923,16.068233,-0.143701,0.345615,-0.316026,7.532000,15.962791

0.731227,2.640643,9.029882,16.050587,0.287169,0.277933,-0.269661,7.528000,15.962791

0.067806,0.753367,5.612189,16.074116,-0.040580,0.067428,-0.309897,7.532000,15.962791

-0.303422,1.289852,8.572433,16.068233,-0.095737,0.051707,-0.151885,7.520000,15.962791

1.452128,1.543724,12.902629,16.044704,-0.143168,0.106864,-0.007196,7.520000,15.962791

-0.909362,1.938902,10.933923,16.059410,0.253062,0.197195,-0.093796,7.520000,15.962791

-1.060248,3.234608,7.604846,16.065292,0.066805,-0.091650,-0.212905,7.516000,15.962791

0.355209,0.305499,9.125683,16.071175,0.039625,-0.087120,-0.065285,7.520000,15.962791

-0.214806,2.461016,6.534272,16.071175,-0.040580,0.034653,0.158277,7.520000,15.962791

-3.419342,2.465806,12.469131,16.050587,-0.496763,0.074889,0.382639,7.524000,15.962791

1.183886,3.011871,7.885063,16.071175,0.588005,0.002677,0.387169,7.520000,15.962791

-5.309012,2.398746,11.329102,16.065292,-0.208984,0.107131,0.474835,7.520000,15.962791

1.162330,4.808136,6.816884,16.059410,0.516060,-0.148140,0.332011,7.528000,15.962791

-1.457821,-1.045292,9.925620,16.053528,-0.192463,-0.058609,0.494819,7.528000,15.962791

-1.678163,5.416471,7.295888,16.053528,0.215224,0.026926,0.353861,7.528000,15.962791

-0.284262,-1.148278,12.739768,16.071175,-0.295851,-0.156667,0.367983,7.524000,15.962791

-0.784821,7.358831,11.479987,16.082939,0.044688,0.141504,0.208905,7.520000,16.771675

4.237535,-0.480068,6.500741,16.059410,0.411341,-0.153736,0.093261,7.532000,16.771675

-1.235084,1.536539,7.597661,16.050587,-0.668099,-0.069800,0.139092,7.524000,16.771675

-0.756080,-1.155463,10.514794,16.056469,0.338330,0.194797,0.014921,7.524000,16.771675

-0.114215,2.228699,11.058464,16.062351,-0.162087,0.061299,-0.104721,7.528000,16.771675

-2.135612,0.571346,6.515111,16.071175,-0.070690,0.046910,-0.057291,7.516000,16.771675

-0.554899,3.107671,14.797090,16.053528,-0.297450,0.056236,-0.002133,7.520000,16.771675

2.022142,7.471397,9.322075,16.050587,-0.031786,0.126050,0.113778,7.524000,16.771675

-1.223109,-2.717016,10.335168,16.050587,0.090786,0.056769,0.243812,7.524000,16.771675

-1.850604,7.892920,10.579460,16.056469,-0.025658,0.195863,0.173199,7.516000,16.771675

-0.518973,-0.650114,8.996352,16.050587,0.002587,-0.015708,0.231821,7.516000,16.771675

0.704881,7.837835,8.150910,16.079998,0.362578,-0.005050,0.044231,7.528000,16.771675

-0.006439,0.597691,7.252778,16.053528,-0.222840,0.019731,-0.143625,7.524000,16.771675

0.048646,3.598651,13.525334,16.047646,0.117965,0.126849,-0.278455,7.516000,16.771675

-0.583639,1.598809,7.274333,16.050587,0.016976,0.250488,-0.633383,7.516000,16.771675

0.539625,3.883658,6.907895,16.044704,-0.169015,0.341351,-0.921695,7.524000,16.771675

0.910853,0.964129,9.489726,16.065292,-0.348610,0.263811,-0.820439,7.524000,16.771675

-0.562084,3.464530,11.436877,16.050587,-0.281462,0.249688,-0.832697,7.512000,16.771675

2.151473,1.273087,12.251184,16.044704,0.115834,0.183605,-0.666157,7.516000,16.771675

-0.930917,2.817874,8.819120,16.065292,0.476624,0.157492,-0.630452,7.520000,16.771675

-4.822824,-1.957795,8.895761,16.047646,-0.292387,0.037584,-0.359726,7.516000,16.771675

-2.652936,4.654854,7.286308,16.047646,-0.030721,0.038117,-0.167340,7.520000,16.771675

-0.969237,-1.897919,14.057029,16.053528,-0.068292,-0.098845,-0.099392,7.520000,16.771675

1.454523,4.690780,11.206955,16.065292,0.116633,-0.056477,0.003463,7.528000,16.771675

0.230668,4.072865,7.913803,16.050587,0.159267,-0.042621,0.228357,7.520000,16.771675

-2.856513,2.700518,7.121051,16.047646,0.313282,0.075688,0.495885,7.532000,16.771675

-1.876950,-4.647401,7.885063,16.053528,-0.190865,-0.232875,0.534789,7.516000,16.771675

-0.990792,2.906490,8.625124,16.032940,0.121696,-0.128689,0.575824,7.508000,16.771675

1.258131,-3.109799,9.278965,16.032940,-0.286258,-0.139880,0.569962,7.512000,16.771675

-1.608707,6.810372,10.495634,16.050587,-0.129845,0.246491,0.556905,7.512000,16.771675

-0.511788,4.434513,6.345065,16.059410,0.400949,0.155893,0.440461,7.516000,16.771675

-2.614615,-0.935121,8.593988,16.047646,-0.061630,0.280331,0.451919,7.512000,16.771675

2.740648,-0.408217,9.250224,16.056469,-0.828243,-0.143877,0.325349,7.512000,16.205815

-2.068551,3.502850,10.265713,16.047646,0.678070,0.469786,0.273922,7.508000,16.205815

-0.756080,14.694777,5.885221,16.062351,0.368973,-0.385558,-0.355729,7.528000,16.205815

-4.832404,-8.613554,10.689631,16.062351,-0.571373,-0.151604,-0.311762,7.516000,16.205815

1.255736,15.080375,13.115786,16.047646,0.306887,0.441275,-0.215037,7.528000,16.205815

-2.066156,0.588111,12.878679,16.047646,-0.267606,-0.051148,-0.155082,7.512000,16.205815

-1.093778,-1.397360,8.184441,16.062351,0.128357,0.130313,-0.076476,7.528000,16.205815

-2.236202,0.849168,9.887300,16.050587,-0.417891,-0.004784,-0.149487,7.520000,16.205815

0.616266,4.959022,9.602292,16.062351,0.094250,-0.035960,-0.171870,7.500000,16.205815

-1.426686,1.311407,9.391530,16.041763,0.026569,-0.041022,-0.160145,7.508000,16.205815

-0.933312,-2.158976,11.139894,16.044704,-0.519679,-0.145742,-0.276589,7.516000,16.205815

-0.382457,6.695411,14.885705,16.068233,-0.032852,0.118589,-0.316292,7.504000,16.205815

2.702328,4.324342,7.219247,16.038822,0.566155,-0.087653,-0.328283,7.512000,16.205815

-2.212252,-1.229709,6.814489,16.056469,-0.484506,-0.323739,-0.277389,7.504000,16.205815

-1.522487,3.593861,10.850098,16.062351,0.217356,0.023195,-0.134298,7.508000,16.205815

-0.815956,-3.009208,13.824712,16.059410,-0.270803,-0.320542,-0.162277,7.508000,16.205815

-0.545319,6.247542,11.247670,16.044704,0.093184,-0.150805,-0.067683,7.512000,16.205815

2.697538,1.385653,8.764035,16.044704,0.386560,-0.080459,-0.056758,7.516000,16.205815

-0.241151,1.416788,9.731624,16.056469,-0.374990,-0.086588,0.115643,7.508000,16.205815

-1.879345,5.337435,11.994917,16.032940,0.468630,0.227572,0.136694,7.500000,16.205815

-2.540370,5.615257,10.795012,16.050587,-0.183137,0.175079,0.006660,7.504000,16.205815

0.951569,5.507482,9.875324,16.065292,0.101178,-0.135084,0.017585,7.504000,16.205815

0.757572,6.685831,4.486530,16.053528,0.250664,0.043979,-0.045300,7.512000,16.205815

0.019906,-0.247751,9.726833,16.044704,-0.458659,-0.201966,-0.142825,7.516000,16.205815

-0.020809,2.590347,15.187478,16.059410,-0.267606,0.086613,-0.294709,7.516000,16.205815

0.791102,7.421102,10.306428,16.050587,-0.012601,0.197195,-0.577425,7.520000,16.205815

1.636544,1.462293,7.207272,16.050587,0.372970,0.010405,-0.672020,7.528000,16.205815

-0.883016,1.970037,7.832372,16.062351,-0.392843,-0.165460,-0.602739,7.520000,16.205815

1.619779,8.774288,5.808581,16.047646,0.471828,0.083149,-0.425808,7.524000,16.205815

-1.278195,-6.151474,14.124089,16.050587,-0.649180,-0.014643,-0.218767,7.524000,16.205815

-1.661398,4.853641,12.330219,16.038822,0.303423,0.183605,-0.035441,7.524000,16.205815

0.630636,3.672896,8.443103,16.047646,0.173123,-0.085788,0.095392,7.524000,16.205815

-2.092501,0.394115,6.361830,16.041763,0.257059,-0.004517,0.245144,7.532000,16.072280

-1.187184,-1.514716,8.744875,16.059410,-0.372592,-0.133751,0.331744,7.524000,16.072280

-1.539252,6.180482,10.936318,16.032940,0.004719,0.197195,0.360256,7.524000,16.072280

1.986217,6.949283,10.840517,16.035881,0.302091,0.183073,0.281383,7.512000,16.072280

1.164725,-3.200810,8.850256,16.041763,0.058811,-0.145209,0.096192,7.512000,16.072280

-1.043483,2.535262,7.964098,16.032940,-0.090941,0.180408,0.109781,7.512000,16.072280

-1.529672,2.602323,9.302915,16.050587,-0.358736,0.221443,-0.080207,7.512000,16.072280

-2.957103,1.040770,11.968572,16.032940,0.304489,0.075955,-0.386638,7.512000,16.072280

-0.226781,6.170902,12.442785,16.032940,-0.056834,-0.013843,-0.400494,7.532000,16.072280

-0.380062,5.684713,1.844824,16.041763,0.276777,0.194797,-0.358127,7.536000,16.072280

-4.283944,4.132740,11.506332,16.035881,-0.485572,-0.142545,-0.479101,7.540000,16.072280

-1.922455,-2.285912,12.663127,16.047646,0.255993,0.077020,-0.381043,7.536000,16.072280

-3.862421,4.398587,12.174543,16.047646,-0.478111,-0.099911,-0.393033,7.536000,16.072280

-2.947523,8.098892,10.148356,16.029999,0.083592,0.053572,-0.375447,7.544000,16.072280

0.288148,-2.285912,13.791182,16.032940,0.094250,-0.197436,-0.235554,7.540000,16.072280

-6.178404,2.975945,6.706713,16.038822,0.158201,-0.038624,0.058620,7.540000,16.072280

-3.539093,-0.563893,4.850573,16.024117,-0.277465,-0.409540,0.170801,7.540000,16.072280

-0.277076,1.282667,10.126801,16.038822,-0.370194,-0.401280,0.490823,7.528000,16.072280

0.209112,-1.696738,11.973362,16.047646,0.211760,-0.293096,0.689071,7.524000,16.072280

-3.522328,-1.102773,11.815290,16.038822,-0.065094,-0.457237,0.942477,7.524000,16.072280

-4.209699,1.071905,11.307546,16.032940,-0.173012,-0.147341,1.125003,7.524000,16.072280

-1.227899,5.758958,6.675578,16.038822,0.242670,-0.177451,1.083702,7.528000,16.072280

-1.278195,1.105435,9.769943,16.041763,0.290367,-0.300024,0.846816,7.532000,16.072280

1.883231,-0.216615,7.173742,16.032940,0.013246,-0.379430,0.634712,7.536000,16.072280

-1.146469,6.910963,7.010880,16.041763,0.038826,-0.001320,0.553175,7.544000,16.072280

3.969293,-0.269306,7.008485,16.035881,0.671408,-0.259788,0.631515,7.552000,16.072280

-3.323541,-6.594552,6.831254,16.047646,-0.300914,-0.024235,0.531058,7.552000,16.072280

-0.638724,9.349092,9.204719,16.027058,-0.084280,0.205455,0.202777,7.536000,16.072280

7.233705,-1.720688,9.140054,16.044704,0.422799,-0.301090,0.093793,7.544000,16.072280

-3.263666,-0.927936,13.314572,16.050587,-0.327826,0.287259,0.411150,7.532000,16.072280

-0.087870,3.155572,6.551037,16.029999,0.603460,0.190267,0.275254,7.536000,16.072280

1.665284,2.755604,12.174543,16.035881,-0.871410,-0.170523,0.075141,7.532000,16.072280

3.559745,0.173773,7.904223,16.032940,0.604259,0.270739,0.103653,7.528000,16.072280

1.600619,6.738522,8.050320,16.035881,-0.031254,0.189468,-0.162277,7.532000,16.072280

1.289266,-0.822555,9.348420,16.041763,-0.145299,0.074089,-0.117511,7.528000,16.072280

1.600619,9.385018,11.767390,16.035881,0.137151,0.251553,-0.102589,7.536000,16.072280

1.241366,-0.755495,7.530600,16.032940,-0.130910,0.259014,-0.113781,7.536000,16.072280

0.185162,6.544525,7.997629,16.024117,-0.230035,0.235033,-0.204378,7.544000,16.072280

1.107245,3.234608,11.810500,16.029999,-0.355272,0.240095,-0.167340,7.548000,16.072280

2.481986,3.500455,7.389294,16.041763,-0.026990,0.136974,-0.067416,7.548000,16.072280

-1.285380,-3.543298,12.756533,16.029999,-0.520212,0.410898,-0.198249,7.540000,16.072280

3.018471,10.668749,12.457155,16.024117,0.182982,0.115125,-0.251542,7.552000,16.072280

3.873492,-0.432167,6.388175,16.032940,-0.029122,0.174812,-0.376513,7.544000,16.072280

0.695301,1.665870,11.887141,16.044704,-0.215113,0.373060,-0.370651,7.544000,16.072280

2.604132,6.843902,8.431128,16.018234,0.083059,0.508157,-0.267796,7.548000,16.072280

3.698656,3.620206,9.082573,16.035881,-0.094938,0.382653,-0.416749,7.544000,16.072280

2.652032,0.238438,11.609319,16.024117,0.017776,0.371195,-0.451655,7.548000,16.072280

0.381554,2.712493,10.668076,16.027058,0.330603,0.479645,-0.493756,7.560000,16.072280

-1.606312,-2.990048,7.207272,16.038822,-0.275600,0.054105,-0.648837,7.556000,16.072280

-2.549950,-1.485976,15.644926,16.027058,-0.011802,0.383186,-0.632850,7.544000,16.072280

-1.412316,-1.869179,12.239208,16.027058,-0.001676,0.117256,-0.809781,7.532000,16.072280

-2.387089,5.708663,8.043135,16.047646,0.378299,0.329627,-0.925692,7.540000,16.072280

-0.451913,-1.023737,8.910131,16.027058,-0.290788,0.120187,-1.044534,7.536000,16.072280

-4.049232,4.271651,9.973520,16.027058,0.111570,0.175878,-0.943811,7.536000,16.072280

-5.663476,3.835757,9.137658,16.056469,0.155537,-0.114033,-0.864938,7.540000,16.072280

-4.676727,3.699241,7.509045,16.024117,0.063074,-0.091917,-0.812712,7.552000,16.072280

-5.433554,7.560013,10.694421,16.038822,-0.036583,0.152696,-0.481233,7.564000,16.072280

0.474960,1.776041,8.962822,16.044704,0.041224,-0.192640,-0.119909,7.564000,16.072280

0.374369,8.443775,7.923383,16.044704,0.016177,-0.369571,0.200911,7.568000,16.072280

-4.379745,2.609508,6.596542,16.038822,0.347923,-0.365041,0.213702,7.568000,16.072280

-5.071906,-5.207836,11.611713,16.024117,0.225883,-0.518523,0.243812,7.568000,8.760898

-3.800150,-2.978073,14.691709,16.038822,-0.408564,-0.371969,0.685074,7.576000,8.760898

0.803077,4.283627,6.673183,16.041763,0.503004,0.117789,0.485227,7.568000,8.760898

-4.403695,1.725745,11.216536,16.029999,0.330070,-0.237139,-0.006396,7.572000,8.760898

1.432967,-1.912289,7.283913,16.035881,0.125426,-0.555828,-0.067949,7.560000,8.760898

-2.149982,2.655013,9.676538,16.041763,-0.082681,-0.010912,0.012256,7.552000,8.760898

0.024696,8.587477,8.416758,16.035881,0.568820,-0.054079,-0.066350,7.552000,8.760898

-1.189579,-6.747834,10.236973,16.041763,-0.432280,-0.475356,-0.334945,7.536000,8.760898

1.313216,6.827137,11.374607,16.035881,0.313815,-0.150539,-0.069282,7.544000,8.760898

1.636544,-2.369738,9.168794,16.038822,-0.479443,-0.126557,0.018385,7.540000,8.760898

-1.996701,9.636495,9.690907,16.029999,0.134486,0.313639,-0.055692,7.544000,8.760898

1.248551,-1.107563,10.205837,16.024117,-0.195128,-0.363176,-0.131634,7.532000,8.760898

-1.220714,9.629310,7.717412,16.044704,0.179518,-0.047950,-0.129236,7.540000,8.760898

0.659376,0.248018,6.747428,16.041763,-0.105597,-0.200900,-0.209441,7.548000,8.760898

0.403109,5.296720,8.409573,16.047646,-0.406699,-0.200101,-0.131900,7.536000,8.760898

0.103732,-1.143488,9.516071,16.032940,0.127825,0.087412,0.002130,7.552000,8.760898

-4.521051,3.989039,16.143089,16.035881,-0.226571,0.099936,-0.066617,7.552000,8.760898

-0.583639,3.395074,7.583290,16.035881,0.271714,0.029857,-0.243548,7.556000,8.760898

3.056791,-3.191230,8.759245,16.032940,-0.071223,-0.409007,-0.182795,7.548000,8.760898

-2.909203,5.203314,10.387858,16.029999,-0.266806,0.112193,-0.219300,7.552000,8.760898

1.847306,2.005963,12.076347,16.024117,0.038293,-0.189442,-0.132167,7.552000,8.760898

3.842357,6.728941,6.584567,16.027058,-0.015799,-0.160664,-0.064485,7.552000,8.760898

-2.892438,-2.352973,11.791340,16.018234,0.099047,-0.054612,0.070345,7.552000,8.760898

-2.499655,-1.399755,5.815766,16.032940,0.057212,-0.070067,0.076740,7.552000,8.760898

0.199532,1.498219,9.928015,16.029999,-0.629728,-0.136949,0.201977,7.540000,8.760898

1.504818,2.415511,11.987732,16.044704,0.208829,-0.102842,0.236351,7.544000,8.760898

-1.230294,2.370006,6.448051,16.029999,0.412140,0.039982,0.120173,7.540000,8.760898

-5.162916,-3.624728,9.702883,16.012352,-0.074420,-0.104973,0.142023,7.544000,8.760898

1.717975,1.129385,10.035790,16.047646,-0.020861,-0.119362,0.428737,7.540000,8.760898

-0.763265,3.720797,10.428574,16.056469,-0.111192,-0.074597,0.500415,7.548000,17.764825

-2.078131,5.612862,10.316008,16.032940,0.160333,-0.027699,0.625120,7.544000,17.764825

-3.812125,5.648787,6.390571,16.041763,0.489414,0.016533,0.740498,7.552000,17.764825

-3.452872,-2.657140,9.947175,16.029999,-0.429348,-0.292563,0.831095,7.544000,17.764825

-1.551227,-3.512162,8.517348,16.029999,-0.348877,-0.426061,1.002431,7.548000,17.764825

-1.893715,8.949124,12.406860,16.038822,0.196039,0.508157,1.020284,7.552000,17.764825

2.960990,-1.071637,7.446774,16.047646,-0.005673,-0.334131,0.499083,7.552000,17.764825

-5.100646,6.288258,14.133669,16.050587,-0.105863,0.303514,0.506810,7.552000,17.764825

0.915643,-4.585131,5.590634,16.029999,0.298094,-0.367439,0.373313,7.556000,17.764825

-5.598810,4.321947,13.158896,16.032940,-0.458659,0.569443,0.438063,7.560000,17.764825

3.447179,3.696846,6.040898,16.038822,0.057212,-0.110303,-0.045833,7.560000,17.764825

0.609081,3.893238,9.147239,16.027058,0.303423,-0.012244,0.006660,7.544000,17.764825

-2.636171,-3.330141,9.963940,16.032940,-0.022993,0.064763,-0.074344,7.552000,17.764825

0.542020,5.785304,11.496753,16.041763,-0.085079,0.104999,-0.100724,7.556000,17.764825

-1.556017,6.022410,10.842913,16.041763,0.072667,0.290457,-0.267796,7.552000,17.764825

2.005377,-1.466816,12.291899,16.027058,-0.075220,0.011737,-0.487095,7.552000,17.764825

3.090321,6.712176,11.369817,16.029999,0.315681,0.003210,-0.609135,7.556000,17.764825

-0.708180,-2.048805,8.962822,16.027058,0.031632,-0.039690,-0.757288,7.552000,17.764825

1.744320,7.454632,9.278965,16.029999,0.123561,-0.021571,-0.818308,7.552000,17.764825

3.164567,-0.032199,5.890011,16.027058,-0.162087,-0.406076,-0.604338,7.536000,17.764825

0.946778,6.597215,13.465459,16.038822,-0.192463,0.041581,-0.509478,7.540000,17.764825

-1.254244,-2.003300,11.345866,16.044704,0.632238,-0.122826,-0.545450,7.540000,17.764825

-3.512748,2.475386,4.429049,16.035881,0.155270,-0.101509,-0.533193,7.540000,17.764825

-1.211134,1.136571,9.961545,16.018234,-0.517281,-0.066869,-0.346136,7.540000,17.764825

-1.673373,-1.303954,13.669035,16.032940,-0.305177,-0.070067,-0.037306,7.544000,17.764825

-0.372877,6.166112,9.966335,16.024117,-0.036316,-0.048483,-0.055958,7.544000,17.764825

-0.657885,5.869129,6.721083,16.038822,0.352452,0.002144,0.010124,7.544000,17.764825

0.568365,-3.672629,10.632151,16.050587,-0.357937,-0.240869,0.180927,7.536000,17.764825

0.630636,9.579015,9.405901,16.029999,0.367907,0.178809,0.192651,7.544000,17.579170

-0.703390,-4.053437,8.421547,16.027058,0.191509,-0.233142,0.136960,7.544000,17.579170

-4.209699,3.859708,9.386741,16.024117,-0.507156,0.042114,0.249141,7.536000,17.579170

1.356327,2.238280,9.700488,16.012352,0.331135,-0.039424,0.327481,7.540000,17.579170

-0.538134,0.746182,12.430810,16.041763,-0.408031,-0.099111,0.428470,7.536000,17.579170

1.468893,5.423656,11.597343,16.032940,0.271448,0.058102,0.429003,7.536000,17.579170

0.268988,1.788016,8.129354,16.024117,0.015644,-0.061540,0.454317,7.532000,17.579170

-1.781149,2.302945,8.981982,16.018234,0.093451,-0.015708,0.438596,7.544000,17.579170

-0.382457,-1.234499,6.764194,16.024117,0.113169,0.025060,0.398627,7.540000,17.579170

-2.825377,3.651341,9.369975,16.009411,-0.323829,0.229703,0.518002,7.536000,17.579170

1.028209,1.342542,9.932805,16.047646,0.323674,-0.027433,0.483895,7.532000,17.579170

0.491725,1.222791,12.260764,16.038822,0.051616,0.250221,0.510008,7.544000,17.579170

0.146842,3.117252,7.822792,16.038822,0.143279,0.119654,0.412216,7.540000,17.579170

-1.766779,3.292088,10.739926,16.024117,0.329004,0.323498,0.546247,7.548000,17.579170

-1.560807,0.897069,10.385464,16.018234,-0.367263,-0.138548,0.443392,7.532000,17.579170

1.306031,7.845020,8.658654,16.047646,0.636501,0.434080,0.556372,7.536000,17.579170

1.710790,2.937625,2.572909,16.018234,0.573883,-0.067669,0.525196,7.532000,17.579170

-4.403695,-1.871574,10.601015,16.032940,-0.942555,0.003743,0.634179,7.524000,17.579170

2.587367,5.627233,8.541298,16.029999,0.683399,0.446870,0.656829,7.536000,17.579170

-3.407367,-2.415243,10.349538,16.024117,-0.183670,0.021063,0.527594,7.536000,17.579170

1.703605,4.278836,8.857441,16.035881,-0.188733,0.306711,0.362921,7.532000,17.579170

-0.317792,3.553145,10.038186,16.029999,0.353252,0.399440,0.081536,7.536000,17.579170

-0.894992,3.830968,6.613307,16.029999,-0.125581,0.272604,-0.201447,7.536000,17.579170

0.558785,0.453990,9.853769,16.035881,-0.208718,0.045578,-0.533726,7.528000,17.579170

1.744320,5.605677,8.380832,16.021175,0.201901,0.320301,-0.598210,7.536000,17.579170

-1.687743,3.169942,6.036108,16.029999,0.187246,0.285394,-0.907573,7.532000,17.579170

-0.981212,-2.142211,9.803473,16.015293,0.057745,-0.169191,-0.951805,7.520000,17.579170

-0.823141,3.174732,10.526770,16.038822,0.242137,0.250221,-0.849217,7.540000,17.579170

-1.922455,-0.609399,4.733217,16.041763,-0.175410,-0.014110,-0.872400,7.532000,17.579170

-2.672096,3.979459,10.244158,16.015293,0.407610,0.313373,-0.901177,7.536000,17.579170

-1.579967,-4.637821,11.008168,16.041763,-0.456261,-0.075663,-0.804185,7.532000,17.579170

-1.579967,10.405296,8.917316,16.024117,0.302091,0.075955,-0.944611,7.520000,17.579170

-0.380062,-7.396884,9.549602,16.027058,-0.169548,-0.255258,-1.199615,7.520000,17.579170

-4.556976,4.125555,11.015354,16.029999,0.084391,-0.114300,-1.195885,7.516000,17.579170

1.555114,1.809571,7.487489,16.047646,0.239206,-0.197169,-0.923827,7.520000,17.579170

-0.054340,-0.793815,5.353527,16.038822,-0.016865,-0.296027,-0.496421,7.516000,17.579170

-1.184789,-1.351855,9.710068,16.027058,-0.026191,-0.242202,-0.144690,7.512000,17.579170

-2.791847,4.590189,5.193061,16.018234,0.265852,-0.146808,0.110581,7.528000,17.579170

-4.386930,6.312208,9.271779,16.047646,-0.331290,-0.120695,0.277386,7.524000,17.579170

1.591039,4.015384,8.744875,16.027058,0.575482,-0.193705,0.405555,7.532000,17.579170

-2.868488,5.502691,10.373488,16.029999,-0.424819,-0.304554,0.312559,7.532000,17.579170

0.405504,1.677845,5.252936,16.015293,0.634370,-0.103908,0.124703,7.544000,17.579170

-1.608707,6.491835,14.821040,16.024117,-0.691015,-0.418333,-0.014124,7.544000,17.579170

-0.008834,10.441221,8.244316,16.015293,0.333534,0.206255,-0.094063,7.548000,17.579170

0.965939,-1.881154,9.087363,16.032940,-0.408831,-0.095914,-0.044767,7.532000,17.579170

1.947897,9.978983,14.241445,16.027058,0.172057,0.056769,-0.135897,7.548000,17.579170

1.777850,0.468360,8.332932,16.032940,0.091586,-0.084456,-0.062620,7.536000,17.579170

-2.490075,5.567357,11.305151,16.050587,-0.475446,0.092209,-0.198249,7.540000,17.579170

1.047369,-0.357922,8.910131,16.044704,0.453708,-0.200101,-0.213438,7.548000,17.579170

0.007931,-0.396242,8.356882,16.035881,0.015910,-0.165727,-0.143625,7.540000,17.579170

-0.427963,0.712652,8.591594,16.038822,-0.173278,0.136175,0.028510,7.544000,17.579170

-0.830326,7.030714,5.032594,16.038822,0.263987,0.146034,0.106317,7.544000,17.579170

-2.363138,-4.209113,9.551997,16.035881,-0.384583,-0.049016,0.126035,7.536000,17.579170

-1.429081,5.507482,11.808105,16.032940,0.203766,0.235566,0.369582,7.544000,17.579170

-1.474586,-1.062057,11.824870,16.035881,0.332468,-0.100976,0.390366,7.544000,17.579170

-1.261430,1.244346,8.687394,16.032940,0.219488,-0.050882,0.471371,7.540000,17.579170

-2.705626,-0.252541,6.776169,16.029999,-0.286525,-0.157733,0.399692,7.540000,17.579170

-2.502050,4.561449,11.769785,16.029999,0.069203,0.095673,0.524397,7.540000,17.579170

0.685721,1.007240,7.976073,16.032940,0.105442,-0.075929,0.630449,7.540000,17.579170

-0.147745,3.735167,8.174860,16.038822,-0.178341,-0.110303,0.485493,7.532000,17.579170

-0.317792,6.046361,8.831096,16.041763,0.210694,0.082350,0.370115,7.540000,17.579170

-2.312843,-1.797328,11.166240,16.038822,-0.010469,-0.016774,0.253937,7.548000,17.579170

-1.527277,6.999578,9.197534,16.032940,0.219754,0.215314,0.059953,7.540000,17.579170

-2.446964,1.864656,6.131908,16.021175,0.004985,-0.214223,-0.160145,7.544000,8.317544

-0.289052,7.001974,13.652270,16.035881,-0.203388,0.280065,0.056755,7.556000,8.317544

0.637821,4.484808,7.523415,16.041763,0.526985,0.084215,-0.047432,7.556000,8.317544

1.320402,1.795201,10.840517,16.027058,-0.131177,-0.252594,-0.147089,7.552000,8.317544

3.866307,6.010436,7.628796,16.032940,0.476091,-0.194505,-0.031977,7.560000,8.317544

-2.456544,-2.441589,6.986930,16.041763,-0.073355,-0.009846,-0.095395,7.564000,8.317544

-4.207304,1.888607,11.005774,16.038822,-0.012068,0.018665,-0.291778,7.560000,8.317544

-1.201554,2.156849,10.809382,16.024117,-0.184469,-0.150539,-0.366387,7.556000,8.317544

2.728673,3.045401,9.528047,16.038822,0.000988,-0.257656,-0.450589,7.548000,8.317544

-0.102240,2.722074,10.816567,16.024117,0.514728,-0.098312,-0.656565,7.548000,8.317544

-1.266220,-5.528769,6.637258,16.027058,-0.143434,-0.253926,-0.542252,7.552000,8.317544

-0.387247,4.487203,13.843872,16.018234,-0.429348,0.085547,-0.370651,7.540000,8.317544

-0.114215,4.923097,8.711345,16.041763,0.775062,-0.086055,-0.356795,7.552000,8.317544

-1.833839,-2.798447,9.544811,16.029999,-0.217777,-0.422330,-0.252341,7.540000,8.317544

-0.150140,6.518180,13.436718,16.024117,0.175521,-0.317877,0.000798,7.536000,8.317544

2.575392,2.226305,11.958991,16.047646,0.250930,-0.355182,0.148951,7.540000,8.317544

-0.051945,5.176969,7.058781,16.041763,0.111837,-0.194238,0.361322,7.540000,8.317544

-1.932035,-3.181650,7.434799,16.041763,0.003387,-0.157733,0.567564,7.540000,8.317544

-0.959657,7.270216,11.360236,16.032940,-0.257214,-0.062606,0.651499,7.536000,8.317544

0.424664,0.391720,8.467052,16.027058,0.185647,0.036785,0.641374,7.544000,8.317544

-0.753685,6.405614,7.947333,16.050587,-0.205520,-0.095647,0.573426,7.536000,8.317544

-2.145192,0.571346,9.858560,16.029999,0.346590,-0.022903,0.493221,7.544000,8.317544

-2.339188,0.271969,8.402388,16.029999,-0.172479,-0.030364,0.433800,7.544000,8.317544

-0.090265,0.746182,11.029724,16.047646,0.029766,0.121253,0.407420,7.552000,8.317544

0.247433,2.853800,7.892248,16.035881,-0.347012,0.303780,0.235552,7.540000,8.317544

0.060621,4.685990,9.508886,16.047646,0.180584,0.166818,0.106584,7.552000,8.317544

1.222206,2.410721,9.175979,16.047646,0.105708,-0.083390,0.015453,7.552000,8.317544

3.257972,4.549474,12.579302,16.018234,0.180584,0.127915,0.000265,7.552000,8.317544

3.035236,0.710257,9.884905,16.044704,-0.397906,0.103400,-0.021585,7.548000,8.317544

3.610040,3.574700,9.887300,16.035881,0.043089,0.258748,0.058620,7.548000,8.317544

-0.734525,4.195011,13.412768,16.021175,-0.016865,0.159357,-0.066883,7.544000,17.442221

0.175582,3.474110,10.811777,16.032940,0.626642,-0.202765,0.021316,7.544000,17.442221

-1.821864,-4.489330,10.438154,16.018234,-0.017131,-0.168658,0.211836,7.548000,17.442221

-4.868329,5.763749,6.024133,16.038822,-0.320099,0.057036,0.387702,7.540000,17.442221

1.710790,2.034703,9.705278,16.050587,0.069203,-0.121761,0.381839,7.544000,17.442221

-0.700995,-2.604450,11.640453,16.035881,0.259191,-0.157999,0.680544,7.536000,17.442221

-2.169142,4.860826,6.986930,16.044704,-0.013401,0.245958,0.957132,7.540000,17.442221

-3.488798,-1.562616,10.160332,16.032940,-0.308108,0.069293,0.764480,7.544000,17.442221

0.022301,5.028478,7.667116,16.044704,0.475825,0.139906,0.699196,7.536000,17.442221

1.722765,4.786581,5.743915,16.027058,0.113169,0.206255,0.490823,7.544000,17.442221

-1.127308,0.377349,16.753820,16.053528,-0.418956,0.289658,0.516669,7.540000,17.442221

1.780245,11.348934,7.145002,16.032940,0.551500,0.046377,0.488691,7.548000,17.442221

-1.606312,-2.405663,5.992997,16.047646,-0.054969,0.048242,0.296305,7.540000,17.442221

-2.023046,2.300550,8.361671,16.024117,0.007916,0.253152,-0.010393,7.548000,17.442221

-1.668583,0.988079,5.830136,16.038822,-0.300381,0.014402,-0.362124,7.544000,17.442221

-0.109425,4.400982,10.972243,16.024117,0.010048,0.227305,-0.532393,7.544000,17.442221

1.447338,-0.245356,9.765154,16.041763,-0.227103,0.166818,-0.406890,7.556000,17.442221

2.340680,7.864181,9.772339,16.050587,0.438253,0.442340,-0.551845,7.560000,17.442221

-2.518815,-6.096388,9.561577,16.041763,-0.017664,-0.407408,-0.802053,7.544000,17.442221

-2.138007,4.496783,12.497870,16.012352,-0.364865,0.265942,-0.508945,7.544000,17.442221

3.016075,6.573265,6.867179,16.038822,0.573083,0.026126,-0.543585,7.556000,17.442221

-2.490075,-5.423388,12.181728,16.047646,-0.368861,-0.155335,-0.578225,7.544000,17.442221

-0.605194,7.133700,13.221167,16.050587,0.278109,0.266475,-0.612865,7.556000,17.442221

-2.056576,2.015543,7.123446,16.050587,0.506734,-0.052747,-0.733040,7.548000,17.442221

-0.406408,-0.539943,7.336603,16.035881,0.054281,-0.408741,-0.569698,7.544000,17.442221

-0.763265,-0.190270,11.609319,16.035881,-0.072289,-0.130820,-0.241949,7.540000,17.442221

-1.836234,7.387572,11.673985,16.044704,0.013246,-0.167326,-0.192654,7.532000,17.442221

2.271224,0.125872,12.234419,16.038822,0.051083,-0.269381,-0.057824,7.528000,17.442221

1.931132,8.168348,9.786709,16.027058,0.415870,-0.130554,0.073009,7.544000,17.442221

-2.504445,-0.480068,4.821833,16.032940,0.030033,-0.160931,0.075141,7.540000,17.442221

-2.264943,4.113580,7.868298,16.035881,-0.339284,-0.204630,0.095925,7.532000,17.442221

1.258131,0.693492,11.120734,16.029999,-0.014200,0.058901,0.275787,7.536000,17.442221

-1.577572,2.887330,8.356882,16.015293,-0.419489,-0.030630,0.145221,7.540000,17.442221

-1.122518,3.763907,4.785908,16.038822,0.097714,-0.183313,0.277919,7.544000,17.442221

1.272501,-1.114748,14.492922,16.029999,-0.589492,-0.043954,0.589680,7.540000,17.442221

1.703605,8.201879,8.898156,16.041763,0.600263,0.236898,0.686672,7.548000,17.442221

-2.734366,-3.926501,6.345065,16.029999,-0.094938,-0.304021,0.698130,7.544000,17.442221

-4.262389,3.577096,10.493239,16.032940,-0.230567,0.135109,0.856676,7.544000,17.442221

0.874928,3.522010,12.164963,16.035881,-0.231900,-0.011712,0.899310,7.544000,17.442221

1.696420,5.816439,11.202166,16.027058,0.001521,0.072224,0.822035,7.552000,17.442221

2.072438,-0.331576,8.924501,16.038822,0.286903,-0.050615,0.765013,7.544000,17.442221

0.063016,-1.184203,9.628637,16.021175,-0.254816,0.179342,0.895313,7.556000,17.442221

-1.424291,3.284903,7.710226,16.038822,-0.221774,0.350944,0.676014,7.536000,17.442221

4.865030,1.136571,6.618097,16.041763,0.160599,0.144435,0.076740,7.548000,17.442221

1.135985,1.687425,9.437036,16.044704,-0.088543,0.281664,0.042100,7.532000,17.442221

-0.526159,0.777318,9.724438,16.035881,0.284238,0.260347,-0.035174,7.532000,17.442221

-2.209857,1.773646,10.179492,16.024117,-0.336087,0.361069,-0.140427,7.544000,17.442221

0.738412,1.692215,9.820239,16.024117,-0.011269,0.203057,-0.159346,7.540000,17.442221

-2.542765,4.616534,11.412927,16.050587,-0.022727,0.616607,-0.175334,7.544000,17.442221

-1.328490,4.475228,5.365502,16.044704,0.096382,0.457795,-0.229692,7.544000,17.442221

-0.011229,-3.447497,11.058464,16.035881,-0.194861,0.276334,-0.336810,7.540000,17.442221

-1.129703,10.824425,10.577065,16.027058,-0.053903,0.559318,-0.488427,7.536000,17.442221

1.751505,-4.041461,6.819279,16.047646,0.087855,0.023728,-0.733839,7.552000,17.442221

-4.600087,2.164034,9.180769,16.044704,-0.332889,0.312040,-0.870801,7.540000,17.442221

-2.090106,2.805899,8.292216,16.047646,-0.022194,0.198794,-0.856678,7.540000,17.442221

-3.622919,3.869288,10.289662,16.038822,-0.033385,0.143103,-0.732507,7.548000,17.442221

-0.370482,2.985526,7.861113,16.021175,-0.061364,0.012270,-0.557174,7.540000,17.442221

-1.100963,1.265902,8.914922,16.027058,-0.243358,0.031455,-0.472972,7.536000,17.442221

-2.631381,3.900423,10.555510,16.050587,0.246667,0.122319,-0.480966,7.544000,17.442221

-1.675768,-0.765075,9.695698,16.024117,-0.471450,-0.453773,-0.424210,7.540000,17.442221

-0.612379,6.546920,11.997312,16.059410,0.272780,-0.048483,-0.368785,7.524000,8.475947

-0.109425,-4.218693,8.673024,16.024117,0.419335,-0.267516,-0.254739,7.540000,8.475947

-2.554740,0.913834,8.349697,16.047646,-0.526074,-0.045819,-0.103922,7.532000,8.475947

-3.895951,4.142320,8.246711,16.032940,-0.235630,-0.148140,-0.176666,7.536000,8.475947

-3.007399,-1.342275,9.647798,16.047646,0.494477,-0.247264,-0.065818,7.532000,8.475947

-1.651818,-4.412690,12.023657,16.050587,-0.615606,-0.096713,0.007193,7.536000,8.475947

0.992284,8.695252,6.325905,16.044704,0.258924,0.000546,-0.044501,7.524000,8.475947

1.519188,1.589229,12.840359,16.050587,-0.032319,-0.251261,-0.019187,7.532000,8.475947

1.301241,-0.527968,8.529324,16.059410,0.154737,-0.201433,0.157478,7.536000,8.475947

-1.690138,5.083563,10.749507,16.038822,-0.287857,-0.075929,0.185723,7.520000,8.475947

0.027091,0.010911,6.747428,16.041763,0.207763,-0.182248,0.227291,7.516000,8.475947

-1.088988,3.263348,15.213823,16.038822,-0.369927,-0.154535,0.221163,7.520000,8.475947

-0.926127,1.627550,7.413244,16.035881,0.478756,-0.004251,-0.000801,7.528000,8.475947

3.162172,5.117093,6.495951,16.047646,0.004985,-0.038624,-0.188390,7.520000,8.475947

-0.875831,-3.598383,12.778088,16.041763,-0.235897,0.065563,-0.295775,7.524000,8.475947

-0.607589,11.883023,11.566208,16.038822,0.052949,0.232102,-0.637646,7.528000,8.475947

1.361117,-2.113471,6.670788,16.021175,0.340728,-0.235274,-0.817508,7.540000,8.475947

0.328863,5.828414,5.803791,16.032940,0.059610,-0.131087,-0.953138,7.540000,8.475947

0.707277,-2.630795,7.875483,16.029999,0.459037,-0.064205,-0.920096,7.544000,8.475947

0.192347,4.238121,11.003379,16.029999,-0.715529,0.188135,-0.710657,7.548000,8.475947

1.880836,5.890685,11.065649,16.038822,0.371904,0.094341,-0.758620,7.540000,8.475947

-0.921337,0.396510,7.818002,16.029999,0.057745,-0.090318,-0.744498,7.540000,8.475947

-0.741710,3.366334,8.668234,16.024117,0.153671,-0.133751,-0.601141,7.552000,8.475947

0.513280,-3.504977,10.129196,16.032940,0.034829,-0.039957,-0.409554,7.544000,8.475947

-3.043324,3.821388,8.256291,16.035881,0.140082,0.017066,-0.367453,7.532000,8.475947

-1.611102,-0.372292,8.673024,16.044704,0.159267,-0.309617,-0.231557,7.552000,8.475947

-2.528395,0.916229,6.721083,16.021175,0.121696,-0.019439,0.045830,7.540000,8.475947

-1.395551,4.530313,10.421389,16.032940,0.407877,0.088745,0.293374,7.552000,8.475947

-2.494864,-4.074992,8.105405,16.015293,-0.078417,-0.160931,0.353594,7.540000,8.475947

-2.296078,5.837994,6.840834,16.027058,0.335399,-0.084456,0.272323,7.536000,8.475947

1.842516,-2.226037,7.820397,16.029999,0.244802,-0.295494,0.041034,7.532000,8.475947

-4.600087,1.924532,11.513517,16.038822,-0.275866,-0.193705,0.210238,7.540000,16.490145

-0.787216,4.472833,7.250382,16.047646,0.282373,0.066895,0.132431,7.536000,16.490145

-0.557294,0.968919,7.940148,16.056469,-0.038981,-0.408474,0.092461,7.536000,16.490145

0.577946,3.823783,15.266514,16.053528,-0.056567,-0.057810,0.268326,7.540000,16.490145

2.635267,2.288575,8.361671,16.038822,0.160866,-0.281372,0.317888,7.536000,16.490145

-1.848209,10.165794,7.576105,16.056469,0.412140,-0.123892,0.390366,7.540000,16.490145

-1.417106,-5.198256,6.392965,16.041763,-0.241759,-0.371436,0.692268,7.552000,16.490145

-6.484967,10.989681,10.742321,16.047646,0.292498,0.367465,0.965126,7.552000,16.490145

-5.088671,-4.326469,9.551997,16.038822,-0.007272,-0.549966,0.805781,7.548000,16.490145

-2.813402,1.778436,9.120893,16.041763,-0.322497,-0.193972,1.109016,7.548000,16.490145

0.154027,4.058495,9.999866,16.047646,0.334333,-0.084456,1.077573,7.556000,16.490145

-0.784821,-4.498910,9.899275,16.047646,0.180851,-0.395418,1.189487,7.548000,16.490145

-6.477782,3.610626,8.716135,16.032940,-0.265474,0.085547,0.862538,7.556000,16.490145

1.849701,5.196129,4.443420,16.041763,0.419068,-0.256324,0.502014,7.552000,16.490145

-1.170419,-1.770983,11.657219,16.056469,-0.215113,-0.296027,0.440994,7.552000,16.490145

0.848583,2.408326,10.828542,16.065292,0.298094,0.084215,0.357591,7.560000,16.490145

-1.067433,-2.130236,5.777445,16.038822,-0.065627,-0.057010,0.208372,7.552000,16.490145

-3.009794,2.868170,9.901670,16.062351,-0.347811,0.120987,0.079937,7.548000,16.490145

3.020865,1.931717,5.135580,16.032940,0.197904,-0.013843,-0.055426,7.544000,16.490145

4.124969,-0.151950,9.681328,16.041763,-0.400038,0.029057,-0.056758,7.536000,16.490145

2.034117,2.741234,14.976716,16.041763,-0.191397,0.297651,-0.049563,7.552000,16.490145

0.803077,8.146793,7.247987,16.044704,0.033763,0.329893,-0.268329,7.536000,16.490145

2.199374,4.719520,10.605805,16.050587,-0.281995,0.353076,-0.491625,7.544000,16.490145

2.352655,2.932835,11.762600,16.056469,-0.106396,0.358671,-0.554776,7.552000,16.490145

2.022142,7.866575,8.641890,16.065292,0.046287,0.315238,-0.576360,7.544000,16.490145

-0.626749,-1.658417,10.711186,16.038822,-0.360601,0.134043,-0.828433,7.548000,16.490145

0.652191,7.404337,9.942385,16.053528,0.063874,0.277667,-0.956868,7.544000,16.490145

1.837726,1.385653,7.367738,16.059410,-0.330491,0.114325,-0.923827,7.548000,16.490145

-0.061525,5.670343,9.892090,16.053528,-0.134641,0.160423,-0.852148,7.548000,16.490145

1.746715,0.094737,6.155859,16.053528,0.179518,0.026393,-0.867070,7.560000,16.490145

0.254618,3.323223,10.521979,16.065292,-0.853024,-0.072465,-0.502283,7.556000,16.490145

5.190753,7.346857,13.175661,16.029999,0.393754,0.183073,-0.250210,7.560000,17.269935

-1.069828,-0.851296,11.228511,16.047646,0.114768,0.040782,0.086599,7.568000,17.269935

-3.584598,3.641761,9.211904,16.041763,-0.199125,0.001612,0.212902,7.556000,17.269935

0.843793,7.878551,11.757810,16.062351,0.260523,0.064763,0.563567,7.556000,17.269935

3.739371,-3.392411,7.681486,16.050587,0.323941,-0.301356,0.637910,7.556000,17.269935

-0.451913,0.525841,9.096943,16.038822,-0.106129,0.195863,0.867601,7.564000,17.269935

-1.352440,3.347173,7.578500,16.035881,0.045221,0.169216,0.639509,7.564000,17.269935

-0.957262,1.366493,10.435759,16.032940,0.295163,0.188935,0.541717,7.556000,17.269935

-3.057694,2.686148,7.530600,16.062351,-0.026990,-0.005050,0.249674,7.552000,17.269935

-0.353717,0.372559,7.990444,16.047646,-0.012868,0.202258,0.171867,7.560000,17.269935

-0.415988,2.348450,11.300361,16.047646,-0.233499,0.290723,0.128434,7.552000,17.269935

-2.674491,3.622601,12.145802,16.056469,-0.181805,0.292322,-0.072746,7.556000,17.269935

2.436481,3.498060,8.059899,16.044704,0.358581,-0.017307,-0.196651,7.560000,17.269935

-2.545160,4.717125,8.665839,16.056469,-0.072022,0.106864,-0.200115,7.564000,17.269935

-2.106871,1.962852,7.829977,16.032940,0.204299,-0.005050,-0.227294,7.560000,17.269935

-2.727181,1.196446,9.324470,16.024117,-0.191930,0.075155,-0.249943,7.568000,17.269935

-2.463729,0.571346,15.264118,16.041763,-0.499961,0.026126,-0.148421,7.560000,17.269935

2.987335,5.667948,11.719489,16.038822,0.495809,-0.099911,-0.103922,7.572000,17.269935

-2.360744,1.428763,6.347460,16.029999,-0.025658,-0.130287,0.023181,7.576000,17.269935

-0.305817,2.729259,7.420429,16.056469,-0.203388,-0.050349,0.157744,7.568000,17.269935

-0.703390,1.265902,8.366462,16.044704,-0.074687,-0.161463,0.242480,7.568000,17.269935

-1.484166,1.265902,8.661049,16.027058,-0.070956,-0.173454,0.223028,7.560000,17.269935

0.312098,3.054981,10.318403,16.038822,0.080661,-0.119629,0.392764,7.560000,17.269935

1.250946,1.320987,7.319838,16.041763,0.221086,-0.138814,0.406087,7.568000,17.269935

-2.272128,-2.824792,12.972085,16.044704,-0.123450,-0.090851,0.334942,7.564000,17.269935

2.084413,4.281231,9.403505,16.041763,0.141681,-0.178784,0.276054,7.560000,17.269935

3.020865,6.537340,6.845624,16.047646,0.476091,-0.213957,0.076207,7.564000,17.269935

2.884349,-1.921869,2.565724,16.035881,-0.092273,-0.270713,0.128167,7.564000,18.209838

-1.419501,3.950719,8.962822,16.044704,-0.204987,0.179875,0.253671,7.540000,18.209838

-1.024323,-3.392411,13.601974,16.044704,0.279175,0.159091,0.033306,7.556000,18.209838

-2.336793,3.718402,11.338681,16.035881,-0.497030,0.046111,-0.282452,7.544000,18.209838

-4.188143,6.340948,12.509846,16.035881,-0.265741,0.326429,-0.378911,7.552000,18.209838

3.842357,2.944810,7.614426,16.041763,0.326872,-0.027433,-0.691205,7.556000,18.209838

1.212626,-0.336366,5.981022,16.044704,-0.439741,-0.180382,-0.816442,7.548000,18.209838

1.732345,0.195328,11.130315,16.038822,0.169126,-0.080459,-0.784733,7.556000,18.209838

0.053436,5.675133,11.891931,16.047646,-0.259612,-0.079127,-0.836960,7.560000,18.209838

-1.659003,2.149664,10.797407,16.047646,0.213892,-0.017840,-0.367453,7.552000,18.209838

0.731227,2.082603,9.451406,16.029999,-0.008338,-0.272578,-0.266997,7.568000,18.209838

-2.171537,8.589871,3.655458,16.029999,0.238140,-0.193705,-0.100724,7.564000,18.209838

2.055673,-6.048488,5.609794,16.053528,-0.260944,-0.220885,0.177996,7.568000,18.209838

-2.229017,4.803346,16.150274,16.056469,-0.370993,0.161489,0.237950,7.560000,18.209838

2.196979,9.653260,14.830620,16.041763,-0.112791,0.132978,0.164939,7.564000,18.209838

2.616107,1.301827,4.290139,16.044704,0.673007,-0.013310,0.235818,7.564000,18.209838

-4.226464,-3.945661,5.513993,16.053528,-0.163419,0.083149,0.296571,7.564000,18.209838

-3.989357,-2.295492,13.767231,16.047646,-0.549523,0.160690,0.270725,7.556000,18.209838

2.323915,8.364739,11.645244,16.050587,0.243736,0.011471,0.242480,7.556000,18.209838

4.400397,0.564161,8.184441,16.035881,0.333267,-0.029032,0.112446,7.564000,18.209838

3.107086,5.093143,7.003695,16.047646,-0.008071,0.291523,0.232620,7.564000,18.209838

1.631754,2.252650,3.796764,16.032940,0.070002,0.080218,0.119640,7.544000,18.209838

-0.198041,-2.321838,14.433046,16.024117,-0.310240,-0.022370,-0.074611,7.552000,18.209838

-0.152535,3.155572,12.799644,16.035881,0.077463,0.220377,-0.150819,7.556000,18.209838

0.343234,5.488321,3.025568,16.021175,-0.019796,0.108463,-0.334945,7.548000,18.209838

0.197137,0.116292,10.996194,16.038822,-0.319832,-0.024235,-0.286449,7.544000,18.209838

-1.591942,2.607113,10.718371,16.035881,0.143013,0.263011,-0.008262,7.556000,18.209838

-1.970355,-3.869020,8.021579,16.044704,0.163797,-0.045552,0.089264,7.548000,18.209838

-5.668265,9.267662,9.504096,16.041763,-0.462390,0.247290,0.195049,7.556000,18.209838

4.021984,0.020492,7.509045,16.059410,0.425463,-0.053013,0.167604,7.552000,18.209838

-7.045402,2.604717,15.743122,16.050587,-0.514616,0.186004,0.387702,7.560000,17.544144

1.401832,8.235409,4.879313,16.053528,0.647426,0.035985,0.220630,7.560000,17.544144

-7.102882,-4.678536,8.754455,16.047646,-0.292920,-0.271779,0.212636,7.568000,17.544144

0.513280,4.822506,13.441508,16.035881,-0.232966,0.108729,0.286712,7.564000,17.544144

-0.442333,4.678805,7.674301,16.038822,-0.103998,0.162555,0.129766,7.572000,17.544144

-4.698283,-0.985417,8.306586,16.035881,-0.211382,-0.236339,-0.370651,7.556000,17.544144

-2.502050,4.535103,10.323193,16.035881,0.186979,0.006141,-0.412485,7.560000,17.544144

-2.202672,-1.402150,6.716293,16.044704,0.512330,-0.202499,-0.594746,7.564000,17.544144

-1.117728,-3.375646,11.626083,16.041763,-0.526074,-0.104973,-0.444461,7.568000,17.544144

2.048487,5.062008,11.827266,16.041763,-0.212448,0.073290,-0.349334,7.556000,17.544144

-1.105753,5.260795,6.893525,16.065292,0.725500,-0.110836,-0.513741,7.552000,17.544144

-3.160680,-3.114589,7.585685,16.056469,-0.059232,-0.583540,-0.534525,7.552000,17.544144

-0.487838,3.177127,13.642690,16.044704,0.035629,-0.199568,-0.223030,7.556000,17.544144

-1.776359,2.765184,6.922265,16.035881,0.163264,-0.138814,-0.091931,7.552000,17.544144

-1.120123,4.465648,10.054951,16.062351,0.145944,-0.206496,-0.052228,7.548000,17.544144

1.365907,-2.309863,8.289822,16.032940,-0.161021,-0.462833,0.146819,7.556000,17.544144

-3.323541,7.227106,12.315849,16.038822,-0.069624,-0.064471,0.263530,7.556000,17.544144

-0.883016,-2.915802,8.692184,16.041763,0.217622,-0.247531,0.190253,7.548000,17.544144

-2.758317,4.345897,5.279282,16.032940,-0.421888,-0.130554,0.216633,7.556000,17.544144

1.698815,4.604559,10.124407,16.041763,-0.051505,-0.171589,0.325083,7.548000,17.544144

1.224601,1.083880,10.294453,16.047646,-0.219642,-0.297359,0.542516,7.556000,17.544144

-1.488956,5.811649,9.259805,16.038822,0.065472,0.000546,0.571028,7.544000,17.544144

0.985099,3.004686,12.667917,16.035881,0.164863,0.017599,0.899576,7.560000,17.544144

-2.051786,-4.079782,9.894485,16.032940,-0.227370,0.108197,1.001898,7.560000,17.544144

-6.185590,5.399705,9.022697,16.032940,-0.305177,0.393045,0.888385,7.572000,17.544144

4.496198,2.228699,8.790380,16.021175,0.117965,-0.256591,0.734636,7.572000,17.544144

1.792220,2.571187,10.682446,16.035881,0.040158,-0.022104,0.719447,7.568000,17.544144

0.702486,-0.511203,9.554392,16.050587,0.530982,0.373060,0.703993,7.580000,17.544144

-2.293683,0.303104,4.682922,16.044704,-0.254283,0.252619,0.460712,7.576000,17.544144

0.994679,3.172337,7.135422,16.029999,0.178452,0.223841,0.275254,7.564000,17.909794

0.702486,-7.691471,11.645244,16.024117,-0.412028,0.255284,0.079404,7.568000,17.909794

2.129918,8.704832,15.702407,16.029999,0.049485,0.771422,-0.171070,7.564000,17.909794

4.433927,4.226146,6.460026,16.029999,0.232544,0.363201,-0.517738,7.568000,17.909794

0.680931,1.754486,10.368698,16.027058,-0.246822,0.309909,-0.927291,7.568000,17.909794

1.119220,2.640643,9.334050,16.024117,-0.416825,0.435146,-0.937683,7.560000,17.909794

0.498910,5.418866,7.523415,16.024117,0.207763,0.519082,-1.098360,7.560000,17.909794

-4.568952,-1.339880,8.883786,16.024117,-0.379254,0.205722,-1.323787,7.552000,17.909794

-0.614774,2.997501,13.736095,16.024117,0.157135,0.234500,-1.203612,7.560000,17.909794

-0.856671,-1.770983,7.947333,16.027058,-0.245756,0.080218,-1.099692,7.564000,17.909794

-3.311566,6.233172,10.881232,16.018234,-0.198858,0.345615,-1.169772,7.564000,17.909794

0.271383,3.608231,9.932805,16.027058,0.092385,0.115924,-1.084770,7.564000,17.909794

0.877323,0.892279,5.319997,16.018234,0.187779,-0.213957,-0.806583,7.560000,17.909794

-4.988080,3.198682,11.506332,16.032940,-0.262543,-0.111369,-0.564902,7.564000,17.909794

0.024696,2.116133,6.069638,16.024117,0.368174,0.003477,-0.250743,7.572000,17.909794

-2.037416,-3.969611,9.396320,16.012352,-0.173811,-0.605656,-0.071680,7.572000,17.909794

-3.165470,2.911280,11.017749,16.029999,0.119564,-0.065537,0.253671,7.576000,17.909794

0.427059,7.303746,7.978468,16.024117,0.562158,-0.102575,0.287778,7.576000,17.909794

-4.322265,-4.441430,8.182045,16.035881,0.123561,-0.453240,0.263530,7.576000,17.909794

-4.092343,2.659803,11.947017,16.018234,-0.420555,-0.249130,0.290443,7.568000,17.909794

0.860558,5.890685,7.245593,16.024117,0.693791,-0.430058,0.081003,7.572000,17.909794

-2.971473,-2.249987,8.996352,16.032940,-0.171146,-0.406342,-0.026115,7.568000,17.909794

1.967057,1.249136,7.796447,16.027058,0.369240,-0.178784,0.088464,7.560000,17.909794

0.019906,2.259835,10.897998,16.035881,-0.596953,-0.298159,0.044764,7.556000,17.909794

4.096229,8.941939,15.012641,16.032940,0.681534,-0.092450,0.123371,7.564000,17.909794

2.764598,1.320987,6.931845,16.032940,0.295163,-0.359179,-0.056758,7.564000,17.909794

0.189952,6.695411,9.619058,16.032940,-0.037915,-0.127623,-0.045033,7.552000,17.909794

-0.375272,2.712493,5.068520,16.027058,0.609056,-0.205963,-0.210240,7.560000,17.909794

-5.416789,-5.155146,13.954042,16.029999,-0.813054,-0.233408,-0.266730,7.548000,17.909794

2.994520,8.331209,10.165122,16.038822,0.469696,0.022662,-0.313894,7.568000,17.949242

2.697538,0.157008,4.247028,16.032940,-0.029388,-0.406875,-0.366654,7.552000,17.949242

-1.373995,5.428446,10.241762,16.024117,-0.385915,-0.125225,-0.069815,7.552000,17.949242

-0.365692,5.914635,11.662009,16.027058,0.035096,0.050907,0.529193,7.556000,17.949242

-1.776359,-4.721647,9.997471,16.024117,0.126492,-0.191840,0.680544,7.556000,17.949242

-4.427645,0.291129,15.862873,16.035881,-0.949217,-0.111635,0.761548,7.560000,17.949242

2.103573,10.457987,7.691066,16.035881,0.267984,0.131379,0.872397,7.564000,17.949242

-0.310607,-3.433127,5.854086,16.038822,0.169126,-0.233675,0.715184,7.560000,17.949242

-3.215765,5.054823,15.125207,16.032940,-0.271336,-0.072199,0.694933,7.556000,17.949242

2.532281,-1.521901,8.641890,16.041763,0.571751,-0.374367,0.532924,7.560000,17.949242

-0.166906,-2.714621,14.289346,16.041763,-0.079217,-0.022104,0.551576,7.564000,17.949242

0.941988,3.821388,6.052873,16.038822,-0.142368,0.211318,0.417545,7.576000,17.949242

-0.751290,3.107671,8.411967,16.035881,-0.253217,0.282729,0.163074,7.556000,17.949242

0.819842,5.651183,12.782878,16.018234,0.070002,0.183339,0.005861,7.556000,17.949242

2.280804,-1.861994,9.918435,16.018234,0.174455,-0.022637,-0.157481,7.552000,17.949242

2.187399,6.901383,12.952925,16.027058,0.156603,0.375991,-0.123373,7.564000,17.949242

-1.558412,2.477782,4.888893,16.021175,0.489414,0.252353,-0.210773,7.564000,17.949242

-4.727023,-2.982863,7.544970,16.021175,-0.215912,-0.126557,-0.296041,7.548000,17.949242

-1.979935,0.355794,9.925620,16.021175,-0.032852,0.121786,0.092461,7.548000,17.949242

-1.462611,1.639525,10.050160,16.027058,-0.124782,0.268607,0.306430,7.556000,17.949242

-2.003886,7.325301,8.620334,16.029999,-0.039780,0.339486,0.186256,7.548000,17.949242

-1.084198,-0.405822,8.452682,16.029999,-0.059499,-0.045286,0.226758,7.556000,17.949242

-3.778595,8.714413,10.021420,16.047646,0.028701,0.239563,0.340271,7.552000,17.949242

2.012562,-4.300124,9.214299,16.027058,0.150740,-0.461767,0.388234,7.568000,17.949242

-5.608390,4.875196,9.096943,16.041763,-0.021927,0.466589,0.521466,7.568000,17.949242

-0.063920,0.118687,8.689790,16.041763,-0.061630,-0.065004,0.319487,7.572000,17.949242

-1.393156,1.117410,8.603569,16.018234,-0.614007,-0.271512,0.300835,7.564000,17.949242

2.029327,3.011871,11.736255,16.041763,0.561892,0.320034,0.144421,7.564000,17.949242

-2.250573,-5.313217,8.821516,16.050587,-0.150895,-0.178251,0.046896,7.572000,17.949242

-3.390602,7.176810,8.684999,16.038822,-0.073355,0.151896,-0.039438,7.568000,17.949242

2.534677,-1.397360,9.271779,16.038822,0.116633,-0.286434,-0.149487,7.560000,17.653368

-0.612379,4.719520,11.702724,16.041763,-0.380053,0.176677,-0.101790,7.556000,17.653368

0.695301,-0.805790,9.278965,16.021175,0.627442,0.067694,-0.127903,7.564000,17.653368

-2.272128,3.138807,6.110353,16.009411,-0.347811,0.029590,-0.189723,7.560000,17.653368

-1.690138,0.487520,7.952123,16.018234,0.257325,0.041048,-0.246479,7.560000,17.653368

1.971847,1.752090,10.536350,16.035881,-0.441872,-0.055678,-0.217701,7.544000,17.653368

-0.916547,6.362504,10.409413,16.012352,0.020707,0.229171,-0.251009,7.552000,17.653368

0.913248,0.307894,7.887458,16.021175,-0.013134,-0.165727,-0.315759,7.552000,17.653368

1.746715,5.972115,8.768826,16.018234,0.100379,-0.018373,-0.143891,7.556000,17.653368

1.267711,1.354517,10.383068,16.006470,-0.081348,0.046111,-0.149487,7.564000,17.653368

-1.311725,-2.202087,11.233300,16.021175,-0.140503,0.110328,-0.259536,7.560000,17.653368

1.646124,0.192933,6.797724,16.027058,-0.326227,-0.071133,-0.497753,7.560000,17.653368

0.261803,4.628509,8.479028,16.024117,-0.272136,0.111927,-0.618194,7.556000,17.653368

1.068924,3.004686,11.544653,16.035881,0.106241,0.062365,-0.749027,7.564000,17.653368

0.664166,3.237003,6.033712,16.027058,-0.069358,-0.037825,-0.760752,7.560000,17.653368

0.419874,0.712652,12.191308,16.027058,-0.180739,-0.095114,-0.578225,7.552000,17.653368

1.203046,0.477940,12.248789,16.006470,-0.172479,0.092475,-0.384240,7.560000,17.653368

-0.847091,4.602164,11.484777,16.015293,0.024437,0.210252,-0.309098,7.564000,17.653368

0.055831,2.849010,7.468329,16.018234,0.216290,-0.028499,-0.226228,7.568000,17.653368

1.241366,5.521852,8.977192,16.012352,0.156603,-0.062339,-0.144424,7.568000,17.653368

-2.432594,-1.011762,10.385464,16.021175,-0.035250,-0.047950,-0.132433,7.556000,17.653368

-0.681835,1.780831,10.311218,16.021175,0.004186,-0.050882,-0.216902,7.560000,17.653368

1.562299,0.245623,8.313771,16.024117,0.013512,0.021596,-0.191854,7.560000,17.653368

-2.664911,3.862103,12.502661,16.009411,-0.356604,0.112460,-0.167606,7.552000,17.653368

0.769547,1.625154,7.489884,16.015293,0.885910,-0.009313,-0.084470,7.564000,17.653368

-6.712494,-0.848901,12.588881,16.021175,-0.773085,-0.122560,-0.071680,7.560000,17.653368

2.687958,9.655655,10.280083,16.012352,0.557629,0.389847,0.042366,7.564000,17.653368

-1.019533,-1.366225,6.012157,16.006470,-0.090142,-0.383160,-0.014923,7.556000,17.653368

-5.531749,4.410563,12.344589,16.012352,-0.033652,0.112193,0.121239,7.552000,17.653368

-0.950077,-0.930331,7.370133,16.024117,0.323142,-0.249130,0.171867,7.560000,17.577924

-2.746342,3.454949,11.130315,16.012352,-0.196460,-0.164128,0.122305,7.564000,17.577924

1.660494,1.960457,6.694738,16.032940,0.670875,-0.060208,0.327481,7.568000,17.577924

-5.232372,-0.592633,5.157135,16.027058,-0.409364,-0.080992,0.429536,7.568000,17.577924

-4.470756,6.137372,7.705436,16.000587,-0.021661,0.354941,0.490556,7.564000,17.577924

-0.200436,-1.229709,7.401269,16.009411,-0.336886,-0.478820,0.420476,7.564000,17.577924

-1.656608,4.834481,13.640295,16.000587,0.010581,-0.031163,0.479098,7.552000,17.577924

-1.266220,7.691739,7.477910,16.009411,0.524854,0.191866,0.395962,7.560000,17.577924

-6.278996,-2.824792,8.651469,16.006470,-0.208451,-0.200900,0.311760,7.564000,17.577924

-2.075736,2.401141,10.440549,16.009411,-0.360601,-0.163595,0.403156,7.564000,17.577924

2.467616,4.994947,10.612990,16.009411,0.233344,-0.104441,0.359989,7.572000,17.577924

-1.532067,-1.229709,9.238249,16.012352,0.032431,-0.031430,0.290976,7.564000,17.577924

-2.454149,3.907608,5.171505,16.006470,0.145678,-0.118297,0.271790,7.556000,17.577924

-2.681676,-0.923146,9.195139,16.018234,0.057478,-0.349852,0.246210,7.560000,17.577924

-0.665070,-1.162648,8.229946,16.024117,-0.011002,-0.224882,0.212636,7.560000,17.577924

3.713026,5.102723,6.857599,16.012352,-0.047774,0.072491,0.183591,7.568000,17.577924

-0.799191,-0.036989,8.926897,16.006470,0.231212,-0.079926,0.202244,7.556000,17.577924

0.896483,2.734049,10.272898,16.015293,0.124094,-0.017840,-0.043701,7.560000,17.577924

1.943107,4.367452,6.282794,16.009411,0.023638,-0.055145,-0.104988,7.564000,17.577924

-1.009952,2.192774,10.462104,16.006470,-0.283860,-0.092716,-0.197450,7.552000,17.577924

0.242643,-1.687157,13.544495,16.009411,0.120630,0.005342,-0.225695,7.560000,17.577924

1.217416,10.359791,5.303232,16.009411,0.362578,0.081284,-0.349867,7.564000,17.577924

1.626964,11.214813,11.161449,16.015293,0.538976,0.139639,-0.284317,7.560000,17.577924

-0.210016,-6.041303,8.752060,16.009411,-0.355272,-0.328802,-0.317891,7.556000,17.577924

2.553837,10.733414,11.400951,15.988823,0.212293,0.087945,-0.075943,7.568000,17.577924

1.603014,0.434830,6.586962,15.994705,0.065739,-0.066603,0.056755,7.564000,17.577924

-3.311566,2.523287,10.464499,15.985882,-0.015532,0.046910,0.101254,7.572000,17.577924

-0.535739,4.906332,7.667116,16.009411,0.133420,-0.126290,0.070345,7.568000,17.577924

3.677101,-2.192507,11.226115,16.003529,0.045754,-0.156401,0.324550,7.576000,17.906100

1.131195,5.220079,13.424744,16.012352,-0.089875,0.066362,0.425006,7.572000,17.906100

1.729950,4.113580,8.268266,15.991764,0.526719,0.013069,0.430336,7.572000,17.906100

-4.542606,-1.845229,9.152028,16.012352,-0.134907,-0.163595,0.452452,7.568000,17.906100

-0.756080,5.984090,12.045212,16.009411,-0.259345,0.104733,0.637643,7.564000,17.906100

3.974083,0.794083,8.342512,16.006470,0.310618,-0.104973,0.625919,7.564000,17.906100

0.484540,5.428446,7.767707,16.000587,0.369506,0.120987,0.707989,7.560000,17.906100

-1.362020,-6.007772,7.367738,16.021175,-0.210316,-0.107372,0.733570,7.568000,17.906100

-3.654054,4.108790,13.798367,15.991764,-0.330224,0.481510,0.831095,7.560000,17.906100

-2.080526,3.316038,8.804750,16.006470,0.202168,0.275002,0.613129,7.560000,17.906100

-0.957262,0.530631,7.604846,16.006470,-0.249753,0.115924,0.391432,7.556000,17.906100

-1.606312,3.313643,13.185242,16.000587,-0.236163,0.322432,0.270458,7.556000,17.906100

2.158659,2.190379,5.456513,16.006470,0.096648,0.271538,0.107916,7.560000,17.906100

-2.334398,5.418866,11.827266,16.003529,-0.610010,0.429017,0.034905,7.560000,17.906100

1.066530,2.645433,10.656101,15.980000,0.331935,-0.120162,-0.257671,7.560000,17.906100

3.061581,1.881422,8.146120,16.012352,0.149674,-0.049016,-0.085003,7.556000,17.906100

-0.883016,-0.132790,5.188271,15.994705,-0.009670,0.092742,0.042100,7.560000,17.906100

-4.825219,3.900423,9.202324,16.003529,-0.413627,0.256883,0.199579,7.556000,17.906100

2.920275,3.457345,10.002260,16.015293,0.337797,0.090344,0.527061,7.556000,17.906100

-2.741552,-0.506413,8.119775,16.000587,0.088921,-0.228878,0.553441,7.556000,17.906100

-3.821705,1.309012,7.806027,16.000587,0.114235,-0.002385,0.528927,7.564000,17.906100

-0.950077,-0.980627,6.589357,16.006470,-0.015799,-0.070866,0.683741,7.564000,17.906100

-2.068551,-0.805790,10.739926,16.021175,-0.136506,0.255550,0.667487,7.568000,17.906100

-2.731972,5.572147,9.987890,15.997646,-0.053903,0.397575,0.442593,7.568000,17.906100

-1.242269,3.090906,8.179650,15.994705,0.185647,0.140172,0.164939,7.560000,17.906100

-0.327372,-0.314811,7.686276,16.018234,-0.143434,0.163887,0.084734,7.564000,17.906100

0.513280,0.327054,14.598303,15.988823,-0.260944,0.275269,-0.024516,7.564000,17.906100

2.960990,2.180799,10.100456,16.015293,0.167794,0.317636,-0.308565,7.564000,17.906100

2.465221,3.270533,7.063571,16.000587,0.059344,0.229437,-0.425275,7.556000,17.906100

1.286871,3.325619,9.484936,15.988823,0.412939,0.320034,-0.572096,7.552000,17.906100

-1.292565,-5.411413,9.516071,16.015293,-0.444537,0.221177,-0.834295,7.556000,17.735487

2.458036,9.938268,9.916039,16.012352,0.186180,0.327495,-1.012559,7.552000,17.735487

3.071161,9.140726,10.955479,15.980000,0.115834,0.310175,-1.065585,7.540000,17.735487

-0.770451,4.044125,11.103970,16.009411,0.178985,0.198527,-1.220666,7.548000,17.735487

-1.699718,5.952955,8.639494,16.009411,0.267984,0.002677,-1.306733,7.560000,17.735487

-1.129703,2.923255,6.299560,15.991764,0.370838,-0.067136,-1.217468,7.560000,17.735487

-1.247059,-0.254936,10.054951,15.985882,-0.296117,-0.082324,-1.173769,7.560000,17.735487

0.007931,5.512271,9.702883,16.003529,0.023371,0.194530,-0.819107,7.560000,17.735487

1.100060,2.655013,9.070598,15.991764,-0.134108,0.052239,-0.708791,7.564000,17.735487

-4.209699,-2.671510,11.187795,16.006470,0.310618,-0.077794,-0.622191,7.572000,17.735487

-2.408644,2.161639,9.180769,15.997646,-0.501293,-0.066869,-0.508678,7.576000,17.735487

0.063016,7.018739,6.840834,16.006470,0.248532,0.001345,-0.288580,7.568000,17.735487

0.295333,-2.053595,10.816567,16.012352,-0.388313,-0.428992,-0.233955,7.576000,17.735487

-2.267338,5.622442,11.149475,15.994705,0.594933,0.024794,-0.147355,7.576000,17.735487

0.070201,-4.436640,8.584409,15.991764,-0.077884,-0.442315,-0.025315,7.576000,17.735487

-4.715048,4.707545,11.798525,15.994705,0.109172,0.070359,0.097790,7.576000,17.735487

1.435363,6.029596,11.927856,15.985882,0.209629,-0.157467,0.387435,7.564000,17.735487

2.410136,-2.793657,6.972560,15.994705,0.197371,-0.402079,0.576890,7.556000,17.735487

-7.411839,6.676251,12.351774,16.015293,0.074799,0.306178,0.631248,7.560000,17.735487

1.873651,2.391561,4.441025,16.006470,0.440918,-0.166526,0.656562,7.564000,17.735487

-2.717601,-0.571078,8.958032,16.000587,-0.626264,-0.390888,0.719181,7.544000,17.735487

-0.039970,4.765025,12.442785,15.988823,0.219221,0.120187,0.821769,7.552000,17.735487

-1.359625,-1.002182,7.918593,15.994705,0.100112,-0.105506,0.768743,7.560000,17.735487

-2.779872,3.354359,9.123288,15.994705,0.000722,0.028258,0.673616,7.556000,17.735487

-3.452872,3.162757,6.912685,15.991764,-0.194062,-0.019173,0.557172,7.560000,17.735487

-3.086434,2.192774,12.385304,16.000587,-0.086145,0.089544,0.470571,7.552000,17.735487

0.731227,2.255045,8.517348,15.991764,0.190443,0.029857,0.562767,7.560000,17.735487

-0.284262,2.096973,5.466093,15.991764,-0.022727,-0.038358,0.316823,7.564000,17.735487

-3.713929,2.781949,7.298283,15.997646,0.124893,-0.031163,0.022648,7.560000,17.735487

-1.793124,-2.580500,10.325588,15.988823,0.012979,-0.151604,-0.208109,7.572000,17.703694

-2.892438,4.925492,11.027328,15.982941,-0.508488,0.169483,-0.176133,7.572000,17.703694

2.980150,4.314762,7.283913,15.971176,0.492079,-0.043687,-0.263266,7.568000,17.703694

-4.343820,-1.344670,7.418034,15.997646,-0.278531,-0.183047,-0.273925,7.568000,17.703694

-1.944010,2.827454,11.858400,15.982941,-0.052304,0.221177,-0.133499,7.572000,17.703694

-0.538134,2.872960,8.083850,15.985882,-0.042978,-0.051947,-0.161744,7.576000,17.703694

-0.643515,1.311407,7.700646,15.994705,0.367907,-0.146542,-0.179064,7.576000,17.703694

0.197137,1.050350,8.196416,15.994705,-0.286525,-0.130820,-0.086602,7.576000,17.703694

0.101337,2.990316,8.998747,15.988823,0.229880,-0.100444,0.001864,7.564000,17.703694

1.162330,-2.266752,15.386265,15.994705,-0.210849,-0.342391,0.051426,7.572000,17.703694

3.040026,7.818675,7.865902,15.994705,0.103843,-0.141479,0.170801,7.564000,17.703694

0.266593,7.085799,10.277688,16.003529,0.374302,0.031189,0.235818,7.568000,17.703694

1.243761,0.145033,5.557104,15.988823,0.045221,-0.257124,0.171334,7.556000,17.703694

1.380277,2.817874,10.818962,15.977058,-0.298515,-0.092183,0.237683,7.560000,17.703694

-2.030231,3.692056,9.444221,15.988823,0.220021,0.067694,0.211303,7.556000,17.703694

-0.892597,1.718560,9.578342,15.994705,-0.098136,-0.053013,0.097524,7.556000,17.703694

-1.299750,3.984249,6.004972,15.985882,0.228814,-0.004517,0.159077,7.564000,17.703694

-1.170419,-1.596147,10.811777,15.988823,-0.461590,0.031189,0.055689,7.556000,17.703694

2.048487,4.585399,14.701289,15.991764,-0.119719,0.081017,-0.123640,7.564000,17.703694

1.502423,4.312366,9.508886,15.988823,0.394820,-0.022370,-0.294442,7.568000,17.703694

3.473524,2.650223,4.426655,15.982941,0.268517,-0.130820,-0.394099,7.564000,17.703694

0.506095,0.784503,7.250382,15.982941,-0.467719,0.122852,-0.338142,7.568000,17.703694

0.031881,1.847891,13.527729,15.994705,-0.123716,0.268607,-0.397297,7.564000,17.703694

3.119061,6.738522,10.612990,15.994705,0.053748,0.156426,-0.432204,7.576000,17.703694

3.071161,1.993988,8.665839,15.991764,0.352985,-0.078327,-0.434069,7.572000,17.703694

-1.603917,-0.580658,8.323352,16.006470,-0.182604,-0.001852,-0.338142,7.568000,17.703694

-1.951195,3.256163,9.872930,15.988823,0.003120,0.091676,-0.184127,7.564000,17.703694

0.391134,-1.976955,10.402228,15.988823,-0.070956,-0.061807,-0.079141,7.576000,17.703694

-1.623077,6.570870,10.407019,15.977058,0.195240,0.169749,0.177463,7.560000,17.703694

0.872533,-2.851137,8.771220,15.991764,-0.004607,-0.280839,0.234752,7.568000,18.011055

1.001864,-4.139657,7.487489,15.991764,-0.053103,-0.131620,0.605934,7.556000,18.011055

-3.601364,4.815321,11.599738,15.985882,-0.181005,0.418092,0.653098,7.560000,18.011055

0.889298,0.727022,10.795012,15.994705,0.241338,-0.002385,0.522532,7.560000,18.011055

-3.630104,4.171061,10.050160,16.000587,-0.116255,0.176411,0.537720,7.560000,18.011055

-1.275800,11.128592,10.907578,15.997646,0.193374,0.545195,0.328813,7.552000,18.011055

1.025814,-2.623610,8.835886,15.997646,-0.044577,-0.476422,0.130032,7.552000,18.011055

-1.627867,4.954232,10.339958,15.994705,-0.096270,0.498298,0.196648,7.564000,18.011055

-2.664911,3.632181,8.668234,15.994705,0.090786,0.321367,-0.069015,7.568000,18.011055

-2.046996,2.583162,10.751902,15.982941,-0.345413,0.080484,-0.340007,7.560000,18.011055

0.161212,4.549474,8.716135,15.991764,0.566688,0.122852,-0.378911,7.564000,18.011055

-2.305658,-2.101496,11.127919,15.985882,-0.270537,-0.166526,-0.326684,7.560000,18.011055

1.775455,5.181759,8.392807,15.994705,0.387093,0.230236,-0.313095,7.572000,18.011055

-5.134176,-2.084731,8.383227,16.009411,-0.245489,-0.090584,-0.294709,7.564000,18.011055

-1.680558,5.691898,11.281200,15.997646,-0.074420,0.113259,-0.196118,7.564000,18.011055

0.683326,1.883817,6.249264,15.977058,0.235475,-0.044753,-0.158813,7.560000,18.011055

-3.601364,-0.298046,11.935041,16.006470,-0.073088,-0.123892,-0.137762,7.564000,18.011055

-2.133217,0.899464,8.831096,15.988823,-0.032053,-0.183846,-0.102856,7.560000,18.011055

-1.620682,3.589071,11.630874,15.980000,0.028434,-0.168392,-0.090066,7.560000,18.011055

1.995797,0.521051,8.392807,15.997646,0.229080,-0.197169,-0.023983,7.556000,18.011055

-0.842301,0.192933,8.390412,15.985882,-0.067492,-0.118030,0.005861,7.548000,18.011055

-2.777477,1.402418,12.095508,15.994705,-0.062963,-0.142545,-0.053294,7.544000,18.011055

-0.207621,1.567674,9.494516,15.997646,0.092652,-0.143078,-0.180929,7.552000,18.011055

0.949174,5.042848,6.412126,16.003529,0.087322,-0.211292,-0.348001,7.548000,18.011055

0.958754,-1.548246,12.251184,15.980000,-0.047241,-0.220085,-0.325885,7.548000,18.011055

1.061739,4.762630,8.246711,15.997646,0.044955,-0.123892,-0.435667,7.552000,18.011055

-0.016019,-1.521901,11.714700,15.985882,-0.076019,0.006674,-0.449524,7.552000,18.011055

1.523978,8.067758,8.486213,15.997646,0.058278,-0.113500,-0.397563,7.560000,18.011055

2.070043,1.081485,9.128078,15.991764,-0.183937,-0.087920,-0.310164,7.556000,18.011055

2.007772,8.625797,10.510005,15.980000,0.227215,-0.155868,-0.285916,7.560000,18.011055

0.300123,-2.815212,8.548483,15.997646,0.096382,-0.293895,-0.164142,7.560000,18.011055

-0.456703,4.324342,11.127919,16.000587,-0.439474,-0.134018,0.012789,7.556000,18.011055

0.577946,5.148229,9.583132,15.985882,0.428394,-0.024235,0.180927,7.564000,18.011055

0.295333,1.538934,7.173742,15.977058,-0.079217,-0.035960,0.350130,7.556000,18.011055

-3.290011,-0.997392,7.774892,16.006470,-0.106129,-0.011712,0.419411,7.552000,18.011055

-2.902018,3.351964,11.185400,15.997646,-0.133575,0.144968,0.449254,7.560000,18.011055

-0.533344,3.086117,9.219090,15.974117,0.242403,-0.014643,0.365052,7.556000,18.011055

-0.116610,1.594019,4.057822,16.006470,-0.216978,-0.009047,0.382639,7.560000,18.011055

0.455800,-0.082494,12.713423,15.991764,-0.084546,0.057036,0.389034,7.544000,18.011055

1.277291,-2.415243,12.581697,16.000587,-0.212182,0.151363,0.441793,7.552000,18.011055

-2.336793,4.372242,9.750783,16.003529,-0.178607,0.373593,0.229423,7.556000,18.011055

0.376764,8.110868,8.035949,15.994705,0.522189,0.357339,0.064749,7.564000,18.011055

-0.301027,-4.484540,8.280241,15.994705,-0.664102,-0.331733,0.015720,7.544000,18.011055

1.988612,7.936031,13.003220,16.006470,0.344725,0.576904,0.102587,7.556000,18.011055

-0.832721,-5.600619,9.798684,16.006470,-0.080283,-0.025568,0.006927,7.552000,18.011055

-3.448082,6.398429,10.476475,15.997646,-0.243624,0.305112,0.092728,7.544000,18.011055

1.646124,1.989197,8.035949,15.991764,0.204566,0.121520,0.024247,7.548000,18.011055

-1.663793,1.423973,10.624966,16.003529,-0.237495,0.042114,-0.069548,7.540000,18.011055

0.786312,2.499337,7.367738,15.997646,-0.017131,0.132178,0.062884,7.540000,18.011055

-1.009952,1.795201,9.367580,15.991764,-0.073088,0.081017,0.035438,7.536000,18.011055

-0.035179,-0.863271,9.585527,15.991764,-0.151428,0.119921,0.132164,7.544000,18.011055

-5.886212,5.014107,10.294453,15.982941,-0.298249,0.361602,-0.056758,7.540000,18.011055

-2.353559,6.657091,9.628637,15.988823,0.068936,0.256083,-0.038372,7.548000,18.011055

-2.375113,0.659962,9.892090,15.988823,-0.193796,-0.058076,-0.157481,7.556000,18.011055

0.072596,6.240357,11.317126,15.991764,0.181650,0.086613,-0.110050,7.556000,18.011055

-3.105594,4.882381,10.533955,15.991764,-0.133575,0.056503,0.045830,7.560000,18.011055

0.927618,4.717125,6.340275,16.006470,0.415604,-0.093782,0.115643,7.564000,18.011055

-4.274364,-2.405663,7.947333,16.009411,-0.458393,-0.295494,0.278985,7.560000,18.011055

-1.747618,-0.389057,11.384187,15.982941,0.049218,-0.119096,0.432201,7.560000,18.011055

-1.318910,4.369847,9.025092,15.991764,0.288768,0.144702,0.428737,7.560000,18.011055

-1.666188,-1.591357,6.457631,15.985882,-0.311572,-0.109503,0.316023,7.560000,18.011055

-2.691256,0.233648,12.358959,15.991764,-0.391244,-0.005316,0.067947,7.560000,8.568856

1.509608,6.745707,9.882509,15.991764,0.445981,0.065829,-0.177199,7.564000,8.568856

0.082176,-5.401833,9.281360,15.994705,-0.060564,-0.162796,-0.396231,7.560000,8.568856

-0.092660,8.410245,10.507609,15.991764,-0.020062,0.207321,-0.580357,7.568000,8.568856

-0.013624,-1.665602,9.250224,15.988823,0.011913,-0.088186,-0.782335,7.560000,8.568856

3.195702,6.848692,8.071875,15.980000,0.055347,-0.096980,-0.733306,7.560000,8.568856

3.028050,2.381981,6.618097,15.985882,0.022305,-0.006915,-0.555576,7.564000,8.568856

1.030604,0.401300,9.947175,16.000587,-0.070690,0.179342,-0.348534,7.552000,8.568856

-2.470914,5.991275,11.441668,15.988823,-0.031520,0.183339,-0.302969,7.564000,8.568856

-0.432753,1.888607,5.806186,15.985882,0.124094,-0.185978,-0.387438,7.556000,8.568856

-0.784821,3.339988,13.681010,16.003529,0.012446,-0.124159,-0.297107,7.552000,8.568856

-0.257916,4.487203,7.583290,15.997646,0.272247,-0.033561,-0.272592,7.560000,8.568856

-2.442174,6.307418,5.252936,16.003529,-0.167949,-0.211558,-0.231024,7.552000,8.568856

1.217416,-0.374687,10.114826,15.991764,-0.395241,-0.379430,-0.132700,7.556000,8.568856

0.939593,4.664434,12.095508,16.006470,-0.296117,0.018132,-0.110583,7.556000,8.568856

1.533558,1.301827,10.502819,16.006470,0.174455,-0.029032,-0.142825,7.556000,8.568856

-2.023046,5.701478,8.658654,15.985882,-0.464788,-0.130820,-0.206510,7.552000,8.568856

2.855609,2.837034,7.394083,16.009411,0.126759,-0.053280,-0.090599,7.560000,8.568856

0.982704,-3.081059,10.454919,15.982941,-0.188200,-0.141479,-0.059156,7.560000,8.568856

0.355209,3.833362,10.818962,15.994705,-0.181272,-0.072199,-0.029579,7.560000,8.568856

0.288148,7.528878,9.173584,15.988823,-0.120518,0.109795,0.037037,7.560000,8.568856

-1.311725,-2.973283,11.561419,15.997646,-0.022460,-0.026101,0.046630,7.560000,8.568856

-0.327372,-0.757890,14.459392,15.985882,-0.038182,0.027458,0.058087,7.568000,8.568856

0.568365,3.807017,8.526928,15.997646,0.116367,0.005875,0.104185,7.568000,8.568856

-0.399222,2.980736,9.587922,16.000587,0.012979,0.105798,0.150816,7.568000,8.568856

-0.121400,-1.268029,8.481422,16.000587,-0.179940,0.156160,0.267527,7.556000,8.568856

-2.983449,7.715690,15.352734,16.003529,-0.205786,0.376791,0.282982,7.568000,8.568856

3.950133,0.604876,4.939188,16.003529,0.487815,-0.227813,0.148951,7.572000,8.568856

-5.766461,4.604559,9.676538,16.003529,-0.167149,0.193997,0.124970,7.560000,8.568856

3.358563,2.008358,5.753495,16.000587,0.313549,-0.125225,-0.042102,7.564000,8.568856

-2.722391,-1.931449,11.793736,16.018234,-0.227636,0.039449,0.022914,7.572000,17.567227

-1.122518,9.265267,4.826623,15.997646,0.436388,0.286993,-0.126837,7.572000,17.567227

-0.914152,-3.181650,10.241762,16.009411,-0.062430,-0.234208,-0.141226,7.564000,17.567227

-1.884135,5.440421,8.486213,16.003529,0.013779,0.186803,-0.032776,7.568000,17.567227

-3.476823,2.154454,9.693303,15.997646,0.095050,-0.070333,-0.115646,7.576000,17.567227

-4.422855,1.572464,10.569880,16.024117,-0.129578,-0.172921,-0.116978,7.572000,17.567227

0.436639,1.309012,9.518467,16.000587,0.144345,-0.207828,-0.032243,7.576000,17.567227

0.252223,0.269574,8.103010,16.012352,-0.040313,-0.234474,0.181993,7.568000,17.567227

-4.540211,1.998778,10.706396,15.994705,-0.304910,-0.171323,0.385303,7.572000,17.567227

-2.990633,0.224068,11.994917,15.985882,-0.073355,-0.140679,0.405022,7.572000,17.567227

-3.218160,3.045401,11.369817,16.009411,-0.079483,-0.116165,0.438329,7.568000,17.567227

0.894088,2.860985,3.363266,15.985882,0.290100,-0.092983,0.531591,7.576000,17.567227

-3.086434,-0.686039,9.848979,15.997646,-0.121584,-0.092716,0.364519,7.560000,17.567227

0.371974,5.215289,9.724438,16.000587,0.265852,-0.080459,0.263264,7.576000,17.567227

0.501305,1.498219,11.587764,15.997646,0.185380,-0.196104,0.262731,7.572000,17.567227

2.218534,2.808294,6.124723,16.012352,0.244802,-0.181715,0.155613,7.576000,17.567227

0.352814,2.520892,9.458591,16.006470,0.043889,-0.024768,0.164406,7.576000,17.567227

1.291661,1.100645,6.443261,16.000587,0.123028,0.002411,0.128167,7.576000,17.567227

-0.181276,2.901700,12.531401,15.994705,-0.248687,-0.104707,0.009858,7.580000,17.567227

1.495238,7.794725,7.966493,15.980000,0.584275,0.113526,-0.130568,7.588000,17.567227

-1.972750,-4.338444,5.118815,15.985882,0.217356,0.059967,-0.209174,7.576000,17.567227

-2.423014,6.106236,9.322075,16.003529,-0.549257,0.220377,-0.294975,7.576000,17.567227

4.520148,0.707862,9.104128,16.003529,0.407077,-0.127889,-0.139361,7.572000,17.567227

0.264198,0.430040,8.388017,15.988823,-0.666767,-0.143078,0.023447,7.568000,17.567227

2.872374,8.192298,10.754296,16.006470,0.473693,0.408766,0.245144,7.576000,17.567227

0.017511,-5.035395,8.074269,15.994705,-0.280662,-0.235540,0.239815,7.572000,17.567227

-2.231412,9.792171,13.240327,16.012352,-0.043777,0.523345,0.234486,7.572000,17.567227

0.834213,-5.797011,10.112432,15.997646,-0.246555,-0.375966,0.063150,7.572000,18.383416

-3.555858,4.590189,14.804275,16.018234,-0.545793,0.201192,0.179061,7.576000,18.383416

5.023102,3.586675,6.062453,15.997646,0.434523,0.106065,0.104985,7.572000,18.383416

4.694984,1.138966,6.452841,16.006470,0.094517,0.091676,0.173999,7.576000,18.383416

-3.666029,1.309012,11.733860,16.009411,-0.220442,0.208919,0.202777,7.568000,18.383416

1.995797,4.305182,9.286150,15.991764,0.266119,0.244625,0.278452,7.576000,18.383416

-1.211134,-0.456117,6.340275,16.000587,-0.293986,0.195863,0.174265,7.564000,18.383416

-0.080685,4.844061,13.925303,16.009411,0.250397,0.212650,0.112979,7.564000,18.383416

2.539467,-1.483581,9.937595,15.980000,-0.137039,0.017066,0.128700,7.568000,18.383416

-0.792006,3.442974,11.424902,15.988823,0.095583,0.300582,0.003463,7.572000,18.383416

-1.987120,4.719520,8.064690,16.006470,-0.115989,0.218246,-0.155349,7.572000,18.383416

1.986217,2.868170,8.871811,16.000587,-0.008338,0.206255,-0.092997,7.572000,18.383416

-1.148864,-1.114748,14.404306,15.994705,-0.193796,0.354674,-0.131634,7.580000,18.383416

-4.322265,2.566397,9.566367,15.988823,-0.437076,0.358938,-0.259802,7.576000,18.383416

0.522860,5.181759,9.269384,16.006470,0.080128,0.275269,-0.254473,7.584000,18.383416

-0.236361,1.323382,10.098062,15.997646,-0.043244,0.325097,-0.171337,7.584000,18.383416

-3.321146,4.336317,6.788144,15.982941,0.042823,0.512420,-0.212905,7.584000,18.383416

-2.248178,3.373519,8.835886,16.003529,0.039093,0.023461,-0.390369,7.588000,18.383416

-1.795519,6.973233,12.117063,15.977058,0.388158,0.345615,-0.458850,7.584000,18.383416

0.580340,-1.730268,1.945414,15.968235,0.242403,-0.613384,-0.553444,7.580000,18.383416

-3.421737,3.366334,8.071875,15.988823,0.004186,-0.026633,-0.425808,7.584000,18.383416

-3.385812,-1.811698,11.096785,15.997646,-0.175143,-0.118829,-0.475104,7.580000,18.383416

1.389857,2.101763,11.673985,15.982941,-0.119453,-0.145476,-0.369585,7.580000,18.383416

0.743202,1.064720,14.421071,15.982941,-0.166084,-0.005316,-0.132167,7.584000,18.383416

0.759967,3.730376,12.418835,15.991764,0.032431,0.113792,-0.167606,7.588000,18.383416

-0.030389,8.472516,7.238408,16.000587,0.362844,-0.156667,-0.272592,7.580000,18.383416

1.030604,-1.191388,4.651786,15.997646,0.251197,-0.602725,-0.128170,7.576000,18.383416

-1.354835,-5.226996,12.064372,15.988823,0.006051,-0.190508,-0.124972,7.568000,18.626634

-0.528554,8.872484,7.846742,15.980000,0.112103,-0.191041,-0.351465,7.576000,18.626634

0.884508,-0.202245,4.393124,15.982941,0.115301,-0.334398,-0.364256,7.568000,18.626634

0.352814,0.327054,11.951806,16.006470,-0.575370,-0.177185,-0.255539,7.560000,18.626634

-2.844537,3.225028,10.433364,16.000587,0.711111,0.271005,-0.356262,7.572000,18.626634

-2.724787,5.572147,10.009445,15.988823,-0.733116,-0.403411,-0.376513,7.572000,18.626634

-0.511788,4.506363,10.102851,15.997646,-0.144767,-0.170257,0.025046,7.584000,18.626634

-1.891320,3.402259,6.867179,16.000587,-0.021661,-0.098312,0.038902,7.576000,18.626634

-0.169301,-0.429772,9.587922,15.985882,-0.065094,-0.254192,0.217699,7.588000,18.626634

0.973124,8.479701,11.810500,15.997646,0.361246,-0.041555,0.233420,7.584000,18.626634

-0.037575,0.573741,3.703359,16.009411,0.165129,-0.184646,0.167604,7.588000,18.626634

-0.815956,2.688543,11.597343,15.985882,0.178985,-0.286967,0.317089,7.592000,18.626634

0.470170,-3.459472,11.185400,15.971176,0.047886,-0.380229,0.277919,7.584000,18.626634

-2.056576,0.592901,15.254539,15.991764,0.019641,-0.160131,0.377310,7.572000,18.626634

-1.944010,2.832244,8.974797,15.971176,0.578946,0.253685,0.441527,7.592000,18.626634

-4.650382,-3.686999,2.417233,16.000587,-0.173544,-0.016774,0.530259,7.576000,18.626634

-5.428763,-6.455641,14.892890,16.000587,-0.487171,-0.215555,0.707457,7.576000,18.626634

4.170475,6.796002,13.903748,16.003529,0.100112,0.294720,1.005895,7.584000,18.626634

3.214862,3.998619,5.626559,16.003529,0.155803,0.134576,0.765013,7.576000,18.626634

-4.430040,5.133858,4.060216,16.006470,0.074799,0.229437,0.749291,7.576000,18.626634

-4.439620,-1.598542,5.485253,16.021175,-0.135973,0.114059,0.598473,7.576000,18.626634

-3.122360,0.676727,13.127761,15.997646,-0.251618,0.323232,0.640042,7.576000,18.626634

4.271066,0.667147,7.422824,16.006470,-0.166084,0.175612,0.328014,7.580000,18.626634

-2.688861,7.193575,10.378279,15.988823,0.069469,0.484442,0.086865,7.576000,18.626634

3.363353,-1.608122,9.556787,16.006470,0.354584,-0.075929,-0.221698,7.580000,18.626634

-1.649423,3.699241,9.209509,16.012352,-0.263076,0.355207,-0.308565,7.580000,18.626634

0.295333,3.256163,7.791657,16.000587,0.034030,0.272337,-0.444194,7.584000,18.626634

-1.946405,5.313485,11.903906,16.000587,-0.274001,0.356273,-0.451122,7.584000,18.626634

-0.732130,4.151900,6.186994,16.006470,0.350587,0.082083,-0.510543,7.580000,18.626634

-2.008676,-1.129118,9.688513,15.991764,-0.278531,-0.093516,-0.537456,7.588000,18.689813

-4.844379,-4.561181,11.889536,16.006470,-0.175143,-0.172388,-0.390635,7.588000,18.689813

-1.510512,4.082445,9.803473,16.006470,-0.276665,0.049042,-0.144158,7.580000,18.689813

2.903510,1.103040,7.259963,16.012352,0.170991,0.008540,-0.136430,7.576000,18.689813

-3.452872,-2.319443,10.715977,16.000587,-0.306776,0.005609,-0.108452,7.576000,18.689813

-2.377509,6.602005,10.926738,16.003529,0.161399,0.010405,-0.057024,7.580000,18.689813

0.486935,2.053863,10.926738,15.991764,0.043622,-0.364508,0.030375,7.580000,18.689813

2.728673,4.621324,10.627360,15.988823,0.144878,-0.125758,0.113245,7.580000,18.689813

-0.186066,-1.629677,8.277846,15.982941,0.170459,-0.185978,0.163074,7.588000,18.689813

-1.160839,3.950719,5.135580,16.009411,-0.029388,-0.026633,0.243279,7.588000,18.689813

-0.166906,-3.397202,7.331813,15.991764,-0.223107,-0.161197,0.296305,7.576000,18.689813

0.182767,6.652301,11.446457,15.982941,-0.016065,0.024261,0.216633,7.580000,18.689813

1.734740,1.929322,9.422666,16.003529,0.475292,-0.025568,0.112446,7.580000,18.689813

-4.329450,-0.956676,10.323193,15.994705,-0.300381,-0.041555,0.058087,7.576000,18.689813

0.506095,8.503651,8.529324,15.997646,0.179518,0.136708,0.020250,7.584000,18.689813

1.282081,1.687425,3.564447,16.003529,-0.019263,-0.197969,-0.048764,7.584000,18.689813

-0.609984,-1.466816,12.943344,15.985882,-0.292387,-0.030630,-0.008528,7.576000,18.689813

0.290543,4.832086,11.944621,16.003529,-0.024059,0.140971,0.049028,7.584000,18.689813

-3.790570,5.464371,8.615544,15.997646,-0.157557,0.130313,0.016519,7.580000,18.689813

0.510885,-0.647719,14.320480,15.994705,-0.236163,0.040782,0.209705,7.572000,18.689813

3.169357,5.732613,9.954360,16.006470,0.114235,0.093008,0.158810,7.576000,18.689813

-2.063761,0.815638,8.807145,15.988823,0.172057,0.120720,0.037303,7.576000,18.689813

-1.366810,3.486085,5.111630,15.988823,0.076664,-0.188376,-0.007196,7.572000,18.689813

1.207836,-2.357763,11.729070,15.997646,-0.272935,-0.325071,0.133230,7.568000,18.689813

4.220770,4.350687,11.499147,15.974117,0.044688,0.079952,0.108715,7.580000,18.689813

-0.712970,2.041888,9.372371,15.994705,0.196305,0.226239,0.060752,7.584000,18.689813

-1.232689,1.479059,10.593830,15.997646,-0.049373,0.140439,-0.036240,7.576000,18.689813

1.162330,2.475386,9.882509,15.994705,-0.146099,-0.017307,0.128167,7.576000,18.450417

2.546652,5.974510,10.510005,15.997646,0.246134,0.078353,0.118308,7.576000,18.450417

-1.158444,-3.955241,9.044252,16.006470,-0.076552,0.029324,0.174265,7.564000,18.450417

-3.984567,3.263348,12.519426,15.985882,-0.165018,0.320567,0.407953,7.572000,18.450417

-0.284262,5.078773,4.951164,15.988823,0.230679,0.229171,0.385570,7.568000,18.450417

-2.751132,-2.942148,12.825989,16.003529,-0.506090,0.141238,0.413015,7.572000,18.450417

1.495238,8.434196,6.757009,16.015293,0.352985,0.234766,0.490290,7.568000,18.450417

-2.322423,1.275482,11.072834,16.012352,0.157135,0.083948,0.349331,7.576000,18.450417

-0.990792,-2.055990,4.857758,15.994705,-0.218044,-0.085522,0.259000,7.572000,18.450417

-5.843102,5.404496,13.249907,15.985882,-0.300381,0.575039,0.223028,7.572000,18.450417

-2.724787,8.781473,10.804592,15.985882,0.138217,0.828978,0.007460,7.584000,18.450417

-4.897069,2.599927,5.528364,16.000587,0.203766,-0.042088,-0.392234,7.580000,18.450417

-1.292565,-2.415243,12.167358,15.991764,-0.460258,-0.320275,-0.353064,7.572000,18.450417

4.215980,10.299915,14.789905,16.009411,0.404146,0.396509,-0.238219,7.576000,18.450417

3.291502,-5.301242,9.235854,16.003529,0.484618,-0.627506,-0.448191,7.584000,18.450417

-8.398588,1.692215,7.171347,15.994705,0.013246,0.519082,-0.263533,7.580000,18.450417

1.751505,1.471873,3.899750,15.997646,-0.392577,0.015468,-0.474305,7.576000,18.450417

4.606369,1.682635,16.842436,15.994705,-0.484773,-0.088186,-0.567566,7.576000,18.450417

5.329664,8.216249,12.380515,15.997646,0.691926,-0.069001,-0.974988,7.580000,18.450417

-3.462452,-4.094152,6.541457,15.985882,0.242137,-0.072465,-1.081306,7.580000,18.450417

-4.159403,1.275482,6.469606,15.985882,-0.199658,-0.320542,-1.215603,7.572000,18.450417

1.535953,1.098250,7.101892,15.988823,0.333534,-0.286967,-1.117278,7.560000,18.450417

3.025656,-2.245197,13.860637,16.000587,-0.261477,-0.273644,-1.066384,7.568000,18.450417

0.779127,4.525523,7.530600,15.994705,0.436921,-0.183313,-0.885456,7.564000,18.450417

-1.747618,1.862262,6.084008,15.977058,-0.229768,-0.225414,-0.726112,7.556000,18.450417

1.682050,-2.784076,13.400793,15.982941,0.268783,-0.316811,-0.316026,7.560000,18.450417

-1.726063,3.447764,7.485095,15.994705,-0.125581,-0.100976,-0.099925,7.568000,18.450417

-0.269891,6.307418,8.855046,15.985882,0.180318,-0.122027,-0.209174,7.572000,18.450417

-2.511630,2.353240,8.663445,15.980000,-0.049107,-0.352517,-0.131634,7.572000,18.450417

4.019588,8.774288,9.932805,15.991764,0.525387,-0.286434,0.233686,7.592000,18.450417

-3.000214,2.817874,5.878036,15.977058,-0.249753,-0.138015,0.276853,7.576000,17.917005

-1.733248,-4.834213,11.022539,15.997646,0.306887,-0.273911,0.365852,7.580000,17.917005

-1.843419,3.605836,14.270185,16.000587,-0.212448,-0.163595,0.488424,7.592000,17.917005

0.228273,3.965089,4.642206,15.971176,0.286636,0.073823,0.448189,7.588000,17.917005

-5.831127,1.004844,7.839557,15.985882,-0.444537,-0.106306,0.209705,7.576000,17.917005

-2.526000,-0.005854,8.991562,15.988823,0.021240,-0.110303,0.216899,7.576000,17.917005

0.577946,-3.495397,9.839399,15.991764,-0.487704,-0.286701,0.193184,7.576000,17.917005

3.425624,3.912398,11.020144,15.997646,0.131555,0.033854,0.215300,7.592000,17.917005

2.132313,1.407208,3.315365,15.988823,-0.043511,0.070625,0.293640,7.588000,17.917005

-2.118846,3.409444,6.670788,15.994705,-0.367796,0.085814,0.286446,7.580000,17.917005

-1.654213,2.341265,17.764519,15.988823,0.116633,0.134043,0.333077,7.584000,17.917005

2.908299,5.236844,7.070756,15.980000,0.475825,0.155893,0.261132,7.592000,17.917005

-3.196605,-2.161371,9.468171,15.982941,-0.417624,-0.540906,0.244878,7.576000,17.917005

-0.243546,10.860350,10.277688,15.991764,0.427595,0.700543,0.439662,7.588000,17.917005

-2.490075,-2.546969,10.866862,15.974117,-0.059765,-0.706912,0.070611,7.576000,17.917005

0.439034,8.134818,8.785590,15.985882,0.480088,0.119921,0.536654,7.572000,17.917005

-3.076854,-6.901115,9.022697,15.971176,-0.304378,-0.154802,0.437797,7.576000,17.917005

-4.834799,5.981695,10.874047,15.980000,-0.159688,0.630996,0.413015,7.580000,17.917005

2.182609,2.171219,5.154740,15.988823,0.067071,-0.364241,0.204908,7.580000,17.917005

-2.698441,0.442015,10.023815,15.980000,-0.276399,0.077820,0.218498,7.572000,17.917005

-1.235084,1.486243,8.261081,15.982941,0.206165,-0.108437,-0.027713,7.580000,17.917005

-4.686307,-1.373410,10.052556,15.988823,-0.391511,-0.029565,0.179061,7.580000,17.917005

-1.852999,2.722074,12.035632,15.977058,-0.155425,0.153762,0.246476,7.592000,17.917005

1.734740,1.019215,11.252460,15.971176,0.170725,-0.066869,0.272057,7.584000,17.917005

0.800682,4.645274,10.088481,15.968235,0.165662,-0.034627,0.251273,7.592000,17.917005

-0.631539,2.259835,8.558064,15.980000,0.220820,-0.033561,0.113512,7.584000,17.917005

-2.935548,-0.336366,8.562854,15.988823,0.009249,0.008273,0.016253,7.588000,17.917005

0.060621,-1.584172,10.795012,15.982941,-0.080283,-0.079659,-0.084470,7.588000,18.601732

2.266434,4.046519,10.692026,15.985882,-0.310773,0.283529,-0.225695,7.576000,18.601732

1.112035,-0.183085,8.656260,15.980000,0.339129,0.033054,-0.591815,7.584000,18.601732

-1.151259,-4.733622,4.934399,15.971176,-0.421088,-0.379963,-0.523067,7.580000,18.601732

-0.727340,2.940020,11.954202,15.980000,-0.262010,0.153229,-0.361591,7.576000,18.601732

1.322797,2.125714,10.524375,16.000587,0.307953,0.035452,-0.398096,7.580000,18.601732

1.112035,1.043165,7.923383,15.982941,-0.152494,0.010671,-0.186259,7.572000,18.601732

-1.711693,2.494547,8.553273,15.991764,-0.038182,0.130579,-0.088733,7.584000,18.601732

-1.999095,4.480018,7.099496,15.982941,-0.064561,0.010138,-0.070880,7.576000,18.601732

-2.660121,0.420460,11.427297,15.971176,-0.259612,-0.150805,-0.114847,7.580000,18.601732

1.236576,10.484332,12.684682,15.974117,0.632771,-0.031963,-0.124439,7.580000,18.601732

0.448614,-4.283359,4.577541,15.991764,0.112903,-0.347987,-0.073279,7.592000,18.601732

-3.994147,5.073983,11.915881,15.988823,-0.430681,0.105265,0.155080,7.588000,18.601732

1.011444,4.836876,8.486213,15.974117,0.492345,0.227305,0.313359,7.592000,18.601732

-1.563202,-1.521901,9.173584,15.994705,-0.417358,-0.154003,0.308829,7.584000,18.601732

-1.271010,6.235568,11.161449,15.974117,0.125959,0.050907,0.369849,7.584000,18.601732

0.419874,-1.670392,9.164003,15.985882,0.092652,-0.202232,0.440195,7.576000,18.601732

-1.053063,3.648946,9.939990,15.985882,-0.243091,0.005076,0.434066,7.572000,18.601732

-1.050668,0.942574,12.105087,15.982941,0.122229,0.211051,0.500948,7.572000,18.601732

0.599501,2.326895,6.936635,15.971176,0.039892,0.014668,0.469772,7.576000,18.601732

-0.976422,2.568792,7.825187,15.968235,0.107573,0.030123,0.421542,7.572000,18.601732

-0.145350,-1.361435,8.074269,15.965292,-0.198326,0.026126,0.426872,7.580000,18.601732

-1.520092,2.271810,15.783837,15.971176,-0.255615,0.300849,0.423408,7.580000,18.601732

2.608922,2.281390,15.264118,15.991764,0.103576,0.302981,0.455649,7.576000,18.601732

1.047369,8.058177,4.429049,15.988823,0.588272,0.343216,0.290176,7.580000,18.601732

-0.315397,1.902977,8.318562,15.985882,-0.145299,-0.041289,0.135362,7.576000,18.601732

3.370538,-0.942306,10.603411,15.980000,0.184848,-0.131353,0.174265,7.576000,18.601732

-0.320187,4.089630,10.505215,15.985882,0.154471,0.394377,0.082336,7.576000,18.601732

-2.734366,5.385335,5.566684,15.965292,0.024704,0.160690,-0.165208,7.572000,18.601732

-0.025599,3.613021,7.099496,15.974117,0.085191,0.102867,-0.177998,7.580000,18.204849

-0.614774,-2.202087,12.100298,15.985882,-0.285192,0.107664,-0.145756,7.576000,18.204849

-0.415988,0.442015,14.801880,15.980000,-0.160754,0.180674,-0.155082,7.576000,18.204849

-2.341583,6.185272,8.998747,15.988823,0.194174,0.481510,-0.126305,7.580000,18.204849

-3.927086,6.975628,8.186835,15.985882,-0.057900,0.111927,-0.197716,7.576000,18.204849

1.112035,-3.296611,9.398716,15.991764,0.127558,-0.343457,-0.008528,7.572000,18.204849

-3.891161,4.597374,9.111313,15.965292,-0.027523,0.199593,0.133496,7.576000,18.204849

-0.930917,-3.358881,8.816726,15.971176,0.079861,-0.199301,0.036770,7.584000,18.204849

-3.328331,6.822347,8.103010,15.959410,-0.152494,0.075155,0.181726,7.576000,18.204849

1.375487,-1.038107,13.230747,15.962351,0.082259,-0.220352,0.116976,7.572000,18.204849

2.355050,2.111343,13.958833,15.956469,0.103044,-0.024235,-0.007196,7.584000,18.204849

-0.083080,1.680240,3.609953,15.971176,0.198970,-0.011712,0.063150,7.576000,18.204849

-1.385971,0.607271,13.731306,15.962351,-0.282261,-0.075396,0.029842,7.564000,18.204849

2.664008,4.288416,5.650509,15.947645,0.453975,-0.034094,-0.101257,7.576000,18.204849

-3.792965,-5.346747,7.966493,15.953527,-0.380586,-0.012244,-0.089000,7.564000,18.204849

-1.400341,8.460541,12.952925,15.962351,-0.098935,0.031988,-0.130834,7.560000,18.204849

6.225401,-0.623769,7.348578,15.962351,0.162998,-0.287500,-0.282452,7.564000,18.204849

-1.347650,8.455750,17.031643,15.968235,-0.262277,0.162821,-0.345070,7.564000,18.204849

2.980150,-0.657299,4.874523,15.968235,0.769466,-0.086588,-0.276856,7.568000,18.204849

-0.952472,4.336317,9.930409,15.971176,-0.710466,-0.030097,-0.384240,7.560000,18.204849

3.820802,3.840548,6.182204,15.968235,0.524587,0.162821,-0.241949,7.556000,18.204849

0.594711,5.179364,8.649075,15.971176,-0.212448,-0.081525,-0.279787,7.560000,18.204849

-1.086593,-0.994997,10.002260,15.982941,-0.088010,-0.047950,-0.357061,7.572000,18.204849

-0.700995,12.647035,13.400793,15.971176,-0.070956,-0.039424,-0.326951,7.568000,18.204849

1.931132,1.713770,5.542734,15.982941,0.588272,-0.114566,-0.245147,7.572000,18.204849

-2.322423,5.279954,12.962504,15.991764,-0.601750,-0.088719,-0.310697,7.572000,18.204849

2.661613,-1.644047,6.546247,15.977058,0.549635,-0.048217,-0.147622,7.580000,18.204849

0.568365,4.034544,12.641572,15.965292,-1.011835,0.172148,-0.031710,7.576000,18.204849

2.369420,4.760235,8.910131,15.968235,0.443849,0.310442,0.013588,7.576000,18.204849

-2.607430,-0.499228,10.498030,15.988823,-0.318234,-0.068202,-0.123107,7.576000,18.204849

-0.993187,5.933795,8.577224,15.980000,0.265852,0.147633,-0.091931,7.580000,17.746275

0.618661,-4.577946,11.808105,15.974117,-0.244157,-0.164128,-0.075943,7.572000,17.746275

1.957477,7.938426,12.308664,15.985882,0.067871,0.082616,0.092195,7.588000,17.746275

1.476078,3.169942,5.051754,15.971176,0.597331,0.154827,0.063150,7.584000,17.746275

1.907181,0.458780,8.019184,15.985882,0.115567,-0.184646,0.047429,7.576000,17.746275

-0.047155,0.456385,14.684524,15.974117,-0.300914,0.154827,0.008259,7.584000,17.746275

0.664166,3.378309,11.623689,15.974117,0.355117,0.185204,-0.188390,7.588000,17.746275

1.909576,4.786581,10.347143,15.977058,-0.137306,0.059167,-0.454053,7.584000,17.746275

0.807867,5.794884,8.843071,15.991764,0.361246,0.217979,-0.652301,7.588000,17.746275

0.949174,-3.397202,9.537626,15.982941,-0.492767,-0.331200,-0.632583,7.580000,17.746275

-0.803981,9.432919,13.139736,15.977058,0.394554,0.449269,-0.424743,7.588000,17.746275

2.525096,0.451595,5.487648,15.977058,0.208829,-0.001852,-0.542785,7.584000,17.746275

-4.839589,-1.584172,14.634228,15.977058,-0.743774,-0.180116,-0.121775,7.584000,17.746275

-3.076854,-4.882113,13.898957,15.971176,-0.390711,-0.402612,-0.171603,7.580000,17.746275

-3.143915,-5.543139,5.878036,15.991764,0.005252,-0.684796,-0.099658,7.588000,17.746275

-0.140560,-3.579223,9.293335,15.971176,-0.207652,-0.656018,0.033306,7.572000,17.746275

-1.783544,6.848692,9.882509,15.977058,0.363910,-0.155601,0.256602,7.576000,17.746275

-0.471073,-4.154027,8.689790,15.997646,-0.058966,-0.723699,0.352262,7.580000,17.746275

-2.190697,4.123160,11.166240,15.982941,-0.297716,-0.220885,0.515337,7.568000,17.746275

0.831818,2.607113,7.863508,15.977058,0.263187,-0.256857,0.529726,7.576000,17.746275

0.563575,-0.298046,9.614267,15.974117,0.123028,-0.457503,0.609931,7.576000,18.356489

1.322797,2.207144,10.052556,15.982941,-0.323030,-0.130554,0.872130,7.576000,18.356489

0.122892,5.873919,10.955479,15.988823,0.136351,-0.017307,0.897444,7.580000,18.356489

-0.166906,5.399705,10.227392,15.977058,0.323674,-0.185712,0.892382,7.576000,18.356489

-0.478258,3.210657,10.205837,15.988823,0.179785,-0.140946,1.028810,7.580000,18.356489

0.285753,1.297037,11.240485,15.985882,-0.072822,-0.098578,1.070378,7.580000,18.356489

-0.303422,2.942415,7.913803,15.977058,0.272247,-0.009580,1.234519,7.588000,18.356489

-1.534462,-1.543456,8.117380,15.980000,0.049218,-0.081791,1.244911,7.592000,18.356489

-2.981054,6.070311,10.304033,15.994705,0.079062,0.342684,1.244378,7.584000,18.356489

-0.116610,0.619246,7.789262,15.982941,0.065739,0.040782,0.896379,7.588000,18.356489

1.270106,2.092183,12.641572,15.974117,-0.277198,0.225973,0.633114,7.588000,18.356489

2.960990,3.292088,11.745834,15.985882,-0.052038,0.393578,0.317355,7.592000,18.356489

3.085531,1.459898,10.771062,15.977058,0.309019,0.297918,0.066081,7.596000,18.356489

-1.177604,-0.300441,8.859837,15.974117,-0.016865,0.576371,-0.031177,7.596000,18.356489

2.465221,4.863221,4.757167,15.971176,-0.225771,0.331492,-0.294442,7.584000,18.356489

3.178937,-0.848901,7.123446,15.971176,0.158201,0.348279,-0.311496,7.584000,18.356489

-1.263825,-3.629518,10.840517,15.962351,-0.333688,0.490304,-0.364256,7.580000,18.356489

2.093993,11.382464,8.637099,15.953527,0.219754,0.711734,-0.443661,7.592000,18.356489

-2.906808,-7.914208,11.281200,15.971176,-0.063495,-0.135084,-0.654700,7.576000,18.356489

-1.129703,3.914793,10.586645,15.991764,0.028168,0.364267,-0.584354,7.576000,18.356489

1.622174,1.320987,6.565407,15.985882,-0.171146,0.225440,-0.587818,7.580000,18.356489

-1.647028,3.248978,11.662009,15.971176,-0.269737,0.267808,-0.432736,7.564000,18.356489

1.715580,8.331209,8.682605,15.971176,0.380431,0.165220,-0.444194,7.576000,18.356489

-0.066315,-2.633190,10.744717,15.980000,-0.584430,-0.125491,-0.121508,7.568000,18.356489

-4.432436,4.894356,10.972243,15.985882,-0.305177,0.320834,-0.055426,7.572000,18.356489

-0.796796,3.189102,8.694579,15.997646,0.241071,0.217713,-0.031444,7.584000,18.356489

-4.073183,-2.853532,10.897998,15.977058,-0.042711,0.004809,0.097790,7.584000,18.356489

-0.677045,1.740115,12.471525,15.974117,-0.623067,0.020797,0.276853,7.572000,18.356489

1.624569,6.985209,9.959150,15.985882,0.373769,0.227039,0.136161,7.576000,18.356489

-2.851722,3.447764,11.578183,15.962351,0.202701,-0.075663,0.225692,7.580000,18.308881

0.616266,1.450318,6.701923,15.985882,0.163797,-0.562756,0.153481,7.572000,18.308881

-1.436266,1.582044,13.094231,15.977058,0.052949,-0.426860,0.175065,7.572000,18.308881

1.169515,-2.345788,6.139093,15.991764,-0.166883,-0.109770,0.351463,7.576000,18.308881

-3.076854,2.255045,10.957873,15.971176,-0.435477,0.242760,0.222495,7.572000,18.308881

-1.635053,6.618771,9.686118,15.997646,0.320210,0.156693,0.054357,7.572000,18.308881

-1.917665,-6.855609,10.883628,15.982941,-0.411762,-0.187577,-0.121775,7.572000,18.308881

-0.418383,5.574542,11.719489,15.974117,-0.128779,0.303247,-0.206243,7.580000,18.308881

-0.638724,2.729259,2.472319,15.980000,0.335132,0.079152,-0.456185,7.580000,18.308881

-0.607589,2.278995,6.852809,15.962351,-0.368861,-0.097512,-0.520935,7.572000,18.308881

2.254459,2.465806,10.816567,15.982941,0.124627,-0.045819,-0.617928,7.576000,18.308881

2.362235,-0.652509,8.483818,15.974117,0.030566,-0.119362,-0.703995,7.564000,18.308881

0.407899,5.744588,11.372211,15.974117,-0.140237,0.059434,-0.739701,7.568000,18.308881

-1.424291,7.502532,15.652111,15.974117,-0.030188,0.197195,-0.662427,7.572000,18.308881

-0.444728,3.519615,5.741520,15.991764,0.580011,-0.164128,-0.665092,7.564000,18.308881

2.031722,-0.523178,11.875166,15.971176,-0.496497,-0.345589,-0.409554,7.568000,18.308881

-0.461493,8.285704,11.551838,15.977058,0.392155,0.002144,-0.019986,7.572000,18.308881

0.113312,4.245306,2.642365,15.968235,0.284771,-0.163862,0.247276,7.572000,18.308881

-3.088829,-3.219970,10.694421,15.980000,-0.454396,-0.380762,0.636578,7.572000,18.308881

-1.627867,8.201879,7.437194,15.968235,0.400416,0.171082,0.897444,7.584000,18.308881

0.007931,-3.936081,6.220524,15.959410,-0.319832,-0.374633,0.883588,7.568000,18.308881

-2.832562,8.280914,13.812737,15.977058,0.056413,0.033854,0.765279,7.572000,18.308881

-0.935707,-0.288466,4.306904,15.971176,0.401748,-0.304287,0.563300,7.576000,18.308881

-2.868488,-4.419875,10.442944,15.982941,-0.452797,0.026659,0.745561,7.572000,18.308881

2.223324,-3.035553,10.941108,15.991764,-0.378454,0.246757,0.584351,7.580000,18.308881

-4.374955,-0.738730,10.847702,15.982941,-0.575903,0.344282,0.552375,7.580000,18.308881

3.423229,12.314127,8.402388,15.985882,0.490214,0.285394,0.478565,7.580000,18.308881

1.370697,-6.925065,10.495634,15.971176,-0.297716,-0.263785,0.298703,7.568000,18.308881

-1.663793,8.925175,15.546731,15.962351,-0.017131,0.633661,0.458048,7.572000,18.308881

3.245997,-0.149555,9.848979,15.965292,0.445181,-0.062339,0.100988,7.580000,17.685161

-1.096173,3.500455,6.757009,15.980000,-0.012335,0.108729,0.009058,7.568000,17.685161

0.048646,0.377349,9.695698,15.956469,0.039892,0.212383,0.049294,7.572000,17.685161

-2.291288,0.099527,10.184282,15.977058,-0.109594,0.262212,-0.148954,7.568000,17.685161

-0.298632,5.402101,10.035790,15.974117,0.171258,0.160956,-0.276856,7.572000,17.685161

0.625846,-2.642770,1.710702,15.977058,0.074799,-0.011445,-0.413818,7.564000,17.685161

1.614989,0.226463,8.855046,15.980000,-0.173811,0.166285,-0.466044,7.568000,17.685161

-6.350846,1.285062,10.795012,15.962351,-0.284126,0.201991,-0.626455,7.564000,17.685161

0.424664,9.456868,9.547207,15.950586,0.417203,0.105798,-0.659230,7.568000,17.685161

0.223483,-2.944543,10.735136,15.974117,0.232544,-0.223016,-0.450589,7.576000,17.685161

-6.307735,1.792806,10.761481,15.968235,-0.263342,0.184405,-0.236354,7.572000,17.685161

-3.074459,8.817398,8.759245,15.971176,0.304756,-0.036226,-0.140427,7.576000,17.685161

1.974242,-3.785195,9.156818,15.991764,-0.215646,-0.699718,0.062351,7.576000,17.685161

-1.515302,3.093302,13.187636,15.965292,-0.036583,0.111661,0.234486,7.568000,17.685161

-0.578849,2.027518,5.878036,15.988823,0.426529,-0.114033,0.123904,7.580000,17.685161

-3.826495,-1.869179,10.210628,15.982941,-0.106929,-0.081525,0.183325,7.564000,17.685161

-2.257758,0.331844,7.822792,15.991764,-0.383250,-0.170257,-0.144957,7.560000,17.685161

-0.607589,5.057218,13.027170,15.971176,0.185114,-0.004784,-0.191588,7.568000,17.685161

1.332377,-1.775773,7.944938,15.974117,0.032964,-0.365840,-0.389569,7.564000,17.685161

0.034276,5.792489,10.414204,15.980000,-0.042711,-0.026900,-0.426874,7.556000,17.685161

2.175424,-3.327746,8.996352,15.971176,-0.200990,-0.257124,-0.288847,7.556000,17.685161

2.958595,14.654061,6.979745,15.968235,0.524321,0.046377,-0.249943,7.560000,17.685161

-0.322582,-8.084254,8.361671,15.980000,-0.314237,-0.173454,-0.217435,7.556000,17.685161

-4.501891,6.640326,14.512082,15.977058,-0.058433,0.163354,-0.188923,7.556000,17.685161

3.322638,3.996224,7.022856,15.980000,0.022572,-0.072731,-0.236354,7.564000,17.685161

1.545533,4.623719,10.404624,15.977058,0.015644,0.011737,-0.167606,7.560000,17.685161

0.807867,2.381981,11.973362,15.977058,0.064406,0.078086,-0.134032,7.564000,17.685161

0.606686,3.567515,8.055109,15.965292,0.178186,0.019731,-0.165741,7.564000,17.685161

-2.123636,3.184312,6.400151,15.980000,0.131555,0.008806,-0.275790,7.564000,17.685161

-0.174091,1.785621,7.516230,15.985882,-0.117587,-0.185445,-0.142026,7.568000,17.685161

-0.085475,2.942415,9.278965,15.994705,0.341794,0.031988,-0.039438,7.572000,17.161381

-2.109267,-1.948215,9.741203,15.982941,-0.372592,-0.006116,-0.044767,7.576000,17.161381

-2.363138,8.908409,9.911250,15.982941,-0.042179,0.230236,-0.009061,7.564000,17.161381

1.907181,-3.330141,8.526928,15.968235,0.044422,-0.176652,0.022382,7.568000,17.161381

-2.842142,3.670501,15.120418,16.000587,-0.470117,0.224641,0.107383,7.556000,17.161381

3.207677,4.072865,5.130790,15.980000,0.341261,-0.046085,-0.072479,7.564000,17.161381

0.074991,-0.233381,9.978311,15.982941,0.168060,0.021063,-0.093263,7.572000,17.161381

-0.971632,2.992711,6.531877,15.991764,0.126492,0.271272,-0.102856,7.568000,17.161381

-2.130822,-3.401991,10.756692,15.997646,-0.375257,0.106331,-0.166540,7.568000,17.161381

2.165843,6.894198,11.017749,15.991764,0.261589,-0.022370,-0.206776,7.576000,17.161381

-0.190856,-1.497951,6.661208,15.994705,0.178985,0.029857,-0.128170,7.568000,17.161381

-6.726864,4.468043,9.573552,15.971176,-0.134108,0.328828,-0.109517,7.568000,17.161381

-1.323700,1.531749,8.562854,15.985882,0.030832,-0.031696,-0.083671,7.564000,17.161381

-0.102240,0.923414,13.211587,15.971176,-0.076819,-0.044220,0.126568,7.564000,17.161381

0.321678,7.394757,10.093271,15.988823,-0.214580,0.166285,0.324017,7.572000,17.161381

2.414926,1.634735,4.953559,15.974117,0.340728,0.073556,0.275521,7.560000,17.161381

-5.589230,0.741392,7.142607,15.985882,-0.101333,-0.034094,0.162807,7.564000,17.161381

-2.013466,1.342542,9.013118,15.980000,-0.101333,-0.084189,0.097790,7.572000,17.161381

-1.706903,-3.021183,12.073953,15.985882,-0.345946,-0.003185,0.071944,7.564000,17.161381

-4.157008,9.488004,6.857599,15.980000,0.047353,0.630463,0.153748,7.568000,17.161381

1.329982,1.871841,5.468488,15.985882,0.066538,-0.462033,-0.124173,7.576000,17.161381

-4.631222,-2.580500,12.200889,15.991764,-0.146099,-0.196637,-0.134565,7.580000,17.161381

-4.612062,6.487044,11.499147,15.980000,-0.115722,0.082083,-0.235821,7.580000,17.161381

0.664166,-0.046569,7.434799,15.968235,0.244802,-0.163595,-0.303502,7.580000,17.161381

-0.875831,-1.006972,12.085927,15.977058,-0.364332,-0.146009,-0.366387,7.584000,17.161381

-0.298632,9.339513,9.410690,15.977058,0.340462,-0.042621,-0.472706,7.576000,17.161381

-0.509393,-1.850019,9.549602,15.974117,0.282106,-0.371436,-0.457517,7.572000,17.161381

-1.215924,0.439620,9.925620,15.988823,0.228014,-0.300557,-0.560372,7.580000,17.161381

-0.540529,-3.231945,7.173742,15.974117,-0.219110,-0.333065,-0.411686,7.572000,17.161381

-3.100805,9.294007,9.245434,15.977058,-0.189266,0.104466,-0.365055,7.572000,17.161381

2.577787,-5.634150,6.701923,15.977058,0.251463,-0.648823,-0.430871,7.564000,17.577947

-3.809730,5.143438,11.238091,15.971176,-0.240427,-0.067935,-0.239018,7.564000,17.577947

0.395924,4.968602,5.439748,15.974117,0.258391,-0.337062,-0.210240,7.560000,17.577947

4.201610,-0.463302,8.285031,15.974117,-0.151162,-0.537975,-0.009860,7.568000,17.577947

-2.842142,4.209381,12.174543,15.974117,0.046820,0.041581,0.269126,7.564000,17.577947

2.539467,2.063443,9.142448,15.985882,0.205632,-0.169724,0.321352,7.580000,17.577947

-0.183671,2.631063,7.259963,15.985882,-0.215912,-0.282437,0.377842,7.576000,17.577947

-0.037575,5.957745,10.263317,15.965292,0.010848,-0.105506,0.532657,7.576000,17.577947

-0.363297,-0.654904,10.950688,15.962351,-0.059232,-0.100444,0.510807,7.576000,17.577947

-1.036298,7.600728,11.551838,15.974117,-0.099734,-0.039957,0.430069,7.580000,17.577947

-0.523764,2.058653,9.889694,15.974117,0.273580,-0.189975,0.318421,7.588000,17.577947

-1.326095,5.811649,9.075388,15.974117,0.039093,-0.126024,0.269392,7.584000,17.577947

1.512003,0.089947,8.823911,15.971176,-0.001676,-0.062606,0.233686,7.584000,17.577947

-0.329767,3.083721,13.223561,15.959410,-0.303312,-0.058609,0.159610,7.584000,17.577947

1.016234,2.152059,10.601015,15.965292,0.159800,-0.041022,0.022115,7.588000,17.577947

1.507213,-1.124328,6.895920,15.947645,-0.286791,0.017066,0.021582,7.588000,17.577947

-2.818192,-2.324233,8.922107,15.994705,-0.597753,0.106598,0.044231,7.576000,17.577947

1.420992,-0.755495,11.606923,15.982941,-0.016332,-0.039157,0.037836,7.584000,17.577947

0.513280,5.157809,7.782077,15.980000,0.032431,0.194530,0.153215,7.588000,17.577947

0.039066,0.568951,10.998589,15.977058,-0.066427,0.063431,0.331478,7.584000,17.577947

1.308426,3.732772,11.954202,15.982941,0.019641,0.158558,0.454317,7.584000,17.577947

-0.078290,-0.935121,5.494833,15.965292,0.543506,-0.033828,0.462045,7.592000,17.577947

-6.135294,3.730376,9.719648,15.977058,-0.199125,0.188402,0.502547,7.576000,17.577947

0.728832,4.697965,9.417875,15.977058,0.316480,0.048242,0.534789,7.576000,17.577947

0.350419,-3.871415,6.515111,15.988823,0.343926,-0.263519,0.820437,7.576000,17.577947

-4.439620,4.137530,6.761798,15.980000,-0.558316,0.274203,0.998167,7.584000,17.577947

-1.148864,5.830809,10.380673,15.971176,-0.169281,0.449535,0.954734,7.584000,17.577947

0.848583,1.742511,7.669511,15.968235,0.023638,-0.063405,0.740231,7.576000,17.577947

-1.271010,1.833521,12.356565,15.959410,-0.032319,-0.037558,0.665622,7.584000,18.408420

-0.224386,-0.314811,10.663286,15.968235,-0.052038,0.065296,0.640574,7.580000,18.408420

-0.983607,6.925333,5.451723,15.994705,0.004985,0.381321,0.519601,7.588000,18.408420

-2.983449,1.385653,11.511123,15.974117,0.028168,0.013336,0.196914,7.592000,18.408420

1.315612,0.628826,12.133828,15.980000,-0.002209,-0.099911,0.317355,7.588000,18.408420

-0.432753,2.422696,10.007051,15.974117,0.049751,0.233700,0.361055,7.600000,18.408420

-5.196446,7.169625,4.247028,15.974117,-0.052038,0.498564,-0.009594,7.592000,18.408420

1.100060,0.616851,5.126000,15.968235,0.104909,-0.171856,-0.210773,7.592000,18.408420

2.764598,-5.037789,11.479987,15.974117,0.212560,-0.290165,-0.219300,7.596000,18.408420

-2.133217,2.221514,9.063413,15.971176,-0.222574,0.378656,-0.219300,7.592000,18.408420

0.484540,3.390284,10.967453,15.985882,-0.171413,0.208653,-0.409554,7.588000,18.408420

1.540743,4.973392,9.020303,15.977058,0.442517,0.128981,-0.680813,7.592000,18.408420

1.931132,-6.321520,3.289020,15.991764,-0.034451,-0.344257,-0.723713,7.580000,18.408420

-2.490075,2.135294,13.204402,15.980000,-1.039281,0.604083,-0.385306,7.584000,18.408420

5.559586,10.369371,6.163043,15.980000,0.981570,-0.051148,-0.452188,7.584000,18.408420

-3.642079,-8.960832,5.166716,16.000587,-0.577502,-0.338128,-0.374381,7.572000,18.408420

-1.009952,5.706268,12.064372,15.988823,-0.366463,0.356540,-0.079141,7.564000,18.408420

1.442548,2.870565,10.550720,15.985882,-0.166350,0.060766,-0.139894,7.564000,18.408420

-1.807494,5.701478,8.785590,15.980000,-0.017131,0.097272,-0.030112,7.576000,18.408420

0.300123,1.831126,7.262358,15.974117,-0.004874,-0.070866,0.135362,7.580000,18.408420

1.169515,1.107830,8.704160,15.971176,-0.380852,-0.117497,0.400225,7.572000,18.408420

-1.438661,4.389007,10.699211,15.991764,-0.305976,0.246757,0.483895,7.572000,18.408420

-1.546437,7.433077,10.035790,15.974117,0.309552,0.258481,0.239815,7.580000,18.408420

0.446219,-0.281281,3.413561,15.988823,0.007117,-0.209693,0.024780,7.580000,18.408420

0.829423,-3.081059,11.341076,15.994705,-0.583097,-0.099111,-0.055958,7.588000,18.408420

3.286713,7.864181,8.498188,15.991764,0.107040,0.478846,-0.076743,7.584000,18.408420

1.083295,-1.251264,9.094548,15.988823,-0.058166,0.035719,-0.363456,7.580000,18.408420

-0.310607,6.606795,14.351616,15.985882,0.199237,0.149765,-0.539321,7.588000,18.408420

6.141576,2.099368,8.778405,15.977058,0.364443,-0.066336,-0.554776,7.592000,18.408420

0.345629,5.991275,7.624006,15.982941,0.058278,0.200393,-0.515873,7.592000,18.444094

0.903668,-0.903986,6.725873,15.982941,0.435589,-0.012244,-0.441530,7.592000,18.444094

-3.220556,-2.544574,8.876601,15.982941,-0.395241,0.173746,-0.367720,7.588000,18.444094

0.728832,8.233014,11.343472,15.985882,0.289301,0.488971,-0.286715,7.584000,18.444094

3.521425,-1.941030,3.399191,15.982941,0.073200,-0.066070,-0.280320,7.584000,18.444094

-3.469637,5.725428,9.211904,15.977058,-0.187667,0.338420,-0.194785,7.580000,18.444094

0.724042,-6.810104,9.307705,15.980000,-0.076819,-0.012244,-0.204645,7.588000,18.444094

-2.200277,2.120924,10.198652,15.980000,-0.241226,0.139373,-0.211573,7.584000,18.444094

0.781522,2.971155,7.686276,15.977058,0.272514,0.178543,-0.283784,7.588000,18.444094

-1.860184,3.526800,7.671906,15.974117,0.022039,0.142837,-0.449524,7.580000,18.444094

-2.791847,2.602323,4.491320,15.977058,-0.080549,0.200925,-0.556375,7.584000,18.444094

-1.299750,-4.939594,12.485896,15.994705,-0.414160,0.065829,-0.598476,7.584000,18.444094

-3.079249,3.514825,13.029565,15.988823,-0.547125,0.345881,-0.567033,7.592000,18.444094

4.158500,9.665236,6.000182,15.994705,0.584541,-0.025834,-0.791395,7.584000,18.444094

-8.441698,0.626431,11.970966,15.994705,-0.298249,-0.156401,-0.873732,7.584000,18.444094

-2.626591,2.173614,7.839557,15.977058,0.018841,-0.104174,-0.563037,7.584000,18.444094

2.244879,3.241793,10.227392,15.977058,0.174722,-0.190241,-0.304834,7.588000,18.444094

-1.711693,-2.376923,15.973044,15.988823,-0.628929,-0.423663,-0.087135,7.588000,18.444094

-2.825377,8.826979,10.521979,15.985882,0.812100,0.268074,0.090862,7.580000,18.444094

3.274737,-2.915802,8.103010,15.971176,0.276511,-0.957387,0.035971,7.584000,18.444094

-4.913834,1.584439,9.034673,15.959410,-0.069091,-0.135617,0.125236,7.584000,18.444094

-4.113898,-0.408217,11.281200,15.980000,0.285304,-0.179316,-0.143358,7.576000,18.444094

-2.751132,6.697806,7.020461,15.982941,0.286903,-0.159065,-0.203579,7.592000,18.444094

-1.618287,-3.255895,7.703041,15.962351,-0.121851,-0.525185,-0.346136,7.572000,18.444094

0.822237,4.092025,11.851215,15.977058,0.382829,-0.268315,-0.316292,7.580000,18.444094

-1.048273,-2.994838,10.057346,15.974117,-0.090941,-0.204364,-0.241683,7.580000,18.444094

-2.590665,8.367135,8.325747,15.982941,0.179252,-0.115898,-0.303502,7.580000,18.444094

-0.918942,-1.047687,8.680209,15.977058,0.229347,-0.416202,-0.220099,7.576000,18.444094

-0.667465,3.605836,9.480146,15.991764,-0.203122,-0.298692,-0.131634,7.572000,18.444094

-1.963170,1.160521,8.831096,15.971176,0.123295,-0.279240,-0.065018,7.576000,18.261590

-0.748895,5.864339,10.854887,15.974117,-0.138371,-0.311748,0.018918,7.580000,18.261590

2.326310,1.349727,9.142448,15.982941,0.378566,-0.458036,0.255270,7.580000,18.261590

-2.111661,1.649105,9.973520,15.974117,-0.281728,-0.283237,0.483895,7.588000,18.261590

-0.147745,9.816121,8.447892,15.985882,0.673540,-0.168392,0.672816,7.588000,18.261590

-2.549950,-7.576510,3.324945,15.980000,-0.312904,-0.535310,0.831362,7.588000,18.261590

-4.166588,8.886854,10.399834,15.985882,-0.213247,0.093275,0.943276,7.584000,18.261590

2.805314,0.988079,6.579777,15.985882,0.029233,-0.290698,0.886519,7.588000,18.261590

0.125287,1.560489,10.648915,15.971176,-0.410430,-0.278707,0.804449,7.580000,18.261590

0.896483,3.011871,14.835410,15.991764,0.257592,0.081817,0.787395,7.588000,18.261590

0.810262,5.574542,10.196257,15.974117,0.464367,0.146834,0.632314,7.592000,18.261590

-1.151259,-5.188676,4.675736,15.974117,-0.203388,-0.293096,0.707989,7.580000,18.261590

-4.830009,-1.509926,15.975439,15.974117,-0.544727,0.386383,0.903306,7.592000,18.261590

6.254142,8.539577,8.392807,15.974117,0.571751,0.023461,0.718914,7.596000,18.261590

-1.424291,-1.651232,2.774091,15.971176,0.091852,-0.007448,0.592878,7.584000,18.261590

4.774020,10.472357,5.092470,15.971176,0.308486,0.498031,0.369316,7.596000,18.261590

-4.789293,-6.321520,7.573710,15.988823,0.201635,0.198527,0.114578,7.584000,18.261590

-0.535739,4.937467,9.099339,15.982941,-0.306509,0.411164,-0.121508,7.588000,18.261590

1.155145,4.968602,6.024133,15.977058,0.034829,0.221710,-0.205977,7.576000,18.261590

0.747992,-0.496833,8.265871,15.974117,-0.109860,0.074889,-0.370917,7.580000,18.261590

-2.415829,0.537816,10.909973,15.968235,-0.327293,0.246224,-0.569165,7.580000,18.261590

0.264198,9.119171,10.088481,15.971176,0.499806,0.596356,-0.529462,7.592000,18.261590

-3.927086,-0.032199,5.901987,15.965292,-0.206319,-0.112434,-0.570231,7.584000,18.261590

-2.561925,2.259835,10.651311,15.977058,-0.205254,0.047177,-0.331747,7.592000,18.261590

-4.401300,3.169942,5.954677,15.965292,0.088122,0.070092,-0.089533,7.592000,18.261590

-3.783385,-3.869020,11.559023,15.971176,-0.117321,-0.076728,-0.099925,7.596000,18.261590

-1.009952,0.650382,10.050160,15.974117,-0.310240,0.026926,0.127368,7.596000,18.506508

0.659376,5.998460,7.123446,15.968235,-0.020329,0.216647,0.048761,7.588000,18.506508

-2.161957,0.159403,14.653388,15.962351,-0.194062,-0.146009,-0.106320,7.584000,18.506508

0.891693,7.013949,13.360078,15.965292,0.128357,-0.094315,-0.029046,7.592000,18.506508

1.456918,10.869930,7.928173,15.985882,0.352719,0.180941,0.085000,7.580000,18.506508

-2.154772,-4.400714,8.174860,15.968235,0.168060,-0.502002,-0.079407,7.576000,18.506508

-2.236202,-4.139657,13.034355,15.962351,-0.315569,-0.183846,0.166804,7.580000,18.506508

0.230668,5.454791,8.335326,15.977058,0.064140,0.006408,0.331212,7.580000,18.506508

1.212626,4.305182,8.716135,15.968235,0.186180,-0.083656,0.306697,7.576000,18.506508

1.808985,2.358031,8.601173,15.959410,-0.032319,-0.267782,0.495352,7.576000,18.506508

3.442389,3.363939,6.297165,15.965292,0.290633,-0.077261,0.617392,7.580000,18.506508

-1.886530,2.310130,8.730505,15.962351,-0.212714,0.086080,0.424740,7.580000,18.506508

-1.953590,2.841825,6.194179,15.968235,0.372704,0.024527,0.385037,7.584000,18.506508

-0.674650,-0.539943,13.187636,15.965292,-0.295051,0.146034,0.385303,7.584000,18.506508

-3.220556,0.228858,9.916039,15.953527,-0.032586,0.312307,0.185457,7.584000,18.506508

1.849701,8.197088,8.598779,15.965292,-0.339284,0.328028,0.038902,7.576000,18.506508

4.884191,5.830809,3.744074,15.959410,0.529384,0.095673,-0.120442,7.572000,18.506508

-1.019533,-4.941989,16.253262,15.965292,-0.547125,0.115658,-0.103122,7.576000,18.506508

2.592157,12.393163,13.573235,15.977058,0.266119,0.611811,-0.102056,7.580000,18.506508

0.271383,-0.609399,2.675895,15.977058,0.480621,-0.126557,-0.346403,7.580000,18.506508

-3.062484,-2.602055,13.977993,15.965292,-0.772552,-0.044220,-0.188923,7.584000,18.506508

2.326310,2.868170,11.226115,15.971176,0.561359,0.597155,-0.303236,7.580000,18.506508

-2.173932,0.832403,7.580895,15.965292,0.025503,0.146834,-0.419413,7.580000,18.506508

-0.576454,1.804781,5.796606,15.962351,0.000988,0.213183,-0.427141,7.580000,18.506508

-1.963170,-4.036672,10.943503,15.977058,-0.280662,0.074622,-0.444727,7.584000,18.506508

2.436481,6.575660,9.571157,15.974117,0.042024,0.426086,-0.419147,7.576000,18.506508

3.569325,-0.551918,9.801079,15.971176,-0.054169,0.099936,-0.312828,7.572000,18.506508

-2.875673,-1.991325,13.003220,15.965292,-0.536733,0.352010,-0.283784,7.580000,18.506508

1.375487,5.263189,11.393766,15.977058,0.445181,0.366932,-0.370118,7.584000,18.506508

0.386344,2.664593,0.676054,15.980000,-0.045376,0.107131,-0.508945,7.572000,17.986840

1.234181,3.938743,12.488291,15.968235,-0.428816,-0.040756,-0.597410,7.576000,17.986840

3.226837,-0.724360,11.465617,15.982941,0.415604,0.067161,-0.560105,7.568000,17.986840

-5.009635,3.613021,9.666958,15.991764,-0.073355,0.214782,-0.634449,7.572000,17.986840

-3.697164,6.024806,4.963139,15.956469,-0.181538,0.156426,-0.776739,7.572000,17.986840

2.223324,-1.280004,11.753019,15.988823,0.625044,0.075155,-0.611533,7.584000,17.986840

-10.683436,7.018739,10.909973,15.977058,-0.085612,0.250488,-0.417282,7.576000,17.986840

4.795575,-0.458512,5.157135,15.988823,0.091852,-0.608055,-0.607269,7.584000,17.986840

-2.121242,2.314920,11.530283,15.965292,-0.250819,-0.263252,-0.425009,7.580000,17.986840

-2.439779,4.856036,7.386899,15.977058,0.195772,-0.075396,-0.223297,7.580000,17.986840

-1.936825,1.464688,6.512716,15.980000,-0.237229,-0.355715,-0.204112,7.584000,17.986840

-4.624037,1.124595,10.349538,15.968235,-0.203388,-0.254192,-0.105520,7.576000,17.986840

2.125128,-0.925541,8.550879,15.971176,0.360713,-0.476689,0.151882,7.576000,17.986840

-7.584281,-0.638139,12.289504,15.962351,-0.168482,-0.378364,0.298970,7.576000,17.986840

1.349142,5.119488,4.999064,15.965292,0.856866,-0.382361,0.396495,7.584000,17.986840

-5.922137,-4.937199,10.955479,15.962351,-0.212981,-0.950459,0.245144,7.572000,17.986840

-1.342860,1.486243,12.234419,15.962351,0.518459,-0.561424,0.435398,7.592000,17.986840

-1.115333,6.566080,7.585685,15.959410,0.305022,-0.543571,0.521999,7.588000,17.986840

-3.431317,0.442015,6.172624,15.959410,0.099047,-0.707179,0.313359,7.580000,17.986840

-2.226622,-2.070361,11.051279,15.965292,-0.081615,-0.535577,0.444192,7.584000,17.986840

1.603014,6.369689,5.454118,15.985882,0.233344,-0.272045,0.761282,7.576000,17.986840

1.296451,-0.527968,8.443103,15.968235,-0.098402,-0.232609,0.759683,7.576000,17.986840

-0.389642,2.978341,10.282477,15.977058,0.304223,-0.257390,0.441527,7.588000,17.986840

-1.285380,2.578372,8.457473,15.959410,-0.113857,-0.441249,0.367184,7.580000,17.986840

1.270106,1.349727,16.186201,15.950586,-0.330757,-0.070866,0.642440,7.584000,17.986840

4.714144,8.247384,9.135263,15.971176,0.268783,0.043979,0.773006,7.580000,17.986840

0.714462,2.173614,9.439431,15.959410,-0.094139,0.017066,0.741031,7.584000,17.986840

2.381395,6.010436,7.619215,15.965292,0.205099,0.035186,0.703993,7.588000,17.986840

-2.188302,-2.685881,10.306428,15.980000,-0.327560,0.067161,0.598740,7.592000,17.986840

-4.128268,7.143280,10.208232,15.971176,-0.110126,0.372261,0.613129,7.588000,18.102277

3.133431,1.131781,8.605964,15.956469,0.055080,-0.102042,0.501215,7.592000,18.102277

1.749110,-0.453722,10.337564,15.977058,0.084924,0.047976,0.379441,7.592000,18.102277

-0.399222,0.463570,8.443103,15.971176,-0.355805,0.223841,0.503879,7.596000,18.102277

0.259408,7.234291,8.258686,15.980000,0.696456,0.630463,0.433800,7.600000,18.102277

-2.787057,-4.635427,6.692343,15.980000,-0.329425,-0.051681,0.297904,7.592000,18.102277

0.997074,-8.249511,11.841636,15.962351,-0.260678,-0.276042,0.102853,7.588000,18.102277

-1.175209,8.415035,8.553273,15.968235,0.501938,0.569976,0.269659,7.596000,18.102277

-4.789293,-2.616425,3.035148,15.968235,-0.134108,0.333890,0.258467,7.596000,18.102277

-0.365692,4.295601,8.895761,15.968235,0.143013,0.432481,0.201977,7.596000,18.102277

7.425307,-2.417639,10.318403,15.980000,0.072134,0.202258,0.347199,7.596000,18.102277

-5.754486,9.574224,7.168952,15.965292,0.125160,0.587296,0.320020,7.576000,18.102277

4.110600,-2.376923,11.542258,15.977058,0.119031,0.055437,0.311493,7.588000,18.102277

0.769547,2.616693,9.235854,15.968235,-0.009670,0.278200,0.355193,7.580000,18.102277

-2.542765,7.952796,7.406059,15.982941,0.242403,0.563314,0.283781,7.584000,18.102277

-1.575177,-1.818883,10.900393,15.982941,-0.056567,0.037051,0.079138,7.580000,18.102277

0.862953,0.607271,11.046489,15.968235,-0.386714,0.316037,0.181460,7.584000,18.102277

0.237853,9.128751,7.305468,15.971176,0.299693,0.677360,0.107117,7.588000,18.102277

-2.018256,2.262230,6.570197,15.977058,0.213093,0.073556,-0.071413,7.584000,18.102277

-2.506840,-1.742243,9.185558,15.980000,-0.389113,0.258215,-0.168139,7.592000,18.102277

-1.168024,5.689503,11.604528,15.965292,-0.112791,0.426619,-0.292311,7.596000,18.102277

-1.326095,2.142479,8.273056,15.971176,0.055613,0.258748,-0.434868,7.588000,18.102277

-3.160680,6.010436,6.239684,15.971176,-0.116255,0.317636,-0.561171,7.588000,18.102277

2.472406,-4.477355,7.604846,15.982941,0.013779,-0.026633,-0.701064,7.588000,18.102277

-1.294960,-1.088403,11.618898,15.959410,-0.725122,0.204123,-0.711989,7.580000,18.102277

-0.387247,7.102564,8.639494,15.974117,0.595733,0.509223,-0.951539,7.588000,18.102277

3.475919,-1.500346,7.624006,15.962351,-0.066427,-0.375166,-1.259836,7.588000,18.102277

0.223483,2.367611,4.613466,15.962351,0.417469,0.066628,-1.295542,7.588000,18.102277

-2.530790,-1.706318,11.063254,15.977058,-0.583364,0.165752,-1.227860,7.588000,18.102277

-1.457821,-0.492043,11.451247,15.977058,0.011380,0.099137,-1.215337,7.580000,18.102277

-0.068710,5.253609,9.657377,15.977058,0.160067,0.053572,-1.119410,7.576000,18.102277

3.653151,0.973709,10.213022,15.953527,-0.020329,-0.228079,-1.021885,7.572000,18.102277

2.230509,6.163717,10.533955,15.962351,0.153139,-0.222217,-0.766614,7.572000,18.102277

-3.057694,-1.342275,4.793093,15.959410,-0.002476,-0.415669,-0.454853,7.580000,18.102277

-4.813243,2.475386,14.617463,15.956469,-0.053903,-0.228079,-0.295508,7.580000,18.102277

0.580340,1.002450,10.232183,15.977058,-0.054169,-0.311482,0.045031,7.580000,18.102277

-0.820746,11.756087,8.809541,15.971176,0.218955,-0.136416,0.225159,7.576000,18.102277

-0.559689,-5.334772,6.400151,15.997646,0.028967,-0.293362,0.374378,7.588000,18.102277

-4.324659,1.040770,17.546572,15.977058,-0.652378,-0.296560,0.634979,7.588000,18.102277

0.307308,11.823148,6.191784,15.980000,0.884312,-0.024502,0.685873,7.580000,18.102277

-1.879345,-8.122575,10.919553,15.974117,-0.720059,-0.561957,0.447656,7.576000,18.102277

-0.609984,9.602964,14.650993,15.980000,0.131022,-0.096980,0.542783,7.584000,18.102277

-1.790729,-1.011762,8.816726,15.985882,0.375635,-0.176119,0.395429,7.588000,18.102277

-1.817074,-1.074032,11.753019,15.980000,-0.692080,-0.215022,0.332810,7.588000,18.102277

2.697538,11.432759,12.533796,15.977058,0.271714,0.233167,0.245677,7.580000,18.102277

3.483104,-0.204640,8.905341,15.982941,0.449978,-0.054079,0.059420,7.584000,18.102277

0.896483,-0.980627,8.855046,15.968235,0.008716,0.017066,-0.101257,7.584000,18.102277

-2.025441,2.123319,7.918593,15.953527,0.224550,0.037584,-0.062620,7.580000,18.102277

-2.224227,4.211776,8.361671,15.982941,-0.107995,0.122586,-0.040504,7.580000,18.102277

0.664166,-4.937199,8.943662,15.974117,0.101711,-0.026900,0.094060,7.576000,18.102277

-4.770133,5.047637,13.822316,15.977058,-0.238561,0.236099,0.085000,7.580000,18.102277

2.822079,0.379744,6.412126,15.985882,0.235209,0.017333,0.131898,7.576000,18.102277

-2.648146,5.421261,6.139093,15.971176,-0.191664,0.047177,0.041034,7.564000,18.102277

2.862794,-1.196178,13.652270,15.971176,0.136351,-0.067402,0.092994,7.576000,18.102277

-0.962052,5.184154,11.415322,15.968235,-0.028855,0.033854,0.365585,7.568000,18.102277

0.747992,3.112462,8.704160,15.980000,0.252795,-0.002119,0.444458,7.572000,18.102277

0.747992,6.489439,6.883945,15.968235,0.423331,0.333091,0.486826,7.580000,18.102277

-3.567833,-0.314811,7.116261,15.974117,-0.269737,-0.198502,0.295239,7.576000,9.089632

-5.740116,6.690621,9.906460,15.991764,0.035629,0.304046,0.274988,7.580000,9.089632

-0.109425,-1.485976,9.556787,15.962351,-0.364598,-0.273378,0.239548,7.588000,9.089632

-1.031508,4.113580,13.252302,15.950586,-0.034185,0.168417,0.268326,7.576000,9.089632

-1.539252,0.516261,8.457473,15.977058,0.173923,0.040782,0.211303,7.588000,9.089632

-3.716325,4.650064,9.056228,15.971176,-0.097869,-0.105240,-0.001334,7.588000,9.089632

0.474960,3.189102,7.846742,15.959410,0.042823,-0.046085,0.001864,7.588000,9.089632

0.041461,0.116292,8.646679,15.971176,0.057478,-0.050349,-0.071413,7.584000,9.089632

-0.856671,-1.658417,15.963464,15.971176,-0.143434,-0.029831,-0.100458,7.596000,9.089632

-6.061049,-3.531322,5.456513,15.980000,-0.572705,-0.076462,-0.148687,7.584000,9.089632

0.098942,3.847733,11.029724,15.971176,-0.086411,-0.015176,-0.236886,7.584000,9.089632

0.970729,-0.252541,11.764995,15.982941,0.183782,-0.116698,-0.164142,7.592000,9.089632

0.944383,6.515785,7.032436,15.985882,0.030832,-0.043154,-0.030911,7.584000,9.089632

0.242643,2.144874,9.547207,15.982941,-0.200724,-0.150539,-0.012259,7.584000,9.089632

0.860558,1.423973,15.599422,15.974117,-0.028589,-0.111369,0.209705,7.580000,9.089632

1.334772,7.102564,8.364067,15.956469,0.682599,0.094607,0.323484,7.584000,9.089632

-2.614615,-5.569484,8.855046,15.962351,-0.610809,-0.158266,0.336541,7.576000,9.089632

-0.305817,9.626915,11.939831,15.977058,0.015910,0.184671,0.352529,7.584000,9.089632

1.310822,-0.563893,4.548800,15.965292,0.581077,-0.113767,0.170801,7.584000,9.089632

-1.211134,-7.035236,9.580737,15.971176,-0.713930,-0.197436,0.123637,7.584000,9.089632

-0.138165,12.187191,11.621294,15.988823,0.589338,0.246224,0.028510,7.580000,9.089632

1.401832,-0.456117,6.424101,16.000587,-0.315835,-0.131886,-0.272859,7.572000,9.089632

-0.942892,3.651341,11.762600,15.965292,0.008982,0.045311,-0.507612,7.580000,9.089632

2.788548,3.907608,9.666958,15.968235,-0.364332,0.205455,-0.500418,7.588000,9.089632

-0.027994,4.204591,9.872930,15.974117,-0.046442,0.307244,-0.415949,7.580000,9.089632

-1.704508,0.152218,6.357040,15.982941,0.045221,0.167085,-0.454853,7.584000,9.089632

-0.700995,-2.175741,8.299401,15.982941,-0.352874,0.025060,-0.373049,7.584000,9.089632

-0.514183,-6.853214,12.780483,15.968235,-0.313704,0.023461,-0.454053,7.576000,9.089632

-0.245941,8.723992,10.998589,15.980000,0.023105,0.383186,-0.442862,7.588000,9.089632

2.429296,7.397152,6.246870,15.980000,0.279442,0.281397,-0.314161,7.588000,18.174326

0.544415,-2.705041,8.526928,15.980000,-0.198326,-0.095914,-0.294442,7.580000,18.174326

-1.019533,1.685030,13.851057,15.980000,0.133687,0.168950,-0.119110,7.584000,18.174326

-2.303263,-0.628559,13.137341,15.980000,-0.026990,0.072491,0.031175,7.580000,18.174326

-2.961893,5.279954,8.582014,15.971176,0.130223,0.078886,0.015986,7.576000,18.174326

-1.718878,0.367769,8.675420,15.971176,0.040425,-0.059941,-0.113248,7.584000,18.174326

-0.116610,-1.893129,11.230906,15.968235,-0.176209,-0.109237,0.073809,7.580000,18.174326

-0.286657,12.060255,4.366779,15.959410,0.651423,0.302981,0.154280,7.564000,18.174326

-3.680399,-8.024379,7.465934,15.980000,-0.489036,-0.371169,0.029043,7.564000,18.174326

-5.263507,4.947047,15.517990,15.985882,-0.249753,0.544929,0.214501,7.568000,18.174326

-0.363297,6.321788,9.334050,15.965292,-0.122917,-0.030364,0.113245,7.568000,18.174326

-0.380062,1.598809,6.170228,15.965292,0.174722,-0.269914,0.030375,7.576000,18.174326

-3.575018,-2.245197,8.069479,15.974117,-0.055502,-0.087653,0.212369,7.572000,18.174326

-2.813402,6.096656,11.357841,15.968235,-0.408298,0.024527,0.323751,7.580000,18.174326

1.478473,6.151742,6.553432,15.982941,0.508866,-0.201433,0.170268,7.580000,18.174326

-3.766620,-6.489172,8.946056,15.974117,-0.151695,-0.337062,0.269659,7.576000,18.174326

-2.286498,1.970037,10.912368,15.971176,-0.476779,0.047443,0.479898,7.572000,18.174326

0.771942,8.838954,9.693303,15.971176,0.348988,0.155094,0.289377,7.584000,18.174326

1.737135,-0.029804,9.235854,15.965292,0.213359,-0.385292,0.110581,7.572000,18.174326

-3.151100,-1.021342,11.527888,15.982941,-0.188999,-0.122027,0.140158,7.572000,18.174326

-1.213529,2.334080,9.434641,15.965292,-0.100534,-0.145209,0.082069,7.560000,18.174326

2.692748,2.305340,6.713898,15.965292,0.254927,-0.120695,-0.056758,7.568000,18.174326

-0.734525,-4.494120,11.058464,15.968235,-0.279597,-0.109503,-0.108984,7.560000,18.174326

-0.909362,2.413116,9.013118,15.968235,-0.229235,0.013336,-0.114580,7.552000,18.174326

0.443824,6.106236,7.511440,15.956469,0.210161,0.000279,-0.257671,7.544000,18.174326

0.702486,-2.554155,7.935358,15.962351,-0.254016,-0.102309,-0.394099,7.544000,18.174326

0.173187,10.292730,8.656260,15.974117,0.094783,0.050108,-0.390102,7.548000,18.174326

1.377882,-5.452128,8.114985,15.959410,-0.272136,-0.439917,-0.391968,7.552000,18.174326

0.573155,6.132582,11.666799,15.971176,-0.093606,0.241428,-0.439931,7.552000,18.174326

-1.800309,-1.857204,5.039780,15.956469,-0.290522,-0.023436,-0.391968,7.544000,18.174326

-0.717760,1.656290,5.753495,15.950586,-0.343281,-0.169191,-0.294176,7.544000,18.174326

0.072596,0.473150,7.997629,15.962351,-0.519946,-0.178517,-0.210773,7.532000,16.859952

0.623451,3.708822,10.335168,15.962351,-0.362999,-0.034627,-0.054893,7.536000,16.859952

1.794616,0.473150,9.640613,15.985882,-0.287324,-0.113767,-0.042369,7.532000,16.859952

0.300123,5.770934,10.993798,15.974117,-0.114656,-0.082058,0.024247,7.532000,16.859952

-0.095055,2.111343,5.585844,15.971176,-0.177808,-0.172122,0.138559,7.532000,16.859952

-0.478258,6.024806,7.224037,15.971176,-0.402169,-0.164927,0.213435,7.532000,16.859952

-1.330885,3.395074,10.363909,15.968235,-0.058433,0.006141,0.489224,7.536000,16.859952

-1.879345,0.956944,8.878996,15.965292,-0.385915,-0.201433,0.362921,7.552000,16.859952

-0.308212,1.864656,9.575947,15.980000,-0.421088,-0.153736,0.380241,7.552000,16.859952

0.082176,-2.499069,9.075388,15.974117,-0.388313,-0.192640,0.433000,7.544000,16.859952

-2.128427,2.492151,8.970007,15.962351,-0.156491,0.158025,0.378109,7.564000,16.859952

-1.338070,3.416629,9.947175,15.980000,-0.144234,-0.038091,0.287778,7.564000,16.859952

0.944383,3.102882,7.882668,15.965292,-0.125848,0.002144,0.187055,7.568000,16.859952

4.165685,-1.976955,12.876284,15.982941,-0.010736,-0.187577,0.163340,7.580000,16.859952

0.446219,-1.565012,15.005456,15.971176,0.085723,0.090610,0.299502,7.588000,16.859952

-1.230294,0.147428,13.659455,15.977058,0.157402,0.266475,0.226225,7.592000,16.859952

-1.599127,2.128109,7.168952,15.977058,0.630373,0.274736,0.133496,7.608000,16.859952

-4.037257,2.022728,8.416758,15.977058,-0.328892,0.063697,0.074342,7.604000,16.859952

3.392094,6.451119,11.080019,16.000587,0.415071,0.310974,-0.016256,7.608000,16.859952

2.968175,6.664276,7.362948,15.962351,0.667145,0.384518,-0.019986,7.616000,16.859952

-2.655331,-1.481186,10.902788,15.971176,0.557362,0.088478,-0.061554,7.612000,16.859952

-1.500932,4.611744,10.368698,15.971176,0.661016,0.108729,-0.089266,7.620000,16.859952

-3.127150,1.548514,4.158412,15.977058,0.400416,0.035719,-0.070081,7.624000,16.859952

-5.184472,3.316038,12.277529,15.988823,-0.174077,0.163621,-0.009860,7.620000,16.859952

0.185162,7.013949,14.251025,15.980000,0.643163,0.149498,-0.101257,7.632000,16.859952

2.287989,2.252650,8.816726,15.968235,1.012213,-0.403145,-0.168406,7.636000,16.859952

-3.179840,1.129385,7.097101,15.988823,0.434256,-0.115365,-0.029046,7.636000,16.859952

0.012721,0.243228,10.620175,15.980000,-0.173544,0.015734,0.151083,7.632000,18.693989

-1.251849,6.685831,10.268107,15.988823,0.439053,0.270472,0.071944,7.628000,18.693989

1.607804,2.444251,12.030842,15.991764,0.028434,-0.036493,0.013055,7.620000,18.693989

0.278568,3.603441,7.480304,16.003529,0.096116,0.026393,-0.003998,7.612000,18.693989

-1.836234,-2.973283,12.102693,15.974117,0.143279,-0.141745,-0.153217,7.612000,18.693989

-1.594337,2.722074,9.077783,15.968235,-0.269205,-0.069534,-0.170004,7.612000,18.693989

-0.322582,2.372401,12.471525,15.994705,0.160333,0.020530,-0.065551,7.604000,18.693989

1.454523,-5.126405,13.822316,15.980000,-0.094139,-0.249929,-0.018920,7.612000,18.693989

2.180214,12.098576,5.799001,15.985882,0.519791,0.138307,-0.054626,7.612000,18.693989

0.702486,-5.991007,11.099179,15.980000,0.383895,-0.024768,-0.028779,7.620000,18.693989

-5.227582,8.328815,15.019826,15.985882,0.139282,0.259814,0.072476,7.624000,18.693989

2.925065,5.399705,7.875483,15.988823,0.384694,-0.075396,-0.017854,7.624000,18.693989

4.627923,9.408968,13.922908,15.982941,0.353785,0.160157,-0.075677,7.636000,18.693989

2.453246,0.351004,7.183322,15.971176,1.220854,0.119654,-0.236886,7.644000,18.693989

-4.377350,-3.967216,11.745834,15.988823,-0.133842,0.252086,-0.130035,7.644000,18.693989

3.396883,10.400506,11.695539,15.982941,0.709512,0.572108,-0.056491,7.648000,18.693989

4.692589,2.264625,5.803791,15.982941,0.830220,0.060766,-0.249943,7.644000,18.693989

-0.842301,0.382139,9.305309,15.994705,0.137950,0.385584,-0.318690,7.648000,18.693989

-0.823141,-1.186598,12.346985,15.974117,0.210161,0.189468,-0.612332,7.636000,18.693989

0.295333,9.346698,1.590951,15.977058,1.250431,0.420224,-0.875597,7.640000,18.693989

-0.679440,-5.037789,5.937912,15.977058,-0.286791,-0.051947,-0.915566,7.628000,18.693989

0.237853,4.633299,10.217813,15.965292,0.473693,0.454331,-0.807116,7.628000,18.693989

0.542020,-2.793657,1.954994,15.977058,0.439319,0.069293,-0.825502,7.616000,18.693989

-6.449042,1.797596,16.440073,15.980000,-0.787741,0.045311,-0.811913,7.600000,21.960875

2.884349,9.978983,7.600055,15.974117,0.714841,0.488172,-0.794859,7.596000,21.960875

-4.863539,1.536539,6.088798,15.994705,-0.327826,-0.630171,-0.829233,7.576000,21.960875

-4.051627,1.476663,12.893049,15.985882,-0.271336,-0.287500,-0.646173,7.572000,21.960875

-2.272128,0.691097,9.506492,15.991764,-0.303845,-0.245399,-0.484697,7.572000,21.960875

-4.063602,7.777960,9.410690,15.974117,0.024704,-0.079926,-0.240084,7.552000,21.960875

-4.849169,-0.880036,2.929767,15.977058,-0.306776,-0.724232,-0.102323,7.552000,21.960875

-1.613497,-1.730268,11.106364,15.974117,-0.576436,-0.456970,0.496152,7.536000,21.960875

-1.218319,3.737562,9.223879,15.962351,-0.205254,-0.243534,0.651499,7.544000,21.960875

-3.872001,2.851404,3.437511,15.974117,-0.081082,-0.383693,0.922492,7.544000,21.960875

-3.845655,-5.107245,12.315849,15.965292,-1.156791,-0.543571,1.251040,7.536000,21.960875

3.097506,3.646551,13.649876,15.977058,-0.334221,-0.248863,1.442626,7.544000,21.960875

-2.092501,5.835599,7.746151,15.971176,0.307687,0.083416,1.176164,7.544000,21.960875

-4.058813,-0.951886,3.935675,15.974117,-0.955878,-0.471093,1.089564,7.544000,21.960875

-1.211134,-1.634467,12.174543,15.962351,-0.077085,0.016533,1.193484,7.532000,21.960875

-0.775241,2.599927,11.235696,15.988823,-0.532736,-0.165194,0.936614,7.528000,21.960875

-0.923732,0.109107,7.451564,15.959410,-0.012601,-0.294961,0.646170,7.536000,21.960875

2.766993,0.995264,7.647956,15.965292,-0.057367,-0.312814,0.366651,7.532000,21.960875

-0.480653,-1.478791,13.386423,15.965292,-0.685152,-0.063938,0.124970,7.536000,21.960875

2.151473,6.123002,4.431445,15.974117,0.087322,0.164953,0.019983,7.532000,21.960875

-1.460216,-1.325510,13.863032,15.965292,-0.494099,0.280864,-0.136697,7.540000,21.960875

3.854332,3.107671,9.010722,15.959410,0.193374,-0.021837,-0.204911,7.552000,21.960875

4.247116,5.940980,6.649232,15.965292,-0.207652,0.285128,-0.293909,7.544000,21.960875

1.512003,1.603599,8.251501,15.982941,0.117433,0.170016,-0.216102,7.548000,21.960875

-2.772687,5.830809,10.078901,15.962351,0.076131,0.154561,-0.213971,7.552000,21.960875

-2.825377,-0.010644,7.274333,15.959410,0.016710,-0.050349,-0.247545,7.556000,21.960875

0.712067,6.798397,12.050002,15.962351,-0.024592,-0.018373,-0.259003,7.568000,21.960875

0.194742,1.447923,4.426655,15.968235,0.112636,-0.063405,-0.261934,7.556000,21.960875

-0.679440,6.211617,10.047766,15.968235,-0.026191,0.178010,-0.332014,7.564000,21.960875

4.898561,-0.913566,10.363909,15.977058,0.285304,-0.137215,-0.358660,7.564000,21.960875

-0.334557,6.024806,7.061176,15.962351,-0.637456,0.148166,-0.482298,7.564000,21.960875

2.414926,5.780514,9.281360,15.953527,0.133154,0.174013,-0.612599,7.556000,21.960875

4.350101,0.077972,14.004338,15.962351,-0.182604,-0.334131,-0.522001,7.560000,21.960875

0.151632,7.897711,5.396637,15.971176,0.130756,0.259014,-0.534792,7.564000,15.619494

-1.563202,-1.323114,10.790222,15.956469,0.179252,-0.041022,-0.646706,7.560000,15.619494

0.113312,5.303905,9.666958,15.965292,-0.282528,0.045045,-0.516939,7.564000,15.619494

1.768270,3.883658,10.543535,15.956469,0.285570,0.053838,-0.280586,7.572000,15.619494

0.649796,3.617811,3.226750,15.962351,0.165396,0.035186,-0.126305,7.572000,15.619494

-1.421896,-2.367343,8.598779,15.959410,-0.215646,-0.089519,-0.004798,7.572000,15.619494

-1.524882,-1.821279,11.563813,15.959410,-0.148763,-0.074064,0.210504,7.580000,15.619494

-0.483048,0.753367,6.191784,15.962351,0.029500,0.078353,0.431934,7.580000,15.619494

-1.747618,2.020333,9.482541,15.974117,-0.417624,-0.005316,0.342669,7.572000,15.619494

3.102296,2.108948,11.609319,15.956469,0.476091,0.072757,0.391965,7.580000,15.619494

-2.983449,-1.361435,10.462104,15.953527,-0.336353,-0.160398,0.341870,7.568000,15.619494

-1.797914,9.198207,7.616820,15.968235,0.578946,0.333357,0.364786,7.576000,15.619494

1.023419,-5.258132,9.820239,15.956469,-0.293453,-0.445513,0.213169,7.572000,15.619494

-2.552345,1.948482,12.651152,15.962351,0.235475,0.325630,0.322685,7.576000,15.619494

-2.087711,6.345738,4.517665,15.980000,0.152872,0.313106,0.252872,7.580000,15.619494

0.197137,-1.452446,8.553273,15.980000,-0.377122,-0.085255,0.180127,7.560000,15.619494

-4.401300,7.878551,15.697617,15.968235,-0.184736,0.258215,0.160143,7.564000,15.619494

4.694984,0.489915,6.095983,15.971176,0.804906,-0.049816,0.016253,7.580000,15.619494

-7.347174,3.890843,9.587922,15.971176,-0.847428,0.244625,0.100189,7.568000,15.619494

5.655387,5.541012,7.722201,15.980000,0.653555,0.174279,0.006394,7.576000,15.619494

-2.351163,9.023370,9.367580,15.974117,0.332201,0.611278,-0.023450,7.584000,15.619494

1.902391,0.647987,7.920988,15.974117,-0.056301,-0.548100,-0.289646,7.572000,15.619494

-6.717284,0.806058,12.780483,15.985882,-0.277998,-0.053013,-0.071946,7.580000,15.619494

1.049764,3.069351,7.736571,15.965292,0.427595,-0.066869,-0.128436,7.580000,15.619494

-3.139125,-1.852414,11.010564,15.977058,-0.148497,-0.341059,-0.079940,7.576000,15.619494

-0.495023,2.935230,9.257409,15.991764,0.322076,-0.199568,-0.018387,7.568000,15.619494

0.728832,0.396510,10.783037,15.980000,0.144079,-0.218753,0.031708,7.572000,15.619494

-0.495023,4.166270,9.084968,15.965292,-0.072022,-0.244333,-0.010926,7.572000,15.619494

0.331258,1.651500,8.083850,15.956469,0.211760,-0.362376,0.079937,7.568000,15.619494

1.444943,1.340147,10.859677,15.962351,0.004452,-0.313880,0.231821,7.560000,17.312589

0.510885,2.961576,7.679091,15.968235,0.354851,-0.141745,0.393031,7.572000,17.312589

-2.020651,-3.629518,12.658337,15.965292,-0.264941,-0.051414,0.564899,7.568000,17.312589

-0.911757,12.589554,10.505215,15.971176,0.200569,0.184405,0.495352,7.564000,17.312589

1.988612,-0.360317,3.899750,15.977058,0.232278,-0.302955,0.402357,7.580000,17.312589

-5.031190,5.507482,11.812895,15.977058,-0.281462,0.167884,0.373579,7.576000,17.312589

2.132313,-0.063334,8.684999,15.965292,0.209362,-0.111635,0.238749,7.584000,17.312589

-1.414711,-6.122734,10.296848,15.977058,-0.653177,-0.182514,0.224360,7.572000,17.312589

-1.812284,6.113421,8.079060,15.953527,0.199237,0.399973,0.302434,7.576000,17.312589

-0.550109,-2.999628,9.041858,15.977058,-0.138904,0.089011,0.439395,7.568000,17.312589

1.555114,5.256004,11.697934,15.971176,-0.089609,0.133510,0.417545,7.576000,17.312589

1.495238,1.115016,6.369015,15.962351,0.296762,0.243826,0.390100,7.576000,17.312589

1.217416,4.058495,9.980705,15.991764,-0.262543,0.142304,0.332011,7.584000,17.312589

0.537230,0.140242,7.518625,15.971176,0.279442,0.097538,0.405821,7.572000,17.312589

-1.057853,2.643038,8.670630,15.968235,-0.131976,0.191333,0.347732,7.576000,17.312589

-1.232689,-4.063017,11.678774,15.965292,0.137151,0.067694,0.255803,7.572000,17.312589

-1.759594,6.151742,11.889536,15.974117,-0.269471,0.407167,0.183858,7.576000,17.312589

4.354891,6.987604,8.584409,15.971176,0.416403,0.251820,-0.035707,7.572000,17.312589

2.802919,1.299432,9.420271,15.971176,0.034030,0.099670,-0.115913,7.560000,17.312589

3.437599,4.798556,6.927055,15.968235,-0.050172,0.278466,-0.235288,7.556000,17.312589

-0.430358,-2.740966,8.814330,15.980000,0.066005,0.274203,-0.369318,7.564000,17.312589

-1.898505,2.592742,9.166399,15.977058,-0.445603,0.550258,-0.499086,7.556000,17.312589

-1.984725,2.552027,11.539863,15.968235,-0.198059,0.488172,-0.718118,7.548000,17.312589

3.087926,5.085958,9.477751,15.977058,-0.201257,0.353076,-0.834029,7.552000,17.312589

3.298688,1.562884,9.643007,15.977058,-0.050439,0.448203,-0.829499,7.564000,17.312589

-2.240993,5.382940,11.388977,15.965292,0.088921,0.261412,-1.105821,7.560000,17.312589

1.131195,-0.551918,6.785749,15.965292,0.202168,-0.116698,-1.253707,7.568000,17.312589

-3.100805,3.886053,13.326548,15.980000,-0.952947,-0.187577,-1.154317,7.556000,17.312589

2.766993,1.002450,5.760680,15.962351,0.753745,0.419958,-1.088501,7.560000,17.312589

-8.877592,2.578372,15.211428,15.971176,-0.350209,0.237164,-0.879061,7.564000,17.312589

0.292938,1.012030,7.758127,15.965292,0.268250,-0.351185,-0.840957,7.572000,17.312589

-0.698600,6.978024,7.758127,15.959410,-0.035517,-0.203032,-0.602739,7.564000,17.312589

-2.779872,0.597691,10.002260,15.962351,0.332468,-0.238205,-0.355995,7.564000,17.131633

-3.730695,-2.053595,9.896879,15.965292,-0.071489,-0.165194,-0.235288,7.568000,17.131633

-5.218002,4.800951,6.378595,15.953527,-0.097070,-0.200367,-0.059156,7.576000,17.131633

-1.960775,2.956785,8.661049,15.959410,0.113702,-0.670673,-0.213971,7.568000,17.131633

-2.739156,0.944969,12.478710,15.980000,0.258391,-0.570483,-0.195052,7.572000,17.131633

-1.395551,5.984090,8.524533,15.971176,0.391356,-0.432989,-0.028513,7.580000,17.131633

-1.833839,2.243070,6.831254,15.974117,0.021506,-0.709843,0.313092,7.580000,17.131633

-1.491351,9.042530,10.859677,15.956469,0.568820,-0.320009,0.632314,7.592000,17.131633

-1.910480,-1.979350,12.744557,15.971176,0.162731,-0.662679,0.687205,7.588000,17.131633

-1.491351,8.446171,6.661208,15.965292,0.589871,-0.249663,0.713052,7.604000,17.131633

5.049447,-0.939911,2.031635,15.974117,0.085723,-0.655218,0.612063,7.604000,17.131633

-4.573741,5.253609,10.818962,15.959410,-0.188733,-0.138548,0.780734,7.592000,17.131633

3.756136,-2.199692,17.589682,15.944704,0.172857,-0.239004,0.855077,7.600000,17.131633

3.066371,4.297997,9.532837,15.974117,0.820361,-0.027699,0.612596,7.592000,17.131633

-3.931876,0.293524,7.667116,15.971176,-0.573771,-0.113767,0.452452,7.580000,17.131633

-1.515302,1.174891,11.532678,15.971176,-0.478378,-0.102042,0.664556,7.572000,17.131633

0.882113,3.603441,11.432087,15.965292,0.218155,0.122586,0.514538,7.576000,17.131633

-1.038693,2.178404,9.813054,15.974117,-0.331024,-0.254459,0.158011,7.576000,17.131633

2.704723,7.090590,8.285031,15.956469,0.328204,0.118855,0.230489,7.576000,17.131633

1.076110,-3.924106,5.046965,15.944704,-0.444803,-0.014909,0.173999,7.580000,17.131633

-0.875831,1.610784,13.530125,15.950586,-0.165018,0.340285,0.245677,7.580000,17.131633

0.029486,2.583162,11.388977,15.953527,0.108106,0.223042,0.150284,7.588000,17.131633

0.855768,1.150941,5.712780,15.965292,0.065206,0.203857,0.107117,7.584000,17.131633

0.771942,4.199801,12.035632,15.965292,-0.225505,0.175612,0.069812,7.592000,17.131633

-1.577572,-0.063334,2.819597,15.947645,0.500073,0.399973,-0.019187,7.584000,17.131633

-2.528395,-4.738412,11.635664,15.965292,-0.138638,-0.138281,-0.034641,7.580000,17.131633

-2.111661,4.508758,3.514152,15.956469,0.635169,0.517749,0.378109,7.600000,18.429408

-5.074301,1.608389,10.601015,15.950586,-0.954546,-0.066336,0.299236,7.584000,18.429408

4.776415,4.741075,11.487172,15.950586,0.598930,0.401305,0.322418,7.592000,18.429408

-1.424291,2.542447,7.226432,15.944704,0.132887,-0.276842,0.470838,7.576000,18.429408

-0.360902,-3.325351,8.546088,15.944704,-0.417624,0.046910,0.846017,7.580000,18.429408

0.266593,5.404496,10.184282,15.950586,0.187779,0.486573,1.031209,7.588000,18.429408

-3.630104,0.135452,9.839399,15.962351,-0.213514,-0.046885,0.959530,7.580000,18.429408

-1.072223,5.861944,9.939990,15.944704,0.358048,0.419958,1.074375,7.588000,18.429408

-1.714088,-0.614189,7.413244,15.941763,-0.195128,0.045045,0.713852,7.592000,18.429408

-1.852999,1.416788,7.863508,15.941763,-0.309707,-0.094581,0.393564,7.588000,18.429408

-0.183671,7.054664,8.687394,15.938822,0.326339,0.425553,0.319754,7.592000,18.429408

-1.065038,-9.176383,11.992521,15.941763,-0.103465,-0.104174,0.298437,7.588000,18.429408

-4.489916,11.504610,9.944780,15.938822,0.204566,1.003777,0.347466,7.600000,18.429408

-1.527277,5.943375,5.806186,15.950586,0.309019,-0.320808,-0.314960,7.600000,18.429408

-0.926127,-2.446379,5.142766,15.941763,-0.222041,-0.022637,-0.176932,7.600000,18.429408

-2.684071,1.730535,11.664404,15.935881,-0.510353,0.420224,-0.277389,7.596000,18.429408

2.038908,2.619088,11.226115,15.938822,0.096116,0.299250,-0.286182,7.604000,18.429408

-1.740433,5.244029,8.021579,15.941763,-0.282794,0.282729,-0.506014,7.592000,18.429408

2.728673,0.406090,6.292375,15.947645,-0.003541,-0.049816,-0.767147,7.588000,18.429408

0.046251,-0.092074,10.993798,15.944704,-0.171146,0.147633,-0.765282,7.588000,18.429408

-0.801586,-1.033317,11.642849,15.944704,-0.166350,0.087945,-0.880926,7.596000,18.429408

0.470170,5.133858,9.695698,15.938822,-0.116788,0.087146,-0.819640,7.592000,18.429408

1.047369,3.129227,9.657377,15.944704,0.024171,-0.072731,-0.825502,7.592000,18.429408

4.199215,-0.058544,9.520862,15.947645,0.347123,-0.087920,-0.673618,7.596000,18.429408

-2.061366,1.503009,12.160173,15.935881,-0.576702,-0.152137,-0.371184,7.588000,18.429408

4.419557,6.640326,7.923383,15.921175,0.540575,0.187336,-0.106320,7.592000,18.429408

-0.995582,0.322264,9.396320,15.941763,-0.250019,-0.254459,-0.060755,7.588000,18.429408

-5.912558,-1.351855,6.093588,15.932940,-0.171146,-0.249663,-0.007729,7.584000,18.429408

-1.579967,2.535262,7.588080,15.944704,-0.361933,-0.213157,0.031175,7.580000,18.649225

0.391134,6.805582,6.313930,15.929998,-0.260944,0.006941,0.152415,7.580000,18.649225

-1.242269,1.826336,12.723002,15.938822,0.422799,-0.044753,-0.145490,7.588000,18.649225

1.150355,-1.181808,6.862390,15.938822,-0.059232,-0.238738,-0.121508,7.596000,18.649225

0.913248,4.448883,5.782236,15.915293,-0.411229,-0.161197,-0.104721,7.596000,18.649225

0.635426,5.040452,7.786867,15.944704,0.426795,0.394910,-0.105254,7.604000,18.649225

-0.286657,-1.830859,10.040581,15.935881,-0.236696,-0.063139,-0.158014,7.604000,18.649225

0.683326,1.771251,8.390412,15.941763,0.026569,0.167884,-0.223563,7.612000,18.649225

0.125287,4.542289,10.244158,15.947645,0.055347,0.385850,-0.432204,7.612000,18.649225

2.129918,2.152059,3.971601,15.944704,0.270382,0.064763,-0.395698,7.600000,18.649225

-1.400341,-1.308744,8.265871,15.950586,-0.067492,0.112460,-0.526531,7.604000,18.649225

1.916761,-1.679972,11.520702,15.956469,0.172057,0.145768,-0.482565,7.600000,18.649225

3.212467,0.715047,11.044094,15.938822,-0.601750,0.187869,-0.343205,7.600000,18.649225

2.529886,8.640167,10.387858,15.950586,0.353785,0.582233,-0.486828,7.596000,18.649225

-1.429081,-0.992602,9.530441,15.935881,0.251197,-0.015176,-0.946210,7.592000,18.649225

-2.638566,5.026083,10.330379,15.935881,-0.038182,0.027192,-0.859343,7.592000,18.649225

1.825751,7.052269,10.984219,15.941763,0.434256,-0.079127,-0.899845,7.592000,18.649225

-1.455426,-5.722765,8.926897,15.959410,0.093451,-0.076728,-0.767147,7.596000,18.649225

-6.219120,8.992235,9.221484,15.944704,0.347656,0.357339,-0.676283,7.600000,18.649225

-1.426686,-4.913249,8.028764,15.947645,-0.010469,-0.802306,-0.699998,7.604000,18.649225

-6.554423,10.905855,10.407019,15.927057,0.246933,0.211051,-0.327484,7.612000,18.649225

-2.478099,3.931558,6.761798,15.941763,0.678070,0.322699,0.075408,7.604000,18.649225

-5.093461,-1.782958,2.774091,15.950586,0.108373,-0.775926,0.332544,7.608000,18.649225

-1.474586,-2.235617,5.818161,15.956469,-0.308907,-0.681065,0.751689,7.600000,18.649225

-3.282826,2.159244,10.601015,15.950586,0.466498,0.518549,0.978182,7.608000,18.649225

-7.392680,-6.987336,11.587764,15.950586,-0.529272,-0.646692,0.688271,7.608000,18.649225

-1.625473,8.769498,8.857441,15.938822,0.592535,0.037318,0.633646,7.604000,19.531057

2.024537,-1.244079,2.877077,15.959410,-0.019796,-0.626174,0.317089,7.604000,19.531057

0.510885,1.979617,9.183164,15.950586,-0.351808,-0.143877,0.164672,7.596000,19.531057

-0.576454,0.851563,12.895444,15.947645,0.072667,-0.152937,0.071944,7.596000,19.531057

-2.133217,1.352122,7.947333,15.938822,0.383629,-0.041555,-0.071147,7.592000,19.531057

1.437757,1.129385,11.551838,15.932940,0.318878,-0.204897,-0.348001,7.592000,19.531057

3.830382,1.452713,7.511440,15.947645,-0.150362,-0.253127,-0.373315,7.592000,19.531057

2.541862,5.895474,10.524375,15.959410,-0.072289,-0.158266,-0.262467,7.596000,19.531057

1.454523,-0.899196,10.332773,15.941763,0.226949,-0.064471,-0.066350,7.588000,19.531057

-0.875831,9.928687,11.889536,15.935881,0.215757,0.022929,-0.075677,7.592000,19.531057

-3.606153,-0.719570,4.855363,15.944704,0.287969,-0.058342,-0.162810,7.596000,19.531057

-0.868646,7.507323,8.313771,15.941763,-0.230834,-0.146275,-0.198516,7.596000,19.531057

2.731068,2.449041,8.045529,15.932940,-0.137306,0.059967,-0.106053,7.588000,19.531057

-2.015861,-0.465697,5.731940,15.944704,0.165396,0.051174,-0.441263,7.592000,19.531057

-0.674650,-2.408058,14.825830,15.947645,-0.424552,-0.019705,-0.481499,7.600000,19.531057

0.084571,1.924532,10.957873,15.953527,-0.142901,0.164953,-0.749560,7.604000,19.531057

-2.001491,3.481295,6.191784,15.944704,-0.206319,0.200659,-0.713321,7.600000,19.531057

0.805472,2.626273,10.282477,15.947645,0.141947,0.086347,-0.703196,7.600000,19.531057

2.872374,-0.293256,6.131908,15.962351,0.026036,-0.069001,-0.699199,7.608000,19.531057

1.583854,-1.488371,6.251659,15.956469,-0.112258,-0.124425,-0.451389,7.600000,19.531057

-3.299591,0.212093,6.345065,15.962351,0.295696,0.077020,-0.313894,7.600000,19.531057

-4.837194,-4.965939,12.203283,15.968235,-0.337419,-0.134284,-0.217701,7.588000,19.531057

-1.306935,6.156532,10.411809,15.935881,-0.008071,-0.162529,0.010124,7.592000,19.531057

-0.569269,0.075577,14.028288,15.938822,-0.115189,-0.358113,0.011457,7.592000,19.531057

-2.250573,3.694452,13.700171,15.953527,0.281840,-0.003451,0.283248,7.588000,19.531057

-4.576137,7.124120,7.267148,15.959410,0.177920,0.063431,0.552908,7.592000,19.531057

-2.602640,-0.036989,6.431286,15.968235,-0.159156,-0.522520,0.470571,7.584000,18.791158

-4.099528,6.067916,13.508569,15.968235,0.291166,0.002144,0.506544,7.588000,18.791158

0.726437,-2.690671,8.373647,15.941763,0.026036,-0.339993,0.536921,7.596000,18.791158

-6.705309,4.252491,8.002419,15.941763,-0.192197,-0.058609,0.640308,7.588000,18.791158

-1.148864,4.930282,5.899591,15.947645,0.161399,-0.384759,0.519601,7.600000,18.791158

-0.782426,-0.448932,13.067885,15.950586,-0.339817,-0.489212,0.722112,7.592000,18.791158

1.109640,4.891962,12.679893,15.974117,0.451577,-0.093249,1.015487,7.604000,18.791158

-6.367611,1.189261,7.940148,15.956469,-0.039780,-0.225681,0.696532,7.608000,18.791158

-4.870724,2.712493,8.064690,15.959410,-0.096270,-0.023969,0.567830,7.604000,18.791158

1.176700,1.682635,12.033237,15.938822,0.244002,-0.352251,0.741564,7.612000,18.791158

0.668956,-0.774655,2.656735,15.950586,0.318079,-0.500137,0.629916,7.604000,18.791158

-5.153336,-1.435680,10.351933,15.944704,-0.390179,-0.028499,0.464976,7.600000,18.791158

1.052159,1.874237,15.182688,15.947645,-0.086678,-0.101243,0.479631,7.604000,18.791158

0.036671,3.862103,13.008010,15.959410,-0.144767,-0.134551,0.486559,7.600000,18.791158

3.025656,8.989840,6.033712,15.935881,0.720970,-0.067402,0.390633,7.604000,18.791158

0.197137,-7.827987,11.520702,15.956469,-0.354473,-0.411672,0.302700,7.592000,18.791158

2.738253,9.835281,9.231064,15.950586,0.785720,0.197994,0.483628,7.604000,18.791158

0.304913,-1.452446,-1.084285,15.938822,-0.185802,-0.234741,0.197980,7.592000,18.791158

-2.102081,6.671461,9.084968,15.950586,-0.198059,0.284595,0.253138,7.596000,18.791158

-1.651818,0.034862,11.015354,15.947645,0.432391,0.074622,0.446856,7.600000,18.791158

1.897601,1.088670,9.963940,15.941763,0.068936,0.053039,0.234486,7.612000,18.791158

-3.433712,1.059930,7.822792,15.947645,-0.620402,0.462858,-0.093263,7.600000,18.791158

1.210231,8.975470,10.838122,15.932940,0.044688,0.416494,-0.347468,7.596000,18.791158

6.912772,2.992711,5.104445,15.947645,0.299160,0.014668,-0.599808,7.600000,18.791158

2.141893,0.379744,9.980705,15.950586,-0.382451,0.253419,-0.660029,7.600000,18.791158

0.965939,1.201236,13.113391,15.956469,-0.675560,0.261945,-0.654700,7.604000,18.791158

3.456759,5.344620,9.853769,15.938822,0.162198,0.343749,-0.524133,7.600000,19.185166

-1.196764,1.091065,8.435918,15.956469,-0.032319,0.189734,-0.586752,7.596000,19.185166

0.101337,1.886212,10.656101,15.959410,0.190443,0.054371,-0.380243,7.608000,19.185166

2.601737,9.229342,10.316008,15.932940,0.236008,0.245425,0.090596,7.604000,19.185166

-0.533344,2.111343,7.595265,15.950586,0.267451,0.045578,0.208372,7.604000,19.185166

-1.848209,-0.743520,8.548483,15.932940,0.063341,0.045578,0.431401,7.604000,19.185166

-4.937785,-3.049924,14.938396,15.938822,-0.517281,-0.029565,0.629117,7.592000,19.185166

1.871256,5.433236,16.741844,15.932940,0.599463,0.301915,0.800452,7.596000,19.185166

-1.273405,-0.817765,1.600532,15.927057,0.229080,0.049841,0.601937,7.588000,19.185166

-5.938902,1.165311,14.509687,15.956469,-0.489036,0.313373,0.511873,7.592000,19.185166

3.645966,8.194694,10.323193,15.962351,0.498474,0.132711,0.370914,7.600000,19.185166

0.055831,-6.438876,9.580737,15.944704,-0.152494,-0.312015,0.370648,7.592000,19.185166

-4.595297,10.489122,10.672866,15.947645,0.085457,1.235333,0.486026,7.600000,19.185166

3.305873,7.777960,4.805068,15.953527,0.497408,-0.066869,-0.298439,7.600000,19.185166

5.506896,6.113421,8.352092,15.947645,0.379365,0.109529,-0.519337,7.608000,19.185166

-4.185749,-0.602214,5.233776,15.956469,-0.461324,0.066362,-0.561971,7.604000,19.185166

-5.071906,5.859550,14.265395,15.944704,-0.228436,0.164953,-0.694403,7.600000,19.185166

5.023102,-2.202087,8.907737,15.950586,0.212027,-0.099911,-0.492424,7.608000,19.185166

-2.799032,3.155572,8.735295,15.938822,-0.299581,0.090876,-0.341340,7.612000,19.185166

-1.989516,4.422538,9.789104,15.953527,0.103310,0.119921,-0.392767,7.616000,19.185166

-2.686466,-0.113630,8.668234,15.932940,0.203500,-0.060208,-0.356795,7.616000,19.185166

-1.857789,-3.816330,9.734018,15.947645,-0.227370,-0.296027,-0.322154,7.608000,19.185166

0.386344,7.145675,10.517190,15.941763,-0.154359,0.073290,-0.089533,7.604000,19.185166

0.728832,0.667147,5.183481,15.959410,0.342593,-0.071133,-0.183328,7.600000,19.185166

-0.945287,-0.013039,10.802197,15.968235,-0.655575,-0.329868,-0.122041,7.600000,19.185166

0.745597,6.336158,7.097101,15.962351,0.515261,0.163354,-0.025582,7.600000,19.185166

-0.305817,-6.551442,8.129354,15.947645,-0.157290,-0.585405,-0.204645,7.604000,19.186439

-2.173932,8.082128,6.807304,15.950586,0.131289,-0.180382,-0.077275,7.592000,19.186439

3.904628,-0.300441,7.700646,15.956469,0.066538,-0.419666,-0.157214,7.596000,19.186439

2.089203,-0.925541,9.274175,15.953527,-0.030188,-0.153203,0.068480,7.592000,19.186439

-0.909362,10.503492,10.421389,15.962351,0.108906,0.195863,0.047695,7.600000,19.186439

-0.696205,-1.291979,14.629438,15.953527,0.060410,0.036785,-0.148687,7.596000,19.186439

0.553995,-1.454840,10.881232,15.941763,-0.068825,0.035719,-0.339208,7.604000,19.186439

-2.482889,4.336317,7.161767,15.932940,-0.408831,0.109529,-0.402093,7.608000,19.186439

-0.605194,5.287139,5.566684,15.956469,0.451044,0.036518,-0.391701,7.612000,19.186439

-2.011071,-0.312416,7.168952,15.941763,-0.297183,0.061299,-0.323753,7.604000,19.186439

-0.303422,3.605836,13.594790,15.962351,-0.013401,0.008540,-0.215836,7.604000,19.186439

1.871256,5.035663,2.687870,15.980000,0.447580,0.180141,-0.213704,7.600000,19.186439

-1.841024,-4.228273,6.428891,15.947645,-0.268938,0.013069,-0.212638,7.608000,19.186439

-1.191974,1.936507,7.018065,15.950586,0.202967,0.271805,0.006394,7.612000,19.186439

-0.181276,-0.714779,7.461144,15.956469,-0.196460,0.025860,0.062351,7.600000,19.186439

-1.654213,0.947364,10.311218,15.950586,-0.079750,0.130846,0.260332,7.608000,19.186439

-0.969237,5.382940,10.526770,15.971176,0.090786,0.111128,0.312826,7.604000,19.186439

-0.890202,1.421578,11.903906,15.950586,0.421200,-0.016774,0.414348,7.604000,19.186439

-1.505722,1.047955,11.163845,15.938822,0.124627,-0.129222,0.383705,7.608000,19.186439

-4.990475,9.456868,6.289979,15.953527,0.168060,0.228371,0.211037,7.608000,19.186439

3.655546,-3.179255,8.601173,15.962351,0.010048,-0.228612,0.197181,7.596000,19.186439

-6.640643,3.411839,17.582497,15.953527,-0.045376,0.182007,0.610997,7.596000,19.186439

4.608763,5.900265,2.721401,15.968235,0.222152,-0.061540,0.619790,7.592000,19.186439

-0.741710,-1.629677,9.484936,15.962351,-0.292387,-0.100444,0.569429,7.588000,19.186439

-3.371442,4.163876,9.513677,15.950586,0.008982,0.224641,0.544648,7.592000,19.186439

-4.185749,5.790094,9.870534,15.962351,0.042290,0.036785,0.486293,7.596000,19.186439

-3.802545,3.399864,6.534272,15.959410,0.093451,-0.241669,0.348532,7.600000,19.186439

0.381554,3.440579,9.015512,15.944704,-0.012868,-0.045819,0.639509,7.608000,18.996561

-0.703390,2.468201,10.732741,15.962351,0.139815,-0.149739,0.659493,7.600000,18.996561

-4.271969,0.925809,11.000983,15.953527,0.016177,-0.027699,0.453518,7.612000,18.996561

-0.080685,4.458463,6.143884,15.944704,0.268250,-0.090584,0.115377,7.612000,18.996561

-0.566874,-3.548088,10.272898,15.947645,0.353518,-0.376232,-0.135364,7.604000,18.996561

-1.934430,0.645592,7.336603,15.950586,-0.268405,0.147899,-0.100991,7.604000,18.996561

1.114430,-0.875246,12.227234,15.974117,-0.487970,-0.070067,-0.324286,7.596000,18.996561

1.550323,-3.653469,4.280559,15.974117,0.417736,-0.070866,-0.741033,7.592000,18.996561

-3.577413,1.000055,6.251659,15.962351,-0.321165,-0.280839,-0.856945,7.584000,18.996561

-0.526159,-2.060781,10.603411,15.950586,-0.029122,0.075155,-0.644574,7.584000,18.996561

-2.731972,-0.465697,12.363750,15.971176,-0.595355,0.309376,-0.403426,7.588000,18.996561

-1.160839,9.267662,5.901987,15.959410,0.190443,-0.060741,-0.452188,7.588000,18.996561

2.637662,3.727982,10.941108,15.968235,0.018841,-0.147607,-0.423410,7.592000,18.996561

0.683326,5.200919,6.996511,15.965292,0.960786,-0.077261,-0.053827,7.592000,18.996561

-5.256322,0.851563,6.941425,15.953527,-0.604414,-0.131886,0.013322,7.588000,18.996561

-0.109425,7.840230,9.401111,15.959410,0.283705,-0.041289,0.274988,7.600000,18.996561

0.338444,-6.201769,8.998747,15.959410,-0.166883,-0.155601,0.515337,7.600000,18.996561

-0.806376,4.705150,18.339323,15.968235,-0.272402,0.280065,0.620590,7.608000,18.996561

0.788707,11.281874,3.890170,15.965292,0.503537,0.171615,0.322418,7.596000,18.996561

-1.752409,2.456226,5.727150,15.974117,0.356183,-0.160664,0.158011,7.600000,18.996561

0.738412,0.537816,12.507451,15.962351,-0.170880,-0.346921,0.065016,7.596000,18.996561

3.837567,0.166588,12.948134,15.965292,0.164330,-0.115365,0.079138,7.600000,18.996561

2.374210,2.123319,1.126318,15.980000,-0.051505,0.244092,0.033573,7.584000,18.996561

-2.858907,-3.095429,12.332615,15.965292,-0.054969,0.154561,0.010124,7.596000,18.996561

-0.471073,1.474268,9.734018,15.980000,-0.176209,0.279532,0.066081,7.596000,18.996561

-2.952313,1.804781,5.288862,15.977058,-0.279597,0.356806,-0.073012,7.588000,18.996561

-1.910480,3.076536,12.394885,15.971176,0.002587,0.233434,-0.104988,7.592000,18.523023

3.071161,2.777159,7.372529,15.947645,0.655154,0.292322,-0.118311,7.596000,18.523023

-2.396669,-4.098942,11.245275,15.977058,-0.530338,-0.230477,-0.290712,7.588000,18.523023

-3.036139,9.052111,7.180927,15.959410,0.702851,0.655510,-0.232890,7.592000,18.523023

3.463944,4.441698,9.094548,15.965292,0.325273,0.028524,-0.440997,7.596000,18.523023

0.415084,2.173614,3.897355,15.974117,-0.475446,-0.098045,-0.266997,7.596000,18.523023

-2.202672,2.896910,13.587605,15.944704,0.018841,0.222242,-0.119909,7.596000,18.523023

-1.069828,0.906649,9.159214,15.977058,0.440119,0.049575,-0.105520,7.592000,18.523023

-5.368888,0.463570,5.830136,15.980000,-0.391511,-0.159865,-0.275524,7.600000,18.523023

-0.928522,10.182560,11.944621,15.965292,-0.073088,0.066895,-0.270194,7.596000,18.523023

1.722765,-5.286871,7.056386,15.971176,0.046021,-0.277641,0.128167,7.600000,18.523023

-6.920861,4.535103,3.990761,15.950586,0.275178,0.298717,0.315490,7.608000,18.523023

-5.965248,0.178563,9.705278,15.980000,-0.760295,-0.441782,0.165472,7.600000,18.523023

-0.700995,2.492151,19.735620,15.962351,0.114501,-0.085255,0.227025,7.604000,18.523023

2.455641,9.626915,11.527888,15.950586,0.642897,-0.191574,0.288844,7.604000,18.523023

-0.044760,2.535262,3.114184,15.974117,0.471028,-0.570750,0.045031,7.608000,18.523023

-2.971473,-7.028051,8.162886,15.982941,-0.323829,-0.376765,0.102587,7.600000,18.523023

-2.837352,2.391561,13.903748,15.968235,-0.441606,0.171881,0.272323,7.592000,18.523023

1.416202,2.343660,9.298124,15.982941,0.619714,-0.247797,0.179861,7.596000,18.523023

-1.955985,0.758158,12.785274,15.962351,-0.411229,-0.152137,0.130565,7.588000,18.523023

1.818566,5.873919,6.191784,15.974117,0.815831,-0.010113,0.140424,7.600000,18.523023

0.496515,-4.407899,10.797407,15.988823,-0.885799,-0.266183,0.078339,7.592000,18.523023

1.837726,13.628993,10.057346,15.965292,0.130489,0.118855,0.122038,7.592000,18.523023

2.220929,-2.396083,6.848019,15.959410,0.263720,-0.129222,0.069812,7.596000,18.523023

-0.049550,1.040770,9.439431,15.962351,-0.232966,-0.097779,-0.013591,7.592000,18.523023

1.080899,3.440579,14.617463,15.959410,-0.123183,0.057302,0.032774,7.604000,18.523023

-1.100963,1.093460,8.098220,15.956469,-0.018197,0.163887,0.055956,7.596000,18.523023

-2.535580,10.661564,7.597661,15.959410,0.184048,0.178276,-0.252874,7.604000,18.523023

3.638781,3.028636,11.415322,15.968235,-0.229502,0.257416,-0.270994,7.600000,18.585599

1.143170,7.138490,8.787985,15.965292,-0.052038,0.308310,-0.293110,7.608000,18.585599

1.018629,0.952154,7.384504,15.947645,0.366575,0.046377,-0.230225,7.612000,18.585599

-0.978817,-3.567248,8.696975,15.959410,-0.479710,0.123651,-0.170271,7.600000,18.585599

-1.053063,2.389166,14.090559,15.953527,-0.121851,0.414095,-0.151086,7.616000,18.585599

-1.153654,6.827137,7.391689,15.971176,0.382829,0.381054,-0.082871,7.616000,18.585599

0.779127,-1.593752,4.646996,15.971176,0.084924,0.107664,-0.029579,7.604000,18.585599

-2.147587,-3.176860,13.015195,15.959410,-0.076019,0.246491,0.233153,7.612000,18.585599

-3.457662,3.725587,6.939030,15.965292,0.011647,0.518549,0.343735,7.608000,18.585599

-2.530790,4.499178,3.722519,15.947645,-0.187134,0.024261,0.169202,7.604000,18.585599

2.709513,1.057535,8.543694,15.965292,-0.133042,0.275002,0.442060,7.608000,18.585599

3.696261,2.185589,7.865902,15.977058,-0.009404,0.215847,0.521466,7.600000,18.585599

-4.178564,2.346056,9.149633,15.985882,-0.325428,0.215048,0.279784,7.596000,18.585599

-0.808771,3.404654,8.567643,15.962351,0.145678,0.491370,0.140957,7.608000,18.585599

-0.035179,1.601204,6.383386,15.950586,-0.361667,0.230503,-0.405024,7.604000,18.585599

0.927618,7.392362,9.255014,15.980000,-0.011002,0.160956,-0.738902,7.608000,18.585599

-3.848051,0.118687,12.220049,15.953527,-0.128512,0.317103,-0.866804,7.612000,18.585599

0.156422,2.358031,8.761641,15.965292,-0.727254,0.027725,-0.832963,7.612000,18.585599

0.096547,7.409127,8.261081,15.950586,0.178719,0.508690,-0.759952,7.612000,18.585599

-3.488798,-6.455641,12.576906,15.965292,-0.474914,-0.625641,-0.839358,7.608000,18.585599

-5.301827,7.948007,15.956279,15.971176,-0.213247,0.284062,-0.364788,7.600000,18.585599

6.896007,-1.129118,8.962822,15.980000,0.373769,-0.667742,-0.416216,7.608000,18.585599

-9.593703,0.394115,13.671431,15.965292,-0.091741,0.002944,-0.177465,7.608000,18.585599

-1.086593,3.929163,6.421706,15.971176,0.526186,-0.081258,-0.075677,7.608000,18.585599

-1.742828,-2.125446,9.259805,15.947645,0.105175,-0.657350,-0.222231,7.604000,19.379150

-4.070787,-0.046569,12.672708,15.974117,-0.019263,-0.382627,-0.059422,7.608000,19.379150

-0.885411,3.320828,6.469606,15.962351,0.048152,-0.436986,0.111646,7.608000,19.379150

0.034276,0.444410,11.362632,15.953527,0.260789,-0.419932,0.056755,7.608000,19.379150

0.302518,0.930599,7.980864,15.977058,0.015644,-0.449509,0.017319,7.604000,19.379150

3.392094,2.283785,13.810342,15.968235,-0.248953,-0.124958,0.263797,7.600000,19.379150

1.186280,6.424774,8.730505,15.974117,0.370572,0.199327,0.253138,7.612000,19.379150

0.424664,2.619088,7.492280,15.980000,-0.092273,-0.180382,-0.035707,7.604000,19.379150

0.862953,6.431959,8.541298,15.965292,-0.202056,-0.262986,-0.055159,7.604000,19.379150

0.587526,0.542606,6.876760,15.968235,0.519524,-0.148940,-0.023184,7.600000,19.379150

-1.302145,-6.333495,15.129997,15.962351,-1.171713,-0.249929,-0.111383,7.600000,19.379150

-0.550109,14.728307,10.428574,15.956469,0.419068,0.276867,-0.200381,7.604000,19.379150

5.526056,1.852681,5.605004,15.971176,0.316480,-0.241136,-0.020252,7.604000,19.379150

-2.727181,0.856353,11.791340,15.965292,-0.469851,-0.131620,-0.025315,7.596000,19.379150

-0.427963,4.798556,6.639653,15.956469,0.027901,0.074622,-0.030378,7.608000,19.379150

-1.184789,-2.520624,11.580578,15.962351,-0.475979,-0.163329,0.077006,7.596000,19.379150

1.294056,3.414234,15.755097,15.980000,-0.459459,-0.105773,0.305365,7.604000,19.379150

2.510726,7.562408,13.178057,15.968235,0.389757,0.186004,0.504146,7.616000,19.379150

1.147960,0.224068,4.809858,15.965292,0.310085,-0.367173,0.533457,7.604000,19.379150

-4.022887,4.760235,9.717253,15.962351,0.043356,0.159624,0.729573,7.616000,19.379150

3.483104,-0.185480,1.188588,15.956469,0.112636,0.090344,0.870798,7.604000,19.379150

-2.731972,-1.253659,19.378761,15.977058,-0.560182,0.013069,0.712519,7.600000,19.379150

-1.944010,1.076695,12.900234,15.950586,0.099846,0.355474,0.683475,7.600000,19.379150

-2.966683,3.701637,7.190507,15.968235,-0.061630,0.047177,0.035971,7.608000,19.379150

1.195861,3.495665,10.510005,15.965292,-0.216178,0.121786,-0.192920,7.608000,19.379150

3.756136,0.961734,7.487489,15.956469,-0.004074,0.026126,-0.156681,7.608000,19.379150

-2.870883,3.126832,11.733860,15.962351,-0.248953,0.363201,0.037303,7.608000,19.151376

1.691630,10.728624,7.801237,15.962351,0.595999,0.151630,-0.202513,7.612000,19.151376

-2.037416,-1.912289,8.934082,15.962351,0.275445,-0.223549,-0.177732,7.604000,19.151376

-2.609826,0.468360,5.751100,15.938822,0.150474,0.113259,0.104452,7.612000,19.151376

-4.384535,4.056099,8.414362,15.950586,-0.206053,-0.069267,0.128700,7.612000,19.151376

1.068924,3.035821,9.326865,15.947645,-0.021128,-0.158266,0.352795,7.600000,19.151376

-5.229977,1.280272,12.536191,15.956469,0.064673,0.117523,0.533989,7.612000,19.151376

-2.703231,1.093460,9.269384,15.965292,-0.341682,-0.309350,0.543849,7.616000,19.151376

0.903668,6.194852,8.390412,15.950586,0.099047,-0.038091,0.625386,7.604000,19.151376

1.804196,-4.580341,13.118181,15.947645,0.132354,-0.154003,0.690403,7.612000,19.151376

-3.371442,7.457027,9.607082,15.956469,0.416670,0.014935,0.503346,7.608000,19.151376

-2.822982,-5.423388,6.213339,15.953527,0.149674,-0.229678,0.482029,7.608000,19.151376

-1.826654,4.211776,6.778563,15.950586,-0.481575,0.059167,0.271790,7.604000,19.151376

1.605409,-0.868061,9.262199,15.944704,0.438520,0.128448,0.201178,7.604000,19.151376

1.500028,1.713770,8.253896,15.944704,-0.476779,0.009339,0.066614,7.600000,19.151376

1.238971,3.287298,9.556787,15.956469,0.418269,0.206255,0.055156,7.596000,19.151376

1.143170,-1.543456,10.706396,15.953527,0.236275,-0.019705,-0.151352,7.596000,19.151376

2.836449,1.788016,10.514794,15.959410,-0.200457,-0.096713,-0.300571,7.596000,19.151376

0.352814,8.122843,7.281518,15.947645,0.292232,0.236099,-0.295508,7.596000,19.151376

0.118102,4.532709,7.097101,15.944704,0.257858,0.101801,-0.496687,7.592000,19.151376

-0.483048,1.055140,9.211904,15.962351,-0.135973,0.091143,-0.626188,7.596000,19.151376

-0.315397,0.844378,7.937753,15.971176,-0.248154,-0.010113,-0.810047,7.600000,19.151376

2.891534,7.962377,11.214140,15.962351,0.069469,0.041581,-0.697334,7.608000,19.151376

3.267552,3.244188,9.362790,15.962351,0.360713,0.064230,-0.620859,7.600000,19.151376

-0.938102,-3.430732,10.275292,15.932940,-0.373658,0.099403,-0.614997,7.600000,19.151376

-2.830167,8.283309,8.452682,15.944704,0.399883,0.373860,-0.598476,7.612000,19.151376

3.631596,7.516903,9.956755,15.932940,0.607723,-0.095114,-0.608602,7.600000,19.151376

1.217416,-5.181491,9.293335,15.950586,-0.189266,-0.037292,-0.472972,7.608000,19.151376

-4.971315,3.304063,9.671748,15.959410,-0.136773,0.337887,-0.278455,7.608000,19.151376

-2.085316,5.979300,6.630073,15.938822,0.438253,0.123385,-0.290179,7.600000,19.151376

1.952687,-6.050883,6.404941,15.953527,-0.223373,-0.329601,-0.257937,7.608000,19.151376

-1.426686,7.037899,16.262840,15.956469,-0.265474,0.191333,0.016253,7.596000,19.151376

4.587208,-0.769865,7.145002,15.947645,0.616783,0.126050,0.043965,7.600000,19.151376

-6.638248,0.921019,7.925778,15.953527,-0.142102,-0.040490,-0.027447,7.592000,19.151376

-1.867369,5.363780,5.561894,15.950586,0.491013,0.254218,-0.001600,7.592000,19.151376

6.656505,0.422855,10.416599,15.935881,0.317013,-0.019705,0.205175,7.592000,19.151376

-4.858749,2.597533,8.064690,15.947645,-0.223107,0.005609,0.423674,7.596000,19.151376

-1.745224,5.593702,5.794210,15.953527,0.349788,0.203057,0.483362,7.592000,19.151376

-3.230135,-4.098942,11.403347,15.938822,0.051616,-0.176119,0.536388,7.604000,19.151376

-6.108949,10.968126,2.604045,15.944704,-0.092540,0.282197,0.632048,7.600000,19.151376

2.886744,-0.908776,13.657061,15.938822,-0.113324,-0.249663,0.485227,7.608000,19.151376

-1.098568,3.320828,10.167517,15.947645,-0.036316,-0.048483,0.578222,7.596000,19.151376

-3.452872,4.099210,13.537310,15.927057,-0.041646,-0.101509,0.652299,7.604000,19.151376

2.510726,2.034703,8.354486,15.959410,0.599463,0.123118,0.557438,7.616000,19.151376

1.179096,0.295919,6.867179,15.938822,0.391889,-0.482018,0.260865,7.600000,19.151376

-1.778754,2.860985,7.499465,15.947645,-0.173811,0.073556,0.124703,7.604000,19.151376

-1.469796,-1.751823,9.825029,15.950586,-0.333156,0.030123,-0.064219,7.600000,19.151376

-1.211134,3.167547,11.214140,15.944704,0.238939,-0.059941,-0.247811,7.600000,19.151376

-5.558095,-6.046093,11.487172,15.956469,-0.192996,0.152163,-0.329082,7.604000,19.151376

0.946778,8.644957,9.803473,15.941763,-0.025391,0.039183,-0.535058,7.608000,19.151376

5.015917,0.372559,5.279282,15.944704,0.098514,-0.145476,-0.403958,7.596000,19.151376

2.285594,-1.335090,13.027170,15.953527,-0.399771,-0.093249,-0.335744,7.596000,19.151376

-2.614615,4.372242,10.476475,15.947645,0.329270,0.195863,-0.398096,7.592000,19.151376

0.577946,2.559212,7.964098,15.935881,0.227215,-0.135084,-0.384507,7.592000,19.151376

1.171910,3.574700,6.603727,15.953527,0.347390,-0.148940,-0.224363,7.596000,9.347945

-0.365692,-3.701369,10.383068,15.947645,-0.132243,-0.206496,-0.129769,7.592000,9.347945

-0.600404,0.415670,10.601015,15.941763,-0.610277,-0.238471,-0.172935,7.588000,9.347945

-0.219596,10.644798,6.316325,15.950586,0.538710,0.181740,-0.066617,7.592000,9.347945

2.204164,-4.065412,11.618898,15.938822,-0.424286,-0.383427,0.028510,7.596000,9.347945

-3.086434,3.787857,9.449011,15.935881,0.114501,0.132445,0.092195,7.592000,9.347945

-2.557135,0.849168,6.814489,15.953527,-0.310506,0.212117,0.039702,7.600000,9.347945

2.240089,7.897711,10.981823,15.927057,-0.358736,0.193198,-0.164142,7.600000,9.347945

-0.916547,0.494705,8.047924,15.953527,0.234676,0.040515,-0.257404,7.600000,9.347945

2.525096,4.197406,12.612832,15.938822,0.171791,-0.078061,-0.282985,7.600000,9.347945

0.398319,-1.093193,5.631349,15.962351,-0.233765,0.046111,-0.253674,7.600000,9.347945

-1.342860,2.396351,12.397280,15.932940,-0.175943,0.229437,-0.263799,7.596000,9.347945

-1.232689,1.184471,6.251659,15.935881,0.028168,0.042380,-0.344271,7.604000,9.347945

1.859281,-0.913566,12.521821,15.944704,-0.533802,-0.147874,-0.306700,7.596000,9.347945

3.538190,5.045243,11.017749,15.935881,0.323142,0.236898,-0.398629,7.592000,9.347945

-1.249454,-0.142370,9.765154,15.941763,0.278642,0.037051,-0.456452,7.596000,9.347945

-0.135770,1.742511,8.117380,15.938822,-0.234564,-0.026900,-0.451389,7.592000,9.347945

-0.286657,2.307735,10.605805,15.947645,0.032165,0.166818,-0.478035,7.588000,9.347945

-1.984725,1.012030,10.533955,15.947645,0.227748,0.048242,-0.483897,7.600000,9.347945

-2.959498,-1.014157,11.087204,15.929998,-0.436276,-0.370903,-0.351465,7.600000,9.347945

1.871256,4.875196,11.496753,15.927057,0.384428,0.106331,-0.058357,7.596000,9.347945

-0.289052,0.291129,5.640929,15.938822,-0.158090,-0.403678,0.228357,7.604000,9.347945

-8.628510,2.731653,12.976874,15.938822,-0.655842,-0.081525,0.617126,7.600000,9.347945

3.253182,2.688543,5.866061,15.929998,0.272780,-0.051148,0.887052,7.596000,9.347945

-4.267179,-0.875246,12.533796,15.944704,-0.717927,-0.137748,1.079971,7.596000,9.347945

-1.227899,8.223433,10.064531,15.941763,0.374835,0.362135,1.074109,7.608000,9.347945

-6.329291,-2.376923,8.890971,15.941763,0.004186,-0.316012,0.705591,7.596000,9.347945

-4.372560,-0.832135,8.998747,15.927057,-0.169814,-0.392220,0.732238,7.612000,18.520479

-5.052745,1.438343,12.464340,15.935881,-0.287058,-0.082857,0.442859,7.604000,18.520479

-0.657885,3.720797,10.981823,15.938822,-0.045110,0.091942,-0.025315,7.600000,18.520479

2.386185,2.096973,4.788302,15.941763,0.219488,-0.167326,-0.402360,7.596000,18.520479

-1.874555,-1.636862,5.945097,15.921175,0.161399,-0.304554,-0.658164,7.600000,18.520479

0.055831,-5.581459,13.290623,15.915293,-0.215646,-0.346388,-0.633383,7.608000,18.520479

1.107245,5.636813,8.411967,15.924116,0.081727,0.058901,-0.536657,7.604000,18.520479

-3.601364,0.750972,9.199929,15.927057,0.126492,-0.217421,-0.396231,7.600000,18.520479

-1.826654,1.117410,10.246552,15.935881,-0.046442,-0.411405,-0.010926,7.592000,18.520479

-1.472191,-2.460749,12.991245,15.932940,-0.276932,-0.486548,0.932617,7.600000,18.520479

-0.727340,6.372084,13.185242,15.932940,0.048419,-0.157200,1.260366,7.600000,18.520479

0.733622,9.044926,5.722360,15.941763,0.517393,-0.108970,1.306731,7.600000,18.520479

-3.301986,-3.042738,9.384345,15.938822,-0.350476,-0.215555,1.362421,7.600000,18.520479

1.547928,11.497425,10.907578,15.935881,0.263720,0.162821,1.347499,7.612000,18.520479

1.907181,0.851563,5.712780,15.929998,0.079328,-0.087653,1.069579,7.612000,18.520479

1.238971,-4.609081,11.575788,15.947645,-0.181805,0.046910,0.915031,7.612000,18.520479

1.782640,4.178246,9.140054,15.944704,-0.107195,0.308843,0.611797,7.620000,18.520479

0.625846,5.210499,11.951806,15.932940,-0.033918,0.346947,0.212103,7.616000,18.520479

3.444784,2.233490,5.866061,15.932940,0.232011,0.231036,-0.001600,7.612000,18.520479

1.282081,0.453990,7.944938,15.938822,-0.379786,0.235299,-0.196651,7.604000,18.520479

3.806432,2.757999,15.211428,15.932940,0.099047,0.174013,-0.205710,7.604000,18.520479

5.061422,1.148546,7.525810,15.935881,0.555763,0.465523,-0.422344,7.620000,18.520479

-2.360744,3.435789,9.240644,15.932940,-0.197260,0.511354,-0.431937,7.616000,18.520479

2.367025,5.081168,9.314890,15.941763,0.150740,0.466322,-0.361058,7.616000,18.520479

2.110758,3.442974,9.207114,15.932940,0.164063,0.437011,-0.468709,7.604000,18.520479

1.159935,3.074141,10.938713,15.953527,0.496076,0.367731,-0.415416,7.608000,18.520479

-2.600245,3.361544,8.428732,15.956469,-0.223906,0.262745,-0.585952,7.608000,19.106341

2.529886,-2.760126,9.743598,15.950586,0.731362,0.132178,-0.606470,7.604000,19.106341

-3.050509,3.301668,10.397439,15.947645,-0.561514,0.548659,-0.679481,7.608000,19.106341

3.847147,4.262071,6.802514,15.941763,0.306887,0.280864,-0.737037,7.600000,19.106341

0.736017,3.380704,5.334367,15.929998,-0.187134,0.224374,-0.606470,7.604000,19.106341

-2.252968,5.655972,6.752218,15.941763,0.097448,0.304846,-0.487628,7.596000,19.106341

-1.474586,-0.283676,9.832214,15.947645,0.095849,0.050641,-0.415150,7.612000,19.106341

-3.546278,0.774923,6.687553,15.947645,-0.001943,-0.033561,-0.154550,7.616000,19.106341

-6.621483,4.252491,10.493239,15.965292,-0.445603,-0.003185,0.195582,7.620000,19.106341

-6.868170,-0.810580,11.171030,15.935881,-0.420022,0.011204,0.335475,7.612000,19.106341

-1.970355,2.769974,14.809065,15.944704,-0.147431,-0.088986,0.655230,7.616000,19.106341

1.097665,1.079090,8.062294,15.953527,0.113169,-0.103641,0.549178,7.612000,19.106341

0.019906,2.274205,10.179492,15.932940,0.072134,-0.021571,0.534256,7.608000,19.106341

-2.420619,-1.418915,3.198009,15.953527,-0.179940,0.064230,0.415147,7.616000,19.106341

-5.038375,4.190221,5.375082,15.938822,0.175255,0.162555,0.223294,7.604000,19.106341

-4.588112,-2.918198,9.197534,15.968235,-0.154626,-0.021837,-0.006929,7.608000,19.106341

0.716857,-0.286071,8.598779,15.950586,-0.178074,-0.080725,-0.182262,7.612000,19.106341

-0.238756,-2.297887,11.994917,15.938822,-0.529538,-0.094048,-0.422344,7.604000,19.106341

1.138380,6.134976,10.373488,15.953527,0.370838,0.042114,-0.566767,7.604000,19.106341

1.401832,1.392838,9.654983,15.965292,0.041224,-0.107105,-0.596344,7.604000,19.106341

4.685404,3.751932,10.112432,15.944704,0.146477,-0.108171,-0.362657,7.600000,19.106341

0.218693,3.155572,6.002577,15.956469,0.117433,0.187869,-0.125772,7.592000,19.106341

-3.131940,0.307894,7.489884,15.947645,-0.109594,0.026659,-0.285649,7.596000,19.106341

-0.262706,3.033426,8.684999,15.959410,-0.014999,-0.238205,-0.348801,7.600000,19.106341

-0.796796,3.385494,9.851375,15.944704,-0.095737,0.051973,-0.265931,7.616000,19.106341

-1.898505,7.746824,5.731940,15.950586,0.408676,0.038650,-0.311230,7.612000,19.106341

-2.365534,-6.240089,12.895444,15.950586,-0.422154,-0.011445,-0.135631,7.620000,19.106341

-1.476981,10.668749,9.865745,15.947645,0.189111,0.389581,-0.239018,7.620000,19.106341

-0.037575,1.014425,10.727951,15.962351,-0.149296,-0.135350,-0.504681,7.612000,19.106341

1.461708,7.624679,10.711186,15.950586,0.127558,-0.021304,-0.371983,7.624000,19.106341

-1.570387,0.214488,11.673985,15.965292,-0.543927,-0.034627,-0.358393,7.620000,19.106341

0.556390,5.713453,10.186677,15.959410,0.136618,0.260347,-0.152151,7.616000,19.106341

1.131195,-2.103891,8.340117,15.959410,0.099580,0.022396,-0.110317,7.616000,19.106341

-0.099845,3.969878,14.519267,15.956469,-0.332356,-0.148140,-0.100724,7.620000,19.106341

-0.226781,5.057218,11.372211,15.959410,0.367907,0.105798,0.171068,7.620000,19.106341

-1.019533,-0.851296,8.222761,15.947645,0.524854,0.123385,0.301101,7.620000,19.106341

-2.803822,0.461175,11.750625,15.956469,-0.498629,-0.070067,0.162807,7.608000,19.106341

-4.216884,5.236844,10.651311,15.974117,0.514462,0.328561,0.040501,7.608000,19.106341

2.508331,-2.762521,7.729386,15.950586,-0.220708,-0.694921,-0.013324,7.604000,19.106341

-5.474269,2.393956,11.539863,15.962351,-0.412561,-0.171323,0.370914,7.596000,19.106341

0.127682,6.889408,5.011039,15.950586,0.847540,0.011204,0.237417,7.612000,19.106341

-4.250414,-4.381554,11.721885,15.962351,-0.831707,-0.826287,0.318954,7.604000,19.106341

-8.963813,6.357713,13.786391,15.947645,-0.146365,0.476981,0.747959,7.604000,19.106341

-1.855394,2.640643,10.543535,15.944704,0.437187,-0.515592,0.323218,7.612000,19.106341

0.091757,2.422696,9.187954,15.968235,-0.181805,-0.790581,0.761548,7.616000,19.106341

-4.183353,6.355319,11.630874,15.959410,0.326872,0.277933,0.828431,7.620000,19.106341

-0.298632,-3.399596,10.277688,15.953527,0.104376,-0.595531,0.596075,7.620000,19.106341

-4.109108,3.076536,7.516230,15.962351,-0.096004,-0.168125,0.819371,7.616000,19.106341

-2.197882,1.558094,8.110195,15.959410,0.179252,-0.041555,0.574492,7.624000,19.106341

-2.391879,-1.543456,7.092311,15.962351,0.382829,-0.284836,0.421276,7.620000,19.106341

-5.402418,-4.582736,11.070439,15.962351,-0.450665,-0.178251,0.366918,7.620000,19.106341

-2.207462,0.185748,14.943186,15.959410,-0.328093,0.010671,0.338406,7.612000,9.696992

1.983822,0.858748,13.506174,15.953527,0.181916,0.041581,0.411950,7.612000,9.696992

-0.284262,0.506680,7.832372,15.962351,-0.133309,-0.090052,0.404489,7.604000,9.696992

3.399279,6.209222,10.938713,15.956469,-0.241226,0.039183,0.511607,7.608000,9.696992

5.018312,4.805741,9.056228,15.962351,0.102777,0.016267,0.659493,7.600000,9.696992

1.076110,0.233648,8.749665,15.950586,0.084658,0.149498,0.647236,7.596000,9.696992

-2.887648,0.640802,12.409255,15.956469,-0.202322,0.345881,0.480697,7.604000,9.696992

-1.263825,7.713294,7.873087,15.944704,0.145678,0.477514,0.256069,7.608000,9.696992

2.235299,3.548355,10.033396,15.947645,-0.234564,0.209719,-0.214237,7.604000,9.696992

3.454364,-0.120815,13.410374,15.959410,-0.351808,0.401572,-0.345603,7.612000,9.696992

6.033800,9.720321,13.070280,15.950586,0.059344,0.498564,-0.417814,7.608000,9.696992

3.935763,2.154454,0.134780,15.947645,0.448379,0.373327,-0.716519,7.604000,9.696992

-0.906967,-1.610517,8.895761,15.959410,-0.605480,0.311507,-0.670687,7.608000,9.696992

-0.844696,1.637130,10.766272,15.953527,0.043889,0.635259,-0.863873,7.612000,9.696992

-0.291447,-3.569643,7.856322,15.941763,-0.365664,0.242760,-0.861208,7.612000,9.696992

-0.169301,4.676410,12.157778,15.935881,-0.374457,0.438077,-0.917432,7.604000,9.696992

2.939435,3.795042,9.774734,15.959410,0.186979,0.286193,-1.032011,7.608000,9.696992

2.079623,2.039493,7.825187,15.953527,-0.339551,0.173480,-0.996837,7.600000,9.696992

-0.574059,3.622601,11.621294,15.971176,0.069203,0.394111,-0.918764,7.600000,9.696992

-1.944010,2.017938,12.677497,15.935881,0.170725,0.094341,-0.960599,7.608000,9.696992

-2.169142,0.142637,8.428732,15.932940,0.019907,0.016533,-0.746896,7.604000,9.696992

-1.505722,3.390284,8.898156,15.950586,0.192575,-0.070333,-0.571563,7.604000,9.696992

0.630636,0.470755,6.960585,15.944704,0.025769,-0.204097,-0.450589,7.600000,9.696992

-1.757199,4.863221,8.536509,15.944704,0.070535,-0.027433,-0.212372,7.604000,9.696992

-1.635053,-4.800683,10.627360,15.950586,0.323941,-0.051947,0.215300,7.608000,9.696992

-7.318434,3.905213,8.000024,15.947645,-0.443205,0.030922,0.375977,7.600000,9.696992

-3.749855,-3.945661,10.066926,15.959410,-0.345146,-0.369837,0.397294,7.604000,18.826112

-5.021610,9.684396,7.489884,15.935881,0.246134,0.456729,0.528127,7.604000,18.826112

3.008890,-0.048964,8.000024,15.956469,0.116367,-0.497206,0.464709,7.604000,18.826112

-5.100646,-0.607004,12.083532,15.950586,-0.263342,-0.130287,0.738899,7.596000,18.826112

-6.274205,2.425091,11.060859,15.935881,-0.351275,-0.038891,0.820970,7.604000,18.826112

1.806591,6.966048,6.328300,15.929998,0.098780,0.125783,0.875062,7.616000,18.826112

-2.248178,-2.808027,11.288386,15.932940,-0.325695,-0.462300,0.524930,7.608000,18.826112

-1.409921,7.804305,8.907737,15.932940,1.003687,0.168151,0.261665,7.612000,18.826112

-4.545002,-7.341798,5.403822,15.929998,-0.242558,-0.324272,-0.250476,7.604000,18.826112

-0.669860,2.293365,10.042975,15.938822,-0.062696,-0.088453,-0.393566,7.608000,18.826112

0.501305,0.571346,9.992681,15.932940,0.171258,0.205722,-0.585153,7.612000,18.826112

3.157382,4.970997,8.584409,15.947645,0.097714,0.031722,-0.882259,7.612000,18.826112

4.227955,6.029596,8.114985,15.947645,0.567221,0.044246,-0.998436,7.616000,18.826112

1.464103,-1.706318,8.826305,15.944704,-0.184203,-0.084722,-0.898246,7.612000,18.826112

-0.188461,9.689185,7.470724,15.938822,0.170459,0.161223,-0.515340,7.600000,18.826112

1.277291,1.598809,6.606122,15.962351,0.056679,0.046644,-0.355729,7.612000,18.826112

-1.541647,5.234449,12.232023,15.965292,0.034030,0.178010,-0.394099,7.604000,18.826112

-2.617011,-1.045292,5.308022,15.953527,0.167527,-0.030630,-0.575827,7.616000,18.826112

-2.674491,7.301351,11.901511,15.956469,-0.697943,-0.388490,-0.806317,7.612000,18.826112

3.018471,0.192933,8.380832,15.965292,0.430526,0.223575,-0.574761,7.624000,18.826112

-0.509393,6.922938,14.073793,15.953527,-0.300647,-0.381295,-0.661894,7.620000,18.826112

4.644689,7.610309,8.320956,15.944704,0.184048,-0.306952,-0.474038,7.624000,18.826112

1.808985,-0.915961,5.966652,15.944704,-0.045909,-0.057543,0.070078,7.628000,18.826112

-4.408485,3.531590,10.936318,15.965292,-0.433878,-0.064738,0.079937,7.628000,18.826112

0.484540,1.323382,12.205678,15.953527,0.627975,-0.048217,0.235285,7.628000,18.826112

1.614989,-1.375805,2.383703,15.935881,-0.244690,-0.253127,0.153481,7.620000,18.826112

-5.970038,-0.333971,18.597986,15.938822,-0.289456,0.192665,0.225959,7.616000,19.402925

-1.455426,2.508917,3.971601,15.950586,1.008749,0.456729,0.262731,7.628000,19.402925

-7.399865,-2.266752,6.455236,15.947645,-0.801863,-0.765001,-0.212905,7.612000,19.402925

4.055514,6.393639,11.836845,15.959410,0.530982,0.454331,0.397294,7.620000,19.402925

0.767152,1.680240,5.054150,15.971176,0.153139,0.191333,0.596608,7.628000,19.402925

-3.895951,2.724468,9.106524,15.953527,-0.404567,-0.102309,0.606467,7.620000,19.402925

-6.255045,-1.153068,12.028447,15.941763,-0.415492,0.238230,0.573692,7.620000,19.402925

-2.993029,8.503651,8.646679,15.947645,0.269050,0.278200,0.301634,7.632000,19.402925

1.162330,-1.387780,1.401745,15.947645,0.150207,-0.583807,0.037303,7.624000,19.402925

-8.951838,2.887330,13.867822,15.927057,-0.601217,0.442340,0.154813,7.628000,19.402925

4.831500,9.001815,6.594147,15.944704,0.218155,0.104733,-0.290978,7.628000,19.402925

-3.776200,-1.191388,14.607883,15.938822,-0.451198,-0.709577,-0.209974,7.632000,19.402925

-2.411039,5.715848,6.318720,15.956469,0.766535,0.203857,0.117242,7.632000,19.402925

-1.026718,2.516102,3.471042,15.941763,-0.287590,-0.449776,0.319487,7.632000,19.402925

-0.818351,-8.038750,14.727634,15.935881,-0.199924,-0.153470,0.491888,7.624000,19.402925

-1.635053,9.030555,9.235854,15.941763,-0.238028,0.164687,0.788195,7.620000,19.402925

-0.324977,2.940020,12.469131,15.965292,0.164063,-0.102842,0.209705,7.624000,19.402925

2.285594,-0.508808,7.219247,15.959410,-0.072555,-0.391154,-0.008262,7.620000,19.402925

-1.127308,4.982972,1.265229,15.947645,-0.151695,-0.193439,0.137760,7.612000,19.402925

0.074991,-5.763481,16.389776,15.938822,-0.250819,-0.002385,0.295772,7.612000,19.402925

-2.645751,4.209381,9.468171,15.962351,0.576814,0.162288,-0.067949,7.620000,19.402925

3.382514,1.397628,6.115143,15.932940,-0.043244,-0.509197,0.149218,7.616000,19.402925

3.789667,4.151900,9.374765,15.947645,0.029766,-0.201966,0.677346,7.620000,19.402925

1.416202,-2.127841,14.409097,15.944704,0.494210,-0.187044,0.634179,7.620000,19.402925

-1.199159,-0.753100,4.764352,15.941763,-0.083747,0.178010,0.203576,7.624000,19.402925

3.420834,8.249779,10.747111,15.947645,-0.478111,-0.122560,0.252872,7.620000,19.964602

0.328863,16.237167,8.567643,15.941763,0.682067,0.706405,0.378375,7.624000,19.964602

4.699774,4.959022,5.458908,15.927057,0.386293,-0.277641,0.092461,7.620000,19.964602

-1.455426,-7.351378,9.408296,15.927057,-0.357670,0.389847,-0.020252,7.616000,19.964602

0.949174,7.330091,12.591276,15.944704,-0.040846,0.305112,-0.665891,7.624000,19.964602

3.042421,3.026241,6.390571,15.941763,0.471028,-0.058342,-0.475903,7.632000,19.964602

-4.566556,-5.897602,10.050160,15.941763,-0.508221,0.367198,-0.300837,7.628000,19.964602

-2.995424,9.595779,6.428891,15.935881,-0.059499,0.708537,-0.262733,7.620000,19.964602

1.425782,1.479059,8.720924,15.953527,-0.048307,0.189468,-0.295242,7.624000,19.964602

-0.962052,-0.724360,11.827266,15.944704,-0.125848,0.112726,-0.454320,7.624000,19.964602

2.795734,6.352923,7.058781,15.932940,0.342860,0.300849,-0.352265,7.628000,19.964602

2.994520,-0.676459,6.725873,15.927057,0.620780,0.102601,-0.225162,7.620000,19.964602

-4.607272,-5.737135,10.842913,15.944704,-0.056834,0.179076,-0.497220,7.624000,19.964602

-1.419501,2.722074,9.118498,15.953527,0.004985,0.286460,-0.458317,7.624000,19.964602

-1.357230,2.106554,6.836044,15.932940,-0.352341,0.136974,-0.296041,7.612000,19.964602

-0.320187,4.118370,12.361355,15.924116,0.192575,0.273403,-0.101790,7.612000,19.964602

-3.043324,-3.526532,8.967612,15.932940,0.006051,0.039183,0.000532,7.612000,19.964602

-0.756080,5.097933,6.230104,15.935881,-0.100267,0.186270,0.255270,7.616000,19.964602

-3.967802,3.126832,13.973203,15.935881,-0.535667,0.061033,0.170268,7.608000,19.964602

-2.885253,6.103841,15.438954,15.929998,0.533913,0.592892,0.083934,7.612000,19.964602

2.079623,2.195169,4.110512,15.935881,0.076664,-0.092183,0.166005,7.612000,19.964602

-2.880463,-3.670234,11.494358,15.921175,-0.641986,-0.253393,0.092994,7.608000,19.964602

-5.594020,2.837034,13.326548,15.935881,-0.018463,0.469520,0.034106,7.620000,19.964602

-0.660280,5.897870,11.000983,15.935881,0.448379,0.154561,-0.145223,7.624000,19.964602

-5.828732,-0.915961,8.062294,15.932940,-0.228169,-0.175852,-0.271260,7.616000,19.964602

-3.891161,5.620048,4.905658,15.921175,0.399883,0.452733,-0.248877,7.616000,19.964602

-1.242269,-1.299164,6.792934,15.927057,-0.485039,-0.327203,-0.203845,7.616000,19.574696

4.115389,-1.167438,13.803157,15.903528,-0.550589,-0.132686,-0.114580,7.600000,19.574696

-0.430358,5.107513,13.170872,15.909410,0.181384,0.398374,-0.272060,7.608000,19.574696

-0.514183,0.262388,5.166716,15.900587,0.259191,-0.213690,-0.504681,7.604000,19.574696

-1.855394,-0.214220,9.149633,15.921175,-0.409897,-0.260588,-0.398896,7.596000,19.574696

-1.747618,1.433553,4.141647,15.912352,-0.381119,-0.163062,-0.297107,7.592000,19.574696

-1.757199,6.015225,14.804275,15.915293,-0.110393,-0.088986,-0.110317,7.596000,19.574696

-0.942892,0.592901,3.468647,15.935881,0.563491,-0.188110,-0.132966,7.600000,19.574696

-1.723668,0.085157,17.570522,15.921175,-0.823446,-0.341592,-0.085802,7.584000,19.574696

1.476078,8.836558,6.783354,15.924116,1.061243,0.490837,-0.034109,7.604000,19.574696

-0.078290,-3.584013,6.546247,15.906469,-0.722457,-0.845206,-0.149487,7.600000,19.574696

-0.056735,8.546762,14.267790,15.906469,-0.178074,-0.039957,0.251539,7.600000,19.574696

0.558785,-0.360317,11.918276,15.909410,0.039359,-0.194771,0.032774,7.604000,19.574696

1.535953,4.005804,8.538903,15.909410,-0.323296,-0.286434,-0.145756,7.596000,19.574696

-1.165629,7.167230,9.700488,15.935881,0.112103,0.078086,-0.068216,7.596000,19.574696

0.956359,-0.192665,8.881392,15.927057,0.097181,-0.165460,-0.219833,7.600000,19.574696

0.613871,5.124278,10.768666,15.918234,0.307687,0.033321,-0.242216,7.604000,19.574696

0.417479,-0.041779,4.132067,15.921175,0.230946,-0.336263,-0.249943,7.604000,19.574696

-0.521369,0.796478,12.093113,15.921175,-0.635857,-0.352784,-0.063952,7.604000,19.574696

1.056949,8.977864,11.266830,15.909410,0.406811,0.105532,0.153748,7.612000,19.574696

3.839962,-1.957795,7.070756,15.894705,-0.070690,-0.248330,0.276853,7.608000,19.574696

-0.772846,-1.133908,17.795654,15.912352,-0.368329,0.002144,0.579555,7.612000,19.574696

-3.864816,10.424457,10.632151,15.918234,0.930410,0.479112,0.820437,7.608000,19.574696

-2.530790,-8.402792,4.448210,15.906469,-0.351009,-0.789515,0.574492,7.600000,19.574696

-5.730536,6.024806,17.290304,15.921175,-0.220175,0.538800,0.968057,7.600000,19.574696

2.249669,8.977864,10.775852,15.927057,0.455573,0.578769,0.900375,7.600000,19.574696

-0.224386,0.145033,6.249264,15.924116,0.550700,-0.454572,0.645637,7.596000,18.185346

-3.084039,-0.779445,15.268909,15.921175,-0.899122,-0.047684,0.644571,7.584000,18.185346

3.284317,7.021134,8.785590,15.915293,0.602394,0.271538,0.795922,7.596000,18.185346

-5.361703,-4.846188,8.917316,15.903528,-0.301446,0.050374,0.944608,7.592000,18.185346

-3.359467,7.447447,8.095824,15.918234,0.064140,0.371461,0.996035,7.596000,18.185346

0.419874,0.034862,9.013118,15.912352,-0.336087,-0.065803,0.859607,7.596000,18.185346

-1.239874,3.069351,13.118181,15.903528,-0.210316,0.218778,1.049594,7.596000,18.185346

-3.510353,5.073983,11.365026,15.918234,0.062541,0.503094,0.962195,7.608000,18.185346

-1.172814,8.774288,5.755890,15.903528,0.712710,0.197195,0.564899,7.608000,18.185346

3.669916,12.445853,4.805068,15.900587,0.607457,0.352010,-0.022384,7.612000,18.185346

0.949174,-3.665444,5.264911,15.903528,0.548835,-0.397283,-0.612332,7.616000,18.185346

-4.671937,-5.162331,16.066450,15.906469,-1.000910,-0.074597,-0.395165,7.604000,18.185346

6.086491,10.170585,3.296205,15.912352,0.451044,0.760497,-0.281919,7.604000,18.185346

0.819842,-4.206718,8.150910,15.912352,0.057478,-0.175053,-0.520935,7.596000,18.185346

-3.297196,3.771092,12.713423,15.924116,0.147276,0.181740,-0.736770,7.596000,18.185346

1.854491,-2.513439,8.838281,15.912352,0.149941,-0.157200,-0.560105,7.596000,18.185346

-1.515302,5.466766,2.798041,15.897646,0.496609,0.188402,-0.458583,7.588000,18.185346

6.646925,-0.202245,12.167358,15.921175,0.544039,-0.418333,-0.119909,7.580000,18.185346

-7.081327,1.847891,12.766113,15.921175,0.214691,0.140705,0.520133,7.576000,18.185346

1.610199,4.173456,4.845783,15.900587,0.396152,-0.207561,0.510807,7.576000,18.185346

0.688116,3.383099,13.077465,15.909410,-0.219110,-0.159065,0.664823,7.576000,18.185346

0.510885,-0.345946,7.904223,15.912352,0.509132,-0.115898,0.850014,7.576000,18.185346

-2.605036,6.302628,11.990127,15.909410,-0.217777,0.211318,0.654431,7.588000,18.185346

4.606369,0.046837,4.151227,15.891764,0.373237,-0.196637,0.362121,7.588000,18.185346

2.453246,7.272611,8.857441,15.906469,0.022838,0.365066,0.271257,7.592000,18.185346

-1.139284,1.479059,7.034831,15.909410,-0.406966,0.059167,-0.241416,7.580000,18.185346

0.348024,5.459581,11.329102,15.903528,-0.068292,0.338953,-0.591548,7.584000,18.185346

3.842357,3.356754,14.267790,15.915293,-0.239627,0.263544,-0.938749,7.584000,18.185346

-0.075895,5.929005,5.379872,15.906469,0.605858,-0.069267,-1.362157,7.584000,18.185346

-0.487838,-0.707594,5.027804,15.900587,-0.177808,-0.237139,-1.716286,7.584000,18.185346

-1.517697,1.613179,12.603251,15.903528,-0.394975,-0.007448,-1.369618,7.588000,18.185346

-0.356112,8.084522,5.490043,15.888823,0.101978,0.284062,-0.967793,7.596000,18.185346

-0.051945,5.646392,5.303232,15.903528,-0.204987,-0.216088,-0.781536,7.596000,18.185346

8.150997,-1.026132,17.007692,15.918234,-0.592157,-0.488679,-0.333612,7.596000,18.185346

3.047211,1.625154,10.133986,15.897646,0.486483,0.138840,0.076207,7.600000,18.185346

1.617384,0.573741,2.275927,15.909410,0.263187,0.054638,0.059953,7.604000,18.185346

-0.914152,4.559054,9.710068,15.909410,-0.611076,0.272337,0.289377,7.588000,18.185346

0.395924,1.752090,8.653864,15.909410,-0.073088,-0.008514,0.292308,7.580000,18.185346

4.261486,5.030872,9.590317,15.894705,0.092652,0.183073,0.275521,7.584000,18.185346

2.400555,0.681517,8.038344,15.918234,0.260789,0.305112,0.380241,7.572000,18.185346

-0.993187,1.016820,9.631032,15.915293,-0.149563,0.208919,0.197980,7.564000,18.185346

-0.636329,1.699400,7.556945,15.918234,0.010048,0.294987,0.038636,7.572000,18.185346

-3.586993,10.922621,6.091193,15.903528,-0.203122,0.449269,-0.166540,7.564000,18.185346

4.644689,0.279154,8.692184,15.903528,-0.002742,-0.071399,-0.170804,7.572000,18.185346

0.204322,3.902818,10.854887,15.921175,-0.199658,0.424754,-0.036240,7.572000,18.185346

-2.734366,6.968443,12.083532,15.918234,-0.143701,0.364001,-0.051429,7.580000,18.185346

2.022142,2.087393,5.686435,15.912352,0.425463,0.078619,-0.059156,7.604000,18.185346

-5.558095,-0.132790,8.093430,15.909410,-0.080283,0.465789,0.092461,7.612000,18.185346

-6.731654,14.385818,6.443261,15.900587,-0.171413,0.569177,-0.014390,7.600000,18.185346

-2.054181,8.046202,15.264118,15.903528,0.195772,0.305645,-0.382375,7.616000,18.185346

-6.005963,-0.441747,10.933923,15.903528,0.336731,-0.086055,-0.604605,7.628000,18.185346

-9.229660,0.822823,11.386581,15.915293,-0.450133,-0.348787,-0.547049,7.624000,18.185346

0.015116,5.138649,11.214140,15.915293,-0.079750,-0.171856,-0.680014,7.616000,18.185346

1.502423,-1.567406,8.136540,15.906469,0.482486,-0.673871,-0.731707,7.620000,18.185346

-5.400023,-1.253659,5.813371,15.900587,-0.213247,-0.637099,-0.524399,7.608000,18.185346

-0.866251,-6.800524,16.214941,15.906469,-0.352074,-0.747947,-0.363190,7.604000,8.965675

-1.302145,1.586834,9.904064,15.915293,0.797178,-0.017840,-0.439131,7.608000,8.965675

-0.583639,-0.372292,3.039938,15.915293,0.255194,-0.707978,-0.383174,7.612000,8.965675

0.575550,1.622760,10.260922,15.924116,-0.047508,-0.832416,-0.216635,7.600000,8.965675

-3.239716,0.439620,9.226274,15.921175,0.150474,-0.618980,-0.275790,7.580000,8.965675

-0.562084,4.812926,7.532995,15.918234,0.212027,-0.404744,0.127901,7.580000,8.965675

0.661771,-1.062057,12.272739,15.903528,-0.228169,-0.377032,0.029310,7.596000,8.965675

0.029486,6.309813,9.255014,15.921175,0.015644,-0.332532,-0.098859,7.580000,8.965675

3.047211,3.749537,4.687712,15.915293,0.459570,-0.445246,-0.348001,7.596000,8.965675

4.000429,3.720797,9.966335,15.915293,-0.448800,-0.533712,-0.413285,7.588000,8.965675

0.841398,10.709464,12.342195,15.912352,0.529384,-0.157200,-0.369318,7.600000,8.965675

4.074674,3.991434,4.833808,15.903528,0.637301,-0.440983,-0.318424,7.604000,8.965675

2.297570,7.552828,8.766430,15.924116,-0.190598,-0.632836,-0.089533,7.608000,8.965675

2.249669,7.025924,13.714540,15.912352,0.100912,-0.285635,0.456182,7.616000,8.965675

2.386185,5.787699,11.903906,15.903528,0.184848,-0.076728,0.921692,7.620000,8.965675

2.273619,8.309654,12.457155,15.918234,-0.097603,-0.194505,0.804449,7.620000,8.965675

4.539308,-6.764599,9.674143,15.903528,-0.008604,-0.306419,0.896645,7.620000,8.965675

1.605409,-0.278886,12.069162,15.909410,-0.759495,0.009872,0.963794,7.608000,8.965675

5.767953,3.136412,9.101733,15.927057,0.635969,0.434880,1.048795,7.608000,8.965675

1.102455,-4.697697,7.006091,15.906469,0.074799,-0.076728,0.867068,7.600000,8.965675

-1.321305,-2.958913,9.681328,15.894705,-0.215379,0.422622,0.694933,7.604000,8.965675

-3.208580,7.449842,11.645244,15.909410,0.248532,0.789808,0.492421,7.596000,8.965675

6.622975,-3.409177,10.828542,15.906469,-0.401103,0.354408,0.293374,7.596000,8.965675

-0.281867,0.968919,3.157294,15.906469,0.003387,0.708803,0.164939,7.592000,8.965675

-1.848209,2.180799,10.232183,15.918234,-0.053903,0.702408,0.030908,7.572000,8.965675

0.065411,-3.993561,12.394885,15.894705,0.027368,0.551590,-0.007196,7.588000,8.965675

-1.670978,5.890685,7.214457,15.897646,-0.092273,0.770089,-0.190788,7.584000,8.965675

-3.220556,3.972274,7.906618,15.915293,-0.011802,0.556120,-0.167340,7.572000,8.965675

-1.975145,2.477782,5.873246,15.912352,0.425730,0.593425,0.078072,7.580000,18.225231

0.542020,7.883341,4.055427,15.918234,0.171524,0.658175,0.292042,7.588000,18.225231

-2.535580,8.836558,3.808739,15.924116,0.175788,0.615541,0.104718,7.612000,18.225231

-2.758317,7.318116,11.942226,15.921175,-0.121051,0.126849,-0.104988,7.612000,18.225231

-5.941298,-2.221247,7.430009,15.921175,0.015910,0.198794,-0.377046,7.620000,18.225231

-9.653579,5.090748,14.672548,15.927057,-0.216711,0.313106,-0.444194,7.620000,18.225231

-7.663317,5.404496,15.587446,15.924116,-0.308108,0.391979,-0.734372,7.616000,18.225231

2.707118,-3.045134,11.587764,15.924116,0.448379,-0.577944,-0.968059,7.624000,18.225231

-6.458622,-0.175900,13.661850,15.927057,-0.621468,-0.222750,-0.420479,7.596000,18.225231

1.032999,-2.475119,11.331496,15.938822,0.187779,-0.277108,-0.343205,7.604000,18.225231

-0.408803,0.846773,7.655141,15.944704,0.157668,-0.254459,-0.292844,7.592000,18.225231

3.202887,3.306458,10.078901,15.959410,0.192308,-0.525984,-0.376513,7.588000,18.225231

-5.639525,4.870406,8.615544,15.938822,0.058011,-0.199301,-0.386372,7.568000,18.225231

6.021825,-9.140458,14.406701,15.944704,-0.349143,-0.996557,-0.285383,7.572000,18.225231

0.398319,8.058177,12.562536,15.935881,0.548835,0.212916,-0.234488,7.572000,18.225231

-0.547714,5.584122,6.448051,15.935881,0.217622,-0.500670,-0.224363,7.564000,18.225231

2.750228,-2.944543,9.841794,15.953527,-0.339817,-0.777791,-0.285383,7.556000,18.225231

2.987335,5.579332,12.840359,15.938822,0.672207,-0.160664,-0.169738,7.564000,18.225231

-0.147745,8.937149,4.797883,15.950586,0.717240,-0.307485,-0.338142,7.564000,18.225231

0.656981,-0.161530,5.755890,15.950586,-0.635324,-0.770597,-0.665625,7.556000,18.225231

-1.979935,6.223592,12.957714,15.944704,0.357249,0.064497,-0.536923,7.576000,18.225231

-0.619564,5.814044,0.149150,15.935881,0.307420,-0.398615,-0.385306,7.580000,18.225231

0.518070,5.277560,11.688354,15.918234,-0.421355,-0.660015,-0.195052,7.588000,18.225231

1.806591,8.182718,11.415322,15.932940,0.529117,-0.177718,-0.028246,7.600000,18.225231

0.894088,0.703072,5.978627,15.944704,-0.226304,-0.404211,-0.154816,7.600000,18.225231

1.741925,2.403536,10.011841,15.918234,-0.108794,-0.447111,0.309628,7.604000,18.225231

1.157540,1.452713,13.561259,15.938822,-0.269737,-0.118297,0.709322,7.608000,18.225231

3.528610,1.189261,13.211587,15.935881,0.085191,-0.111369,0.632581,7.596000,18.225231

5.571561,1.388048,9.652588,15.921175,0.262388,-0.001586,0.669619,7.600000,18.225231

1.926342,2.662198,2.975273,15.938822,0.287169,0.241161,0.637377,7.592000,18.225231

0.127682,-1.414125,5.363107,15.927057,-0.335021,-0.147075,0.613928,7.576000,18.225231

-2.332003,-5.514399,15.170712,15.918234,0.117166,0.348546,0.432734,7.584000,18.225231

0.151632,1.977222,11.008168,15.915293,-0.045909,0.031988,0.240348,7.584000,18.225231

3.035236,5.260795,7.834767,15.906469,0.169659,0.329627,0.175065,7.576000,18.225231

0.522860,-0.060939,9.393926,15.918234,0.082526,0.289924,0.228623,7.584000,18.225231

2.462826,-5.147961,7.882668,15.935881,-0.380586,0.101269,0.418345,7.560000,18.225231

-1.699718,10.788500,10.852492,15.918234,0.635169,1.009373,0.490823,7.556000,18.225231

0.645006,-2.566130,9.978311,15.927057,-0.305177,-0.248330,0.508409,7.544000,18.225231

-0.360902,1.747301,5.310417,15.918234,0.123028,0.543330,0.756219,7.552000,18.225231

-3.414552,6.190062,10.227392,15.921175,0.031099,0.664304,0.742896,7.572000,18.225231

-1.886530,8.733573,6.936635,15.912352,-0.081082,0.416760,0.589680,7.564000,18.225231

-2.628986,9.114381,9.714858,15.935881,0.094517,0.394377,0.400225,7.588000,18.225231

0.688116,3.385494,7.583290,15.921175,0.314082,0.254751,0.219297,7.604000,18.225231

-6.238280,9.444894,6.352250,15.921175,-0.219909,0.567311,0.353594,7.600000,18.225231

-1.098568,2.096973,7.588080,15.929998,0.242936,0.131645,-0.024516,7.604000,18.225231

-3.182235,-0.185480,16.698734,15.912352,-0.538332,0.385584,-0.266997,7.612000,18.225231

-7.117252,2.949600,10.739926,15.921175,-0.278531,0.622203,-0.443661,7.616000,18.225231

-3.139125,6.585240,10.514794,15.927057,0.343659,0.301915,-0.968059,7.620000,18.225231

0.192347,-6.649638,7.511440,15.924116,-0.076286,-0.036759,-0.846020,7.608000,18.225231

-5.364098,1.488638,8.577224,15.935881,-0.377122,-0.056477,-0.981916,7.584000,18.225231

-0.873436,-2.475119,8.670630,15.929998,0.780924,-0.586738,-1.163110,7.576000,18.225231

0.086966,-2.228432,13.398398,15.915293,-0.422953,-0.306419,-1.115946,7.580000,18.225231

-0.291447,0.408485,9.245434,15.927057,0.192308,-0.713840,-0.979517,7.560000,18.225231

0.144447,-2.326628,7.461144,15.915293,0.533380,-0.523852,-0.927024,7.556000,18.225231

-4.741393,-1.430890,12.179333,15.935881,-0.151695,-0.774327,-0.721582,7.536000,18.225231

1.610199,1.902977,8.344907,15.912352,0.284238,-0.624575,-0.272060,7.544000,8.855307

1.780245,2.278995,9.286150,15.918234,-0.158356,-0.649623,0.269659,7.520000,8.855307

3.257972,-0.151950,11.772180,15.924116,0.013246,-0.592600,0.507876,7.536000,8.855307

0.640216,0.968919,8.062294,15.921175,0.515261,-0.370370,0.489757,7.540000,8.855307

-1.170419,7.835441,6.718688,15.924116,-0.151162,-0.567819,0.349597,7.544000,8.855307

-0.935707,9.255687,3.602768,15.915293,0.409475,-0.379430,0.620057,7.552000,8.855307

-1.613497,0.281549,15.769467,15.906469,-0.826644,-0.534244,0.626185,7.552000,8.855307

-0.918942,8.153978,9.013118,15.915293,0.918152,0.153495,0.719980,7.576000,8.855307

0.355209,4.973392,11.616504,15.897646,-0.459459,-0.534244,0.695466,7.584000,8.855307

2.208954,4.314762,6.517507,15.906469,0.085723,-0.229145,0.638176,7.584000,8.855307

1.739530,1.893397,11.293176,15.915293,-0.076286,-0.071133,0.622189,7.592000,8.855307

6.759491,7.890526,11.168635,15.924116,-0.628929,0.025593,0.495885,7.596000,8.855307

2.022142,-2.810422,9.487331,15.932940,0.108906,0.067694,0.501748,7.588000,8.855307

1.016234,-3.385226,5.494833,15.924116,0.612786,0.285661,0.172933,7.604000,8.855307

-3.438502,0.010911,6.589357,15.927057,-0.828509,0.248622,0.054357,7.588000,8.855307

1.001864,2.125714,13.501384,15.921175,0.077463,0.705872,0.283781,7.576000,8.855307

3.854332,-5.991007,12.265553,15.918234,-0.204188,0.176411,0.334409,7.572000,8.855307

1.650914,-2.784076,11.561419,15.918234,-0.080816,0.414628,0.229423,7.572000,8.855307

-2.561925,12.539259,11.451247,15.900587,0.352985,0.942491,0.095925,7.564000,8.855307

5.243443,-3.136144,5.054150,15.900587,-0.527140,-0.084456,0.033573,7.556000,8.855307

-2.018256,0.324659,9.992681,15.918234,0.096648,0.463125,0.155613,7.548000,8.855307

-3.088829,3.411839,8.004814,15.897646,0.224284,0.315771,0.176130,7.564000,8.855307

0.973124,0.700677,6.007368,15.924116,0.124361,0.150298,0.467374,7.568000,8.855307

-3.898346,5.114698,5.753495,15.927057,-0.145566,0.400772,0.601138,7.560000,8.855307

-3.337911,2.496942,12.493081,15.900587,-0.343814,0.316037,0.583818,7.564000,8.855307

-0.037575,3.543565,11.822475,15.909410,0.131289,0.322965,0.572627,7.580000,8.855307

-1.474586,3.658526,6.869575,15.924116,0.011913,0.405835,0.484960,7.584000,8.855307

-1.982330,4.810531,7.995234,15.903528,-0.079217,0.488439,0.383971,7.588000,8.855307

-0.535739,10.704674,6.443261,15.903528,0.490214,0.726390,0.241147,7.608000,8.855307

-0.511788,-1.380595,9.985496,15.903528,-0.497563,-0.196370,0.264862,7.596000,8.855307

-4.432436,5.325460,9.791499,15.903528,0.152073,0.891330,0.350663,7.608000,16.982849

-8.568634,5.239239,14.057029,15.903528,-0.003541,0.436745,-0.494556,7.604000,16.982849

-2.669701,-0.616584,9.959150,15.918234,0.343126,0.010138,-0.612066,7.608000,16.982849

-8.362662,-13.604774,16.593353,15.900587,-0.905517,-0.297359,-0.574228,7.600000,16.982849

0.793497,-4.908459,11.151870,15.894705,-0.165817,-0.682131,-1.050929,7.568000,16.982849

-1.156049,0.135452,11.221325,15.897646,0.007916,0.006141,-0.892917,7.564000,16.982849

1.042579,2.128109,5.765471,15.894705,0.486217,-0.480952,-0.639511,7.564000,16.982849

-0.265101,0.087552,5.334367,15.909410,0.023105,-0.626174,-0.526265,7.552000,16.982849

-0.554899,1.347332,11.937436,15.903528,0.017776,-0.493209,-0.352265,7.540000,16.982849

1.004259,-1.442865,14.140854,15.900587,0.082259,-0.475623,-0.369851,7.556000,16.982849

1.840121,7.169625,7.195297,15.921175,0.060143,-0.394885,-0.117245,7.552000,16.982849

-3.960617,8.486886,9.683722,15.906469,0.001788,-0.168924,0.083934,7.540000,16.982849

-0.051945,1.395233,9.039463,15.903528,0.297295,-0.443114,-0.033309,7.560000,16.982849

-3.752250,3.522010,9.808264,15.921175,-0.088010,-0.517724,-0.212905,7.564000,16.982849

-0.550109,3.926768,9.626243,15.912352,0.127025,-0.369837,-0.080207,7.556000,16.982849

-1.299750,6.879827,7.346183,15.918234,0.365509,-0.382094,0.145754,7.568000,16.982849

1.394647,0.221673,9.671748,15.906469,0.094250,-0.585938,0.145221,7.584000,16.982849

1.703605,7.169625,9.745994,15.903528,-0.002742,-0.324272,0.235285,7.584000,16.982849

2.546652,9.073666,5.957072,15.915293,0.315681,-0.280306,0.584617,7.592000,16.982849

1.037789,-3.287030,9.942385,15.909410,-0.188999,-0.276042,0.714651,7.584000,16.982849

1.842516,4.456068,13.879797,15.900587,-0.021128,-0.015975,0.820437,7.596000,16.982849

0.839003,12.570394,14.013918,15.906469,0.191243,0.573973,1.088498,7.584000,16.982849

0.182767,-11.013363,12.782878,15.906469,-0.185535,-0.508931,0.613129,7.588000,16.982849

2.017352,-3.667839,8.268266,15.894705,-0.045909,0.271005,0.592878,7.592000,16.982849

0.391134,10.687909,8.019184,15.903528,0.327405,0.641388,0.564899,7.576000,16.982849

3.210072,-4.036672,10.239367,15.912352,-0.416825,0.087146,0.515604,7.572000,16.982849

-3.946246,1.299432,9.003537,15.932940,0.242670,0.571575,0.316556,7.568000,16.982849

-1.481771,-0.793815,11.429692,15.915293,-0.016865,0.333890,-0.155349,7.576000,17.250048

-0.459098,6.326578,10.490845,15.897646,-0.059765,0.195330,-0.167606,7.576000,17.250048

3.269948,5.356595,8.014394,15.924116,0.256259,0.448203,0.023181,7.580000,17.250048

0.489330,-1.622492,6.342670,15.909410,0.023638,0.351477,0.025846,7.576000,17.250048

0.764757,0.533026,9.068203,15.897646,-0.002476,0.394377,-0.266197,7.580000,17.250048

0.800682,10.477147,2.218446,15.906469,0.283172,0.436212,-0.143092,7.588000,17.250048

2.185004,-4.429455,11.290781,15.885881,-0.353140,0.156959,0.151616,7.580000,17.250048

-3.323541,5.629627,14.057029,15.897646,0.384161,0.989921,0.183325,7.596000,17.250048

-2.205067,7.176810,6.366621,15.915293,0.145145,0.428484,0.001331,7.596000,17.250048

-2.885253,-1.198573,7.434799,15.909410,-0.107195,0.065296,-0.147089,7.592000,17.250048

-9.517062,9.873602,9.489726,15.888823,-0.095737,0.896659,-0.116978,7.600000,17.250048

-5.198842,1.608389,10.871653,15.897646,-0.049639,-0.098845,-0.531594,7.600000,17.250048

-4.911439,5.258399,8.732900,15.903528,0.584541,0.306178,-0.827367,7.612000,17.250048

-7.665712,-3.574433,7.983259,15.894705,0.039093,-0.274177,-1.215870,7.616000,17.250048

-5.886212,-6.640058,8.656260,15.906469,-0.376322,-0.638165,-1.088234,7.608000,17.250048

-4.645592,1.895792,14.583933,15.906469,-0.202589,-0.072731,-0.859876,7.592000,17.250048

2.913090,-4.709672,8.146120,15.900587,0.339396,-0.555295,-0.958200,7.600000,17.250048

-0.217201,1.033585,9.841794,15.921175,-0.397639,-0.944863,-0.795392,7.584000,17.250048

4.860240,4.891962,6.222919,15.900587,0.787852,-0.305886,-0.480167,7.576000,17.250048

0.017511,-4.939594,8.677814,15.912352,-0.248420,-0.606722,-0.444727,7.564000,17.250048

-2.114057,4.266861,15.882033,15.885881,0.436921,-0.333332,-0.173735,7.568000,17.250048

0.410294,4.781791,8.191626,15.912352,0.447580,-0.595531,-0.082605,7.560000,17.250048

1.164725,2.552027,6.201364,15.888823,-0.016065,-0.792180,0.235818,7.548000,17.250048

3.042421,2.643038,4.235053,15.891764,-0.113590,-0.468428,0.309362,7.544000,17.250048

0.443824,7.761195,7.568920,15.903528,0.433724,-0.294961,0.258201,7.556000,17.250048

2.723883,-1.794933,11.484777,15.897646,-0.138904,-0.682131,0.161208,7.556000,17.250048

0.439034,6.144557,7.430009,15.894705,0.320477,-0.183580,0.039435,7.568000,17.250048

1.195861,6.817557,8.052714,15.900587,-0.045643,-0.209960,-0.023716,7.568000,17.250048

1.552718,11.578856,7.715016,15.938822,-0.178341,-0.185712,0.113245,7.568000,17.781454

4.381237,1.747301,11.396162,15.912352,0.200302,-0.274977,0.223827,7.580000,17.781454

0.043856,5.284745,7.444379,15.903528,0.669276,0.139373,-0.165475,7.604000,17.781454

2.278409,0.976104,10.835728,15.900587,-0.517548,-0.697319,0.081270,7.604000,17.781454

5.365590,2.971155,15.889218,15.918234,-0.329159,-0.054346,0.453518,7.596000,17.781454

3.207677,1.795201,15.826948,15.915293,0.218422,0.240628,0.415947,7.600000,17.781454

0.007931,10.395717,1.947809,15.897646,0.441184,0.384518,0.208905,7.592000,17.781454

0.786312,-10.661296,12.540981,15.894705,-0.727786,-0.289632,0.102320,7.584000,17.781454

0.889298,-1.950610,12.979270,15.888823,0.459037,0.151630,0.301901,7.584000,17.781454

1.880836,3.356754,6.910290,15.897646,0.588538,0.154295,0.310161,7.576000,17.781454

-0.217201,3.658526,6.431286,15.900587,-0.165551,0.113792,0.284048,7.572000,17.781454

0.383949,-2.254777,10.577065,15.897646,-0.154626,0.156959,0.583818,7.564000,17.781454

-0.286657,4.173456,9.590317,15.906469,-0.114923,0.300316,0.759683,7.560000,17.781454

0.309703,-5.138381,10.596226,15.877058,-0.156491,0.227305,0.845218,7.564000,17.781454

1.332377,7.033109,7.420429,15.915293,0.480621,0.770089,0.900109,7.560000,17.781454

1.660494,3.296878,8.313771,15.897646,0.119831,0.497498,0.996302,7.564000,17.781454

1.313216,1.196446,6.014553,15.888823,0.214425,0.327229,1.171368,7.564000,17.781454

-2.023046,6.182877,6.721083,15.888823,0.489414,0.488172,1.019484,7.576000,17.781454

-6.748419,3.090906,11.815290,15.906469,-0.442405,0.907584,1.181493,7.572000,17.781454

-4.130663,9.351488,8.241920,15.915293,-0.052038,0.823915,0.803117,7.584000,17.781454

-0.605194,7.009159,11.355447,15.906469,0.000722,0.859088,0.629383,7.588000,17.781454

-2.128427,6.297838,12.370934,15.924116,-0.493566,0.541731,0.522265,7.592000,17.781454

-1.330885,5.931400,8.639494,15.897646,0.545904,0.811924,-0.028779,7.608000,17.781454

-8.362662,4.027359,5.434958,15.915293,0.032964,0.181207,-0.625122,7.616000,17.781454

-3.788175,-1.097983,9.137658,15.894705,-0.403502,0.039716,-0.604338,7.616000,17.781454

-6.017938,-4.953964,8.143725,15.921175,-0.335021,0.310442,-0.312029,7.616000,17.781454

-6.075419,-2.484699,8.768826,15.909410,-0.040846,0.064497,-0.541720,7.608000,17.781454

-4.777318,-3.049924,11.743440,15.909410,-0.692613,0.111927,-0.618727,7.592000,18.363261

6.730751,-3.373251,9.688513,15.900587,0.125160,-0.183047,-0.561704,7.584000,18.363261

-1.206344,-3.799565,9.034673,15.897646,-0.075753,0.121786,-0.640044,7.576000,18.363261

0.827027,6.154137,12.435600,15.909410,0.334067,0.161489,-1.107686,7.572000,18.363261

-3.246901,-5.447338,9.556787,15.885881,0.111570,-0.597663,-1.148188,7.564000,18.363261

-0.780031,-3.648679,4.347619,15.909410,-0.015532,-0.404477,-1.053594,7.556000,18.363261

-3.491193,3.557935,15.290463,15.921175,-0.273734,-0.156667,-0.999769,7.532000,18.363261

4.979991,2.063443,8.883786,15.900587,0.339129,-0.483883,-1.029879,7.536000,18.363261

0.946778,-2.206877,8.864626,15.915293,0.026835,-0.173454,-0.766880,7.532000,18.363261

-3.072064,0.750972,9.022697,15.921175,-0.202056,-0.630437,-0.877196,7.540000,18.363261

-3.728300,6.970839,13.190031,15.912352,0.142214,-0.370637,-0.976586,7.544000,18.363261

3.485499,5.162599,7.099496,15.906469,0.213093,-0.557160,-0.859076,7.564000,18.363261

-3.136730,9.682000,9.499307,15.897646,-0.105064,-0.343724,-0.542252,7.560000,18.363261

-0.700995,4.151900,6.673183,15.888823,0.399883,-0.300024,-0.228626,7.572000,18.363261

-4.513866,8.810213,5.427773,15.891764,-0.150629,-0.353316,-0.212105,7.584000,18.363261

-1.141679,-2.094311,9.693303,15.897646,-0.341416,-0.497739,-0.200648,7.588000,18.363261

-0.303422,10.431642,17.331020,15.900587,-0.167949,-0.431923,0.089264,7.588000,18.363261

6.816971,-0.159135,8.040739,15.906469,0.560826,-0.302955,0.493754,7.600000,18.363261

-1.548832,2.966366,13.843872,15.900587,-0.034984,-0.147341,0.322685,7.604000,18.363261

2.594552,1.411998,11.228511,15.885881,-0.109860,-0.198768,0.100455,7.592000,18.363261

8.136626,6.166112,7.875483,15.903528,-0.149563,-0.250462,0.711720,7.588000,18.363261

-0.978817,2.566397,9.183164,15.897646,0.155004,0.498031,0.600605,7.564000,18.363261

3.305873,0.810848,7.784472,15.894705,-0.206319,0.348279,0.241680,7.552000,18.363261

-4.212094,4.803346,17.932171,15.897646,-0.016598,0.236365,0.375977,7.548000,18.363261

-0.152535,-4.592316,0.961061,15.885881,-0.030188,0.344815,0.055156,7.544000,18.363261

-8.460858,0.846773,9.075388,15.906469,-0.153560,0.312840,-0.196651,7.548000,18.363261

3.760927,1.270692,11.240485,15.900587,-0.081881,-0.029831,-0.152951,7.548000,18.363261

-0.861461,9.452079,5.861271,15.894705,0.072933,0.253152,0.111380,7.552000,18.363261

2.292779,-4.247433,9.336445,15.906469,-0.309440,-0.234208,0.430869,7.556000,18.363261

-5.356913,4.721915,9.959150,15.879999,-0.187933,0.284328,1.026945,7.552000,16.638955

0.295333,6.508600,11.559023,15.894705,-0.104797,0.199327,1.344302,7.556000,16.638955

2.158659,-0.822555,7.322233,15.891764,0.425996,0.201725,1.438630,7.576000,16.638955

-4.396510,9.272452,9.489726,15.903528,0.314615,0.949419,1.609965,7.576000,16.638955

-5.632340,5.529037,8.716135,15.897646,-0.296384,0.255284,1.217999,7.576000,16.638955

-1.948800,6.791212,4.749982,15.871176,0.311950,0.798334,0.516936,7.592000,16.638955

-8.745866,1.512589,11.827266,15.897646,-0.623866,0.772754,0.267793,7.592000,16.638955

-2.020651,4.733890,15.331179,15.879999,0.022572,0.684555,-0.235821,7.604000,16.638955

-3.522328,0.786898,6.289979,15.882940,0.305022,0.219045,-0.640044,7.604000,16.638955

-4.070787,-0.547128,6.189389,15.885881,-0.614806,0.225973,-0.737836,7.600000,16.638955

-3.749855,-0.120815,10.165122,15.885881,0.037227,0.271005,-0.881193,7.592000,16.638955

-3.785780,-1.315929,12.605647,15.894705,0.221886,-0.178784,-0.990709,7.592000,16.638955

0.877323,-3.461867,3.873405,15.900587,-0.042445,-0.126557,-0.911836,7.584000,16.638955

-0.183671,8.106077,7.233617,15.903528,-0.052304,0.066095,-1.050130,7.568000,16.638955

-0.514183,-6.719093,16.543058,15.888823,-0.282794,-0.215555,-1.095961,7.568000,16.638955

-2.832562,-2.319443,16.040104,15.885881,-0.023260,0.044778,-1.291545,7.560000,16.638955

-5.043165,1.435948,12.251184,15.879999,-0.218310,-0.195304,-1.212406,7.552000,16.638955

1.816171,7.334881,7.403664,15.888823,0.541108,-0.237405,-0.968059,7.552000,16.638955

1.679655,-4.970729,3.959626,15.906469,0.135552,-0.723166,-0.831631,7.544000,16.638955

-3.392997,4.451278,9.872930,15.903528,0.182449,-0.228079,-0.280320,7.540000,16.638955

-2.727181,-0.336366,4.187153,15.874117,0.132354,-0.414869,-0.396498,7.532000,16.638955

-3.050509,0.980894,10.224998,15.897646,0.009515,-0.492943,-0.468442,7.552000,16.638955

-4.243229,6.542130,7.839557,15.885881,0.202967,-0.523852,-0.343205,7.560000,16.638955

0.290543,9.121566,4.021896,15.847647,0.259990,-0.595264,-0.297906,7.560000,16.638955

1.145565,2.202354,9.492122,15.888823,0.001255,-0.658949,-0.259802,7.576000,16.638955

-1.294960,5.236844,12.150593,15.885881,-0.049906,-0.545436,-0.328816,7.576000,16.638955

3.145406,6.367293,7.437194,15.874117,0.885377,-0.317344,-0.117511,7.600000,16.638955

4.687799,6.331368,3.909330,15.885881,-0.254283,-1.010946,0.078605,7.592000,16.638955

2.860399,5.040452,16.258051,15.879999,-0.249753,-0.231277,0.268060,7.596000,16.638955

3.054396,3.078931,7.659931,15.882940,0.759341,-0.015442,0.142556,7.596000,17.629745

6.124811,2.374796,8.845466,15.868235,0.355117,-0.176385,0.347999,7.592000,17.629745

1.488053,-2.374528,7.715016,15.885881,0.199503,-0.045819,0.280850,7.592000,17.629745

-1.163234,-1.775773,10.572275,15.882940,-0.310506,-0.087387,0.215833,7.576000,17.629745

0.565970,2.350845,10.888417,15.885881,0.213625,0.096472,0.398627,7.572000,17.629745

2.206559,1.050350,8.129354,15.877058,0.116367,0.074889,0.370914,7.560000,17.629745

0.834213,0.319869,6.179809,15.871176,0.023371,-0.157733,0.334143,7.556000,17.629745

-0.308212,0.279154,12.428415,15.903528,-0.479177,-0.200367,0.402357,7.540000,17.629745

-0.363297,2.542447,10.876443,15.882940,0.279708,0.160157,0.826565,7.556000,17.629745

-1.208739,-0.880036,8.450288,15.877058,0.173923,-0.125225,0.968323,7.556000,17.629745

5.006337,-0.705199,7.782077,15.891764,-0.445336,-0.342658,1.281417,7.544000,17.629745

-2.308053,7.655814,7.703041,15.874117,0.103310,0.606748,1.755720,7.556000,17.629745

-0.485443,1.057535,9.944780,15.865294,-0.042179,0.357605,1.576924,7.572000,17.629745

3.296293,4.566239,5.123605,15.874117,0.104909,0.299517,1.494320,7.576000,17.629745

-1.462611,4.202196,9.544811,15.862352,-0.013933,0.578236,1.269692,7.576000,17.629745

-2.353559,4.300392,12.042817,15.888823,0.281307,0.751704,0.976051,7.592000,17.629745

-6.077814,3.426209,3.289020,15.879999,0.058811,0.560916,0.379441,7.588000,17.629745

-7.807018,4.453673,14.052238,15.874117,-0.452531,0.712800,-0.093263,7.592000,17.629745

-1.520092,5.857154,12.627202,15.891764,0.151273,0.541997,-0.167606,7.600000,17.629745

-2.384694,1.462293,4.223078,15.885881,0.006584,0.277667,-0.306966,7.592000,17.629745

-8.151901,6.475070,13.546889,15.868235,-0.194329,0.260347,-0.495888,7.596000,17.629745

-0.408803,-2.180532,13.429533,15.882940,0.358048,-0.220618,-0.529462,7.592000,17.629745

-4.140243,0.331844,8.852651,15.894705,0.180851,-0.207029,-0.310430,7.592000,17.629745

-4.590507,1.007240,5.413403,15.888823,0.066005,-0.307751,-0.302436,7.584000,17.629745

4.982387,-5.617384,9.889694,15.871176,-0.309973,-0.713041,-0.302436,7.580000,17.629745

1.363512,1.426368,13.034355,15.877058,0.200835,0.107131,0.187322,7.568000,17.629745

-1.505722,1.778436,12.059582,15.871176,-0.085345,-0.011179,0.156679,7.564000,17.629745

1.152750,-0.796210,5.490043,15.879999,0.231745,-0.308284,-0.000001,7.564000,17.629745

-0.202831,1.380862,11.144685,15.891764,-0.310240,-0.083390,-0.177199,7.568000,17.629745

2.673588,4.180641,6.215734,15.882940,0.148875,-0.190774,-0.338142,7.548000,17.602904

2.788548,-3.152910,9.923224,15.882940,-0.152494,-0.328535,-0.320556,7.548000,17.602904

-2.133217,5.562567,8.972402,15.871176,0.096648,-0.045286,-0.497753,7.548000,17.602904

0.180372,0.657567,6.977350,15.871176,0.123828,-0.243267,-0.743698,7.564000,17.602904

-2.102081,6.764867,5.676855,15.877058,-0.001143,-0.280839,-0.534792,7.564000,17.602904

0.376764,7.136095,5.406218,15.871176,0.241071,-0.120961,-0.462847,7.568000,17.602904

2.699933,-3.873810,9.523256,15.885881,-0.282794,-0.599794,-0.503349,7.572000,17.602904

-1.869765,10.659168,9.580737,15.856470,0.310351,0.015201,-0.338142,7.584000,17.602904

4.084254,8.879669,2.002895,15.885881,0.712710,-0.465497,-0.342406,7.580000,17.602904

2.347865,-0.568683,9.563972,15.888823,-0.796001,-0.699718,-0.058890,7.592000,17.602904

-2.044601,3.622601,14.744399,15.879999,-0.043511,0.298717,0.328280,7.588000,17.602904

1.938317,3.941139,4.819438,15.871176,0.687662,0.208120,0.399426,7.604000,17.602904

4.323756,-6.185004,8.222761,15.868235,-0.934561,-0.641362,0.716516,7.604000,17.602904

-2.983449,1.402418,15.731147,15.877058,-0.100800,0.856157,1.329380,7.588000,17.602904

1.706000,1.040770,6.421706,15.862352,-0.121318,0.412763,1.050394,7.592000,17.602904

0.678536,-5.435363,9.626243,15.853529,-0.256148,0.326163,0.986176,7.588000,17.602904

-0.032785,1.076695,6.086403,15.885881,0.304223,0.512154,1.019218,7.576000,17.602904

0.930013,2.159244,11.602134,15.868235,0.039359,0.530540,0.913699,7.568000,17.602904

-0.545319,4.803346,7.628796,15.865294,0.093451,0.618472,0.350397,7.568000,17.602904

0.024696,-7.008891,11.592553,15.868235,-0.477312,0.278999,0.251806,7.576000,17.602904

2.038908,6.434354,5.413403,15.847647,0.593601,0.834573,0.125769,7.580000,17.602904

-6.451437,4.290812,10.174702,15.874117,-0.088809,0.769024,-0.029312,7.564000,17.602904

-1.441056,0.482730,10.718371,15.862352,-0.166883,0.617406,-0.558507,7.564000,17.602904

-1.297355,0.365374,8.907737,15.871176,0.194440,0.545994,-0.869202,7.576000,17.602904

-2.811007,10.582528,5.013434,15.865294,0.405478,0.506292,-0.940347,7.572000,17.602904

1.825751,-4.142052,8.919712,15.874117,-0.409897,0.348013,-1.025082,7.580000,17.602904

-1.793124,9.641285,7.370133,15.871176,0.880581,0.995783,-1.153517,7.600000,17.602904

-10.479860,13.298480,5.696015,15.874117,-0.244424,0.069293,-0.987245,7.592000,17.602904

2.364630,-2.781681,11.149475,15.888823,0.561093,-0.012777,-1.241983,7.604000,17.716117

-9.895475,4.712335,5.861271,15.877058,0.882180,0.116190,-1.072513,7.612000,17.716117

-6.997501,2.999896,15.769467,15.888823,-1.058200,-1.081825,-1.215070,7.612000,17.716117

0.063016,-1.488371,12.303874,15.871176,0.549901,-0.124159,-1.064785,7.604000,17.716117

0.163607,3.378309,6.352250,15.868235,1.079895,-0.080725,-0.490559,7.612000,17.716117

-1.232689,-6.077228,8.764035,15.877058,-0.323829,-1.515093,-0.364522,7.600000,17.716117

-1.179999,-0.906381,11.015354,15.871176,0.329270,-0.422330,-0.130301,7.596000,17.716117

5.085372,-2.470329,13.048725,15.868235,0.367641,-0.574747,0.016786,7.580000,17.716117

-0.169301,7.598333,8.323352,15.856470,0.316214,-0.317611,0.339472,7.576000,17.716117

-0.013624,0.322264,7.295888,15.859411,0.136618,-0.552630,0.393031,7.564000,17.716117

1.607804,-6.101178,17.661533,15.862352,-0.265474,-0.496673,0.182525,7.560000,17.716117

0.462985,10.232855,8.069479,15.882940,0.876318,0.130846,0.239282,7.572000,17.716117

4.017194,3.852523,3.902145,15.877058,-0.049639,-0.435387,0.333876,7.560000,17.716117

-0.681835,1.529354,4.738007,15.868235,0.145944,-0.163595,0.150017,7.564000,17.716117

-1.038693,7.435472,7.504255,15.862352,0.115034,-0.049549,-0.334145,7.556000,17.716117

-0.461493,3.107671,10.814172,15.865294,-0.348877,-0.328535,-0.694136,7.556000,17.716117

0.721647,-2.106286,8.670630,15.871176,-0.028056,-0.271246,-0.769545,7.560000,17.716117

-2.581085,4.877591,8.055109,15.865294,0.616250,0.079419,-0.847885,7.580000,17.716117

-1.769174,11.315404,6.378595,15.856470,-0.258280,-0.275776,-0.525199,7.584000,17.716117

2.719093,6.865458,8.062294,15.859411,0.033763,-0.228612,-0.492424,7.588000,17.716117

3.842357,2.132899,10.514794,15.853529,-0.016598,-0.231277,-0.344537,7.600000,17.716117

4.232745,6.925333,11.860796,15.853529,0.277576,-0.087120,-0.241683,7.608000,17.716117

-0.777636,1.570069,10.644126,15.862352,-0.076819,-0.144143,-0.015190,7.604000,17.716117

-0.890202,0.516261,8.560458,15.868235,0.044155,-0.188909,-0.026381,7.592000,17.716117

-2.961893,-5.260526,11.051279,15.859411,-0.142901,-0.211292,0.043166,7.592000,17.716117

-2.370324,2.559212,7.746151,15.877058,-0.307842,-0.314413,0.332544,7.592000,17.716117

1.562299,-5.710790,13.290623,15.859411,-0.217511,-0.041022,0.389034,7.584000,17.716117

0.525255,0.758158,11.496753,15.859411,0.131555,-0.146275,0.573692,7.580000,18.542142

0.702486,3.469320,5.272096,15.874117,0.398018,-0.011445,0.815907,7.572000,18.542142

5.135668,-5.437758,11.611713,15.841763,-0.649979,-0.419666,1.038936,7.572000,18.542142

-0.839906,4.903936,10.876443,15.862352,0.439319,0.792472,1.007227,7.560000,18.542142

3.471129,5.723033,7.904223,15.868235,0.201368,0.198527,0.994703,7.564000,18.542142

3.293898,-0.901591,5.854086,15.862352,-0.045643,0.025593,1.079172,7.556000,18.542142

-0.959657,-0.566288,8.644284,15.871176,-0.149563,0.493501,1.125003,7.556000,18.542142

-4.650382,4.353082,6.994115,15.865294,0.051883,0.491636,0.795123,7.564000,18.542142

-1.999095,4.999737,10.991404,15.868235,-0.134641,0.585164,0.417012,7.584000,18.542142

-5.115016,4.563844,10.517190,15.859411,0.012713,0.650714,0.165738,7.584000,18.542142

-3.919901,3.359149,7.221642,15.859411,0.178452,0.470852,-0.169205,7.592000,18.542142

-3.517538,4.841666,7.116261,15.871176,-0.390445,0.533471,-0.498020,7.592000,18.542142

-0.013624,6.683436,9.932805,15.853529,-0.002209,0.562515,-0.743965,7.600000,18.542142

-2.930758,-4.010326,14.583933,15.859411,-0.395241,-0.219552,-0.958733,7.600000,18.542142

-5.972433,8.237803,10.780642,15.844706,0.435322,0.528408,-1.098626,7.600000,18.542142

2.185004,-0.436957,6.843229,15.856470,0.298627,-0.462566,-1.565468,7.604000,18.542142

-5.354518,-7.279528,14.583933,15.856470,-0.796001,-0.524652,-1.178032,7.592000,18.542142

-5.289852,6.937308,11.305151,15.856470,0.618915,0.487106,-0.864139,7.580000,18.542142

-0.756080,-4.544415,8.081454,15.850588,0.169126,-0.942731,-1.106354,7.580000,18.542142

3.248392,2.276600,10.675261,15.868235,0.567488,-0.365840,-0.840690,7.584000,18.542142

-1.694928,2.851404,6.730663,15.862352,0.011913,-0.755675,-0.429006,7.572000,18.542142

-1.659003,3.440579,9.959150,15.859411,0.027901,-0.568085,-0.134565,7.568000,18.542142

0.436639,1.366493,8.780800,15.844706,0.417203,-0.486814,-0.035174,7.580000,18.542142

-3.457662,1.986803,7.571315,15.850588,0.310884,-0.695721,0.013855,7.568000,18.542142

0.175582,-4.041461,13.125366,15.841763,-0.048041,-0.680799,0.244878,7.556000,18.542142

2.038908,3.924373,8.143725,15.847647,0.213892,-0.558759,0.585150,7.564000,18.542142

-2.937943,2.925650,6.048083,15.865294,0.029500,-0.456437,0.422075,7.560000,18.542142

1.442548,4.115975,5.868456,15.853529,0.086256,-0.514260,0.306430,7.568000,17.687142

1.363512,3.835757,3.691384,15.871176,0.229080,-0.308551,0.324017,7.572000,17.687142

1.238971,9.557460,15.292858,15.853529,-0.488770,-0.307751,0.494287,7.572000,17.687142

5.935604,0.865933,6.448051,15.874117,0.247999,-0.382361,0.649368,7.584000,17.687142

0.115707,5.011713,6.627677,15.850588,0.113436,-0.116165,0.705058,7.592000,17.687142

1.164725,6.496624,11.130315,15.865294,-0.140237,-0.085522,0.950470,7.596000,17.687142

3.710631,1.895792,7.583290,15.853529,0.398550,-0.029032,1.183359,7.596000,17.687142

-0.384852,-4.336049,12.339800,15.862352,-0.227636,0.210252,1.160443,7.604000,17.687142

0.089361,2.480176,9.997471,15.835880,-0.013401,0.362135,1.046930,7.588000,17.687142

0.462985,-2.252382,12.327825,15.850588,0.036961,0.298184,0.977916,7.592000,17.687142

0.762362,0.600086,6.495951,15.850588,0.346857,0.387716,1.011490,7.588000,17.687142

-2.291288,-4.549206,8.696975,15.841763,-0.338751,0.466589,1.061052,7.576000,17.687142

0.336049,13.051793,8.220366,15.868235,0.619181,0.928635,0.957665,7.572000,17.687142

1.916761,-2.475119,9.252620,15.859411,-0.220708,-0.066603,0.397028,7.572000,17.687142

1.732345,-2.877482,12.976874,15.829998,-0.251884,0.418625,0.442060,7.572000,17.687142

2.908299,3.711217,7.942543,15.841763,0.161399,0.804729,0.410884,7.568000,17.687142

-0.210016,5.493111,8.292216,15.862352,0.099313,0.816454,0.199313,7.576000,17.687142

1.004259,2.858590,9.415481,15.847647,-0.152760,0.699210,-0.048764,7.568000,17.687142

2.206559,3.651341,6.493556,15.853529,0.501938,0.625134,-0.220899,7.572000,17.687142

-1.527277,2.360425,8.962822,15.832939,-0.325695,0.708270,-0.411686,7.564000,17.687142

-1.407526,8.891644,9.389135,15.850588,0.135818,0.850828,-0.727444,7.588000,17.687142

-1.290170,3.543565,11.882351,15.850588,0.322875,0.288592,-0.859076,7.584000,17.687142

-7.074142,3.603441,2.103486,15.850588,-0.305710,0.395976,-1.052262,7.596000,17.687142

-1.972750,5.050033,11.501543,15.871176,-0.216178,0.057036,-1.210807,7.600000,17.687142

-4.049232,2.166429,10.761481,15.841763,-0.199391,0.221177,-0.898779,7.608000,17.687142

-3.620524,-2.460749,11.175820,15.859411,0.280241,0.101002,-1.058124,7.604000,17.687142

-8.935073,3.256163,8.795171,15.844706,-0.359002,-0.122293,-1.234256,7.604000,17.687142

2.805314,4.499178,14.658178,15.844706,0.058011,-0.405277,-1.451689,7.592000,18.390403

3.008890,-0.980627,2.929767,15.856470,0.355117,-0.636300,-1.236654,7.588000,18.390403

-2.221832,-10.134391,13.304993,15.844706,-0.475446,-0.588070,-1.158580,7.580000,18.390403

-3.689979,-3.279845,10.356724,15.829998,0.070535,-0.895568,-1.062121,7.572000,18.390403

-2.523605,0.489915,12.363750,15.847647,0.158734,-0.549966,-0.610733,7.584000,18.390403

-0.360902,-4.731227,8.565248,15.862352,0.444116,-0.601393,-0.452455,7.580000,18.390403

-5.268297,2.834639,8.986773,15.865294,0.154737,-0.500670,-0.260602,7.576000,18.390403

-0.097450,-0.386662,11.197375,15.847647,0.360446,-0.521721,-0.302170,7.568000,18.390403

-1.632658,7.464212,9.369975,15.841763,0.431858,-0.406875,-0.028246,7.576000,18.390403

1.217416,3.933954,7.978468,15.853529,0.238673,-0.763669,0.088464,7.572000,18.390403

0.874928,3.684871,7.521020,15.850588,-0.147698,-0.533179,0.132963,7.568000,18.390403

-1.144074,2.288575,9.396320,15.847647,0.301025,-0.289099,0.054357,7.576000,18.390403

-0.051945,4.707545,8.179650,15.850588,0.183782,-0.778058,0.116709,7.584000,18.390403

0.836608,11.542931,7.691066,15.856470,-0.069358,-0.561957,0.360522,7.584000,18.390403

-0.128585,-5.308427,7.707831,15.832939,0.178452,-0.479620,0.454317,7.588000,18.390403

-0.794401,5.744588,14.447416,15.838821,0.060410,-0.239004,0.549444,7.596000,18.390403

0.568365,5.445211,7.291098,15.844706,0.317279,-0.256591,0.676014,7.608000,18.390403

4.884191,9.286822,8.828701,15.862352,-0.256148,-0.523586,0.972853,7.608000,18.390403

5.997875,2.068233,10.878838,15.847647,-0.046975,-0.035427,1.386669,7.604000,18.390403

3.842357,-0.971047,11.717094,15.844706,-0.047241,0.093541,1.257968,7.596000,18.390403

1.600619,-0.923146,12.926579,15.847647,-0.021394,0.134310,1.099689,7.596000,18.390403

-0.880621,-1.596147,8.692184,15.868235,0.146743,0.325097,1.065316,7.584000,18.390403

1.289266,-5.294057,11.044094,15.850588,0.028701,0.329360,1.085833,7.580000,18.390403

-0.013624,-4.422269,8.246711,15.841763,-0.127979,0.318435,1.016287,7.576000,18.390403

-3.721115,3.447764,7.408454,15.844706,0.472094,0.818053,0.895579,7.568000,18.390403

7.034918,6.204432,5.772655,15.847647,-0.056301,0.146034,0.665089,7.576000,18.390403

-1.287775,2.628668,9.528047,15.865294,-0.044843,0.685887,0.494553,7.580000,18.390403

-0.277076,1.304222,12.368540,15.844706,0.176054,0.270472,0.635778,7.556000,18.060132

0.736017,2.877750,6.266029,15.844706,0.344992,0.248622,0.850014,7.568000,18.060132

-1.110543,2.547237,6.261240,15.844706,0.108373,0.622203,0.589947,7.572000,18.060132

-0.310607,2.439461,8.512558,15.850588,-0.015799,0.465523,0.719714,7.584000,18.060132

-2.693651,7.914476,3.801554,15.844706,0.103576,0.729587,0.612063,7.580000,18.060132

-2.614615,5.126673,9.458591,15.847647,-0.042179,0.694414,0.212369,7.592000,18.060132

-0.368087,3.359149,6.263635,15.844706,0.279975,0.472184,0.240348,7.604000,18.060132

-7.076537,4.884776,5.863666,15.850588,-0.074154,0.591560,-0.192654,7.612000,18.060132

-5.000055,0.413275,12.766113,15.853529,-0.418423,0.303247,-0.666690,7.612000,18.060132

-1.235084,8.185113,13.101416,15.850588,0.341794,0.286993,-0.442596,7.612000,18.060132

-6.219120,-1.519506,5.952282,15.859411,-0.031254,-0.165460,-0.465245,7.604000,18.060132

-3.491193,-3.924106,13.681010,15.877058,-0.290788,-0.101509,-0.722381,7.604000,18.060132

-2.609826,3.117252,12.255974,15.847647,-0.251085,0.078353,-0.630718,7.600000,18.060132

1.581459,-2.709831,6.646838,15.850588,-0.185535,-0.232076,-0.520669,7.588000,18.060132

3.401674,-3.512162,13.367263,15.847647,-0.588693,-0.269381,-0.498020,7.572000,18.060132

4.505777,6.144557,10.785432,15.874117,0.339129,0.021063,-0.577159,7.572000,18.060132

2.841239,6.652301,8.663445,15.862352,0.448112,0.192132,-0.634715,7.584000,18.060132

-1.055458,-0.226196,10.009445,15.853529,-0.090675,-0.209160,-0.654167,7.584000,18.060132

-2.430199,4.053705,8.354486,15.853529,-0.158889,-0.052747,-0.821505,7.580000,18.060132

0.496515,4.856036,7.760522,15.847647,0.721237,-0.083390,-0.996305,7.580000,18.060132

-2.358348,-0.274096,8.979588,15.850588,-0.068025,-0.531580,-0.907040,7.584000,18.060132

-0.114215,6.075101,8.337722,15.865294,0.272514,-0.304820,-0.754090,7.592000,18.060132

3.063976,8.740758,6.879155,15.847647,0.098514,-0.339727,-0.526531,7.592000,18.060132

1.880836,6.436749,10.938713,15.832939,-0.020062,-0.251261,-0.255805,7.596000,18.060132

0.221088,1.225186,14.116904,15.853529,0.161132,-0.002918,-0.074611,7.608000,18.060132

-1.512907,11.607596,3.990761,15.847647,0.434256,-0.066869,-0.008795,7.620000,18.060132

1.571879,4.319552,3.293810,15.844706,-0.581232,-0.421797,-0.249410,7.612000,18.060132

-0.109425,-3.500187,8.160490,15.844706,-0.235630,-0.086588,-0.198249,7.624000,18.906859

-0.619564,3.929163,13.443904,15.850588,0.124361,0.157226,-0.174268,7.632000,18.906859

-0.760870,2.700518,12.715817,15.841763,-0.311839,0.011471,-0.312295,7.628000,18.906859

6.141576,-5.198256,4.630231,15.844706,-0.701140,-0.820159,-0.629652,7.628000,18.906859

0.209112,0.743787,14.902471,15.862352,0.847540,0.894261,-0.350399,7.624000,18.906859

1.052159,-6.675983,9.944780,15.838821,-0.152227,-0.104174,-0.892118,7.616000,18.906859

-0.835116,3.196287,2.589674,15.847647,0.209895,-0.048750,-1.059456,7.624000,18.906859

4.419557,7.085799,6.031318,15.835880,-0.396840,-0.345856,-0.783401,7.616000,18.906859

0.218693,-7.133431,10.876443,15.829998,0.473160,0.475382,-0.647505,7.612000,18.906859

-5.040770,1.457503,10.989009,15.862352,-0.503958,-0.865191,-0.722381,7.616000,18.906859

0.221088,2.516102,10.476475,15.829998,-0.442139,-0.035960,-0.047698,7.600000,18.906859

10.493326,1.117410,8.047924,15.847647,0.451044,-0.119362,-0.090332,7.612000,18.906859

-2.988239,1.419183,12.785274,15.844706,0.343126,0.047976,-0.243548,7.612000,18.906859

-4.245624,2.204749,4.967929,15.835880,-0.065627,-0.128955,-0.258203,7.612000,18.906859

-3.687584,5.033267,8.110195,15.838821,-0.055768,-0.003185,-0.183594,7.612000,18.906859

-3.335516,-2.448774,9.829819,15.838821,0.028434,-0.258722,-0.423943,7.616000,18.906859

-0.267496,2.245465,6.208549,15.856470,0.253861,-0.118297,-0.491625,7.616000,18.906859

-2.815797,7.744430,13.331338,15.844706,0.308486,-0.552630,-0.263533,7.612000,18.906859

-0.439938,-3.330141,12.643967,15.835880,0.020707,-0.531846,0.167071,7.604000,18.906859

-0.030389,-5.923947,13.542099,15.838821,-0.094139,-0.808434,0.308562,7.600000,18.906859

1.734740,3.342384,10.430969,15.844706,0.420933,-0.477222,0.785530,7.600000,18.906859

1.313216,2.247860,0.613783,15.844706,0.763871,-0.115365,1.286213,7.600000,18.906859

-8.441698,-2.834372,12.452366,15.841763,-0.074687,-1.338695,1.281417,7.584000,18.906859

-1.479376,-4.810263,4.469765,15.841763,0.213359,1.012037,1.644605,7.588000,18.906859

-8.175851,-2.202087,18.847067,15.844706,0.085990,0.175612,1.490590,7.580000,20.166637

5.581141,1.419183,4.984694,15.838821,-0.085345,-0.564621,1.170302,7.572000,20.166637

-7.344779,1.919742,13.120576,15.815292,-0.115722,0.436212,0.992038,7.572000,20.166637

0.728832,-1.502741,6.766589,15.812351,-0.362466,-0.122027,1.005628,7.564000,20.166637

0.015116,2.049073,7.686276,15.841763,-0.143434,0.150564,0.897178,7.548000,20.166637

0.180372,0.892279,7.976073,15.827057,0.103310,-0.059142,0.769009,7.552000,20.166637

-2.023046,-0.092074,9.592712,15.829998,-0.505024,0.252619,0.928087,7.552000,20.166637

-3.088829,9.490399,5.408613,15.856470,0.248266,0.643253,0.478299,7.572000,20.166637

-0.233966,-2.908617,11.183005,15.832939,-0.564178,-0.260055,0.142556,7.564000,20.166637

1.023419,5.536222,9.779524,15.838821,0.233610,0.133510,0.021316,7.572000,20.166637

-1.563202,3.684871,8.057505,15.829998,0.237341,0.376258,-0.244347,7.592000,20.166637

-2.913993,6.319393,6.289979,15.844706,-0.290255,0.222509,-0.516406,7.588000,20.166637

1.210231,-2.554155,9.271779,15.829998,-0.102932,-0.001586,-0.523067,7.588000,20.166637

-0.715365,1.493428,12.809223,15.844706,-0.034185,0.206521,-0.606470,7.592000,20.166637

1.382672,2.403536,11.259645,15.827057,0.364177,0.017333,-0.607269,7.592000,20.166637

-0.274681,1.380862,5.992997,15.835880,0.028701,0.123385,-0.362923,7.576000,20.166637

0.568365,-1.035712,11.499147,15.815292,-0.014466,0.001878,-0.286715,7.572000,20.166637

-2.863698,-0.566288,12.512241,15.838821,-0.305177,0.084215,-0.242749,7.568000,20.166637

-0.588429,4.559054,10.510005,15.827057,0.702051,0.041847,-0.246213,7.568000,20.166637

0.393529,0.695887,5.818161,15.815292,-0.158090,-0.276309,-0.223830,7.572000,20.166637

1.270106,-1.277609,6.215734,15.838821,0.041224,-0.169457,-0.009594,7.568000,20.166637

0.858163,2.353240,12.445180,15.847647,-0.493832,0.201458,-0.168939,7.564000,20.166637

-0.202831,6.218802,11.357841,15.850588,0.195772,0.158025,-0.361857,7.564000,20.166637

0.283358,2.671778,7.715016,15.844706,0.123828,0.005875,-0.491358,7.572000,20.166637

-0.406408,0.590506,5.619374,15.841763,-0.353673,-0.039424,-0.624056,7.568000,20.166637

0.462985,0.554581,5.274491,15.835880,-0.614540,-0.001852,-0.669355,7.568000,20.166637

2.168238,2.947205,15.601816,15.832939,-0.134108,0.074889,-0.618194,7.576000,20.166637

-0.847091,-0.678854,3.981181,15.835880,0.131555,-0.167326,-0.628053,7.580000,20.166637

-1.891320,-2.336208,12.363750,15.809410,-0.315835,-0.321607,-0.454853,7.584000,20.166637

0.553995,3.500455,11.875166,15.832939,-0.424286,0.000546,-0.257937,7.584000,17.077085

0.819842,3.984249,6.785749,15.832939,0.426795,0.073823,-0.038905,7.584000,17.077085

-1.809889,0.643197,7.154582,15.824116,-0.042978,-0.164128,0.070078,7.584000,17.077085

0.103732,2.542447,11.501543,15.827057,0.277310,-0.205696,0.344002,7.588000,17.077085

-0.329767,-2.582895,12.253579,15.832939,-0.188733,-0.309350,0.518268,7.572000,17.077085

-3.663634,7.160045,11.017749,15.841763,0.643163,0.157226,0.820970,7.580000,17.077085

1.370697,6.075101,6.677973,15.832939,0.564823,-0.071932,0.931019,7.576000,17.077085

-1.754804,-4.580341,7.362948,15.818233,-0.378721,-0.610186,0.940878,7.568000,17.077085

-0.049550,3.287298,15.905984,15.829998,0.030299,0.118855,1.224660,7.564000,17.077085

-0.286657,3.265743,8.534113,15.815292,0.404413,0.115924,1.264896,7.564000,17.077085

-2.377509,-0.001064,5.803791,15.824116,0.307420,-0.105240,0.949937,7.580000,17.077085

-4.990475,4.846456,7.743757,15.824116,-0.339551,0.296319,0.854810,7.584000,17.077085

1.310822,0.523446,8.565248,15.818233,0.066538,-0.043687,0.657895,7.584000,17.077085

-0.346532,2.171219,9.494516,15.812351,0.259990,0.140439,0.835625,7.584000,17.077085

-3.742670,2.209539,10.581855,15.821175,-0.268938,0.091942,0.653631,7.584000,17.077085

2.757413,5.921820,11.650034,15.838821,0.285037,0.118589,0.522798,7.580000,17.077085

3.751347,3.387889,7.676696,15.812351,0.237074,0.256083,0.475634,7.588000,17.077085

-1.527277,-0.420192,9.690907,15.812351,-0.137039,0.142304,0.250207,7.584000,17.077085

-0.521369,6.206827,10.692026,15.818233,0.058811,0.166552,0.195049,7.580000,17.077085

-1.929640,3.423814,6.982141,15.824116,0.207497,0.212117,-0.086868,7.580000,17.077085

-1.536857,0.101922,8.308981,15.821175,-0.345413,0.005076,-0.318957,7.584000,17.077085

0.419874,3.330408,10.560300,15.797646,0.010315,0.245958,-0.267530,7.580000,17.077085

-1.984725,-2.182926,10.617781,15.809410,0.027901,0.178010,-0.434335,7.588000,17.077085

-0.384852,3.735167,11.724279,15.803528,-0.280396,0.190533,-0.503615,7.592000,17.077085

4.429137,3.347173,9.219090,15.809410,-0.008071,-0.048483,-0.440464,7.576000,17.077085

2.805314,0.556976,13.625925,15.812351,-0.011269,0.145501,-0.407955,7.580000,17.077085

-3.163075,2.966366,13.199612,15.803528,0.078795,0.380255,-0.601940,7.580000,17.077085

0.850978,6.000855,5.719965,15.800587,0.159001,-0.124692,-0.616862,7.580000,17.077085

-0.243546,-7.004101,10.368698,15.803528,-0.459725,-0.214490,-0.614464,7.572000,17.703808

2.989730,9.511954,14.327665,15.812351,0.088122,0.080484,-0.589949,7.568000,17.703808

2.359840,0.274364,4.757167,15.824116,0.567488,-0.294162,-0.574494,7.564000,17.703808

-1.079408,5.706268,8.083850,15.812351,-0.499695,-0.132419,-0.557974,7.572000,17.703808

-1.685348,1.629945,8.435918,15.800587,0.120630,-0.008248,-0.420479,7.560000,17.703808

1.267711,1.598809,10.445339,15.800587,-0.112791,-0.218753,-0.176666,7.572000,17.703808

-2.229017,0.937784,14.212705,15.815292,-0.041379,-0.014110,-0.370651,7.572000,17.703808

-0.439938,5.943375,5.506808,15.797646,0.253861,-0.084722,-0.252075,7.580000,17.703808

1.854491,4.973392,8.661049,15.791763,-0.068558,0.025593,0.185190,7.576000,17.703808

0.278568,3.833362,8.495793,15.809410,0.366308,-0.016241,0.334942,7.584000,17.703808

-2.195487,2.235884,9.537626,15.809410,-0.074154,-0.192640,0.298970,7.580000,17.703808

-0.356112,-2.762521,13.489408,15.821175,-0.059499,-0.038358,0.547846,7.600000,17.703808

-3.117570,-3.382831,4.405099,15.806469,0.041757,0.070359,0.471104,7.596000,17.703808

-5.067115,-7.207677,10.543535,15.794704,-0.486904,-0.025301,0.429536,7.596000,17.703808

0.142052,5.545802,9.140054,15.812351,-0.405100,0.125250,0.249141,7.584000,17.703808

1.399437,5.687108,12.684682,15.827057,0.164063,0.335223,0.123904,7.580000,17.703808

3.157382,-1.713503,10.366303,15.806469,0.380431,0.026393,0.147086,7.592000,17.703808

0.216298,0.020492,8.335326,15.806469,0.026302,-0.016241,0.041300,7.584000,17.703808

-0.152535,0.233648,4.999064,15.829998,-0.199924,0.070625,0.074608,7.576000,17.703808

0.793497,4.206986,8.007209,15.797646,-0.099734,0.082616,0.180394,7.576000,17.703808

-1.158444,2.875355,13.590000,15.794704,0.014045,0.442074,0.242480,7.580000,17.703808

-1.062643,0.200118,8.632309,15.794704,0.430259,0.006674,0.127101,7.576000,17.703808

-3.201395,-1.165043,11.930251,15.777058,-0.164218,0.108996,0.136161,7.580000,17.703808

1.840121,3.852523,10.524375,15.806469,-0.204721,0.109529,-0.083404,7.576000,17.703808

-0.772846,7.890526,11.250066,15.812351,0.140881,0.328295,-0.210240,7.584000,17.703808

-0.008834,1.986803,7.722201,15.806469,0.241871,0.009605,-0.237952,7.584000,17.703808

-1.862579,-3.006813,6.788144,15.794704,-0.170880,-0.114833,-0.204378,7.576000,17.703808

-2.173932,7.598333,7.832372,15.791763,-0.207119,0.183339,-0.067150,7.580000,17.703808

-3.122360,4.810531,14.859360,15.785881,-0.198858,0.457795,0.002130,7.572000,17.815651

1.124010,-0.753100,9.686118,15.791763,0.424930,-0.290964,-0.086069,7.580000,17.815651

-6.120924,-0.444142,11.130315,15.788822,0.071335,0.057835,-0.005064,7.584000,17.815651

3.255578,-0.851296,6.630073,15.800587,-0.142635,-0.124958,0.243012,7.588000,17.815651

-0.298632,0.846773,10.361513,15.794704,-0.399505,0.041314,0.282449,7.576000,17.815651

-0.269891,7.571988,12.847544,15.797646,0.453708,0.331759,0.378908,7.580000,17.815651

-2.006281,-2.393688,9.204719,15.803528,0.351653,-0.396217,0.068746,7.584000,17.815651

-1.603917,3.957904,6.301955,15.809410,0.269316,-0.152404,-0.135631,7.584000,17.815651

-1.920060,1.225186,4.177573,15.815292,0.112103,-0.061274,-0.629652,7.580000,17.815651

-1.718878,-1.320719,5.657694,15.788822,0.009782,-0.086588,-0.934219,7.588000,17.815651

4.335731,1.560489,11.022539,15.791763,0.372171,-0.173721,-1.102090,7.588000,17.815651

1.188675,2.338870,4.934399,15.821175,0.246400,0.096472,-0.920363,7.580000,17.815651

-1.441056,3.299273,7.774892,15.815292,0.050817,-0.178784,-0.893450,7.572000,17.815651

-0.171696,-0.906381,9.573552,15.803528,-0.077085,-0.240070,-0.499086,7.568000,17.815651

-1.709298,7.116935,8.696975,15.794704,-0.003808,-0.078594,-0.242216,7.568000,17.815651

-3.828890,2.767579,5.260121,15.785881,-0.043244,-0.110836,-0.273125,7.568000,17.815651

1.935922,0.844378,9.444221,15.774117,0.079062,-0.358912,-0.128703,7.576000,17.815651

1.981427,3.699241,8.759245,15.791763,-0.071756,-0.064738,0.242213,7.588000,17.815651

-1.146469,3.641761,4.987089,15.800587,-0.235097,0.213449,0.150816,7.588000,17.815651

-4.145033,-0.532758,8.524533,15.788822,0.094250,-0.039957,0.199313,7.588000,17.815651

-0.080685,-2.096706,9.429851,15.797646,-0.505024,-0.118030,0.226758,7.592000,17.815651

0.161212,3.495665,19.692509,15.779999,-0.806126,0.168684,0.218764,7.580000,17.815651

-4.327055,2.616693,10.002260,15.797646,-0.471716,0.367198,0.136694,7.588000,17.815651

1.147960,4.487203,11.788945,15.800587,-0.140770,0.128714,0.128700,7.584000,17.815651

0.676141,8.438985,10.931528,15.791763,0.256526,0.117789,0.023181,7.600000,17.815651

2.661613,-1.574591,6.527087,15.777058,0.432924,-0.140946,-0.138562,7.600000,17.815651

-1.924850,-2.671510,11.398557,15.809410,-0.527940,-0.001586,-0.106053,7.600000,17.815651

1.313216,4.858431,8.148515,15.803528,0.300226,0.810858,-0.001067,7.600000,18.207332

-0.356112,1.888607,3.655458,15.794704,0.324207,0.149765,-0.254473,7.592000,18.207332

-4.897069,-1.936239,10.991404,15.791763,-0.379520,0.006941,-0.440730,7.592000,18.207332

-4.729418,6.700201,13.027170,15.809410,0.088655,0.185204,-0.227827,7.608000,18.207332

0.601896,6.932518,3.243515,15.812351,0.729497,0.086613,-0.273925,7.612000,18.207332

-0.729735,-5.001864,7.861113,15.794704,-0.495964,-0.456437,-0.374914,7.604000,18.207332

-3.069669,0.588111,16.741844,15.782940,0.002321,0.321100,-0.045033,7.612000,18.207332

0.522860,8.084522,8.931686,15.788822,0.273047,0.220910,0.043699,7.608000,18.207332

-0.871041,2.664593,10.517190,15.777058,-0.140770,0.008540,-0.052228,7.600000,18.207332

-0.811166,4.295601,9.745994,15.797646,0.044155,0.166818,0.171867,7.600000,18.207332

-2.058971,0.674332,11.772180,15.788822,-0.296650,-0.164661,-0.033309,7.600000,18.207332

-2.152377,3.905213,9.049043,15.797646,0.241071,0.006141,0.119374,7.604000,18.207332

-2.858907,-0.767470,2.774091,15.788822,-0.208718,-0.334398,-0.154283,7.596000,18.207332

-1.395551,-1.066847,15.268909,15.794704,-0.115456,-0.287234,-0.202246,7.596000,18.207332

-0.700995,3.833362,9.755573,15.788822,0.389224,0.135109,-0.201713,7.600000,18.207332

-1.939220,0.449200,6.237289,15.788822,-0.331823,-0.373568,-0.406090,7.596000,18.207332

0.182767,7.272611,9.520862,15.788822,0.095583,-0.010113,-0.296841,7.600000,18.207332

0.412689,-6.723883,5.880431,15.785881,0.020707,-0.354915,-0.251808,7.596000,18.207332

-2.674491,8.388690,9.211904,15.806469,-0.438941,0.022929,-0.072746,7.596000,18.207332

5.140458,5.404496,6.888734,15.791763,0.587206,-0.276042,-0.071680,7.588000,18.207332

-4.022887,-9.073398,12.952925,15.785881,-0.053636,-0.545169,-0.230758,7.580000,18.207332

-1.043483,6.499020,12.426021,15.794704,-0.060298,-0.136682,-0.028779,7.592000,18.207332

4.711749,0.092342,3.447092,15.812351,0.491546,-0.235007,0.024780,7.592000,18.207332

-3.091224,-6.685563,6.086403,15.800587,-0.757097,-0.450042,0.166538,7.588000,18.207332

-2.152377,10.980101,16.945421,15.788822,0.070802,0.552922,0.287778,7.592000,18.207332

-0.945287,-1.842834,8.052714,15.774117,0.416670,-0.887574,-0.087667,7.592000,18.207332

-0.552504,0.762947,8.847861,15.800587,-0.242025,-0.397016,0.184657,7.592000,19.089111

0.051041,3.608231,5.396637,15.800587,0.421466,0.018932,0.318421,7.596000,19.089111

-3.586993,-1.181808,8.100615,15.791763,-0.420822,-0.119629,0.357858,7.596000,19.089111

-1.948800,4.424932,11.254856,15.791763,0.213093,0.053039,0.460446,7.600000,19.089111

-1.232689,0.545001,8.938871,15.785881,0.151806,-0.085255,0.365319,7.600000,19.089111

-0.387247,-2.472724,7.209667,15.788822,-0.257747,-0.104973,0.345601,7.600000,19.089111

-2.238597,1.950877,14.921631,15.782940,0.068670,0.369863,0.419944,7.604000,19.089111

-1.148864,10.199325,3.171664,15.791763,0.156869,0.092742,0.186256,7.604000,19.089111

1.895206,2.017938,15.357524,15.788822,0.734560,0.186004,0.242480,7.608000,19.089111

-0.130980,-3.823515,8.553273,15.794704,0.030033,-0.119629,0.166804,7.604000,19.089111

-0.703390,3.716007,6.342670,15.791763,-0.022194,0.183605,0.260599,7.608000,19.089111

0.233063,-1.579381,11.154264,15.785881,0.182716,0.243826,0.214501,7.600000,19.089111

-4.039652,-0.458512,10.088481,15.779999,-0.244157,0.281131,-0.054626,7.596000,19.089111

-2.858907,4.120765,4.721242,15.791763,-0.037649,0.215048,0.005594,7.584000,19.089111

0.997074,-2.261962,11.935041,15.771175,-0.237495,0.012270,-0.014124,7.580000,19.089111

1.215021,4.805741,13.024776,15.806469,-0.292653,0.477514,-0.011193,7.588000,19.089111

0.371974,3.783067,7.755732,15.785881,0.262921,0.208120,-0.333879,7.592000,19.089111

-0.214806,9.250897,4.419469,15.797646,0.177387,0.051973,-0.446060,7.592000,19.089111

-2.708021,0.449200,8.960427,15.791763,0.214425,-0.011712,-0.407156,7.596000,19.089111

-1.144074,-0.401032,9.075388,15.782940,-0.228436,0.134843,-0.426608,7.604000,19.089111

-1.120123,6.034386,8.608358,15.768234,-0.224172,0.201192,-0.351732,7.592000,19.089111

0.891693,-2.264357,12.711027,15.779999,-0.296650,-0.036226,-0.427407,7.592000,19.089111

-2.607430,3.565120,14.768350,15.782940,0.008982,0.239829,-0.468176,7.592000,19.089111

1.562299,3.917188,10.007051,15.785881,0.015910,-0.216621,-0.511876,7.588000,19.089111

0.795892,4.614139,2.644760,15.771175,0.201368,-0.243267,-0.514540,7.592000,19.089111

-1.833839,-4.343234,9.944780,15.762352,-0.190598,-0.239537,-0.448458,7.588000,19.089111

-2.506840,4.173456,10.828542,15.779999,0.057478,0.040249,-0.208641,7.592000,19.089111

1.945502,1.028795,6.139093,15.791763,0.202701,-0.320542,-0.146822,7.588000,18.902072

-3.390602,-2.805632,11.987732,15.759411,-0.186068,-0.202232,-0.241683,7.588000,18.902072

-1.220714,2.786739,6.196574,15.779999,-0.109594,-0.440183,-0.054093,7.592000,18.902072

2.242484,1.091065,9.827424,15.788822,-0.077884,-0.285635,0.078072,7.596000,18.902072

1.145565,4.690780,7.595265,15.785881,0.047886,-0.240869,0.170002,7.584000,18.902072

-2.308053,1.141361,12.639177,15.785881,0.311151,-0.267249,0.088997,7.600000,18.902072

-1.529672,1.785621,8.996352,15.771175,-0.098669,-0.233408,0.104185,7.596000,18.902072

-1.045878,7.102564,9.460986,15.782940,0.047353,-0.022903,0.192651,7.600000,18.902072

0.352814,1.126991,4.793093,15.765293,0.735892,-0.249663,0.266195,7.604000,18.902072

0.606686,0.492310,13.824712,15.777058,-0.916175,-0.267516,0.284314,7.600000,18.902072

-4.089948,2.592742,13.738491,15.771175,-0.244424,0.094341,0.334676,7.596000,18.902072

-1.302145,2.937625,9.575947,15.774117,0.002321,-0.010912,0.140158,7.600000,18.902072

-1.397946,6.764867,7.389294,15.791763,-0.000077,0.154295,0.227824,7.604000,18.902072

-1.515302,1.198841,5.842111,15.765293,0.384161,-0.037558,0.209172,7.604000,18.902072

-1.486561,-7.607646,7.312653,15.756470,-0.226571,-0.172655,0.316556,7.612000,18.902072

0.273778,7.088194,15.702407,15.782940,-0.212714,0.141238,0.314424,7.616000,18.902072

3.068766,2.312525,6.330695,15.771175,0.456906,0.100469,0.305098,7.612000,18.902072

-3.749855,2.312525,7.307863,15.774117,-0.169015,0.000546,0.200112,7.604000,18.902072

-0.763265,1.675450,8.603569,15.785881,0.141148,0.080484,0.261931,7.612000,18.902072

2.022142,0.197723,7.219247,15.785881,-0.089609,0.003477,0.344801,7.600000,18.902072

-0.241151,1.637130,8.582014,15.762352,0.133687,0.131645,0.329080,7.600000,18.902072

-2.595455,0.865933,8.498188,15.788822,0.112636,-0.003185,0.422342,7.596000,18.902072

-1.620682,-1.442865,11.118340,15.771175,-0.244956,-0.054079,0.490556,7.592000,18.902072

-2.118846,2.465806,14.021103,15.771175,-0.130644,0.235832,0.700795,7.600000,18.902072

-1.012347,-0.393847,11.216536,15.765293,0.076664,0.379189,0.786063,7.592000,18.902072

-5.304223,6.834322,12.967295,15.756470,-0.201523,0.417027,0.611797,7.604000,18.902072

1.365907,4.063285,6.594147,15.768234,-0.043511,0.094607,0.382639,7.608000,19.138337

-4.137848,7.306141,9.034673,15.765293,-0.135973,0.426886,0.083135,7.616000,19.138337

1.315612,0.894674,9.010722,15.768234,-0.076286,-0.231810,-0.009061,7.616000,19.138337

-4.576137,4.695570,10.917158,15.765293,-0.326760,0.209452,0.018651,7.608000,19.138337

-0.183671,10.050834,11.338681,15.768234,0.346857,0.450867,-0.019986,7.612000,19.138337

-0.926127,-1.435680,10.751902,15.768234,0.305022,-0.076195,-0.169205,7.620000,19.138337

-1.275800,-1.416520,7.537785,15.759411,-0.395241,-0.212891,-0.128703,7.612000,19.138337

-1.541647,-2.010485,10.926738,15.782940,-0.138371,0.166818,-0.071413,7.612000,19.138337

-2.652936,2.532867,10.148356,15.771175,0.015111,0.244625,-0.143092,7.616000,19.138337

-0.942892,-0.338761,2.946532,15.782940,-0.495431,0.018932,-0.303502,7.612000,19.138337

-1.402736,2.348450,13.908537,15.762352,-0.334488,0.223042,-0.176666,7.612000,19.138337

0.012721,7.713294,14.574352,15.777058,0.080394,0.284595,-0.319223,7.612000,19.138337

0.012721,1.898187,8.299401,15.779999,0.445714,-0.327470,-0.542519,7.600000,19.138337

-1.807494,-0.032199,11.535073,15.759411,-0.028322,-0.084722,-0.440997,7.600000,19.138337

2.379000,5.155414,11.034513,15.788822,0.509665,-0.142811,-0.327484,7.608000,19.138337

1.250946,-0.733940,5.698410,15.765293,0.021772,-0.389822,-0.139095,7.604000,19.138337

-1.414711,1.040770,10.179492,15.779999,-0.392310,0.162022,0.129766,7.608000,19.138337

-3.225345,6.970839,19.371576,15.762352,-0.239894,0.176944,0.065282,7.616000,19.138337

6.503224,11.363304,5.554708,15.774117,0.954125,-0.393286,-0.047432,7.616000,19.138337

0.795892,-4.855768,6.745033,15.750587,-0.414160,-0.300290,-0.017588,7.608000,19.138337

-0.389642,8.091707,10.198652,15.768234,-0.026457,0.282197,0.165738,7.620000,19.138337

-0.451913,4.733890,6.615702,15.785881,0.400416,0.255550,0.235818,7.620000,19.138337

-2.811007,-6.208954,8.050320,15.779999,-0.297982,-0.175852,0.086333,7.612000,19.138337

3.231627,5.615257,5.324787,15.768234,0.425730,0.041048,0.090596,7.624000,19.138337

5.226678,6.611586,9.714858,15.774117,0.610388,0.284328,0.160143,7.620000,20.022610

-0.715365,-4.709672,4.081772,15.774117,0.028434,-0.158532,0.154280,7.616000,20.022610

-4.952155,6.293048,11.005774,15.803528,-0.181805,0.372261,0.114578,7.616000,20.022610

4.395607,2.889725,3.475832,15.774117,0.185380,-0.082058,-0.093263,7.620000,20.022610

-2.300868,-9.482945,16.313137,15.744705,-0.564178,-0.214756,-0.250476,7.604000,20.022610

0.987494,6.908568,17.165764,15.777058,0.070002,0.525477,-0.094329,7.612000,20.022610

4.613554,3.234608,6.103168,15.774117,0.061742,0.059434,-0.152951,7.604000,20.022610

-4.010912,7.514508,7.245593,15.759411,-0.237495,0.524944,-0.189989,7.600000,20.022610

0.949174,-1.100378,9.599897,15.777058,0.101178,-0.048483,-0.203845,7.604000,20.022610

-4.983290,-6.290385,17.314255,15.777058,-0.962806,0.158558,0.039968,7.612000,20.022610

-7.066957,-1.162648,4.225473,15.762352,-0.410963,0.029324,-0.510010,7.612000,20.022610

-2.173932,4.604559,7.844347,15.750587,-0.210583,0.094074,-0.480167,7.608000,20.022610

1.150355,0.791688,12.047607,15.741764,0.305822,0.195330,-0.479101,7.620000,20.022610

-2.396669,1.546119,8.469448,15.750587,-0.228436,-0.041289,-0.654966,7.620000,20.022610

4.551283,0.849168,7.659931,15.753529,-0.099734,-0.221950,-0.547315,7.616000,20.022610

0.333654,2.592742,16.277210,15.762352,-0.171946,0.139373,-0.501750,7.620000,20.022610

-1.817074,2.219119,14.490527,15.774117,0.144345,0.216114,-0.571830,7.624000,20.022610

-2.159562,5.691898,10.967453,15.765293,0.456639,-0.216088,-0.684543,7.620000,20.022610

2.812499,-1.347065,7.913803,15.777058,0.197105,-0.698385,-0.555842,7.628000,20.022610

-3.103199,1.524564,13.606765,15.774117,-0.217511,0.017599,-0.470841,7.616000,20.022610

-1.060248,0.767738,12.277529,15.744705,0.277044,-0.272578,-0.297640,7.616000,20.022610

1.377882,3.596256,7.358159,15.765293,0.402281,-0.259788,-0.265398,7.620000,20.022610

-0.897387,-3.102614,9.537626,15.753529,-0.063495,-0.294162,0.015453,7.624000,20.022610

-3.203790,6.654696,10.047766,15.759411,0.201368,-0.216355,0.131631,7.616000,20.022610

1.061739,0.959339,10.876443,15.747646,0.681534,-0.406342,0.277386,7.608000,20.022610

-5.435948,-2.276332,9.456196,15.762352,0.079595,-0.062606,0.183858,7.608000,20.074045

-1.235084,7.837835,8.711345,15.753529,0.191509,-0.062339,0.027444,7.608000,20.074045

-2.700836,-0.968652,3.209985,15.759411,0.195506,-0.130021,0.052492,7.612000,20.074045

-2.664911,2.834639,9.013118,15.771175,-0.506889,-0.264318,-0.110317,7.596000,20.074045

1.806591,1.637130,9.070598,15.774117,0.224817,-0.197169,0.025579,7.608000,20.074045

1.420992,-4.848583,6.812094,15.765293,-0.000077,-0.389822,-0.090599,7.616000,20.074045

-2.152377,1.756881,8.052714,15.756470,-0.637456,-0.011445,0.141490,7.608000,20.074045

-0.904572,5.430841,12.370934,15.768234,-0.076019,0.143103,0.162807,7.604000,20.074045

1.516793,1.536539,8.728109,15.750587,0.276244,-0.284569,0.197447,7.608000,20.074045

-1.211134,1.268297,7.990444,15.771175,0.067338,-0.177984,0.344002,7.608000,20.074045

-1.567992,1.119806,10.131592,15.759411,-0.284126,-0.158799,0.451120,7.600000,20.074045

-1.548832,1.653895,10.378279,15.750587,0.251730,-0.152404,0.699196,7.608000,20.074045

-3.711535,-3.150514,8.591594,15.750587,0.101445,0.103933,0.661892,7.604000,20.074045

-0.722550,2.513707,5.341552,15.750587,0.025503,-0.072998,0.568097,7.604000,20.074045

-2.822982,-2.312258,6.697133,15.762352,-0.362200,-0.138814,0.656562,7.600000,20.074045

1.437757,4.233331,11.604528,15.747646,0.006318,0.212383,0.761548,7.604000,20.074045

3.126246,-5.150355,7.053991,15.765293,0.202168,-0.033561,0.611797,7.604000,20.074045

-4.990475,3.447764,10.682446,15.765293,-0.448267,0.415961,0.484161,7.596000,20.074045

2.958595,6.115817,9.118498,15.744705,-0.031786,0.109795,0.097257,7.600000,20.074045

2.314335,5.634418,8.318562,15.777058,0.347123,0.110861,0.088731,7.608000,20.074045

-4.104318,2.676568,8.687394,15.750587,-0.341682,0.067961,-0.122308,7.604000,20.074045

-1.529672,9.085641,6.740243,15.753529,0.100645,0.510821,-0.277655,7.612000,20.074045

-1.318910,-3.823515,10.193862,15.738823,-0.606013,-0.069800,-0.250210,7.612000,20.074045

1.940712,10.893880,18.269867,15.753529,0.084924,0.629131,-0.002133,7.608000,20.074045

3.200492,-0.101654,2.457948,15.756470,0.458505,-0.596330,-0.437533,7.612000,20.074045

-3.448082,-1.220129,5.846901,15.741764,-0.410696,-0.379696,-0.259536,7.616000,20.074045

-4.750973,-6.869979,13.477434,15.750587,-0.128779,0.079952,0.109515,7.612000,19.113890

-3.591784,4.429723,12.464340,15.747646,-0.605480,0.178809,0.251806,7.604000,19.113890

2.381395,5.153018,10.708791,15.753529,0.311684,0.011204,0.089530,7.608000,19.113890

0.733622,-2.343393,8.768826,15.747646,-0.166616,-0.347188,0.114578,7.612000,19.113890

-2.037416,3.962693,9.173584,15.741764,0.061209,0.014935,0.093261,7.612000,19.113890

-0.530949,2.314920,6.677973,15.735882,0.565889,-0.058342,0.134562,7.620000,19.113890

-4.339030,-8.534518,13.566050,15.750587,-0.914044,-0.366906,0.076473,7.608000,19.113890

3.439994,6.728941,11.367421,15.735882,0.512596,0.376791,0.078872,7.612000,19.113890

2.168238,1.538934,5.834926,15.750587,0.331402,-0.066070,-0.134831,7.620000,19.113890

1.808985,4.630904,12.916999,15.753529,-0.090408,0.053305,0.030109,7.616000,19.113890

1.456918,2.051468,7.683881,15.741764,0.509132,0.011204,-0.176133,7.604000,19.113890

-0.717760,3.301668,13.309782,15.738823,-0.297982,0.157759,-0.379177,7.608000,19.113890

0.894088,4.266861,6.369015,15.741764,0.276244,0.035186,-0.268329,7.620000,19.113890

-1.766779,5.679923,10.569880,15.744705,-0.283594,0.133244,-0.383707,7.616000,19.113890

2.074833,6.549315,7.647956,15.735882,0.172857,-0.038358,-0.500684,7.616000,19.113890

0.261803,-0.226196,9.283754,15.738823,0.087855,-0.018107,-0.500684,7.616000,19.113890

-0.502208,-2.922987,12.766113,15.744705,-0.827443,0.092475,-0.567300,7.620000,19.113890

1.547928,12.685355,6.512716,15.759411,0.272780,0.421823,-0.428739,7.620000,19.113890

4.591998,-0.791420,4.781117,15.762352,0.008982,-0.242468,-0.328283,7.620000,19.113890

1.612594,1.766461,10.268107,15.735882,-0.464522,-0.253659,-0.102589,7.620000,19.113890

-2.415829,2.243070,16.480787,15.747646,0.070002,0.300582,-0.051962,7.624000,19.113890

-0.044760,1.083880,7.712621,15.744705,0.274379,-0.038624,-0.067949,7.616000,19.113890

0.839003,2.252650,5.660089,15.735882,-0.027790,-0.171323,0.113245,7.616000,19.113890

-1.350045,-4.201928,9.305309,15.750587,-0.092540,-0.258722,0.089530,7.620000,19.113890

-2.394274,2.290970,13.029565,15.741764,-0.333422,0.002944,0.420743,7.620000,19.113890

0.530045,6.300233,9.300520,15.724117,0.291699,0.248622,0.369049,7.620000,19.113890

-1.436266,-0.451327,5.590634,15.724117,0.004186,-0.265650,0.270725,7.612000,19.868163

-2.569110,2.176009,8.862231,15.738823,-0.051771,-0.042888,0.413282,7.612000,19.868163

-0.863856,-5.361117,12.797248,15.730000,-0.277731,-0.053546,0.731971,7.608000,19.868163

-4.025282,0.530631,7.130631,15.727058,-0.035517,0.046111,0.519601,7.616000,19.868163

-3.606153,7.011554,6.843229,15.715292,-0.190865,0.292056,0.379974,7.620000,19.868163

-0.672255,1.115016,6.792934,15.724117,0.036161,-0.022637,0.304032,7.616000,19.868163

-0.751290,-0.597424,11.111155,15.730000,0.266385,-0.092450,0.496685,7.624000,19.868163

-4.123478,3.351964,8.124565,15.727058,-0.009937,0.288325,0.305365,7.632000,19.868163

1.677259,3.102882,15.494040,15.730000,0.263187,0.277134,0.523331,7.628000,19.868163

-1.618287,6.700201,7.008485,15.721176,0.221886,0.301115,-0.009328,7.628000,19.868163

1.571879,-1.608122,8.440707,15.715292,-0.232966,-0.596597,-0.173735,7.620000,19.868163

0.628241,0.980894,12.943344,15.730000,-0.334221,0.315771,-0.188124,7.624000,19.868163

1.509608,5.703873,12.931370,15.706469,-0.052837,0.238763,-0.264332,7.624000,19.868163

3.380118,6.951678,7.880273,15.715292,0.131022,0.212117,-0.443928,7.624000,19.868163

2.240089,-0.499228,9.805869,15.706469,-0.054169,0.010138,-0.564635,7.624000,19.868163

-0.193251,-0.027409,9.789104,15.709410,-0.118653,0.002144,-0.622724,7.616000,19.868163

-0.564479,4.583004,9.300520,15.718235,-0.263076,0.056503,-0.509211,7.608000,19.868163

-2.272128,0.540211,14.092954,15.703527,0.345524,0.010938,-0.603006,7.616000,19.868163

3.921393,5.533827,9.944780,15.691763,-0.053103,-0.303754,-0.565168,7.612000,19.868163

2.551442,2.063443,5.674459,15.703527,-0.186601,-0.010379,-0.296574,7.612000,19.868163

-2.159562,1.759276,10.265713,15.709410,-0.056301,0.116990,-0.280853,7.612000,19.868163

2.024537,4.056099,11.283596,15.709410,-0.353407,-0.112967,-0.123640,7.612000,19.868163

2.489171,3.646551,11.039304,15.727058,0.174455,-0.229411,-0.193720,7.616000,19.868163

1.935922,2.068233,9.118498,15.712351,-0.101333,-0.051681,-0.115913,7.624000,20.003832

3.930973,7.957586,11.599738,15.703527,-0.045643,-0.144943,-0.105787,7.616000,20.003832

4.469852,-0.187875,6.871969,15.700586,0.207497,-0.448444,-0.212372,7.620000,20.003832

-5.007240,-1.775773,13.290623,15.715292,-0.413627,0.102601,-0.053827,7.616000,20.003832

-2.684071,1.852681,17.292700,15.706469,-0.546592,0.164953,-0.087135,7.624000,20.003832

4.242325,15.116300,12.141013,15.712351,0.542973,-0.243534,-0.026648,7.628000,20.003832

4.522542,-1.634467,3.423141,15.718235,0.435855,-0.571016,0.089530,7.624000,20.003832

-4.607272,-0.489648,10.282477,15.703527,0.027102,0.103134,0.456182,7.624000,20.003832

-4.336635,-3.483422,7.353368,15.703527,0.273047,-0.099644,0.695999,7.624000,20.003832

-5.749696,2.556817,7.662326,15.715292,-0.148763,0.047443,0.696265,7.620000,20.003832

4.366867,8.324024,9.417875,15.721176,0.780125,0.196662,0.840421,7.624000,20.003832

-2.571505,-6.834054,10.589040,15.735882,-0.381385,-0.453773,0.510274,7.616000,20.003832

-3.383417,11.075902,9.070598,15.715292,-0.186068,0.636325,0.664556,7.612000,20.003832

6.428978,-2.307467,10.878838,15.706469,0.503004,-0.467895,0.177729,7.616000,20.003832

-2.763107,1.685030,9.161609,15.706469,-0.143967,-0.026101,0.060752,7.612000,20.003832

-2.442174,1.962852,8.615544,15.718235,0.336465,0.460726,0.154547,7.616000,20.003832

-0.950077,2.147269,8.143725,15.700586,-0.134641,0.078086,-0.135364,7.616000,20.003832

-2.138007,1.100645,10.593830,15.715292,-0.548724,0.054105,-0.059689,7.620000,20.003832

1.009049,8.494071,10.351933,15.724117,0.213892,0.587296,-0.126305,7.620000,20.003832

0.077386,-3.694184,12.301479,15.691763,-0.008604,-0.298425,-0.370651,7.624000,20.003832

0.484540,1.855076,10.181887,15.703527,-0.367796,-0.025568,-0.328816,7.620000,20.003832

2.951410,8.170743,12.378119,15.694704,0.209096,0.216114,-0.490559,7.620000,20.003832

1.059344,-0.367502,7.700646,15.709410,0.170725,-0.399681,-0.542785,7.616000,20.003832

0.860558,1.550909,9.049043,15.706469,-0.414693,-0.198768,-0.447392,7.620000,20.003832

3.451969,7.172020,13.891772,15.697645,0.160067,0.124717,-0.518804,7.608000,20.003832

1.895206,-4.575551,15.110837,15.706469,0.114768,-0.083390,-0.730908,7.620000,20.003832

-4.001332,6.017621,7.980864,15.694704,0.615184,-0.214223,-0.755689,7.624000,19.820660

1.828146,0.504285,2.941742,15.724117,-0.124782,-0.504401,-0.765015,7.608000,19.820660

-0.916547,0.257598,14.823435,15.712351,-0.284659,-0.208094,-0.500951,7.608000,19.820660

0.997074,5.256004,9.286150,15.694704,0.149408,-0.025301,-0.130834,7.616000,19.820660

-1.932035,0.420460,10.062136,15.715292,0.327671,-0.257923,-0.075144,7.616000,19.820660

-1.026718,7.442657,8.452682,15.715292,0.433457,-0.049816,0.014921,7.620000,19.820660

0.458195,-1.354250,4.735612,15.709410,-0.240959,-0.314413,0.045830,7.616000,19.820660

-4.010912,0.511470,7.851532,15.694704,-0.142368,-0.132686,0.075408,7.616000,19.820660

0.067806,-3.452287,12.608042,15.712351,-0.092540,-0.170790,0.032507,7.620000,19.820660

2.632872,6.645116,11.793736,15.706469,-0.334221,0.002944,0.074342,7.624000,19.820660

1.607804,9.770617,4.742797,15.700586,0.872321,-0.242468,-0.038372,7.624000,19.820660

-3.804940,-6.177819,7.710226,15.709410,-0.747771,-0.383693,0.112179,7.620000,19.820660

-0.056735,-1.804513,12.861914,15.694704,-0.596687,-0.135617,0.204375,7.624000,19.820660

1.349142,7.047479,10.330379,15.697645,-0.053636,0.163621,0.310960,7.624000,19.820660

2.390975,5.763749,8.349697,15.697645,-0.113857,0.099936,0.296038,7.624000,19.820660

-0.497418,5.303905,12.797248,15.700586,0.421466,0.109262,0.161208,7.628000,19.820660

-1.512907,-2.137421,4.225473,15.700586,0.510465,-0.287767,0.179861,7.624000,19.820660

-2.408644,-3.598383,11.518308,15.703527,-0.636390,0.038916,0.322951,7.624000,19.820660

-2.468519,4.947047,9.860954,15.703527,-0.034185,0.168151,0.340271,7.620000,19.820660

0.968334,-0.367502,4.814648,15.697645,0.322076,0.053039,0.369316,7.616000,19.820660

-1.821864,0.355794,11.906301,15.700586,-0.063762,-0.041022,0.425273,7.624000,19.820660

1.629359,-2.345788,7.298283,15.718235,-0.160754,0.081817,0.542250,7.620000,19.820660

-5.400023,2.051468,10.926738,15.712351,-0.358203,0.280598,0.471904,7.612000,19.820660

-0.392037,5.773329,12.509846,15.691763,-0.082947,0.215581,0.325616,7.616000,19.820660

2.805314,7.464212,6.563012,15.691763,0.570419,0.315771,0.177196,7.624000,19.820660

-2.286498,0.480335,6.543852,15.700586,-0.569241,-0.032229,-0.035441,7.624000,19.848000

1.212626,9.126356,13.599580,15.703527,-0.426950,0.310974,-0.039704,7.620000,19.848000

5.514081,-0.930331,7.822792,15.718235,0.445181,-0.039690,-0.355196,7.624000,19.848000

-7.040612,1.953272,13.101416,15.691763,-0.101600,0.279265,-0.567033,7.624000,19.848000

-0.636329,8.142003,11.302756,15.697645,0.073200,0.051174,-0.475637,7.632000,19.848000

2.666403,2.956785,8.059899,15.682940,0.228014,-0.021837,-0.387704,7.632000,19.848000

-0.372877,1.670660,10.984219,15.697645,0.205365,-0.253393,-0.379710,7.624000,19.848000

-1.335675,0.310289,7.506649,15.700586,0.064140,-0.283237,-0.261667,7.620000,19.848000

-1.247059,-2.144606,3.358476,15.697645,-0.196993,-0.333065,-0.071413,7.620000,19.848000

-3.943851,-9.799088,13.865427,15.688822,-0.688883,-0.055944,0.185723,7.616000,19.848000

-3.203790,11.583646,15.137182,15.691763,0.136618,0.587296,0.315490,7.628000,19.848000

2.814894,1.091065,4.589516,15.691763,0.639433,-0.913154,0.072476,7.620000,19.848000

-2.164352,-3.504977,9.779524,15.694704,-0.470117,-0.201966,0.187855,7.616000,19.848000

0.688116,5.852364,14.143250,15.700586,0.227482,0.115924,0.090063,7.620000,19.848000

-0.796796,-0.518388,13.748071,15.691763,-0.240693,0.103933,0.146819,7.616000,19.848000

-1.347650,5.718243,8.074269,15.677057,0.338330,-0.006382,0.021582,7.612000,19.848000

4.223165,2.695728,8.371252,15.685881,0.152606,-0.157733,0.104718,7.620000,19.848000

0.934803,2.025123,9.698093,15.685881,-0.386182,-0.040490,0.108182,7.620000,19.848000

-1.510512,4.626114,10.931528,15.691763,0.457705,0.118322,-0.077542,7.620000,19.848000

0.791102,-0.111235,5.605004,15.677057,-0.167416,-0.254459,-0.213438,7.616000,19.848000

-0.126190,1.799991,11.015354,15.700586,-0.144767,0.174546,-0.031177,7.620000,19.848000

-0.380062,0.125872,13.324153,15.685881,-0.284926,0.049841,-0.092197,7.620000,19.848000

-0.075895,6.115817,11.178215,15.706469,0.012180,0.297651,-0.021585,7.620000,19.848000

1.459313,5.701478,10.708791,15.682940,0.086256,0.232901,-0.061288,7.628000,19.848000

1.377882,5.275165,8.632309,15.697645,0.396152,-0.035693,-0.196651,7.632000,19.848000

-1.038693,-4.604291,11.135105,15.697645,-0.161820,-0.395684,-0.185193,7.628000,19.961043

0.261803,6.352923,10.301638,15.679998,0.252529,0.167351,-0.055426,7.624000,19.961043

-0.439938,-0.719570,2.374123,15.688822,0.328471,0.024261,-0.045566,7.628000,19.961043

-0.974027,1.819151,8.011999,15.703527,0.001255,0.063964,0.042633,7.620000,19.961043

-0.217201,-1.833254,16.677179,15.671175,-0.186068,0.121253,0.178262,7.624000,19.961043

1.452128,11.392044,3.439906,15.677057,0.630639,0.192665,0.122571,7.620000,19.961043

-4.885094,-5.557509,8.385622,15.685881,-0.093073,-0.196370,0.060752,7.628000,19.961043

-1.220714,1.397628,12.428415,15.679998,-0.622267,0.031455,0.256602,7.620000,19.961043

0.312098,6.424774,9.415481,15.697645,0.414538,0.134310,0.267793,7.612000,19.961043

-1.208739,-1.617702,10.938713,15.691763,-0.240427,0.033854,0.316823,7.620000,19.961043

-2.102081,5.073983,10.771062,15.674116,-0.246555,0.245691,0.379708,7.620000,19.961043

0.441429,3.780672,6.002577,15.694704,-0.068292,0.213183,0.298970,7.620000,19.961043

-2.130822,-0.460907,11.671589,15.688822,0.175255,0.200393,0.222761,7.624000,19.961043

-3.903136,-0.355527,9.935200,15.682940,-0.168748,0.190267,-0.082871,7.628000,19.961043

-3.524723,0.049232,9.429851,15.694704,-0.615872,-0.015975,-0.208641,7.620000,19.961043

1.804196,5.315880,16.042500,15.694704,0.453975,0.350944,-0.318957,7.624000,19.961043

1.547928,-1.327904,4.414680,15.703527,0.138217,-0.293895,-0.622991,7.632000,19.961043

-2.152377,3.126832,10.301638,15.691763,-0.564711,0.093541,-0.531061,7.624000,19.961043

1.797010,2.999896,9.307705,15.691763,0.202967,0.235566,-0.620592,7.624000,19.961043

0.860558,-1.438075,12.081138,15.674116,-0.362200,0.027458,-0.679481,7.620000,19.961043

-2.212252,6.724151,9.525652,15.691763,0.520057,0.042380,-0.796191,7.620000,19.961043

1.088085,-2.125446,9.180769,15.697645,0.069736,-0.482018,-0.838292,7.624000,19.961043

-1.747618,0.475545,10.464499,15.697645,-0.041379,-0.318943,-0.721582,7.616000,19.961043

2.410136,8.541971,9.856164,15.688822,0.173123,-0.222483,-0.439931,7.616000,19.961043

0.896483,8.733573,10.318403,15.682940,0.123828,0.180141,-0.171070,7.624000,19.961043

-2.482889,-6.520307,9.168794,15.674116,-0.024858,-0.401013,-0.171870,7.624000,19.857877

-2.236202,7.162440,13.815131,15.685881,-0.328093,-0.202765,0.017852,7.620000,19.857877

3.607645,6.180482,5.066125,15.685881,0.326339,-0.070600,-0.015456,7.628000,19.857877

0.673746,1.189261,10.428574,15.679998,-0.461057,-0.186244,-0.028779,7.620000,19.857877

1.028209,8.570711,11.120734,15.712351,0.358848,-0.131886,0.023181,7.620000,19.857877

3.526215,-4.017511,7.849137,15.685881,-0.003541,-0.368771,-0.034375,7.620000,19.857877

-2.408644,4.484808,10.629756,15.682940,-0.243624,0.098604,-0.041836,7.616000,19.857877

-1.177604,-3.366066,3.722519,15.679998,0.155537,0.110062,0.033040,7.628000,19.857877

-4.089948,4.587794,13.642690,15.674116,-0.595621,-0.052214,-0.051695,7.628000,19.857877

-4.236044,4.020175,9.741203,15.688822,-0.068558,0.292589,0.054890,7.632000,19.857877

-1.177604,-2.676301,8.620334,15.688822,-0.270803,0.050907,0.041300,7.628000,19.857877

-3.460057,4.903936,14.833014,15.703527,-0.072555,0.096206,-0.259003,7.624000,19.857877

2.587367,-3.955241,10.639336,15.668234,0.577880,-0.267249,-0.237419,7.632000,19.857877

-0.277076,-0.939911,12.392490,15.679998,-0.558316,0.043446,-0.064752,7.628000,19.857877

2.276014,11.655497,7.032436,15.703527,0.528584,0.066628,-0.189190,7.632000,19.857877

-0.126190,-8.086650,10.263317,15.691763,-0.072022,-0.545169,-0.171870,7.632000,19.857877

-4.877909,2.769974,15.441350,15.682940,-0.370460,0.313906,0.054623,7.632000,19.857877

3.145406,8.690462,8.955637,15.688822,0.470229,-0.038891,-0.075410,7.628000,19.857877

-1.735643,3.471714,3.645878,15.685881,0.412673,-0.154269,-0.156148,7.628000,19.857877

1.262921,0.221673,10.454919,15.691763,0.233344,-0.259788,0.020516,7.632000,19.857877

-3.517538,-2.424824,12.035632,15.677057,-0.147165,-0.270447,0.130832,7.628000,19.857877

-6.049074,8.376715,8.227551,15.688822,0.267984,0.040249,0.278185,7.636000,19.857877

-2.257758,-2.182926,7.578500,15.674116,0.294630,-0.199834,0.500149,7.632000,19.857877

-6.707704,1.038375,6.658813,15.688822,-0.142102,-0.166526,0.666421,7.636000,19.857877

-3.718719,1.955667,12.157778,15.688822,-0.030987,-0.179316,0.660559,7.632000,19.857877

-2.787057,3.569910,3.018383,15.694704,0.964517,0.044512,0.921426,7.636000,20.352560

-8.012990,-5.634150,11.333891,15.691763,-1.563946,-0.439917,0.757818,7.632000,20.352560

5.995480,11.483055,12.038027,15.688822,0.853402,0.054371,0.884388,7.624000,20.352560

-5.186866,-8.903351,4.139252,15.674116,0.106241,-0.479087,0.556106,7.628000,20.352560

-4.688703,-7.959713,1.423300,15.679998,-0.055235,-0.330667,0.376777,7.632000,20.352560

-3.687584,2.120924,12.864308,15.688822,-0.881535,0.315238,0.551310,7.632000,20.352560

3.301083,-1.759008,11.958991,15.679998,0.021240,-0.042088,0.379175,7.628000,20.352560

-1.093778,5.993670,9.441826,15.662352,-0.015532,0.176144,0.333876,7.632000,20.352560

7.149879,4.925492,8.002419,15.665293,0.194707,-0.196637,0.246476,7.636000,20.352560

-1.534462,0.818033,6.555827,15.659410,0.148342,0.057569,0.252872,7.628000,20.352560

0.374369,0.346214,10.153147,15.674116,-0.329958,-0.050882,0.136694,7.628000,20.352560

2.886744,8.927569,5.561894,15.679998,-0.333955,0.317103,0.211303,7.636000,20.352560

3.392094,-0.305231,8.816726,15.650587,0.273580,0.231835,0.134029,7.632000,20.352560

-0.717760,-0.362712,13.321757,15.677057,-0.036583,-0.130287,-0.058890,7.636000,20.352560

2.400555,4.408167,4.979904,15.659410,-0.477045,0.086613,-0.034109,7.636000,20.352560

0.477355,3.555540,7.688671,15.659410,0.003920,0.499630,-0.282452,7.632000,20.352560

0.063016,2.068233,11.822475,15.671175,-0.563646,0.086347,-0.307233,7.628000,20.352560

2.498751,1.946087,15.779048,15.671175,0.342860,0.162821,-0.270994,7.624000,20.352560

3.104691,1.361702,5.166716,15.656469,0.530449,0.273670,-0.220099,7.644000,20.352560

-2.753527,0.224068,7.315048,15.671175,-0.389113,0.405302,-0.173735,7.636000,20.352560

-0.581244,2.358031,9.317285,15.659410,-0.420822,0.336022,0.095659,7.640000,20.352560

-1.395551,2.429881,8.016789,15.656469,0.404946,0.401305,0.074875,7.632000,20.352560

-2.205067,-3.799565,14.234260,15.659410,-0.212981,0.084748,0.111646,7.632000,20.352560

-0.981212,8.065362,9.678933,15.668234,0.187779,0.407167,0.118308,7.632000,20.477297

-1.072223,5.754169,10.835728,15.665293,-0.084013,0.515618,-0.066350,7.620000,20.477297

2.869979,-1.634467,5.140370,15.665293,0.155537,-0.045019,-0.168139,7.624000,20.477297

-2.916388,4.484808,11.101574,15.662352,-0.461057,0.564647,-0.213971,7.624000,20.477297

3.619620,4.283627,11.017749,15.659410,0.297561,0.462325,-0.384773,7.628000,20.477297

0.781522,-0.762680,6.831254,15.665293,-0.237762,0.019997,-0.599275,7.624000,20.477297

-5.287457,5.023687,9.302915,15.641764,-0.267073,0.371728,-0.552378,7.632000,20.477297

-2.978658,4.875196,10.953083,15.641764,0.533114,0.099137,-0.835894,7.640000,20.477297

-2.957103,-4.063017,9.312495,15.665293,0.340995,-0.224882,-1.169505,7.636000,20.477297

-4.899464,1.447923,3.557262,15.656469,-0.381918,0.325097,-0.745297,7.640000,20.477297

-3.534303,-0.504018,10.270503,15.659410,-0.483707,0.014668,-0.874531,7.632000,20.477297

-0.875831,4.190221,13.673825,15.653528,0.449711,-0.078860,-1.023217,7.640000,20.477297

-0.255521,-2.350578,1.653222,15.659410,0.091053,-0.384493,-0.878262,7.640000,20.477297

-7.878869,-2.331418,12.708632,15.650587,-0.582831,0.149498,-0.740234,7.636000,20.477297

0.625846,3.150782,10.083691,15.665293,0.275978,-0.001320,-0.822837,7.628000,20.477297

4.398002,6.743311,10.478869,15.668234,0.261855,-0.402878,-0.710657,7.636000,20.477297

-1.148864,-0.312416,11.568604,15.659410,0.565889,-0.356514,-0.813511,7.632000,20.477297

-0.471073,1.522169,6.239684,15.668234,0.170459,-0.436453,-0.727977,7.632000,20.477297

-1.579967,4.484808,5.104445,15.662352,0.178452,-0.392220,-0.536657,7.632000,20.477297

-2.605036,-4.422269,11.832055,15.668234,0.111837,-0.337329,-0.347468,7.636000,20.477297

-1.275800,4.990157,10.471684,15.671175,0.156336,-0.242735,0.004529,7.640000,20.477297

3.178937,8.980260,8.476633,15.662352,-0.004874,-0.467895,0.121239,7.640000,20.477297

0.769547,-3.140934,9.465776,15.659410,-0.105330,-0.518523,0.233153,7.632000,20.477297

1.059344,6.003251,12.495476,15.677057,0.205898,-0.378097,0.513205,7.644000,20.477297

2.745438,6.520575,3.954836,15.662352,0.378566,-0.475889,0.456715,7.640000,20.477297

1.135985,3.033426,3.001618,15.662352,-0.214047,-0.446312,0.615527,7.636000,20.448741

-2.719996,-2.628400,10.845307,15.677057,0.312750,-0.171856,0.797521,7.636000,20.448741

-5.028795,0.406090,13.683406,15.679998,-0.261477,-0.324272,0.624054,7.644000,20.448741

-0.669860,-1.366225,6.553432,15.674116,0.061742,-0.399947,0.628317,7.644000,20.448741

-3.055299,-2.297887,12.802038,15.653528,-0.261211,0.173213,0.935282,7.648000,20.448741

-1.350045,7.315721,5.856481,15.653528,-0.304910,0.487906,0.762081,7.640000,20.448741

2.628082,3.943534,7.916198,15.662352,0.053482,0.183872,0.630449,7.644000,20.448741

-1.745224,-2.046410,15.242563,15.653528,-0.158356,0.272870,0.493487,7.632000,20.448741

1.485658,3.363939,15.474880,15.659410,0.469163,0.438877,0.400758,7.652000,20.448741

-0.928522,1.864656,4.304509,15.668234,-0.060298,0.143103,0.107650,7.644000,20.448741

-2.035021,6.439144,13.036750,15.653528,-0.279863,0.159624,-0.107386,7.640000,20.448741

7.473207,5.701478,9.338840,15.659410,0.592269,0.014668,-0.013857,7.648000,20.448741

-6.144874,-3.442707,10.071716,15.662352,-0.464255,0.213183,0.049561,7.640000,20.448741

-0.313002,10.103524,11.702724,15.662352,0.449978,0.490304,0.033839,7.644000,20.448741

-4.039652,-7.612435,5.396637,15.671175,-0.168482,-0.602459,-0.059955,7.640000,20.448741

-7.850128,4.812926,10.375883,15.653528,-0.285725,0.853759,0.267793,7.644000,20.448741

1.016234,3.344779,11.671589,15.659410,0.159800,0.120987,0.102320,7.648000,20.448741

-0.638724,-1.339880,6.723478,15.668234,-0.336353,-0.252860,-0.147622,7.644000,20.448741

-2.873278,5.066798,12.840359,15.656469,0.016976,0.259814,0.024780,7.648000,20.448741

3.135827,1.910162,7.659931,15.659410,0.398817,0.004010,-0.154017,7.652000,20.448741

-0.054340,-0.113630,8.950847,15.662352,-0.045376,-0.196903,-0.228626,7.648000,20.448741

0.537230,1.996382,9.868139,15.679998,-0.135440,0.035186,-0.200115,7.644000,20.448741

0.946778,2.180799,7.482699,15.677057,0.016177,-0.038091,-0.186259,7.644000,20.448741

-0.238756,3.933954,7.003695,15.659410,0.240005,-0.107105,-0.156681,7.636000,20.448741

0.726437,-2.542179,7.410849,15.665293,0.171258,-0.307485,-0.181995,7.640000,20.448741

-1.122518,-0.427377,9.300520,15.662352,-0.329958,-0.308551,0.054890,7.636000,20.448741

-2.006281,1.033585,10.605805,15.682940,-0.237495,-0.203831,0.115643,7.632000,20.448741

1.176700,5.016502,10.078901,15.679998,0.268783,-0.217154,0.227291,7.640000,20.448741

-2.264943,6.443934,5.166716,15.662352,-0.033652,0.060233,0.260066,7.636000,20.448741

2.484381,-5.409018,14.782720,15.691763,-0.218310,-0.407408,0.454584,7.640000,20.448741

-1.520092,8.838954,12.900234,15.668234,-0.072555,-0.023436,0.535055,7.636000,20.448741

4.057909,5.622442,4.759562,15.653528,0.707114,-0.034361,0.345334,7.632000,20.448741

-2.688861,-1.888339,8.000024,15.662352,-0.103998,-0.192373,0.271790,7.640000,20.448741

0.371974,-0.616584,11.187795,15.659410,-0.225238,-0.137482,0.267261,7.640000,20.448741

1.646124,3.713611,11.216536,15.677057,-0.234564,0.145768,0.412749,7.640000,20.448741

0.697697,2.147269,10.253737,15.677057,-0.232433,0.198527,0.394097,7.644000,20.448741

-1.259035,-0.099259,13.321757,15.682940,-0.403768,0.188935,0.390633,7.640000,20.448741

1.404227,4.947047,13.465459,15.668234,0.253861,0.124717,0.211303,7.640000,20.448741

2.846029,2.437066,5.537943,15.665293,0.624244,0.053572,0.101521,7.640000,20.448741

-1.812284,-3.406781,3.839875,15.659410,0.166995,0.020264,-0.024516,7.632000,20.448741

-0.437543,0.506680,9.652588,15.665293,0.053482,0.292056,-0.299772,7.640000,20.448741

-2.332003,4.753050,11.309941,15.659410,-0.110393,0.271005,-0.427141,7.640000,20.448741

5.892494,3.989039,9.322075,15.668234,0.276777,0.136175,-0.544118,7.636000,20.448741

2.359840,-0.578263,12.902629,15.674116,-0.515682,0.227039,-0.416482,7.632000,20.448741

1.600619,8.292890,8.225156,15.677057,0.805705,0.537201,-0.551312,7.632000,20.448741

-4.671937,-2.853532,8.718530,15.662352,-0.299581,-0.203565,-0.650170,7.636000,20.448741

-0.181276,3.938743,8.268266,15.671175,-0.000344,0.189734,-0.274724,7.644000,10.349028

-1.579967,4.846456,8.852651,15.674116,-0.294252,0.312307,-0.103922,7.640000,10.349028

-4.214489,3.318433,10.239367,15.665293,0.404146,0.188135,-0.168672,7.640000,10.349028

-5.067115,-4.443825,7.532995,15.647646,-0.319566,-0.221151,-0.224096,7.636000,10.349028

-4.291129,4.791370,14.078584,15.650587,0.136884,0.265676,-0.123107,7.640000,10.349028

-0.945287,3.512430,12.208074,15.647646,0.129157,0.179608,-0.200914,7.644000,10.349028

1.916761,1.735325,7.911408,15.665293,0.084125,-0.219286,-0.286182,7.640000,10.349028

0.518070,0.652777,10.792617,15.650587,-0.386182,-0.193972,-0.322421,7.640000,10.349028

1.782640,10.086759,13.070280,15.653528,0.661549,0.139106,-0.419680,7.632000,10.349028

-1.687743,-5.880836,3.902145,15.656469,0.462501,-0.401813,-0.591015,7.636000,10.349028

1.186280,0.374954,-1.714176,15.665293,0.595733,-0.554496,-0.735971,7.632000,10.349028

-0.437543,-7.370539,17.127443,15.659410,-1.143734,-0.400747,-0.478568,7.620000,10.349028

-0.104635,1.960457,18.358484,15.659410,1.030866,0.445538,-0.690672,7.640000,10.349028

-0.262706,2.343660,2.891447,15.659410,-0.263609,-0.500937,-0.928090,7.636000,10.349028

-0.938102,7.497743,10.177097,15.665293,0.307420,-0.113500,-0.624323,7.636000,10.349028

0.515675,0.248018,4.663762,15.665293,0.302357,-0.348254,-0.430605,7.632000,10.349028

-0.250731,2.513707,11.053674,15.662352,-0.219110,-0.343191,-0.386372,7.632000,10.349028

1.550323,9.873602,10.330379,15.671175,0.311684,-0.229678,-0.179064,7.644000,10.349028

-0.684230,-1.754218,7.065966,15.653528,0.517393,-0.070866,-0.098060,7.640000,10.349028

-4.901859,-0.020224,12.294294,15.644705,-0.524209,-0.212891,-0.003998,7.644000,10.349028

-1.441056,8.352765,8.749665,15.659410,-0.311839,-0.040223,0.278985,7.648000,10.349028

1.746715,0.470755,6.251659,15.659410,0.209629,-0.115632,0.418878,7.644000,10.349028

-3.828890,-4.312099,11.377002,15.662352,-0.260411,-0.256324,0.201444,7.640000,10.349028

-0.885411,3.404654,10.117222,15.635881,-0.012868,-0.107105,0.258734,7.648000,10.349028

-1.675768,2.623878,7.798842,15.656469,0.287169,-0.157200,0.253671,7.644000,20.485575

-1.191974,1.914952,5.741520,15.650587,0.209362,-0.048217,0.402890,7.644000,20.485575

-3.666029,-1.656022,11.468013,15.662352,-0.362733,-0.032229,0.556639,7.644000,20.485575

1.416202,3.442974,8.835886,15.650587,0.331935,0.239563,0.721579,7.652000,20.485575

-2.118846,-3.519347,8.184441,15.665293,-0.818384,-0.095914,0.571561,7.640000,20.485575

-1.603917,8.702437,17.565733,15.641764,0.014844,0.519082,0.673616,7.640000,20.485575

-2.334398,4.199801,12.167358,15.641764,-0.034984,0.415961,0.583818,7.640000,20.485575

0.958754,3.399864,9.410690,15.668234,0.086256,-0.020238,0.362388,7.640000,20.485575

-0.971632,5.854759,10.244158,15.653528,-0.298782,0.196662,0.393830,7.640000,20.485575

1.047369,3.239398,9.887300,15.641764,0.210961,0.355474,0.467374,7.640000,20.485575

-3.479218,2.832244,6.816884,15.644705,0.178452,0.193997,0.223028,7.648000,20.485575

-3.069669,3.354359,9.080178,15.641764,-0.242825,0.008806,0.082336,7.640000,20.485575

0.977914,1.270692,12.943344,15.644705,0.088122,-0.015176,0.200112,7.652000,20.485575

-1.874555,3.943534,8.306586,15.659410,0.222685,0.310175,0.108182,7.656000,20.485575

-2.822982,3.541170,3.516547,15.674116,0.021240,-0.013577,-0.172403,7.660000,20.485575

-2.729577,-8.551283,11.525493,15.659410,-0.553254,-0.505467,-0.193187,7.652000,20.485575

-6.803504,-3.737294,8.649075,15.668234,-0.240693,0.401039,-0.201713,7.652000,20.485575

-1.009952,3.847733,9.355605,15.665293,-0.394708,0.292056,-0.353864,7.652000,20.485575

4.568048,5.835599,10.543535,15.662352,0.246933,-0.018373,-0.505747,7.648000,20.485575

3.377723,0.657567,9.255014,15.662352,0.551233,-0.168924,-0.626188,7.640000,20.485575

-1.378785,-2.999628,7.099496,15.668234,0.044422,-0.024235,-0.567833,7.648000,20.485575

-4.003727,2.331685,9.135263,15.668234,-0.446136,-0.004251,-0.477502,7.644000,20.485575

-0.511788,6.932518,8.385622,15.656469,0.388158,-0.041555,-0.499885,7.636000,20.485575

5.370379,-5.835331,9.221484,15.653528,-0.073355,-0.649889,-0.372516,7.636000,20.485575

0.479750,9.183836,14.749189,15.656469,0.108639,-0.114033,-0.250743,7.636000,20.485575

-1.565597,2.403536,4.896078,15.656469,0.380165,-0.269381,-0.283517,7.636000,20.485575

2.338285,1.189261,5.365502,15.665293,0.471561,-0.492943,-0.013324,7.640000,20.485575

0.776732,-1.272819,9.872930,15.656469,0.106774,-0.115898,0.204109,7.644000,20.485575

-0.988397,-1.560221,10.924343,15.665293,-0.459192,-0.192373,0.398893,7.644000,20.485575

1.892811,10.853165,10.943503,15.647646,0.425730,0.002677,0.482562,7.648000,20.485575

0.613871,4.623719,6.095983,15.653528,0.644762,-0.079127,0.495619,7.648000,20.485575

-3.280431,-6.862794,7.494675,15.659410,-0.197260,-0.471359,0.603803,7.652000,20.485575

-3.565438,5.883500,11.063254,15.650587,-0.369661,0.466855,0.865202,7.644000,20.485575

4.062699,4.005804,13.537310,15.653528,0.167794,-0.123626,0.693601,7.648000,20.485575

2.173028,3.912398,6.574987,15.647646,0.253861,-0.111102,0.553441,7.640000,20.485575

-0.097450,0.772528,6.582172,15.650587,0.411874,-0.071399,0.508409,7.652000,20.485575

0.429454,2.834639,7.559340,15.656469,0.438520,0.108729,0.370648,7.648000,20.485575

-1.575177,-2.087126,13.161291,15.653528,-0.035517,-0.170790,0.148951,7.644000,20.485575

2.783759,5.093143,7.250382,15.668234,0.760140,-0.037026,0.083135,7.640000,20.485575

-1.457821,-3.801960,6.383386,15.650587,-0.247888,0.153495,-0.005331,7.648000,20.485575

-0.890202,1.799991,12.517031,15.659410,-0.328359,0.331226,0.025579,7.648000,20.485575

-2.487679,3.622601,11.427297,15.665293,-0.189266,0.355207,0.088198,7.632000,20.485575

2.115548,6.860667,7.360553,15.653528,0.255460,0.290723,0.004529,7.640000,20.485575

2.587367,-6.120338,4.115302,15.653528,0.042823,-0.072731,-0.108718,7.640000,20.485575

-6.954391,5.473951,7.770102,15.644705,0.009782,0.643520,-0.144690,7.644000,20.485575

-1.649423,-0.717175,5.494833,15.659410,0.036694,0.068494,-0.386105,7.648000,20.485575

-6.034703,-8.041144,8.747270,15.677057,-0.531670,-0.116165,-0.419680,7.644000,20.485575

0.901273,-4.477355,8.318562,15.665293,0.554165,-0.541705,-0.573162,7.652000,20.485575

-6.602323,-0.288466,9.204719,15.659410,-0.833306,0.424488,-0.278455,7.644000,10.399111

3.217257,8.908409,6.807304,15.647646,0.253328,0.000013,-0.401027,7.644000,10.399111

2.110758,1.922137,10.100456,15.674116,0.373503,-0.169724,-0.386372,7.640000,10.399111

-0.825536,-3.536113,11.388977,15.650587,-0.086944,-0.083124,-0.500418,7.644000,10.399111

-3.237321,3.232213,7.777287,15.662352,0.364177,-0.058076,-0.426075,7.644000,10.399111

-3.124755,-7.605250,6.701923,15.635881,-0.034718,-0.291764,-0.371450,7.644000,10.399111

-2.049391,8.053388,8.677814,15.641764,-0.356071,0.154827,-0.331481,7.640000,10.399111

1.808985,1.893397,2.208866,15.647646,0.720970,-0.216088,-0.201180,7.640000,10.399111

3.705841,3.862103,5.358317,15.644705,0.818229,-0.393552,0.018118,7.640000,10.399111

-2.739156,-3.787590,12.033237,15.638823,-0.710200,-0.430591,0.085000,7.628000,10.399111

-0.696205,1.876631,15.637741,15.650587,-0.116255,0.233700,0.291775,7.640000,10.399111

2.129918,10.683119,10.826147,15.659410,0.632771,0.072224,0.161475,7.644000,10.399111

3.004100,-1.938634,3.384821,15.665293,-0.131443,-0.516924,0.138559,7.644000,10.399111

-1.692533,10.565763,8.009604,15.647646,-0.360335,0.227039,0.232087,7.644000,10.399111

0.920433,-0.113630,9.724438,15.659410,0.600529,-0.095114,0.161741,7.640000,10.399111

-2.145192,2.312525,14.368382,15.653528,-0.074953,0.142037,0.053558,7.644000,10.399111

2.769388,1.237161,12.629597,15.662352,-0.061097,0.058901,-0.051962,7.648000,10.399111

1.147960,4.539894,11.326706,15.653528,0.308220,0.285128,-0.034641,7.652000,10.399111

-0.313002,4.297997,7.722201,15.653528,0.076930,0.133244,-0.078608,7.648000,10.399111

-0.832721,-0.168715,8.438313,15.656469,0.005518,0.111661,-0.237952,7.652000,10.399111

-0.435148,-0.932726,8.603569,15.638823,-0.088809,0.135109,-0.365055,7.644000,10.399111

1.547928,4.245306,10.244158,15.632940,-0.288123,0.045578,-0.292844,7.640000,10.399111

0.355209,1.754486,3.348896,15.656469,0.482220,0.348546,-0.332014,7.652000,10.399111

-1.515302,-3.440312,11.233300,15.653528,-0.983057,-0.344257,-0.479101,7.632000,10.399111

1.945502,2.496942,19.340441,15.650587,0.343393,0.352809,-0.202513,7.640000,10.399111

-0.490233,1.440738,3.851850,15.662352,0.471028,0.281664,-0.033309,7.644000,20.542551

-2.013466,7.770775,10.519585,15.650587,-0.389912,0.128448,-0.124173,7.644000,20.542551

3.854332,4.700360,6.206154,15.656469,0.612253,0.038383,0.182792,7.640000,20.542551

-0.813561,6.053546,9.678933,15.656469,0.192308,-0.080459,0.232354,7.644000,20.542551

-2.686466,-0.446537,10.083691,15.635881,-0.347278,-0.300557,0.216100,7.648000,20.542551

-4.698283,3.169942,14.662969,15.641764,-0.062963,-0.032496,0.389567,7.644000,20.542551

-1.062643,3.100487,3.667433,15.650587,0.668210,-0.301356,0.519867,7.648000,20.542551

-7.122042,-5.986217,2.824386,15.650587,-0.532736,-0.277641,0.523864,7.656000,20.542551

-4.918624,1.804781,14.092954,15.632940,-0.778148,0.211850,0.691735,7.652000,20.542551

1.018629,-1.188993,18.607565,15.659410,0.149941,-0.265917,0.690136,7.656000,20.542551

1.801800,10.553787,7.511440,15.656469,0.829687,-0.096447,0.714385,7.660000,20.542551

-4.370165,-9.430255,6.618097,15.641764,-0.397107,-0.584872,0.277653,7.652000,20.542551

-2.049391,-5.009049,11.135105,15.638823,-0.669431,-0.176385,0.170002,7.648000,20.542551

-0.128585,4.523129,11.187795,15.650587,-0.053103,0.111128,-0.006663,7.652000,20.542551

5.401515,6.851088,9.501701,15.644705,0.419068,0.075955,-0.178265,7.660000,20.542551

0.877323,1.488638,2.623205,15.635881,0.208296,-0.213424,-0.294709,7.652000,20.542551

1.100060,-2.012880,11.005774,15.635881,-0.591091,0.050907,-0.298173,7.636000,20.542551

-0.236361,5.016502,19.239851,15.624117,0.239206,0.491103,-0.618461,7.656000,20.542551

3.329823,5.701478,4.235053,15.650587,0.342060,-0.039424,-0.880393,7.660000,20.542551

-0.253126,5.488321,5.159531,15.653528,-0.040846,0.140172,-0.809514,7.652000,20.542551

0.510885,-2.067966,6.943820,15.638823,-0.140237,0.062365,-0.658430,7.656000,20.542551

-0.588429,3.007081,13.860637,15.659410,-0.373658,0.308043,-0.737303,7.656000,20.542551

4.045934,8.628192,11.209351,15.647646,0.151540,-0.035960,-0.974721,7.660000,20.542551

5.008732,6.930123,7.944938,15.650587,0.074532,0.056503,-0.520669,7.664000,20.542551

-0.430358,0.901859,10.327983,15.656469,0.177120,0.189734,-0.592081,7.664000,20.542551

-3.048114,2.211934,5.916357,15.650587,0.038027,-0.119629,-0.531061,7.664000,20.542551

1.619779,-1.280004,12.952925,15.644705,-0.335287,-0.262986,-0.360525,7.660000,20.542551

0.896483,5.267980,8.031159,15.635881,0.293298,0.000279,-0.165208,7.656000,20.542551

-0.940497,-5.222206,10.256132,15.621176,0.062275,-0.059675,0.040767,7.660000,20.542551

-0.645909,4.645274,8.359277,15.644705,-0.414160,-0.048217,0.218498,7.660000,20.542551

-0.284262,3.246583,15.565891,15.659410,-0.255881,0.194797,0.397561,7.664000,20.542551

-0.044760,0.968919,11.470407,15.627058,0.536844,0.009073,0.503346,7.660000,20.542551

-2.566715,-2.637980,8.684999,15.638823,-0.119186,-0.235274,0.429003,7.652000,20.542551

-2.003886,-2.034435,12.030842,15.647646,-0.812522,-0.268581,0.224627,7.652000,20.542551

-1.496141,6.319393,9.082573,15.656469,0.137950,0.394377,0.511873,7.656000,20.542551

-4.042047,0.173773,8.586803,15.624117,-0.242825,0.004010,0.284048,7.660000,20.542551

-1.335675,4.640484,9.360395,15.641764,-0.160488,0.044246,0.078339,7.660000,20.542551

-2.868488,3.699241,5.837321,15.641764,0.423331,0.049841,-0.074877,7.660000,20.542551

-5.459898,-2.115866,8.625124,15.629999,-0.114923,0.145768,-0.081272,7.664000,20.542551

-1.596732,1.306617,10.998589,15.632940,-0.316901,-0.102575,0.092195,7.664000,20.542551

-1.704508,3.775882,11.197375,15.638823,0.343926,0.226772,0.078072,7.672000,20.542551

-5.510194,-1.126723,4.958349,15.653528,-0.093872,-0.075396,-0.130834,7.664000,20.542551

-1.999095,0.545001,5.849296,15.653528,-0.272935,-0.165460,-0.013591,7.664000,20.542551

0.661771,-1.457236,13.561259,15.635881,-0.236430,-0.308284,0.154280,7.660000,20.542551

0.041461,1.708980,10.373488,15.638823,0.125693,0.015201,0.214501,7.664000,20.542551

-1.443451,0.734207,6.903105,15.647646,-0.177541,-0.082591,-0.005331,7.656000,20.542551

-0.997977,-0.664484,13.465459,15.632940,0.006318,-0.179583,-0.035441,7.660000,20.542551

0.235458,4.463253,9.422666,15.641764,0.058811,-0.188110,-0.023450,7.660000,20.542551

-0.736920,-0.980627,7.185717,15.632940,-0.267872,-0.296826,0.185723,7.656000,20.542551

-2.478099,-0.125605,10.938713,15.621176,-0.384050,-0.039424,0.306963,7.660000,20.542551

-1.280590,8.750338,13.783997,15.632940,-0.040313,0.106598,0.218764,7.660000,20.542551

1.588644,4.041729,8.996352,15.629999,0.357782,0.117256,0.417812,7.664000,20.542551

-0.890202,-4.733622,7.803632,15.632940,-0.590558,-0.189975,0.379974,7.660000,20.542551

-5.229977,2.813084,9.875324,15.641764,-0.563113,0.017599,0.417812,7.656000,20.542551

2.932250,5.864339,5.070915,15.647646,0.623978,0.504693,0.518002,7.660000,20.542551

-0.904572,-5.035395,10.239367,15.647646,-0.385915,-0.456704,0.325616,7.664000,20.542551

-3.963012,0.463570,10.706396,15.647646,0.102244,0.396242,0.401291,7.664000,20.542551

-4.283944,0.877909,10.572275,15.635881,-0.201523,0.243293,0.069012,7.656000,20.542551

-0.842301,0.504285,10.081296,15.644705,-0.231367,0.190533,0.074608,7.664000,20.542551

-3.146310,-1.440470,9.643007,15.653528,-0.302246,0.310175,0.055423,7.656000,20.542551

-0.109425,2.853800,8.706554,15.650587,0.298627,0.417293,-0.150553,7.660000,20.542551

-0.200436,-0.535153,3.758444,15.647646,-0.102932,-0.012244,-0.379177,7.652000,20.542551

-0.392037,-7.497475,11.017749,15.635881,-0.130910,0.003743,-0.402626,7.652000,20.542551

-2.032626,-1.263239,4.908053,15.629999,-0.378987,0.308576,-0.564102,7.652000,20.542551

-1.170419,0.372559,13.103810,15.647646,-0.547658,0.431149,-0.537456,7.656000,20.542551

2.592157,9.358673,7.600055,15.632940,0.009249,0.332558,-0.440997,7.652000,20.542551

0.336049,4.082445,9.827424,15.644705,0.370838,0.263544,-0.601674,7.660000,20.542551

-0.760870,4.489598,7.089916,15.627058,-0.094405,-0.128422,-0.680813,7.656000,20.542551

-1.448241,-4.074992,11.750625,15.644705,-0.435211,-0.188110,-0.266997,7.656000,20.542551

-2.581085,6.875038,16.863991,15.644705,-0.231367,0.436478,-0.110317,7.660000,7.162630

2.484381,6.561290,1.396955,15.653528,1.098281,-0.172388,-0.273125,7.652000,7.162630

-7.943534,-7.291503,9.868139,15.621176,-0.214846,-0.548633,-0.210773,7.660000,7.162630

-4.226464,3.342384,5.360712,15.635881,-0.479976,0.152163,0.536121,7.660000,7.162630

-1.184789,0.806058,11.817685,15.638823,0.154737,-0.321074,0.460446,7.660000,7.162630

0.304913,4.242911,2.199286,15.629999,1.011681,-0.239004,0.394363,7.660000,7.162630

-7.347174,-7.641176,2.910607,15.644705,-0.724855,-0.064738,0.582486,7.656000,7.162630

-1.450636,2.269415,8.423943,15.650587,-0.566310,0.259547,0.528660,7.656000,7.162630

0.221088,4.087235,13.115786,15.638823,0.542973,0.203590,0.317888,7.656000,7.162630

-0.626749,-0.762680,4.259003,15.635881,-0.247621,-0.531846,0.058620,7.652000,7.162630

-0.495023,-0.099259,12.145802,15.644705,-0.212714,-0.060741,0.022115,7.648000,7.162630

2.652032,2.185589,7.295888,15.650587,-0.064828,-0.044753,0.046363,7.648000,7.162630

-0.286657,5.428446,11.408137,15.650587,0.607723,0.162022,-0.054626,7.656000,7.162630

-1.328490,-3.607963,9.973520,15.635881,-0.198326,-0.366906,-0.173735,7.652000,7.162630

-2.521210,-5.473683,7.010880,15.647646,-1.024892,-0.303222,-0.178265,7.644000,7.162630

-0.183671,12.429088,14.274975,15.632940,0.083059,0.813523,-0.177199,7.644000,7.162630

3.475919,-3.682209,6.893525,15.638823,0.306621,-0.242735,-0.330415,7.652000,7.162630

-4.686307,9.887972,10.222602,15.621176,-0.838368,0.220910,-0.209441,7.648000,7.162630

9.427543,-0.841716,10.783037,15.638823,0.201635,-0.137748,-0.102056,7.652000,7.162630

3.564535,2.408326,11.714700,15.650587,-0.545260,0.090876,-0.234755,7.648000,7.162630

-2.200277,6.733731,9.518467,15.641764,0.246667,0.222242,-0.081272,7.656000,7.162630

2.295175,0.724627,12.744557,15.627058,-0.178341,-0.245666,0.043699,7.652000,7.162630

0.542020,4.151900,10.680051,15.632940,0.299693,0.065829,0.163873,7.664000,7.162630

-2.597850,-1.660812,6.960585,15.635881,0.181117,-0.022637,0.164672,7.660000,7.162630

-2.229017,-0.197455,7.561735,15.638823,0.085723,0.031988,0.126568,7.656000,20.871170

-1.742828,-1.658417,8.869416,15.638823,0.363910,0.049308,0.140424,7.652000,20.871170

-1.474586,-8.175265,7.722201,15.641764,-0.237762,-0.007448,0.313625,7.652000,20.871170

-1.268615,5.358990,11.338681,15.650587,-0.080816,0.621403,0.368250,7.660000,20.871170

-1.469796,8.654537,5.437353,15.647646,0.124094,0.192132,0.000798,7.648000,20.871170

-1.553622,3.768697,14.181569,15.638823,-0.206586,-0.165727,-0.107652,7.652000,20.871170

0.154027,5.454791,11.254856,15.641764,0.452376,0.295786,0.310694,7.660000,20.871170

0.192347,8.474911,4.814648,15.638823,0.022838,0.195063,0.194250,7.660000,20.871170

-1.668583,-0.441747,11.877561,15.635881,0.146477,-0.061007,-0.100191,7.664000,20.871170

-3.067274,0.664752,3.672223,15.647646,-0.115189,-0.100976,-0.123107,7.660000,20.871170

-2.775082,-8.110600,12.696657,15.638823,-0.598819,-0.677068,0.072743,7.664000,20.871170

-3.792965,4.918307,11.915881,15.650587,0.376168,0.519881,0.197980,7.668000,20.871170

-1.476981,3.234608,3.418351,15.638823,0.449178,-0.294162,0.030109,7.664000,20.871170

-0.047155,-2.652350,2.048400,15.629999,-0.066693,-0.406875,0.062617,7.660000,20.871170

-3.495983,-0.858481,9.702883,15.644705,-0.357937,0.220111,0.207573,7.664000,20.871170

-0.396827,8.585081,9.607082,15.644705,0.110505,0.070359,0.093261,7.660000,20.871170

-1.340465,-6.802919,12.081138,15.638823,0.138217,-0.322407,-0.131900,7.664000,20.871170

0.175582,0.482730,9.209509,15.627058,-0.147165,-0.326670,-0.278988,7.664000,20.871170

-2.240993,6.031991,5.269701,15.629999,0.338596,0.124984,-0.318690,7.668000,20.871170

2.939435,-2.592475,11.788945,15.653528,-0.146898,-0.408741,-0.294975,7.664000,20.871170

0.374369,4.365057,14.212705,15.629999,-0.106396,0.214515,0.062351,7.672000,20.871170

1.207836,7.490558,6.443261,15.641764,0.603460,0.088478,-0.040504,7.668000,20.871170

-1.750014,-2.743361,6.723478,15.632940,-0.102665,-0.215822,-0.015190,7.668000,20.871170

-3.337911,3.622601,11.920671,15.635881,0.023105,-0.038091,-0.019720,7.672000,21.519791

1.430573,0.956944,10.035790,15.632940,-0.274534,-0.151338,0.149484,7.672000,21.519791

-1.237479,7.730060,9.978311,15.635881,-0.291054,0.430883,0.208905,7.664000,21.519791

1.473683,3.311248,7.487489,15.638823,0.153671,0.232901,0.115110,7.660000,21.519791

1.509608,-2.137421,12.555351,15.635881,-0.372059,-0.185445,0.059953,7.664000,21.519791

0.910853,8.074943,8.004814,15.644705,0.020707,0.316037,-0.050629,7.664000,21.519791

2.419716,5.818834,9.238249,15.641764,0.610388,-0.058076,-0.104455,7.668000,21.519791

2.556232,6.161322,11.923066,15.635881,-0.072555,0.370929,0.156679,7.668000,21.519791

1.169515,6.283468,9.659773,15.644705,0.449711,0.130313,-0.006929,7.672000,21.519791

-1.850604,-1.033317,5.480463,15.627058,0.058811,-0.215022,-0.095661,7.668000,21.519791

1.823356,2.477782,9.619058,15.638823,-0.185535,-0.116964,0.090596,7.664000,21.519791

3.746556,0.832403,12.220049,15.618235,0.604792,0.176411,0.052492,7.660000,21.519791

-1.179999,-3.277451,2.148991,15.653528,-0.074154,-0.212891,0.033040,7.664000,21.519791

3.787271,6.834322,13.702565,15.638823,0.500339,0.381854,0.090862,7.656000,21.519791

1.751505,-0.106445,7.722201,15.638823,-0.013401,0.012004,-0.046632,7.660000,21.519791

-4.039652,4.585399,6.859994,15.653528,-0.096537,0.292589,-0.123107,7.664000,21.519791

-2.533185,3.543565,6.658813,15.627058,-0.180473,0.228638,-0.190788,7.664000,21.519791

-5.840707,-0.810580,15.999390,15.641764,-0.274534,0.164687,-0.150286,7.668000,21.519791

1.387462,5.490716,12.097902,15.653528,-0.128246,0.186803,-0.115113,7.672000,21.519791

1.444943,10.987287,6.687553,15.635881,0.644762,-0.102309,-0.203046,7.668000,21.519791

-1.982330,-3.011603,9.286150,15.629999,-0.077352,-0.514526,-0.300305,7.668000,21.519791

-2.681676,-4.455800,15.920354,15.624117,-0.517814,-0.119096,0.029310,7.668000,21.519791

0.865348,7.567198,10.689631,15.618235,0.131022,0.098604,-0.025582,7.668000,21.767811

-0.444728,-0.264516,10.454919,15.638823,0.174455,-0.149206,-0.221965,7.660000,21.767811

-0.056735,1.601204,12.430810,15.618235,0.079328,-0.157200,-0.110850,7.664000,21.767811

2.834054,8.177928,6.965375,15.653528,0.472094,0.048775,-0.169471,7.672000,21.767811

1.622174,-2.954123,2.263952,15.638823,-0.181538,-0.421264,-0.167606,7.656000,21.767811

-0.358507,-1.047687,10.512400,15.644705,-0.177541,-0.215555,-0.129236,7.656000,21.767811

3.006495,7.258241,10.706396,15.615294,0.625576,-0.225681,0.045297,7.660000,21.767811

1.318007,1.582044,10.177097,15.638823,0.067071,-0.212358,0.103120,7.664000,21.767811

-4.238439,-1.129118,8.967612,15.644705,-0.502093,-0.102842,0.087931,7.660000,21.767811

-1.812284,8.917989,14.059423,15.635881,-0.062696,0.148699,0.236617,7.660000,21.767811

1.998192,-2.012880,6.639653,15.618235,0.388958,-0.156401,0.175864,7.664000,21.767811

-2.566715,-2.264357,8.519743,15.647646,-0.836237,-0.226747,0.088997,7.660000,21.767811

0.676141,13.102088,11.142290,15.656469,0.077463,0.637658,0.387435,7.668000,21.767811

5.538031,-0.252541,7.243197,15.638823,0.179252,-0.166526,0.093793,7.664000,21.767811

-0.566874,-5.959872,13.939672,15.641764,-0.203388,0.035719,0.162274,7.664000,21.767811

-4.923414,-1.845229,7.729386,15.632940,-0.996914,0.201725,0.026378,7.664000,21.767811

0.903668,10.402902,7.463539,15.638823,0.025769,0.275002,-0.050363,7.660000,21.767811

4.036354,-0.113630,10.780642,15.618235,0.423065,-0.175053,-0.124972,7.672000,21.767811

2.314335,-4.827028,8.680209,15.629999,0.417203,-0.168658,-0.242216,7.664000,21.767811

-4.195329,-2.554155,10.850098,15.635881,-0.666500,0.190533,-0.072746,7.664000,21.767811

-2.056576,6.103841,10.284873,15.618235,0.061475,0.436478,-0.019986,7.668000,21.767811

3.710631,1.004844,5.214616,15.629999,0.161932,0.187602,-0.038638,7.668000,21.767811

-1.000372,0.398905,11.247670,15.632940,-0.183137,0.073290,0.080470,7.664000,21.767811

-1.129703,6.791212,9.575947,15.629999,-0.011535,0.258481,0.090596,7.664000,21.449950

-2.066156,1.629945,10.593830,15.612352,0.019907,0.052506,0.269659,7.664000,21.449950

-1.673373,5.464371,11.424902,15.656469,0.185913,0.074889,0.261931,7.668000,21.449950

2.601737,3.704032,5.128395,15.638823,0.289301,-0.129754,0.403956,7.668000,21.449950

-3.309171,1.390443,7.106681,15.624117,-0.345946,-0.139347,0.296838,7.672000,21.449950

-2.468519,4.618929,12.445180,15.632940,0.461702,0.542264,0.375711,7.668000,21.449950

0.759967,3.179522,9.276569,15.644705,0.116633,-0.262719,0.149218,7.672000,21.449950

0.321678,4.714730,7.674301,15.621176,0.142480,-0.310682,0.077806,7.672000,21.449950

-2.281708,-4.000746,9.391530,15.635881,-0.143434,-0.205430,0.264596,7.668000,21.449950

-2.803822,1.433553,9.918435,15.638823,0.120630,0.077020,0.055956,7.676000,21.449950

0.479750,3.299273,6.757009,15.629999,-0.055502,-0.192107,0.065282,7.672000,21.449950

1.286871,-1.512321,10.931528,15.641764,-0.077352,-0.156401,-0.058890,7.660000,21.449950

0.625846,-3.334931,10.454919,15.627058,-0.272669,-0.092983,-0.020519,7.660000,21.449950

-2.669701,3.663316,8.874207,15.624117,0.025769,0.291523,-0.137230,7.664000,21.449950

-3.172655,0.928204,8.716135,15.615294,-0.187134,-0.135350,-0.283517,7.664000,21.449950

2.491566,3.102882,11.427297,15.629999,-0.271869,-0.205430,-0.212372,7.660000,21.449950

3.322638,5.926610,10.538745,15.624117,0.048685,0.061033,-0.079940,7.652000,21.449950

2.606527,-2.570920,12.964900,15.627058,-0.067492,0.010938,-0.023450,7.652000,21.449950

0.321678,5.047637,9.216694,15.629999,-0.102665,0.020530,-0.073545,7.660000,21.449950

0.221088,1.874237,5.317602,15.627058,0.479822,-0.114033,-0.204112,7.660000,21.449950

-2.782267,4.393797,10.421389,15.621176,-0.742175,-0.168392,-0.227560,7.656000,21.449950

5.245839,5.430841,18.921312,15.621176,-0.171679,-0.018373,-0.037573,7.660000,21.449950

5.612277,15.372567,8.246711,15.627058,0.394021,0.296319,-0.184127,7.668000,21.449950

1.535953,-1.624887,2.062770,15.618235,0.470229,-0.215822,-0.295242,7.668000,21.449950

-2.305658,-2.760126,17.175344,15.621176,-0.389113,0.092742,-0.124972,7.680000,21.449950

0.118102,6.870247,9.674143,15.629999,0.144878,0.291789,0.037570,7.668000,21.449950

0.297728,2.190379,9.255014,15.621176,0.142214,0.221710,-0.152951,7.676000,21.449950

-1.165629,5.370965,7.698251,15.615294,0.201901,0.186803,-0.010127,7.676000,21.449950

1.854491,-6.034118,8.047924,15.644705,-0.030188,-0.088986,0.094593,7.664000,21.449950

-2.197882,0.947364,14.763559,15.621176,-0.303578,0.267808,0.054357,7.668000,21.449950

1.306031,8.295284,10.541140,15.621176,0.268517,0.220910,0.094060,7.672000,21.449950

3.408859,0.468360,7.600055,15.629999,0.458771,0.007207,-0.045033,7.664000,21.449950

2.350260,1.996382,3.260280,15.638823,0.713509,0.060766,-0.062886,7.668000,21.449950

-7.076537,-4.326469,9.386741,15.629999,-0.540996,-0.010646,0.047962,7.664000,21.449950

-0.296237,8.783868,12.524216,15.653528,-0.302512,0.400506,0.017319,7.668000,21.449950

1.974242,6.609190,6.364225,15.632940,0.576814,0.035719,-0.107386,7.668000,21.449950

-3.642079,-4.599501,4.843388,15.621176,-0.119719,-0.011179,-0.003732,7.664000,21.449950

-6.607113,4.329132,17.493881,15.618235,-1.082182,0.449002,-0.027713,7.668000,21.449950

6.721170,9.847257,12.323034,15.632940,0.894171,-0.309350,-0.341606,7.676000,21.449950

-6.046679,-2.702646,7.140212,15.615294,0.259990,-0.266983,-0.524133,7.676000,21.449950

-2.954708,2.049073,6.050478,15.627058,-0.170347,-0.283770,-0.430871,7.672000,21.449950

-2.298473,2.233490,8.335326,15.641764,0.162998,-0.217687,-0.369851,7.672000,21.449950

-0.933312,-2.726596,6.570197,15.624117,0.110505,-0.284036,-0.252608,7.676000,21.449950

-5.888607,-1.069242,9.951965,15.641764,-0.060831,0.123651,-0.104455,7.676000,21.449950

-3.007399,-5.246156,14.284555,15.653528,-0.157024,-0.420465,-0.250476,7.676000,21.449950

-2.262548,0.300709,12.620017,15.638823,0.134486,-0.216888,-0.205710,7.672000,21.449950

-1.136889,1.306617,7.281518,15.650587,-0.106396,-0.375433,-0.117511,7.672000,10.834583

0.321678,3.157967,8.946056,15.641764,-0.009937,-0.225148,-0.132966,7.660000,10.834583

-0.071105,2.214329,7.595265,15.638823,0.006051,-0.203831,-0.082072,7.652000,10.834583

2.628082,-0.468093,11.575788,15.641764,0.131821,-0.463898,0.085267,7.664000,10.834583

2.735858,6.932518,9.681328,15.644705,-0.340350,-0.251794,0.265395,7.664000,10.834583

2.735858,1.632339,12.061977,15.644705,-0.031254,-0.061274,0.478832,7.672000,10.834583

-6.269415,2.262230,6.009762,15.665293,-0.179940,0.095140,0.491622,7.680000,10.834583

-0.265101,6.309813,9.566367,15.659410,-0.408831,-0.052747,0.322685,7.676000,10.834583

5.585931,3.339988,7.331813,15.647646,0.187246,-0.099111,0.399159,7.676000,10.834583

-1.053063,4.405772,12.437995,15.641764,-0.329425,0.191333,0.257135,7.672000,10.834583

-0.207621,-0.894406,11.336287,15.662352,0.583209,-0.020238,-0.109251,7.680000,10.834583

-0.200436,4.798556,7.413244,15.650587,-0.588693,0.110595,0.052758,7.684000,10.834583

1.071320,1.244346,9.784313,15.679998,-0.338751,0.208653,0.188121,7.676000,10.834583

2.434086,0.101922,13.316967,15.659410,0.196039,0.066095,0.039169,7.676000,10.834583

-1.738038,0.674332,9.750783,15.647646,0.117965,0.249422,0.075674,7.676000,10.834583

-1.486561,1.004844,8.371252,15.668234,-0.062963,-0.040223,0.188654,7.676000,10.834583

-0.938102,2.786739,2.913002,15.668234,0.160067,0.115391,0.084201,7.668000,10.834583

-1.074618,-8.072280,15.462905,15.662352,-0.590558,-0.139614,0.176397,7.660000,10.834583

3.622015,7.746824,13.542099,15.644705,0.019108,0.455664,0.278718,7.664000,10.834583

1.076110,5.797279,6.665998,15.662352,0.694857,0.244625,0.118841,7.672000,10.834583

-8.547079,-0.365107,4.994274,15.668234,-0.366463,-0.154269,-0.229159,7.668000,10.834583

-3.680399,-3.902550,17.539387,15.668234,-0.916442,-0.104174,0.144688,7.672000,10.834583

4.110600,12.314127,7.846742,15.662352,0.548036,0.560916,0.285380,7.684000,10.834583

-0.554899,10.517862,5.799001,15.653528,0.538177,-0.413537,-0.146822,7.676000,10.834583

-6.128109,-9.322479,10.258528,15.653528,-0.056035,-0.440983,0.159876,7.672000,21.835931

-6.343661,1.239557,12.634387,15.662352,-0.229768,0.344549,0.394363,7.684000,21.835931

-1.654213,1.263507,6.033712,15.659410,-0.236163,-0.075130,0.332544,7.684000,21.835931

1.878441,3.445369,9.293335,15.635881,0.335932,-0.123093,0.221429,7.688000,21.835931

-1.294960,-1.224919,4.505690,15.638823,0.003120,-0.168924,0.161741,7.684000,21.835931

-0.677045,1.287457,9.494516,15.671175,-0.357404,-0.088719,0.067147,7.676000,21.835931

3.566930,1.189261,14.536033,15.647646,-0.289722,0.049042,0.140691,7.676000,21.835931

0.918038,3.517220,5.839716,15.647646,0.587739,0.268607,-0.040770,7.672000,21.835931

-5.155731,-3.172070,7.154582,15.653528,-0.042978,-0.199834,-0.319756,7.672000,21.835931

1.042579,0.861143,8.898156,15.668234,-0.437342,-0.504134,-0.242216,7.672000,21.835931

0.946778,6.228382,9.072993,15.659410,0.168060,0.213716,-0.201713,7.672000,21.835931

-0.439938,0.777318,9.199929,15.665293,0.144079,-0.189709,-0.343738,7.672000,21.835931

1.363512,-0.077704,7.973679,15.650587,-0.230567,-0.313081,-0.199049,7.680000,21.835931

-0.708180,-1.584172,8.308981,15.668234,0.048685,-0.143877,-0.183594,7.676000,21.835931

-0.241151,-2.103891,9.568762,15.665293,-0.462923,0.015734,-0.068216,7.680000,21.835931

-0.782426,6.137372,12.603251,15.650587,-0.384316,0.411164,0.026378,7.676000,21.835931

3.116666,0.932994,11.556628,15.671175,0.185913,0.254218,0.049028,7.684000,21.835931

-1.206344,3.874078,8.340117,15.650587,-0.259345,0.225440,-0.087667,7.680000,21.835931

0.041461,6.772052,13.839082,15.653528,0.336731,-0.029032,-0.067150,7.680000,21.835931

0.874928,-1.483581,8.637099,15.647646,0.436122,-0.333332,-0.139361,7.680000,21.835931

-4.762948,-3.758849,6.024133,15.665293,-0.041379,-0.134817,-0.040237,7.684000,21.835931

-1.999095,-1.215339,9.039463,15.668234,-0.657174,-0.021837,0.372780,7.684000,22.348718

-2.743947,-2.293097,5.236171,15.659410,-0.163419,0.023195,0.515071,7.672000,22.348718

-3.670819,3.636971,13.506174,15.659410,0.018308,0.147633,0.666954,7.672000,22.348718

-0.487838,1.883817,9.542417,15.656469,0.556563,-0.038091,0.531058,7.676000,22.348718

1.358722,-0.492043,4.699687,15.662352,0.095849,-0.241136,0.517735,7.676000,22.348718

0.158817,2.113739,8.900552,15.653528,-0.289456,0.249422,0.484427,7.676000,22.348718

-0.641119,9.111986,11.156660,15.653528,0.364443,0.478579,0.162008,7.676000,22.348718

-2.993029,-2.752941,10.181887,15.682940,-0.095737,-0.305620,-0.013324,7.676000,22.348718

-1.766779,0.068392,12.418835,15.682940,-0.518880,0.277400,0.105784,7.680000,22.348718

-0.751290,6.865458,6.903105,15.674116,-0.268938,0.581434,-0.056491,7.684000,22.348718

-0.667465,9.794566,12.006892,15.665293,0.020440,0.265942,-0.156681,7.680000,22.348718

4.330941,2.298155,11.614109,15.665293,0.371638,0.354674,-0.134298,7.680000,22.348718

-2.892438,-2.580500,10.390254,15.671175,0.026302,-0.173987,-0.225695,7.676000,22.348718

-3.395392,1.692215,7.798842,15.653528,-0.236163,-0.117231,-0.056225,7.676000,22.348718

-1.556017,3.306458,6.443261,15.671175,0.317546,0.143636,-0.093530,7.668000,22.348718

1.459313,-7.308268,6.922265,15.659410,-0.051238,-0.512661,-0.070347,7.672000,22.348718

-3.872001,-0.724360,11.274015,15.665293,-0.746705,0.310708,0.267527,7.664000,22.348718

-3.970196,-0.484858,12.624806,15.665293,-0.171679,0.453532,0.123637,7.672000,22.348718

-1.915270,5.869129,8.924501,15.671175,0.108639,0.186537,0.041567,7.672000,22.348718

-0.516578,2.676568,8.239526,15.668234,0.000988,0.001612,0.022115,7.672000,22.348718

1.023419,1.083880,10.967453,15.685881,-0.532203,-0.133218,0.007193,7.664000,22.348718

-0.056735,2.906490,12.196098,15.662352,-0.381385,0.333357,-0.014657,7.668000,22.348718

2.699933,3.313643,11.753019,15.674116,0.319411,0.051174,-0.103655,7.672000,22.348718

1.679655,0.705467,4.302114,15.682940,0.421733,-0.132153,-0.279520,7.680000,21.731904

-1.893715,6.285863,6.563012,15.668234,0.028701,-0.010379,-0.369052,7.676000,21.731904

-1.443451,2.506522,8.088639,15.697645,-0.060298,-0.006116,-0.279520,7.668000,21.731904

0.319283,-2.154186,13.942067,15.688822,0.008449,0.210252,-0.169738,7.676000,21.731904

-2.427804,-1.608122,10.909973,15.671175,-0.240959,0.327762,-0.198516,7.680000,21.731904

-1.254244,8.680882,12.763718,15.674116,-0.135973,0.296586,-0.311762,7.672000,21.731904

1.404227,-1.385385,9.865745,15.688822,0.064939,-0.151604,-0.552644,7.676000,21.731904

1.270106,2.413116,11.841636,15.656469,-0.099468,-0.011978,-0.567566,7.676000,21.731904

-2.990633,-1.033317,8.847861,15.668234,-0.519946,0.098337,-0.471373,7.664000,21.731904

4.747674,4.192616,9.051437,15.656469,0.196305,0.033054,-0.340807,7.668000,21.731904

0.688116,-1.078822,5.015829,15.668234,-0.098136,-0.005050,-0.371983,7.672000,21.731904

-2.878068,3.929163,8.962822,15.671175,-0.087477,0.108729,-0.281919,7.668000,21.731904

-1.321305,-2.973283,10.584250,15.679998,-0.208984,0.001612,-0.005864,7.664000,21.731904

-0.892597,4.798556,10.440549,15.674116,0.291433,0.103933,0.124970,7.668000,21.731904

1.198256,0.576136,7.839557,15.662352,-0.169548,-0.308018,0.128434,7.656000,21.731904

-1.740433,6.223592,11.769785,15.679998,-0.004341,0.082883,0.149484,7.664000,21.731904

-4.154613,-0.932726,5.607399,15.668234,0.426263,0.023728,0.174532,7.660000,21.731904

-7.680082,1.438343,9.595107,15.688822,-0.392044,-0.175320,0.227025,7.672000,21.731904

-4.513866,-3.442707,8.047924,15.662352,-0.244956,0.228371,0.414348,7.668000,21.731904

-1.285380,4.829691,10.342353,15.685881,-0.614273,0.118589,0.406087,7.664000,21.731904

1.164725,5.766143,12.529006,15.671175,0.240805,-0.227280,0.099656,7.672000,21.731904

-3.749855,-3.013998,11.848821,15.674116,0.340462,-0.476156,-0.088733,7.676000,21.731904

-3.460057,2.283785,6.493556,15.674116,-0.058966,-0.333598,-0.041303,7.680000,21.731904

-0.823141,-0.413007,4.503295,15.694704,0.217622,-0.284303,-0.116978,7.672000,21.302396

-2.250573,-6.960990,13.604370,15.671175,-0.602816,-0.287500,-0.007729,7.672000,21.302396

2.745438,8.484490,7.918593,15.653528,0.280241,0.293921,0.123371,7.676000,21.302396

-1.807494,0.257598,8.083850,15.685881,0.177387,-0.217421,-0.179597,7.676000,21.302396

-1.249454,3.955508,8.670630,15.665293,0.453975,-0.105240,-0.313361,7.676000,21.302396

3.111876,3.692056,9.116103,15.674116,0.048152,-0.331200,-0.190256,7.684000,21.302396

-1.591942,-0.578263,7.722201,15.668234,0.359913,-0.020505,-0.125505,7.676000,21.302396

-1.247059,0.758158,7.197692,15.668234,-0.307842,-0.207029,-0.172935,7.680000,21.302396

2.151473,0.559371,16.272421,15.656469,-0.382185,-0.211292,0.098057,7.680000,21.302396

1.135985,6.755287,14.521663,15.677057,0.071068,0.030922,0.229156,7.680000,21.302396

1.883231,10.402902,6.392965,15.665293,0.349788,0.077287,0.160143,7.684000,21.302396

-0.025599,-1.493161,12.026052,15.659410,-0.018463,-0.500404,0.024247,7.680000,21.302396

2.110758,6.810372,11.590158,15.674116,-0.292120,-0.092183,0.153748,7.676000,21.302396

5.882914,4.551868,13.352893,15.656469,0.600529,-0.201433,0.114578,7.676000,21.302396

-0.231571,-1.512321,5.485253,15.668234,0.029766,0.042380,0.101254,7.680000,21.302396

-0.497418,-0.664484,5.636139,15.665293,0.342327,-0.207295,0.052758,7.680000,21.302396

-2.626591,4.657249,1.535866,15.674116,-0.236696,0.036252,-0.017055,7.680000,21.302396

-0.653095,-7.291503,13.156501,15.671175,-0.207385,-0.148940,0.087398,7.680000,21.302396

0.379159,4.611744,7.956913,15.665293,0.251197,0.421290,0.185457,7.684000,21.302396

-1.479376,-1.114748,5.600214,15.668234,-0.150096,0.172680,-0.010393,7.688000,21.302396

-2.988239,4.827296,8.675420,15.653528,-0.347811,0.230769,0.097257,7.684000,21.302396

0.973124,1.565279,10.404624,15.679998,0.049485,0.172947,0.297371,7.680000,21.302396

0.534835,3.237003,12.073953,15.677057,0.255460,0.338154,0.454051,7.676000,21.302396

2.778969,9.310773,14.526452,15.659410,0.503004,0.537468,0.344002,7.684000,22.112512

-3.505563,1.419183,7.111471,15.659410,0.160333,-0.037558,0.114844,7.688000,22.112512

2.450851,3.644156,6.371410,15.671175,0.345258,-0.104441,0.192651,7.684000,22.112512

0.621056,-1.996115,7.494675,15.659410,0.376967,-0.226747,0.207839,7.684000,22.112512

-3.886371,-5.135985,14.040263,15.671175,-0.262010,-0.073531,0.225426,7.680000,22.112512

-2.559530,5.210499,13.980388,15.671175,0.071335,0.314705,0.134562,7.680000,22.112512

-3.876791,6.527760,8.455077,15.647646,0.022305,0.269140,0.148418,7.684000,22.112512

-1.987120,-0.441747,8.153305,15.656469,-0.232966,-0.042888,-0.034375,7.676000,22.112512

1.344352,3.871683,9.516071,15.629999,-0.076552,-0.142811,0.020783,7.676000,22.112512

1.032999,3.141202,7.092311,15.641764,0.298361,-0.140146,0.057821,7.676000,22.112512

2.295175,4.314762,7.820397,15.665293,-0.361134,-0.123892,-0.007995,7.668000,22.112512

1.562299,-2.429614,16.962187,15.674116,0.529384,-0.135084,-0.064219,7.680000,22.112512

-1.721273,1.364097,2.184916,15.665293,0.029500,-0.131353,-0.091132,7.680000,22.112512

-0.269891,2.257440,4.249423,15.668234,-0.561247,-0.216888,0.083401,7.672000,22.112512

1.763480,-1.313534,11.870376,15.644705,0.090253,0.095140,0.543849,7.676000,22.112512

-0.971632,2.391561,10.172307,15.659410,-0.154359,0.113792,0.520133,7.680000,22.112512

-0.763265,8.419826,10.093271,15.662352,-0.062430,0.079952,0.492421,7.680000,22.112512

4.096229,2.008358,7.655141,15.662352,0.350587,-0.295494,0.597674,7.668000,21.937838

-1.050668,-2.973283,10.636941,15.659410,0.102511,-0.067402,0.805781,7.672000,21.937838

-4.703073,-2.336208,12.914604,15.662352,-0.438408,0.090077,0.751956,7.672000,21.937838

1.476078,9.365858,7.077941,15.653528,0.600529,0.281664,0.543316,7.676000,21.937838

1.830541,-1.821279,5.566684,15.665293,0.007916,-0.212624,0.435398,7.680000,21.937838

2.790944,3.414234,13.498989,15.665293,-0.115722,0.420757,0.395163,7.672000,21.937838

4.702169,6.123002,8.488607,15.653528,0.526186,0.436745,0.283248,7.676000,21.937838

-0.008834,2.010753,12.660732,15.627058,-0.012868,0.366132,0.072476,7.676000,21.937838

5.231469,3.131622,6.862390,15.641764,0.352186,0.156959,-0.109517,7.680000,21.937838

-1.041088,0.413275,8.725715,15.650587,0.259191,0.531339,-0.166807,7.680000,21.937838

-2.870883,4.386612,7.168952,15.647646,-0.150362,0.461259,-0.362124,7.676000,21.937838

1.222206,4.374637,7.276728,15.629999,-0.204188,0.301115,-0.294975,7.672000,21.937838

-1.510512,-1.416520,12.109878,15.629999,-0.166350,0.518815,-0.096194,7.668000,21.937838

-3.311566,3.680081,7.075546,15.644705,-0.097603,0.675762,-0.222231,7.672000,21.937838

-0.406408,-1.459630,6.725873,15.671175,-0.325162,0.038383,-0.234222,7.668000,21.937838

-3.809730,-0.863271,11.611713,15.647646,-0.194595,0.198527,-0.242749,7.680000,21.937838

-4.748578,5.849969,15.513201,15.659410,-0.356604,0.390913,-0.310430,7.680000,21.937838

3.159777,1.895792,8.397597,15.650587,0.574149,-0.194771,-0.530795,7.680000,21.937838

-0.205226,2.108948,8.285031,15.665293,0.070802,-0.094048,-0.547049,7.676000,21.937838

-1.369205,0.578531,8.239526,15.656469,-0.125315,0.178809,-0.524399,7.680000,21.937838

-1.694928,-0.506413,15.714382,15.653528,-0.438941,0.220377,-0.705061,7.680000,21.937838

7.530687,7.926451,17.328625,15.650587,-0.058433,0.008806,-0.887588,7.684000,21.937838

3.801642,4.185431,6.661208,15.650587,0.995959,-0.191307,-1.259303,7.676000,21.937838

-3.294801,-4.235458,7.152187,15.650587,-0.055235,-0.099644,-1.351233,7.688000,21.607762

-1.805099,-3.488212,6.289979,15.665293,-0.085345,-0.051681,-1.469009,7.676000,21.607762

-1.136889,-2.077546,4.675736,15.656469,0.007916,-0.223016,-1.333380,7.672000,21.607762

-2.511630,-1.814093,6.740243,15.647646,-0.357937,-0.034894,-1.046399,7.668000,21.607762

-1.706903,2.748419,13.163686,15.662352,-0.172479,-0.120428,-0.930222,7.672000,21.607762

-3.220556,7.662999,9.341235,15.647646,0.079062,-0.332532,-0.748761,7.680000,21.607762

4.991967,0.489915,10.339958,15.659410,0.031898,-0.427926,-0.253674,7.668000,21.607762

-1.084198,1.182076,7.669511,15.653528,0.140348,-0.263519,-0.036240,7.680000,21.607762

-4.621642,7.861786,13.479829,15.650587,0.104109,-0.331999,-0.037573,7.680000,21.607762

3.787271,0.559371,7.125842,15.665293,0.269316,-0.477488,0.480697,7.676000,21.607762

0.374369,0.295919,8.368856,15.647646,-0.198858,-0.482018,0.748758,7.664000,21.607762

-3.280431,-0.753100,14.950371,15.653528,0.082259,-0.271246,0.707457,7.680000,21.607762

0.673746,8.906014,5.248146,15.662352,0.039625,-0.441782,0.650700,7.676000,21.607762

1.076110,-0.355527,11.508728,15.659410,-0.365930,-0.001320,0.920094,7.676000,21.607762

-0.914152,7.914476,9.183164,15.679998,0.229613,0.200393,0.676547,7.676000,21.607762

0.668956,-0.190270,8.522139,15.665293,0.339929,-0.249929,0.531858,7.672000,21.607762

-1.682953,-1.181808,9.046648,15.653528,0.038826,-0.063139,0.470305,7.676000,21.607762

0.101337,0.065997,4.661366,15.659410,-0.070157,-0.057543,0.248342,7.672000,21.607762

-1.726063,0.580926,13.441508,15.647646,-0.590025,-0.070067,0.322685,7.672000,21.607762

0.999469,14.119971,14.452207,15.635881,0.683665,0.493768,0.287778,7.676000,21.607762

0.791102,-7.557350,6.249264,15.644705,-0.189799,-0.880379,0.173732,7.672000,21.607762

-6.391562,9.444894,8.565248,15.650587,0.261855,0.746374,0.442326,7.676000,21.607762

-1.838629,-0.707594,7.238408,15.656469,0.333534,0.089544,0.224627,7.684000,21.607762

-6.377191,0.365374,8.555669,15.656469,-0.899655,0.154028,0.348798,7.684000,21.428037

-2.743947,4.520733,17.637583,15.677057,-0.627597,0.245425,0.281383,7.680000,21.428037

7.111559,11.114223,7.722201,15.653528,0.841678,-0.449509,0.048761,7.684000,21.428037

-3.163075,-4.419875,0.244950,15.635881,0.341527,-0.353316,-0.091398,7.676000,21.428037

-5.996383,-3.210390,13.340918,15.641764,-1.189299,0.103933,0.148951,7.672000,21.428037

0.834213,-2.391293,16.681969,15.647646,0.185380,-0.030097,0.120706,7.676000,21.428037

0.343234,6.388849,9.413086,15.641764,-0.028322,0.122319,-0.081539,7.684000,21.428037

-1.608707,5.785304,8.526928,15.650587,-0.085612,-0.090052,-0.289380,7.672000,21.428037

4.584813,-0.786630,9.367580,15.618235,0.214958,-0.335197,-0.281386,7.676000,21.428037

0.510885,3.579490,9.992681,15.635881,-0.386981,0.007740,-0.163876,7.676000,21.428037

0.132472,1.955667,9.990285,15.627058,0.428661,0.055437,-0.001600,7.680000,21.428037

1.193465,3.407049,8.297007,15.653528,0.005518,-0.114300,-0.075410,7.680000,21.428037

2.161053,1.376073,12.509846,15.618235,0.369772,-0.079926,0.057022,7.680000,21.428037

-0.844696,-3.907341,7.669511,15.647646,-0.175676,-0.002385,0.189187,7.676000,21.428037

0.189952,6.484649,12.054792,15.665293,-0.529272,0.308843,0.088198,7.680000,21.428037

2.271224,9.488004,8.878996,15.647646,0.618648,-0.224082,-0.252608,7.688000,21.428037

1.334772,2.096973,6.654023,15.638823,0.054014,-0.325871,-0.309098,7.688000,21.428037

4.484222,3.275323,8.804750,15.627058,-0.086411,-0.284036,-0.209441,7.684000,21.428037

1.492843,-3.835490,7.827582,15.644705,0.054814,-0.079659,-0.185459,7.680000,21.428037

-2.753527,-3.193625,5.894802,15.624117,-0.303045,-0.055944,-0.164409,7.680000,21.428037

-3.848051,1.610784,9.302915,15.641764,-0.258013,0.015201,-0.028779,7.680000,21.428037

-0.478258,-2.501464,11.709909,15.668234,0.213093,0.012803,0.065548,7.684000,21.428037

-1.625473,3.193892,6.543852,15.659410,-0.129045,0.063697,0.166804,7.684000,21.428037

1.679655,0.264784,6.086403,15.638823,0.135286,0.044778,0.367450,7.672000,21.428037

-2.964288,-0.616584,10.718371,15.638823,-0.252417,0.023195,0.440461,7.676000,21.428037

0.563575,5.538617,11.755415,15.641764,0.083858,0.242227,0.568097,7.672000,21.428037

0.393529,1.131781,11.161449,15.647646,-0.128779,-0.155335,0.572094,7.664000,21.428037

0.273778,6.913358,10.385464,15.641764,0.157668,0.106598,0.592345,7.664000,21.428037

-3.143915,-4.431849,10.984219,15.641764,-0.029655,-0.049549,0.718382,7.664000,21.428037

-7.270534,-5.557509,14.945580,15.635881,-1.077385,0.054638,0.858274,7.664000,21.428037

4.438717,11.490240,10.644126,15.644705,0.617316,0.578503,0.781800,7.664000,21.428037

1.030604,-1.418915,5.370292,15.621176,0.125426,-0.328269,0.508676,7.672000,21.428037

-7.871684,5.124278,5.145160,15.650587,-0.173544,0.580901,0.463110,7.672000,21.428037

-1.773964,-0.633349,12.222444,15.635881,-0.455462,0.131645,0.120440,7.676000,21.428037

3.633990,3.450159,8.423943,15.644705,0.222419,-0.002918,-0.041836,7.676000,21.428037

-5.081486,-1.052477,4.860153,15.638823,0.122495,0.175878,-0.255805,7.680000,21.428037

-3.910321,-4.074992,16.634069,15.632940,-1.340650,0.306711,-0.361857,7.676000,21.428037

1.648519,1.304222,11.357841,15.656469,0.395353,0.208653,-0.471373,7.680000,21.428037

0.707277,3.895633,10.323193,15.653528,-0.052038,0.087945,-0.652834,7.680000,21.428037

0.937198,4.551868,8.883786,15.647646,-0.305710,0.059967,-0.507346,7.676000,21.428037

3.531004,3.986644,9.997471,15.656469,0.561625,-0.228878,-0.471906,7.676000,21.428037

-1.769174,-3.459472,5.959467,15.638823,0.051083,-0.165727,-0.467909,7.668000,21.428037

-0.844696,2.470596,12.090717,15.638823,-0.214313,-0.242735,-0.189723,7.668000,21.428037

1.274896,2.118529,9.094548,15.635881,0.059877,-0.290165,0.010124,7.672000,21.428037

-1.515302,13.463737,2.891447,15.629999,0.054814,0.088745,0.009325,7.672000,21.428037

0.149237,-6.568207,11.204560,15.644705,0.238140,-0.479353,0.155613,7.668000,21.428037

0.982704,3.332803,8.732900,15.647646,-0.239627,0.189201,0.320553,7.672000,10.776932

-0.801586,4.432117,6.060058,15.635881,-0.416292,0.188402,0.147619,7.672000,10.776932

0.352814,3.011871,16.162251,15.647646,-0.312371,0.038383,0.163873,7.676000,10.776932

-1.297355,0.861143,11.326706,15.641764,-0.075486,-0.019972,0.040501,7.676000,10.776932

-1.105753,-2.678696,8.601173,15.627058,-0.189532,0.138573,-0.051162,7.684000,10.776932

-2.370324,-0.089679,14.873730,15.650587,-0.312904,0.280065,0.066881,7.676000,10.776932

-0.298632,5.335040,9.971126,15.641764,0.161132,0.534004,0.024247,7.680000,10.776932

-0.298632,2.470596,6.218129,15.644705,0.067071,0.052239,-0.134831,7.672000,10.776932

1.181490,-1.929054,8.687394,15.629999,0.018841,0.081550,0.011723,7.676000,10.776932

-2.379904,-0.693224,11.216536,15.635881,-0.395508,0.213183,0.010124,7.672000,10.776932

1.753900,1.103040,12.866704,15.632940,-0.131976,0.144435,0.192651,7.668000,10.776932

1.073714,4.949442,6.778563,15.635881,0.259990,0.426886,0.175065,7.672000,10.776932

-1.991910,2.293365,4.323669,15.618235,-0.247088,0.111927,-0.020785,7.668000,10.776932

1.167120,1.409603,11.197375,15.627058,0.419601,0.115924,0.148685,7.664000,10.776932

-2.878068,-0.015434,5.425378,15.647646,0.237341,0.312840,0.111646,7.672000,10.776932

-4.631222,4.594979,6.488766,15.635881,-0.374191,0.239296,0.047429,7.668000,10.776932

0.831818,3.107671,12.598461,15.621176,0.050018,0.155893,0.189187,7.668000,10.776932

-0.459098,5.193734,7.489884,15.644705,0.130756,0.217446,0.179594,7.672000,10.776932

-2.049391,3.294483,9.992681,15.632940,-0.366730,0.058368,0.033040,7.672000,10.776932

-2.609826,1.792806,9.453801,15.644705,-0.287857,0.016267,0.060486,7.668000,10.776932

-2.303263,1.843101,18.071081,15.621176,-0.178874,0.103400,-0.019720,7.664000,10.776932

0.367184,6.796002,7.044411,15.638823,0.027102,-0.289898,-0.283517,7.672000,10.776932

-0.128585,-0.228591,8.337722,15.618235,0.319944,-0.293629,-0.252608,7.664000,10.776932

-0.475863,-2.144606,8.469448,15.621176,0.256792,0.024794,-0.366121,7.672000,21.163018

-2.118846,-4.192348,7.626400,15.627058,-0.356871,-0.191041,-0.448724,7.664000,21.163018

-1.084198,2.470596,6.867179,15.618235,-0.488770,0.014935,-0.450056,7.656000,21.163018

-0.782426,7.792330,12.243999,15.627058,-0.200191,0.219311,-0.561438,7.668000,21.163018

1.684445,0.734207,6.941425,15.627058,0.263454,-0.301090,-0.682412,7.664000,21.163018

-1.036298,-1.895524,6.127119,15.624117,-0.127180,-0.171323,-0.623257,7.656000,21.163018

-2.748737,-0.075309,9.046648,15.624117,-0.010736,-0.076995,-0.462580,7.664000,21.163018

-3.129545,3.083721,6.294770,15.618235,-0.254816,-0.100444,-0.306167,7.660000,21.163018

-1.326095,-0.583053,11.549443,15.624117,-0.017397,-0.282171,-0.148954,7.648000,21.163018

-0.935707,-2.259567,10.744717,15.621176,0.094250,-0.282704,0.086865,7.652000,21.163018

1.552718,5.634418,2.786066,15.624117,0.220820,-0.113500,0.149218,7.672000,21.163018

-2.612221,-5.945502,13.350498,15.629999,-0.983857,-0.311482,0.509741,7.664000,21.163018

-0.404013,13.712818,12.394885,15.624117,0.763871,0.526010,0.726375,7.672000,21.163018

4.524938,-3.215180,12.167358,15.609411,-0.221774,-0.671473,0.348532,7.672000,21.163018

1.073714,2.487362,6.915080,15.624117,0.286103,0.214249,0.397827,7.688000,21.163018

-2.097291,4.729100,8.505373,15.635881,0.305822,0.070092,0.192651,7.692000,21.163018

-0.648305,-1.560221,5.389452,15.624117,0.362578,-0.015975,0.128700,7.684000,21.163018

0.439034,1.002450,7.671906,15.632940,0.166462,0.102068,-0.007729,7.692000,21.163018

-0.183671,-2.999628,7.480304,15.627058,-0.040047,0.314438,-0.041569,7.692000,21.163018

0.803077,-1.165043,9.049043,15.647646,0.009515,0.300316,-0.073279,7.692000,21.163018

-1.019533,4.005804,9.360395,15.650587,0.270382,0.402105,-0.243282,7.688000,21.163018

2.276014,-0.738730,7.362948,15.621176,0.224817,0.036518,-0.372782,7.684000,21.163018

0.764757,3.615416,12.430810,15.624117,-0.300114,0.219045,-0.347202,7.680000,21.163018

1.205441,8.448565,10.387858,15.629999,0.396685,0.551590,-0.126837,7.680000,21.163018

-1.541647,0.089947,6.639653,15.624117,0.351120,-0.030630,-0.166274,7.680000,21.163018

-5.455109,0.767738,10.965058,15.635881,-0.195661,0.079152,-0.111916,7.676000,21.163018

-3.052904,4.092025,10.785432,15.632940,-0.358469,0.240895,-0.121242,7.684000,21.163018

-2.166747,4.020175,7.415639,15.641764,0.085723,0.321367,-0.131367,7.680000,21.163018

-3.606153,1.706585,8.531718,15.632940,-0.262277,0.123385,-0.224896,7.680000,21.163018

-2.549950,2.872960,10.390254,15.627058,-0.157290,0.066895,-0.344271,7.684000,21.163018

-0.547714,-1.730268,11.844030,15.615294,-0.103198,-0.180382,-0.284050,7.684000,21.163018

2.139498,5.476346,13.077465,15.638823,0.199503,-0.045019,-0.276056,7.684000,21.163018

1.432967,2.693333,7.736571,15.615294,0.059344,-0.118297,-0.457251,7.688000,21.163018

2.666403,1.028795,5.995392,15.615294,0.069736,-0.187044,-0.469775,7.680000,21.163018

1.001864,-0.223800,6.024133,15.635881,0.045488,-0.017840,-0.499885,7.680000,21.163018

-0.241151,-2.745756,14.179174,15.629999,-0.359802,-0.149739,-0.608335,7.676000,21.163018

-2.092501,-2.055990,21.570206,15.615294,0.282106,0.182273,-0.833762,7.684000,21.163018

0.245038,3.847733,7.391689,15.618235,0.396152,-0.184646,-0.789530,7.684000,21.163018

0.439034,12.699725,-2.722479,15.618235,0.220021,-0.223016,-0.928890,7.676000,21.163018

4.630319,-6.927460,17.489092,15.635881,-0.466653,-0.587537,-0.454586,7.680000,21.163018

-1.680558,8.506046,15.345549,15.621176,0.251197,-0.062872,-0.510010,7.684000,21.163018

4.536913,9.375438,2.534589,15.618235,0.632238,-0.489479,-0.709857,7.684000,21.163018

0.721647,7.852205,-0.473555,15.627058,0.107573,-0.384226,-0.535857,7.676000,21.163018

3.097506,-4.290544,11.357841,15.618235,0.134220,-0.259255,-0.059156,7.680000,21.163018

-1.129703,2.204749,9.168794,15.627058,-0.276399,-0.236073,-0.004531,7.688000,21.163018

3.169357,-1.382990,15.213823,15.632940,-0.149563,-0.115632,0.120973,7.688000,21.163018

0.563575,7.950401,15.707197,15.647646,0.099580,0.285661,0.140957,7.692000,10.965895

0.259408,8.082128,3.308180,15.624117,1.483586,-0.176385,0.068480,7.696000,10.965895

-6.777159,-4.903668,4.850573,15.603529,-0.629195,-0.347721,0.060752,7.688000,10.965895

-2.205067,-4.314494,15.300044,15.618235,-0.396041,-0.029565,0.149484,7.680000,10.965895

-2.257758,-5.957477,10.136381,15.600588,0.088655,-0.290964,-0.231557,7.680000,10.965895

-5.536540,0.683912,9.381950,15.621176,-0.546059,0.373327,0.047695,7.676000,10.965895

2.017352,1.948482,8.517348,15.606470,-0.500228,-0.040490,-0.073279,7.664000,10.965895

-2.478099,0.358189,11.582973,15.615294,0.010848,0.391979,0.207839,7.664000,10.965895

-0.842301,2.264625,5.217011,15.612352,0.449978,0.260347,0.035705,7.680000,10.965895

-4.267179,4.513548,2.735771,15.612352,0.138483,0.099936,-0.254207,7.676000,10.965895

-2.679281,3.318433,12.095508,15.618235,-0.561514,-0.082591,-0.240084,7.672000,10.965895

0.656981,10.117894,9.609477,15.588821,0.696988,0.100203,0.133230,7.680000,10.965895

-5.270692,-4.580341,10.440549,15.612352,-0.149563,-0.188909,0.150017,7.684000,10.965895

-4.808454,-0.166320,17.321440,15.615294,-0.568708,-0.064738,0.083135,7.680000,10.965895

-3.280431,12.057859,9.841794,15.618235,-0.057633,0.276867,0.287512,7.688000,10.965895

-2.791847,0.056417,8.038344,15.600588,-0.034451,0.108729,0.401291,7.684000,10.965895

-5.503009,-1.397360,12.761323,15.629999,-0.669165,-0.049016,0.370648,7.680000,10.965895

1.749110,5.509876,7.865902,15.621176,0.160866,-0.117764,0.237417,7.680000,10.965895

0.685721,-5.605409,6.184599,15.603529,-0.143701,-0.499071,0.071411,7.672000,10.965895

-1.563202,1.306617,11.123130,15.609411,-0.268672,-0.100710,0.013055,7.668000,10.965895

-1.316515,0.430040,15.034197,15.597647,0.127558,-0.142545,-0.180130,7.672000,10.965895

-0.291447,2.271810,8.984377,15.594706,0.015377,-0.059675,-0.242482,7.680000,10.965895

-1.836234,4.357872,6.227709,15.615294,0.172057,-0.020238,-0.242749,7.684000,10.965895

0.764757,2.911280,10.510005,15.632940,-0.179673,-0.089252,-0.148954,7.676000,21.622499

-1.544042,0.990474,8.443103,15.615294,0.148875,-0.128955,-0.137762,7.684000,21.622499

-3.972592,3.936348,7.820397,15.621176,-0.189266,0.130579,-0.026648,7.680000,21.622499

-1.860184,4.336317,9.753179,15.615294,-0.261477,-0.026633,-0.133233,7.684000,21.622499

-0.677045,3.428604,12.636782,15.624117,0.082259,-0.147341,-0.142026,7.684000,21.622499

1.789825,2.180799,7.657536,15.624117,0.027901,-0.058609,0.006127,7.680000,21.622499

0.982704,2.463411,9.413086,15.603529,-0.451998,0.104466,-0.047698,7.684000,21.622499

0.601896,8.324024,14.289346,15.615294,0.112370,0.244092,-0.132433,7.684000,21.622499

1.981427,2.664593,6.373806,15.618235,0.652489,-0.185179,-0.194252,7.680000,21.622499

0.726437,-2.479909,5.952282,15.627058,-0.235097,-0.193705,-0.127370,7.684000,21.622499

-1.546437,-1.907499,12.033237,15.609411,-0.666234,0.119388,-0.036240,7.680000,21.622499

-3.086434,-5.641335,13.865427,15.615294,-0.256681,0.083149,-0.023450,7.680000,21.622499

-1.242269,6.252333,8.646679,15.603529,-0.204987,0.206255,0.179861,7.676000,21.622499

2.364630,6.563685,6.723478,15.609411,0.545638,0.018132,0.055423,7.672000,21.622499

-2.389484,-4.642612,7.202482,15.597647,-0.258546,-0.124425,0.251273,7.672000,21.622499

-3.704349,-4.307309,13.388818,15.618235,-0.382984,-0.328535,0.495885,7.664000,21.622499

0.834213,10.448407,10.363909,15.618235,0.000722,0.050374,0.671751,7.668000,21.622499

1.842516,0.377349,7.568920,15.618235,0.536844,-0.123626,0.557438,7.668000,21.622499

-6.209540,-1.335090,7.276728,15.603529,-0.135174,-0.047418,0.518268,7.668000,21.622499

-1.098568,7.653419,8.785590,15.594706,-0.248687,0.076221,0.574758,7.668000,21.622499

2.838844,3.270533,11.508728,15.618235,0.067604,-0.384493,0.385836,7.680000,21.622499

1.303637,4.753050,9.645403,15.609411,-0.108261,-0.110836,0.321885,7.680000,21.622499

-2.839747,6.405614,10.737532,15.609411,-0.037382,0.233700,0.006927,7.684000,21.638436

2.170634,4.286021,5.593029,15.621176,0.236808,-0.172921,-0.142559,7.684000,21.638436

-0.075895,-3.988771,11.005774,15.618235,-0.246555,-0.430324,-0.053294,7.684000,21.638436

-1.141679,1.359308,10.208232,15.609411,-0.313704,0.075688,0.047429,7.668000,21.638436

1.056949,5.624837,7.956913,15.594706,0.412673,0.215847,-0.030911,7.676000,21.638436

0.331258,-3.567248,3.660248,15.606470,0.184315,-0.230477,0.061552,7.668000,21.638436

-6.690939,-4.283359,14.339641,15.609411,-0.414959,-0.033029,0.024247,7.672000,21.638436

1.193465,5.181759,15.352734,15.612352,-0.056834,0.001345,0.027977,7.672000,21.638436

-0.665070,1.653895,8.297007,15.606470,0.788119,-0.184113,-0.252341,7.676000,21.638436

0.987494,2.547237,6.661208,15.609411,0.093717,-0.336796,-0.304301,7.676000,21.638436

1.547928,-0.156740,10.119617,15.585880,-0.056567,-0.132419,-0.128436,7.680000,21.638436

1.962267,5.933795,11.341076,15.624117,-0.252950,0.035186,-0.110583,7.676000,21.638436

2.347865,10.333446,6.445656,15.615294,0.398284,0.083682,-0.143358,7.676000,21.638436

1.262921,-0.733940,9.269384,15.618235,0.028967,-0.104973,-0.246746,7.680000,21.638436

-0.574059,0.640802,9.884905,15.612352,0.095316,0.041847,-0.460715,7.688000,21.638436

2.065253,5.893080,7.535390,15.585880,-0.205786,-0.130287,-0.360792,7.684000,21.638436

3.559745,3.687266,9.120893,15.603529,0.139016,-0.018107,-0.209441,7.688000,21.638436

0.539625,2.987921,5.724755,15.603529,0.230679,0.088745,-0.103122,7.684000,21.638436

-2.341583,-3.105009,11.762600,15.606470,-0.260145,0.075155,-0.099392,7.680000,21.638436

-3.201395,2.700518,6.191784,15.618235,0.336731,-0.005050,-0.171070,7.688000,21.638436

-1.419501,-4.321679,3.075863,15.600588,-0.431214,-0.392486,-0.107919,7.680000,21.638436

-1.306935,-0.513598,11.312336,15.591763,-0.391777,0.134843,0.123904,7.680000,21.638436

-0.229176,1.172496,12.457155,15.609411,-0.118387,0.102334,0.167604,7.680000,21.638436

1.758690,4.750655,10.023815,15.606470,0.126226,0.030656,0.256069,7.684000,21.771771

2.220929,-0.257331,8.859837,15.615294,0.453175,-0.070067,0.231555,7.684000,21.771771

-2.396669,4.844061,7.348578,15.600588,-0.102399,0.163621,0.294973,7.676000,21.771771

1.777850,0.688702,12.471525,15.591763,0.433990,0.031722,0.565699,7.684000,21.771771

-0.102240,2.051468,3.818320,15.615294,0.054547,-0.034894,0.638443,7.676000,21.771771

-1.740433,5.342225,5.827741,15.609411,0.459037,0.018132,0.341604,7.684000,21.771771

0.410294,0.734207,14.025893,15.606470,0.161932,0.039982,0.369849,7.684000,21.771771

-1.100963,-0.587843,9.590317,15.606470,0.244535,0.054904,0.319754,7.692000,21.771771

-6.523287,5.883500,6.378595,15.600588,-0.400304,0.001612,0.095659,7.684000,21.771771

-2.964288,6.326578,6.448051,15.609411,0.035629,0.285394,0.049028,7.684000,21.771771

0.194742,-2.008090,7.312653,15.600588,-0.063229,-0.340793,0.059153,7.680000,21.771771

-3.809730,-1.129118,11.470407,15.600588,-0.304111,-0.136949,0.153481,7.684000,21.771771

-1.024323,-1.775773,13.930093,15.603529,-0.089076,0.117256,0.139625,7.688000,21.771771

1.090480,2.422696,10.409413,15.606470,-0.010203,0.160157,0.094060,7.688000,21.771771

0.383949,4.283627,5.681645,15.609411,-0.017664,0.087146,-0.074611,7.680000,21.771771

-0.051945,-0.075309,11.798525,15.612352,-0.112791,-0.085255,-0.142559,7.676000,21.771771

1.950292,3.802227,8.021579,15.591763,0.298893,0.125517,-0.219566,7.676000,21.771771

0.783917,3.337594,8.835886,15.609411,0.024704,0.004809,-0.470308,7.672000,21.771771

1.959872,0.480335,11.451247,15.603529,-0.095471,-0.216888,-0.366654,7.672000,21.771771

1.823356,6.946888,10.344748,15.606470,-0.072022,-0.059941,-0.131634,7.676000,21.771771

3.966898,1.701795,5.217011,15.594706,0.791583,-0.155601,-0.106320,7.676000,21.771771

-2.042206,-6.058068,11.867981,15.615294,-0.638255,-0.165993,-0.086069,7.680000,21.771771

-1.038693,11.878233,6.649232,15.618235,0.400949,0.232102,-0.125239,7.684000,21.799867

0.381554,0.669542,8.004814,15.612352,-0.127180,-0.189975,-0.150286,7.680000,21.799867

2.493961,4.594979,9.844189,15.603529,-0.156757,0.005609,0.003729,7.680000,21.799867

1.018629,0.794083,8.922107,15.606470,0.005518,0.172414,0.095126,7.680000,21.799867

-0.660280,2.355635,6.986930,15.606470,0.058278,0.077553,-0.021585,7.684000,21.799867

-0.368087,2.482572,7.018065,15.618235,0.267717,-0.006649,-0.056758,7.680000,21.799867

0.199532,-4.728832,8.390412,15.629999,-0.156224,-0.050615,0.003196,7.680000,21.799867

-0.552504,1.857471,12.126643,15.615294,-0.381652,0.198527,0.127901,7.684000,21.799867

1.581459,4.781791,10.311218,15.600588,-0.068825,0.064230,0.102853,7.680000,21.799867

2.422111,4.290812,11.956596,15.618235,0.398817,-0.073531,0.010124,7.676000,21.799867

2.005377,0.406090,5.099655,15.609411,0.527518,-0.048217,0.125769,7.676000,21.799867

-4.489916,-3.576828,8.050320,15.591763,-0.441872,-0.068202,0.238483,7.676000,21.799867

-3.043324,0.731812,10.857283,15.609411,-0.240160,0.108729,0.312293,7.672000,21.799867

-0.710575,0.530631,13.963623,15.597647,-0.270004,0.318702,0.429003,7.672000,21.799867

-3.881581,1.543724,8.000024,15.609411,-0.530071,0.164154,0.420743,7.668000,21.799867

1.334772,9.296402,11.539863,15.594706,0.051083,0.270206,0.445257,7.672000,21.799867

0.096547,4.369847,3.126159,15.588821,0.365243,0.151896,0.398360,7.672000,21.799867

-6.135294,-5.971847,13.870217,15.603529,-0.757097,-0.330934,0.358657,7.668000,21.799867

-4.513866,0.707862,6.634862,15.597647,-0.239894,0.021063,0.098057,7.676000,21.799867

-3.742670,2.870565,14.200729,15.594706,-0.217244,0.224374,0.083668,7.676000,21.799867

0.096547,4.824901,15.156343,15.588821,-0.138638,0.247290,0.004795,7.676000,21.799867

5.305714,6.963653,8.529324,15.585880,0.655953,-0.187044,-0.186259,7.680000,21.799867

-0.988397,-0.104050,7.200087,15.582939,0.306354,0.006941,-0.272326,7.684000,21.799867

-1.687743,-0.484858,6.862390,15.594706,-0.048041,-0.025035,-0.417282,7.684000,21.799867

-1.103358,-0.650114,9.283754,15.594706,0.295429,0.001079,-0.563037,7.680000,21.546907

-1.503326,-2.245197,7.818002,15.585880,-0.079483,-0.036226,-0.501217,7.676000,21.546907

-2.485285,-0.381872,12.064372,15.603529,-0.288923,0.049575,-0.601141,7.680000,21.546907

-0.655490,2.073023,13.719331,15.612352,-0.256947,-0.072731,-0.485230,7.672000,21.546907

3.102296,3.462135,13.719331,15.585880,0.312217,-0.164661,-0.463113,7.676000,21.546907

1.090480,9.835281,6.613307,15.585880,0.493944,-0.061540,-0.426874,7.680000,21.546907

3.986058,5.569752,9.125683,15.588821,0.197105,-0.133485,-0.151086,7.680000,21.546907

1.686840,-1.960190,6.072033,15.609411,0.135286,-0.321607,-0.013591,7.680000,21.546907

-3.143915,-3.181650,7.712621,15.571175,-0.392843,-0.094315,-0.208641,7.676000,21.546907

-0.363297,2.470596,13.992363,15.609411,-0.082148,-0.074330,-0.175334,7.684000,21.546907

0.884508,4.927886,4.836203,15.597647,-0.160754,-0.023969,-0.328816,7.680000,21.546907

1.231786,-3.059504,11.611713,15.603529,-0.139704,-0.237672,-0.346669,7.680000,21.546907

-0.078290,1.380862,9.954360,15.597647,-0.373125,-0.079127,-0.229159,7.676000,21.546907

0.233063,1.103040,14.806669,15.594706,-0.197793,0.216913,-0.088467,7.684000,21.546907

4.261486,4.606954,7.944938,15.588821,0.168860,0.046644,-0.106586,7.684000,21.546907

-0.744105,5.881104,6.656418,15.582939,0.032697,0.043446,0.094326,7.684000,21.546907

0.039066,-0.690829,7.221642,15.609411,0.029500,-0.201433,0.185723,7.680000,21.546907

-1.232689,-3.258290,8.804750,15.594706,-0.170347,-0.171323,0.374378,7.672000,21.546907

-2.679281,5.763749,12.284714,15.606470,0.082526,0.213183,0.536121,7.680000,21.546907

1.943107,-0.803395,9.537626,15.603529,0.073200,-0.002918,0.686140,7.680000,21.546907

-3.891161,-1.153068,5.715175,15.588821,-0.028589,0.122586,0.708789,7.676000,21.546907

-2.494864,5.232054,8.459867,15.597647,0.049485,0.099403,0.712519,7.680000,21.546907

-0.334557,0.157008,12.124248,15.594706,-0.283594,-0.044220,0.684541,7.672000,21.546907

-1.326095,7.195970,13.800761,15.594706,-0.030454,0.264876,0.681343,7.676000,21.579355

4.467457,6.075101,7.063571,15.597647,0.411341,0.027725,0.625120,7.680000,21.579355

-3.177445,3.522010,5.844506,15.594706,0.118232,0.059700,0.448455,7.680000,21.579355

-3.460057,-2.688276,11.942226,15.582939,-0.247888,-0.026101,0.249408,7.684000,21.579355

-0.260311,4.918307,12.243999,15.597647,-0.224972,0.063964,0.496685,7.680000,21.579355

-0.930917,4.381822,6.862390,15.582939,0.200835,0.333624,0.367450,7.684000,21.579355

-0.107030,3.292088,12.105087,15.577057,0.181384,-0.329868,0.033306,7.684000,21.579355

2.144288,7.356437,7.784472,15.579998,0.297295,0.071958,0.123104,7.692000,21.579355

1.641334,3.500455,8.196416,15.585880,0.166728,-0.124159,-0.018920,7.688000,21.579355

3.190912,-0.853691,6.943820,15.574116,0.151273,-0.221151,-0.145756,7.680000,21.579355

-3.670819,-2.999628,12.603251,15.582939,-0.078417,0.027458,-0.202779,7.680000,21.579355

1.516793,4.961417,8.419152,15.582939,-0.058699,0.070625,-0.221165,7.680000,21.579355

0.685721,1.869447,13.209191,15.585880,0.013246,0.062898,-0.292577,7.684000,21.579355

0.254618,4.487203,9.580737,15.577057,0.067871,-0.064738,-0.374648,7.672000,21.579355

3.535795,2.990316,6.311535,15.588821,0.139815,-0.008780,-0.363989,7.676000,21.579355

2.656822,-0.573473,8.917316,15.591763,0.035362,-0.028765,-0.321622,7.676000,21.579355

-1.024323,6.060731,9.928015,15.594706,-0.237495,0.064230,-0.388237,7.676000,21.579355

0.348024,3.167547,9.420271,15.597647,-0.366463,-0.061007,-0.508145,7.676000,21.579355

-0.825536,-2.084731,7.396479,15.594706,0.066538,-0.100177,-0.646439,7.680000,21.579355

-1.874555,1.443133,8.011999,15.574116,-0.500760,-0.073797,-0.425808,7.676000,21.579355

1.646124,3.050191,9.635822,15.556469,0.231745,-0.168658,-0.273925,7.680000,21.579355

-0.008834,0.949759,6.661208,15.585880,-0.216978,0.005875,-0.116712,7.676000,21.579355

-0.267496,3.754327,7.152187,15.600588,-0.492500,-0.004784,0.013055,7.680000,21.792683

-0.902177,5.699083,15.747912,15.571175,0.057478,0.137507,0.155080,7.676000,21.792683

1.210231,-0.935121,11.947017,15.591763,0.650357,-0.196370,0.127368,7.680000,21.792683

-0.830326,-1.605727,12.241604,15.612352,0.374302,-0.382894,0.138026,7.692000,21.792683

-1.944010,2.995106,2.074745,15.582939,-0.329958,-0.080725,0.346933,7.684000,21.792683

-2.976264,-3.778010,10.720766,15.574116,-0.342482,-0.197969,0.538786,7.684000,21.792683

-1.417106,0.985684,8.984377,15.594706,-0.039514,0.039716,0.646970,7.680000,21.792683

-1.436266,-1.495556,14.792299,15.577057,0.000455,0.009339,0.505212,7.684000,21.792683

-0.638724,1.220396,15.510805,15.577057,0.486217,-0.004784,0.418078,7.688000,21.792683

-2.456544,2.901700,8.730505,15.585880,0.185380,0.166818,0.348798,7.688000,21.792683

-3.440897,7.509718,5.676855,15.571175,0.343926,0.321100,0.264596,7.684000,21.792683

-3.625314,0.968919,8.244316,15.588821,-0.239094,-0.051681,0.188121,7.684000,21.792683

-3.371442,-2.254777,12.255974,15.582939,-0.012868,0.154827,0.296838,7.692000,21.792683

-3.687584,4.748260,2.503454,15.597647,0.000722,0.429817,0.054623,7.692000,21.792683

-4.195329,13.063768,-0.320274,15.591763,-0.276665,0.242494,-0.237419,7.684000,21.792683

1.933527,-12.103097,18.940474,15.600588,0.007650,-0.062872,-0.013324,7.692000,21.792683

2.553837,7.674974,7.583290,15.588821,-0.416292,0.025060,-0.239285,7.684000,21.792683

5.253024,-2.527809,18.959633,15.579998,0.154737,0.087412,-0.165475,7.688000,21.792683

3.492684,6.891803,7.597661,15.585880,0.509665,0.405036,-0.464445,7.684000,21.792683

-3.773805,4.300392,3.126159,15.597647,0.302357,0.121520,-0.589416,7.688000,21.792683

-3.129545,-4.065412,6.570197,15.588821,-0.372858,-0.406342,-0.521202,7.676000,21.792683

0.692906,-2.163766,11.223721,15.579998,-0.710466,-0.147341,-0.416482,7.676000,21.792683

1.638939,8.036622,10.301638,15.594706,-0.040313,0.287259,-0.419946,7.672000,21.792683

-0.547714,-2.082336,7.164162,15.579998,0.344192,-0.363442,-0.561971,7.668000,22.005143

-1.939220,-1.382990,11.798525,15.585880,-0.470384,-0.093782,-0.336011,7.672000,22.005143

2.276014,8.431800,4.285348,15.577057,0.460636,-0.260588,-0.303236,7.676000,22.005143

-1.932035,-7.392094,8.529324,15.571175,-0.042179,-0.231810,-0.008528,7.676000,22.005143

-0.732130,7.392362,11.278806,15.579998,0.259191,0.169483,0.060486,7.684000,22.005143

0.982704,13.434996,10.759087,15.579998,-0.090941,0.195330,0.034372,7.692000,22.005143

3.873492,-1.485976,10.284873,15.582939,0.298361,-0.241136,0.110048,7.696000,22.005143

-2.676886,8.290494,9.456196,15.571175,0.339929,0.311507,0.112712,7.696000,22.005143

-1.508116,-8.553679,9.247829,15.588821,-0.364865,-0.135350,0.011989,7.692000,22.005143

-1.582362,5.514667,11.475198,15.582939,-0.444004,0.053039,0.004795,7.692000,22.005143

-0.327372,3.201077,10.251343,15.588821,0.538443,0.009339,-0.084736,7.688000,22.005143

0.443824,-4.175583,11.230906,15.585880,-0.417891,-0.329868,-0.033309,7.672000,22.005143

-1.771569,2.154454,7.463539,15.577057,-0.098402,0.089011,0.069012,7.676000,22.005143

0.774337,0.336634,11.547048,15.591763,0.519791,0.013069,0.122038,7.676000,22.005143

1.059344,1.771251,6.414521,15.571175,-0.164751,-0.100976,0.053824,7.672000,22.005143

-0.329767,-2.927778,6.234894,15.568233,-0.037649,0.159357,0.073276,7.676000,22.005143

-6.144874,6.400824,10.210628,15.577057,0.076664,0.410365,-0.152951,7.680000,22.005143

1.250946,1.234766,14.528848,15.579998,-0.001943,-0.266183,-0.312562,7.676000,22.005143

1.823356,5.569752,7.762917,15.568233,0.141681,0.100736,-0.184127,7.676000,22.005143

-2.648146,2.477782,9.638218,15.553528,0.140348,0.139106,-0.255272,7.680000,22.005143

-2.763107,-3.607963,10.090877,15.588821,-0.420022,0.062898,-0.223563,7.684000,22.005143

-0.411198,11.351329,7.382109,15.565292,-0.140770,0.536668,-0.035707,7.684000,22.005143

-1.591942,5.277560,12.021262,15.591763,0.254927,0.542530,-0.138295,7.688000,22.005143

-2.827772,0.925809,7.106681,15.559410,0.255194,-0.346655,-0.275790,7.688000,21.780888

-3.572623,-4.115707,9.147239,15.568233,-0.429082,-0.332799,-0.228093,7.688000,21.780888

-1.529672,1.917347,11.063254,15.597647,-0.469851,-0.020505,-0.136164,7.684000,21.780888

0.870138,5.864339,13.532519,15.574116,0.329270,0.109262,-0.251808,7.688000,21.780888

1.169515,-3.538508,6.333090,15.574116,0.055613,-0.559292,-0.378911,7.692000,21.780888

-0.564479,0.367769,9.693303,15.565292,-0.397906,-0.006382,-0.195851,7.680000,21.780888

-0.724945,5.325460,10.107641,15.574116,0.190976,0.271805,-0.366920,7.688000,21.780888

-2.564320,1.859866,8.392807,15.600588,0.210428,-0.288300,-0.505214,7.680000,21.780888

1.459313,0.746182,8.639494,15.591763,0.299160,-0.457237,-0.457784,7.684000,21.780888

2.347865,1.055140,10.538745,15.579998,-0.267339,-0.217154,-0.272326,7.676000,21.780888

1.076110,1.950877,12.586487,15.577057,0.164330,-0.070866,-0.015190,7.680000,21.780888

1.066530,6.051151,10.933923,15.582939,0.056146,-0.181182,-0.107652,7.680000,21.780888

1.250946,2.482572,8.186835,15.574116,0.095849,-0.134551,-0.077275,7.676000,21.780888

0.082176,3.186707,9.734018,15.585880,0.077197,-0.296826,-0.090865,7.676000,21.780888

2.539467,6.077496,9.530441,15.585880,0.381763,-0.181715,-0.090066,7.688000,21.780888

-1.532067,-1.433285,10.375883,15.585880,0.065206,-0.165460,-0.149487,7.684000,21.780888

-1.120123,5.646392,6.428891,15.574116,0.150474,-0.071399,-0.085003,7.688000,21.780888

-0.909362,0.358189,6.031318,15.579998,-0.106662,-0.179316,-0.006663,7.688000,21.780888

-2.851722,-2.412848,10.133986,15.591763,-0.379786,0.082083,-0.024782,7.684000,21.780888

-2.674491,-3.351696,10.969849,15.577057,-0.734981,-0.215822,-0.159879,7.680000,21.780888

-3.718719,1.919742,13.977993,15.600588,-0.449333,0.229703,-0.041303,7.680000,21.780888

3.760927,2.446646,12.117063,15.594706,0.006051,0.070359,0.006927,7.684000,21.780888

3.444784,4.017779,7.209667,15.577057,0.469962,0.123651,0.029576,7.680000,21.780888

-2.437384,-6.014957,10.486054,15.588821,-0.276133,-0.243001,-0.005064,7.676000,21.780888

-1.797914,4.434513,15.613791,15.600588,-0.049639,0.270739,0.183591,7.684000,21.730375

0.956359,6.630745,6.960585,15.594706,0.286103,0.249688,0.107916,7.676000,21.730375

-1.045878,1.304222,7.664721,15.582939,0.182716,-0.196637,-0.084203,7.668000,21.730375

-1.299750,-1.117143,11.187795,15.597647,-0.284659,-0.166793,0.156412,7.676000,21.730375

-1.498536,1.522169,10.972243,15.582939,-0.430947,0.207054,0.374645,7.668000,21.730375

-4.425251,9.162281,7.238408,15.585880,0.000455,0.332824,0.367717,7.672000,21.730375

-0.238756,1.639525,7.269543,15.585880,0.067071,-0.012244,0.266994,7.668000,21.730375

-5.138966,0.813243,8.529324,15.579998,0.324740,0.003210,0.270458,7.684000,21.730375

-4.547396,3.179522,6.951005,15.577057,-0.222041,-0.163062,0.191585,7.680000,21.730375

-2.758317,1.883817,11.647639,15.579998,0.464633,0.074356,0.073009,7.692000,21.730375

-5.225187,4.072865,6.340275,15.577057,-0.170347,-0.280572,-0.021318,7.692000,21.730375

3.883072,1.821546,5.813371,15.582939,0.390024,-0.263785,0.118308,7.688000,21.730375

-2.760712,-3.960031,11.149475,15.556469,-0.423486,-0.198502,0.250207,7.688000,21.730375

-1.706903,-1.430890,11.604528,15.594706,-0.447734,0.119654,0.348798,7.684000,21.730375

1.145565,3.821388,8.711345,15.574116,0.015644,0.237697,0.245944,7.676000,21.730375

-2.856513,5.981695,6.242079,15.574116,-0.259878,0.086880,0.018385,7.672000,21.730375

3.001705,-2.575710,16.076029,15.571175,-0.229235,-0.302689,0.003463,7.664000,21.730375

1.351537,3.486085,11.194981,15.574116,0.324474,-0.156667,-0.043435,7.672000,21.730375

-0.078290,2.255045,8.644284,15.565292,0.143279,-0.213690,-0.135364,7.676000,21.730375

2.489171,3.773487,9.774734,15.574116,0.086523,-0.017574,0.041567,7.680000,21.730375

1.555114,5.591307,10.081296,15.577057,-0.030454,0.079952,0.170801,7.680000,21.730375

1.569484,4.477623,7.667116,15.562351,0.541907,-0.050082,0.130299,7.672000,21.730375

-0.763265,1.285062,8.986773,15.577057,-0.459192,0.141238,0.185457,7.680000,21.730375

-1.163234,0.820428,13.084651,15.585880,0.109972,0.192132,0.164939,7.680000,21.261819

-0.720155,2.209539,11.058464,15.577057,-0.531404,0.059434,-0.056758,7.676000,21.261819

0.491725,6.621165,6.694738,15.574116,-0.745639,0.278200,-0.041037,7.664000,21.261819

5.614672,-3.013998,4.711662,15.574116,0.145411,0.276867,0.126035,7.676000,21.261819

-0.782426,-0.554313,9.604687,15.574116,-0.581499,0.455397,0.119374,7.680000,21.261819

-0.660280,7.926451,6.757009,15.577057,0.332468,0.357339,-0.079141,7.676000,21.261819

0.877323,1.287457,5.073310,15.562351,-0.271336,-0.058875,-0.186792,7.672000,21.261819

-0.145350,-0.300441,10.979428,15.582939,0.064939,0.311774,-0.092730,7.672000,21.261819

0.654586,-1.344670,10.521979,15.579998,-0.064561,0.244092,-0.104988,7.676000,21.261819

-1.014742,2.197564,14.995876,15.571175,0.042290,0.406368,-0.038905,7.676000,21.261819

-3.737880,6.017621,5.794210,15.568233,0.357782,0.490570,-0.191854,7.676000,21.261819

-1.225504,-5.406622,8.373647,15.571175,-0.251085,-0.122293,-0.345070,7.668000,21.261819

2.034117,2.590347,8.864626,15.565292,-0.272935,0.186004,0.035971,7.660000,21.261819

-1.486561,6.214012,7.355763,15.568233,-0.008871,0.445805,-0.030112,7.664000,21.261819

-2.358348,-0.702804,6.012157,15.574116,-0.215113,0.206521,-0.264865,7.660000,21.261819

-5.270692,-1.660812,13.956438,15.588821,-0.231900,0.317103,-0.351465,7.660000,21.261819

-4.305500,6.439144,5.542734,15.585880,-0.080549,0.377857,-0.407156,7.672000,21.261819

2.132313,4.571029,4.939188,15.594706,0.161399,-0.065271,-0.647505,7.668000,21.261819

-0.205226,-2.963703,11.750625,15.585880,-0.546858,0.018132,-0.597943,7.676000,21.261819

-1.304540,6.944493,11.594949,15.565292,0.265852,0.242760,-0.467377,7.684000,21.261819

-1.632658,5.557777,5.061335,15.574116,0.281573,-0.345056,-0.482298,7.680000,21.261819

-1.213529,-0.987812,12.871494,15.565292,-0.056834,-0.416202,-0.427940,7.684000,21.261819

1.226996,0.257598,11.568604,15.574116,0.210161,-0.102842,-0.421545,7.684000,21.261819

3.370538,0.921019,8.014394,15.574116,-0.025658,-0.257923,-0.409821,7.676000,21.261819

1.212626,1.706585,10.486054,15.574116,-0.152227,-0.074597,-0.505747,7.672000,21.023988

0.388739,0.609666,10.967453,15.594706,0.036428,-0.326937,-0.845220,7.676000,21.023988

1.260526,7.109749,11.309941,15.594706,0.388425,-0.137482,-0.728776,7.676000,21.023988

2.412530,7.641444,8.811935,15.597647,0.451044,-0.404477,-0.678415,7.672000,21.023988

3.559745,0.142637,8.811935,15.597647,0.232278,-0.439384,-0.268862,7.680000,21.023988

-0.612379,0.573741,9.870534,15.621176,-0.044310,-0.244866,-0.112182,7.680000,21.023988

-0.562084,12.021935,-0.090352,15.635881,0.926679,0.023195,0.028777,7.680000,21.023988

-3.450477,-6.371816,8.646679,15.632940,-0.468252,-0.637898,-0.049563,7.684000,21.023988

1.488053,5.258399,4.158412,15.644705,0.587739,-0.070067,0.153481,7.688000,21.023988

-2.188302,2.207144,5.343947,15.656469,-0.507156,-0.102842,0.351996,7.684000,21.023988

-1.385971,0.911439,16.116745,15.674116,-0.244424,-0.102842,0.234752,7.688000,21.023988

-0.861461,6.252333,8.045529,15.682940,0.897102,0.077020,-0.034908,7.684000,21.023988

-2.109267,-2.709831,9.884905,15.694704,-0.849027,-0.508131,-0.205444,7.684000,21.023988

1.935922,-3.651073,15.944304,15.694704,-0.058166,-0.033295,-0.122041,7.680000,21.023988

-0.942892,6.221197,7.655141,15.712351,0.614119,0.667768,-0.130035,7.680000,21.023988

-1.970355,2.168824,4.117697,15.703527,-0.078151,-0.398615,-0.459916,7.676000,21.023988

3.581300,2.087393,12.653547,15.715292,-0.584696,-0.421797,-0.390902,7.672000,21.023988

2.029327,-1.950610,10.862072,15.724117,0.402814,0.231302,-0.091398,7.672000,21.023988

-3.685189,4.465648,8.337722,15.730000,-0.179940,-0.030364,0.053558,7.672000,21.023988

-0.753685,-0.463302,16.176620,15.735882,0.113436,-0.014909,0.115110,7.676000,21.023988

0.309703,9.454473,2.750141,15.735882,0.336465,-0.164927,0.329080,7.672000,21.023988

-0.248336,-2.791261,9.906460,15.721176,-0.601217,-0.171323,0.435931,7.672000,21.023988

-1.735643,9.032950,12.598461,15.730000,0.297295,0.399707,0.598473,7.672000,21.323694

-3.982172,-0.666879,8.974797,15.762352,0.229880,-0.603791,0.226225,7.676000,21.323694

-3.577413,5.373360,11.036909,15.771175,-0.159156,-0.401280,0.060486,7.672000,21.323694

-1.788334,-2.422428,4.697292,15.779999,0.345791,0.124717,0.174798,7.680000,21.323694

-9.826020,6.031991,12.926579,15.785881,-0.555119,-0.009580,0.060752,7.680000,21.323694

5.581141,2.676568,7.667116,15.779999,0.333534,-0.745816,0.125236,7.680000,21.323694

0.520465,1.031190,10.838122,15.768234,0.182449,-0.282171,0.456982,7.676000,21.323694

-2.655331,1.560489,12.581697,15.771175,-0.070424,-0.263519,0.504412,7.676000,21.323694

-2.408644,3.138807,12.210468,15.768234,0.038027,-0.127090,0.529460,7.676000,21.323694

0.680931,-0.391452,7.846742,15.771175,0.327671,-0.355182,0.514538,7.680000,21.323694

-3.536698,-0.702804,11.367421,15.753529,-0.325961,0.010938,0.305098,7.676000,21.323694

0.458195,3.186707,8.529324,15.771175,0.234942,0.039183,0.267261,7.672000,21.323694

1.147960,-0.036989,8.680209,15.768234,-0.024858,-0.144143,0.145221,7.672000,21.323694

-0.887806,5.720638,10.122011,15.756470,0.356716,0.062631,-0.013058,7.668000,21.323694

2.929855,4.858431,7.501860,15.759411,0.466498,-0.038091,0.075141,7.676000,21.323694

2.455641,-4.424664,7.604846,15.759411,-0.346212,-0.325338,0.136694,7.668000,21.323694

-0.432753,4.511153,7.734177,15.768234,-0.122117,0.154561,0.071411,7.668000,21.323694

-2.133217,2.362821,4.225473,15.756470,0.973843,0.239296,-0.217435,7.668000,21.323694

1.464103,-8.062699,5.674459,15.779999,-0.656907,-0.467362,-0.539588,7.680000,21.323694

-0.641119,8.053388,12.361355,15.768234,-0.569774,0.506824,-0.284317,7.672000,21.323694

3.157382,9.394598,9.511281,15.785881,0.413472,0.332025,-0.307233,7.676000,21.323694

0.676141,-4.822238,13.187636,15.774117,-0.125048,0.024261,-0.302703,7.676000,21.323694

-1.682953,8.180324,10.694421,15.785881,-0.166084,0.228904,-0.323220,7.672000,21.323694

6.548729,4.640484,3.348896,15.777058,0.267717,-0.084456,-0.360259,7.668000,21.041543

-2.717601,-5.365907,11.530283,15.777058,0.140881,-0.143344,-0.181729,7.672000,21.041543

-2.949918,-1.162648,7.698251,15.785881,-0.239094,0.123385,-0.098859,7.672000,21.041543

1.650914,-0.858481,9.971126,15.803528,-0.415226,-0.148140,0.048228,7.664000,21.041543

-0.595614,4.436908,8.265871,15.812351,0.349521,0.441808,0.340538,7.664000,21.041543

-2.894833,0.542606,4.615861,15.809410,0.627975,0.111394,0.234219,7.664000,21.041543

-3.713929,-3.809145,8.534113,15.815292,-0.901520,-0.232609,0.114311,7.660000,21.041543

-0.655490,10.960941,7.973679,15.812351,0.324740,0.521213,0.203842,7.664000,21.041543

-0.516578,-5.672470,10.471684,15.829998,-0.119719,-0.047684,0.126302,7.652000,21.041543

-2.633776,4.750655,12.337404,15.818233,0.000988,0.166285,0.157212,7.660000,21.041543

-3.349886,5.150623,8.174860,15.818233,-0.093606,0.160423,0.142023,7.668000,21.041543

-2.576295,3.610626,5.655300,15.847647,0.295163,0.026659,0.071677,7.668000,21.041543

-4.753368,0.458780,8.512558,15.853529,-0.466387,0.090610,0.074075,7.672000,21.041543

-5.914952,2.216724,11.252460,15.853529,-0.440540,0.003210,0.169202,7.676000,21.041543

-0.483048,8.043807,13.637900,15.838821,0.118232,0.021063,0.224893,7.676000,21.041543

1.787430,1.150941,10.258528,15.847647,0.318612,-0.452973,0.157744,7.676000,21.041543

-2.703231,-5.068925,13.281042,15.838821,-0.065361,-0.236872,0.267527,7.676000,21.041543

0.946778,6.391243,9.403505,15.832939,-0.179407,-0.056211,0.262464,7.672000,21.041543

1.557508,3.040611,4.951164,15.847647,0.316480,-0.177718,0.183058,7.656000,21.041543

-3.210975,-9.454206,8.143725,15.853529,0.017776,-0.330401,0.178262,7.664000,21.041543

-3.397787,-3.059504,2.345383,15.853529,0.110238,-0.243267,0.021582,7.672000,21.041543

-2.645751,1.481453,12.346985,15.856470,-0.305710,-0.284036,0.026112,7.668000,21.041543

2.862794,2.796319,12.430810,15.844706,0.459837,-0.225148,-0.048231,7.668000,21.041543

1.373092,-5.919157,5.825346,15.868235,-0.052038,-0.426594,-0.009860,7.664000,21.041543

-2.863698,8.379109,9.638218,15.859411,-0.153027,0.479912,0.244611,7.672000,21.041543

4.472247,5.418866,7.583290,15.879999,0.199237,0.003477,0.199313,7.668000,20.346179

-1.884135,3.787857,5.712780,15.862352,0.148875,-0.087920,0.083135,7.664000,20.346179

0.762362,-4.266593,15.424584,15.853529,-0.360601,0.175878,-0.030112,7.672000,20.346179

2.719093,10.084364,12.066768,15.874117,0.032697,0.380255,-0.076210,7.680000,20.346179

-1.627867,4.008199,5.145160,15.868235,0.575482,-0.141479,-0.223830,7.684000,20.346179

0.108522,-3.191230,11.757810,15.862352,-0.542861,0.030123,-0.139894,7.680000,20.346179

-0.480653,5.203314,13.213982,15.874117,-0.238295,0.680824,-0.145756,7.672000,20.346179

1.088085,1.402418,12.375725,15.871176,-0.181805,0.305912,-0.049563,7.680000,20.346179

-0.923732,-1.356645,10.308823,15.877058,-0.518613,0.321100,-0.131367,7.676000,20.346179

-4.547396,3.495665,9.029882,15.891764,0.134753,0.478579,-0.255539,7.672000,20.346179

2.165843,1.610784,6.251659,15.879999,-0.188200,-0.035160,-0.425808,7.680000,20.346179

4.510568,1.184471,7.681486,15.879999,0.035895,-0.054346,-0.292844,7.668000,20.346179

-0.806376,2.415511,6.563012,15.909410,0.445181,0.370662,-0.197450,7.672000,20.346179

-0.686625,-5.262921,7.504255,15.885881,-0.224705,0.075688,-0.177465,7.672000,20.346179

-4.698283,6.556500,9.736413,15.912352,0.030033,0.543330,-0.213171,7.660000,20.346179

-1.048273,-4.927619,13.692986,15.891764,-0.044577,0.029590,-0.394366,7.664000,20.346179

-0.451913,5.684713,9.590317,15.906469,-0.114390,0.194264,-0.353064,7.668000,20.346179

-0.073500,0.636012,5.037385,15.912352,-0.047241,0.192132,-0.375713,7.672000,20.346179

-9.320671,-4.501305,11.604528,15.912352,-0.671296,0.100469,-0.544917,7.668000,20.346179

-1.338070,13.138014,14.516872,15.947645,-0.246822,0.435945,-0.292311,7.672000,20.346179

7.868385,2.401141,3.983576,15.935881,0.611720,-0.289099,-0.567833,7.680000,20.346179

-12.376716,-0.475278,11.283596,15.938822,-0.014466,0.124184,-0.345603,7.676000,20.346179

-2.834957,-2.058385,9.602292,15.932940,-0.310240,-0.532646,-0.229426,7.672000,20.346179

-1.512907,3.883658,10.854887,15.947645,-0.094405,0.120454,-0.062886,7.676000,20.346179

-1.860184,2.477782,6.996511,15.956469,0.174988,0.122852,-0.071413,7.680000,21.121011

1.420992,-1.770983,16.183805,15.944704,-0.283061,-0.349852,-0.207842,7.672000,21.121011

-1.244664,3.213053,12.569721,15.959410,0.079328,0.018399,-0.221165,7.680000,21.121011

2.745438,9.186232,8.194020,15.956469,0.923748,-0.098045,-0.342406,7.680000,21.121011

-2.224227,10.546602,9.513677,15.974117,0.345258,0.304846,-0.359459,7.672000,21.121011

4.374052,-6.893929,4.594306,15.991764,0.303423,-0.480952,-0.715187,7.676000,21.121011

-4.834799,0.437225,14.291740,15.977058,-0.536733,-0.478287,-0.637912,7.676000,21.121011

4.299806,8.410245,6.309140,15.994705,0.940802,0.417826,-0.292044,7.676000,21.121011

-4.470756,2.688543,3.111789,15.988823,-0.608944,-0.686128,-0.284317,7.656000,21.121011

3.008890,-1.330299,17.323835,15.997646,-0.251085,-0.041289,0.211037,7.648000,21.121011

3.368143,-1.287189,10.950688,16.009411,1.172890,0.427685,-0.093530,7.668000,21.121011

-10.920544,8.884459,12.105087,16.018234,-0.597753,-0.448710,-0.095928,7.664000,21.121011

7.698339,16.632347,5.245751,16.029999,0.493678,-0.152137,-0.086069,7.664000,21.121011

0.424664,-3.619938,4.340434,16.027058,-0.290522,-0.346388,0.118841,7.652000,21.121011

-4.935390,-0.875246,12.584091,16.038822,-0.601750,-0.144676,-0.003199,7.664000,21.121011

1.940712,4.702755,15.980229,16.032940,0.000455,0.029057,-0.103389,7.664000,21.121011

1.959872,3.862103,5.858876,16.050587,0.143812,0.139106,-0.045566,7.660000,21.121011

-0.942892,-0.834530,3.035148,16.041763,-0.354206,-0.114566,-0.053560,7.656000,21.121011

0.259408,-5.861676,18.439915,16.038822,-0.866080,-0.152670,-0.183594,7.656000,21.121011

-1.179999,7.624679,15.276093,16.038822,0.636235,0.521746,-0.089266,7.664000,21.121011

2.014957,-1.205759,7.796447,16.047646,-0.389113,-0.474290,-0.186525,7.660000,21.121011

-2.008676,8.185113,15.223403,16.056469,0.335399,0.314438,0.116709,7.668000,21.121011

-1.443451,2.863380,11.379396,16.059410,0.564823,0.043713,0.149218,7.676000,21.121011

-4.921019,-0.396242,7.250382,16.056469,-0.131976,-0.250995,0.243012,7.652000,21.121011

-3.201395,1.886212,9.894485,16.068233,-0.072289,-0.169990,0.442859,7.652000,20.325629

3.308268,0.885094,11.652429,16.085880,0.051350,-0.173721,0.652299,7.656000,20.325629

1.509608,5.064403,7.949728,16.088821,-0.052038,0.148699,0.816973,7.644000,20.325629

-1.752409,4.223751,7.870693,16.079998,0.141148,-0.004251,0.782333,7.648000,20.325629

-8.903937,0.413275,4.821833,16.091763,0.115034,0.222509,0.656562,7.648000,20.325629

-2.736762,-1.129118,8.943662,16.094706,-0.185802,-0.160131,0.354660,7.652000,20.325629

-0.909362,-0.544733,13.051121,16.085880,-0.168748,0.062365,0.166271,7.660000,20.325629

2.309545,12.335682,10.363909,16.094706,0.199237,0.370662,-0.064485,7.668000,20.325629

-8.087235,-0.894406,8.850256,16.103529,0.232811,-0.107105,-0.476703,7.664000,20.325629

-2.933153,-0.777050,15.192267,16.106470,0.053215,-0.136682,-0.537190,7.672000,20.325629

0.096547,-3.986376,4.287744,16.088821,-0.332356,-0.293895,-0.358926,7.672000,20.325629

-1.532067,-1.392570,13.046330,16.097647,-0.594555,0.137507,-0.054893,7.668000,20.325629

-2.372719,2.077813,13.103810,16.106470,0.221886,0.192665,-0.123640,7.660000,20.325629

-3.148705,2.987921,6.934240,16.103529,0.032165,-0.272845,-0.401560,7.656000,20.325629

-1.790729,-1.541061,9.698093,16.132940,0.329004,-0.235806,-0.508412,7.664000,20.325629

-0.219596,-5.540744,8.524533,16.127058,0.118232,-0.501470,-0.449524,7.656000,20.325629

-2.236202,4.604559,15.074912,16.121176,-0.100534,-0.218220,-0.416482,7.660000,20.325629

2.419716,2.329290,3.825505,16.144705,0.757475,-0.364241,-0.258203,7.656000,20.325629

-1.728458,1.232371,11.113549,16.132940,-0.152494,-0.544903,0.034372,7.656000,20.325629

-0.265101,9.164677,4.920029,16.147646,0.402547,-0.217154,0.281916,7.656000,20.325629

2.290385,0.307894,6.321115,16.147646,0.726566,-0.241136,0.406887,7.660000,20.325629

-0.734525,2.556817,11.355447,16.147646,-0.156491,-0.252860,0.494553,7.664000,20.325629

-0.732130,11.509400,6.213339,16.150587,0.817429,-0.237405,0.555839,7.672000,20.325629

-2.499655,-3.452287,4.735612,16.141764,-0.694212,-0.493209,0.596075,7.660000,20.325629

1.488053,2.350845,17.352575,16.153528,0.044155,0.153495,0.614994,7.664000,20.325629

5.796693,4.664434,10.222602,16.147646,0.516593,0.014402,0.470038,7.676000,20.110444

-1.074618,2.875355,3.075863,16.156469,-0.042179,-0.155335,0.473769,7.668000,20.110444

-0.732130,2.647828,11.815290,16.144705,-0.064828,0.058368,0.602737,7.660000,20.110444

-0.212411,3.304063,15.589841,16.138823,-0.048840,0.194797,0.469239,7.668000,20.110444

1.593434,3.996224,7.121051,16.165293,0.397218,-0.075929,0.415414,7.672000,20.110444

3.047211,-0.463302,7.389294,16.188822,0.269050,0.049841,0.634712,7.660000,20.110444

-0.629144,3.464530,8.694579,16.185881,-0.068025,0.194530,0.577423,7.668000,20.110444

0.726437,3.704032,10.569880,16.174116,0.872587,-0.053280,0.495885,7.668000,20.110444

-3.263666,-5.253341,7.568920,16.185881,0.081460,-0.079659,0.514005,7.656000,20.110444

-2.676886,3.189102,12.155383,16.188822,-0.389646,0.290990,0.523597,7.660000,20.110444

2.661613,0.190538,8.862231,16.174116,0.047353,0.473783,0.725843,7.648000,20.110444

-3.316356,-0.101654,9.609477,16.171175,0.462501,0.608880,0.848149,7.652000,20.110444

1.555114,-0.108840,4.235053,16.179998,0.287702,-0.063405,0.207839,7.652000,20.110444

-1.412316,2.362821,13.233142,16.177057,-0.819450,0.421023,0.067414,7.648000,20.110444

4.580023,2.276600,13.060700,16.171175,0.187246,0.530273,0.246743,7.652000,20.110444

-4.288734,3.627391,6.584567,16.168234,-0.423220,0.263544,-0.515340,7.656000,20.110444

1.873651,-1.172228,13.230747,16.179998,0.477690,0.340019,-0.253407,7.664000,20.110444

-6.484967,9.248502,3.547682,16.203527,-0.149030,0.615808,-0.458317,7.660000,20.110444

0.343234,3.311248,12.706238,16.177057,0.185380,0.138040,-0.482032,7.668000,20.110444

-1.220714,-3.773220,10.502819,16.191763,-0.244157,-0.148140,-0.093530,7.664000,20.110444

-4.818034,6.578055,9.403505,16.194704,0.163797,0.601152,-0.112715,7.660000,20.110444

4.285436,-3.401991,8.998747,16.177057,-0.119186,-0.449243,-0.185459,7.656000,20.110444

0.393529,2.631063,12.699053,16.182940,-0.005673,0.314172,0.030375,7.656000,20.110444

1.131195,0.818033,9.786709,16.185881,-0.364065,0.182540,-0.275790,7.656000,20.110444

-4.087553,3.457345,16.279606,16.182940,-0.367796,0.261679,-0.498020,7.644000,20.110444

-0.899782,8.563526,8.649075,16.206469,0.595200,0.588895,-0.897447,7.656000,19.907158

2.508331,-2.180532,6.761798,16.200586,-0.269205,-0.187044,-1.280087,7.656000,19.907158

1.955082,6.257123,10.696816,16.197645,-0.332090,-0.110303,-1.179631,7.648000,19.907158

3.466339,-1.375805,9.149633,16.221176,0.413739,0.157492,-1.133533,7.640000,19.907158

-0.303422,3.203472,7.547365,16.206469,-0.204188,0.057302,-1.279554,7.648000,19.907158

-0.178881,0.219278,11.949411,16.227058,0.031365,-0.008248,-1.126605,7.640000,19.907158

-0.224386,7.631864,11.863191,16.227058,0.031632,0.065030,-0.767413,7.648000,19.907158

-1.201554,2.264625,9.149633,16.209410,0.263987,-0.034627,-0.791661,7.648000,19.907158

0.175582,3.677686,9.144843,16.212351,-0.211649,-0.334398,-0.766880,7.656000,19.907158

-0.344137,6.367293,8.019184,16.224117,0.333267,0.039183,-0.485230,7.656000,19.907158

-0.638724,9.722715,9.458591,16.232941,0.852869,0.040782,-0.406890,7.652000,19.907158

0.930013,-3.536113,8.598779,16.227058,-0.048307,-0.615249,-0.360525,7.652000,19.907158

-4.334239,4.520733,11.305151,16.241764,-0.095205,-0.134284,-0.175067,7.648000,19.907158

-1.510512,2.523287,10.823752,16.247646,0.287436,-0.069267,-0.320822,7.652000,19.907158

-3.704349,-2.293097,9.465776,16.250587,0.286903,-0.191041,-0.210507,7.648000,19.907158

-1.261430,-2.728991,8.883786,16.256470,-0.195927,-0.149739,-0.037040,7.640000,19.907158

-1.761989,3.337594,8.308981,16.230000,-0.207119,-0.203831,-0.051429,7.648000,19.907158

0.134867,4.039334,9.084968,16.244705,0.373503,-0.109503,0.155613,7.644000,19.907158

-1.934430,-4.168397,8.871811,16.238823,-0.085612,-0.213157,0.231555,7.644000,19.907158

-5.069510,5.533827,10.912368,16.241764,-0.000344,0.038916,0.342137,7.644000,19.907158

2.505936,4.961417,15.237773,16.230000,0.087855,-0.318676,0.531325,7.640000,19.907158

0.783917,2.065838,10.117222,16.224117,0.565889,-0.227546,0.390633,7.640000,19.907158

-3.678004,-2.824792,11.923066,16.221176,0.050550,0.033587,0.513205,7.636000,19.907158

-3.821705,6.910963,7.767707,16.221176,0.030299,0.261679,0.334676,7.644000,19.907158

-0.540529,-2.544574,6.955795,16.227058,-0.029655,-0.241935,0.411417,7.636000,19.907158

-4.470756,4.901542,13.237932,16.212351,-0.006739,-0.035160,0.516137,7.620000,18.874785

-1.596732,-0.518388,10.327983,16.209410,0.794780,-0.031163,0.552109,7.632000,18.874785

-2.621801,1.948482,4.445815,16.188822,-0.431480,-0.480153,0.671218,7.624000,18.874785

-3.210975,4.226146,6.397756,16.203527,0.179518,0.004276,0.742630,7.620000,18.874785

0.113312,-1.131513,16.111956,16.174116,-0.190865,-0.051148,0.962728,7.628000,18.874785

0.812657,-1.955400,9.822634,16.171175,-0.327826,0.054904,0.863071,7.632000,18.874785

-1.340465,7.260636,9.334050,16.177057,-0.298782,-0.071932,0.511340,7.624000,18.874785

1.607804,3.366334,7.027646,16.179998,0.153139,0.102601,0.651233,7.624000,18.874785

3.116666,1.143756,11.242881,16.177057,0.238140,-0.070333,0.500415,7.628000,18.874785

0.156422,-5.068925,14.162410,16.174116,0.091319,-0.265917,0.362921,7.620000,18.874785

-0.700995,3.953113,11.468013,16.177057,-0.111192,0.056236,0.675748,7.628000,18.874785

1.270106,6.891803,2.261557,16.171175,0.020174,0.103400,0.748225,7.612000,18.874785

-5.907767,-5.059345,10.167517,16.179998,-0.223639,0.081550,0.719181,7.600000,18.874785

0.968334,1.809571,12.423625,16.153528,-0.025391,-0.077528,0.582219,7.596000,18.874785

1.794616,0.923414,9.645403,16.156469,0.199503,0.029324,0.526529,7.588000,18.874785

-1.067433,7.160045,10.026211,16.144705,0.257059,0.019465,0.409818,7.596000,18.874785

0.920433,1.402418,6.280400,16.138823,0.207763,-0.113500,0.513205,7.608000,18.874785

-0.753685,-1.030922,9.240644,16.144705,-0.207918,0.103400,0.383971,7.596000,18.874785

0.240248,-0.925541,13.146921,16.150587,-0.426417,0.268873,0.637643,7.600000,18.874785

1.246156,7.670184,12.066768,16.144705,0.223485,0.282729,0.612329,7.596000,18.874785

0.508490,-0.001064,9.916039,16.138823,0.324740,0.428484,0.361855,7.604000,18.874785

-3.785780,2.468201,8.402388,16.147646,-0.150895,0.078886,0.082869,7.596000,18.874785

3.535795,-0.683644,8.811935,16.150587,-0.059499,-0.046618,-0.041303,7.588000,18.874785

1.337167,3.284903,13.582814,16.127058,-0.147698,0.348812,-0.187324,7.580000,18.874785

1.159935,3.107671,9.860954,16.121176,-0.032586,0.290723,-0.235021,7.576000,18.874785

1.765875,7.763590,13.628320,16.147646,0.158734,0.375991,-0.373315,7.592000,18.874785

0.221088,-1.069242,1.830453,16.135881,0.197904,-0.079127,-0.462580,7.576000,18.874785

-2.257758,-0.920751,13.015195,16.127058,-0.498629,0.289658,-0.398363,7.568000,18.874785

3.138221,2.894515,10.466894,16.127058,-0.088809,0.139373,-0.269928,7.576000,18.874785

1.215021,4.777000,11.156660,16.144705,-0.131710,0.200126,-0.316292,7.576000,18.874785

1.456918,2.805899,6.311535,16.103529,0.171258,-0.037558,-0.260868,7.572000,18.874785

-0.435148,-0.915961,9.693303,16.115294,0.007117,0.193198,-0.221165,7.576000,18.874785

0.300123,1.706585,7.259963,16.124117,-0.085612,0.143903,-0.164942,7.560000,16.069471

-1.852999,-1.912289,8.172465,16.106470,-0.215646,0.061566,0.001864,7.556000,16.069471

-1.385971,1.368887,11.106364,16.112352,-0.319566,0.085014,0.037836,7.552000,16.069471

-1.275800,0.631221,9.458591,16.112352,0.154204,0.067694,-0.086335,7.548000,16.069471

-2.983449,2.015543,8.905341,16.106470,0.140348,-0.067136,-0.071413,7.544000,16.069471

0.381554,-0.427377,7.221642,16.121176,-0.032852,-0.213157,0.002397,7.532000,16.069471

-1.500932,-2.003300,10.327983,16.100588,-0.243624,0.017866,0.017852,7.544000,16.069471

-0.198041,3.349569,11.587764,16.103529,-0.133042,0.005342,-0.039971,7.532000,16.069471

2.944225,1.529354,10.845307,16.100588,0.333534,-0.036493,-0.096994,7.520000,16.069471

0.340838,0.379744,10.258528,16.100588,0.054547,-0.016241,-0.125239,7.528000,16.069471

0.745597,1.814361,9.944780,16.071175,-0.046442,0.013069,-0.032510,7.516000,16.069471

-1.230294,7.258241,8.258686,16.097647,0.178452,0.084481,0.005861,7.496000,16.069471

-1.603917,-3.253500,9.908854,16.103529,0.243203,-0.021571,0.043699,7.504000,16.069471

0.290543,-1.191388,9.635822,16.109411,0.124361,-0.119629,0.025046,7.484000,16.069471

-1.227899,1.697005,8.922107,16.082939,0.012713,-0.041289,0.134829,7.512000,16.069471

0.166002,2.082603,10.210628,16.088821,-0.440273,-0.087653,0.133496,7.496000,16.069471

0.048646,2.037098,11.221325,16.094706,0.165129,0.063697,0.263264,7.484000,16.069471

-0.717760,3.234608,9.992681,16.079998,0.244802,0.078886,0.213702,7.488000,16.069471

-0.744105,-0.494438,9.587922,16.088821,0.035629,0.038650,0.243279,7.488000,16.069471

0.630636,2.587952,9.458591,16.079998,-0.217244,-0.018640,0.217699,7.460000,16.069471

0.125287,1.720955,12.517031,16.088821,-0.107995,0.124717,0.166005,7.452000,16.069471

1.262921,2.290970,8.603569,16.091763,0.143546,0.088478,0.114311,7.452000,16.069471

-1.139284,2.401141,9.456196,16.088821,0.062541,0.128981,0.009858,7.448000,16.069471

-0.035179,1.057535,8.852651,16.085880,0.152872,0.092742,-0.093796,7.452000,16.069471

0.280963,-1.320719,11.053674,16.088821,0.065472,-0.023436,-0.165208,7.432000,16.069471

0.640216,6.316998,9.698093,16.068233,0.201635,0.058102,-0.105520,7.452000,16.069471

0.958754,-0.221405,7.355763,16.103529,-0.248154,0.018399,-0.171603,7.448000,16.069471

-2.245783,-0.298046,9.961545,16.079998,-0.205520,0.061566,-0.298972,7.412000,16.069471

-1.534462,4.250096,9.690907,16.074116,-0.033918,0.179342,-0.185726,7.384000,16.069471

2.668797,-1.689553,8.828701,16.079998,0.040158,-0.026101,-0.250210,7.336000,16.069471

0.565970,0.010911,10.967453,16.079998,-0.295318,0.036518,-0.210507,7.260000,16.069471

-0.257916,0.470755,9.798684,16.106470,-0.018730,0.050108,-0.247545,7.228000,16.069471

-1.999095,2.187984,10.850098,16.100588,0.007650,0.140705,-0.240883,7.228000,16.069471

-1.761989,0.911439,7.650351,16.085880,0.006318,-0.018640,-0.164675,7.184000,16.069471

-0.487838,-1.850019,8.579618,16.079998,-0.090941,-0.035160,-0.111116,7.192000,16.069471

-0.353717,1.536539,9.968730,16.077057,-0.119186,0.019731,-0.029845,7.076000,16.069471

-1.158444,0.734207,10.306428,16.077057,0.023105,0.041581,0.067147,6.928000,16.069471

-0.780031,-0.968652,11.398557,16.079998,-0.024592,-0.030630,0.137227,6.772000,16.069471

-0.348927,-2.779286,8.579618,16.100588,-0.073621,0.027725,0.096192,6.616000,16.069471

-1.670978,0.535421,10.050160,16.088821,-0.028589,0.000546,0.046896,6.472000,16.069471

0.601896,-2.190112,10.129196,16.091763,-0.141303,-0.063139,-0.026115,6.324000,16.069471

0.142052,-2.032040,9.944780,16.077057,-0.006739,0.010138,-0.049297,6.184000,16.069471

0.242643,-0.640534,10.038186,16.077057,-0.001143,0.003477,0.005328,6.044000,16.069471

-0.768055,-0.726755,9.985496,16.085880,-0.039514,0.006408,0.076740,5.876000,16.069471

-0.703390,0.118687,9.963940,16.082939,0.079861,0.014402,-0.008262,5.664000,16.069471

-0.547714,0.731812,10.363909,16.085880,0.048152,0.006674,-0.015723,5.480000,16.069471

-0.705785,-1.330299,10.210628,16.091763,0.036961,-0.018107,-0.004265,5.344000,16.069471

-0.861461,-1.090798,9.963940,16.082939,0.025769,-0.016774,-0.027713,5.216000,16.069471

-0.521369,-0.681249,9.678933,16.088821,0.031099,-0.019439,-0.108185,5.084000,16.069471

-1.072223,1.498219,10.569880,16.088821,0.116633,-0.015176,-0.130568,4.952000,16.069471

-1.170419,2.892120,9.813054,16.082939,0.071068,-0.077261,-0.209174,4.820000,16.069471

-0.411198,2.477782,8.663445,16.094706,0.069736,-0.105773,-0.261934,4.688000,16.069471

0.225878,3.519615,9.003537,16.091763,0.059344,-0.030630,-0.336810,4.564000,16.069471

-0.286657,3.538775,8.893367,16.094706,-0.008871,0.026393,-0.205710,4.408000,16.069471

-1.393156,2.781949,9.013118,16.082939,0.006851,0.074356,-0.054360,4.280000,16.069471

-1.333280,2.362821,9.223879,16.097647,0.019641,0.006141,0.076473,4.164000,16.069471

-1.388366,2.020333,9.391530,16.091763,0.012446,0.026393,0.161741,4.032000,16.069471

-0.904572,2.492151,9.544811,16.079998,0.016976,-0.006649,0.200911,3.912000,16.069471

-0.808771,2.765184,9.120893,16.082939,0.010848,0.007740,0.220896,3.796000,16.069471

-0.811166,2.892120,9.197534,16.097647,0.006584,-0.000520,0.212636,3.676000,16.069471

-0.799191,2.465806,9.305309,16.094706,-0.013933,0.001079,0.142823,3.568000,16.069471

-0.722550,2.087393,9.408296,16.094706,-0.015799,-0.001852,0.047163,3.456000,16.069471

-0.485443,1.982013,9.422666,16.118235,-0.009137,0.008806,-0.034908,3.356000,16.069471

-0.851881,2.116133,9.420271,16.115294,-0.007538,0.015734,-0.102323,3.264000,16.069471

-1.132098,2.278995,9.372371,16.115294,-0.003275,0.006408,-0.090865,3.212000,16.069471

-0.775241,2.453831,9.441826,16.132940,-0.007538,0.009073,-0.049030,3.160000,16.069471

-1.254244,2.192774,9.329260,16.121176,-0.001410,0.003743,0.015986,3.116000,16.069471

-1.227899,2.106554,9.262199,16.129999,-0.003808,-0.011978,0.067947,3.064000,16.069471

-1.179999,2.065838,9.551997,16.118235,0.002587,-0.031163,0.045564,3.020000,16.069471

-0.724945,2.187984,9.324470,16.121176,-0.004074,-0.034627,0.010657,2.976000,16.069471

-0.741710,2.305340,9.231064,16.144705,-0.007005,-0.023969,-0.010393,2.928000,16.069471

-0.641119,2.358031,9.384345,16.127058,-0.005140,-0.023436,-0.040504,2.884000,16.069471

-0.971632,2.271810,9.530441,16.138823,-0.005140,-0.022637,-0.085802,2.844000,16.069471

-0.679440,2.221514,9.295730,16.138823,-0.008604,-0.029298,-0.101790,2.768000,16.069471

-0.387247,2.290970,9.444221,16.135881,-0.008338,-0.023436,-0.043968,2.720000,16.069471

-1.036298,1.979617,9.659773,16.150587,-0.004074,-0.001053,-0.038905,2.680000,16.069471

-1.385971,2.032308,9.259805,16.162352,-0.000344,-0.021837,-0.038105,2.636000,16.069471

-0.964447,2.276600,9.460986,16.168234,0.001788,-0.036493,-0.017588,2.600000,16.069471

-0.653095,2.401141,9.429851,16.159410,0.000189,-0.032229,-0.006396,2.560000,16.069471

-0.746500,2.250255,9.266990,16.174116,-0.002476,-0.031696,0.014654,2.512000,16.069471

-0.660280,2.192774,9.523256,16.165293,-0.001143,-0.028232,0.014921,2.476000,16.069471

-0.540529,2.199959,9.451406,16.171175,-0.003275,-0.025568,0.017852,2.432000,16.069471

-0.466283,2.113739,9.377160,16.194704,-0.001143,-0.015176,0.033839,2.392000,16.069471

-0.914152,2.029913,9.336445,16.185881,0.005518,-0.008248,0.014121,2.332000,16.069471

-0.830326,2.295760,9.492122,16.212351,0.003920,-0.025301,0.000265,2.296000,16.069471

-0.638724,2.410721,9.511281,16.197645,-0.000877,-0.005583,-0.013591,2.252000,16.069471

-0.794401,2.322105,9.324470,16.209410,-0.003275,-0.015975,-0.021585,2.216000,16.069471

-1.103358,2.101763,9.381950,16.221176,0.000189,-0.018640,-0.033842,2.180000,16.069471

-0.990792,2.168824,9.599897,16.218235,0.001255,-0.029831,-0.034908,2.140000,16.069471

-0.650700,2.355635,9.341235,16.221176,0.000988,-0.036759,-0.002666,2.108000,16.069471

-0.511788,2.348450,9.300520,16.221176,0.003120,-0.027966,0.036504,2.072000,16.069471

-0.590824,2.312525,9.362790,16.206469,0.000455,-0.022104,0.037836,2.036000,16.069471

-0.562084,2.120924,9.480146,16.227058,-0.005140,-0.016774,0.001864,2.004000,16.069471

-0.277076,2.171219,9.417875,16.230000,-0.004074,-0.015442,-0.028513,1.960000,16.069471

-0.365692,2.288575,9.346025,16.232941,0.000988,-0.003451,-0.014124,1.924000,16.069471

-0.844696,2.247860,9.432246,16.224117,-0.005407,0.000812,-0.000268,1.892000,16.069471

-0.631539,2.307735,9.523256,16.244705,-0.000877,-0.002652,0.001864,1.856000,16.069471

-0.677045,2.295760,9.427456,16.235882,-0.004074,0.004276,0.015453,1.828000,16.069471

-0.720155,2.372401,9.415481,16.244705,-0.012068,-0.003984,0.024247,1.796000,16.069471

-0.387247,2.324500,9.554392,16.256470,0.009515,-0.001053,0.009058,1.764000,16.069471

-0.459098,2.022728,9.360395,16.241764,0.002054,0.012004,-0.003732,1.732000,16.069471

-0.751290,2.231094,9.319680,16.247646,-0.008871,0.010405,-0.011459,1.700000,16.069471

-0.971632,2.360425,9.362790,16.250587,-0.005673,0.014135,-0.038638,1.672000,16.069471

-0.909362,2.173614,9.326865,16.247646,-0.009937,0.007207,-0.049030,1.632000,16.069471

-1.041088,1.962852,9.477751,16.256470,-0.011269,0.002944,-0.036507,1.604000,16.069471

-0.753685,2.247860,9.422666,16.268234,-0.003275,-0.008248,-0.035174,1.580000,16.069471

-0.880621,2.262230,9.504096,16.256470,0.006584,-0.003984,-0.019720,1.548000,16.069471

-0.923732,2.199959,9.463381,16.253529,0.002854,-0.010912,-0.001334,1.520000,16.069471

-0.609984,2.274205,9.300520,16.268234,0.002321,-0.016241,0.014121,1.492000,16.069471

-0.808771,2.099368,9.597502,16.268234,-0.000077,-0.002652,0.005861,1.464000,16.069471

-0.782426,2.415511,9.346025,16.265293,0.000722,-0.014110,0.008792,1.436000,16.069471

-0.332162,2.444251,9.422666,16.282940,-0.000610,-0.018107,0.035971,1.412000,16.069471

-0.456703,2.264625,9.377160,16.294704,-0.002742,0.000546,0.040235,1.388000,16.069471

-0.844696,2.156849,9.422666,16.285881,-0.001143,0.006941,0.015453,1.356000,16.069471

-0.801586,2.183194,9.278965,16.277058,-0.003541,-0.005316,-0.008795,1.332000,16.069471

-0.873436,2.192774,9.413086,16.277058,-0.001676,-0.007448,-0.007462,1.308000,16.069471

-0.777636,2.183194,9.441826,16.277058,-0.002476,-0.006116,-0.019720,1.280000,16.069471

-0.921337,2.223909,9.540022,16.294704,0.001521,-0.012777,-0.036240,1.260000,16.069471

-0.478258,2.429881,9.257409,16.294704,-0.005673,-0.015442,-0.017321,1.240000,16.069471

-0.583639,2.310130,9.506492,16.297646,0.000189,-0.000254,0.010657,1.220000,16.069471

-0.918942,2.295760,9.432246,16.306469,-0.004341,-0.014110,-0.025315,1.188000,16.069471

-0.538134,2.271810,9.465776,16.294704,-0.001943,-0.008248,-0.026115,1.168000,16.069471

-0.576454,2.429881,9.329260,16.312351,0.001521,-0.007182,-0.009328,1.152000,16.069471

-0.485443,2.386771,9.255014,16.315292,-0.004874,-0.000787,0.007193,1.140000,16.069471

-0.830326,2.082603,9.472961,16.324116,-0.008338,-0.000787,-0.002133,1.124000,16.069471

-0.768055,2.070628,9.470566,16.312351,-0.001943,-0.009846,-0.034641,1.112000,16.069471

-0.770451,2.070628,9.384345,16.318233,-0.005673,-0.002652,-0.037306,1.104000,16.069471

-0.782426,2.192774,9.389135,16.306469,0.000189,-0.005583,-0.021052,1.092000,16.069471

-0.645909,2.199959,9.434641,16.318233,-0.004341,-0.006382,0.006660,1.080000,16.069471

-0.609984,2.164034,9.458591,16.329998,-0.005940,-0.004251,0.026645,1.076000,16.069471

-0.722550,2.061048,9.439431,16.335880,0.003920,-0.002918,0.007193,1.068000,16.069471

-0.883016,2.245465,9.360395,16.324116,0.000722,-0.004784,-0.002932,1.060000,16.069471

-0.516578,2.451436,9.458591,16.344706,-0.000610,-0.008780,0.020783,1.048000,16.069471

-0.490233,2.334080,9.403505,16.332939,-0.003275,0.003743,0.031441,1.044000,16.069471

-0.777636,2.195169,9.408296,16.335880,-0.004341,0.010138,0.007993,1.040000,16.069471

-0.619564,2.161639,9.451406,16.335880,0.001788,0.000013,-0.023983,1.032000,16.069471

-0.344137,2.362821,9.226274,16.350588,-0.000610,0.011204,-0.013058,1.024000,16.069471

-0.727340,2.226305,9.463381,16.338821,-0.002742,0.012004,0.005061,1.020000,16.069471

-0.880621,2.231094,9.401111,16.356470,-0.001943,0.012803,-0.005064,1.016000,16.069471

-0.899782,2.231094,9.420271,16.347647,-0.004341,0.008540,0.001331,1.012000,16.069471

-0.758475,2.472991,9.398716,16.362352,-0.001143,-0.001320,0.010657,1.004000,16.069471

-0.399222,2.506522,9.391530,16.356470,-0.003541,0.006141,0.020516,1.004000,16.069471

